"taxon","F_stat","r2_lure","p_perm","q_value"
"ASV_8",0.867365807828543,0.0271575839373397,0.374,0.982973967684022
"ASV_10",20.7012578762604,0.401058189165924,0.044,0.982973967684022
"ASV_11",0.643455386784893,0.019795429756796,0.218,0.982973967684022
"ASV_15",2.29925191684463,0.0702012295631993,0.182,0.982973967684022
"ASV_16",1.74144771224138,0.0529077069518339,0.081,0.982973967684022
"ASV_19",5.59259034944939,0.153270688334334,0.03,0.982973967684022
"ASV_21",1.67842516949267,0.0518005573707233,0.219,0.982973967684022
"ASV_30",1.06206074964044,0.0335255203470746,0.42,0.982973967684022
"ASV_31",2.46601875802286,0.0718167035719747,0.025,0.982973967684022
"ASV_32",2.77094892902719,0.0813410236752911,0.306,0.982973967684022
"ASV_34",1.0714290104244,0.0335141547281681,0.232,0.982973967684022
"ASV_35",1.66998679041152,0.0506132787389596,0.253,0.982973967684022
"ASV_41",3.5647053006436,0.103855098980792,0.028,0.982973967684022
"ASV_42",0.571515554914035,0.0185327617437307,0.365,0.982973967684022
"ASV_44",1.00736654010047,0.031021975112571,0.445,0.982973967684022
"ASV_50",7.38552962591185,0.193387895566643,0.078,0.982973967684022
"ASV_51",0.614132669955484,0.0191950255196492,0.194,0.982973967684022
"ASV_54",12.7053127594753,0.290878238284457,0.007,0.982973967684022
"ASV_57",6.58859558638009,0.175886830230696,0.082,0.982973967684022
"ASV_65",0.671433835345953,0.0203667984778476,0.213,0.982973967684022
"ASV_68",0.459194580857865,0.0147440216855938,0.41,0.982973967684022
"ASV_71",0.334592711090695,0.0101643813965264,0.191,0.982973967684022
"ASV_73",3.17132971922687,0.0918012402020163,0.142,0.982973967684022
"ASV_74",0.69209363530444,0.0216223386895109,0.412,0.982973967684022
"ASV_76",0.595017237715717,0.019361137224736,0.202,0.982973967684022
"ASV_77",0.789390888182707,0.0247627173883684,0.317,0.982973967684022
"ASV_79",0.976221163841093,0.0315691110293061,0.395,0.982973967684022
"ASV_80",2.0124942980588,0.0616736695491613,0.326,0.982973967684022
"ASV_81",1.06587109153637,0.030376074856319,0.337,0.982973967684022
"ASV_82",0.530864563518463,0.0171306988722792,0.458,0.982973967684022
"ASV_83",0.668336972601848,0.0205469888564299,0.103,0.982973967684022
"ASV_85",1.96325972832791,0.0573889478728024,0.366,0.982973967684022
"ASV_89",3.42083696423351,0.100524508601309,0.123,0.982973967684022
"ASV_90",0.450492415135109,0.0138568374320813,0.28,0.982973967684022
"ASV_92",1.55097831871244,0.0475538452188381,0.207,0.982973967684022
"ASV_94",5.56849594094881,0.151865298242972,0.107,0.982973967684022
"ASV_95",3.46805051423326,0.100480580628404,0.346,0.982973967684022
"ASV_96",0.484711292304613,0.0153390526249865,0.434,0.982973967684022
"ASV_98",1.03339194992605,0.0315754769441846,0.409,0.982973967684022
"ASV_100",0.702319428657091,0.0228445306292004,0.464,0.982973967684022
"ASV_102",2.47834125440884,0.0747290492480687,0.07,0.982973967684022
"ASV_103",1.54146089145331,0.0464480382172269,0.382,0.982973967684022
"ASV_104",0.860802939429325,0.0272088128269924,0.443,0.982973967684022
"ASV_108",0.326903222767336,0.010437228051846,0.431,0.982973967684022
"ASV_109",2.52424759769688,0.0778465404598868,0.229,0.982973967684022
"ASV_113",1.95383944288804,0.0593153880889574,0.287,0.982973967684022
"ASV_118",1.83262303288788,0.0559686169809588,0.476,0.982973967684022
"ASV_125",0.624849480379356,0.0193493098772589,0.081,0.982973967684022
"ASV_127",1.1269229994312,0.0348847745429081,0.471,0.982973967684022
"ASV_131",2.15020172779174,0.0647958183019792,0.341,0.982973967684022
"ASV_133",0.524755199782245,0.0160098141951225,0.066,0.982973967684022
"ASV_135",2.27150688561402,0.0705256563557435,0.32,0.982973967684022
"ASV_136",0.817957045663813,0.0253826064025607,0.359,0.982973967684022
"ASV_138",0.766088469290075,0.0254808402196714,0.357,0.982973967684022
"ASV_139",1.85643539295489,0.0576597273512097,0.076,0.982973967684022
"ASV_143",0.986115862862462,0.0304937672719681,0.466,0.982973967684022
"ASV_144",1.95413632941724,0.0593970937914638,0.235,0.982973967684022
"ASV_146",0.310838112765279,0.00985386542721452,0.351,0.982973967684022
"ASV_148",0.46980332527635,0.0160331266502025,0.442,0.982973967684022
"ASV_149",1.64054516163014,0.0511219689267346,0.323,0.982973967684022
"ASV_157",4.24690673993922,0.120471850012846,0.103,0.982973967684022
"ASV_158",2.13544911093177,0.0632119253776688,0.179,0.982973967684022
"ASV_159",5.50965876274866,0.150434539304547,0.13,0.982973967684022
"ASV_161",5.89067448338923,0.160599157780388,0.092,0.982973967684022
"ASV_164",2.01103465075119,0.0612263241736714,0.139,0.982973967684022
"ASV_171",1.16245513879254,0.0360714199334642,0.296,0.982973967684022
"ASV_172",0.944682690219688,0.0294907204742237,0.06,0.982973967684022
"ASV_173",0.872977008902081,0.0277270269212124,0.389,0.982973967684022
"ASV_174",2.04977777070769,0.0614851286077672,0.322,0.982973967684022
"ASV_176",2.70472198325824,0.0774156503570601,0.221,0.982973967684022
"ASV_178",2.55373684001891,0.0761782692405626,0.097,0.982973967684022
"ASV_180",0.489384274390191,0.0153587118869103,0.414,0.982973967684022
"ASV_181",1.21382700143757,0.0388456934886655,0.303,0.982973967684022
"ASV_182",3.03707755555329,0.0894872873059882,0.321,0.982973967684022
"ASV_184",3.42302569533254,0.099580646460189,0.07,0.982973967684022
"ASV_189",0.51504274479024,0.0154224234998845,0.238,0.982973967684022
"ASV_193",1.62354687705588,0.0512548517312688,0.215,0.982973967684022
"ASV_194",0.514608355704461,0.0163204529558122,0.272,0.982973967684022
"ASV_201",0.628595588622958,0.0208340143390984,0.46,0.982973967684022
"ASV_203",17.3002764127552,0.358737250051032,0.028,0.982973967684022
"ASV_204",1.71924909411807,0.0530778254051108,0.101,0.982973967684022
"ASV_205",0.951480369942207,0.0298492559306725,0.243,0.982973967684022
"ASV_209",1.68921562396997,0.0513307491976537,0.159,0.982973967684022
"ASV_210",4.33948619076363,0.123704357048271,0.052,0.982973967684022
"ASV_211",1.36761015536004,0.0402249371369004,0.002,0.982973967684022
"ASV_213",3.46869572712751,0.101403513240841,0.225,0.982973967684022
"ASV_214",0.548084580329945,0.0202253434079409,0.408,0.982973967684022
"ASV_215",0.465824249682674,0.0145667940890955,0.449,0.982973967684022
"ASV_218",4.22752621133242,0.121433460641953,0.132,0.982973967684022
"ASV_225",1.97778554730963,0.0604281765784425,0.116,0.982973967684022
"ASV_229",1.59329716419314,0.0488814113779105,0.396,0.982973967684022
"ASV_231",0.935352755252154,0.0284607097045758,0.17,0.982973967684022
"ASV_235",0.604502147620233,0.0194653638364349,0.458,0.982973967684022
"ASV_236",1.83593227425072,0.0539872784674713,0.203,0.982973967684022
"ASV_238",0.773308439379429,0.0241338404904834,0.296,0.982973967684022
"ASV_245",0.826851972146974,0.0266651796843144,0.248,0.982973967684022
"ASV_247",2.00848641201455,0.0613015104139211,0.445,0.982973967684022
"ASV_248",2.55389428994256,0.0764919769943989,0.03,0.982973967684022
"ASV_250",1.85372694380957,0.0554507761691784,0.188,0.982973967684022
"ASV_251",1.38602180867804,0.0427227387250471,0.208,0.982973967684022
"ASV_255",1.90106968224092,0.056870339658377,0.171,0.982973967684022
"ASV_256",1.52044446304402,0.0479127607133546,0.044,0.982973967684022
"ASV_260",3.87003673935114,0.111553420822659,0.067,0.982973967684022
"ASV_262",1.57610112704112,0.0479229897199125,0.104,0.982973967684022
"ASV_264",2.40723536244382,0.0727939404797613,0.16,0.982973967684022
"ASV_266",0.566591877325862,0.0182236680580638,0.011,0.982973967684022
"ASV_270",0.643654466448093,0.0193194734372692,0.356,0.982973967684022
"ASV_272",2.21895686326621,0.0717474068694952,0.163,0.982973967684022
"ASV_275",2.3355197840369,0.0711091058346932,0.13,0.982973967684022
"ASV_276",3.39679174676872,0.0980645691740628,0.09,0.982973967684022
"ASV_280",1.76333075516835,0.054234656310899,0.416,0.982973967684022
"ASV_281",2.39513826206061,0.0702087670272334,0.377,0.982973967684022
"ASV_282",0.528654458956101,0.017265129141937,0.386,0.982973967684022
"ASV_286",1.81223110587634,0.0569215890561135,0.169,0.982973967684022
"ASV_292",8.08963603508862,0.204370825108474,0.146,0.982973967684022
"ASV_294",1.62945568456131,0.049839005808318,0.18,0.982973967684022
"ASV_297",1.24555796716157,0.038567555191156,0.159,0.982973967684022
"ASV_298",1.42288523444349,0.044618038996665,0.378,0.982973967684022
"ASV_302",0.64340114751359,0.0219997124953984,0.287,0.982973967684022
"ASV_305",0.719829173856867,0.022830399245619,0.421,0.982973967684022
"ASV_306",6.17343229957116,0.167279816897048,0.071,0.982973967684022
"ASV_307",1.10190388680007,0.034242192568174,0.036,0.982973967684022
"ASV_309",2.12655438915314,0.0630225290500952,0.033,0.982973967684022
"ASV_311",0.360391799080821,0.0123133340827826,0.296,0.982973967684022
"ASV_312",5.12847488006866,0.140580448882875,0.096,0.982973967684022
"ASV_316",1.07679228889775,0.0339673066574601,0.021,0.982973967684022
"ASV_317",2.52613918687218,0.0759771963559989,0.28,0.982973967684022
"ASV_320",1.18292649447487,0.0364148845034294,0.035,0.982973967684022
"ASV_321",1.44141328404,0.0436341425620296,0.22,0.982973967684022
"ASV_323",3.24232956347252,0.0948419699490455,0.139,0.982973967684022
"ASV_328",1.31840042412169,0.0407688793700944,0.431,0.982973967684022
"ASV_329",1.02633001415272,0.0319093714529144,0.323,0.982973967684022
"ASV_330",1.90076244738564,0.0582308394673316,0.26,0.982973967684022
"ASV_331",1.78065801523733,0.0551832315517544,0.08,0.982973967684022
"ASV_335",6.36374315298754,0.173165306274355,0.025,0.982973967684022
"ASV_341",4.2371291112651,0.121388960279825,0.318,0.982973967684022
"ASV_343",0.862111115268355,0.0264047661577515,0.362,0.982973967684022
"ASV_348",2.73271484241146,0.0823341533344663,0.196,0.982973967684022
"ASV_349",1.42348855617343,0.0439035639332146,0.312,0.982973967684022
"ASV_352",1.83445931342406,0.0554967168504806,0.453,0.982973967684022
"ASV_355",3.39222488112355,0.0982190488177152,0.058,0.982973967684022
"ASV_358",1.32514540957696,0.0410439537804619,0.402,0.982973967684022
"ASV_362",1.34249380190526,0.0406798611351298,0.421,0.982973967684022
"ASV_366",1.25545112774831,0.0383975963041452,0.42,0.982973967684022
"ASV_368",0.466489806518442,0.015448988168956,0.297,0.982973967684022
"ASV_374",0.482388343052081,0.0153927422103817,0.138,0.982973967684022
"ASV_377",3.42934905838069,0.0998093477295262,0.152,0.982973967684022
"ASV_381",0.926629882770776,0.0284457110849538,0.227,0.982973967684022
"ASV_383",1.86080729243459,0.0582093197416313,0.052,0.982973967684022
"ASV_386",1.68770338188801,0.051701678795035,0.116,0.982973967684022
"ASV_387",1.60296652998059,0.0497884185744898,0.311,0.982973967684022
"ASV_388",1.23131500196143,0.039012393926853,0.421,0.982973967684022
"ASV_390",3.05227259998274,0.0878775667309458,0.069,0.982973967684022
"ASV_392",5.37405535936665,0.145017937406678,0.191,0.982973967684022
"ASV_394",0.632352404083711,0.0208253836450849,0.414,0.982973967684022
"ASV_395",2.1829343406502,0.0656924141529371,0.101,0.982973967684022
"ASV_397",2.48277815221759,0.072031379703413,0.415,0.982973967684022
"ASV_398",2.32455368755341,0.0696250368354539,0.03,0.982973967684022
"ASV_401",0.274290790777457,0.00862620213056632,0.456,0.982973967684022
"ASV_402",2.92007713920619,0.0864831123583855,0.068,0.982973967684022
"ASV_406",1.59653162072661,0.0467690272250552,0.383,0.982973967684022
"ASV_408",0.724499240391505,0.0227208206462279,0.016,0.982973967684022
"ASV_411",5.49749520702178,0.14788736248273,0.273,0.982973967684022
"ASV_412",3.49859444463539,0.101415377977235,0.017,0.982973967684022
"ASV_416",0.34345752585767,0.00942591907968768,0.377,0.982973967684022
"ASV_417",2.29627487658351,0.068944679022171,0.042,0.982973967684022
"ASV_418",0.628224624551949,0.0198749245149504,0.349,0.982973967684022
"ASV_419",0.779246288553382,0.0251856346829403,0.42,0.982973967684022
"ASV_426",0.781387792921663,0.0246796372953596,0.2,0.982973967684022
"ASV_427",0.895846865360733,0.0273126053230792,0.266,0.982973967684022
"ASV_428",1.13279082677899,0.0353270270742454,0.263,0.982973967684022
"ASV_429",1.60646205069686,0.0498169970639195,0.179,0.982973967684022
"ASV_433",0.607005279759003,0.0195248462076844,0.103,0.982973967684022
"ASV_435",1.99167482948595,0.0597100966462357,0.065,0.982973967684022
"ASV_439",6.21974395425285,0.16707580204447,0.062,0.982973967684022
"ASV_442",1.27450534832318,0.038464973308721,0.151,0.982973967684022
"ASV_446",1.86468483710104,0.0576322869331912,0.089,0.982973967684022
"ASV_448",0.814499237056318,0.0253353834701235,0.15,0.982973967684022
"ASV_450",1.61367130926989,0.049478164318578,0.065,0.982973967684022
"ASV_459",1.15816715675459,0.0366404786941111,0.228,0.982973967684022
"ASV_461",4.26165965044257,0.120674044347085,0.089,0.982973967684022
"ASV_469",3.52638861578252,0.100886578596845,0.106,0.982973967684022
"ASV_471",2.58511937932386,0.0771790194986495,0.403,0.982973967684022
"ASV_480",1.03692948919473,0.0325385743617748,0.121,0.982973967684022
"ASV_485",1.94427395407848,0.0591106003926124,0.04,0.982973967684022
"ASV_493",4.27929238607903,0.122551401345412,0.063,0.982973967684022
"ASV_497",4.23807142446539,0.120266894748854,0.174,0.982973967684022
"ASV_500",7.75959607484813,0.199869400647223,0.028,0.982973967684022
"ASV_503",2.87257616828264,0.0841705738328588,0.241,0.982973967684022
"ASV_504",0.933540932681958,0.0292710183187595,0.361,0.982973967684022
"ASV_505",1.43613839351308,0.0451766041653203,0.204,0.982973967684022
"ASV_506",1.18260223015777,0.0352605504059879,0.444,0.982973967684022
"ASV_511",4.11060010001098,0.115221105685329,0.19,0.982973967684022
"ASV_512",0.601739057664402,0.0189041271516254,0.42,0.982973967684022
"ASV_514",3.88109768753971,0.112441975577567,0.189,0.982973967684022
"ASV_516",3.96829414518372,0.112202700680974,0.255,0.982973967684022
"ASV_517",0.564036594581987,0.0172763511095469,0.262,0.982973967684022
"ASV_518",1.95768108626007,0.0596489860600872,0.176,0.982973967684022
"ASV_520",7.00414470831204,0.183133372117222,0.067,0.982973967684022
"ASV_523",1.27833289531991,0.0405206331564935,0.411,0.982973967684022
"ASV_529",3.26736248121773,0.0925107726275924,0.121,0.982973967684022
"ASV_530",2.24166165996489,0.0659388414398484,0.189,0.982973967684022
"ASV_531",1.00068441198846,0.0312021207119247,0.065,0.982973967684022
"ASV_534",0.733019487099492,0.0221450838522268,0.045,0.982973967684022
"ASV_537",1.20914157536865,0.0373562026382063,0.35,0.982973967684022
"ASV_538",3.82339680552145,0.109522261185907,0.143,0.982973967684022
"ASV_541",1.21330550843226,0.0377950549129399,0.276,0.982973967684022
"ASV_542",0.745635518548697,0.0243704912140619,0.2,0.982973967684022
"ASV_545",1.68495645899845,0.0500205530525337,0.1,0.982973967684022
"ASV_548",1.8471134049665,0.0576574514322704,0.208,0.982973967684022
"ASV_549",0.142336070607113,0.00467248842293104,0.376,0.982973967684022
"ASV_552",2.43527131083384,0.073350033994507,0.183,0.982973967684022
"ASV_553",2.49027437354921,0.0762152704825793,0.099,0.982973967684022
"ASV_557",1.49173678541756,0.0448643002754373,0.06,0.982973967684022
"ASV_558",0.848656339197533,0.027752955980407,0.243,0.982973967684022
"ASV_559",0.303903193988634,0.0102134895747208,0.369,0.982973967684022
"ASV_560",6.49643912280349,0.171372929307895,0.193,0.982973967684022
"ASV_562",1.00537432594406,0.0339052948149784,0.449,0.982973967684022
"ASV_564",0.692779361662012,0.0220560794757447,0.08,0.982973967684022
"ASV_569",2.3164314134135,0.069200205395251,0.264,0.982973967684022
"ASV_575",1.22283433218066,0.0387905960918656,0.363,0.982973967684022
"ASV_576",0.661399379293774,0.0206167883057053,0.301,0.982973967684022
"ASV_578",1.38402864484781,0.0420670006679535,0.298,0.982973967684022
"ASV_579",4.5054035591277,0.126885827483619,0.004,0.982973967684022
"ASV_589",0.380293903385794,0.0123732724092867,0.307,0.982973967684022
"ASV_591",3.2854942448985,0.095838557123609,0.053,0.982973967684022
"ASV_598",5.97167060939406,0.161815196728881,0.015,0.982973967684022
"ASV_603",1.81173194089214,0.0551149747939396,0.27,0.982973967684022
"ASV_605",0.662337600818637,0.0218184502674403,0.335,0.982973967684022
"ASV_614",0.462929276616337,0.0145953119476833,0.335,0.982973967684022
"ASV_617",1.78027435056797,0.0553230453994978,0.222,0.982973967684022
"ASV_619",1.50781994946668,0.0464639790495524,0.233,0.982973967684022
"ASV_623",1.39069112160243,0.0427155343946724,0.329,0.982973967684022
"ASV_624",4.13121834589337,0.117279547021453,0.138,0.982973967684022
"ASV_625",1.4237993032072,0.0439616188531046,0.448,0.982973967684022
"ASV_634",0.47104143264237,0.015130135551982,0.168,0.982973967684022
"ASV_639",1.27624745567805,0.0399066460082559,0.135,0.982973967684022
"ASV_643",0.890196694318115,0.027683919137887,0.289,0.982973967684022
"ASV_644",2.06586655711271,0.0641938109937816,0.315,0.982973967684022
"ASV_646",1.3043995268922,0.0405791125499714,0.318,0.982973967684022
"ASV_649",1.1143970301641,0.0333436737956672,0.058,0.982973967684022
"ASV_651",1.03215558598372,0.032289515465277,0.313,0.982973967684022
"ASV_654",4.64261222157878,0.127288879664233,0.102,0.982973967684022
"ASV_655",5.93591251657764,0.162283809191896,0.031,0.982973967684022
"ASV_657",1.84263109139033,0.0589509206679227,0.271,0.982973967684022
"ASV_658",0.292982969234049,0.00973395405535369,0.421,0.982973967684022
"ASV_660",2.70460833209152,0.081266526496899,0.066,0.982973967684022
"ASV_664",1.4332643923352,0.0445676420981804,0.183,0.982973967684022
"ASV_666",0.898821922125373,0.0283873215355245,0.261,0.982973967684022
"ASV_667",9.40623356865674,0.233777046206744,0.028,0.982973967684022
"ASV_671",0.612317210806934,0.0199111288212613,0.181,0.982973967684022
"ASV_680",1.77273516248302,0.0560592296237869,0.354,0.982973967684022
"ASV_681",2.6482636067097,0.078632176973753,0.151,0.982973967684022
"ASV_685",0.905698983956662,0.0285566849755941,0.457,0.982973967684022
"ASV_694",0.78126000339334,0.0247082753797126,0.291,0.982973967684022
"ASV_699",1.65126029579857,0.0490062489092856,0.436,0.982973967684022
"ASV_702",2.37830462623379,0.0729924258621815,0.34,0.982973967684022
"ASV_703",1.08910479847746,0.0340586008457151,0.275,0.982973967684022
"ASV_704",0.447554591469417,0.0135918711543702,0.398,0.982973967684022
"ASV_709",0.327519993312927,0.00973495550619476,0.211,0.982973967684022
"ASV_710",0.499919878213979,0.0163698625791908,0.422,0.982973967684022
"ASV_711",2.82493427241449,0.0831044535113195,0.438,0.982973967684022
"ASV_713",0.598226271672636,0.0179476980441917,0.06,0.982973967684022
"ASV_716",1.11422709265111,0.0347332377641785,0.392,0.982973967684022
"ASV_717",5.08328901182774,0.142160666250408,0.411,0.982973967684022
"ASV_723",1.29540387347491,0.0390320661030116,0.325,0.982973967684022
"ASV_729",1.18641547681854,0.0370597124269455,0.277,0.982973967684022
"ASV_730",5.37185845297019,0.148780193357584,0.028,0.982973967684022
"ASV_731",3.67178225688801,0.106715737716295,0.168,0.982973967684022
"ASV_736",5.08015222477893,0.140675790847079,0.105,0.982973967684022
"ASV_745",2.75758753694473,0.0833466986239563,0.162,0.982973967684022
"ASV_746",0.277377218614419,0.00892524570850039,0.315,0.982973967684022
"ASV_747",2.72708783020327,0.0812878435531337,0.194,0.982973967684022
"ASV_748",1.2318151758402,0.0383988074119007,0.116,0.982973967684022
"ASV_749",1.01530283035896,0.0310650865497696,0.379,0.982973967684022
"ASV_751",0.668965433218884,0.0211384711647781,0.44,0.982973967684022
"ASV_757",2.32383209227176,0.069612076406628,0.163,0.982973967684022
"ASV_758",1.34884263538396,0.041724200175498,0.393,0.982973967684022
"ASV_759",7.97461337533888,0.205899081980467,0.081,0.982973967684022
"ASV_762",1.61606107822008,0.0488397880439671,0.19,0.982973967684022
"ASV_764",0.694327989476576,0.0219369637289363,0.381,0.982973967684022
"ASV_768",0.567693244846636,0.0163289283511568,0.477,0.982973967684022
"ASV_771",0.349880711476394,0.0109652133747585,0.312,0.982973967684022
"ASV_773",0.928863263349884,0.0288421249605633,0.006,0.982973967684022
"ASV_776",4.87431120026706,0.131474978267035,0.211,0.982973967684022
"ASV_778",0.49176684753526,0.0163510697500422,0.472,0.982973967684022
"ASV_779",15.1036158430191,0.328112137796341,0.064,0.982973967684022
"ASV_780",2.11589449081472,0.0648728863770025,0.218,0.982973967684022
"ASV_781",2.154280693217,0.0648814725500837,0.26,0.982973967684022
"ASV_786",2.17727154094452,0.0651102020236224,0.39,0.982973967684022
"ASV_788",0.82500129621496,0.0262910838693632,0.335,0.982973967684022
"ASV_789",2.27110329809427,0.0671184189646249,0.245,0.982973967684022
"ASV_790",1.04221556689733,0.031676097198923,0.166,0.982973967684022
"ASV_791",0.778644552320562,0.0244792686958033,0.341,0.982973967684022
"ASV_792",2.16243772636394,0.0672714758001241,0.008,0.982973967684022
"ASV_796",1.00446701502222,0.0314388273424199,0.464,0.982973967684022
"ASV_798",1.09564080608649,0.0333662387941325,0.052,0.982973967684022
"ASV_799",1.54910682251364,0.0474331690478051,0.208,0.982973967684022
"ASV_800",0.842349168935753,0.0257842715123394,0.425,0.982973967684022
"ASV_802",6.29252014976351,0.168410030979276,0.084,0.982973967684022
"ASV_804",1.1868288174054,0.0352768790241523,0.121,0.982973967684022
"ASV_806",0.868364209931387,0.0268457545171402,0.312,0.982973967684022
"ASV_807",1.26340412815781,0.0390470090941828,0.278,0.982973967684022
"ASV_808",4.97326684696703,0.13818339461844,0.476,0.982973967684022
"ASV_816",0.391854270093882,0.0130718419117383,0.158,0.982973967684022
"ASV_824",0.885536602064802,0.027650155534782,0.471,0.982973967684022
"ASV_828",0.838094228381966,0.0256513875224302,0.354,0.982973967684022
"ASV_832",4.92358746138274,0.137096429370335,0.118,0.982973967684022
"ASV_834",1.00821524673479,0.0313719097823108,0.289,0.982973967684022
"ASV_836",1.82882200820775,0.0557453855838284,0.371,0.982973967684022
"ASV_840",0.577386214313507,0.0180734525763183,0.065,0.982973967684022
"ASV_841",2.12154719607768,0.0629734014994874,0.129,0.982973967684022
"ASV_845",2.50387280759907,0.0749598980213479,0.153,0.982973967684022
"ASV_846",1.57163371728633,0.0485405519707713,0.015,0.982973967684022
"ASV_849",0.39514043673778,0.0125199246672818,0.305,0.982973967684022
"ASV_852",0.847745451437949,0.026428104048409,0.114,0.982973967684022
"ASV_856",3.50912257770978,0.0997378173252713,0.105,0.982973967684022
"ASV_863",8.52315095229438,0.216443146826588,0.016,0.982973967684022
"ASV_864",2.64841483352317,0.076888763196818,0.245,0.982973967684022
"ASV_866",1.20200244500976,0.0372299404189243,0.01,0.982973967684022
"ASV_870",1.38051463864096,0.0424935836759024,0.36,0.982973967684022
"ASV_879",1.76514195899364,0.0534415552754894,0.056,0.982973967684022
"ASV_883",1.31449760547326,0.0403239926073436,0.432,0.982973967684022
"ASV_888",3.99435931543667,0.114906968216965,0.169,0.982973967684022
"ASV_889",1.70250866830467,0.0507768461854657,0.311,0.982973967684022
"ASV_905",1.2749322607317,0.0400078579609546,0.303,0.982973967684022
"ASV_912",1.91222488223177,0.0588120914998957,0.247,0.982973967684022
"ASV_915",1.7802632889901,0.0525356318230411,0.083,0.982973967684022
"ASV_918",2.02665847938057,0.0607595542572581,0.386,0.982973967684022
"ASV_924",1.41846125216633,0.0432364463817324,0.3,0.982973967684022
"ASV_926",2.05316872510202,0.0622332979828133,0.149,0.982973967684022
"ASV_930",0.957384943505299,0.0307191405641802,0.215,0.982973967684022
"ASV_933",4.13710597635454,0.117905183575572,0.015,0.982973967684022
"ASV_935",3.01118447040377,0.0876835907067983,0.004,0.982973967684022
"ASV_938",1.89266642296745,0.057775939202227,0.283,0.982973967684022
"ASV_939",1.62866633348803,0.0504037576422007,0.199,0.982973967684022
"ASV_942",1.39540080028156,0.0431684383168023,0.18,0.982973967684022
"ASV_943",2.31540109390842,0.0695753553820842,0.099,0.982973967684022
"ASV_948",1.72935060083416,0.052826695803209,0.155,0.982973967684022
"ASV_949",0.513350464838614,0.016286855697228,0.402,0.982973967684022
"ASV_952",0.967612617831007,0.0319240059291688,0.1,0.982973967684022
"ASV_956",2.90149631927757,0.0855143538596604,0.069,0.982973967684022
"ASV_959",2.5822212642761,0.0775176075451385,0.3,0.982973967684022
"ASV_964",0.997157690748778,0.0308021798780398,0.369,0.982973967684022
"ASV_967",1.81107059295832,0.0540573234890451,0.319,0.982973967684022
"ASV_969",0.42247589040667,0.0148887381224872,0.328,0.982973967684022
"ASV_974",1.24869333414867,0.0379075215010715,0.346,0.982973967684022
"ASV_975",6.30082554939703,0.165561633251264,0.073,0.982973967684022
"ASV_976",2.06444848386179,0.0618111181519028,0.405,0.982973967684022
"ASV_978",0.634976826167232,0.0207305795758084,0.271,0.982973967684022
"ASV_979",2.07428034469418,0.0634651129449815,0.372,0.982973967684022
"ASV_984",1.38837759041663,0.0414963932672062,0.452,0.982973967684022
"ASV_986",0.560846413388975,0.018107240016077,0.158,0.982973967684022
"ASV_990",0.860430866077033,0.0267731789018479,0.308,0.982973967684022
"ASV_991",5.75577057435921,0.157062025547631,0.335,0.982973967684022
"ASV_992",1.06808277614503,0.0328632582474322,0.27,0.982973967684022
"ASV_993",0.407213916984188,0.0133135749438845,0.094,0.982973967684022
"ASV_998",0.545377214358528,0.0172352084136155,0.413,0.982973967684022
"ASV_999",1.27213639518141,0.0391896223700001,0.272,0.982973967684022
"ASV_1003",1.40699915285646,0.0434127563078447,0.436,0.982973967684022
"ASV_1004",3.28889567039144,0.0964014468365076,0.241,0.982973967684022
"ASV_1008",3.1858276330284,0.0938915758523436,0.085,0.982973967684022
"ASV_1010",1.15616468545882,0.0363123087275031,0.321,0.982973967684022
"ASV_1011",1.9426502140013,0.0593217925621054,0.411,0.982973967684022
"ASV_1012",2.50186740495449,0.0750006842782732,0.044,0.982973967684022
"ASV_1015",2.5589742923379,0.0762310683243602,0.31,0.982973967684022
"ASV_1024",0.980789674018524,0.0305322304561241,0.152,0.982973967684022
"ASV_1027",6.46127967823079,0.172156912464094,0.165,0.982973967684022
"ASV_1029",0.138940139194156,0.00537133056542437,0.431,0.982973967684022
"ASV_1030",3.63313191411057,0.105642649644087,0.183,0.982973967684022
"ASV_1034",2.03754432317826,0.0629418923527192,0.077,0.982973967684022
"ASV_1035",0.104422997118518,0.00335673530219914,0.305,0.982973967684022
"ASV_1037",0.751935508117942,0.0224002326823908,0.241,0.982973967684022
"ASV_1046",5.80882452089759,0.157247844064717,0.025,0.982973967684022
"ASV_1050",0.290510243733929,0.00910527358964457,0.304,0.982973967684022
"ASV_1055",0.388470635206931,0.012586046609375,0.124,0.982973967684022
"ASV_1059",1.43368195537932,0.0448270195011721,0.176,0.982973967684022
"ASV_1062",0.816448792059675,0.0257764468961195,0.43,0.982973967684022
"ASV_1064",1.35486680198891,0.0417046187110916,0.397,0.982973967684022
"ASV_1070",0.266565676750964,0.00791847926195637,0.468,0.982973967684022
"ASV_1072",2.75760137468127,0.081629696405966,0.076,0.982973967684022
"ASV_1073",0.802938075746483,0.0251763001059228,0.049,0.982973967684022
"ASV_1074",2.27211070983346,0.0681199596786481,0.441,0.982973967684022
"ASV_1079",1.77047969041043,0.0513877028865897,0.245,0.982973967684022
"ASV_1080",0.989344818055314,0.031103367351363,0.203,0.982973967684022
"ASV_1082",1.41479973336192,0.0428673621374967,0.458,0.982973967684022
"ASV_1087",2.07714238734476,0.0639962681559886,0.216,0.982973967684022
"ASV_1088",1.42424027569565,0.0428950147309161,0.324,0.982973967684022
"ASV_1089",0.931526780250303,0.0294065834937482,0.28,0.982973967684022
"ASV_1090",1.92936432429814,0.0589309663639268,0.293,0.982973967684022
"ASV_1092",1.36187108697267,0.0427313652497335,0.007,0.982973967684022
"ASV_1097",1.06702014830752,0.0329174869470456,0.073,0.982973967684022
"ASV_1100",1.87163059251566,0.0573162401686154,0.269,0.982973967684022
"ASV_1101",1.27630584496002,0.039077188793039,0.292,0.982973967684022
"ASV_1106",3.22637436254078,0.0931812535102895,0.324,0.982973967684022
"ASV_1118",3.66848024598549,0.107416439724422,0.067,0.982973967684022
"ASV_1119",0.502638837534469,0.0159763867072955,0.256,0.982973967684022
"ASV_1120",0.795414961025695,0.0264218080184775,0.246,0.982973967684022
"ASV_1121",0.569666570302932,0.0180714262599919,0.384,0.982973967684022
"ASV_1122",1.33659796873563,0.0420985255103444,0.091,0.982973967684022
"ASV_1123",2.64575472918149,0.0795094403111426,0.117,0.982973967684022
"ASV_1125",2.17772345226425,0.0655031416546168,0.364,0.982973967684022
"ASV_1126",1.10522221519588,0.0346941522862991,0.166,0.982973967684022
"ASV_1128",0.973185625128436,0.0312011248532276,0.205,0.982973967684022
"ASV_1129",1.94482440026802,0.0572683434409069,0.106,0.982973967684022
"ASV_1132",1.64241744741199,0.0511678958081734,0.117,0.982973967684022
"ASV_1133",3.21683856448977,0.0944442723676392,0.346,0.982973967684022
"ASV_1135",0.355665466717555,0.0112743111731799,0.451,0.982973967684022
"ASV_1136",2.00931860626839,0.0605724677832957,0.164,0.982973967684022
"ASV_1140",0.75142033526361,0.0230320455748529,0.46,0.982973967684022
"ASV_1143",0.7652083938332,0.0256314239818984,0.12,0.982973967684022
"ASV_1145",0.556131647319627,0.0172436510942517,0.433,0.982973967684022
"ASV_1150",1.7985009500863,0.0540608778732849,0.453,0.982973967684022
"ASV_1154",4.84603672749517,0.134804845730392,0.146,0.982973967684022
"ASV_1155",1.2793545226543,0.0401244377394354,0.272,0.982973967684022
"ASV_1156",1.97275814657617,0.0585469013050448,0.215,0.982973967684022
"ASV_1159",1.27635601206773,0.0398432638696563,0.423,0.982973967684022
"ASV_1160",0.701200474241749,0.0235818044578005,0.246,0.982973967684022
"ASV_1162",1.82226885386832,0.0560672419663511,0.297,0.982973967684022
"ASV_1163",2.75721290884686,0.0824626134552979,0.221,0.982973967684022
"ASV_1171",3.6413980635514,0.106319294857681,0.226,0.982973967684022
"ASV_1172",0.833315395169991,0.0254589070419937,0.374,0.982973967684022
"ASV_1175",1.65212408050101,0.0502587540911169,0.456,0.982973967684022
"ASV_1178",2.21966755120874,0.0664739560262422,0.4,0.982973967684022
"ASV_1182",1.99078719646831,0.0601978024293265,0.097,0.982973967684022
"ASV_1185",2.10049492913239,0.064131770756957,0.363,0.982973967684022
"ASV_1186",0.326507871812948,0.0103231274898407,0.431,0.982973967684022
"ASV_1187",3.19264023731115,0.0939792045661375,0.131,0.982973967684022
"ASV_1188",0.285889968242612,0.00881980828141953,0.239,0.982973967684022
"ASV_1190",3.67725995540143,0.106280267645732,0.41,0.982973967684022
"ASV_1192",0.741982841569694,0.023132203777017,0.239,0.982973967684022
"ASV_1199",0.767381504743884,0.0242653122501013,0.427,0.982973967684022
"ASV_1202",0.672040299395733,0.0212140835892259,0.389,0.982973967684022
"ASV_1204",5.20493368573812,0.143792206021703,0.281,0.982973967684022
"ASV_1207",1.36725893400842,0.0433883213101523,0.361,0.982973967684022
"ASV_1212",5.13589330291519,0.142375724117094,0.188,0.982973967684022
"ASV_1213",0.607177358397195,0.019284212604384,0.236,0.982973967684022
"ASV_1214",0.631956083566268,0.0205780455913873,0.253,0.982973967684022
"ASV_1215",0.880064992161312,0.0275624101159277,0.42,0.982973967684022
"ASV_1218",4.59275529791812,0.129301495657897,0.095,0.982973967684022
"ASV_1219",4.78640414011277,0.133802436359756,0.018,0.982973967684022
"ASV_1220",1.81834516543471,0.0554390844701631,0.164,0.982973967684022
"ASV_1221",1.30742417961941,0.0413078357483769,0.432,0.982973967684022
"ASV_1223",0.753680282162369,0.0237012994142007,0.304,0.982973967684022
"ASV_1228",7.32129795163612,0.192203902145346,0.013,0.982973967684022
"ASV_1233",4.13201985082565,0.117868267722822,0.29,0.982973967684022
"ASV_1235",1.84492659940018,0.0572294278144899,0.467,0.982973967684022
"ASV_1237",2.41940365184966,0.0726696967600661,0.259,0.982973967684022
"ASV_1239",4.52522444980681,0.127169055765525,0.179,0.982973967684022
"ASV_1246",0.628311408617651,0.0197309482799006,0.373,0.982973967684022
"ASV_1247",8.15186991180744,0.208741916133273,0.028,0.982973967684022
"ASV_1250",0.845468230623287,0.0264101599762411,0.327,0.982973967684022
"ASV_1252",0.527030681251631,0.0167083359290923,0.281,0.982973967684022
"ASV_1253",1.41849790152498,0.0441025284952347,0.18,0.982973967684022
"ASV_1254",0.528576154849203,0.0165464162794742,0.378,0.982973967684022
"ASV_1256",1.70263761325164,0.0530222294587295,0.123,0.982973967684022
"ASV_1259",4.2484061405781,0.121292872786518,0.204,0.982973967684022
"ASV_1261",3.29309017914596,0.0959899173504654,0.072,0.982973967684022
"ASV_1262",3.24593926737883,0.0938220438860597,0.056,0.982973967684022
"ASV_1263",1.31443066881228,0.0408816180099158,0.252,0.982973967684022
"ASV_1268",1.21971823078443,0.0377857980733106,0.443,0.982973967684022
"ASV_1270",0.933183654405222,0.0295488165770235,0.28,0.982973967684022
"ASV_1273",1.03681492095554,0.0325178551513469,0.172,0.982973967684022
"ASV_1275",1.37576828972276,0.0426230792191374,0.136,0.982973967684022
"ASV_1276",1.24188968177421,0.0384726571812506,0.469,0.982973967684022
"ASV_1278",0.884660735038793,0.0277199396203714,0.477,0.982973967684022
"ASV_1288",1.55321535234852,0.0493239664550505,0.041,0.982973967684022
"ASV_1289",1.37258909873921,0.0427806033362032,0.164,0.982973967684022
"ASV_1293",1.01130772333422,0.0321841477817043,0.335,0.982973967684022
"ASV_1295",4.78607758546914,0.134358001626926,0.139,0.982973967684022
"ASV_1301",0.947062215564776,0.0299967362377139,0.431,0.982973967684022
"ASV_1303",2.32164533680735,0.0698306698922036,0.166,0.982973967684022
"ASV_1306",0.512823714514281,0.0163142831992696,0.376,0.982973967684022
"ASV_1308",0.653554125011102,0.0200518436830547,0.434,0.982973967684022
"ASV_1309",0.380143425291765,0.0116632508715272,0.202,0.982973967684022
"ASV_1313",0.728327201393289,0.0229178614611911,0.449,0.982973967684022
"ASV_1314",1.23891486764601,0.0367265985879132,0.304,0.982973967684022
"ASV_1320",1.47706616866588,0.0459977354961597,0.441,0.982973967684022
"ASV_1324",0.971075217497012,0.0307793739927102,0.345,0.982973967684022
"ASV_1328",2.35760761205115,0.0705073024883856,0.272,0.982973967684022
"ASV_1330",1.35710270601998,0.0416975374202078,0.293,0.982973967684022
"ASV_1331",3.55488093861225,0.100298113107172,0.247,0.982973967684022
"ASV_1332",4.00294973817693,0.113780467615593,0.032,0.982973967684022
"ASV_1333",1.74802603988622,0.0529079248234294,0.406,0.982973967684022
"ASV_1336",7.73682232017556,0.20075127481988,0.05,0.982973967684022
"ASV_1337",0.796697439467393,0.0250499618605004,0.299,0.982973967684022
"ASV_1338",2.73396361440418,0.0807284315032191,0.414,0.982973967684022
"ASV_1339",5.66687437290645,0.155608607955293,0.129,0.982973967684022
"ASV_1340",2.77992505685223,0.0804854151691878,0.239,0.982973967684022
"ASV_1341",1.51958475182851,0.0477931133550332,0.068,0.982973967684022
"ASV_1342",0.413250065716689,0.0125714307093469,0.445,0.982973967684022
"ASV_1345",1.11261210999617,0.0347033580803722,0.425,0.982973967684022
"ASV_1346",5.53421432090717,0.148947845672319,0.084,0.982973967684022
"ASV_1351",1.89856921386469,0.057592473376336,0.465,0.982973967684022
"ASV_1352",0.498278174850149,0.0165394460499536,0.382,0.982973967684022
"ASV_1358",0.802349225136466,0.0252796167367679,0.308,0.982973967684022
"ASV_1365",5.22486240364355,0.145074399173745,0.028,0.982973967684022
"ASV_1366",4.43836423578673,0.125199578391124,0.023,0.982973967684022
"ASV_1368",2.18465308159401,0.0657894484161155,0.39,0.982973967684022
"ASV_1369",0.901177595499937,0.0280935583021857,0.454,0.982973967684022
"ASV_1371",0.927216492980124,0.0291362759291926,0.446,0.982973967684022
"ASV_1376",1.22433712322534,0.037597484709365,0.443,0.982973967684022
"ASV_1381",2.75189834595327,0.0817374524624074,0.11,0.982973967684022
"ASV_1384",0.732109496632808,0.0240145674165781,0.285,0.982973967684022
"ASV_1385",2.14958822406964,0.0644007778977964,0.158,0.982973967684022
"ASV_1386",1.20919923163742,0.0363236659513853,0.216,0.982973967684022
"ASV_1390",0.845645863363207,0.0263611669479667,0.475,0.982973967684022
"ASV_1392",1.43061969446423,0.0451170984591442,0.435,0.982973967684022
"ASV_1393",0.899711227852157,0.0287552752188375,0.372,0.982973967684022
"ASV_1395",3.59462964408022,0.102598083957043,0.141,0.982973967684022
"ASV_1396",3.68442680700057,0.106492576949885,0.278,0.982973967684022
"ASV_1398",2.02156751784893,0.0611669949559496,0.22,0.982973967684022
"ASV_1402",1.85296166516089,0.0556022704758178,0.414,0.982973967684022
"ASV_1404",1.45393810049481,0.0447705698489137,0.202,0.982973967684022
"ASV_1406",2.66637968607058,0.0785212009567637,0.095,0.982973967684022
"ASV_1407",0.984792011361768,0.0312535093535027,0.216,0.982973967684022
"ASV_1409",1.11643888137051,0.0352534659140068,0.216,0.982973967684022
"ASV_1411",0.595633839944093,0.0184361064986783,0.177,0.982973967684022
"ASV_1416",1.01684381458184,0.0324944841540258,0.474,0.982973967684022
"ASV_1419",0.989105499758041,0.0315832003856845,0.373,0.982973967684022
"ASV_1430",2.04089092182983,0.0621726572853105,0.031,0.982973967684022
"ASV_1433",5.65985212471711,0.153674873016247,0.023,0.982973967684022
"ASV_1437",2.26151804890059,0.0681309704770463,0.268,0.982973967684022
"ASV_1445",2.15085715891994,0.0645532173568064,0.045,0.982973967684022
"ASV_1447",0.678859752158436,0.0216819057037272,0.461,0.982973967684022
"ASV_1449",2.9773123919026,0.0874949184434731,0.456,0.982973967684022
"ASV_1452",0.69400865705442,0.0223940504551198,0.279,0.982973967684022
"ASV_1453",2.05017424920196,0.0628534895214062,0.079,0.982973967684022
"ASV_1456",1.38826986580186,0.0429920332396519,0.122,0.982973967684022
"ASV_1457",2.31151025702029,0.0698989090903162,0.304,0.982973967684022
"ASV_1462",1.56480869428605,0.0479991337224092,0.341,0.982973967684022
"ASV_1464",3.63762943423132,0.107392252470618,0.004,0.982973967684022
"ASV_1465",0.845708103111233,0.026218671310243,0.238,0.982973967684022
"ASV_1467",1.27846206205251,0.0390532501579074,0.12,0.982973967684022
"ASV_1474",2.05494664991996,0.0623255595203219,0.268,0.982973967684022
"ASV_1482",6.21604390345828,0.16589989422127,0.022,0.982973967684022
"ASV_1483",1.81744290684415,0.0554514805691247,0.361,0.982973967684022
"ASV_1489",1.08053505454899,0.0335345106172737,0.3,0.982973967684022
"ASV_1492",1.3839459866699,0.0424939103647869,0.219,0.982973967684022
"ASV_1494",1.20396221649937,0.0365835262005347,0.373,0.982973967684022
"ASV_1495",1.44995113002,0.0451109100711574,0.369,0.982973967684022
"ASV_1500",0.769477463037074,0.0240584827845555,0.423,0.982973967684022
"ASV_1505",3.29185974896158,0.0971094546384136,0.127,0.982973967684022
"ASV_1508",6.47480683742149,0.172412188819719,0.091,0.982973967684022
"ASV_1519",1.51602548109596,0.0469418016197542,0.147,0.982973967684022
"ASV_1520",2.51703720701764,0.0752231122039972,0.059,0.982973967684022
"ASV_1523",0.791259904579979,0.0251164995590394,0.378,0.982973967684022
"ASV_1526",1.4064249541313,0.043701279000553,0.235,0.982973967684022
"ASV_1529",1.40074767316596,0.0429870942847394,0.186,0.982973967684022
"ASV_1530",0.622783101784673,0.0197562582141135,0.475,0.982973967684022
"ASV_1543",2.96306298765733,0.0871652654890011,0.095,0.982973967684022
"ASV_1545",0.57883817675667,0.0189839454209869,0.467,0.982973967684022
"ASV_1550",0.49664806904061,0.0161645352310541,0.202,0.982973967684022
"ASV_1557",2.78141124156032,0.0810230701782712,0.075,0.982973967684022
"ASV_1560",2.76045227242575,0.0799935539272972,0.338,0.982973967684022
"ASV_1562",1.57198647918342,0.0480819332196079,0.166,0.982973967684022
"ASV_1566",0.44103946434016,0.0140817366127496,0.242,0.982973967684022
"ASV_1567",0.683055867541805,0.0217708366019193,0.186,0.982973967684022
"ASV_1569",1.88881358049685,0.0569375044730734,0.069,0.982973967684022
"ASV_1571",1.67437627684829,0.0520562449702167,0.08,0.982973967684022
"ASV_1573",2.41810106291857,0.072691580735668,0.19,0.982973967684022
"ASV_1576",1.26216789742879,0.0393333978312338,0.282,0.982973967684022
"ASV_1579",1.38269945736818,0.0424458810768057,0.34,0.982973967684022
"ASV_1587",1.42834615582377,0.0437765215947203,0.085,0.982973967684022
"ASV_1593",0.18240498222873,0.00641039963720449,0.474,0.982973967684022
"ASV_1596",2.3716031676375,0.0710534612085921,0.154,0.982973967684022
"ASV_1598",0.8807555487432,0.0277058865459235,0.279,0.982973967684022
"ASV_1599",1.29644015566435,0.040114939697427,0.009,0.982973967684022
"ASV_1600",0.964498103577241,0.028959378443723,0.007,0.982973967684022
"ASV_1604",1.91463691681988,0.0580943663889818,0.192,0.982973967684022
"ASV_1606",0.648959281946022,0.0205258142358971,0.412,0.982973967684022
"ASV_1608",2.40191983004671,0.0734318435560432,0.163,0.982973967684022
"ASV_1616",5.75455170315504,0.155179735837872,0.062,0.982973967684022
"ASV_1617",1.5997339117133,0.0492415448491622,0.389,0.982973967684022
"ASV_1619",10.0396574098521,0.244911395123117,0.001,0.982973967684022
"ASV_1625",2.01676873747931,0.0592916942371031,0.192,0.982973967684022
"ASV_1626",0.72447853684565,0.0230907812991652,0.257,0.982973967684022
"ASV_1630",7.66480476817268,0.196597183942445,0.029,0.982973967684022
"ASV_1632",0.858240282076903,0.0264587598909106,0.068,0.982973967684022
"ASV_1634",1.31159843160936,0.0409015562903144,0.063,0.982973967684022
"ASV_1636",1.10442122804237,0.0345012084330946,0.459,0.982973967684022
"ASV_1640",0.844617959346927,0.0259726168765113,0.21,0.982973967684022
"ASV_1642",1.22495328863601,0.0381245920697872,0.267,0.982973967684022
"ASV_1644",2.12799619130629,0.0644465333983752,0.182,0.982973967684022
"ASV_1647",2.04531182152347,0.0640950896047873,0.228,0.982973967684022
"ASV_1649",3.96270543411703,0.113184234883903,0.071,0.982973967684022
"ASV_1651",0.992494049846754,0.0302962576413728,0.459,0.982973967684022
"ASV_1656",1.04889495605544,0.0321102783233666,0.222,0.982973967684022
"ASV_1658",1.1905821687066,0.0369211873752952,0.037,0.982973967684022
"ASV_1662",3.43911442805446,0.0999329017666124,0.209,0.982973967684022
"ASV_1665",0.888114113581486,0.0276571336722389,0.111,0.982973967684022
"ASV_1672",0.680684903648301,0.0210509257323442,0.334,0.982973967684022
"ASV_1673",2.03373795178738,0.0616231204293648,0.237,0.982973967684022
"ASV_1674",1.02574014525053,0.0319452425936938,0.252,0.982973967684022
"ASV_1675",6.75246402870273,0.17891064469532,0.082,0.982973967684022
"ASV_1676",1.66710006679618,0.0510582489337982,0.078,0.982973967684022
"ASV_1677",4.34187487776916,0.122356809945656,0.297,0.982973967684022
"ASV_1678",3.46726369045515,0.101962843136773,0.016,0.982973967684022
"ASV_1686",2.89776630341339,0.0852416065038288,0.046,0.982973967684022
"ASV_1688",1.36440072495444,0.0417114481000857,0.059,0.982973967684022
"ASV_1691",0.637965921639442,0.0201933407851552,0.278,0.982973967684022
"ASV_1695",0.960899088494462,0.0294329950501444,0.36,0.982973967684022
"ASV_1696",2.04903875899439,0.0628214159884386,0.441,0.982973967684022
"ASV_1697",2.81464205823285,0.0834677286431976,0.356,0.982973967684022
"ASV_1699",1.55934637755059,0.0481845034861922,0.272,0.982973967684022
"ASV_1706",1.17926992841022,0.0346605671979403,0.136,0.982973967684022
"ASV_1708",0.423928902254931,0.0139323314787915,0.366,0.982973967684022
"ASV_1713",2.10056885982332,0.0625589594693451,0.121,0.982973967684022
"ASV_1716",1.90674632100114,0.0579046160171059,0.128,0.982973967684022
"ASV_1718",1.94063604507796,0.0582475885657861,0.004,0.982973967684022
"ASV_1720",2.67668328417488,0.0798817246032325,0.176,0.982973967684022
"ASV_1723",1.91026970612078,0.0583475560465292,0.093,0.982973967684022
"ASV_1728",1.22111900274263,0.0377559204000493,0.429,0.982973967684022
"ASV_1729",2.21399920512441,0.0668137662123987,0.181,0.982973967684022
"ASV_1730",3.9891956748836,0.114164386588583,0.107,0.982973967684022
"ASV_1731",6.17305650274619,0.167181611588154,0.026,0.982973967684022
"ASV_1735",0.839637328710796,0.0269771557166467,0.367,0.982973967684022
"ASV_1736",0.793972962855794,0.0246708478270878,0.426,0.982973967684022
"ASV_1738",0.314259344818822,0.010001999278231,0.394,0.982973967684022
"ASV_1741",3.96728027213636,0.11345688339204,0.196,0.982973967684022
"ASV_1754",2.83950855613453,0.084047689311312,0.128,0.982973967684022
"ASV_1757",3.95192662297826,0.113505661422358,0.095,0.982973967684022
"ASV_1758",1.06454911008893,0.0333078938059033,0.241,0.982973967684022
"ASV_1760",1.57936693817004,0.0484777181471509,0.402,0.982973967684022
"ASV_1763",0.891760269528739,0.0277700536982306,0.396,0.982973967684022
"ASV_1772",2.21880362187662,0.0665785131678657,0.005,0.982973967684022
"ASV_1775",0.945296180705394,0.0295900874846214,0.071,0.982973967684022
"ASV_1778",0.382237709316568,0.0123609222054289,0.428,0.982973967684022
"ASV_1780",2.46455761688165,0.0734905679214286,0.037,0.982973967684022
"ASV_1783",0.946743726291797,0.0305926466775228,0.182,0.982973967684022
"ASV_1797",1.29844625233756,0.0402039786403667,0.211,0.982973967684022
"ASV_1798",0.815768557368392,0.0258734672798821,0.402,0.982973967684022
"ASV_1799",1.81843227352788,0.054474065382243,0.448,0.982973967684022
"ASV_1801",0.836566504710046,0.0261356997410751,0.2,0.982973967684022
"ASV_1807",0.694814715304415,0.022615953360893,0.441,0.982973967684022
"ASV_1809",4.16499817343222,0.117413231828932,0.26,0.982973967684022
"ASV_1817",7.93279183473971,0.203787655986491,0.077,0.982973967684022
"ASV_1819",0.828233153278275,0.0260566154878925,0.379,0.982973967684022
"ASV_1822",3.08364386771613,0.090375277340478,0.037,0.982973967684022
"ASV_1823",3.24531151763393,0.0946337301994315,0.264,0.982973967684022
"ASV_1826",0.569976251994893,0.0184265809144886,0.216,0.982973967684022
"ASV_1827",3.2155850496683,0.0936385730247867,0.228,0.982973967684022
"ASV_1831",0.912118632624004,0.0288351931624271,0.324,0.982973967684022
"ASV_1833",1.60035801795085,0.0488172240811703,0.33,0.982973967684022
"ASV_1841",0.694208871500454,0.0218418692724383,0.428,0.982973967684022
"ASV_1845",0.696329786767487,0.021940952034049,0.422,0.982973967684022
"ASV_1848",0.323712735768811,0.0099574139267979,0.475,0.982973967684022
"ASV_1854",0.628783276380496,0.0198720552916516,0.127,0.982973967684022
"ASV_1855",0.720679303714461,0.0225377899432873,0.094,0.982973967684022
"ASV_1857",0.773683403870505,0.0242039947828215,0.315,0.982973967684022
"ASV_1858",1.23465487891436,0.0386380503331174,0.244,0.982973967684022
"ASV_1862",1.41988628669607,0.0439833774552359,0.097,0.982973967684022
"ASV_1871",4.27370660267506,0.119761633785957,0.259,0.982973967684022
"ASV_1875",2.71062980931118,0.0803981740623534,0.021,0.982973967684022
"ASV_1876",1.49307366495318,0.0459097815221845,0.31,0.982973967684022
"ASV_1879",0.732141700386151,0.0235104826382017,0.211,0.982973967684022
"ASV_1880",4.90703394765359,0.13588025582958,0.339,0.982973967684022
"ASV_1883",1.94921023335776,0.0589686425062333,0.318,0.982973967684022
"ASV_1887",0.709256556995665,0.0223670216206143,0.469,0.982973967684022
"ASV_1894",2.00624500585859,0.0607771125282271,0.447,0.982973967684022
"ASV_1897",1.56329841106536,0.0478474645086727,0.376,0.982973967684022
"ASV_1904",1.5213200761456,0.0468210025983704,0.475,0.982973967684022
"ASV_1908",0.898839216883541,0.0281283271500203,0.297,0.982973967684022
"ASV_1912",1.6660552442925,0.0512307103724022,0.098,0.982973967684022
"ASV_1918",3.79278397147994,0.109447538072931,0.062,0.982973967684022
"ASV_1920",1.65380392439777,0.0502656416919911,0.355,0.982973967684022
"ASV_1922",1.72531972039734,0.0529855480829543,0.222,0.982973967684022
"ASV_1923",0.82591534747459,0.0255323200889687,0.476,0.982973967684022
"ASV_1927",1.70766887086002,0.0517590266150114,0.177,0.982973967684022
"ASV_1938",2.86669112278478,0.0845457872850846,0.208,0.982973967684022
"ASV_1940",3.94927758918038,0.11303477364489,0.041,0.982973967684022
"ASV_1948",3.90068147744972,0.112908338517827,0.128,0.982973967684022
"ASV_1952",2.27017628671525,0.0682401005731752,0.394,0.982973967684022
"ASV_1953",0.994625976009771,0.0298473176206326,0.473,0.982973967684022
"ASV_1955",0.540645323032908,0.0166566849886837,0.429,0.982973967684022
"ASV_1962",1.68342306727993,0.0508275862143335,0.337,0.982973967684022
"ASV_1964",1.23753434434743,0.0383747666886795,0.095,0.982973967684022
"ASV_1965",1.56184250172678,0.0479809387606368,0.318,0.982973967684022
"ASV_1966",0.304278974422961,0.00943522354523316,0.09,0.982973967684022
"ASV_1969",2.22704685859713,0.066889372365808,0.021,0.982973967684022
"ASV_1972",2.0201560901257,0.0616907306599518,0.398,0.982973967684022
"ASV_1973",2.21100478149343,0.0662402553894735,0.338,0.982973967684022
"ASV_1975",0.942015781284212,0.029656465427694,0.329,0.982973967684022
"ASV_1996",2.0002208981652,0.0603951087294333,0.222,0.982973967684022
"ASV_1998",3.28340742774447,0.0968534548346689,0.033,0.982973967684022
"ASV_2007",1.28883603166509,0.0393435447857724,0.273,0.982973967684022
"ASV_2013",1.45379560984735,0.0462471079623315,0.264,0.982973967684022
"ASV_2024",1.86911840886695,0.0568218152155763,0.327,0.982973967684022
"ASV_2028",2.05697140346188,0.0622175620581743,0.169,0.982973967684022
"ASV_2031",3.17328223494217,0.0929967866017177,0.09,0.982973967684022
"ASV_2033",1.86644931570426,0.0562550984446182,0.38,0.982973967684022
"ASV_2034",0.310381625816568,0.00992198219297022,0.449,0.982973967684022
"ASV_2037",0.289293629802958,0.0088337481392352,0.406,0.982973967684022
"ASV_2043",0.364459936763744,0.0115998383006641,0.458,0.982973967684022
"ASV_2044",3.65192643998433,0.105005379297761,0.283,0.982973967684022
"ASV_2050",1.42922785186912,0.043883716352152,0.127,0.982973967684022
"ASV_2055",4.73213294677506,0.133492440701119,0.221,0.982973967684022
"ASV_2056",5.4956765516164,0.149981525365899,0.022,0.982973967684022
"ASV_2059",0.803920473489129,0.0251472751200757,0.211,0.982973967684022
"ASV_2060",3.18928434339157,0.093639455324113,0.006,0.982973967684022
"ASV_2061",0.671611228060658,0.0217774333695771,0.475,0.982973967684022
"ASV_2063",7.01796855819659,0.184617687969268,0.451,0.982973967684022
"ASV_2065",1.10131524150415,0.0340014264212248,0.373,0.982973967684022
"ASV_2068",1.86932695912675,0.0567097626643832,0.273,0.982973967684022
"ASV_2071",1.52924805694162,0.0474104032433989,0.344,0.982973967684022
"ASV_2073",4.60901504377728,0.129474589915657,0.431,0.982973967684022
"ASV_2075",1.94898556424615,0.0597838170802948,0.163,0.982973967684022
"ASV_2079",1.26694988907295,0.0398399997289487,0.39,0.982973967684022
"ASV_2087",1.88506798500901,0.0573736644810063,0.203,0.982973967684022
"ASV_2088",2.05079120046429,0.062263617706158,0.185,0.982973967684022
"ASV_2097",3.75155801721003,0.108335170542611,0.017,0.982973967684022
"ASV_2098",2.9204708016864,0.0851768903051634,0.144,0.982973967684022
"ASV_2105",2.12397279974016,0.0650096103117701,0.223,0.982973967684022
"ASV_2108",0.854332781988676,0.0265860212820528,0.21,0.982973967684022
"ASV_2111",1.31743176072514,0.0405349760618028,0.248,0.982973967684022
"ASV_2114",1.1500305150102,0.0358150255298765,0.008,0.982973967684022
"ASV_2118",0.21887028308852,0.00720694009150906,0.276,0.982973967684022
"ASV_2121",1.83866508491024,0.0562048677219435,0.041,0.982973967684022
"ASV_2126",1.54415327894743,0.0477448927887177,0.18,0.982973967684022
"ASV_2127",6.34622452770016,0.169197697493816,0.017,0.982973967684022
"ASV_2129",0.569212776655877,0.0179225325878265,0.308,0.982973967684022
"ASV_2130",0.648980247409089,0.0199969713472595,0.334,0.982973967684022
"ASV_2134",9.41123427465927,0.233125518036057,0.032,0.982973967684022
"ASV_2138",1.22665989003334,0.036814754330736,0.247,0.982973967684022
"ASV_2139",3.31965442547402,0.0951334189772733,0.252,0.982973967684022
"ASV_2140",0.64693783607166,0.0206937739842285,0.423,0.982973967684022
"ASV_2153",2.58656736860092,0.0773674168712758,0.098,0.982973967684022
"ASV_2158",2.67070445335664,0.0790956750506229,0.059,0.982973967684022
"ASV_2163",1.06531245290785,0.0332308326964816,0.204,0.982973967684022
"ASV_2165",0.288754538337174,0.00942764255889338,0.402,0.982973967684022
"ASV_2167",1.49334608454342,0.0457664532930775,0.423,0.982973967684022
"ASV_2168",2.74227453468855,0.0808732735563683,0.006,0.982973967684022
"ASV_2169",0.897995601288589,0.0283358042117645,0.424,0.982973967684022
"ASV_2170",0.976599557702685,0.0301840511503895,0.389,0.982973967684022
"ASV_2172",1.72267601931642,0.053585429017685,0.366,0.982973967684022
"ASV_2176",2.60762864175962,0.0777047658803108,0.308,0.982973967684022
"ASV_2177",2.35819590489567,0.0708058790475774,0.095,0.982973967684022
"ASV_2178",1.94138349908565,0.058332968151892,0.246,0.982973967684022
"ASV_2182",1.59598125271431,0.0484080558734045,0.351,0.982973967684022
"ASV_2186",1.81330250008245,0.054762707929361,0.425,0.982973967684022
"ASV_2188",2.46568752426321,0.0740729824980281,0.126,0.982973967684022
"ASV_2189",6.92018100458721,0.182264083870361,0.05,0.982973967684022
"ASV_2190",1.63129780227098,0.0497067859861621,0.302,0.982973967684022
"ASV_2191",0.692008955236456,0.0214881220352608,0.397,0.982973967684022
"ASV_2192",0.746345856050465,0.0235543667793642,0.438,0.982973967684022
"ASV_2197",0.713663941954952,0.0223811468382973,0.095,0.982973967684022
"ASV_2200",3.31137880541622,0.0970444017135256,0.049,0.982973967684022
"ASV_2203",1.28794530501921,0.039156321411443,0.333,0.982973967684022
"ASV_2204",2.82504914416296,0.0825528513837709,0.341,0.982973967684022
"ASV_2208",2.91912212027054,0.0862261207430925,0.091,0.982973967684022
"ASV_2212",2.82841950296424,0.084862137792526,0.044,0.982973967684022
"ASV_2214",0.602209501753076,0.0188094109648759,0.254,0.982973967684022
"ASV_2217",3.41904979033091,0.0996507082073769,0.004,0.982973967684022
"ASV_2222",1.89865063928753,0.058064940932488,0.213,0.982973967684022
"ASV_2224",1.73800162083594,0.0532427460525821,0.283,0.982973967684022
"ASV_2228",3.21859142634646,0.0930810949456696,0.094,0.982973967684022
"ASV_2233",0.616766463775199,0.0184349584997272,0.038,0.982973967684022
"ASV_2237",0.843058035492724,0.0271739928101566,0.204,0.982973967684022
"ASV_2238",3.41983238135458,0.0986289374879028,0.145,0.982973967684022
"ASV_2241",2.99722934719017,0.0868232354663306,0.192,0.982973967684022
"ASV_2248",2.82296702106784,0.0833993666865554,0.082,0.982973967684022
"ASV_2250",2.70275440246103,0.0801531485458027,0.043,0.982973967684022
"ASV_2255",2.2460034334945,0.0673328334920617,0.19,0.982973967684022
"ASV_2257",2.69884657086116,0.0802796690637399,0.02,0.982973967684022
"ASV_2260",0.62819715346983,0.0196538032034401,0.378,0.982973967684022
"ASV_2268",0.917965883572363,0.0287428957375279,0.335,0.982973967684022
"ASV_2269",2.50741078590201,0.0746932197116413,0.292,0.982973967684022
"ASV_2270",0.456290088819765,0.0143928684203997,0.19,0.982973967684022
"ASV_2272",0.254677453105583,0.0080583755007691,0.467,0.982973967684022
"ASV_2274",4.74588844778798,0.132615906623643,0.087,0.982973967684022
"ASV_2276",2.68761405553466,0.0796874622450507,0.142,0.982973967684022
"ASV_2277",0.881046952105031,0.027996347731118,0.462,0.982973967684022
"ASV_2281",1.06205455444214,0.0330985999786552,0.011,0.982973967684022
"ASV_2286",1.36345983314978,0.0425424126470514,0.474,0.982973967684022
"ASV_2288",1.84187944339971,0.0551542458911,0.436,0.982973967684022
"ASV_2289",1.92906599291952,0.0585936363654725,0.29,0.982973967684022
"ASV_2291",0.819604178548265,0.02581229441622,0.408,0.982973967684022
"ASV_2294",1.96911332264136,0.0597790059666345,0.065,0.982973967684022
"ASV_2298",1.98521708431255,0.060423490049908,0.263,0.982973967684022
"ASV_2299",1.42012436411483,0.0438937427877615,0.12,0.982973967684022
"ASV_2300",1.49419877844014,0.0467086952640989,0.352,0.982973967684022
"ASV_2302",0.654995102608723,0.0213141860511114,0.277,0.982973967684022
"ASV_2312",1.81196587327479,0.055183696943456,0.146,0.982973967684022
"ASV_2316",2.82641972162471,0.0835587012924089,0.024,0.982973967684022
"ASV_2318",0.746227324641847,0.0229932205789217,0.067,0.982973967684022
"ASV_2321",2.0816136858034,0.0634131587352364,0.388,0.982973967684022
"ASV_2325",4.31359509499526,0.122438928624198,0.427,0.982973967684022
"ASV_2327",1.5684708278723,0.0484395472205584,0.354,0.982973967684022
"ASV_2328",0.568028469837506,0.0186878574194255,0.38,0.982973967684022
"ASV_2332",5.09105667330543,0.141290510531426,0.014,0.982973967684022
"ASV_2344",1.67096735084441,0.052350440591317,0.19,0.982973967684022
"ASV_2349",3.18290093793034,0.0930121805737539,0.123,0.982973967684022
"ASV_2351",1.11901541340646,0.0345283120406662,0.412,0.982973967684022
"ASV_2352",2.4789389706273,0.0749555021495865,0.3,0.982973967684022
"ASV_2358",1.55119448792284,0.0478813158335435,0.124,0.982973967684022
"ASV_2359",0.760725706398735,0.0250479303372817,0.209,0.982973967684022
"ASV_2360",1.66231752337181,0.0507448402809435,0.175,0.982973967684022
"ASV_2362",1.79176736126068,0.0545599739717675,0.241,0.982973967684022
"ASV_2363",3.56284843137626,0.103090126534299,0.04,0.982973967684022
"ASV_2365",0.736965943419136,0.0232620421777044,0.415,0.982973967684022
"ASV_2366",1.33022769236928,0.041092997306871,0.122,0.982973967684022
"ASV_2369",3.08324139860893,0.0905858767752343,0.231,0.982973967684022
"ASV_2373",0.95492218011443,0.0311500537775699,0.023,0.982973967684022
"ASV_2374",1.02401612875819,0.0320563160715259,0.401,0.982973967684022
"ASV_2385",3.16755664851899,0.0924871546567009,0.164,0.982973967684022
"ASV_2390",0.914625821310206,0.028879712170624,0.292,0.982973967684022
"ASV_2394",0.951675979481542,0.0297100576868792,0.412,0.982973967684022
"ASV_2397",0.860506838142342,0.0279745827940504,0.342,0.982973967684022
"ASV_2399",0.837021313135734,0.0266038906327995,0.291,0.982973967684022
"ASV_2403",1.51378856744534,0.0472895405459838,0.128,0.982973967684022
"ASV_2406",1.61947945038023,0.0497125204815555,0.247,0.982973967684022
"ASV_2407",2.66992601104876,0.0789945936536245,0.179,0.982973967684022
"ASV_2411",0.799383749908783,0.0254259842831763,0.44,0.982973967684022
"ASV_2422",2.24017125073048,0.067899637892598,0.395,0.982973967684022
"ASV_2425",1.70667301888958,0.0524362083160335,0.09,0.982973967684022
"ASV_2427",3.36202007917626,0.0992730373607089,0.387,0.982973967684022
"ASV_2433",0.891586943819689,0.0277765421677732,0.325,0.982973967684022
"ASV_2436",2.43888930547658,0.0719707930842605,0.103,0.982973967684022
"ASV_2438",1.3015351816043,0.0396935089608192,0.227,0.982973967684022
"ASV_2440",3.49152120462362,0.100654842599996,0.372,0.982973967684022
"ASV_2443",0.995283029032238,0.0313903131454459,0.469,0.982973967684022
"ASV_2448",4.02488229011525,0.115777093922501,0.014,0.982973967684022
"ASV_2449",1.38240278781664,0.0422509282442321,0.083,0.982973967684022
"ASV_2450",0.934495920800988,0.0299844905893491,0.453,0.982973967684022
"ASV_2451",1.40705119502781,0.0443721457520349,0.285,0.982973967684022
"ASV_2460",1.85308934262746,0.0565403862442487,0.208,0.982973967684022
"ASV_2465",2.00605001233316,0.060911519905118,0.226,0.982973967684022
"ASV_2470",2.65187536797175,0.0798585639697529,0.225,0.982973967684022
"ASV_2473",0.609402626793821,0.019364596270422,0.436,0.982973967684022
"ASV_2474",0.862511343532035,0.0270983282523358,0.442,0.982973967684022
"ASV_2476",0.736941451576509,0.0233034734802468,0.248,0.982973967684022
"ASV_2478",2.14097644964555,0.0648411864743894,0.347,0.982973967684022
"ASV_2479",1.73735404321554,0.0529202925622391,0.17,0.982973967684022
"ASV_2484",5.69097976972797,0.154931805848964,0.453,0.982973967684022
"ASV_2485",2.80775206995638,0.0831143140900582,0.01,0.982973967684022
"ASV_2489",0.764521763249946,0.0241375850639997,0.164,0.982973967684022
"ASV_2491",0.710104703260448,0.022259384925565,0.438,0.982973967684022
"ASV_2492",1.84886163251433,0.0563036055851,0.169,0.982973967684022
"ASV_2493",3.34735325051573,0.097174149526795,0.034,0.982973967684022
"ASV_2495",0.396194335018426,0.0123888019638038,0.446,0.982973967684022
"ASV_2500",2.88431443145346,0.0847776305159529,0.008,0.982973967684022
"ASV_2506",1.92466660088317,0.0583078162720466,0.238,0.982973967684022
"ASV_2511",8.19788967098047,0.208671293546521,0.026,0.982973967684022
"ASV_2512",0.656317530884509,0.0208208342904842,0.42,0.982973967684022
"ASV_2518",3.30313301650488,0.0965383314259461,0.028,0.982973967684022
"ASV_2520",3.11615998293551,0.0912667139431749,0.274,0.982973967684022
"ASV_2522",6.33076060830044,0.170287212181797,0.017,0.982973967684022
"ASV_2529",0.441222509103801,0.0136180134374674,0.296,0.982973967684022
"ASV_2531",3.58890376020954,0.103545743401452,0.087,0.982973967684022
"ASV_2533",1.91522261969688,0.05825506455733,0.045,0.982973967684022
"ASV_2535",1.34348390621555,0.0415040765923779,0.215,0.982973967684022
"ASV_2537",0.371091925221168,0.0114270801896597,0.279,0.982973967684022
"ASV_2539",2.89164070748048,0.0852188961050599,0.343,0.982973967684022
"ASV_2540",2.64316550774897,0.0787743878634574,0.415,0.982973967684022
"ASV_2541",2.51269868219922,0.075307213152579,0.164,0.982973967684022
"ASV_2553",0.820797988493609,0.0263255164407071,0.411,0.982973967684022
"ASV_2554",0.834514762820939,0.0256761749658224,0.228,0.982973967684022
"ASV_2558",1.40780182620594,0.0443851725345092,0.451,0.982973967684022
"ASV_2560",1.08079391353602,0.0345090043603521,0.161,0.982973967684022
"ASV_2561",1.07738964514866,0.0339061258671066,0.467,0.982973967684022
"ASV_2562",2.29491211963123,0.0679113937982472,0.096,0.982973967684022
"ASV_2569",1.40949435222014,0.0435724574901417,0.109,0.982973967684022
"ASV_2572",1.14317367131321,0.0355748891180322,0.225,0.982973967684022
"ASV_2574",3.43220336276084,0.0996938641627561,0.141,0.982973967684022
"ASV_2575",4.66575283523942,0.131587314010568,0.023,0.982973967684022
"ASV_2581",2.12247928146254,0.0640598839519377,0.283,0.982973967684022
"ASV_2586",0.758914679719163,0.0240860130159545,0.412,0.982973967684022
"ASV_2594",1.86105363626014,0.0579079042541766,0.416,0.982973967684022
"ASV_2596",1.0746209643076,0.033404887241533,0.056,0.982973967684022
"ASV_2600",4.17792097293401,0.117511486028612,0.151,0.982973967684022
"ASV_2601",3.1247663766423,0.0915715894074723,0.077,0.982973967684022
"ASV_2608",0.423640378000019,0.0134342187515321,0.174,0.982973967684022
"ASV_2609",6.33660235204866,0.169697389321722,0.222,0.982973967684022
"ASV_2616",1.6178861930074,0.0495912482770064,0.184,0.982973967684022
"ASV_2617",0.835353593956344,0.0266100982016017,0.242,0.982973967684022
"ASV_2621",1.00748436217032,0.0313165994402306,0.314,0.982973967684022
"ASV_2623",1.08334758635973,0.0338708844304036,0.366,0.982973967684022
"ASV_2624",1.69424059311215,0.0518530258906166,0.141,0.982973967684022
"ASV_2625",1.70812395752227,0.0524724434832753,0.101,0.982973967684022
"ASV_2627",0.237495630094411,0.00747469140166566,0.475,0.982973967684022
"ASV_2634",2.28982357928667,0.0705173467395542,0.12,0.982973967684022
"ASV_2640",1.121639602949,0.034984428152851,0.402,0.982973967684022
"ASV_2643",1.65481619048228,0.0521632526654902,0.043,0.982973967684022
"ASV_2644",2.0075725449392,0.0603336674168747,0.399,0.982973967684022
"ASV_2645",3.94819166925311,0.113930013699333,0.106,0.982973967684022
"ASV_2651",1.71202756342778,0.0523525756163648,0.277,0.982973967684022
"ASV_2655",3.08348343972286,0.0907274765273804,0.328,0.982973967684022
"ASV_2657",4.4854682384968,0.127130155790521,0.055,0.982973967684022
"ASV_2669",0.409124221448758,0.0121302205500526,0.38,0.982973967684022
"ASV_2674",3.0029447386077,0.088508171130157,0.128,0.982973967684022
"ASV_2676",3.35649451853785,0.0983906268937546,0.151,0.982973967684022
"ASV_2677",3.60888883769972,0.103395227348672,0.046,0.982973967684022
"ASV_2684",1.18137346819367,0.0372085253272527,0.287,0.982973967684022
"ASV_2687",1.94423002937693,0.0595234422297878,0.184,0.982973967684022
"ASV_2691",2.14303985821658,0.0642928302916473,0.142,0.982973967684022
"ASV_2693",1.5929644964283,0.0502340067829554,0.133,0.982973967684022
"ASV_2695",0.734039385515131,0.0230158059578308,0.379,0.982973967684022
"ASV_2698",1.01675613718432,0.0314658514929332,0.307,0.982973967684022
"ASV_2701",2.7144879130448,0.0791726775909626,0.309,0.982973967684022
"ASV_2702",0.839373918890237,0.0282683516676529,0.196,0.982973967684022
"ASV_2704",1.43743529734371,0.0443129680581029,0.444,0.982973967684022
"ASV_2706",0.535379434600261,0.0170008584549768,0.013,0.982973967684022
"ASV_2712",5.89871540913956,0.159764489381958,0.006,0.982973967684022
"ASV_2717",1.23431172144963,0.0383739051368855,0.169,0.982973967684022
"ASV_2719",2.46799274604377,0.0737500815801522,0.116,0.982973967684022
"ASV_2721",2.3965277276706,0.0721681391741352,0.306,0.982973967684022
"ASV_2723",3.05787258036237,0.0896342336115375,0.03,0.982973967684022
"ASV_2732",0.52020750809715,0.016355376678609,0.158,0.982973967684022
"ASV_2735",1.98306883152463,0.06028056208595,0.385,0.982973967684022
"ASV_2740",0.585062863574475,0.0184893678456564,0.409,0.982973967684022
"ASV_2741",0.765116759755885,0.0250332515884333,0.312,0.982973967684022
"ASV_2746",2.51122593002054,0.0749418836270404,0.349,0.982973967684022
"ASV_2749",0.977327717383422,0.029806000240307,0.306,0.982973967684022
"ASV_2751",2.98024755002465,0.0876702565341658,0.139,0.982973967684022
"ASV_2758",1.48413323889084,0.0464436968105435,0.182,0.982973967684022
"ASV_2761",1.60180054127005,0.0491680873164744,0.159,0.982973967684022
"ASV_2764",0.741981553271444,0.0229665688625673,0.05,0.982973967684022
"ASV_2767",1.38214989272579,0.0422085105869208,0.202,0.982973967684022
"ASV_2770",2.82953661176465,0.0841592111092977,0.373,0.982973967684022
"ASV_2773",1.1885181984096,0.0373707923314116,0.226,0.982973967684022
"ASV_2774",3.06052130816734,0.0904606783004901,0.284,0.982973967684022
"ASV_2776",0.715374596056308,0.0228743673780299,0.252,0.982973967684022
"ASV_2787",0.599229900955438,0.0191474413789325,0.468,0.982973967684022
"ASV_2794",1.4850382859479,0.0456564272697234,0.141,0.982973967684022
"ASV_2799",3.97460179324778,0.114665106116217,0.03,0.982973967684022
"ASV_2804",1.40561562442675,0.0443577453030742,0.202,0.982973967684022
"ASV_2808",1.41670533629049,0.0434503303135075,0.332,0.982973967684022
"ASV_2811",0.970632864027572,0.030441969885209,0.213,0.982973967684022
"ASV_2813",0.681846145338997,0.0214313070649675,0.18,0.982973967684022
"ASV_2815",4.36702147581576,0.122810232213586,0.324,0.982973967684022
"ASV_2817",1.31101909304076,0.0405142487479649,0.477,0.982973967684022
"ASV_2818",1.61574461737929,0.050301160318896,0.117,0.982973967684022
"ASV_2826",1.40658929518124,0.0433599377096633,0.385,0.982973967684022
"ASV_2828",2.5843606667433,0.077147300024269,0.024,0.982973967684022
"ASV_2832",3.21999251919951,0.093539638098938,0.298,0.982973967684022
"ASV_2834",1.37414334737582,0.0439209928617968,0.126,0.982973967684022
"ASV_2835",0.356332325364448,0.0114120486659458,0.458,0.982973967684022
"ASV_2836",2.11087457029318,0.0637614948884642,0.131,0.982973967684022
"ASV_2842",3.42562424869045,0.0995025411639311,0.122,0.982973967684022
"ASV_2844",5.35702546140399,0.148348840414736,0.03,0.982973967684022
"ASV_2849",1.81912589261813,0.0555434078051345,0.428,0.982973967684022
"ASV_2854",0.403965459927925,0.0127994572090186,0.202,0.982973967684022
"ASV_2855",3.44456717283614,0.0990000929181934,0.051,0.982973967684022
"ASV_2857",1.96206168223175,0.0599849759516487,0.369,0.982973967684022
"ASV_2864",3.207803580139,0.0927944209982587,0.19,0.982973967684022
"ASV_2870",0.525699453037992,0.0167163125578284,0.319,0.982973967684022
"ASV_2873",0.466508667212738,0.0136310579976701,0.321,0.982973967684022
"ASV_2874",3.75925636538479,0.106425392075854,0.274,0.982973967684022
"ASV_2881",1.66972818880828,0.0500738964840196,0.247,0.982973967684022
"ASV_2884",0.952969848780599,0.0301644114789733,0.281,0.982973967684022
"ASV_2886",2.69899206055466,0.0801357341123895,0.266,0.982973967684022
"ASV_2887",1.17452725226235,0.0372843485656611,0.091,0.982973967684022
"ASV_2893",3.82786970724877,0.110497484365788,0.054,0.982973967684022
"ASV_2896",6.97522440434558,0.184335923153438,0.073,0.982973967684022
"ASV_2907",1.77945963928024,0.0531083957857506,0.373,0.982973967684022
"ASV_2909",2.09387028384987,0.0636652295155997,0.165,0.982973967684022
"ASV_2912",1.87232205103871,0.0573668468927969,0.27,0.982973967684022
"ASV_2920",3.92737377220291,0.112683489485995,0.192,0.982973967684022
"ASV_2926",1.86600166625191,0.0559926228833163,0.392,0.982973967684022
"ASV_2930",0.376787558035134,0.0115397303842213,0.442,0.982973967684022
"ASV_2940",0.665117996273104,0.0198863921172445,0.098,0.982973967684022
"ASV_2948",1.26092487217602,0.0393590667069335,0.36,0.982973967684022
"ASV_2950",1.63495182672153,0.0509567488415416,0.266,0.982973967684022
"ASV_2951",0.880987962917331,0.0276430009621333,0.411,0.982973967684022
"ASV_2960",0.662267216110029,0.0212818896372582,0.236,0.982973967684022
"ASV_2964",2.28283671011491,0.0682788849051054,0.056,0.982973967684022
"ASV_2972",0.522332874311129,0.0165452107442613,0.097,0.982973967684022
"ASV_2973",1.03589108816279,0.0310602290672553,0.27,0.982973967684022
"ASV_2974",1.40225082729641,0.0453577365841689,0.427,0.982973967684022
"ASV_2975",1.17921028386231,0.0378422505742933,0.042,0.982973967684022
"ASV_2977",1.24289617297401,0.0381839129469735,0.323,0.982973967684022
"ASV_2980",0.717273726386152,0.0220565453529215,0.436,0.982973967684022
"ASV_2986",0.479942580095528,0.0151837362990317,0.463,0.982973967684022
"ASV_2988",1.63851122252131,0.0503927796334427,0.241,0.982973967684022
"ASV_2993",9.48319256944045,0.232774945692447,0.038,0.982973967684022
"ASV_3001",0.973774355952631,0.0300798182522313,0.3,0.982973967684022
"ASV_3003",2.76231526070934,0.0817000872068527,0.036,0.982973967684022
"ASV_3009",1.25052935370686,0.0386827849621494,0.398,0.982973967684022
"ASV_3010",1.94054034015407,0.0591296028928637,0.395,0.982973967684022
"ASV_3011",1.84521916007451,0.0562376475215479,0.005,0.982973967684022
"ASV_3022",0.606947235835393,0.0192672487320285,0.271,0.982973967684022
"ASV_3024",1.14832062021332,0.0352471580695592,0.379,0.982973967684022
"ASV_3034",0.948791558852724,0.0294744298477285,0.363,0.982973967684022
"ASV_3045",4.15633729250692,0.118251241429685,0.18,0.982973967684022
"ASV_3051",2.60362989804032,0.0774445445808299,0.122,0.982973967684022
"ASV_3054",0.263932149058701,0.00882421498882472,0.433,0.982973967684022
"ASV_3056",0.998671688266648,0.0314830948309278,0.4,0.982973967684022
"ASV_3057",5.60454932735878,0.154595830363825,0.009,0.982973967684022
"ASV_3062",2.81775334556223,0.0838291749326589,0.249,0.982973967684022
"ASV_3065",1.80753860751492,0.0550026005630044,0.234,0.982973967684022
"ASV_3078",1.49519217524445,0.0458309595211951,0.227,0.982973967684022
"ASV_3084",0.457448248429476,0.0147618777208174,0.312,0.982973967684022
"ASV_3085",2.68286442993936,0.0793152867068866,0.386,0.982973967684022
"ASV_3086",0.431028173205364,0.0137305035256596,0.243,0.982973967684022
"ASV_3088",3.38859832544168,0.0988609036421228,0.007,0.982973967684022
"ASV_3090",1.5128820296326,0.0465349198145283,0.403,0.982973967684022
"ASV_3091",0.860939368160248,0.0270204184877175,0.301,0.982973967684022
"ASV_3095",3.49153364714918,0.100828488709387,0.096,0.982973967684022
"ASV_3099",2.13911801326039,0.0645161345091935,0.192,0.982973967684022
"ASV_3104",1.4593259131598,0.0454179265856761,0.173,0.982973967684022
"ASV_3107",2.35605381495126,0.0690707662860993,0.349,0.982973967684022
"ASV_3118",0.643922020315042,0.020205000782136,0.254,0.982973967684022
"ASV_3120",2.62261661911114,0.0780164257619149,0.112,0.982973967684022
"ASV_3128",2.00683375247403,0.0608543922179559,0.17,0.982973967684022
"ASV_3131",1.87568710378668,0.0575457210689317,0.172,0.982973967684022
"ASV_3136",0.141639957533408,0.00412510974390853,0.343,0.982973967684022
"ASV_3142",3.13661238570365,0.0921276099919559,0.011,0.982973967684022
"ASV_3145",0.531226938843927,0.0169876272051198,0.448,0.982973967684022
"ASV_3151",1.2110275629899,0.03798668497057,0.08,0.982973967684022
"ASV_3152",2.00846641707188,0.0607318939482439,0.324,0.982973967684022
"ASV_3154",3.65246146015785,0.105609129214753,0.022,0.982973967684022
"ASV_3157",1.0140835477985,0.031643021819942,0.15,0.982973967684022
"ASV_3163",0.561210640347576,0.0183408936578353,0.431,0.982973967684022
"ASV_3170",0.713260527511859,0.022938151887588,0.227,0.982973967684022
"ASV_3172",3.67609020875259,0.106965546911714,0.227,0.982973967684022
"ASV_3173",2.35301901757504,0.0706938899964452,0.37,0.982973967684022
"ASV_3178",2.03440778065231,0.0611644556145386,0.222,0.982973967684022
"ASV_3180",1.04380781794572,0.0325725603652439,0.134,0.982973967684022
"ASV_3182",1.15442765612984,0.0361808160104877,0.116,0.982973967684022
"ASV_3184",1.04335335204271,0.0326906153516171,0.118,0.982973967684022
"ASV_3189",0.661523769322019,0.0211457884409578,0.208,0.982973967684022
"ASV_3192",4.78218116110942,0.134482134014135,0.187,0.982973967684022
"ASV_3193",0.60220517646999,0.0195727680378635,0.453,0.982973967684022
"ASV_3196",1.67273826733306,0.0512988304208635,0.299,0.982973967684022
"ASV_3198",2.66352895171796,0.0782266749861311,0.236,0.982973967684022
"ASV_3199",1.10163831043396,0.0348678504455342,0.086,0.982973967684022
"ASV_3203",1.5167913100845,0.0470861280995477,0.466,0.982973967684022
"ASV_3206",4.80429742014708,0.134040994052491,0.111,0.982973967684022
"ASV_3211",1.16080768937792,0.0350644807994285,0.466,0.982973967684022
"ASV_3212",3.70621291211255,0.10677983483114,0.006,0.982973967684022
"ASV_3213",1.27309124674494,0.0396134756194605,0.279,0.982973967684022
"ASV_3218",3.56535143918047,0.102779823052903,0.21,0.982973967684022
"ASV_3219",1.64453322045177,0.0500680192473334,0.221,0.982973967684022
"ASV_3222",3.56912145863357,0.103124162766043,0.078,0.982973967684022
"ASV_3228",0.667543164319973,0.0210188617364335,0.434,0.982973967684022
"ASV_3230",1.00386088234825,0.0310556728212809,0.122,0.982973967684022
"ASV_3231",0.958623971430025,0.0308705377989481,0.085,0.982973967684022
"ASV_3233",2.37687449951309,0.071236733988511,0.385,0.982973967684022
"ASV_3234",1.10800768779207,0.0336510442085667,0.387,0.982973967684022
"ASV_3235",1.85182227489628,0.0561322904340165,0.079,0.982973967684022
"ASV_3241",1.93551552056408,0.0609775416375617,0.001,0.982973967684022
"ASV_3244",1.00193783212717,0.0313292120524764,0.451,0.982973967684022
"ASV_3245",1.86445718215789,0.0562552060485824,0.032,0.982973967684022
"ASV_3248",1.66683006106582,0.0511217710871604,0.345,0.982973967684022
"ASV_3252",0.797398694847448,0.0252362734994121,0.271,0.982973967684022
"ASV_3253",0.557731111911298,0.0177077849266746,0.186,0.982973967684022
"ASV_3259",4.98867196249639,0.138744831298717,0.294,0.982973967684022
"ASV_3261",1.52208395204561,0.0466291700378553,0.299,0.982973967684022
"ASV_3264",2.58169293793925,0.0769840347834381,0.257,0.982973967684022
"ASV_3265",0.943100028574121,0.0293311892584465,0.432,0.982973967684022
"ASV_3269",0.706307812030291,0.0223974649154556,0.322,0.982973967684022
"ASV_3275",0.856537686724236,0.0266399133774813,0.46,0.982973967684022
"ASV_3286",1.495684915328,0.045712141273027,0.259,0.982973967684022
"ASV_3288",2.14655901575686,0.0635929641318595,0.445,0.982973967684022
"ASV_3289",2.91275740714641,0.0859066036062757,0.008,0.982973967684022
"ASV_3293",1.6163219353304,0.0496459499154868,0.328,0.982973967684022
"ASV_3295",0.695951695976925,0.0224584001331507,0.167,0.982973967684022
"ASV_3296",1.05756963465785,0.0325807894508755,0.119,0.982973967684022
"ASV_3298",0.877023963399534,0.0269615108090854,0.282,0.982973967684022
"ASV_3299",1.48450730427511,0.0454181119926792,0.05,0.982973967684022
"ASV_3300",5.47460932062727,0.150601195712662,0.054,0.982973967684022
"ASV_3306",2.11654991988561,0.0641465127936787,0.264,0.982973967684022
"ASV_3313",1.54029980688925,0.0474560295234146,0.291,0.982973967684022
"ASV_3314",0.444622105840342,0.0141352995205649,0.369,0.982973967684022
"ASV_3320",4.75650442889541,0.131278865276094,0.108,0.982973967684022
"ASV_3328",0.951846306276224,0.0293900001459684,0.354,0.982973967684022
"ASV_3332",2.21041194912674,0.066564803962702,0.269,0.982973967684022
"ASV_3333",2.27777521530948,0.0686115533638135,0.07,0.982973967684022
"ASV_3335",1.89861636962393,0.0572281669473091,0.13,0.982973967684022
"ASV_3336",0.624473956984953,0.0197602128083665,0.474,0.982973967684022
"ASV_3337",2.08704567654522,0.0639641080593681,0.064,0.982973967684022
"ASV_3338",1.5304781743051,0.0469766816790687,0.072,0.982973967684022
"ASV_3340",0.740703835323873,0.0233320542592002,0.347,0.982973967684022
"ASV_3343",1.22628652373975,0.0380625215049133,0.41,0.982973967684022
"ASV_3347",1.23847264228927,0.0383076914967195,0.134,0.982973967684022
"ASV_3351",1.87477324143884,0.0572776575763917,0.1,0.982973967684022
"ASV_3354",0.787698193914175,0.0242351668164423,0.361,0.982973967684022
"ASV_3363",0.403358475974529,0.0122866915833614,0.406,0.982973967684022
"ASV_3364",2.41475372813503,0.0723357903135592,0.19,0.982973967684022
"ASV_3366",0.835636822778108,0.0260947404995601,0.185,0.982973967684022
"ASV_3369",2.55822013396653,0.0764572759256033,0.366,0.982973967684022
"ASV_3372",1.97833726392429,0.0598664897777159,0.122,0.982973967684022
"ASV_3373",3.14853557165901,0.0919087933871621,0.05,0.982973967684022
"ASV_3377",1.04665879539166,0.0331528703613404,0.279,0.982973967684022
"ASV_3381",0.636300276662172,0.0195553536756572,0.475,0.982973967684022
"ASV_3397",6.43806240556054,0.171336317704323,0.234,0.982973967684022
"ASV_3399",3.58891922872458,0.103842965404462,0.023,0.982973967684022
"ASV_3402",0.713607507058271,0.02268900655893,0.469,0.982973967684022
"ASV_3407",3.99316144045641,0.113999259707546,0.004,0.982973967684022
"ASV_3409",2.67412266894194,0.0795710420252176,0.084,0.982973967684022
"ASV_3413",1.51943071848341,0.0472496716600049,0.245,0.982973967684022
"ASV_3418",0.778250099667404,0.0247065313034866,0.399,0.982973967684022
"ASV_3422",2.26237214986371,0.0671833121882945,0.219,0.982973967684022
"ASV_3425",1.12881891928691,0.0343941691754886,0.409,0.982973967684022
"ASV_3433",1.96916468535502,0.0595173117271471,0.386,0.982973967684022
"ASV_3434",1.27161128837403,0.0393391547158172,0.429,0.982973967684022
"ASV_3435",0.821268271847436,0.026003742032609,0.423,0.982973967684022
"ASV_3437",1.07401025505492,0.0335195389140194,0.163,0.982973967684022
"ASV_3441",1.09182253772161,0.0341086061311067,0.251,0.982973967684022
"ASV_3443",2.03186769263932,0.0615108663147166,0.142,0.982973967684022
"ASV_3446",0.72533082284685,0.0231913922496412,0.422,0.982973967684022
"ASV_3449",2.21448300555862,0.0663206698025705,0.12,0.982973967684022
"ASV_3451",5.92164619512351,0.159569145404969,0.15,0.982973967684022
"ASV_3452",1.18800061724889,0.036869925894435,0.467,0.982973967684022
"ASV_3455",1.51001491452757,0.045873312040035,0.325,0.982973967684022
"ASV_3457",0.952819276251636,0.0293337392108975,0.275,0.982973967684022
"ASV_3466",2.01385218646849,0.0610380245885457,0.311,0.982973967684022
"ASV_3469",0.950407004950208,0.0297379843725908,0.184,0.982973967684022
"ASV_3471",1.23947128264238,0.0384564661918135,0.411,0.982973967684022
"ASV_3472",0.997861257880639,0.031146944915622,0.38,0.982973967684022
"ASV_3473",0.542685875193205,0.0178081079326041,0.357,0.982973967684022
"ASV_3475",1.17274861601913,0.0372654243899055,0.297,0.982973967684022
"ASV_3478",1.2028855024253,0.037970562707181,0.443,0.982973967684022
"ASV_3484",0.386321923358246,0.0122652690588132,0.405,0.982973967684022
"ASV_3492",2.03530098100427,0.0618639547694069,0.202,0.982973967684022
"ASV_3495",1.05604421541151,0.0329196598646451,0.296,0.982973967684022
"ASV_3496",2.03982042839513,0.0623588609120069,0.155,0.982973967684022
"ASV_3497",1.02072903964274,0.0322271701406363,0.456,0.982973967684022
"ASV_3499",3.72933054373482,0.106780934459167,0.15,0.982973967684022
"ASV_3501",1.09311820360388,0.0338456305955515,0.406,0.982973967684022
"ASV_3506",0.71447475423997,0.0224717730106389,0.015,0.982973967684022
"ASV_3522",7.0783274958139,0.185818501081168,0.008,0.982973967684022
"ASV_3528",2.27501162763296,0.0687946299228669,0.082,0.982973967684022
"ASV_3530",1.58844543807125,0.0487747626359935,0.201,0.982973967684022
"ASV_3533",2.70505780396987,0.080836110477445,0.245,0.982973967684022
"ASV_3535",3.24765420513753,0.0958115649764638,0.3,0.982973967684022
"ASV_3540",1.29827935136055,0.0407255862664414,0.392,0.982973967684022
"ASV_3547",4.32775626175324,0.121236525408465,0.073,0.982973967684022
"ASV_3549",1.0705484394592,0.0334554958670254,0.162,0.982973967684022
"ASV_3556",0.7158404571146,0.0230339950654099,0.258,0.982973967684022
"ASV_3557",1.43344174966873,0.0444296329109615,0.245,0.982973967684022
"ASV_3558",1.57503866778486,0.0483471016812697,0.321,0.982973967684022
"ASV_3565",1.88927808186149,0.057165640392388,0.207,0.982973967684022
"ASV_3566",0.791402271310804,0.0250053302658136,0.2,0.982973967684022
"ASV_3569",2.29569014142804,0.0682672179094497,0.014,0.982973967684022
"ASV_3570",2.03874917983253,0.0616300931244898,0.318,0.982973967684022
"ASV_3574",1.07178496708005,0.0335334713405128,0.142,0.982973967684022
"ASV_3578",1.53296410080977,0.0479097609867688,0.203,0.982973967684022
"ASV_3580",0.419701170963835,0.0131792285781553,0.306,0.982973967684022
"ASV_3583",0.71151509199188,0.022502855317497,0.426,0.982973967684022
"ASV_3584",0.694810551745188,0.0219810417250203,0.475,0.982973967684022
"ASV_3587",1.06928441729862,0.0327889829053732,0.145,0.982973967684022
"ASV_3592",1.96113358801512,0.0601564047095552,0.288,0.982973967684022
"ASV_3593",2.61566934789073,0.0776824352315258,0.135,0.982973967684022
"ASV_3597",2.24301957636079,0.067564817565909,0.055,0.982973967684022
"ASV_3602",0.753871004873964,0.0247149931178129,0.191,0.982973967684022
"ASV_3603",1.11288808111817,0.0351472511491893,0.442,0.982973967684022
"ASV_3609",1.0732788173767,0.0334126897437777,0.268,0.982973967684022
"ASV_3612",2.04130976367828,0.0620576993250208,0.294,0.982973967684022
"ASV_3614",1.4161438244096,0.0445952652911931,0.181,0.982973967684022
"ASV_3619",0.38493586021263,0.0122548835665948,0.433,0.982973967684022
"ASV_3623",1.9800627390553,0.0602240949739248,0.319,0.982973967684022
"ASV_3625",0.953895990255476,0.0301330982382517,0.297,0.982973967684022
"ASV_3631",0.950246922201389,0.0299566031635203,0.439,0.982973967684022
"ASV_3634",3.08259769399135,0.0901666289662829,0.208,0.982973967684022
"ASV_3636",0.595385014555178,0.0192392795212857,0.369,0.982973967684022
"ASV_3649",4.27707418708586,0.120955917312283,0.005,0.982973967684022
"ASV_3651",5.35733820888919,0.146138518104202,0.14,0.982973967684022
"ASV_3653",2.29563822977086,0.0694191062783386,0.155,0.982973967684022
"ASV_3655",0.91284340557958,0.0283719200534733,0.272,0.982973967684022
"ASV_3661",4.14394734644689,0.118105053780831,0.09,0.982973967684022
"ASV_3665",3.44102210605945,0.100458298589446,0.081,0.982973967684022
"ASV_3668",1.35489962267092,0.0421886587436258,0.365,0.982973967684022
"ASV_3669",3.34262294015961,0.0970683591616497,0.324,0.982973967684022
"ASV_3677",4.6545746600634,0.130837177474454,0.305,0.982973967684022
"ASV_3681",1.89664825129692,0.056849432309875,0.443,0.982973967684022
"ASV_3682",0.443872699653596,0.0139744131674313,0.348,0.982973967684022
"ASV_3684",1.05250678427103,0.0328355100644976,0.348,0.982973967684022
"ASV_3686",1.92287247740896,0.0585688819905541,0.286,0.982973967684022
"ASV_3687",0.648111185198219,0.0208052248494478,0.461,0.982973967684022
"ASV_3689",1.25713639665907,0.0388681030662214,0.263,0.982973967684022
"ASV_3693",1.3092431904405,0.0407694393141605,0.209,0.982973967684022
"ASV_3697",2.64242058844257,0.0788374047034854,0.228,0.982973967684022
"ASV_3701",0.886288911867807,0.0260496311151957,0.277,0.982973967684022
"ASV_3702",1.33429251468662,0.0416452012000662,0.439,0.982973967684022
"ASV_3703",0.514985995629268,0.0164643822591259,0.371,0.982973967684022
"ASV_3708",1.42776125808762,0.0439829874477722,0.332,0.982973967684022
"ASV_3709",0.326196906554694,0.0104602850441144,0.452,0.982973967684022
"ASV_3711",0.746098173734024,0.0237538230265635,0.462,0.982973967684022
"ASV_3713",4.29692023497802,0.122395423174052,0.256,0.982973967684022
"ASV_3724",0.336950444414183,0.0108184052930919,0.397,0.982973967684022
"ASV_3725",0.702992346819253,0.0221224226486703,0.416,0.982973967684022
"ASV_3727",2.20486103526556,0.0667507360697142,0.117,0.982973967684022
"ASV_3733",1.19182914263727,0.0375346520356282,0.209,0.982973967684022
"ASV_3734",1.81985369553289,0.0550782215432064,0.127,0.982973967684022
"ASV_3736",1.03858982896182,0.032691919981928,0.368,0.982973967684022
"ASV_3737",1.53784821877592,0.0458016772997209,0.312,0.982973967684022
"ASV_3738",0.82617398275767,0.0260711688987109,0.404,0.982973967684022
"ASV_3741",0.186007220146408,0.00574894470043919,0.348,0.982973967684022
"ASV_3746",3.35184911936163,0.0976062069654227,0.131,0.982973967684022
"ASV_3751",1.94616817455082,0.059088141131064,0.251,0.982973967684022
"ASV_3752",1.75389143036215,0.053529532765154,0.093,0.982973967684022
"ASV_3762",5.70032662447354,0.155442166870689,0.013,0.982973967684022
"ASV_3769",1.3650370656331,0.0421715440039256,0.471,0.982973967684022
"ASV_3777",0.887771671003267,0.0278191168477883,0.367,0.982973967684022
"ASV_3780",0.811817740199979,0.0255485182582824,0.314,0.982973967684022
"ASV_3795",1.38437488220872,0.0433564661848424,0.378,0.982973967684022
"ASV_3804",2.36412649804479,0.0715561751357838,0.273,0.982973967684022
"ASV_3806",1.17534830769646,0.037680629094786,0.305,0.982973967684022
"ASV_3812",0.728587069767354,0.0236262521674683,0.415,0.982973967684022
"ASV_3814",1.46784977485794,0.0450272691552896,0.395,0.982973967684022
"ASV_3821",1.16589096201054,0.0365212800549932,0.474,0.982973967684022
"ASV_3832",1.89448116499241,0.0574298007833022,0.369,0.982973967684022
"ASV_3834",0.549947037028882,0.017663807949935,0.417,0.982973967684022
"ASV_3836",0.3980754144391,0.0125230979099561,0.279,0.982973967684022
"ASV_3844",3.4090301384609,0.0995491244329875,0.398,0.982973967684022
"ASV_3845",1.30668169702777,0.0399551944947393,0.452,0.982973967684022
"ASV_3848",1.09163075690207,0.0347271557452805,0.248,0.982973967684022
"ASV_3849",2.09941631714317,0.0635634532989395,0.046,0.982973967684022
"ASV_3855",0.596815991733094,0.018226464634779,0.009,0.982973967684022
"ASV_3856",2.311698491684,0.0692228457116249,0.042,0.982973967684022
"ASV_3858",4.81827613942842,0.132191885255586,0.096,0.982973967684022
"ASV_3859",2.85914765734459,0.0847960602538575,0.146,0.982973967684022
"ASV_3864",1.1212644661665,0.0350690329144671,0.252,0.982973967684022
"ASV_3872",0.649555476119477,0.0198702620199254,0.06,0.982973967684022
"ASV_3877",1.41697313900911,0.0440743634744038,0.263,0.982973967684022
"ASV_3883",1.49336235634209,0.0469653844962047,0.087,0.982973967684022
"ASV_3891",4.62141130476791,0.130030861660732,0.224,0.982973967684022
"ASV_3896",0.852661022170986,0.0261567584917394,0.19,0.982973967684022
"ASV_3909",2.69241787519574,0.0804621075072762,0.168,0.982973967684022
"ASV_3911",0.779296082025067,0.0244869033415981,0.286,0.982973967684022
"ASV_3913",1.01818826644132,0.0322921970486837,0.368,0.982973967684022
"ASV_3918",1.29768232402212,0.0407284848181781,0.148,0.982973967684022
"ASV_3919",1.82050758591211,0.0560753231851015,0.33,0.982973967684022
"ASV_3920",1.0442624214342,0.0327638231949983,0.392,0.982973967684022
"ASV_3927",7.22716462509045,0.188714876951274,0.026,0.982973967684022
"ASV_3931",1.0726541445184,0.0334956741050206,0.221,0.982973967684022
"ASV_3934",1.6820760253328,0.0514058696699827,0.228,0.982973967684022
"ASV_3935",0.700394021086017,0.0218144367849848,0.403,0.982973967684022
"ASV_3937",1.09410249335695,0.0339485911520675,0.305,0.982973967684022
"ASV_3942",2.00825654453663,0.0605675070781114,0.062,0.982973967684022
"ASV_3943",1.00051562417281,0.0315361151945328,0.149,0.982973967684022
"ASV_3945",1.49071373585114,0.0460195910017301,0.267,0.982973967684022
"ASV_3948",2.36095642916159,0.0707305964726204,0.155,0.982973967684022
"ASV_3956",0.879710407914896,0.0276087108866491,0.457,0.982973967684022
"ASV_3959",3.31141381097851,0.0971451840308324,0.069,0.982973967684022
"ASV_3966",2.18923357153861,0.0659727277953472,0.118,0.982973967684022
"ASV_3972",2.13210479553938,0.0636529847109676,0.046,0.982973967684022
"ASV_3979",0.702063218754722,0.0219456888881142,0.129,0.982973967684022
"ASV_3981",1.90245128525766,0.0582085526291874,0.038,0.982973967684022
"ASV_3982",2.11842860031579,0.0639182038203745,0.356,0.982973967684022
"ASV_3984",3.42042657321954,0.0998187805769956,0.17,0.982973967684022
"ASV_3987",0.503990393934482,0.0160314891502712,0.15,0.982973967684022
"ASV_3991",3.47571628366654,0.101192802160367,0.1,0.982973967684022
"ASV_3996",3.58623434239279,0.103262407510013,0.19,0.982973967684022
"ASV_4001",1.74478936781009,0.0536875533217556,0.011,0.982973967684022
"ASV_4003",1.6220028659671,0.0503600301852721,0.185,0.982973967684022
"ASV_4008",2.56615635467653,0.0765315998517957,0.196,0.982973967684022
"ASV_4013",1.26608767181964,0.038610961414538,0.153,0.982973967684022
"ASV_4014",3.75175063976649,0.108028718072099,0.164,0.982973967684022
"ASV_4020",1.34511379670451,0.0417768650791163,0.298,0.982973967684022
"ASV_4029",1.23080163535978,0.0380799009151725,0.284,0.982973967684022
"ASV_4032",0.73337862328853,0.0235979540367459,0.134,0.982973967684022
"ASV_4035",0.44149433893769,0.0140189987060745,0.451,0.982973967684022
"ASV_4041",1.89615636618055,0.0575557003132807,0.366,0.982973967684022
"ASV_4044",2.68906986366899,0.0805128269185296,0.311,0.982973967684022
"ASV_4046",0.933803201135065,0.0286119705644999,0.232,0.982973967684022
"ASV_4052",1.90141190424312,0.0576648339377148,0.315,0.982973967684022
"ASV_4053",0.771063664941837,0.0245884706781032,0.276,0.982973967684022
"ASV_4055",1.28798731928467,0.0399091203051737,0.284,0.982973967684022
"ASV_4058",4.12005941338158,0.11785032164796,0.012,0.982973967684022
"ASV_4061",1.07995817778856,0.0333840220488707,0.212,0.982973967684022
"ASV_4064",1.25204940815869,0.0386674021842764,0.271,0.982973967684022
"ASV_4067",2.03986612398593,0.0617499806910338,0.321,0.982973967684022
"ASV_4068",0.448170645280619,0.0140498388047237,0.246,0.982973967684022
"ASV_4069",2.13316855285571,0.0637600540901502,0.209,0.982973967684022
"ASV_4075",1.66770820216993,0.0518233738419371,0.061,0.982973967684022
"ASV_4076",2.28594800725939,0.068275357567412,0.205,0.982973967684022
"ASV_4078",2.88043032995095,0.0849471517403686,0.149,0.982973967684022
"ASV_4081",1.10255796877827,0.0341485221720836,0.241,0.982973967684022
"ASV_4082",1.21560011392618,0.037744417390516,0.101,0.982973967684022
"ASV_4083",1.08429799409333,0.033131384192929,0.138,0.982973967684022
"ASV_4086",0.845588335432625,0.0271088671058863,0.336,0.982973967684022
"ASV_4093",0.730435030778205,0.0225608837844326,0.217,0.982973967684022
"ASV_4095",3.65057233215024,0.106012823469853,0.059,0.982973967684022
"ASV_4100",1.99877750200926,0.0607633113802172,0.471,0.982973967684022
"ASV_4114",1.88430537109218,0.0575356153011762,0.045,0.982973967684022
"ASV_4115",2.94627472369685,0.0866187514055738,0.219,0.982973967684022
"ASV_4116",0.625240149474102,0.0194879523001441,0.467,0.982973967684022
"ASV_4128",1.08699043004208,0.034157163329284,0.363,0.982973967684022
"ASV_4133",0.860620097073846,0.0260807585765614,0.308,0.982973967684022
"ASV_4135",2.38147023307366,0.0698973435920626,0.235,0.982973967684022
"ASV_4138",5.23855661774077,0.143412667646757,0.015,0.982973967684022
"ASV_4141",1.0055070463336,0.0320763208604338,0.233,0.982973967684022
"ASV_4142",0.647701173912188,0.0204249043794324,0.373,0.982973967684022
"ASV_4144",6.38771408768142,0.17083611799557,0.044,0.982973967684022
"ASV_4147",0.861960877298334,0.0270972180039696,0.424,0.982973967684022
"ASV_4151",8.70415057172489,0.219250228506646,0.022,0.982973967684022
"ASV_4156",2.72901178435091,0.0815951069531503,0.177,0.982973967684022
"ASV_4157",2.07167224780009,0.0625588318567127,0.386,0.982973967684022
"ASV_4175",1.92469890531496,0.0589272403673933,0.161,0.982973967684022
"ASV_4177",3.12334166509506,0.0915770356023908,0.434,0.982973967684022
"ASV_4183",0.317215926592327,0.0103717723326498,0.365,0.982973967684022
"ASV_4187",0.850381210495472,0.0273143657084312,0.426,0.982973967684022
"ASV_4190",2.4093388601417,0.072925009521469,0.09,0.982973967684022
"ASV_4196",4.86539498334161,0.135967188023483,0.016,0.982973967684022
"ASV_4197",3.66347128986256,0.104403987212253,0.472,0.982973967684022
"ASV_4199",1.63687288167678,0.0505540288033085,0.412,0.982973967684022
"ASV_4208",3.30655865469277,0.0964108048938957,0.302,0.982973967684022
"ASV_4218",5.12482077759968,0.142029478973119,0.025,0.982973967684022
"ASV_4219",3.44263167348662,0.100313815872811,0.042,0.982973967684022
"ASV_4227",1.97579819821701,0.0589965160187411,0.435,0.982973967684022
"ASV_4228",0.862931661752615,0.0271379786105159,0.377,0.982973967684022
"ASV_4236",1.99414222004652,0.0610779354833236,0.232,0.982973967684022
"ASV_4259",1.48538830709991,0.0457687810064204,0.317,0.982973967684022
"ASV_4262",2.10672396364609,0.0628132924886429,0.153,0.982973967684022
"ASV_4266",1.45851205208596,0.0448374334898083,0.377,0.982973967684022
"ASV_4267",1.843815877158,0.0559942172221194,0.043,0.982973967684022
"ASV_4268",0.736567772502942,0.0233486874360652,0.103,0.982973967684022
"ASV_4283",1.61264680503526,0.0494686932041286,0.459,0.982973967684022
"ASV_4286",2.80253749552013,0.0822502384748892,0.334,0.982973967684022
"ASV_4300",1.61334836001186,0.0494331180350302,0.215,0.982973967684022
"ASV_4303",2.5355894856197,0.0747069899844776,0.058,0.982973967684022
"ASV_4306",0.886430497937998,0.027655316842884,0.234,0.982973967684022
"ASV_4309",0.801731390341151,0.0257434295780084,0.442,0.982973967684022
"ASV_4310",1.86969307399871,0.0571930160783405,0.017,0.982973967684022
"ASV_4315",2.88441000100142,0.0841184927488472,0.018,0.982973967684022
"ASV_4325",0.60886902629623,0.0196904533319293,0.239,0.982973967684022
"ASV_4327",0.714188776289417,0.0237436054398926,0.475,0.982973967684022
"ASV_4341",2.48692594086159,0.0742962002297808,0.019,0.982973967684022
"ASV_4344",1.27710920062499,0.0394922597327799,0.233,0.982973967684022
"ASV_4345",1.04480643434006,0.0325113263774676,0.208,0.982973967684022
"ASV_4351",1.68641327992156,0.0511630302615147,0.112,0.982973967684022
"ASV_4352",0.504288173994673,0.0159755842207902,0.477,0.982973967684022
"ASV_4357",1.01826801002916,0.0321345865342597,0.371,0.982973967684022
"ASV_4361",2.85883889164982,0.0846661889599013,0.37,0.982973967684022
"ASV_4369",0.471608290373885,0.0149843696735564,0.42,0.982973967684022
"ASV_4371",1.57259172680498,0.0482489440810014,0.454,0.982973967684022
"ASV_4373",4.87439093978406,0.135989276715751,0.016,0.982973967684022
"ASV_4377",1.72002485453193,0.0524884864129755,0.252,0.982973967684022
"ASV_4378",1.4403315131956,0.0436500683842712,0.378,0.982973967684022
"ASV_4385",2.67581907426092,0.0806219921625053,0.191,0.982973967684022
"ASV_4389",2.34799561424898,0.0706237464501285,0.336,0.982973967684022
"ASV_4390",0.988105049604411,0.0309704808599985,0.439,0.982973967684022
"ASV_4393",3.49828827229424,0.10118799361971,0.135,0.982973967684022
"ASV_4401",3.01710345798376,0.0885424452068742,0.154,0.982973967684022
"ASV_4408",1.88603257252101,0.0573136075555177,0.453,0.982973967684022
"ASV_4410",0.695299317828028,0.0221946759402845,0.183,0.982973967684022
"ASV_4412",2.48572064715812,0.0739475851577911,0.134,0.982973967684022
"ASV_4414",3.57689277055386,0.103584599850187,0.058,0.982973967684022
"ASV_4418",2.47278265555825,0.0748279830146819,0.21,0.982973967684022
"ASV_4423",1.35264041590844,0.0411906779873397,0.152,0.982973967684022
"ASV_4432",0.735016240839813,0.0231074025402306,0.427,0.982973967684022
"ASV_4434",2.34684785581937,0.0699164726410585,0.438,0.982973967684022
"ASV_4435",1.01864293507011,0.0317624236511254,0.439,0.982973967684022
"ASV_4440",0.775255303909059,0.0243885073185826,0.206,0.982973967684022
"ASV_4442",1.58813054868791,0.0479327439155956,0.173,0.982973967684022
"ASV_4443",1.36243218011201,0.042446187146586,0.334,0.982973967684022
"ASV_4458",3.12609939986907,0.0915105929290011,0.011,0.982973967684022
"ASV_4466",0.373341761433452,0.0118717895594734,0.069,0.982973967684022
"ASV_4472",3.96267085154474,0.113434923042362,0.091,0.982973967684022
"ASV_4473",0.584225120947692,0.0184625763675404,0.138,0.982973967684022
"ASV_4475",2.27355163280871,0.0683699499780821,0.255,0.982973967684022
"ASV_4486",0.880458728383853,0.0271934359852195,0.366,0.982973967684022
"ASV_4487",3.33485629449367,0.0980586219744402,0.277,0.982973967684022
"ASV_4494",2.69585955788164,0.0799373986659572,0.318,0.982973967684022
"ASV_4495",0.564865355619262,0.0183447057703315,0.076,0.982973967684022
"ASV_4501",1.52439685356753,0.046839797209845,0.199,0.982973967684022
"ASV_4502",0.971508174391729,0.0294375307584612,0.43,0.982973967684022
"ASV_4506",3.29200708787573,0.0957825717839493,0.162,0.982973967684022
"ASV_4507",0.854674540876951,0.0270748184113206,0.154,0.982973967684022
"ASV_4508",3.40459213448233,0.0984351423538285,0.039,0.982973967684022
"ASV_4511",1.55044186127211,0.0475802573733513,0.131,0.982973967684022
"ASV_4527",0.532343508231056,0.0172235373024277,0.147,0.982973967684022
"ASV_4531",1.12206374606993,0.0347930938494546,0.218,0.982973967684022
"ASV_4538",1.46642238883055,0.0452098060296125,0.056,0.982973967684022
"ASV_4541",1.46626321267655,0.0451039747331186,0.27,0.982973967684022
"ASV_4543",1.01547182383268,0.03161418402602,0.434,0.982973967684022
"ASV_4548",1.87855743763145,0.057516248064854,0.196,0.982973967684022
"ASV_4554",0.408549940408233,0.0131618242684739,0.447,0.982973967684022
"ASV_4556",2.73385320110557,0.0807492163020442,0.226,0.982973967684022
"ASV_4559",1.44818779619506,0.0459896913779349,0.181,0.982973967684022
"ASV_4564",2.15889619796885,0.0653520376123757,0.409,0.982973967684022
"ASV_4567",1.40816043033288,0.0434103435500007,0.45,0.982973967684022
"ASV_4568",2.12530591442435,0.0640269634389824,0.083,0.982973967684022
"ASV_4575",2.04179101902842,0.0619188160789194,0.116,0.982973967684022
"ASV_4582",1.93730979163805,0.0588241870830997,0.385,0.982973967684022
"ASV_4583",3.92607108051702,0.113508008438355,0.035,0.982973967684022
"ASV_4586",1.46587380210062,0.045823076397635,0.039,0.982973967684022
"ASV_4590",2.21836495246995,0.0666241660358517,0.255,0.982973967684022
"ASV_4592",2.49238916414462,0.0746008635555374,0.161,0.982973967684022
"ASV_4593",0.50668678487472,0.0154405264815286,0.472,0.982973967684022
"ASV_4596",4.65567715832686,0.130575775412151,0.223,0.982973967684022
"ASV_4598",4.73244684739152,0.132773584594616,0.096,0.982973967684022
"ASV_4604",0.58532258455733,0.0184648881986603,0.381,0.982973967684022
"ASV_4605",1.65962895991955,0.0498031078777691,0.342,0.982973967684022
"ASV_4610",3.56680720789398,0.102546031339969,0.078,0.982973967684022
"ASV_4612",1.41436030022629,0.0436678545474683,0.132,0.982973967684022
"ASV_4615",0.989840531860389,0.0306708372051676,0.422,0.982973967684022
"ASV_4616",1.33078798528456,0.0412228380287138,0.167,0.982973967684022
"ASV_4617",1.28923261491555,0.0398805202712829,0.042,0.982973967684022
"ASV_4619",7.20549638232847,0.189795628043764,0.04,0.982973967684022
"ASV_4624",3.09845678022087,0.0907376932408545,0.256,0.982973967684022
"ASV_4632",3.70093604452704,0.106750084129156,0.069,0.982973967684022
"ASV_4637",1.81844083977677,0.0554825216034402,0.362,0.982973967684022
"ASV_4642",0.743372504120908,0.0230199376137018,0.288,0.982973967684022
"ASV_4649",0.951071065815471,0.0298116862572781,0.404,0.982973967684022
"ASV_4651",1.33953576834811,0.0414276792709419,0.169,0.982973967684022
"ASV_4660",4.17972506565929,0.11841547823034,0.179,0.982973967684022
"ASV_4662",0.527171501646406,0.0167655131187476,0.337,0.982973967684022
"ASV_4675",1.18699116737763,0.0365436741223841,0.456,0.982973967684022
"ASV_4680",1.5113329987965,0.047325815074624,0.313,0.982973967684022
"ASV_4684",1.40665423825112,0.04299061983592,0.429,0.982973967684022
"ASV_4689",1.0150465073833,0.0312533627294967,0.305,0.982973967684022
"ASV_4696",1.44082465471719,0.0442205994371592,0.209,0.982973967684022
"ASV_4699",0.554144506885013,0.0175419814738818,0.113,0.982973967684022
"ASV_4700",0.700161814706934,0.0221575948855109,0.28,0.982973967684022
"ASV_4708",1.48273196119798,0.044817037678693,0.021,0.982973967684022
"ASV_4710",1.03160077872267,0.0322221140381014,0.156,0.982973967684022
"ASV_4719",2.23214992681256,0.0673170238861797,0.401,0.982973967684022
"ASV_4720",2.53175421663948,0.0752810454124859,0.422,0.982973967684022
"ASV_4721",2.31096858109759,0.068906647423356,0.042,0.982973967684022
"ASV_4738",2.22400943963469,0.0668855687200694,0.123,0.982973967684022
"ASV_4745",1.42897178088789,0.0449227423846367,0.207,0.982973967684022
"ASV_4746",3.57487822071044,0.104121527642319,0.116,0.982973967684022
"ASV_4750",1.26441614189477,0.0392245497229061,0.404,0.982973967684022
"ASV_4759",0.487185879111152,0.0153856759691192,0.237,0.982973967684022
"ASV_4762",1.03405505507383,0.0317940218496912,0.309,0.982973967684022
"ASV_4766",2.61388684193423,0.078427923114513,0.322,0.982973967684022
"ASV_4777",1.46625164147217,0.0443141438203292,0.143,0.982973967684022
"ASV_4780",1.73416488147106,0.052831318123096,0.283,0.982973967684022
"ASV_4782",1.70586516536121,0.0521409382623585,0.437,0.982973967684022
"ASV_4783",0.964727653277812,0.0299624246957042,0.379,0.982973967684022
"ASV_4784",1.29769521236984,0.0413176984191258,0.46,0.982973967684022
"ASV_4789",1.46894639061662,0.0448707560037788,0.469,0.982973967684022
"ASV_4795",1.70676864869102,0.0527598860429255,0.222,0.982973967684022
"ASV_4798",0.570624846864737,0.0184388278120664,0.319,0.982973967684022
"ASV_4800",1.30974383201338,0.0402837192589448,0.214,0.982973967684022
"ASV_4803",1.32045817500435,0.041102211554584,0.298,0.982973967684022
"ASV_4807",2.82248488205697,0.0839000399227607,0.214,0.982973967684022
"ASV_4813",2.59106905938377,0.077278858130471,0.309,0.982973967684022
"ASV_4818",1.04899842026353,0.033116824728878,0.213,0.982973967684022
"ASV_4819",0.593873519781147,0.0192273451239875,0.404,0.982973967684022
"ASV_4820",3.48434275914091,0.101665645011103,0.039,0.982973967684022
"ASV_4824",4.15794105136265,0.118913672983976,0.023,0.982973967684022
"ASV_4828",1.45337835506105,0.0440893983394985,0.179,0.982973967684022
"ASV_4829",4.81072204246809,0.134176361496587,0.102,0.982973967684022
"ASV_4832",0.607405010868473,0.0187145686778961,0.455,0.982973967684022
"ASV_4835",2.28628978720732,0.0695349162911303,0.134,0.982973967684022
"ASV_4836",1.18283165650183,0.0367587120822878,0.41,0.982973967684022
"ASV_4847",6.41872462385075,0.172258418805368,0.069,0.982973967684022
"ASV_4855",1.93372389230746,0.0585668093079485,0.217,0.982973967684022
"ASV_4856",1.86203239796792,0.0563204593557246,0.195,0.982973967684022
"ASV_4857",2.4271841096783,0.0725936695725445,0.435,0.982973967684022
"ASV_4860",1.61133761304896,0.0502391707051329,0.165,0.982973967684022
"ASV_4862",2.34276935442997,0.0701238173198632,0.1,0.982973967684022
"ASV_4863",2.0358689898734,0.0620460137409436,0.15,0.982973967684022
"ASV_4868",1.9774878127423,0.0601089565278469,0.243,0.982973967684022
"ASV_4869",0.810450839961854,0.0254788458229073,0.01,0.982973967684022
"ASV_4871",0.480588441480282,0.0161809015626051,0.405,0.982973967684022
"ASV_4874",1.12893938594755,0.034405010531738,0.29,0.982973967684022
"ASV_4876",0.503262946908386,0.0159732349090099,0.196,0.982973967684022
"ASV_4878",1.74105470914911,0.0510436360087047,0.219,0.982973967684022
"ASV_4882",5.79452199223249,0.157775682193297,0.155,0.982973967684022
"ASV_4889",0.970053424027944,0.0306903285230217,0.457,0.982973967684022
"ASV_4891",2.75029901909824,0.082108775055391,0.153,0.982973967684022
"ASV_4895",2.11941305650205,0.0639153396972284,0.153,0.982973967684022
"ASV_4900",1.21709204202427,0.0376761872047786,0.336,0.982973967684022
"ASV_4902",1.26118157609034,0.0389990838156342,0.268,0.982973967684022
"ASV_4904",3.5914234872812,0.10336286638488,0.087,0.982973967684022
"ASV_4905",1.0611583698048,0.0330171609401095,0.14,0.982973967684022
"ASV_4927",1.19513209927942,0.0371344909461542,0.291,0.982973967684022
"ASV_4928",1.29337417457449,0.039668071458749,0.431,0.982973967684022
"ASV_4932",1.0016054544859,0.0312555139514663,0.25,0.982973967684022
"ASV_4933",0.414294332052434,0.0130090161273563,0.469,0.982973967684022
"ASV_4952",3.95518328677781,0.113809113249511,0.125,0.982973967684022
"ASV_4953",1.55554581617182,0.0478599970651043,0.028,0.982973967684022
"ASV_4958",1.64501963502784,0.0505678105250802,0.057,0.982973967684022
"ASV_4962",2.42399476048768,0.0714893286996601,0.276,0.982973967684022
"ASV_4963",0.74435845008326,0.0234518099128704,0.195,0.982973967684022
"ASV_4975",0.429237238569171,0.0132923775296932,0.421,0.982973967684022
"ASV_4981",1.03590944562434,0.0324154058217788,0.14,0.982973967684022
"ASV_4996",1.35605946570914,0.042742832372815,0.349,0.982973967684022
"ASV_5021",0.898550837774667,0.0285113915232956,0.474,0.982973967684022
"ASV_5033",1.5862872464699,0.0486730326763432,0.234,0.982973967684022
"ASV_5036",2.04218809442345,0.0617522565159573,0.031,0.982973967684022
"ASV_5040",0.742363903177898,0.0230223045522013,0.434,0.982973967684022
"ASV_5041",2.16671631958927,0.0646803181284698,0.299,0.982973967684022
"ASV_5045",1.99689947386756,0.0600792254059102,0.091,0.982973967684022
"ASV_5051",2.03474529468597,0.0616848216970226,0.138,0.982973967684022
"ASV_5053",1.6293611425211,0.0504239185177952,0.006,0.982973967684022
"ASV_5054",3.29061383630463,0.0972532073948862,0.03,0.982973967684022
"ASV_5057",0.162295190124598,0.00532748623150804,0.333,0.982973967684022
"ASV_5070",2.04533631285922,0.0613945628642357,0.46,0.982973967684022
"ASV_5071",2.4509838185904,0.0740279606666033,0.122,0.982973967684022
"ASV_5075",0.661780662100186,0.0209505336005202,0.386,0.982973967684022
"ASV_5084",2.80292663888337,0.082822627465763,0.016,0.982973967684022
"ASV_5085",3.17299037643747,0.0926664836085386,0.103,0.982973967684022
"ASV_5089",0.818381023505616,0.0255470159289043,0.406,0.982973967684022
"ASV_5090",0.580243663334108,0.0181396480989728,0.467,0.982973967684022
"ASV_5096",1.50070607861617,0.045847771923314,0.352,0.982973967684022
"ASV_5097",1.50908585147834,0.0467260532150062,0.292,0.982973967684022
"ASV_5098",1.33806275808692,0.0405242982520523,0.185,0.982973967684022
"ASV_5099",4.31131914608855,0.121470484421596,0.045,0.982973967684022
"ASV_5112",1.80309176179635,0.0552220879985104,0.188,0.982973967684022
"ASV_5113",1.15111307877825,0.0365160933973129,0.435,0.982973967684022
"ASV_5115",1.18166409578672,0.0372455997458899,0.343,0.982973967684022
"ASV_5118",1.16805473602809,0.0367499371048283,0.246,0.982973967684022
"ASV_5130",1.7977496809621,0.0553066776812433,0.084,0.982973967684022
"ASV_5131",2.54221307253805,0.0758616098074538,0.063,0.982973967684022
"ASV_5135",1.96770273241672,0.0594548660427754,0.349,0.982973967684022
"ASV_5138",4.79668543608369,0.134501282299694,0.015,0.982973967684022
"ASV_5152",0.453440584151163,0.014437083651789,0.379,0.982973967684022
"ASV_5162",2.56690266507164,0.0772577278540311,0.004,0.982973967684022
"ASV_5166",6.73128612389735,0.17798037333919,0.026,0.982973967684022
"ASV_5173",3.04616382556297,0.0892483229409283,0.175,0.982973967684022
"ASV_5177",0.615801538360334,0.0193651780846512,0.462,0.982973967684022
"ASV_5178",1.81605200678097,0.0551264578438496,0.195,0.982973967684022
"ASV_5180",1.07363876832503,0.0337979768373349,0.226,0.982973967684022
"ASV_5183",1.3535425010772,0.041851573585313,0.148,0.982973967684022
"ASV_5202",1.52994761836202,0.0470960895830011,0.155,0.982973967684022
"ASV_5214",1.42300823160053,0.0444407665112374,0.101,0.982973967684022
"ASV_5216",3.38474731521482,0.0989024085836075,0.074,0.982973967684022
"ASV_5218",1.23132013799598,0.0380564934995903,0.444,0.982973967684022
"ASV_5226",2.04355666577813,0.0615152836572766,0.44,0.982973967684022
"ASV_5227",1.54335208047126,0.0472664403530913,0.471,0.982973967684022
"ASV_5229",0.612134665244688,0.0187638286526131,0.378,0.982973967684022
"ASV_5237",0.850918566369612,0.0264155977057376,0.289,0.982973967684022
"ASV_5245",4.71180179817069,0.130430181512997,0.107,0.982973967684022
"ASV_5247",0.564056523389677,0.0179523213932838,0.298,0.982973967684022
"ASV_5250",1.53629355586132,0.0481360537247253,0.211,0.982973967684022
"ASV_5254",2.79601765110271,0.083094650138147,0.416,0.982973967684022
"ASV_5260",1.68895340238937,0.0520212069521504,0.128,0.982973967684022
"ASV_5279",1.44642227981802,0.0445043772983078,0.169,0.982973967684022
"ASV_5280",0.948766027072407,0.0302858094186237,0.21,0.982973967684022
"ASV_5281",1.75114183291391,0.053540651717456,0.159,0.982973967684022
"ASV_5285",0.147455544099358,0.00471612580233345,0.271,0.982973967684022
"ASV_5295",1.50710207812074,0.0464051087520454,0.236,0.982973967684022
"ASV_5296",1.34195614035437,0.0422624933202439,0.303,0.982973967684022
"ASV_5305",2.09022621049563,0.0638080064144479,0.126,0.982973967684022
"ASV_5307",5.09780947854917,0.14083238964449,0.018,0.982973967684022
"ASV_5311",1.08437654859681,0.0343693768370001,0.443,0.982973967684022
"ASV_5316",2.04170916287944,0.0615936127062947,0.145,0.982973967684022
"ASV_5323",1.30805983276226,0.040789605476448,0.27,0.982973967684022
"ASV_5330",3.06309447514489,0.0902994539944808,0.351,0.982973967684022
"ASV_5338",1.09751830755385,0.03426436507095,0.299,0.982973967684022
"ASV_5344",3.24755475280858,0.0949296678606841,0.193,0.982973967684022
"ASV_5345",1.39940420190582,0.0432969534941236,0.386,0.982973967684022
"ASV_5346",1.62570709906179,0.0498967288757256,0.244,0.982973967684022
"ASV_5348",0.353584483482145,0.0111815561771979,0.475,0.982973967684022
"ASV_5353",4.79431607907947,0.133450205424105,0.03,0.982973967684022
"ASV_5359",2.69914185257748,0.0803351907975769,0.279,0.982973967684022
"ASV_5360",0.630452856002581,0.0204872148119833,0.406,0.982973967684022
"ASV_5361",1.63118001392599,0.0495347129414961,0.13,0.982973967684022
"ASV_5364",0.900449556351353,0.0275355691526394,0.448,0.982973967684022
"ASV_5370",7.57611963370159,0.196742469390847,0.032,0.982973967684022
"ASV_5376",1.35066390193037,0.0419282528020151,0.033,0.982973967684022
"ASV_5381",2.08181285651099,0.0635301432498506,0.162,0.982973967684022
"ASV_5389",1.92150169014387,0.0586161645953801,0.12,0.982973967684022
"ASV_5395",3.50623764634473,0.101548625926472,0.212,0.982973967684022
"ASV_5404",6.01118311945395,0.162453500316438,0.125,0.982973967684022
"ASV_5406",1.63465331096873,0.0501882471104073,0.34,0.982973967684022
"ASV_5414",1.62139509611401,0.0501957303739824,0.204,0.982973967684022
"ASV_5417",0.881689316044898,0.0279211694909924,0.373,0.982973967684022
"ASV_5424",1.57071023349552,0.0481235425111324,0.443,0.982973967684022
"ASV_5430",2.15135155765984,0.0649762925714174,0.204,0.982973967684022
"ASV_5433",0.971552546965807,0.0303315513376158,0.086,0.982973967684022
"ASV_5437",1.52204761052267,0.0463566067214246,0.317,0.982973967684022
"ASV_5455",5.02970121631959,0.13797821291125,0.181,0.982973967684022
"ASV_5458",2.7451617147709,0.0816693222997822,0.258,0.982973967684022
"ASV_5467",2.57174949004937,0.0756640248772973,0.141,0.982973967684022
"ASV_5479",0.951166334633858,0.02969382988227,0.274,0.982973967684022
"ASV_5481",1.37306057794241,0.042529524797517,0.214,0.982973967684022
"ASV_5488",1.9606856914052,0.0591448044523736,0.393,0.982973967684022
"ASV_5490",4.10742006150563,0.116090195543499,0.256,0.982973967684022
"ASV_5506",0.562918855671994,0.0175120663778109,0.441,0.982973967684022
"ASV_5508",5.09258431226021,0.142180128605987,0.017,0.982973967684022
"ASV_5522",1.64344829988146,0.0502637767701579,0.059,0.982973967684022
"ASV_5526",4.57452188514188,0.129173142824131,0.083,0.982973967684022
"ASV_5531",1.60402196460312,0.0492369422659194,0.184,0.982973967684022
"ASV_5533",3.34397524588151,0.0973919138866828,0.425,0.982973967684022
"ASV_5537",0.516392471453477,0.0164098472309357,0.403,0.982973967684022
"ASV_5542",0.673387661244407,0.0205236527312327,0.432,0.982973967684022
"ASV_5550",1.73628014855057,0.0530199469346268,0.244,0.982973967684022
"ASV_5559",1.30496058289079,0.0403834319726296,0.013,0.982973967684022
"ASV_5560",0.9876111453664,0.0312033908200543,0.353,0.982973967684022
"ASV_5562",1.74795973622952,0.0528209183484931,0.163,0.982973967684022
"ASV_5563",1.21679076755063,0.0374042098810011,0.459,0.982973967684022
"ASV_5566",0.715934489494706,0.0222126525682046,0.032,0.982973967684022
"ASV_5567",1.27750811908179,0.0392655427358149,0.284,0.982973967684022
"ASV_5569",0.82430282040613,0.0260673578822173,0.473,0.982973967684022
"ASV_5575",0.827433212850086,0.0257070951844508,0.475,0.982973967684022
"ASV_5593",4.82108308717987,0.133719373606855,0.122,0.982973967684022
"ASV_5599",1.10871365658328,0.0347394803260435,0.231,0.982973967684022
"ASV_5600",0.789670853902214,0.025105023003193,0.238,0.982973967684022
"ASV_5602",1.36566119107694,0.0430576643593944,0.122,0.982973967684022
"ASV_5612",0.963725830677039,0.0303072463495602,0.467,0.982973967684022
"ASV_5622",1.00896263510751,0.0321881177141029,0.381,0.982973967684022
"ASV_5625",2.52615012680563,0.0747538483781335,0.199,0.982973967684022
"ASV_5626",1.03615579763202,0.031947641518073,0.233,0.982973967684022
"ASV_5630",1.27013402728457,0.0400816558522573,0.271,0.982973967684022
"ASV_5633",1.88738797376725,0.0577043957466204,0.068,0.982973967684022
"ASV_5637",1.05724310027772,0.0329837184654302,0.244,0.982973967684022
"ASV_5640",0.961975482790306,0.0310455921295159,0.425,0.982973967684022
"ASV_5641",1.13154431394777,0.0351461111183222,0.353,0.982973967684022
"ASV_5642",4.50448631176696,0.127051579259177,0.186,0.982973967684022
"ASV_5646",1.7942677224597,0.0545287369356515,0.141,0.982973967684022
"ASV_5652",3.17217528506891,0.0928539637538379,0.258,0.982973967684022
"ASV_5653",1.70197849283535,0.0517336722362172,0.123,0.982973967684022
"ASV_5655",1.01718987224015,0.032034558323632,0.301,0.982973967684022
"ASV_5670",1.87313864809748,0.0569832415462427,0.178,0.982973967684022
"ASV_5672",1.65763823965377,0.0501548827339629,0.319,0.982973967684022
"ASV_5674",2.81061568121519,0.0832201274685077,0.096,0.982973967684022
"ASV_5681",2.71417713956124,0.0810498289256593,0.29,0.982973967684022
"ASV_5683",0.480934913629981,0.0152017841715734,0.338,0.982973967684022
"ASV_5686",1.6224373173664,0.0497298271844918,0.446,0.982973967684022
"ASV_5690",0.297006739143293,0.00952357035222203,0.449,0.982973967684022
"ASV_5691",3.04367281709663,0.0896149467536178,0.249,0.982973967684022
"ASV_5693",2.49368484813398,0.0739177185063917,0.208,0.982973967684022
"ASV_5696",0.883693577495505,0.0278112280521586,0.324,0.982973967684022
"ASV_5703",0.588401916317535,0.0183374209152689,0.433,0.982973967684022
"ASV_5710",2.56236654196305,0.0764418783327896,0.249,0.982973967684022
"ASV_5711",1.81747496395651,0.0553859872607783,0.329,0.982973967684022
"ASV_5719",2.11524357744603,0.0638418207474225,0.09,0.982973967684022
"ASV_5722",2.36049389546375,0.0705283469445,0.474,0.982973967684022
"ASV_5728",1.99173198137192,0.0607122736613093,0.263,0.982973967684022
"ASV_5732",4.23435186622979,0.119974552072794,0.042,0.982973967684022
"ASV_5735",0.920746336251914,0.0294633812540534,0.358,0.982973967684022
"ASV_5741",1.11981319512954,0.034863469265605,0.366,0.982973967684022
"ASV_5745",1.91755005310102,0.0581867350270266,0.2,0.982973967684022
"ASV_5746",1.63582591672558,0.0510266948394957,0.134,0.982973967684022
"ASV_5779",1.16083823321503,0.0361867484586783,0.294,0.982973967684022
"ASV_5787",2.95553819951099,0.0888530772263359,0.154,0.982973967684022
"ASV_5789",1.49480502326774,0.0457799106224343,0.05,0.982973967684022
"ASV_5792",4.65635963486049,0.130196106298767,0.181,0.982973967684022
"ASV_5794",2.26624532221018,0.0684646560347009,0.079,0.982973967684022
"ASV_5795",1.64011857986108,0.050897494258892,0.059,0.982973967684022
"ASV_5798",1.93270028809798,0.0589136347139124,0.122,0.982973967684022
"ASV_5800",0.486809105784031,0.0158651580045537,0.317,0.982973967684022
"ASV_5801",2.7710600596948,0.0823912149192718,0.3,0.982973967684022
"ASV_5804",1.48078083291696,0.0455874552438098,0.18,0.982973967684022
"ASV_5809",1.27530879029503,0.0390843127395329,0.433,0.982973967684022
"ASV_5811",1.33016655004939,0.0400396218288237,0.375,0.982973967684022
"ASV_5814",1.52553678738696,0.0475740667757148,0.288,0.982973967684022
"ASV_5826",0.248554613404002,0.00795464971641321,0.393,0.982973967684022
"ASV_5829",0.846896793326711,0.0270096653983956,0.418,0.982973967684022
"ASV_5830",1.12988472558035,0.0355591067126043,0.252,0.982973967684022
"ASV_5838",5.59981380371293,0.153101001896288,0.054,0.982973967684022
"ASV_5841",1.61976657387431,0.0498386368620429,0.259,0.982973967684022
"ASV_5850",4.02947377815324,0.115168623401929,0.019,0.982973967684022
"ASV_5851",1.09224266673522,0.0337123583925632,0.428,0.982973967684022
"ASV_5853",2.0070476148708,0.0598258276823606,0.06,0.982973967684022
"ASV_5854",4.47841546097567,0.125885210116679,0.026,0.982973967684022
"ASV_5861",1.63352494065977,0.0500002701117252,0.415,0.982973967684022
"ASV_5862",0.87906938443149,0.0277529903179306,0.396,0.982973967684022
"ASV_5864",3.1323866272455,0.0917662267003407,0.006,0.982973967684022
"ASV_5880",4.00076295399045,0.113995114900704,0.084,0.982973967684022
"ASV_5887",0.065843492927701,0.00212697782901097,0.416,0.982973967684022
"ASV_5889",0.943842915375504,0.0293683595320844,0.308,0.982973967684022
"ASV_5894",0.995504862273523,0.0307350070893827,0.24,0.982973967684022
"ASV_5903",3.71758382145794,0.106454765812967,0.215,0.982973967684022
"ASV_5911",0.880573897550051,0.027680358201227,0.288,0.982973967684022
"ASV_5922",1.42604028079837,0.0438305843165211,0.434,0.982973967684022
"ASV_5923",0.688270923040939,0.0216456328781987,0.457,0.982973967684022
"ASV_5934",0.747185630921079,0.0230299293011905,0.225,0.982973967684022
"ASV_5945",0.947911942518854,0.0298132713834439,0.203,0.982973967684022
"ASV_5948",0.482973733670971,0.0154541579264795,0.31,0.982973967684022
"ASV_5957",0.333949528035361,0.0107907372381065,0.342,0.982973967684022
"ASV_5958",2.09166720007803,0.0631280599810256,0.169,0.982973967684022
"ASV_5961",0.542327695737944,0.0168717543026597,0.107,0.982973967684022
"ASV_5963",2.98637257018335,0.0873069999854873,0.038,0.982973967684022
"ASV_5967",1.6660912257821,0.0499167016233509,0.046,0.982973967684022
"ASV_5969",5.726936814205,0.156211103983708,0.089,0.982973967684022
"ASV_5971",1.03983707337791,0.0322569233682847,0.259,0.982973967684022
"ASV_5980",0.801095843031385,0.0246172006705304,0.385,0.982973967684022
"ASV_5982",2.1339151256527,0.0656879699553572,0.136,0.982973967684022
"ASV_5987",0.768839033316619,0.024152889285449,0.394,0.982973967684022
"ASV_5989",1.69987385092731,0.0526929296719494,0.205,0.982973967684022
"ASV_5997",1.8195708034354,0.0554342529225861,0.099,0.982973967684022
"ASV_5998",1.16797689335583,0.0370517716548694,0.401,0.982973967684022
"ASV_5999",1.07700443181809,0.0337893801310287,0.358,0.982973967684022
"ASV_6000",0.380105739566233,0.0117796707874321,0.443,0.982973967684022
"ASV_6005",1.09027656409156,0.0338878844347148,0.323,0.982973967684022
"ASV_6007",1.69375021464867,0.0518507273135153,0.323,0.982973967684022
"ASV_6015",1.00750665592354,0.0314791687285904,0.363,0.982973967684022
"ASV_6017",6.72460170511491,0.177562012492853,0.008,0.982973967684022
"ASV_6029",3.7523283171195,0.107898006529574,0.268,0.982973967684022
"ASV_6033",3.02529275296123,0.0891191441117659,0.368,0.982973967684022
"ASV_6036",1.39574170567984,0.0433912670216849,0.074,0.982973967684022
"ASV_6044",1.27248476214532,0.0396809217022509,0.349,0.982973967684022
"ASV_6046",2.43020362563879,0.0729476475718245,0.138,0.982973967684022
"ASV_6047",0.694035735270478,0.0221025727642111,0.396,0.982973967684022
"ASV_6049",0.963594004923173,0.0309135311189644,0.085,0.982973967684022
"ASV_6054",2.11622574711922,0.0641327040307837,0.211,0.982973967684022
"ASV_6063",1.33827695131856,0.0413756538499571,0.344,0.982973967684022
"ASV_6069",1.98428467544379,0.0614959678692448,0.21,0.982973967684022
"ASV_6070",1.12806248506242,0.0361260315654494,0.453,0.982973967684022
"ASV_6072",1.61012177772746,0.0493224489944447,0.37,0.982973967684022
"ASV_6088",1.48667503260019,0.0457849217108611,0.161,0.982973967684022
"ASV_6101",2.50698855356304,0.0754211114540427,0.404,0.982973967684022
"ASV_6102",2.01952831634261,0.0613682602950407,0.339,0.982973967684022
"ASV_6114",0.621683930492409,0.0196559873812014,0.223,0.982973967684022
"ASV_6117",9.33174715181584,0.231699796455464,0.034,0.982973967684022
"ASV_6118",0.884271172026134,0.0282727993448627,0.451,0.982973967684022
"ASV_6122",1.77711251543089,0.0549133125487589,0.346,0.982973967684022
"ASV_6123",3.08833307394305,0.0914501577206579,0.3,0.982973967684022
"ASV_6124",3.55719694400445,0.101565660457578,0.274,0.982973967684022
"ASV_6134",1.44335379497495,0.0439728233828334,0.247,0.982973967684022
"ASV_6141",0.794306114925463,0.0244584112375464,0.091,0.982973967684022
"ASV_6142",1.40308831518183,0.043332249536549,0.346,0.982973967684022
"ASV_6150",2.57437394742886,0.0763965940053031,0.162,0.982973967684022
"ASV_6151",3.7867118816723,0.10866196887697,0.083,0.982973967684022
"ASV_6157",6.93715907610096,0.18262902788798,0.016,0.982973967684022
"ASV_6160",3.67348572216482,0.106322364446587,0.202,0.982973967684022
"ASV_6164",1.33137979041762,0.0410405738186724,0.338,0.982973967684022
"ASV_6167",0.859681098577471,0.0270525605168207,0.295,0.982973967684022
"ASV_6168",1.50362693056662,0.0459332615889435,0.198,0.982973967684022
"ASV_6170",1.28272057836216,0.0398019280570258,0.219,0.982973967684022
"ASV_6175",2.12308224520216,0.0633122924576578,0.311,0.982973967684022
"ASV_6178",1.67683429578027,0.0511779125144564,0.043,0.982973967684022
"ASV_6188",1.44477159522027,0.0437791102432754,0.42,0.982973967684022
"ASV_6191",1.74037296102295,0.0514789451571384,0.079,0.982973967684022
"ASV_6205",2.16042756565298,0.0641567402404094,0.17,0.982973967684022
"ASV_6207",1.15076773190885,0.0356790458118167,0.33,0.982973967684022
"ASV_6226",4.15510441849134,0.118723422782563,0.133,0.982973967684022
"ASV_6237",0.701895198874873,0.0219450985881218,0.413,0.982973967684022
"ASV_6238",1.36284845753961,0.0431723009152135,0.371,0.982973967684022
"ASV_6244",1.32457278134025,0.0403778338151935,0.133,0.982973967684022
"ASV_6246",2.19005254619205,0.0662293139396393,0.118,0.982973967684022
"ASV_6249",0.647106814311178,0.0206252774945862,0.428,0.982973967684022
"ASV_6254",1.75971189818884,0.0535930359699576,0.355,0.982973967684022
"ASV_6268",0.477199767254338,0.0154088928161376,0.476,0.982973967684022
"ASV_6269",0.91826583315662,0.0292943447574571,0.306,0.982973967684022
"ASV_6280",1.86286864529438,0.0565891958726305,0.314,0.982973967684022
"ASV_6282",1.68235458435453,0.0508474638771679,0.233,0.982973967684022
"ASV_6290",2.95468692072081,0.0875941539510522,0.165,0.982973967684022
"ASV_6291",2.62215527039118,0.0782540928552143,0.26,0.982973967684022
"ASV_6310",1.06303182541818,0.0332904665334478,0.18,0.982973967684022
"ASV_6311",0.915362539166549,0.027952668787166,0.198,0.982973967684022
"ASV_6313",1.38916629620628,0.0431368723046643,0.47,0.982973967684022
"ASV_6316",3.16356315247945,0.0929430932982269,0.286,0.982973967684022
"ASV_6319",2.25707337251424,0.0677216600912571,0.412,0.982973967684022
"ASV_6320",4.11435628528283,0.117143938482097,0.028,0.982973967684022
"ASV_6321",3.75020654621522,0.108031125609309,0.102,0.982973967684022
"ASV_6326",2.01210833075895,0.0611104641255366,0.066,0.982973967684022
"ASV_6330",1.24184509281704,0.038790135537275,0.049,0.982973967684022
"ASV_6331",1.65608020899123,0.0507060422726744,0.446,0.982973967684022
"ASV_6333",2.75564937494949,0.0808513306948558,0.34,0.982973967684022
"ASV_6343",1.30124079838452,0.0402560601053753,0.036,0.982973967684022
"ASV_6345",1.22757979064661,0.0388032852009132,0.423,0.982973967684022
"ASV_6357",2.18412008333245,0.0661151824632818,0.185,0.982973967684022
"ASV_6359",2.80953331899652,0.0832288181124846,0.296,0.982973967684022
"ASV_6362",3.30838216056157,0.0959211130157371,0.065,0.982973967684022
"ASV_6377",1.78171066491303,0.0548509691672756,0.203,0.982973967684022
"ASV_6384",1.31531129292301,0.0408140902923812,0.46,0.982973967684022
"ASV_6385",2.02065816560673,0.060115746929036,0.066,0.982973967684022
"ASV_6386",1.59814227925603,0.0490307350248476,0.259,0.982973967684022
"ASV_6389",1.46912331854946,0.0452123826889256,0.332,0.982973967684022
"ASV_6394",4.199028658162,0.120065685598125,0.085,0.982973967684022
"ASV_6402",1.71266061614345,0.0525344273686668,0.088,0.982973967684022
"ASV_6403",0.541895890472186,0.0173186608706858,0.468,0.982973967684022
"ASV_6407",1.94204355597966,0.0588896251747147,0.238,0.982973967684022
"ASV_6409",3.09702748226248,0.0905590460729738,0.046,0.982973967684022
"ASV_6415",5.47976146161957,0.15090187350648,0.282,0.982973967684022
"ASV_6431",1.76223300309608,0.0541028567754129,0.388,0.982973967684022
"ASV_6432",0.666460431048961,0.0211181331674229,0.188,0.982973967684022
"ASV_6448",0.77809202559669,0.0242933560089877,0.469,0.982973967684022
"ASV_6453",0.579154263967548,0.0186728647388021,0.303,0.982973967684022
"ASV_6454",1.45120206891812,0.04475469679499,0.013,0.982973967684022
"ASV_6455",1.64975401698199,0.0501185165120272,0.234,0.982973967684022
"ASV_6462",1.44967032049943,0.0452873758527426,0.165,0.982973967684022
"ASV_6469",2.02923015843807,0.0612684844656151,0.114,0.982973967684022
"ASV_6488",3.61072523332513,0.104607955931971,0.091,0.982973967684022
"ASV_6498",1.56335041088687,0.0475679580277288,0.093,0.982973967684022
"ASV_6499",0.546957073190344,0.0173504426738849,0.096,0.982973967684022
"ASV_6500",1.37386259862682,0.0426027866452327,0.437,0.982973967684022
"ASV_6508",2.12784351257042,0.0641640130980556,0.319,0.982973967684022
"ASV_6513",2.00128108858888,0.0606337740789959,0.053,0.982973967684022
"ASV_6519",1.19858460153094,0.0377457334267986,0.245,0.982973967684022
"ASV_6522",0.767243579596053,0.0241632838342017,0.375,0.982973967684022
"ASV_6526",2.82041123583487,0.0835134267867413,0.269,0.982973967684022
"ASV_6537",0.805371986840136,0.0254895565517665,0.355,0.982973967684022
"ASV_6538",1.86045893040595,0.0565353594609931,0.212,0.982973967684022
"ASV_6546",0.60465474093357,0.01942905619878,0.348,0.982973967684022
"ASV_6547",1.73592012593676,0.0529537219968639,0.36,0.982973967684022
"ASV_6557",1.62447748433797,0.0497816014725702,0.174,0.982973967684022
"ASV_6572",1.10609781482184,0.0348564256938559,0.409,0.982973967684022
"ASV_6580",2.20894936896677,0.0667323514213418,0.047,0.982973967684022
"ASV_6581",1.54927025531413,0.047586586597669,0.39,0.982973967684022
"ASV_6583",4.42739661380312,0.124951250029878,0.29,0.982973967684022
"ASV_6587",2.79804358351865,0.0827721052662502,0.064,0.982973967684022
"ASV_6591",1.21483383563977,0.0377218914161559,0.457,0.982973967684022
"ASV_6593",1.08951015148906,0.033948330451116,0.253,0.982973967684022
"ASV_6602",1.37259416276627,0.04226597978462,0.216,0.982973967684022
"ASV_6604",2.51994041504459,0.0746833614604053,0.24,0.982973967684022
"ASV_6606",1.80243550516095,0.055338772509312,0.163,0.982973967684022
"ASV_6608",0.503358478418744,0.015979279875708,0.35,0.982973967684022
"ASV_6612",0.631685482826465,0.0198446629456979,0.205,0.982973967684022
"ASV_6617",5.30705386689302,0.144907667160425,0.075,0.982973967684022
"ASV_6628",0.819290487723402,0.0257497928952488,0.276,0.982973967684022
"ASV_6629",1.62934431443715,0.050592445806924,0.474,0.982973967684022
"ASV_6631",1.88475529249362,0.05773134063474,0.471,0.982973967684022
"ASV_6637",3.36019893922818,0.0982046925731797,0.233,0.982973967684022
"ASV_6641",6.37028162980136,0.171007229889622,0.024,0.982973967684022
"ASV_6644",5.16047246708609,0.142931101514478,0.412,0.982973967684022
"ASV_6650",2.32374844558327,0.0695675961292921,0.365,0.982973967684022
"ASV_6651",2.12523688915975,0.063528055451816,0.072,0.982973967684022
"ASV_6669",1.40057896027315,0.0432690350488256,0.086,0.982973967684022
"ASV_6670",2.47820580213869,0.0741983043345021,0.314,0.982973967684022
"ASV_6674",1.80540299943707,0.0553011978225911,0.254,0.982973967684022
"ASV_6676",0.876885287178738,0.0270653670162375,0.344,0.982973967684022
"ASV_6680",1.00681157960813,0.0311941304142813,0.314,0.982973967684022
"ASV_6687",0.840837664196262,0.0270313742957966,0.111,0.982973967684022
"ASV_6689",1.58250035080304,0.0485255862373481,0.466,0.982973967684022
"ASV_6690",0.537082064607487,0.0167280536530554,0.326,0.982973967684022
"ASV_6694",0.471449984330937,0.0150216512837166,0.196,0.982973967684022
"ASV_6696",2.94428879883199,0.0864645658956583,0.16,0.982973967684022
"ASV_6697",1.2250880225104,0.0379049036182374,0.234,0.982973967684022
"ASV_6698",0.862395857025417,0.0273528641141219,0.16,0.982973967684022
"ASV_6713",1.31812597269183,0.0399109474114559,0.196,0.982973967684022
"ASV_6721",3.39648216342816,0.098681954935996,0.009,0.982973967684022
"ASV_6737",1.31458318528334,0.0402451831108093,0.471,0.982973967684022
"ASV_6743",3.69026294350733,0.106985225836242,0.047,0.982973967684022
"ASV_6752",1.17557142804521,0.0368859033922002,0.137,0.982973967684022
"ASV_6762",7.50334382707635,0.194526073426572,0.111,0.982973967684022
"ASV_6778",0.43084602255484,0.0139120652469839,0.373,0.982973967684022
"ASV_6786",0.889201141487353,0.0276147720443681,0.272,0.982973967684022
"ASV_6787",2.60705408062099,0.0776885635657808,0.032,0.982973967684022
"ASV_6793",0.654706774565568,0.0204805407568125,0.161,0.982973967684022
"ASV_6825",1.97951372332201,0.0597998928837353,0.356,0.982973967684022
"ASV_6827",0.26764704954606,0.00810859459376366,0.405,0.982973967684022
"ASV_6829",0.84223262632611,0.0269445472397832,0.354,0.982973967684022
"ASV_6830",9.46329031534974,0.233331574971653,0.022,0.982973967684022
"ASV_6831",1.59677919213248,0.0490065267731041,0.128,0.982973967684022
"ASV_6837",2.04305122956566,0.0614069454771368,0.264,0.982973967684022
"ASV_6866",1.11056631994839,0.0351320296277717,0.14,0.982973967684022
"ASV_6875",1.37689437190417,0.0428664549128912,0.211,0.982973967684022
"ASV_6879",1.06666860843174,0.0331267809508699,0.275,0.982973967684022
"ASV_6883",1.65122191061015,0.049929611131279,0.211,0.982973967684022
"ASV_6884",0.676758160357283,0.0217521451759803,0.355,0.982973967684022
"ASV_6886",0.277595622154086,0.00869103295299829,0.356,0.982973967684022
"ASV_6904",2.8664906731116,0.0841711831916359,0.074,0.982973967684022
"ASV_6907",4.75377754795309,0.1333439864684,0.385,0.982973967684022
"ASV_6909",0.881384048505636,0.0277235674271136,0.475,0.982973967684022
"ASV_6916",1.83884241130759,0.0556604335842844,0.264,0.982973967684022
"ASV_6917",2.82380219742325,0.083098999190757,0.024,0.982973967684022
"ASV_6926",1.37851035498083,0.0425589339304282,0.096,0.982973967684022
"ASV_6959",3.31122457165145,0.0963905255178101,0.059,0.982973967684022
"ASV_6974",1.38685773893057,0.0437225201817089,0.283,0.982973967684022
"ASV_6977",1.15641888829087,0.0361823702554585,0.219,0.982973967684022
"ASV_6981",3.41311619334974,0.0995212745280214,0.104,0.982973967684022
"ASV_6988",1.09152162354012,0.0340979954788751,0.31,0.982973967684022
"ASV_6989",0.784793028727215,0.0248420678603404,0.394,0.982973967684022
"ASV_6996",1.82205706253867,0.0555170393376685,0.287,0.982973967684022
"ASV_7011",3.99933915438149,0.113628497192707,0.007,0.982973967684022
"ASV_7012",4.81624507479884,0.134377018299594,0.062,0.982973967684022
"ASV_7016",3.41954089220214,0.0998872449660176,0.292,0.982973967684022
"ASV_7024",3.9964893093965,0.113630851097593,0.134,0.982973967684022
"ASV_7025",1.77724453618293,0.0536009297892732,0.436,0.982973967684022
"ASV_7027",3.19476289312021,0.0933282774455094,0.314,0.982973967684022
"ASV_7031",0.880419544552183,0.0276571056098758,0.391,0.982973967684022
"ASV_7033",1.43502491307504,0.0441946753936256,0.269,0.982973967684022
"ASV_7048",1.33187978269233,0.0413672261739266,0.03,0.982973967684022
"ASV_7066",0.503101734858427,0.0160213103909401,0.179,0.982973967684022
"ASV_7068",2.49540859286416,0.0741689943350967,0.019,0.982973967684022
"ASV_7072",1.44673576665199,0.0453778295437273,0.389,0.982973967684022
"ASV_7083",1.19073480479551,0.0365942158585568,0.374,0.982973967684022
"ASV_7086",1.38870956020207,0.0427927511260536,0.183,0.982973967684022
"ASV_7088",2.14199585452289,0.0655350933141332,0.152,0.982973967684022
"ASV_7098",1.18930544642576,0.0371998197559061,0.477,0.982973967684022
"ASV_7112",1.47465427178862,0.0455720706920023,0.437,0.982973967684022
"ASV_7122",1.88583411643196,0.057292681309248,0.461,0.982973967684022
"ASV_7123",1.32172364986771,0.0408128766220331,0.237,0.982973967684022
"ASV_7126",0.890877828669101,0.0291505140864983,0.445,0.982973967684022
"ASV_7138",5.09672063765636,0.14134644038685,0.085,0.982973967684022
"ASV_7139",3.40880675354109,0.0994083664169579,0.272,0.982973967684022
"ASV_7146",0.337756924831179,0.0112985444659359,0.183,0.982973967684022
"ASV_7158",0.732512644792418,0.0234093456245025,0.193,0.982973967684022
"ASV_7160",3.32625054088849,0.0963432454506156,0.028,0.982973967684022
"ASV_7169",1.98530751857879,0.0603022407880027,0.302,0.982973967684022
"ASV_7170",0.76481057114373,0.0251383535624235,0.332,0.982973967684022
"ASV_7176",2.62122684828516,0.0779552275272993,0.354,0.982973967684022
"ASV_7178",0.917742003131766,0.0295893877486708,0.119,0.982973967684022
"ASV_7181",0.497738223122717,0.0158345035203098,0.448,0.982973967684022
"ASV_7182",2.13226727315867,0.0642069305867823,0.288,0.982973967684022
"ASV_7183",0.375946388359615,0.0115491251076101,0.129,0.982973967684022
"ASV_7186",1.66383849407765,0.0506135074956246,0.339,0.982973967684022
"ASV_7188",1.88370363088404,0.0569971655907775,0.119,0.982973967684022
"ASV_7196",1.07283847067456,0.033726064434424,0.421,0.982973967684022
"ASV_7197",2.28585275992121,0.0686518730310143,0.006,0.982973967684022
"ASV_7198",1.81343447506644,0.0542144528966883,0.451,0.982973967684022
"ASV_7199",1.22373170980212,0.0376649743614767,0.3,0.982973967684022
"ASV_7206",0.659070823389974,0.0211780404461104,0.465,0.982973967684022
"ASV_7208",0.986290865335408,0.0304356889633557,0.266,0.982973967684022
"ASV_7209",2.06272899994973,0.062505042695316,0.176,0.982973967684022
"ASV_7221",0.470370928847994,0.014958133890403,0.221,0.982973967684022
"ASV_7224",1.25757079471841,0.0390160257932099,0.059,0.982973967684022
"ASV_7234",3.05860902121998,0.089321119570504,0.257,0.982973967684022
"ASV_7240",1.15855955606347,0.0364145569024104,0.147,0.982973967684022
"ASV_7248",1.26910975250149,0.0402200161620579,0.344,0.982973967684022
"ASV_7249",1.4337104775576,0.0439102825744061,0.287,0.982973967684022
"ASV_7250",1.62148645082863,0.0499904026494772,0.243,0.982973967684022
"ASV_7264",2.14211961270806,0.0643312416825494,0.372,0.982973967684022
"ASV_7267",1.71184512266672,0.052498492778565,0.3,0.982973967684022
"ASV_7283",2.0646939412732,0.0621896463519258,0.174,0.982973967684022
"ASV_7296",0.723061655929901,0.0227499867578652,0.319,0.982973967684022
"ASV_7306",1.64140713515492,0.0497877968542655,0.406,0.982973967684022
"ASV_7307",2.06927057403483,0.0625099590458055,0.089,0.982973967684022
"ASV_7332",1.13258424979102,0.0353316369661135,0.411,0.982973967684022
"ASV_7348",0.905628471404527,0.0286831884556209,0.427,0.982973967684022
"ASV_7349",1.08790050837662,0.0338231199873903,0.37,0.982973967684022
"ASV_7350",1.69587792625515,0.051914933123972,0.258,0.982973967684022
"ASV_7351",1.3788983962812,0.0426496307289983,0.038,0.982973967684022
"ASV_7359",0.736271547146237,0.0227594279931603,0.439,0.982973967684022
"ASV_7366",1.54723977810792,0.0468205457351168,0.224,0.982973967684022
"ASV_7367",2.64698281459932,0.0784970284613392,0.259,0.982973967684022
"ASV_7370",1.80257455840241,0.0553696736814455,0.149,0.982973967684022
"ASV_7371",1.44471582503986,0.0455706144809891,0.294,0.982973967684022
"ASV_7376",6.30747820291174,0.168788862502978,0.278,0.982973967684022
"ASV_7413",0.749710122527824,0.023926591603369,0.357,0.982973967684022
"ASV_7415",0.548449339280315,0.0175536770200811,0.279,0.982973967684022
"ASV_7423",1.65439764882125,0.05112755887399,0.401,0.982973967684022
"ASV_7429",0.629184309988349,0.0198859350780738,0.411,0.982973967684022
"ASV_7445",0.983581156066494,0.0306972570987896,0.423,0.982973967684022
"ASV_7446",1.16057389383704,0.0359064799898542,0.164,0.982973967684022
"ASV_7447",2.21119645775694,0.0673607184388576,0.183,0.982973967684022
"ASV_7461",0.78482998940095,0.0247549329358449,0.326,0.982973967684022
"ASV_7466",2.01124180432694,0.0614497772368032,0.028,0.982973967684022
"ASV_7473",4.05700307970215,0.116109843580324,0.124,0.982973967684022
"ASV_7477",1.60178916827576,0.0489868415092983,0.415,0.982973967684022
"ASV_7478",1.27838991587449,0.0402440776245855,0.356,0.982973967684022
"ASV_7487",1.31837199066766,0.0408265995934372,0.138,0.982973967684022
"ASV_7504",3.15184334873225,0.0918865090814112,0.083,0.982973967684022
"ASV_7510",1.65312278087664,0.0508810227286267,0.126,0.982973967684022
"ASV_7514",2.7690776626185,0.0822234916076584,0.018,0.982973967684022
"ASV_7520",2.93170012234935,0.086293513491627,0.067,0.982973967684022
"ASV_7525",0.756707266544775,0.0225033714387531,0.4,0.982973967684022
"ASV_7538",0.754123464750559,0.0238069584015711,0.36,0.982973967684022
"ASV_7540",4.19727023645183,0.119599298233202,0.122,0.982973967684022
"ASV_7544",1.01654865413596,0.0318230139933996,0.26,0.982973967684022
"ASV_7545",2.73808898069012,0.0814038151974057,0.053,0.982973967684022
"ASV_7551",0.747906659140695,0.0237540426539376,0.396,0.982973967684022
"ASV_7552",3.61764385278903,0.104502957604573,0.309,0.982973967684022
"ASV_7564",1.02660459381873,0.0318756634136165,0.38,0.982973967684022
"ASV_7575",2.69241818548641,0.0795136556912023,0.156,0.982973967684022
"ASV_7578",0.624137592788117,0.019594753581542,0.307,0.982973967684022
"ASV_7582",0.863500023596871,0.0269050096696321,0.373,0.982973967684022
"ASV_7604",1.3789199753791,0.0427367581278574,0.067,0.982973967684022
"ASV_7605",1.51859666133463,0.0474390233991275,0.341,0.982973967684022
"ASV_7606",1.63456982661888,0.0499430485672038,0.234,0.982973967684022
"ASV_7613",2.98644684281367,0.0881183640474909,0.268,0.982973967684022
"ASV_7615",2.17043859437571,0.0654337235841846,0.4,0.982973967684022
"ASV_7618",3.41881949621874,0.099321564454028,0.127,0.982973967684022
"ASV_7619",0.346289270602883,0.0114695152018695,0.403,0.982973967684022
"ASV_7620",1.56550946000262,0.0481673907417816,0.214,0.982973967684022
"ASV_7625",0.510969252374253,0.0162831292267881,0.456,0.982973967684022
"ASV_7627",4.2933032158814,0.12134877683452,0.058,0.982973967684022
"ASV_7629",2.79562991148468,0.0821085427770272,0.042,0.982973967684022
"ASV_7646",3.09998479932497,0.0916884464814474,0.122,0.982973967684022
"ASV_7651",5.35652288412859,0.147649447102031,0.044,0.982973967684022
"ASV_7659",2.16133456706399,0.0657727258395247,0.17,0.982973967684022
"ASV_7661",1.58428269032983,0.0484332609554456,0.142,0.982973967684022
"ASV_7679",2.39318926238112,0.0713915374849713,0.4,0.982973967684022
"ASV_7689",0.503212013550991,0.0160654649874448,0.391,0.982973967684022
"ASV_7690",2.04480307302998,0.0625688214414691,0.034,0.982973967684022
"ASV_7691",3.51383158758805,0.102745084840265,0.14,0.982973967684022
"ASV_7705",1.30954264165071,0.0405041751210903,0.302,0.982973967684022
"ASV_7711",0.707990702812773,0.0223161557545205,0.405,0.982973967684022
"ASV_7729",1.03972089136644,0.0319345220066262,0.39,0.982973967684022
"ASV_7745",0.79398315978411,0.0253984693323144,0.466,0.982973967684022
"ASV_7750",0.771271396201246,0.0244675471301457,0.471,0.982973967684022
"ASV_7764",2.29025009699027,0.068164438121665,0.07,0.982973967684022
"ASV_7765",2.77957948629533,0.0823517091590784,0.207,0.982973967684022
"ASV_7766",0.605460196250935,0.019193925738297,0.201,0.982973967684022
"ASV_7768",1.2920327643337,0.0403178839140763,0.29,0.982973967684022
"ASV_7773",0.664858085359904,0.0201972697196246,0.449,0.982973967684022
"ASV_7782",1.35388312422014,0.0419462182519106,0.074,0.982973967684022
"ASV_7796",1.91077728515775,0.0584463791615785,0.174,0.982973967684022
"ASV_7800",1.76647536732078,0.0545984456197797,0.058,0.982973967684022
"ASV_7806",0.68687585582698,0.0216761553357209,0.275,0.982973967684022
"ASV_7810",1.19021580232126,0.036776585843953,0.361,0.982973967684022
"ASV_7811",2.37425159112303,0.0709790353074323,0.263,0.982973967684022
"ASV_7814",1.15041195831127,0.0355686470102092,0.087,0.982973967684022
"ASV_7815",0.101656222645791,0.00321691629350635,0.28,0.982973967684022
"ASV_7819",1.18859058286933,0.0369972190887884,0.298,0.982973967684022
"ASV_7823",1.19679277391232,0.037189601056193,0.285,0.982973967684022
"ASV_7825",0.893316137790358,0.0268448296837814,0.405,0.982973967684022
"ASV_7826",4.68983056602538,0.131303494100135,0.065,0.982973967684022
"ASV_7840",0.87140678031572,0.0268377706513262,0.28,0.982973967684022
"ASV_7861",1.71205852312994,0.0516353820691917,0.054,0.982973967684022
"ASV_7866",2.75436218832071,0.0812933976436476,0.18,0.982973967684022
"ASV_7874",1.65311134513387,0.0504931133402517,0.349,0.982973967684022
"ASV_7876",0.541604430108447,0.0172229103134133,0.417,0.982973967684022
"ASV_7879",0.913920009800383,0.0290581120258155,0.281,0.982973967684022
"ASV_7883",2.30967916661311,0.069406922237468,0.236,0.982973967684022
"ASV_7891",1.16770817620166,0.0361697056048977,0.472,0.982973967684022
"ASV_7907",4.82723760125498,0.134820923426867,0.039,0.982973967684022
"ASV_7916",0.518833244362066,0.0161054351324077,0.462,0.982973967684022
"ASV_7928",3.51478234373556,0.101375163271238,0.275,0.982973967684022
"ASV_7933",1.04371808678812,0.0326339929617684,0.209,0.982973967684022
"ASV_7934",1.82217186598089,0.0545772995841802,0.077,0.982973967684022
"ASV_7935",0.373079651458301,0.012032810341111,0.254,0.982973967684022
"ASV_7938",1.84909934435076,0.0562877563681375,0.083,0.982973967684022
"ASV_7939",0.352685315712117,0.0111213957050721,0.383,0.982973967684022
"ASV_7940",0.902774645899385,0.0284182787514788,0.301,0.982973967684022
"ASV_7947",0.464576916734854,0.01433456718881,0.305,0.982973967684022
"ASV_7949",0.536830482313105,0.0175510278183325,0.3,0.982973967684022
"ASV_7979",0.714658959366555,0.0230117481399184,0.399,0.982973967684022
"ASV_7985",2.48865297081761,0.0746205256770854,0.092,0.982973967684022
"ASV_7995",1.93513462288696,0.0580533394849221,0.262,0.982973967684022
"ASV_7998",0.525395117558339,0.0167117516572196,0.384,0.982973967684022
"ASV_8002",0.76690632550622,0.0238213620124344,0.331,0.982973967684022
"ASV_8016",1.90910857703752,0.0578420255640446,0.249,0.982973967684022
"ASV_8027",2.8808763775573,0.0854643081000206,0.033,0.982973967684022
"ASV_8038",1.303951883203,0.0409399251499543,0.275,0.982973967684022
"ASV_8039",1.17848616013472,0.0370360622891104,0.352,0.982973967684022
"ASV_8042",1.04276557769067,0.0331621862137683,0.286,0.982973967684022
"ASV_8054",1.34278252739274,0.0409696966534254,0.023,0.982973967684022
"ASV_8055",0.980244030590431,0.0304114307395581,0.331,0.982973967684022
"ASV_8057",1.80192029610717,0.0552618169064494,0.103,0.982973967684022
"ASV_8063",1.63265322314658,0.049863167272553,0.428,0.982973967684022
"ASV_8071",1.23677395995749,0.0396447088836184,0.364,0.982973967684022
"ASV_8072",0.725368086313307,0.0228318218174433,0.422,0.982973967684022
"ASV_8097",1.93978535674829,0.0593199820705761,0.203,0.982973967684022
"ASV_8098",1.78234627059488,0.054469741492698,0.346,0.982973967684022
"ASV_8102",1.44802398407534,0.0445146004265209,0.288,0.982973967684022
"ASV_8115",2.10000984711511,0.0623452825347213,0.144,0.982973967684022
"ASV_8116",0.609982739360609,0.0191868435066959,0.282,0.982973967684022
"ASV_8125",1.12836048423,0.0351683507858838,0.173,0.982973967684022
"ASV_8128",2.4749747505036,0.0752253475183843,0.2,0.982973967684022
"ASV_8130",0.93003009795521,0.0291756041738522,0.316,0.982973967684022
"ASV_8131",1.93190852768978,0.0586070043739447,0.348,0.982973967684022
"ASV_8136",1.14426923561209,0.0356069645243437,0.175,0.982973967684022
"ASV_8153",0.565869027634246,0.0180567177752635,0.414,0.982973967684022
"ASV_8170",2.36204943576783,0.0712766980483689,0.223,0.982973967684022
"ASV_8172",1.80817482738875,0.055578455696,0.206,0.982973967684022
"ASV_8173",1.8045850836266,0.0552891842360651,0.212,0.982973967684022
"ASV_8174",1.11196206334231,0.0342592070212915,0.202,0.982973967684022
"ASV_8181",2.84178131685932,0.0844708121363192,0.162,0.982973967684022
"ASV_8188",5.28559269994508,0.144402836731362,0.189,0.982973967684022
"ASV_8190",2.28076228874581,0.0684899627202143,0.405,0.982973967684022
"ASV_8197",2.35658414499378,0.071131398441661,0.004,0.982973967684022
"ASV_8208",2.81996450575736,0.0832093975246106,0.025,0.982973967684022
"ASV_8210",0.667892834203949,0.0205805329837644,0.396,0.982973967684022
"ASV_8217",1.57101473655778,0.0485588322485601,0.08,0.982973967684022
"ASV_8226",3.39310370264433,0.0987903387793135,0.191,0.982973967684022
"ASV_8228",1.16785264250752,0.0362713442891555,0.386,0.982973967684022
"ASV_8231",0.773140745705227,0.0236239918363562,0.368,0.982973967684022
"ASV_8232",0.900934882530155,0.0282947747605682,0.265,0.982973967684022
"ASV_8255",1.29456993171694,0.0402001310472443,0.443,0.982973967684022
"ASV_8256",1.86774254097926,0.0568426200557044,0.298,0.982973967684022
"ASV_8258",2.43900919784656,0.0744914524262896,0.03,0.982973967684022
"ASV_8259",0.732868587870477,0.0230396434764702,0.363,0.982973967684022
"ASV_8271",1.66436140973047,0.0509828590973057,0.109,0.982973967684022
"ASV_8274",8.74726485853983,0.220423504280527,0.025,0.982973967684022
"ASV_8286",3.10231381229886,0.090788944318624,0.114,0.982973967684022
"ASV_8305",0.807313532344066,0.0253921262987544,0.162,0.982973967684022
"ASV_8314",1.54668976551422,0.0474363491864176,0.339,0.982973967684022
"ASV_8325",3.62821304562906,0.105292236145026,0.218,0.982973967684022
"ASV_8331",1.70466825386037,0.0524392862848725,0.123,0.982973967684022
"ASV_8336",0.599876740907734,0.0190494439806373,0.345,0.982973967684022
"ASV_8343",1.50468510711818,0.0463573295365494,0.436,0.982973967684022
"ASV_8351",0.779313922296305,0.0251562062512545,0.351,0.982973967684022
"ASV_8353",4.73702100128451,0.132553516411903,0.202,0.982973967684022
"ASV_8379",1.78954698234156,0.0547642789274425,0.376,0.982973967684022
"ASV_8383",5.73072134428401,0.155256548297323,0.028,0.982973967684022
"ASV_8410",1.43013192637436,0.0441461491647448,0.071,0.982973967684022
"ASV_8413",1.3388878041869,0.0413877981171491,0.091,0.982973967684022
"ASV_8415",1.8700112980554,0.0572340086072953,0.331,0.982973967684022
"ASV_8430",1.04587753391945,0.0321089624776646,0.241,0.982973967684022
"ASV_8436",1.8797781305071,0.0571507175301829,0.109,0.982973967684022
"ASV_8445",0.911898537424969,0.0288097053219349,0.427,0.982973967684022
"ASV_8456",0.269982400686524,0.00883363664947663,0.378,0.982973967684022
"ASV_8458",0.944653082823409,0.0301351042006295,0.046,0.982973967684022
"ASV_8459",0.795246260217937,0.0251032151111503,0.249,0.982973967684022
"ASV_8465",2.96204928667057,0.0872214501159718,0.112,0.982973967684022
"ASV_8482",1.37385219081391,0.0427682268357001,0.427,0.982973967684022
"ASV_8483",2.85351383685413,0.0847985086156231,0.437,0.982973967684022
"ASV_8484",0.675583312213272,0.0209343659367347,0.403,0.982973967684022
"ASV_8489",0.82858234055525,0.0261435206748305,0.072,0.982973967684022
"ASV_8495",0.735535530456271,0.0233201753472537,0.348,0.982973967684022
"ASV_8496",1.67126909912299,0.0515879371151149,0.12,0.982973967684022
"ASV_8497",1.86390632615791,0.0564365389364703,0.293,0.982973967684022
"ASV_8509",0.980192841319376,0.0307324540815532,0.382,0.982973967684022
"ASV_8529",0.559209850386264,0.017739907589307,0.452,0.982973967684022
"ASV_8536",2.10191446232374,0.0636228761358309,0.114,0.982973967684022
"ASV_8546",2.73147444664685,0.0815679397091371,0.119,0.982973967684022
"ASV_8548",2.07780479828857,0.0625111044245006,0.194,0.982973967684022
"ASV_8552",1.25547126723874,0.0389337837024896,0.44,0.982973967684022
"ASV_8560",4.01472554024642,0.114924220386012,0.2,0.982973967684022
"ASV_8572",1.32311024052106,0.041491141584503,0.073,0.982973967684022
"ASV_8578",1.28426186821667,0.0397519689177013,0.322,0.982973967684022
"ASV_8584",1.4209020954763,0.0436916504052836,0.351,0.982973967684022
"ASV_8585",1.02066118426203,0.0323510803820373,0.46,0.982973967684022
"ASV_8591",0.740423771748154,0.0233007140498545,0.365,0.982973967684022
"ASV_8599",0.823615868383133,0.0258140592442572,0.371,0.982973967684022
"ASV_8613",1.61320156324622,0.0493515294549961,0.352,0.982973967684022
"ASV_8614",2.40649296410732,0.0719322064329467,0.443,0.982973967684022
"ASV_8615",1.52449362672583,0.0469753624639575,0.311,0.982973967684022
"ASV_8620",1.70814550605545,0.0523147569067702,0.291,0.982973967684022
"ASV_8634",1.91803913838131,0.0587811314195803,0.09,0.982973967684022
"ASV_8640",3.02501791664426,0.0886398662233143,0.193,0.982973967684022
"ASV_8646",4.29631058922527,0.122318849819378,0.042,0.982973967684022
"ASV_8647",0.836079619814961,0.0264352642202925,0.178,0.982973967684022
"ASV_8652",1.01668078569309,0.0324930130942736,0.302,0.982973967684022
"ASV_8659",0.7264155784005,0.0229025231398369,0.329,0.982973967684022
"ASV_8672",4.1107385987436,0.116487019593651,0.123,0.982973967684022
"ASV_8681",3.00997086771269,0.0877800071783156,0.099,0.982973967684022
"ASV_8683",2.08227103464419,0.0630226816115555,0.065,0.982973967684022
"ASV_8684",1.00756614028595,0.031635330977529,0.379,0.982973967684022
"ASV_8703",1.86169856577762,0.0565049552834199,0.306,0.982973967684022
"ASV_8721",5.20862857812913,0.144118352584927,0.17,0.982973967684022
"ASV_8722",2.61383984315165,0.0786244736855881,0.025,0.982973967684022
"ASV_8732",2.57929388004903,0.0770581163202278,0.113,0.982973967684022
"ASV_8733",1.2390794686167,0.038205681155071,0.36,0.982973967684022
"ASV_8745",2.12537846885083,0.0649115745552669,0.24,0.982973967684022
"ASV_8747",0.852070049547058,0.0273003343355194,0.324,0.982973967684022
"ASV_8755",1.18284461997738,0.0372918945585082,0.377,0.982973967684022
"ASV_8756",5.07069765409828,0.140728841897001,0.063,0.982973967684022
"ASV_8758",0.449401329465243,0.0145825300281985,0.368,0.982973967684022
"ASV_8759",1.01040828375402,0.0314860153261623,0.137,0.982973967684022
"ASV_8760",0.73031763830311,0.0228605937192158,0.359,0.982973967684022
"ASV_8764",3.43327676873129,0.0999237694378392,0.326,0.982973967684022
"ASV_8768",0.81470746496138,0.0240251247874723,0.388,0.982973967684022
"ASV_8780",1.31136096027255,0.0404145148391582,0.191,0.982973967684022
"ASV_8783",1.89254925450518,0.0577727778263483,0.054,0.982973967684022
"ASV_8789",1.82994222551737,0.0554878702136356,0.044,0.982973967684022
"ASV_8793",1.50237131905644,0.0465671045273192,0.411,0.982973967684022
"ASV_8800",0.860512460964261,0.0268169731926855,0.22,0.982973967684022
"ASV_8815",2.0170640298946,0.0613005495610974,0.219,0.982973967684022
"ASV_8816",1.14147497387225,0.0354421751920007,0.132,0.982973967684022
"ASV_8817",1.36371578012012,0.04224507885142,0.448,0.982973967684022
"ASV_8830",1.71230115279699,0.0525120094551586,0.279,0.982973967684022
"ASV_8866",0.659697937774262,0.0208261480354341,0.208,0.982973967684022
"ASV_8870",3.04372814543683,0.0889160205690276,0.242,0.982973967684022
"ASV_8877",3.11828253595927,0.0912513058272491,0.265,0.982973967684022
"ASV_8882",2.38772501987141,0.0713071670489866,0.195,0.982973967684022
"ASV_8883",0.882684286490891,0.0276857771541187,0.328,0.982973967684022
"ASV_8895",2.82451085075167,0.0834970593934196,0.028,0.982973967684022
"ASV_8897",4.44076243145365,0.126028120232114,0.204,0.982973967684022
"ASV_8899",1.12487078378671,0.0349792907241566,0.25,0.982973967684022
"ASV_8909",2.64966231471422,0.0788286682520673,0.202,0.982973967684022
"ASV_8912",1.27325267734144,0.0395903050053434,0.216,0.982973967684022
"ASV_8919",0.766026629880615,0.0238928434457477,0.21,0.982973967684022
"ASV_8920",3.78972132259471,0.10820510436358,0.323,0.982973967684022
"ASV_8930",1.78060432053814,0.0549264917681162,0.139,0.982973967684022
"ASV_8933",5.54646125708053,0.152030077816416,0.062,0.982973967684022
"ASV_8935",0.339399183526828,0.0108086577099641,0.463,0.982973967684022
"ASV_8937",8.62555967076908,0.217616632338725,0.086,0.982973967684022
"ASV_8948",0.935897021279017,0.02938702484879,0.46,0.982973967684022
"ASV_8959",0.325736476011542,0.0104235037575305,0.314,0.982973967684022
"ASV_8965",1.78935167474947,0.0535183865543164,0.116,0.982973967684022
"ASV_8980",0.72751870572194,0.0233137754645868,0.174,0.982973967684022
"ASV_8990",1.26189408709925,0.0396413828044858,0.349,0.982973967684022
"ASV_8991",2.84936744366384,0.0833098462754348,0.19,0.982973967684022
"ASV_9007",0.833653909477873,0.0266765872639649,0.227,0.982973967684022
"ASV_9024",0.855479211552828,0.0267915193635604,0.222,0.982973967684022
"ASV_9032",0.77223764779137,0.0246698955365663,0.433,0.982973967684022
"ASV_9039",2.11667336068599,0.0640127971558251,0.143,0.982973967684022
"ASV_9040",1.16533663340511,0.0360655642453501,0.378,0.982973967684022
"ASV_9041",0.792095578376764,0.0247248005990292,0.311,0.982973967684022
"ASV_9055",2.40362647959517,0.0723705522889321,0.122,0.982973967684022
"ASV_9056",2.14125519607446,0.0647922828910053,0.323,0.982973967684022
"ASV_9062",3.43620265370015,0.0997962340324536,0.135,0.982973967684022
"ASV_9063",2.30083917810775,0.0687332051649076,0.089,0.982973967684022
"ASV_9068",2.54636771797153,0.0756726464006471,0.096,0.982973967684022
"ASV_9077",0.768006187615852,0.0244430663030978,0.215,0.982973967684022
"ASV_9078",0.386559667928914,0.0124010091843984,0.143,0.982973967684022
"ASV_9084",0.930476208867904,0.029335626901433,0.037,0.982973967684022
"ASV_9090",0.675370537060054,0.0206140119150652,0.303,0.982973967684022
"ASV_9111",0.673737113390598,0.0209396806017319,0.12,0.982973967684022
"ASV_9112",0.760466167540648,0.0241729096808162,0.425,0.982973967684022
"ASV_9113",1.89934072974415,0.0575943327869517,0.132,0.982973967684022
"ASV_9121",2.36643675243434,0.0707507931116865,0.145,0.982973967684022
"ASV_9122",2.82313121980894,0.0831705473462651,0.207,0.982973967684022
"ASV_9124",1.07497271493004,0.0325483808506825,0.007,0.982973967684022
"ASV_9126",0.324539645266457,0.0101882831817511,0.182,0.982973967684022
"ASV_9133",0.584562203745902,0.0182587163464284,0.32,0.982973967684022
"ASV_9135",1.77287369393643,0.0546741941394568,0.303,0.982973967684022
"ASV_9145",1.09171194575297,0.0335398612982454,0.463,0.982973967684022
"ASV_9150",2.39465081731381,0.0715945169062238,0.295,0.982973967684022
"ASV_9153",0.907805212255289,0.0287500555592037,0.297,0.982973967684022
"ASV_9178",1.677076482281,0.0508525933389046,0.399,0.982973967684022
"ASV_9185",3.44525314852401,0.100238612428927,0.163,0.982973967684022
"ASV_9186",1.80542310456751,0.0550379867303101,0.318,0.982973967684022
"ASV_9188",4.17335593041602,0.118669981003775,0.025,0.982973967684022
"ASV_9192",1.24182376690345,0.0390165512765757,0.165,0.982973967684022
"ASV_9193",0.869607848960232,0.0270302336766228,0.45,0.982973967684022
"ASV_9202",1.78439634964443,0.0544527675726613,0.102,0.982973967684022
"ASV_9209",0.318618330840392,0.0103432220908434,0.452,0.982973967684022
"ASV_9212",1.32738838210402,0.040377469334572,0.431,0.982973967684022
"ASV_9238",0.727865509351885,0.0229349114363986,0.288,0.982973967684022
"ASV_9269",1.30715311041399,0.0404092927923138,0.281,0.982973967684022
"ASV_9271",1.27407277428552,0.0394762393222567,0.452,0.982973967684022
"ASV_9273",1.9597326189866,0.059608708678721,0.276,0.982973967684022
"ASV_9274",1.52200027476991,0.0467190465551428,0.242,0.982973967684022
"ASV_9278",1.87962132924945,0.0568952692650275,0.374,0.982973967684022
"ASV_9282",0.851873024095856,0.0265627047602085,0.268,0.982973967684022
"ASV_9285",4.56684367555091,0.128696852312513,0.169,0.982973967684022
"ASV_9293",1.86237343031874,0.0567931076623148,0.058,0.982973967684022
"ASV_9302",0.902433312686326,0.0283738149274794,0.42,0.982973967684022
"ASV_9306",0.520241317045462,0.0164769018687126,0.315,0.982973967684022
"ASV_9308",2.78231776486262,0.0823410387564637,0.195,0.982973967684022
"ASV_9313",1.55333824692854,0.0477648545232636,0.124,0.982973967684022
"ASV_9315",1.31542530483014,0.0402528186899393,0.018,0.982973967684022
"ASV_9317",1.21718419167434,0.0378715670251148,0.328,0.982973967684022
"ASV_9342",0.598331859842709,0.0189054779762108,0.449,0.982973967684022
"ASV_9355",1.84066243748868,0.0553874023376796,0.023,0.982973967684022
"ASV_9360",2.18708201992875,0.0656416308426069,0.402,0.982973967684022
"ASV_9363",2.92270484634532,0.0862200733478092,0.231,0.982973967684022
"ASV_9377",1.29509936289583,0.0400027774253672,0.476,0.982973967684022
"ASV_9379",2.02030589078343,0.0612338296956863,0.127,0.982973967684022
"ASV_9381",1.59897296125691,0.0490710989835299,0.273,0.982973967684022
"ASV_9407",0.537644150647592,0.0173051029408091,0.247,0.982973967684022
"ASV_9408",1.69662717035507,0.0522379156687698,0.363,0.982973967684022
"ASV_9415",3.23948106238974,0.0949537554520357,0.202,0.982973967684022
"ASV_9416",0.855917296157424,0.0268151755102917,0.291,0.982973967684022
"ASV_9428",7.12169788874385,0.187079549198531,0.006,0.982973967684022
"ASV_9441",1.06946303885244,0.0332793997031433,0.031,0.982973967684022
"ASV_9443",3.37847264699772,0.0974855767768573,0.228,0.982973967684022
"ASV_9451",1.59838107475519,0.0489137260726277,0.054,0.982973967684022
"ASV_9453",1.38051549622692,0.0425290698538942,0.456,0.982973967684022
"ASV_9467",1.09015295295361,0.033342264609567,0.108,0.982973967684022
"ASV_9468",3.31450978459297,0.0970222464258138,0.05,0.982973967684022
"ASV_9470",0.585055277071671,0.0184534899010841,0.291,0.982973967684022
"ASV_9494",0.924107129230313,0.0284934735723349,0.203,0.982973967684022
"ASV_9495",1.08331944555189,0.0339162051134791,0.453,0.982973967684022
"ASV_9496",1.03056153903919,0.0317740242441686,0.305,0.982973967684022
"ASV_9499",0.789139711171895,0.0252321405249946,0.451,0.982973967684022
"ASV_9517",1.61692600809323,0.0497435086361283,0.12,0.982973967684022
"ASV_9518",0.633402427647033,0.0202884885638978,0.382,0.982973967684022
"ASV_9528",1.46370540441803,0.0450226645663831,0.476,0.982973967684022
"ASV_9538",1.41225595711039,0.0438903271510061,0.445,0.982973967684022
"ASV_9540",3.18333207774789,0.0933431794493392,0.027,0.982973967684022
"ASV_9541",2.02498603978401,0.0612883463306156,0.116,0.982973967684022
"ASV_9551",1.5292204638808,0.0466428633476822,0.235,0.982973967684022
"ASV_9563",1.09109941078085,0.0339766891174945,0.179,0.982973967684022
"ASV_9566",1.6210674981306,0.0483183657948587,0.389,0.982973967684022
"ASV_9569",0.516507004053625,0.0164254036998196,0.436,0.982973967684022
"ASV_9570",3.64597017663624,0.1051817460536,0.024,0.982973967684022
"ASV_9574",0.564078837942755,0.0183491596414774,0.33,0.982973967684022
"ASV_9576",2.79292019735533,0.0823688753018923,0.169,0.982973967684022
"ASV_9577",1.23688158302273,0.0386816441373425,0.41,0.982973967684022
"ASV_9595",1.53079397038396,0.0471220369993051,0.125,0.982973967684022
"ASV_9598",1.92245352846503,0.0576964958695432,0.064,0.982973967684022
"ASV_9603",1.55993677008887,0.0478644213497193,0.325,0.982973967684022
"ASV_9625",1.7589186062379,0.0531648865211366,0.256,0.982973967684022
"ASV_9630",0.838678650801494,0.0265185745902451,0.311,0.982973967684022
"ASV_9631",0.827662345368346,0.0255304711320658,0.456,0.982973967684022
"ASV_9633",2.86529991584326,0.0851625049238847,0.163,0.982973967684022
"ASV_9635",0.327482183649709,0.0109716635440496,0.141,0.982973967684022
"ASV_9653",0.741938228769072,0.0237112235792381,0.422,0.982973967684022
"ASV_9655",1.75795993616124,0.0533077540456081,0.178,0.982973967684022
"ASV_9656",0.755086308230905,0.023846032977416,0.011,0.982973967684022
"ASV_9657",0.581096047558222,0.0173987649699429,0.367,0.982973967684022
"ASV_9665",2.64274549720352,0.0787034642951483,0.171,0.982973967684022
"ASV_9669",0.747081157032078,0.022847821171699,0.073,0.982973967684022
"ASV_9673",2.0727968606981,0.0626477508102968,0.37,0.982973967684022
"ASV_9679",1.47016368849248,0.0449141350485382,0.147,0.982973967684022
"ASV_9691",0.764537102160575,0.0239324539713511,0.116,0.982973967684022
"ASV_9697",0.645591317669503,0.0205776875538781,0.425,0.982973967684022
"ASV_9707",0.632256871191825,0.0199041069869698,0.078,0.982973967684022
"ASV_9711",2.20463780945916,0.0668455838649562,0.097,0.982973967684022
"ASV_9715",1.36714826040584,0.0422392840645599,0.141,0.982973967684022
"ASV_9724",0.854130779745878,0.0270989367448886,0.432,0.982973967684022
"ASV_9737",3.87370848906742,0.111181494903246,0.337,0.982973967684022
"ASV_9746",3.05963285825067,0.0902078836880671,0.146,0.982973967684022
"ASV_9748",0.858967192601614,0.0271423708849039,0.363,0.982973967684022
"ASV_9758",4.13482556919587,0.117615449820145,0.297,0.982973967684022
"ASV_9768",10.3639850018065,0.250883265192714,0.045,0.982973967684022
"ASV_9770",2.13550145202291,0.0643789080901116,0.417,0.982973967684022
"ASV_9775",0.25993637534458,0.0085991374852865,0.163,0.982973967684022
"ASV_9783",4.07136762163512,0.1146756445634,0.02,0.982973967684022
"ASV_9789",1.77121821016427,0.0536160959410474,0.461,0.982973967684022
"ASV_9797",1.06904969746941,0.0341404469240455,0.171,0.982973967684022
"ASV_9798",1.03018704721101,0.0325761543560886,0.14,0.982973967684022
"ASV_9800",1.81174312018772,0.0552311441205747,0.268,0.982973967684022
"ASV_9801",3.64720047862503,0.104650502760688,0.033,0.982973967684022
"ASV_9813",1.04274466296018,0.0331187063594849,0.463,0.982973967684022
"ASV_9838",0.882895206368691,0.0276270452994747,0.167,0.982973967684022
"ASV_9841",1.1163049217154,0.034756668368282,0.357,0.982973967684022
"ASV_9842",0.571194314141297,0.0181004603875165,0.308,0.982973967684022
"ASV_9844",1.09741307942248,0.0344715624285682,0.33,0.982973967684022
"ASV_9854",0.839317764113794,0.0263860099037636,0.367,0.982973967684022
"ASV_9869",1.33222394403681,0.0415948327852851,0.225,0.982973967684022
"ASV_9872",1.38699932989112,0.0433555227716488,0.038,0.982973967684022
"ASV_9878",2.73710913686478,0.0815411270235,0.191,0.982973967684022
"ASV_9881",3.31471140347111,0.0977057649507812,0.057,0.982973967684022
"ASV_9891",1.37716576509606,0.0428765495353743,0.422,0.982973967684022
"ASV_9895",0.736136891627305,0.0239465244252145,0.414,0.982973967684022
"ASV_9899",0.508681834992494,0.016081257049063,0.393,0.982973967684022
"ASV_9912",2.05140345251833,0.06201161721981,0.461,0.982973967684022
"ASV_9913",3.29465700560777,0.0957163215521767,0.227,0.982973967684022
"ASV_9931",3.45674279811354,0.100572737336283,0.316,0.982973967684022
"ASV_9934",1.0246454571612,0.0326072662429661,0.314,0.982973967684022
"ASV_9936",0.634676305235976,0.0207023611974833,0.393,0.982973967684022
"ASV_9941",1.76538931703632,0.0537982964901175,0.068,0.982973967684022
"ASV_9951",1.90175655813327,0.0572490889409082,0.244,0.982973967684022
"ASV_9962",2.47718620842964,0.0739506599422244,0.138,0.982973967684022
"ASV_9974",1.69185144867242,0.05168060110202,0.336,0.982973967684022
"ASV_9976",1.89576975433238,0.0577134639738754,0.056,0.982973967684022
"ASV_9988",2.8791633211533,0.0853064422865274,0.104,0.982973967684022
"ASV_10004",3.57458659756446,0.102841299598185,0.156,0.982973967684022
"ASV_10007",1.778471220002,0.0530450472719984,0.205,0.982973967684022
"ASV_10009",1.63146621059438,0.0496595166679418,0.152,0.982973967684022
"ASV_10010",1.12418945869393,0.034757909139917,0.099,0.982973967684022
"ASV_10013",0.450871173910136,0.0143259371956734,0.461,0.982973967684022
"ASV_10026",0.643135322485654,0.0204072192919497,0.449,0.982973967684022
"ASV_10027",1.64333939654606,0.0508835088812667,0.239,0.982973967684022
"ASV_10033",2.95490880928304,0.0865742861505821,0.046,0.982973967684022
"ASV_10053",0.849479394744477,0.0264331114088217,0.064,0.982973967684022
"ASV_10061",3.10675128451328,0.0906486663138538,0.115,0.982973967684022
"ASV_10062",0.813795992336956,0.0252963568296105,0.464,0.982973967684022
"ASV_10066",0.179529787521416,0.00584664662065023,0.452,0.982973967684022
"ASV_10068",1.14192201822898,0.0355020874166635,0.236,0.982973967684022
"ASV_10069",0.50581441269063,0.0159612452263543,0.406,0.982973967684022
"ASV_10079",0.831362341498408,0.025931092684581,0.359,0.982973967684022
"ASV_10082",1.91196062768011,0.0592314519235856,0.099,0.982973967684022
"ASV_10083",0.63174586750246,0.0203718247164133,0.26,0.982973967684022
"ASV_10093",3.8416398613637,0.110486846328316,0.052,0.982973967684022
"ASV_10117",1.98605558443613,0.0601159585428139,0.096,0.982973967684022
"ASV_10118",1.04392895211131,0.0324705570592709,0.236,0.982973967684022
"ASV_10123",0.990546652239094,0.0314035583177071,0.454,0.982973967684022
"ASV_10126",0.873737039163502,0.0273888935983138,0.354,0.982973967684022
"ASV_10130",2.52217263229161,0.0748936845351883,0.021,0.982973967684022
"ASV_10136",1.16110681865766,0.0360787995405326,0.176,0.982973967684022
"ASV_10139",0.471903201291712,0.014967352328582,0.396,0.982973967684022
"ASV_10146",2.44422767582965,0.0740157041340087,0.078,0.982973967684022
"ASV_10162",1.99005992250134,0.0603803013628822,0.205,0.982973967684022
"ASV_10163",0.769743934203458,0.0246399903170065,0.292,0.982973967684022
"ASV_10168",1.35196158357547,0.0418288247358434,0.223,0.982973967684022
"ASV_10172",1.54250336964465,0.0473887671094152,0.259,0.982973967684022
"ASV_10173",0.343224254700361,0.0109563950401585,0.427,0.982973967684022
"ASV_10192",0.517294849342538,0.0164136374446238,0.466,0.982973967684022
"ASV_10207",4.61926564383729,0.129261756598636,0.072,0.982973967684022
"ASV_10215",0.498184308910159,0.0157726568975578,0.455,0.982973967684022
"ASV_10237",0.544896542949852,0.0177307611776055,0.407,0.982973967684022
"ASV_10243",1.29305176346976,0.0400526468083341,0.218,0.982973967684022
"ASV_10251",0.914055379715878,0.0282636671912089,0.426,0.982973967684022
"ASV_10256",1.83334924126179,0.055900597414006,0.346,0.982973967684022
"ASV_10270",1.60526863061529,0.0490921240675613,0.116,0.982973967684022
"ASV_10271",3.13965964397991,0.091730935154184,0.154,0.982973967684022
"ASV_10291",6.08905916460234,0.163864563342435,0.391,0.982973967684022
"ASV_10293",0.897421937582146,0.0284694687339562,0.378,0.982973967684022
"ASV_10294",0.526082877390894,0.016605905057462,0.169,0.982973967684022
"ASV_10297",2.12335739644375,0.0649176550929026,0.332,0.982973967684022
"ASV_10312",1.89697426240766,0.0585523315938126,0.105,0.982973967684022
"ASV_10315",0.941148755422201,0.0296835869190478,0.453,0.982973967684022
"ASV_10319",1.38087955727865,0.0425029090777675,0.355,0.982973967684022
"ASV_10320",2.34528227850118,0.0703094326599616,0.369,0.982973967684022
"ASV_10323",0.843945157926783,0.0265542020416799,0.279,0.982973967684022
"ASV_10324",1.64873053642687,0.0505039188419657,0.213,0.982973967684022
"ASV_10329",1.00564846681606,0.0316960318528813,0.398,0.982973967684022
"ASV_10336",1.66825818681887,0.0510435003907352,0.251,0.982973967684022
"ASV_10353",2.78561255647605,0.0824293472035386,0.019,0.982973967684022
"ASV_10364",3.19823903856617,0.0940429329722445,0.147,0.982973967684022
"ASV_10366",0.414690149509516,0.0131385968250716,0.388,0.982973967684022
"ASV_10372",1.52899565807339,0.0468441469253396,0.388,0.982973967684022
"ASV_10382",0.614051976780686,0.0190828778225917,0.122,0.982973967684022
"ASV_10395",1.40381068446249,0.0443872059368266,0.288,0.982973967684022
"ASV_10397",0.648155658523521,0.0208732497659112,0.472,0.982973967684022
"ASV_10421",1.14117285131879,0.0355590503006268,0.386,0.982973967684022
"ASV_10443",0.388812598739669,0.01238434004286,0.426,0.982973967684022
"ASV_10454",0.948529372039463,0.0292198120894781,0.418,0.982973967684022
"ASV_10463",1.14117781022524,0.035657132367444,0.432,0.982973967684022
"ASV_10464",0.928830323875939,0.0291195760938541,0.185,0.982973967684022
"ASV_10468",1.19925359038967,0.0381175869234999,0.076,0.982973967684022
"ASV_10469",3.27375429292843,0.0954021912807956,0.219,0.982973967684022
"ASV_10477",1.76548588162069,0.05401016105618,0.259,0.982973967684022
"ASV_10492",3.00572093705065,0.0887996865725828,0.02,0.982973967684022
"ASV_10493",1.2407835314482,0.0384877650903112,0.2,0.982973967684022
"ASV_10504",0.595339689882378,0.0190688863540656,0.337,0.982973967684022
"ASV_10522",1.42937558610851,0.0440479988562037,0.37,0.982973967684022
"ASV_10539",1.56066071679915,0.0479311183821918,0.3,0.982973967684022
"ASV_10540",2.69553124704501,0.0800703076426153,0.013,0.982973967684022
"ASV_10546",1.51916829905002,0.0479144472632614,0.36,0.982973967684022
"ASV_10563",1.05027908968856,0.0329810065049895,0.155,0.982973967684022
"ASV_10568",3.35923381923612,0.0975682971849472,0.116,0.982973967684022
"ASV_10592",0.899084568257574,0.0282469962289919,0.43,0.982973967684022
"ASV_10593",0.917904115552265,0.0286089025755536,0.414,0.982973967684022
"ASV_10595",0.950580698804847,0.0300904769223668,0.462,0.982973967684022
"ASV_10602",1.07739828846622,0.033984700869028,0.36,0.982973967684022
"ASV_10624",0.520800122867902,0.0168036029463446,0.435,0.982973967684022
"ASV_10627",0.729465364498808,0.0227300566630837,0.272,0.982973967684022
"ASV_10629",2.08708377040495,0.0621914267655493,0.01,0.982973967684022
"ASV_10638",1.51313991118326,0.0470532285757709,0.113,0.982973967684022
"ASV_10650",1.31988000764023,0.040897624579498,0.255,0.982973967684022
"ASV_10651",0.43907190917009,0.0138170309476276,0.252,0.982973967684022
"ASV_10679",1.2849859476419,0.0398224188838495,0.384,0.982973967684022
"ASV_10699",2.05778292461917,0.0620456480503758,0.115,0.982973967684022
"ASV_10710",1.27520836591781,0.0391984973638921,0.214,0.982973967684022
"ASV_10712",2.54787716443598,0.0755162862989956,0.101,0.982973967684022
"ASV_10713",1.49550844318263,0.0459780797673621,0.429,0.982973967684022
"ASV_10715",4.88975887080589,0.135946363577092,0.016,0.982973967684022
"ASV_10718",1.83073931655728,0.0556704456489426,0.454,0.982973967684022
"ASV_10720",0.722258483061275,0.0227976095287353,0.096,0.982973967684022
"ASV_10722",2.01026210133282,0.0609398235776857,0.256,0.982973967684022
"ASV_10723",1.27358033501427,0.039591288970989,0.381,0.982973967684022
"ASV_10726",0.739687233570738,0.0238201779451689,0.446,0.982973967684022
"ASV_10729",1.43618568405485,0.0442595421654874,0.426,0.982973967684022
"ASV_10736",1.00163411625498,0.031728729214794,0.292,0.982973967684022
"ASV_10737",2.35856287851487,0.0705506627523892,0.105,0.982973967684022
"ASV_10756",0.436897597999437,0.0138540627314941,0.237,0.982973967684022
"ASV_10760",3.8247790178091,0.109866218702945,0.198,0.982973967684022
"ASV_10769",1.30698196141582,0.0408562890166828,0.163,0.982973967684022
"ASV_10785",1.33939623509131,0.0418599458573374,0.364,0.982973967684022
"ASV_10806",1.83709713869623,0.0562930563866801,0.191,0.982973967684022
"ASV_10819",1.67850850885341,0.0506804662769811,0.32,0.982973967684022
"ASV_10833",3.09104398474879,0.0904140749338953,0.014,0.982973967684022
"ASV_10835",1.57014945865956,0.0476789904188943,0.137,0.982973967684022
"ASV_10860",1.47324263806297,0.0457056390422257,0.143,0.982973967684022
"ASV_10861",2.69815605088967,0.0801270231378478,0.167,0.982973967684022
"ASV_10879",0.488230497329483,0.0152954639503725,0.445,0.982973967684022
"ASV_10884",1.16639635356253,0.0361384933662766,0.407,0.982973967684022
"ASV_10890",0.574600461477144,0.0183047900608083,0.242,0.982973967684022
"ASV_10892",0.813396976856689,0.025918490436054,0.339,0.982973967684022
"ASV_10910",0.91252559611291,0.0287324025680177,0.212,0.982973967684022
"ASV_10926",1.3182342162469,0.041249413961945,0.174,0.982973967684022
"ASV_10927",0.546980438281,0.0182959402410852,0.435,0.982973967684022
"ASV_10930",0.378750304760179,0.0122502071779935,0.138,0.982973967684022
"ASV_10931",2.67002801619043,0.0788881809244222,0.085,0.982973967684022
"ASV_10932",2.11284824925461,0.0647330896263427,0.207,0.982973967684022
"ASV_10934",0.635970138819533,0.019753342929847,0.445,0.982973967684022
"ASV_10941",1.72676672140628,0.0529369299381352,0.202,0.982973967684022
"ASV_10965",2.80519588432789,0.0830410683258011,0.109,0.982973967684022
"ASV_10978",0.792095910592454,0.0249191823563899,0.414,0.982973967684022
"ASV_10999",1.97924848681901,0.0600796675139087,0.051,0.982973967684022
"ASV_11002",0.519704706299132,0.0165861469952191,0.082,0.982973967684022
"ASV_11004",1.51599567988622,0.0467832944075814,0.413,0.982973967684022
"ASV_11006",0.953149871894115,0.0298457628467002,0.162,0.982973967684022
"ASV_11019",1.18910141379786,0.0374635331030667,0.299,0.982973967684022
"ASV_11021",2.39518405590692,0.0719164816896705,0.096,0.982973967684022
"ASV_11042",1.40317231983977,0.0434268351465915,0.211,0.982973967684022
"ASV_11052",0.85821421095311,0.0269376326841504,0.477,0.982973967684022
"ASV_11071",3.34449296588295,0.0978056146809817,0.167,0.982973967684022
"ASV_11072",1.30302088532615,0.0403938631877501,0.244,0.982973967684022
"ASV_11073",0.91354742012987,0.0291492326390889,0.42,0.982973967684022
"ASV_11094",4.00209663934831,0.114483986162632,0.022,0.982973967684022
"ASV_11097",1.02342378723438,0.0321935265619708,0.169,0.982973967684022
"ASV_11100",0.996607018488919,0.0304642068322592,0.464,0.982973967684022
"ASV_11102",0.911845106535768,0.0283811713140395,0.389,0.982973967684022
"ASV_11105",4.17060606139255,0.118948009349761,0.109,0.982973967684022
"ASV_11111",0.356104991963631,0.0114344818028315,0.323,0.982973967684022
"ASV_11112",2.40977798945964,0.0715783992151504,0.035,0.982973967684022
"ASV_11114",0.85021162700566,0.026192090430013,0.077,0.982973967684022
"ASV_11116",0.942165107707183,0.0294153648559732,0.016,0.982973967684022
"ASV_11125",2.2714478289464,0.0682486372175483,0.278,0.982973967684022
"ASV_11126",1.17517512720358,0.0361542759524618,0.333,0.982973967684022
"ASV_11129",1.21243820718092,0.0376455475691958,0.197,0.982973967684022
"ASV_11150",3.02988202832317,0.0881593348565536,0.077,0.982973967684022
"ASV_11162",1.5484130524577,0.0473698042623997,0.022,0.982973967684022
"ASV_11163",0.910461275179253,0.0280101044915348,0.386,0.982973967684022
"ASV_11166",2.04223458412441,0.0618976090058334,0.42,0.982973967684022
"ASV_11167",0.654126721138345,0.0209069678599666,0.446,0.982973967684022
"ASV_11171",1.95423602849755,0.0592936132480325,0.084,0.982973967684022
"ASV_11172",1.10779841721418,0.0337579680306889,0.209,0.982973967684022
"ASV_11174",1.03110822682923,0.0324605312186705,0.162,0.982973967684022
"ASV_11176",0.493214875903397,0.0156757770282615,0.476,0.982973967684022
"ASV_11187",2.11479836475249,0.0639733218093465,0.406,0.982973967684022
"ASV_11205",2.30777666141427,0.0695588407244545,0.133,0.982973967684022
"ASV_11207",2.51158400142202,0.0738717594911394,0.038,0.982973967684022
"ASV_11209",1.08851392223496,0.0341436969243013,0.201,0.982973967684022
"ASV_11220",1.5662444357587,0.0479872098695787,0.335,0.982973967684022
"ASV_11221",2.4765490090649,0.074025413384567,0.276,0.982973967684022
"ASV_11223",1.37007023637366,0.0421475090401104,0.475,0.982973967684022
"ASV_11225",1.56390703439524,0.0480812709036458,0.061,0.982973967684022
"ASV_11229",1.5194273972999,0.0469909649596174,0.017,0.982973967684022
"ASV_11237",0.608748285260125,0.0192682665524854,0.178,0.982973967684022
"ASV_11239",2.90083513165678,0.0856934566138857,0.209,0.982973967684022
"ASV_11241",0.8375973645444,0.0262322450095954,0.381,0.982973967684022
"ASV_11262",3.46350336530484,0.101435608140234,0.11,0.982973967684022
"ASV_11266",1.30008752986035,0.0406154999044096,0.248,0.982973967684022
"ASV_11278",1.54306617779467,0.0492003533889363,0.205,0.982973967684022
"ASV_11284",1.9424233650317,0.0587858196436085,0.287,0.982973967684022
"ASV_11293",1.27643608405324,0.0394920497682386,0.301,0.982973967684022
"ASV_11294",2.88321824492747,0.0851822598924491,0.268,0.982973967684022
"ASV_11314",2.2677562591082,0.0674613222302746,0.368,0.982973967684022
"ASV_11321",3.01054123662206,0.0893138036740342,0.067,0.982973967684022
"ASV_11322",1.2428523111069,0.0387715918560533,0.248,0.982973967684022
"ASV_11326",2.55850071587994,0.0760348221194465,0.204,0.982973967684022
"ASV_11329",2.90909326311122,0.0866861605760503,0.242,0.982973967684022
"ASV_11330",1.54533891081748,0.0477184325826935,0.042,0.982973967684022
"ASV_11347",2.54894868331186,0.0758839704622697,0.219,0.982973967684022
"ASV_11363",1.75149975282696,0.0533540008123112,0.454,0.982973967684022
"ASV_11372",0.232348496931531,0.00703948021183897,0.462,0.982973967684022
"ASV_11373",1.03059134327123,0.0321990976171554,0.36,0.982973967684022
"ASV_11382",3.58486109768474,0.103945616623985,0.012,0.982973967684022
"ASV_11385",3.75605172281908,0.108180510737129,0.097,0.982973967684022
"ASV_11403",1.38889488729647,0.0429619203519748,0.457,0.982973967684022
"ASV_11414",0.438799689817457,0.014342309523101,0.308,0.982973967684022
"ASV_11415",0.87298752023139,0.027776712859468,0.237,0.982973967684022
"ASV_11423",1.17045785979876,0.0364206723272988,0.396,0.982973967684022
"ASV_11438",1.46591252185397,0.045539630666106,0.456,0.982973967684022
"ASV_11468",1.88300743327231,0.0573562594007636,0.338,0.982973967684022
"ASV_11470",1.22630137755213,0.0377816185696488,0.367,0.982973967684022
"ASV_11474",1.93227223101147,0.0587712907049148,0.069,0.982973967684022
"ASV_11476",3.22540592477553,0.0942331063701728,0.105,0.982973967684022
"ASV_11497",3.00910745698655,0.0884608767167864,0.159,0.982973967684022
"ASV_11499",2.06170020793492,0.0623578010683373,0.284,0.982973967684022
"ASV_11531",1.02048358274045,0.0318689887552442,0.424,0.982973967684022
"ASV_11533",1.06906173066386,0.032834096168843,0.28,0.982973967684022
"ASV_11550",1.88415501102684,0.0574561915281375,0.108,0.982973967684022
"ASV_11572",1.20317798492502,0.0373610256151995,0.325,0.982973967684022
"ASV_11587",1.1876782022464,0.037146751594459,0.27,0.982973967684022
"ASV_11589",1.04218450749145,0.0324942421350582,0.475,0.982973967684022
"ASV_11597",1.25709056961905,0.0380643634381261,0.369,0.982973967684022
"ASV_11601",1.29626475828155,0.0405579747121987,0.346,0.982973967684022
"ASV_11609",0.537087034117199,0.0176225281109708,0.444,0.982973967684022
"ASV_11624",1.82222133575818,0.055078872493422,0.175,0.982973967684022
"ASV_11625",3.90982952968789,0.112163234726253,0.077,0.982973967684022
"ASV_11628",0.6237743431405,0.0191445379474819,0.368,0.982973967684022
"ASV_11646",1.9705837662462,0.0599804719016313,0.117,0.982973967684022
"ASV_11647",1.82702415905504,0.0562001570815792,0.289,0.982973967684022
"ASV_11670",1.8881771323246,0.0578384824317846,0.125,0.982973967684022
"ASV_11674",1.59027974767429,0.0486598721121521,0.075,0.982973967684022
"ASV_11684",0.396761267128973,0.0127773642823005,0.35,0.982973967684022
"ASV_11687",1.84590952152949,0.0560785717964986,0.349,0.982973967684022
"ASV_11696",4.09459229591815,0.117177416210098,0.093,0.982973967684022
"ASV_11723",3.62522631852407,0.10440067379481,0.069,0.982973967684022
"ASV_11725",1.27291247439728,0.0401046908106702,0.457,0.982973967684022
"ASV_11729",1.25378115211674,0.0381848663298074,0.308,0.982973967684022
"ASV_11757",0.536633415705094,0.0169903672320711,0.476,0.982973967684022
"ASV_11778",1.80863675074537,0.0551596641904073,0.444,0.982973967684022
"ASV_11779",1.73715820292161,0.0530023573721534,0.131,0.982973967684022
"ASV_11780",0.819741202695768,0.025728466415162,0.389,0.982973967684022
"ASV_11784",5.3655749782056,0.146817589948693,0.017,0.982973967684022
"ASV_11793",4.93774745800377,0.137534855439217,0.067,0.982973967684022
"ASV_11794",4.10506350111895,0.116027048956393,0.041,0.982973967684022
"ASV_11802",0.90740007364082,0.0287387577156089,0.416,0.982973967684022
"ASV_11809",0.900329202778504,0.0281914807022002,0.16,0.982973967684022
"ASV_11845",2.73248078420175,0.0808922636628567,0.029,0.982973967684022
"ASV_11853",1.75049403852297,0.0534383620082883,0.18,0.982973967684022
"ASV_11855",2.72100246592143,0.0807030027356178,0.13,0.982973967684022
"ASV_11864",0.830251294622868,0.0252773933496948,0.438,0.982973967684022
"ASV_11870",0.76979663016118,0.02439987876085,0.401,0.982973967684022
"ASV_11883",0.261369627830082,0.00870246212023021,0.344,0.982973967684022
"ASV_11884",0.909503061920117,0.0286833694309391,0.422,0.982973967684022
"ASV_11886",0.574700513905067,0.0179919875241548,0.269,0.982973967684022
"ASV_11914",1.96933836356825,0.0604421406149194,0.163,0.982973967684022
"ASV_11915",1.64949008704208,0.0510985263005246,0.434,0.982973967684022
"ASV_11921",1.76275222790986,0.0540936365330601,0.199,0.982973967684022
"ASV_11922",0.950604900842288,0.0298482632496158,0.437,0.982973967684022
"ASV_11927",1.30418663761135,0.0405413091592728,0.462,0.982973967684022
"ASV_11931",0.929425714302272,0.0289260063057579,0.391,0.982973967684022
"ASV_11936",1.98747572143922,0.0600871466591811,0.126,0.982973967684022
"ASV_11944",1.37036363342323,0.0421613128117601,0.346,0.982973967684022
"ASV_11945",0.841742712458611,0.0260200342132082,0.363,0.982973967684022
"ASV_11949",3.26723764496375,0.0952837664046751,0.135,0.982973967684022
"ASV_11950",0.786061378555839,0.0252871531318352,0.331,0.982973967684022
"ASV_11973",1.39382514021494,0.0430624145568806,0.416,0.982973967684022
"ASV_11975",1.55619000643135,0.0481808344892216,0.373,0.982973967684022
"ASV_11982",1.40556059893782,0.0427911282049518,0.204,0.982973967684022
"ASV_11985",8.87144339555682,0.22317860646825,0.025,0.982973967684022
"ASV_11989",1.34222637024965,0.0417274535747783,0.36,0.982973967684022
"ASV_11990",1.20904111077973,0.037459137366521,0.309,0.982973967684022
"ASV_11995",3.25585673113397,0.0952389222376859,0.172,0.982973967684022
"ASV_12008",1.45200648113852,0.0458258102488245,0.203,0.982973967684022
"ASV_12026",1.18168084204964,0.0367190579518456,0.032,0.982973967684022
"ASV_12028",0.715033578995032,0.0223207160685982,0.214,0.982973967684022
"ASV_12041",1.86710989556307,0.0572244040185327,0.143,0.982973967684022
"ASV_12051",2.42291659775601,0.0733225447992495,0.251,0.982973967684022
"ASV_12060",0.58159279683901,0.0186310727535083,0.466,0.982973967684022
"ASV_12063",0.624140109469159,0.0197967013046459,0.324,0.982973967684022
"ASV_12070",4.37114522346145,0.12368913091933,0.094,0.982973967684022
"ASV_12100",0.664909918439935,0.0209989360140665,0.449,0.982973967684022
"ASV_12101",1.72082707836115,0.0527764173396528,0.078,0.982973967684022
"ASV_12132",3.71797275994235,0.106442731974591,0.035,0.982973967684022
"ASV_12134",1.48395584817427,0.0444917943472121,0.453,0.982973967684022
"ASV_12154",1.80536967299016,0.0553890965484534,0.272,0.982973967684022
"ASV_12163",3.42853900184425,0.0993410739871851,0.054,0.982973967684022
"ASV_12167",0.998973487570098,0.0304517837477354,0.008,0.982973967684022
"ASV_12193",1.67784110266516,0.0514287839237894,0.282,0.982973967684022
"ASV_12212",1.13550387028665,0.0354735835279884,0.018,0.982973967684022
"ASV_12216",4.19479292121585,0.118694203665154,0.029,0.982973967684022
"ASV_12219",0.382711622200562,0.0126124162108752,0.407,0.982973967684022
"ASV_12223",2.04890499975609,0.0622968176216426,0.458,0.982973967684022
"ASV_12230",1.71651182013066,0.0530174744446366,0.38,0.982973967684022
"ASV_12231",1.33544373069567,0.0411437448504953,0.359,0.982973967684022
"ASV_12242",2.53926238650821,0.0758912195186475,0.165,0.982973967684022
"ASV_12244",0.748798198611038,0.023625642539826,0.336,0.982973967684022
"ASV_12245",1.95115921295572,0.0594457058884668,0.086,0.982973967684022
"ASV_12248",0.851972760441468,0.0268390232745747,0.413,0.982973967684022
"ASV_12278",1.92592762707568,0.0582024364185271,0.457,0.982973967684022
"ASV_12281",1.71077636316216,0.0513629255550782,0.205,0.982973967684022
"ASV_12282",1.44184105056649,0.0445039695008917,0.135,0.982973967684022
"ASV_12290",1.59156528042876,0.0492710293077871,0.272,0.982973967684022
"ASV_12291",2.16066477271007,0.0651467462025765,0.139,0.982973967684022
"ASV_12307",1.31151990632402,0.0405974621738343,0.275,0.982973967684022
"ASV_12308",1.6518455620722,0.0506874700058076,0.369,0.982973967684022
"ASV_12330",2.78186320056877,0.0819526915571973,0.21,0.982973967684022
"ASV_12347",1.56337537962232,0.048085090092102,0.241,0.982973967684022
"ASV_12356",2.11014639023861,0.0639367516236327,0.072,0.982973967684022
"ASV_12399",2.04318568604935,0.0618434888350606,0.307,0.982973967684022
"ASV_12404",1.52820991530769,0.0474860541679322,0.416,0.982973967684022
"ASV_12405",1.70047894616869,0.0518728383102743,0.312,0.982973967684022
"ASV_12406",4.93193799613488,0.136832866909985,0.011,0.982973967684022
"ASV_12407",0.814025148504582,0.0248172883661482,0.449,0.982973967684022
"ASV_12408",0.32672460607059,0.0103011139322301,0.44,0.982973967684022
"ASV_12420",0.957007854213127,0.0296406882878383,0.358,0.982973967684022
"ASV_12422",0.734060274069375,0.0232941545736932,0.445,0.982973967684022
"ASV_12424",2.30390978307572,0.0703291653217111,0.08,0.982973967684022
"ASV_12446",1.02841484798098,0.0324918665979186,0.31,0.982973967684022
"ASV_12448",0.701372716126809,0.0222478325093946,0.186,0.982973967684022
"ASV_12450",1.24902141047346,0.0387666839312716,0.254,0.982973967684022
"ASV_12479",1.30099626299307,0.0402772864452071,0.356,0.982973967684022
"ASV_12488",0.674055628515142,0.0206495136547799,0.43,0.982973967684022
"ASV_12493",3.50477356733733,0.101534809042194,0.047,0.982973967684022
"ASV_12514",2.4573246969941,0.0733821156158488,0.085,0.982973967684022
"ASV_12515",1.97582735300724,0.0603672966052972,0.325,0.982973967684022
"ASV_12516",0.667899012967088,0.0210809217146386,0.451,0.982973967684022
"ASV_12518",0.734415349275106,0.0234929433432133,0.286,0.982973967684022
"ASV_12541",0.607470473712584,0.0186510344725309,0.477,0.982973967684022
"ASV_12542",0.827465476898946,0.0257319053550146,0.189,0.982973967684022
"ASV_12545",3.83952426439494,0.110561506219816,0.122,0.982973967684022
"ASV_12548",2.1234996899218,0.0638472763695974,0.201,0.982973967684022
"ASV_12551",0.758866995557736,0.0239533591056987,0.233,0.982973967684022
"ASV_12553",2.92765770416653,0.0853511200830032,0.265,0.982973967684022
"ASV_12559",2.08925913027873,0.0631194385569301,0.008,0.982973967684022
"ASV_12560",2.17074464272753,0.0657703996298051,0.301,0.982973967684022
"ASV_12565",1.92438424805043,0.0582371196361668,0.259,0.982973967684022
"ASV_12567",2.11180261307063,0.0634440245058512,0.089,0.982973967684022
"ASV_12569",0.682133065375896,0.0215230517201275,0.387,0.982973967684022
"ASV_12585",2.39733101662395,0.0709380594632882,0.129,0.982973967684022
"ASV_12586",2.8408331344943,0.0834711697041608,0.077,0.982973967684022
"ASV_12588",2.6274786297555,0.0780533949309735,0.269,0.982973967684022
"ASV_12625",0.451787482041406,0.0143236741236612,0.356,0.982973967684022
"ASV_12628",2.82411560478362,0.0837284410618864,0.029,0.982973967684022
"ASV_12636",2.17342265095891,0.0653320884727745,0.058,0.982973967684022
"ASV_12640",0.481629821933869,0.015077182012448,0.362,0.982973967684022
"ASV_12649",0.526099497547205,0.0166750269749244,0.274,0.982973967684022
"ASV_12662",1.15613141156728,0.0355067752087061,0.428,0.982973967684022
"ASV_12665",0.216430980640256,0.00695489263595395,0.326,0.982973967684022
"ASV_12671",2.25039820392963,0.0676502747143837,0.255,0.982973967684022
"ASV_12702",1.26521873918089,0.0392373275344492,0.318,0.982973967684022
"ASV_12706",1.72419753500203,0.0523534290428628,0.274,0.982973967684022
"ASV_12714",1.62219761402609,0.0504046807920698,0.352,0.982973967684022
"ASV_12715",1.67671775326856,0.0508240920975284,0.196,0.982973967684022
"ASV_12729",2.28777357524976,0.06819828892945,0.305,0.982973967684022
"ASV_12734",6.38603656458513,0.170416864969058,0.088,0.982973967684022
"ASV_12770",2.26227315584316,0.0672938493663351,0.25,0.982973967684022
"ASV_12777",2.17448284110845,0.0650552327285098,0.163,0.982973967684022
"ASV_12796",1.60281026338016,0.0489712554503922,0.118,0.982973967684022
"ASV_12798",1.12901558446549,0.034655622513539,0.111,0.982973967684022
"ASV_12834",3.90165710297159,0.111859069697292,0.113,0.982973967684022
"ASV_12836",1.66603755719681,0.0508785288239927,0.078,0.982973967684022
"ASV_12837",2.06723554143115,0.0614869222186166,0.377,0.982973967684022
"ASV_12851",2.50643201476428,0.0750917380208281,0.45,0.982973967684022
"ASV_12852",0.922106699117849,0.0289611841071577,0.402,0.982973967684022
"ASV_12854",1.00177196613538,0.0315199131424746,0.393,0.982973967684022
"ASV_12870",3.29925144449933,0.0963026426205777,0.086,0.982973967684022
"ASV_12881",2.09424219921518,0.0638403596426497,0.119,0.982973967684022
"ASV_12904",4.77453758109797,0.133494235159047,0.17,0.982973967684022
"ASV_12905",0.242634255110046,0.00764558032864269,0.379,0.982973967684022
"ASV_12911",4.05420093967328,0.116370972425145,0.085,0.982973967684022
"ASV_12917",1.76725731467442,0.0529343037040427,0.133,0.982973967684022
"ASV_12926",4.0621565543245,0.115930815951621,0.021,0.982973967684022
"ASV_12928",2.27874123037718,0.0688987740725065,0.443,0.982973967684022
"ASV_12961",1.81290307144462,0.0558088814005299,0.16,0.982973967684022
"ASV_12966",0.369521854985778,0.0117615499696984,0.281,0.982973967684022
"ASV_12967",2.02448152681354,0.0615738736729495,0.089,0.982973967684022
"ASV_12969",0.951319749309581,0.0296050265430616,0.466,0.982973967684022
"ASV_12973",0.501107938319617,0.0159272205725662,0.405,0.982973967684022
"ASV_12980",1.40135286465929,0.0435317358919586,0.423,0.982973967684022
"ASV_12983",1.27573741250662,0.0401525600342927,0.179,0.982973967684022
"ASV_12984",0.757476691602139,0.024570664435048,0.395,0.982973967684022
"ASV_12986",1.53539303266355,0.0473601691958863,0.394,0.982973967684022
"ASV_13005",3.4057814614357,0.0990693117860334,0.232,0.982973967684022
"ASV_13038",1.15325200723983,0.0354453394717966,0.106,0.982973967684022
"ASV_13045",0.220825971162417,0.00711621541510968,0.152,0.982973967684022
"ASV_13053",1.0021236480835,0.0313806044470818,0.475,0.982973967684022
"ASV_13076",1.61467604579643,0.0496148626143077,0.261,0.982973967684022
"ASV_13111",1.26185777225138,0.0388108032883532,0.239,0.982973967684022
"ASV_13113",1.3431440813688,0.0419771293790973,0.128,0.982973967684022
"ASV_13124",0.805352242874003,0.0259525170401613,0.149,0.982973967684022
"ASV_13127",4.8501766182161,0.13543301159549,0.102,0.982973967684022
"ASV_13150",1.02889087160597,0.0321693937453981,0.382,0.982973967684022
"ASV_13151",0.935247599657469,0.0291632919608785,0.263,0.982973967684022
"ASV_13159",0.619017510291433,0.0198980290535015,0.427,0.982973967684022
"ASV_13189",1.70703996195084,0.0520594303269679,0.368,0.982973967684022
"ASV_13192",2.08093120690561,0.0622744438412763,0.216,0.982973967684022
"ASV_13201",4.3205419092488,0.122366160553983,0.127,0.982973967684022
"ASV_13218",1.50077785116723,0.0459835583660915,0.069,0.982973967684022
"ASV_13222",2.07198076130948,0.0627968935768399,0.391,0.982973967684022
"ASV_13224",0.741534010142537,0.0235934329224087,0.287,0.982973967684022
"ASV_13228",0.833676446501827,0.0262089850617825,0.172,0.982973967684022
"ASV_13239",0.778732147647166,0.0249744089961134,0.175,0.982973967684022
"ASV_13242",4.6167051588506,0.129014480900236,0.021,0.982973967684022
"ASV_13245",0.889075643333494,0.027769537333031,0.273,0.982973967684022
"ASV_13249",3.19321218036846,0.0935731027655172,0.146,0.982973967684022
"ASV_13292",0.53320820859047,0.0168064487464634,0.452,0.982973967684022
"ASV_13321",1.45195558532604,0.0450644963773367,0.201,0.982973967684022
"ASV_13323",2.44332024000695,0.0727707869913923,0.309,0.982973967684022
"ASV_13325",1.44365827561643,0.0448280247321781,0.178,0.982973967684022
"ASV_13353",1.00811709817054,0.0314827533469372,0.366,0.982973967684022
"ASV_13355",1.55161678590277,0.0478864262492075,0.159,0.982973967684022
"ASV_13362",1.80541690103824,0.0548041186824853,0.084,0.982973967684022
"ASV_13366",1.76885354352412,0.0538996938822327,0.377,0.982973967684022
"ASV_13367",1.42537633424059,0.0442952303881587,0.209,0.982973967684022
"ASV_13376",0.756996855028503,0.0230622066921068,0.458,0.982973967684022
"ASV_13397",1.161310570573,0.0363399635339395,0.309,0.982973967684022
"ASV_13436",1.32497455186087,0.0409509142685913,0.454,0.982973967684022
"ASV_13442",1.08241474193875,0.0339982444543577,0.437,0.982973967684022
"ASV_13453",0.218895771542747,0.00702988575576079,0.095,0.982973967684022
"ASV_13474",1.8035299286092,0.0553037744440484,0.284,0.982973967684022
"ASV_13477",1.48205104555885,0.0457476678955324,0.292,0.982973967684022
"ASV_13478",1.12165389558575,0.0344157285695883,0.38,0.982973967684022
"ASV_13482",7.44933176537758,0.194189205698913,0.285,0.982973967684022
"ASV_13484",2.11284783320231,0.064151946296293,0.268,0.982973967684022
"ASV_13521",0.602798706793288,0.0191390216355559,0.466,0.982973967684022
"ASV_13523",0.89659260195581,0.0277386155390176,0.465,0.982973967684022
"ASV_13525",2.29683220162992,0.0686878667586659,0.219,0.982973967684022
"ASV_13535",2.40423359362384,0.0726349319841295,0.08,0.982973967684022
"ASV_13537",2.66063502254669,0.0791501774201282,0.035,0.982973967684022
"ASV_13568",1.04667362526278,0.0322735700696517,0.441,0.982973967684022
"ASV_13594",1.29301889305017,0.039953844711437,0.365,0.982973967684022
"ASV_13600",0.700450129709671,0.0223059813227426,0.308,0.982973967684022
"ASV_13605",2.34113736421765,0.0699776934184139,0.039,0.982973967684022
"ASV_13631",1.99430144183345,0.0608830873830741,0.146,0.982973967684022
"ASV_13641",3.44336009548037,0.0993469844637795,0.023,0.982973967684022
"ASV_13666",0.363435787953892,0.0117454333245921,0.245,0.982973967684022
"ASV_13669",2.04100094290441,0.0615831780227692,0.247,0.982973967684022
"ASV_13677",0.143703478821141,0.00426109931769373,0.389,0.982973967684022
"ASV_13678",2.65725153100186,0.0789460336472477,0.271,0.982973967684022
"ASV_13681",1.89808204333419,0.0571039507451883,0.152,0.982973967684022
"ASV_13708",2.81855127543516,0.0829001511905597,0.184,0.982973967684022
"ASV_13747",1.19270121260173,0.0370292922680929,0.088,0.982973967684022
"ASV_13751",1.04766974417423,0.03276607892459,0.273,0.982973967684022
"ASV_13757",0.864742101206113,0.0271462376790749,0.387,0.982973967684022
"ASV_13758",4.07382683941367,0.115549775001669,0.047,0.982973967684022
"ASV_13774",2.71083512864172,0.0805229736893863,0.326,0.982973967684022
"ASV_13777",2.43997960852434,0.0731615233265569,0.246,0.982973967684022
"ASV_13779",1.10668521138257,0.0344143574417354,0.228,0.982973967684022
"ASV_13789",1.03741024482676,0.0322934838447733,0.098,0.982973967684022
"ASV_13828",1.18390142905389,0.0366228108255427,0.464,0.982973967684022
"ASV_13829",2.55245471722327,0.0761049510150146,0.028,0.982973967684022
"ASV_13830",1.90679841105747,0.0581651620018067,0.166,0.982973967684022
"ASV_13832",0.727587344262443,0.0224422578984796,0.145,0.982973967684022
"ASV_13835",0.76712775276379,0.0241956516132907,0.449,0.982973967684022
"ASV_13839",1.06575960867572,0.0348054090957798,0.352,0.982973967684022
"ASV_13855",0.826091537006858,0.0256412279072724,0.152,0.982973967684022
"ASV_13861",2.67203717476309,0.0800152395760338,0.274,0.982973967684022
"ASV_13865",2.45897692541232,0.0744119416175492,0.097,0.982973967684022
"ASV_13922",1.61499531303602,0.049620505840433,0.011,0.982973967684022
"ASV_13930",2.73531921571005,0.0814705109664221,0.201,0.982973967684022
"ASV_13931",2.30282747411053,0.0699682584886138,0.258,0.982973967684022
"ASV_13939",6.90782655169178,0.182092722861103,0.085,0.982973967684022
"ASV_13951",1.96383519271845,0.059308020995398,0.344,0.982973967684022
"ASV_13952",3.00630789897549,0.0889894420451205,0.059,0.982973967684022
"ASV_13958",0.94166027919304,0.0297934330555453,0.436,0.982973967684022
"ASV_13977",6.20382713685433,0.165860552310985,0.061,0.982973967684022
"ASV_13978",1.9830015410137,0.0602133712526358,0.384,0.982973967684022
"ASV_13984",0.816883397578558,0.025663498134561,0.124,0.982973967684022
"ASV_14015",2.50480229575979,0.0743933771412722,0.225,0.982973967684022
"ASV_14033",2.18070074298899,0.065390748777146,0.404,0.982973967684022
"ASV_14052",2.9346384468567,0.0861881212338165,0.088,0.982973967684022
"ASV_14055",1.51351312094023,0.046429252399961,0.306,0.982973967684022
"ASV_14062",1.31285231428923,0.0405303142512513,0.345,0.982973967684022
"ASV_14110",1.99546600795596,0.0606561686875372,0.009,0.982973967684022
"ASV_14122",2.00834869052622,0.0607126485888679,0.342,0.982973967684022
"ASV_14127",0.976083817948203,0.0308708289700711,0.343,0.982973967684022
"ASV_14132",2.29967536223513,0.0691572690302438,0.058,0.982973967684022
"ASV_14138",2.08272017976302,0.0635605143019023,0.113,0.982973967684022
"ASV_14140",1.59163937562339,0.0491495124187643,0.405,0.982973967684022
"ASV_14143",1.8596149023397,0.0563891355984029,0.073,0.982973967684022
"ASV_14152",2.25430754826542,0.0675375891857218,0.049,0.982973967684022
"ASV_14156",1.15598465119503,0.0358645775954378,0.173,0.982973967684022
"ASV_14199",0.924552749485032,0.0296616621348171,0.399,0.982973967684022
"ASV_14219",3.76628745407654,0.108540239330537,0.322,0.982973967684022
"ASV_14225",2.5075573431224,0.0743988099153633,0.195,0.982973967684022
"ASV_14226",1.76110732907557,0.0535445759036498,0.034,0.982973967684022
"ASV_14257",1.74350347680656,0.0531317887957313,0.119,0.982973967684022
"ASV_14314",0.867871997674135,0.0273646051734848,0.367,0.982973967684022
"ASV_14315",0.55399475287167,0.017443724807202,0.289,0.982973967684022
"ASV_14316",0.615900946304175,0.0187620972764631,0.061,0.982973967684022
"ASV_14337",2.10078681071748,0.0625748093261471,0.466,0.982973967684022
"ASV_14371",1.83737747448775,0.0563313980082208,0.29,0.982973967684022
"ASV_14372",0.663156018820028,0.0212948019345707,0.245,0.982973967684022
"ASV_14382",0.67907514556717,0.0210728637470013,0.258,0.982973967684022
"ASV_14384",1.19499934873958,0.0375757107785653,0.185,0.982973967684022
"ASV_14413",3.45624753942331,0.100581696877437,0.015,0.982973967684022
"ASV_14414",5.46229038956817,0.149916421738716,0.161,0.982973967684022
"ASV_14416",3.60188375377833,0.103546316989419,0.067,0.982973967684022
"ASV_14417",1.10109735060262,0.0343469526944559,0.474,0.982973967684022
"ASV_14425",2.65968265553733,0.0800620441784139,0.176,0.982973967684022
"ASV_14431",0.387873976284716,0.0120231970039609,0.304,0.982973967684022
"ASV_14470",1.59284097683638,0.0496012354096896,0.217,0.982973967684022
"ASV_14474",1.08846271405287,0.0343393295873016,0.295,0.982973967684022
"ASV_14478",1.22437197319039,0.0377729156643063,0.313,0.982973967684022
"ASV_14482",1.53136042567674,0.0466345414131026,0.166,0.982973967684022
"ASV_14487",0.999883929210802,0.0312883877489294,0.18,0.982973967684022
"ASV_14493",0.87661933255392,0.0278994404016971,0.382,0.982973967684022
"ASV_14494",1.86628236915975,0.0576981920333928,0.02,0.982973967684022
"ASV_14504",0.712713559707263,0.0224725637559875,0.212,0.982973967684022
"ASV_14513",0.317615342738541,0.0100540494541747,0.293,0.982973967684022
"ASV_14514",0.451487624810972,0.0144330181874949,0.353,0.982973967684022
"ASV_14517",2.12692741491854,0.0653818437809707,0.085,0.982973967684022
"ASV_14519",1.73623679764848,0.0531668224242469,0.124,0.982973967684022
"ASV_14521",6.27624809232289,0.168966491418684,0.283,0.982973967684022
"ASV_14556",0.757511194660594,0.0238928594974534,0.409,0.982973967684022
"ASV_14557",3.05840049179576,0.0902669337751642,0.104,0.982973967684022
"ASV_14561",1.8498326244636,0.0560855733035642,0.293,0.982973967684022
"ASV_14564",1.38229051030331,0.0430098307085916,0.282,0.982973967684022
"ASV_14566",0.564969338766757,0.0177159796149154,0.437,0.982973967684022
"ASV_14588",0.896791622183035,0.0282126840318451,0.097,0.982973967684022
"ASV_14617",1.74425927304854,0.0533920587655784,0.22,0.982973967684022
"ASV_14621",1.09329250056647,0.0342438443201958,0.3,0.982973967684022
"ASV_14624",1.58397795213578,0.0495206861863043,0.054,0.982973967684022
"ASV_14626",1.75190400299752,0.0534772672307915,0.137,0.982973967684022
"ASV_14628",1.29973181246038,0.0402220609471109,0.266,0.982973967684022
"ASV_14630",0.878693136189654,0.0272778420947086,0.089,0.982973967684022
"ASV_14682",1.30680575257326,0.0410383614336104,0.433,0.982973967684022
"ASV_14685",1.0981714745663,0.0344119241905094,0.427,0.982973967684022
"ASV_14686",1.29851931240077,0.0403834494922649,0.338,0.982973967684022
"ASV_14700",0.712973176115179,0.0222225043377047,0.102,0.982973967684022
"ASV_14706",2.10923754125963,0.0640468819158103,0.163,0.982973967684022
"ASV_14736",0.51268627969408,0.0162655160141682,0.416,0.982973967684022
"ASV_14742",1.84776016091039,0.0557357157493434,0.129,0.982973967684022
"ASV_14770",2.53392584638452,0.0756197246452326,0.122,0.982973967684022
"ASV_14771",0.976302911925285,0.0308721982723234,0.264,0.982973967684022
"ASV_14795",2.03859719353846,0.0620666593824692,0.321,0.982973967684022
"ASV_14806",0.899770867301973,0.0281661552025219,0.363,0.982973967684022
"ASV_14827",1.97069288243279,0.0599001476462733,0.222,0.982973967684022
"ASV_14829",2.81507222177934,0.083182613780564,0.014,0.982973967684022
"ASV_14833",1.34851269739222,0.0419373280621694,0.275,0.982973967684022
"ASV_14839",1.73299784007569,0.0528096416441149,0.073,0.982973967684022
"ASV_14881",1.12869247705736,0.034658483379872,0.445,0.982973967684022
"ASV_14884",0.476157746956614,0.015134190382287,0.201,0.982973967684022
"ASV_14885",2.12066044648777,0.0638496598880296,0.091,0.982973967684022
"ASV_14896",0.92040365436631,0.0285375814584711,0.262,0.982973967684022
"ASV_14899",2.10051846341102,0.0635449455890638,0.144,0.982973967684022
"ASV_14905",1.06499599127061,0.033386291548258,0.045,0.982973967684022
"ASV_14913",1.33585169080948,0.0407085265770212,0.119,0.982973967684022
"ASV_14915",1.21175553932659,0.0379504805721987,0.057,0.982973967684022
"ASV_14921",2.65728289217045,0.0795590868694882,0.156,0.982973967684022
"ASV_14941",1.20018779025534,0.0372489906761746,0.277,0.982973967684022
"ASV_14942",2.43620195762343,0.072815507968514,0.019,0.982973967684022
"ASV_14946",2.11180166593209,0.0646439829851357,0.101,0.982973967684022
"ASV_14988",2.22699574422238,0.0664333284525877,0.123,0.982973967684022
"ASV_14991",0.827134565684652,0.0263004237032359,0.319,0.982973967684022
"ASV_14996",1.4400763761825,0.0448384656230116,0.256,0.982973967684022
"ASV_15006",2.1580626135625,0.0652311008755052,0.089,0.982973967684022
"ASV_15009",1.07167500719046,0.0334719348747898,0.169,0.982973967684022
"ASV_15016",1.02173239534235,0.0317957409517438,0.125,0.982973967684022
"ASV_15022",0.959097604547724,0.0304155039551109,0.406,0.982973967684022
"ASV_15025",3.68782346208902,0.105671276560325,0.227,0.982973967684022
"ASV_15098",2.18286003501353,0.065716361795674,0.188,0.982973967684022
"ASV_15103",3.15215250330752,0.0920681063154536,0.097,0.982973967684022
"ASV_15114",1.26392902524013,0.03942980763451,0.185,0.982973967684022
"ASV_15118",2.0162639787879,0.0608395317154866,0.436,0.982973967684022
"ASV_15125",0.970887986109569,0.0302577320310053,0.158,0.982973967684022
"ASV_15144",1.97720204674216,0.0601307683397726,0.281,0.982973967684022
"ASV_15148",0.56324787221054,0.0176716395773927,0.464,0.982973967684022
"ASV_15153",1.39851028220461,0.0437209002864131,0.404,0.982973967684022
"ASV_15205",0.836887212691718,0.0267811799530646,0.411,0.982973967684022
"ASV_15207",0.95689814345913,0.0302281968671092,0.349,0.982973967684022
"ASV_15210",2.52188977967397,0.0751707127291224,0.275,0.982973967684022
"ASV_15227",2.00152009052173,0.059450554695982,0.18,0.982973967684022
"ASV_15229",2.15867129159996,0.0650591838581329,0.424,0.982973967684022
"ASV_15231",0.546335859093006,0.0174373405395204,0.465,0.982973967684022
"ASV_15232",0.487664589103533,0.0157775422202678,0.416,0.982973967684022
"ASV_15235",1.65334959400406,0.0494080993398585,0.018,0.982973967684022
"ASV_15248",3.33600966941593,0.0973482218989063,0.053,0.982973967684022
"ASV_15258",1.80453766269992,0.0553096454198923,0.129,0.982973967684022
"ASV_15263",2.17294696258934,0.0654140141700731,0.084,0.982973967684022
"ASV_15265",1.29559010091908,0.0407998172995165,0.442,0.982973967684022
"ASV_15267",1.54545111275782,0.0472102323556808,0.418,0.982973967684022
"ASV_15315",0.660031104603951,0.0204012580125673,0.373,0.982973967684022
"ASV_15320",1.4727055293533,0.0451573075251596,0.167,0.982973967684022
"ASV_15321",0.318763206469343,0.0101599825339406,0.313,0.982973967684022
"ASV_15333",0.226101140940085,0.00675617524661294,0.418,0.982973967684022
"ASV_15337",1.08458720587169,0.0333540846369899,0.277,0.982973967684022
"ASV_15338",2.7105581721835,0.0801179163826851,0.287,0.982973967684022
"ASV_15342",1.41784552951829,0.0432865213267487,0.297,0.982973967684022
"ASV_15351",1.6486182579543,0.0501393108424585,0.437,0.982973967684022
"ASV_15367",1.56616744225938,0.0480800223380857,0.207,0.982973967684022
"ASV_15377",2.39969596357555,0.0719633745794343,0.45,0.982973967684022
"ASV_15380",2.18256370787981,0.0661471992560544,0.247,0.982973967684022
"ASV_15383",4.31751083860623,0.122209081051767,0.044,0.982973967684022
"ASV_15387",1.31766368715408,0.0409574841101372,0.306,0.982973967684022
"ASV_15427",0.586981563928928,0.0184062698279398,0.355,0.982973967684022
"ASV_15428",1.27831662526658,0.0396318677917627,0.388,0.982973967684022
"ASV_15435",3.4384099882439,0.0998597777225192,0.102,0.982973967684022
"ASV_15436",2.16341689779279,0.0662928885930247,0.205,0.982973967684022
"ASV_15445",1.26963227088781,0.0392822536435848,0.443,0.982973967684022
"ASV_15463",2.86293069110656,0.0845663150607477,0.023,0.982973967684022
"ASV_15471",0.756418509920488,0.0236912258826706,0.458,0.982973967684022
"ASV_15485",2.27016635563439,0.0680886936454323,0.065,0.982973967684022
"ASV_15494",1.03956423116184,0.0322655757487679,0.252,0.982973967684022
"ASV_15495",2.20160979263556,0.0663181473956388,0.183,0.982973967684022
"ASV_15498",1.81262536605177,0.0544945409698135,0.11,0.982973967684022
"ASV_15511",1.03758864935821,0.0324122997919675,0.45,0.982973967684022
"ASV_15559",1.94972345912126,0.0600200168267443,0.216,0.982973967684022
"ASV_15570",1.50475007065103,0.0466453708225597,0.396,0.982973967684022
"ASV_15572",1.74951126130078,0.0538359808287212,0.412,0.982973967684022
"ASV_15575",4.44164166876553,0.125660392413035,0.248,0.982973967684022
"ASV_15578",1.54561633114696,0.0470787557520935,0.457,0.982973967684022
"ASV_15582",0.171541320191181,0.00551167557187369,0.362,0.982973967684022
"ASV_15583",0.475342943441563,0.0149346719475588,0.463,0.982973967684022
"ASV_15601",1.94358998787485,0.0591640710378128,0.009,0.982973967684022
"ASV_15602",1.29403919349395,0.0401319373194523,0.458,0.982973967684022
"ASV_15705",0.51614555572468,0.0165986619018298,0.43,0.982973967684022
"ASV_15732",1.2847189703974,0.040134022174966,0.437,0.982973967684022
"ASV_15734",1.69019255310689,0.0519294901304724,0.3,0.982973967684022
"ASV_15738",2.3513104317071,0.0705220981985243,0.099,0.982973967684022
"ASV_15743",1.17174757704496,0.0363772963506003,0.463,0.982973967684022
"ASV_15791",1.5523604577447,0.0477440402424201,0.099,0.982973967684022
"ASV_15798",1.16751790890558,0.0364046561730204,0.399,0.982973967684022
"ASV_15816",0.475778360868949,0.0150035445255092,0.37,0.982973967684022
"ASV_15822",2.05824581563594,0.0622510666994047,0.326,0.982973967684022
"ASV_15826",1.71086899303177,0.0524248484646499,0.194,0.982973967684022
"ASV_15830",2.304388564794,0.069076897704329,0.047,0.982973967684022
"ASV_15833",2.95775653737651,0.0874881941940136,0.052,0.982973967684022
"ASV_15836",1.91157388472112,0.0581549325278663,0.13,0.982973967684022
"ASV_15842",1.56436479623948,0.0479996292988958,0.321,0.982973967684022
"ASV_15869",3.62736725777758,0.105620941824452,0.186,0.982973967684022
"ASV_15883",0.296664675050954,0.00949261464406224,0.464,0.982973967684022
"ASV_15944",1.62972050228188,0.0500803363824751,0.126,0.982973967684022
"ASV_15947",0.421359059985688,0.0133434840116208,0.448,0.982973967684022
"ASV_15953",0.716240036739833,0.0229044794062525,0.386,0.982973967684022
"ASV_15958",2.68252154868813,0.0798101955846395,0.151,0.982973967684022
"ASV_15963",3.08610853520027,0.0900628317748118,0.131,0.982973967684022
"ASV_15966",2.14809125164203,0.0645426438037929,0.214,0.982973967684022
"ASV_15988",2.45812544435822,0.0736807090841692,0.267,0.982973967684022
"ASV_15992",0.706558439031711,0.0219167646478984,0.415,0.982973967684022
"ASV_15997",1.64741141751202,0.0511219817675719,0.277,0.982973967684022
"ASV_16003",1.04605859832469,0.0326126236787027,0.228,0.982973967684022
"ASV_16061",1.17094276377671,0.0363574698132607,0.352,0.982973967684022
"ASV_16065",2.63738629998627,0.078859074670869,0.143,0.982973967684022
"ASV_16066",1.31585424972752,0.0406045227647954,0.269,0.982973967684022
"ASV_16068",0.797508560155264,0.0250474881907343,0.193,0.982973967684022
"ASV_16069",1.35765982280983,0.042104346383451,0.209,0.982973967684022
"ASV_16076",1.1041923361782,0.034504399041963,0.387,0.982973967684022
"ASV_16098",2.01924541011162,0.061618334925718,0.226,0.982973967684022
"ASV_16099",1.46932724778039,0.045306935212045,0.127,0.982973967684022
"ASV_16132",3.27167549326876,0.0953154336756843,0.284,0.982973967684022
"ASV_16135",3.36610641554455,0.0977148414427523,0.086,0.982973967684022
"ASV_16138",3.05195459374182,0.0891512782808962,0.165,0.982973967684022
"ASV_16145",2.98689200770395,0.0878518973992426,0.201,0.982973967684022
"ASV_16148",2.537317815835,0.0758595668509231,0.404,0.982973967684022
"ASV_16211",0.656951437111778,0.0206535665750073,0.472,0.982973967684022
"ASV_16212",1.27577847878294,0.0394503658228599,0.239,0.982973967684022
"ASV_16214",3.47040507687391,0.100662097628588,0.194,0.982973967684022
"ASV_16222",1.06242654779868,0.0327871442284346,0.255,0.982973967684022
"ASV_16223",2.32060271555548,0.070103808618586,0.128,0.982973967684022
"ASV_16224",1.55199050810017,0.0475551351098651,0.355,0.982973967684022
"ASV_16233",1.50031511725813,0.045998766032963,0.061,0.982973967684022
"ASV_16235",1.27265537377419,0.0392963774615586,0.371,0.982973967684022
"ASV_16263",2.05393899565485,0.0616622839958611,0.372,0.982973967684022
"ASV_16266",4.5684762449899,0.128378586091788,0.159,0.982973967684022
"ASV_16269",0.920023649853634,0.0285953371511926,0.448,0.982973967684022
"ASV_16286",1.8097584304695,0.0547586985040113,0.133,0.982973967684022
"ASV_16337",1.79351970126446,0.0546308517767435,0.244,0.982973967684022
"ASV_16338",3.51730016415444,0.102062412785446,0.19,0.982973967684022
"ASV_16342",2.83407109863239,0.0832564818612828,0.033,0.982973967684022
"ASV_16355",2.90360264264573,0.0850489773109221,0.102,0.982973967684022
"ASV_16356",3.23405816002556,0.0948669272815782,0.182,0.982973967684022
"ASV_16357",1.89514478977269,0.0577049485143509,0.101,0.982973967684022
"ASV_16359",1.1218788902519,0.0352254139058176,0.394,0.982973967684022
"ASV_16364",1.68289941880295,0.0516959442015068,0.38,0.982973967684022
"ASV_16374",2.79296874569344,0.082551533290583,0.023,0.982973967684022
"ASV_16394",3.48205107892413,0.101321273678384,0.025,0.982973967684022
"ASV_16404",2.46435044212621,0.0743969269239405,0.183,0.982973967684022
"ASV_16457",1.71312406861586,0.0526146264227492,0.446,0.982973967684022
"ASV_16459",1.72666733269957,0.0538549068457529,0.169,0.982973967684022
"ASV_16465",1.27555123675034,0.0394997821450529,0.19,0.982973967684022
"ASV_16467",0.99839511088509,0.0311490852835842,0.07,0.982973967684022
"ASV_16480",1.34120776871674,0.0407121859204256,0.104,0.982973967684022
"ASV_16491",1.51026939237686,0.0464483268691048,0.297,0.982973967684022
"ASV_16500",1.01382791031647,0.0321438504406428,0.332,0.982973967684022
"ASV_16526",1.03917741347214,0.0324713415612761,0.354,0.982973967684022
"ASV_16528",2.07602062488721,0.0634769850140936,0.392,0.982973967684022
"ASV_16533",1.17933182042551,0.0372665296345246,0.139,0.982973967684022
"ASV_16579",3.50840337118846,0.102247481835547,0.051,0.982973967684022
"ASV_16583",3.37888054147307,0.0989884487777951,0.237,0.982973967684022
"ASV_16589",2.06682315925746,0.0622728127572328,0.011,0.982973967684022
"ASV_16594",0.638316232766895,0.0199441933596902,0.289,0.982973967684022
"ASV_16603",0.87440915719106,0.027500314772461,0.351,0.982973967684022
"ASV_16616",2.22412829846155,0.0677099849301679,0.149,0.982973967684022
"ASV_16618",0.932641965177203,0.0290227542950959,0.201,0.982973967684022
"ASV_16647",0.764275524773068,0.0240397791606158,0.462,0.982973967684022
"ASV_16656",3.1409851464636,0.0919566819794331,0.015,0.982973967684022
"ASV_16657",0.978959730186804,0.0309600940726249,0.255,0.982973967684022
"ASV_16721",1.20620235496948,0.0368165745003114,0.395,0.982973967684022
"ASV_16730",1.85041521965832,0.0563145946171022,0.079,0.982973967684022
"ASV_16737",0.264077404684706,0.00874707126843618,0.39,0.982973967684022
"ASV_16760",3.5106844973402,0.102002247435723,0.02,0.982973967684022
"ASV_16803",3.43836811569042,0.10000157181985,0.08,0.982973967684022
"ASV_16811",1.20877814888832,0.0378626667863946,0.303,0.982973967684022
"ASV_16817",0.276229496027475,0.0093377795738513,0.326,0.982973967684022
"ASV_16877",1.25750148042762,0.0388694373414831,0.474,0.982973967684022
"ASV_16888",3.55584653526216,0.103196158469194,0.002,0.982973967684022
"ASV_16908",1.11923426245648,0.0348768924951501,0.36,0.982973967684022
"ASV_16912",0.87943555747878,0.0274829370566488,0.272,0.982973967684022
"ASV_16918",1.50638421016679,0.0469484917967757,0.196,0.982973967684022
"ASV_16931",2.03988176461651,0.06175156394652,0.008,0.982973967684022
"ASV_16945",3.42909301930263,0.100212108217634,0.477,0.982973967684022
"ASV_16947",1.58643386780824,0.0487592445038952,0.054,0.982973967684022
"ASV_16952",0.785181909766538,0.0249542359648614,0.301,0.982973967684022
"ASV_16954",2.1009863745616,0.0636443150052197,0.018,0.982973967684022
"ASV_16956",2.00182291446467,0.0607399288038989,0.08,0.982973967684022
"ASV_16959",4.07806096411108,0.116154364330243,0.064,0.982973967684022
"ASV_16962",1.08598720423627,0.0338327896298851,0.3,0.982973967684022
"ASV_16966",0.545622180144487,0.0173663096412752,0.367,0.982973967684022
"ASV_17028",0.830699355010202,0.0259404205576268,0.275,0.982973967684022
"ASV_17081",2.49963513213173,0.0746026982981664,0.1,0.982973967684022
"ASV_17091",1.45619103165394,0.0445053432408909,0.299,0.982973967684022
"ASV_17184",3.96801100637228,0.114496718032046,0.039,0.982973967684022
"ASV_17196",1.37578566628093,0.0423410830870627,0.212,0.982973967684022
"ASV_17197",0.94338692264407,0.0293859954944064,0.132,0.982973967684022
"ASV_17203",0.860189888254822,0.0275911895948944,0.349,0.982973967684022
"ASV_17209",0.468212766860421,0.0148948747534267,0.476,0.982973967684022
"ASV_17214",0.13019924527684,0.00412956784385165,0.338,0.982973967684022
"ASV_17215",0.405302608607171,0.0131936802457943,0.166,0.982973967684022
"ASV_17217",0.693056187375037,0.0215710050656559,0.313,0.982973967684022
"ASV_17218",1.05695289005969,0.0335350664965344,0.331,0.982973967684022
"ASV_17253",0.533205553004173,0.0171751201350895,0.081,0.982973967684022
"ASV_17319",3.97595458389161,0.114066765199469,0.067,0.982973967684022
"ASV_17320",0.440682179317633,0.0140760941116419,0.354,0.982973967684022
"ASV_17329",2.35662667817516,0.0704659238499076,0.308,0.982973967684022
"ASV_17350",1.16337627753398,0.0366543638299247,0.135,0.982973967684022
"ASV_17360",0.592933801045809,0.0191749384419949,0.359,0.982973967684022
"ASV_17362",2.1023693342715,0.0634596194248455,0.217,0.982973967684022
"ASV_17384",1.14251233953614,0.0356154813199081,0.228,0.982973967684022
"ASV_17393",0.657336734761647,0.0212737278504567,0.269,0.982973967684022
"ASV_17401",0.926820540080747,0.0283725125329368,0.288,0.982973967684022
"ASV_17470",0.688572728166385,0.0217688137052841,0.424,0.982973967684022
"ASV_17476",0.510038722977609,0.0167001484751112,0.378,0.982973967684022
"ASV_17479",1.08267973430513,0.0346600064615462,0.412,0.982973967684022
"ASV_17484",0.409784047115795,0.013035730478599,0.17,0.982973967684022
"ASV_17496",1.37987369746423,0.0427938881381397,0.321,0.982973967684022
"ASV_17526",2.09011493557128,0.0633331466462486,0.359,0.982973967684022
"ASV_17529",1.2995840415796,0.0405488811964882,0.263,0.982973967684022
"ASV_17531",0.351180045017247,0.0106549309529032,0.267,0.982973967684022
"ASV_17549",3.44716438873112,0.100047352247271,0.117,0.982973967684022
"ASV_17656",0.61173970570454,0.0194065678313667,0.203,0.982973967684022
"ASV_17657",0.0907669477662499,0.00289641893622767,0.296,0.982973967684022
"ASV_17662",2.28442573059007,0.068597064417097,0.223,0.982973967684022
"ASV_17664",1.83899013898015,0.0550961990701594,0.079,0.982973967684022
"ASV_17684",1.74199847138007,0.053257438832586,0.246,0.982973967684022
"ASV_17707",2.71509685302851,0.0805131856863525,0.07,0.982973967684022
"ASV_17711",1.5667207443133,0.0485065252123866,0.287,0.982973967684022
"ASV_17712",2.73252467986391,0.0814497086734435,0.153,0.982973967684022
"ASV_17718",0.18848894507056,0.00614687239075856,0.426,0.982973967684022
"ASV_17719",1.16758842836221,0.0352484947543808,0.107,0.982973967684022
"ASV_17722",1.2864528760017,0.0394655178795826,0.306,0.982973967684022
"ASV_17785",3.26279453849396,0.0952326264368148,0.128,0.982973967684022
"ASV_17819",1.25280555440376,0.0387632398404335,0.241,0.982973967684022
"ASV_17851",1.27213260742375,0.0393274243115362,0.368,0.982973967684022
"ASV_17933",1.88635184707077,0.0573354397903333,0.36,0.982973967684022
"ASV_17938",2.52411617968503,0.0754128349934614,0.137,0.982973967684022
"ASV_17939",0.534544922184678,0.0168460554396343,0.448,0.982973967684022
"ASV_17965",2.06631261710521,0.0624834195328927,0.17,0.982973967684022
"ASV_17968",0.999342366891041,0.0307520292137686,0.08,0.982973967684022
"ASV_18008",2.44736006548203,0.0742692853707094,0.237,0.982973967684022
"ASV_18012",0.550105354702718,0.0175296757901992,0.464,0.982973967684022
"ASV_18016",0.735864861814285,0.023425684691019,0.118,0.982973967684022
"ASV_18019",2.89494255217071,0.0854920579859812,0.168,0.982973967684022
"ASV_18030",1.35695667179268,0.0425818314366129,0.28,0.982973967684022
"ASV_18092",0.750619896907038,0.0236196794094913,0.26,0.982973967684022
"ASV_18094",0.788978333169679,0.0253819145062718,0.367,0.982973967684022
"ASV_18098",2.81238866063085,0.0830945718373649,0.393,0.982973967684022
"ASV_18134",3.34963617599236,0.0984258569931652,0.024,0.982973967684022
"ASV_18137",1.50225666026971,0.0461977989356496,0.175,0.982973967684022
"ASV_18173",2.85470976803785,0.084224531325301,0.14,0.982973967684022
"ASV_18174",0.966430040958412,0.0297950178006442,0.4,0.982973967684022
"ASV_18177",1.41144614606675,0.0440586558025605,0.345,0.982973967684022
"ASV_18185",1.49716910372292,0.0457939162089095,0.187,0.982973967684022
"ASV_18188",4.0322364481668,0.115174516626849,0.261,0.982973967684022
"ASV_18189",1.08256246058531,0.0337222130791172,0.373,0.982973967684022
"ASV_18284",1.38697357100051,0.0428124168523558,0.324,0.982973967684022
"ASV_18312",0.721169307373298,0.0230449427109406,0.423,0.982973967684022
"ASV_18314",2.59344171788655,0.077277412699833,0.238,0.982973967684022
"ASV_18315",2.82171458878338,0.0834723225825431,0.245,0.982973967684022
"ASV_18322",2.0432913042214,0.0618254041250983,0.183,0.982973967684022
"ASV_18354",0.8555693530013,0.0267571516303581,0.256,0.982973967684022
"ASV_18355",0.727866863738796,0.0229189554382052,0.452,0.982973967684022
"ASV_18367",0.719681531239522,0.0226687888834386,0.123,0.982973967684022
"ASV_18369",1.55739041615082,0.0478293781383395,0.388,0.982973967684022
"ASV_18379",1.12880036874695,0.0350121529772567,0.471,0.982973967684022
"ASV_18456",1.10945722804106,0.0346261477929777,0.083,0.982973967684022
"ASV_18460",1.86429077976705,0.0569963769006587,0.137,0.982973967684022
"ASV_18465",3.95540172193556,0.112538044497846,0.026,0.982973967684022
"ASV_18487",2.21330390820699,0.0663322324141975,0.055,0.982973967684022
"ASV_18492",3.08603131706935,0.0905961580977165,0.149,0.982973967684022
"ASV_18509",1.58003470953699,0.0485295456555105,0.285,0.982973967684022
"ASV_18535",1.76411209046224,0.0539655882084196,0.362,0.982973967684022
"ASV_18544",2.7163454033606,0.0806498514500718,0.299,0.982973967684022
"ASV_18547",4.35059582150623,0.12358261230276,0.029,0.982973967684022
"ASV_18549",2.70222243189958,0.0802949182902393,0.174,0.982973967684022
"ASV_18633",2.02546519632553,0.0618688652073795,0.309,0.982973967684022
"ASV_18663",0.771706574141132,0.024883581976176,0.249,0.982973967684022
"ASV_18672",2.10309188142519,0.0644331112197923,0.25,0.982973967684022
"ASV_18681",2.42748667750243,0.0734019498533898,0.212,0.982973967684022
"ASV_18708",1.49380721254994,0.0463656421818653,0.303,0.982973967684022
"ASV_18714",3.47854858794819,0.101704799674103,0.186,0.982973967684022
"ASV_18716",1.09542642062218,0.0340673641533366,0.275,0.982973967684022
"ASV_18723",0.624544594403515,0.0195809661239481,0.455,0.982973967684022
"ASV_18729",1.63051987017676,0.0497588960419187,0.186,0.982973967684022
"ASV_18802",3.02488673797883,0.089382642719667,0.048,0.982973967684022
"ASV_18834",4.75641454372719,0.13346613212144,0.181,0.982973967684022
"ASV_18839",0.736712042020907,0.0231478443331605,0.328,0.982973967684022
"ASV_18866",1.70785251149522,0.0519565369927337,0.303,0.982973967684022
"ASV_18875",0.777781198618695,0.0240097238736003,0.307,0.982973967684022
"ASV_18881",0.826732076128398,0.0264645678089201,0.289,0.982973967684022
"ASV_18885",0.975661282687333,0.0309676386975911,0.23,0.982973967684022
"ASV_18890",1.80350406554336,0.0550694859278018,0.264,0.982973967684022
"ASV_18983",1.05927363323508,0.0328689799359252,0.327,0.982973967684022
"ASV_19009",2.28942755398479,0.0687810287816224,0.238,0.982973967684022
"ASV_19057",1.97086521724152,0.0599039271851231,0.12,0.982973967684022
"ASV_19062",1.28718378622741,0.039610921547081,0.217,0.982973967684022
"ASV_19067",3.27682535509174,0.0954737870037993,0.295,0.982973967684022
"ASV_19069",2.07271516911417,0.0629663434440831,0.236,0.982973967684022
"ASV_19085",1.70679780240067,0.0523059069194247,0.44,0.982973967684022
"ASV_19175",2.13516939992731,0.0645789169271585,0.346,0.982973967684022
"ASV_19180",2.87135754299842,0.0850018210244032,0.19,0.982973967684022
"ASV_19192",1.53877372779982,0.0474416608236309,0.051,0.982973967684022
"ASV_19193",0.830151419360226,0.02589392330899,0.439,0.982973967684022
"ASV_19206",4.6834165229421,0.132016258434819,0.135,0.982973967684022
"ASV_19208",4.95295587035681,0.138916147250379,0.062,0.982973967684022
"ASV_19220",1.91281171448016,0.0583663538992533,0.303,0.982973967684022
"ASV_19223",2.33230822802252,0.0705856722743268,0.367,0.982973967684022
"ASV_19257",1.38949451380431,0.0431208976201703,0.4,0.982973967684022
"ASV_19262",0.938137143133844,0.0295103304824912,0.054,0.982973967684022
"ASV_19273",1.39272873795736,0.0437110896398962,0.195,0.982973967684022
"ASV_19292",0.842112477257274,0.0265859581229134,0.075,0.982973967684022
"ASV_19390",0.424219339215969,0.0134387704554909,0.433,0.982973967684022
"ASV_19397",2.36877075185668,0.0708200794808275,0.098,0.982973967684022
"ASV_19474",1.8996228089592,0.0581073737451016,0.208,0.982973967684022
"ASV_19483",0.391135427314766,0.012408414277616,0.185,0.982973967684022
"ASV_19488",3.46877612154334,0.100495790337567,0.097,0.982973967684022
"ASV_19489",0.218954918332754,0.00711333872437107,0.34,0.982973967684022
"ASV_19495",0.392631881639162,0.0123772718320486,0.275,0.982973967684022
"ASV_19604",0.827343726412389,0.0263762672783585,0.363,0.982973967684022
"ASV_19631",2.85576858183826,0.0852816921058639,0.141,0.982973967684022
"ASV_19698",2.27313770180078,0.0686340242966608,0.161,0.982973967684022
"ASV_19705",0.163627966604276,0.00549617404123021,0.304,0.982973967684022
"ASV_19706",0.876738238424329,0.0274541816964322,0.345,0.982973967684022
"ASV_19712",1.77959696631647,0.0551589656020112,0.112,0.982973967684022
"ASV_19714",0.832622851503554,0.0255070460050687,0.412,0.982973967684022
"ASV_19786",0.733933158392589,0.0232672989230621,0.427,0.982973967684022
"ASV_19793",1.24383503472135,0.0385898896374509,0.371,0.982973967684022
"ASV_19795",0.2783766939102,0.00888652629641208,0.319,0.982973967684022
"ASV_19797",1.18713498899693,0.0369853240566789,0.414,0.982973967684022
"ASV_19809",1.03299741482557,0.0327642174095656,0.436,0.982973967684022
"ASV_19826",0.908830883297716,0.0285284267916909,0.456,0.982973967684022
"ASV_19844",1.15283127205602,0.0365640321090039,0.108,0.982973967684022
"ASV_19897",1.03316912184475,0.032452456234551,0.438,0.982973967684022
"ASV_19902",4.21261855078471,0.11979978757771,0.044,0.982973967684022
"ASV_19904",1.91609357980345,0.0590882835334016,0.318,0.982973967684022
"ASV_19907",0.79331516377555,0.0249290977559877,0.469,0.982973967684022
"ASV_19909",1.53396798153732,0.048056718221463,0.473,0.982973967684022
"ASV_19912",5.50165867376896,0.150682552631699,0.298,0.982973967684022
"ASV_19919",1.66067550499879,0.0510765131473044,0.197,0.982973967684022
"ASV_20021",0.998525755281509,0.0299194011022,0.014,0.982973967684022
"ASV_20031",1.93788399231415,0.0587132429282149,0.224,0.982973967684022
"ASV_20042",1.60886987256768,0.0492426601734125,0.464,0.982973967684022
"ASV_20054",0.832108323295186,0.025711786479813,0.247,0.982973967684022
"ASV_20056",0.934602721546979,0.0287154109545065,0.28,0.982973967684022
"ASV_20120",4.03255449559291,0.115009348503754,0.402,0.982973967684022
"ASV_20122",4.45880260400697,0.125475213740507,0.095,0.982973967684022
"ASV_20137",1.20430536457842,0.0377968803000459,0.37,0.982973967684022
"ASV_20140",1.23908929417193,0.0389413784762724,0.177,0.982973967684022
"ASV_20142",1.75563038401693,0.054389100849853,0.167,0.982973967684022
"ASV_20284",1.15522473740744,0.0360522981919266,0.323,0.982973967684022
"ASV_20290",1.01350407991529,0.0320992464899348,0.251,0.982973967684022
"ASV_20294",0.480848874186008,0.0151912362253007,0.348,0.982973967684022
"ASV_20303",1.10345502960974,0.0347384837599536,0.386,0.982973967684022
"ASV_20366",3.25168454187846,0.0949181014409403,0.171,0.982973967684022
"ASV_20472",0.429770771341051,0.0133885952052837,0.404,0.982973967684022
"ASV_20484",0.309361634323435,0.00988216607420361,0.454,0.982973967684022
"ASV_20486",1.36359345353825,0.0421182055895117,0.31,0.982973967684022
"ASV_20501",0.751677389480946,0.0241392135937124,0.468,0.982973967684022
"ASV_20537",1.16205478477885,0.0363761942662926,0.26,0.982973967684022
"ASV_20566",0.786864565822504,0.0249255357091977,0.309,0.982973967684022
"ASV_20567",0.479852170044847,0.0150252767284893,0.434,0.982973967684022
"ASV_20576",3.05584433267075,0.0895976253718886,0.17,0.982973967684022
"ASV_20590",1.00926546049968,0.0314374424951963,0.393,0.982973967684022
"ASV_20592",0.695144184395836,0.021803382361287,0.439,0.982973967684022
"ASV_20595",1.37028664958278,0.0423280522064515,0.449,0.982973967684022
"ASV_20688",0.796623659919646,0.025150109824079,0.257,0.982973967684022
"ASV_20700",1.43220383740999,0.044211413560307,0.474,0.982973967684022
"ASV_20703",0.553946592442364,0.0179742079290051,0.412,0.982973967684022
"ASV_20727",1.17566341626726,0.0370456160895345,0.389,0.982973967684022
"ASV_20759",1.39014924430613,0.0440726908845582,0.322,0.982973967684022
"ASV_20799",1.67659614601106,0.0511239558304791,0.245,0.982973967684022
"ASV_20800",1.74825824866689,0.0530643460955969,0.046,0.982973967684022
"ASV_20801",4.92267613266412,0.137046301221223,0.138,0.982973967684022
"ASV_20819",2.35847888742167,0.0721412929732335,0.058,0.982973967684022
"ASV_20951",2.1929130804756,0.0665776638565777,0.053,0.982973967684022
"ASV_20960",2.97073822083603,0.0876292527818325,0.061,0.982973967684022
"ASV_20986",1.46215336533216,0.0454604401846344,0.202,0.982973967684022
"ASV_21049",3.33830090292949,0.0969125617524363,0.244,0.982973967684022
"ASV_21208",2.60340225974126,0.0774192129037084,0.284,0.982973967684022
"ASV_21225",1.73161854812276,0.053049925321765,0.217,0.982973967684022
"ASV_21227",0.346430805020954,0.0109292879331298,0.387,0.982973967684022
"ASV_21230",1.06874143248687,0.0332798040400585,0.363,0.982973967684022
"ASV_21235",0.713333173470854,0.0224717187726201,0.271,0.982973967684022
"ASV_21240",1.44470188242232,0.0445642417935819,0.187,0.982973967684022
"ASV_21294",1.98775226108863,0.0600000305090475,0.261,0.982973967684022
"ASV_21302",0.55396697282668,0.017558898409687,0.393,0.982973967684022
"ASV_21304",2.63436155491101,0.0783935546424855,0.219,0.982973967684022
"ASV_21306",2.53566299899628,0.0756795491878041,0.063,0.982973967684022
"ASV_21321",1.49262776080097,0.0448729516009619,0.477,0.982973967684022
"ASV_21322",0.974978719952966,0.0314308572816463,0.268,0.982973967684022
"ASV_21328",1.96478983122825,0.0598194843769875,0.203,0.982973967684022
"ASV_21450",0.515862082599436,0.0165852556488321,0.357,0.982973967684022
"ASV_21461",0.925400678484276,0.0297314693644587,0.372,0.982973967684022
"ASV_21464",1.45024022536238,0.045801653883868,0.164,0.982973967684022
"ASV_21493",1.06276856826881,0.032888575715624,0.106,0.982973967684022
"ASV_21501",2.09886226493076,0.0634157551744683,0.31,0.982973967684022
"ASV_21507",1.23785316632626,0.0389759802442305,0.286,0.982973967684022
"ASV_21510",1.75883388812312,0.054065425773961,0.188,0.982973967684022
"ASV_21514",3.65460754770334,0.104831619413879,0.282,0.982973967684022
"ASV_21525",1.59547379239519,0.0488185932883019,0.184,0.982973967684022
"ASV_21548",3.71076166669393,0.107654617875334,0.235,0.982973967684022
"ASV_21565",1.82756246728321,0.0557593353045736,0.358,0.982973967684022
"ASV_21569",1.20915132172603,0.0376410625408318,0.398,0.982973967684022
"ASV_21584",1.33986746780871,0.0413971311053072,0.255,0.982973967684022
"ASV_21587",1.7022804067043,0.0518407611462541,0.325,0.982973967684022
"ASV_21589",0.972682480898092,0.0307883700841912,0.477,0.982973967684022
"ASV_21608",1.08781467140104,0.0344330997110714,0.306,0.982973967684022
"ASV_21751",0.870384220281319,0.0277159667568312,0.342,0.982973967684022
"ASV_21764",0.372303674440353,0.0122777906443749,0.465,0.982973967684022
"ASV_21770",1.46053893886715,0.0449910698122715,0.279,0.982973967684022
"ASV_21772",0.896910641697933,0.0280726886228849,0.3,0.982973967684022
"ASV_21774",1.75524413778102,0.0536366340956784,0.246,0.982973967684022
"ASV_21793",1.12059646768401,0.0348747042447164,0.178,0.982973967684022
"ASV_21796",1.09929366560991,0.0348138379971091,0.246,0.982973967684022
"ASV_21809",1.10765029482822,0.0350990842237784,0.397,0.982973967684022
"ASV_21810",0.678135437529143,0.021627320690433,0.279,0.982973967684022
"ASV_21872",2.04551252215309,0.0618704849409388,0.22,0.982973967684022
"ASV_21873",6.15504993542838,0.165519853987579,0.016,0.982973967684022
"ASV_21874",2.29531996777174,0.068951521447487,0.267,0.982973967684022
"ASV_21876",2.82512123503982,0.0839225708493266,0.383,0.982973967684022
"ASV_21886",1.60027346637256,0.0493587239710698,0.328,0.982973967684022
"ASV_21890",0.761860266455643,0.0245010084653123,0.216,0.982973967684022
"ASV_21891",3.27303740702887,0.0958415603648958,0.046,0.982973967684022
"ASV_21917",2.37180037683033,0.0723349239034101,0.072,0.982973967684022
"ASV_22124",1.52722251485188,0.0469355573849782,0.133,0.982973967684022
"ASV_22167",0.958950189416313,0.0297940824582616,0.36,0.982973967684022
"ASV_22170",1.52631764004565,0.0468088058907545,0.352,0.982973967684022
"ASV_22310",0.456127825142938,0.0148061900879725,0.46,0.982973967684022
"ASV_22321",0.656025076923257,0.0208505967432783,0.098,0.982973967684022
"ASV_22327",1.24370333874181,0.0385686469587265,0.415,0.982973967684022
"ASV_22336",3.63664808182405,0.105539403374896,0.03,0.982973967684022
"ASV_22342",3.03646790977003,0.0893439064693349,0.044,0.982973967684022
"ASV_22345",1.56085274480508,0.0479739579273585,0.45,0.982973967684022
"ASV_22349",1.02706116894597,0.0319778870324371,0.407,0.982973967684022
"ASV_22434",0.86452708070921,0.0279546642304571,0.328,0.982973967684022
"ASV_22436",2.06412032934102,0.0631653414144684,0.261,0.982973967684022
"ASV_22583",1.31109992913974,0.0410760731146658,0.082,0.982973967684022
"ASV_22584",1.12759980080657,0.0350909635785468,0.171,0.982973967684022
"ASV_22586",0.253587366698587,0.00802419985579161,0.464,0.982973967684022
"ASV_22706",2.65071499351337,0.0787685790354762,0.131,0.982973967684022
"ASV_22722",1.37466335890991,0.0424543801117785,0.258,0.982973967684022
"ASV_22919",0.754287387773333,0.0237616223706258,0.187,0.982973967684022
"ASV_22926",2.09293190068901,0.0636324572574876,0.149,0.982973967684022
"ASV_22936",0.639605400888473,0.0205182244668772,0.287,0.982973967684022
"ASV_22950",0.691631934850526,0.0217935120440736,0.375,0.982973967684022
"ASV_22976",2.02144952103176,0.0614857694856769,0.195,0.982973967684022
"ASV_22979",3.51383009761788,0.101750707807586,0.114,0.982973967684022
"ASV_22984",1.17626383868396,0.0365857324432888,0.353,0.982973967684022
"ASV_22986",1.97239625260376,0.0598674468777849,0.246,0.982973967684022
"ASV_22989",4.21152367679303,0.119473937513568,0.097,0.982973967684022
"ASV_23001",0.678739657728932,0.0215378969484316,0.29,0.982973967684022
"ASV_23004",0.78238253076823,0.0249702101827576,0.413,0.982973967684022
"ASV_23006",0.937947585011051,0.0298376375934188,0.416,0.982973967684022
"ASV_23168",1.45921316757874,0.0451210543134459,0.213,0.982973967684022
"ASV_23187",2.37879576521684,0.0712858325751624,0.335,0.982973967684022
"ASV_23195",1.49816081241974,0.045903065729169,0.041,0.982973967684022
"ASV_23207",0.496843616079268,0.0157440980810153,0.445,0.982973967684022
"ASV_23218",1.13136305325919,0.0349900680734428,0.071,0.982973967684022
"ASV_23232",3.33442256646722,0.0972547458640918,0.472,0.982973967684022
"ASV_23277",1.18453127522267,0.0367906236446584,0.462,0.982973967684022
"ASV_23310",2.24334689889701,0.0674826902482111,0.146,0.982973967684022
"ASV_23314",0.529114403552606,0.0168444391244633,0.458,0.982973967684022
"ASV_23571",2.30365503209986,0.068617960635677,0.337,0.982973967684022
"ASV_23616",2.50724635331134,0.0747974661648208,0.377,0.982973967684022
"ASV_23625",4.5692556397412,0.128594614759947,0.043,0.982973967684022
"ASV_23835",1.17310296986384,0.0369734812167338,0.084,0.982973967684022
"ASV_23902",0.873946405504523,0.0279323072825384,0.378,0.982973967684022
"ASV_23952",3.91397073443405,0.112146149233706,0.062,0.982973967684022
"ASV_23961",1.2796287179345,0.039777330970572,0.12,0.982973967684022
"ASV_23965",1.43708667510193,0.0449090132839001,0.263,0.982973967684022
"ASV_23968",0.843376091373,0.0263896937917406,0.405,0.982973967684022
"ASV_24152",1.61654908479956,0.0498398252512752,0.074,0.982973967684022
"ASV_24262",1.20566018730328,0.0377755661507925,0.121,0.982973967684022
"ASV_24281",0.728883425358634,0.0231989958588935,0.301,0.982973967684022
"ASV_24322",0.593861441261856,0.0187765219639279,0.466,0.982973967684022
"ASV_24330",1.75417295453592,0.0532751141774546,0.208,0.982973967684022
"ASV_24529",2.73820452920475,0.0817480692899365,0.077,0.982973967684022
"ASV_24563",3.16583789743024,0.0930707810130064,0.036,0.982973967684022
"ASV_24654",1.33207671385531,0.0409196345362659,0.253,0.982973967684022
"ASV_24670",1.43678868504938,0.0445820034663606,0.12,0.982973967684022
"ASV_24675",1.25526780096333,0.0390899059883973,0.369,0.982973967684022
"ASV_24684",0.928509257276339,0.029695468392886,0.185,0.982973967684022
"ASV_24690",2.67690636758488,0.0794075548483128,0.059,0.982973967684022
"ASV_24694",0.646133147896197,0.0204090469400491,0.117,0.982973967684022
"ASV_24896",0.808597537546625,0.0252905076050973,0.438,0.982973967684022
"ASV_24897",0.846033340381677,0.0264932158322062,0.196,0.982973967684022
"ASV_24901",1.92885928182983,0.058482823041795,0.283,0.982973967684022
"ASV_24963",1.05738918838783,0.0325869850007439,0.27,0.982973967684022
"ASV_25034",0.755014247148638,0.0234082341143738,0.272,0.982973967684022
"ASV_25043",1.15733746449078,0.0363035714021085,0.251,0.982973967684022
"ASV_25049",0.59353684821684,0.0188318474114121,0.301,0.982973967684022
"ASV_25051",0.476538332245081,0.0157293419092938,0.22,0.982973967684022
"ASV_25061",2.12259271665939,0.0640758533774531,0.038,0.982973967684022
"ASV_25245",1.0567594849956,0.0330238407244992,0.23,0.982973967684022
"ASV_25266",1.32646332708634,0.0406484043364536,0.136,0.982973967684022
"ASV_25276",1.06915249367502,0.0332756249760489,0.235,0.982973967684022
"ASV_25293",0.626769495001477,0.0198837166944679,0.179,0.982973967684022
"ASV_25407",1.91526835988862,0.058246205566917,0.181,0.982973967684022
"ASV_25414",1.5998639027978,0.0491291216294278,0.191,0.982973967684022
"ASV_25418",0.988432413333961,0.0311564293762494,0.371,0.982973967684022
"ASV_25429",0.861750218806465,0.027986574651462,0.297,0.982973967684022
"ASV_25450",1.98827336653033,0.0599459446073323,0.036,0.982973967684022
"ASV_25628",0.658177762193546,0.0212090532510437,0.213,0.982973967684022
"ASV_25782",1.15048252182695,0.0367332463351419,0.334,0.982973967684022
"ASV_25787",3.62750221541542,0.104703201146605,0.166,0.982973967684022
"ASV_25797",1.29092898566098,0.0397697059253735,0.268,0.982973967684022
"ASV_25810",1.86920435083667,0.056982332504823,0.239,0.982973967684022
"ASV_26055",0.155873982870862,0.00505109034406283,0.284,0.982973967684022
"ASV_26067",1.43243585521914,0.0443710154414096,0.067,0.982973967684022
"ASV_26109",1.18353097187137,0.0365406382687045,0.229,0.982973967684022
"ASV_26134",0.695127360381159,0.0217312510990132,0.259,0.982973967684022
"ASV_26187",1.03080170860781,0.0325420716866456,0.341,0.982973967684022
"ASV_26190",2.28330130994353,0.0686603930890298,0.091,0.982973967684022
"ASV_26194",1.65357951511351,0.0505439410292528,0.155,0.982973967684022
"ASV_26200",1.17779390849565,0.0367779587665274,0.315,0.982973967684022
"ASV_26203",3.15754723795467,0.0924331665251416,0.004,0.982973967684022
"ASV_26409",0.7686192344809,0.0244820949298624,0.1,0.982973967684022
"ASV_26434",1.99527436912525,0.0606368469359829,0.342,0.982973967684022
"ASV_26595",0.953269872294569,0.0301806869209367,0.477,0.982973967684022
"ASV_26614",0.829722217468901,0.0265186204711174,0.437,0.982973967684022
"ASV_26844",1.13376017976727,0.0352068619983243,0.283,0.982973967684022
"ASV_26910",1.74608900883385,0.0536790480249888,0.153,0.982973967684022
"ASV_26943",0.30918328296302,0.00958310778375942,0.471,0.982973967684022
"ASV_26961",3.02402097023066,0.0887565541451499,0.038,0.982973967684022
"ASV_27051",0.83733441122311,0.0261961678462751,0.221,0.982973967684022
"ASV_27061",1.28698339169062,0.0391241730965902,0.277,0.982973967684022
"ASV_27074",1.60900462576477,0.0488945347898186,0.058,0.982973967684022
"ASV_27308",0.553004766385352,0.0173686368617401,0.288,0.982973967684022
"ASV_27486",2.99399291393705,0.0879299059800882,0.212,0.982973967684022
"ASV_27545",1.0668735479604,0.0325998804190219,0.376,0.982973967684022
"ASV_27975",0.818698040451426,0.0255069541557841,0.19,0.982973967684022
"ASV_28273",0.678436448444574,0.0214160660623548,0.207,0.982973967684022
"ASV_28866",0.582228647951249,0.0183794706022795,0.104,0.982973967684022
"ASV_28899",1.25910353327016,0.0393850047866239,0.119,0.982973967684022
"ASV_28904",1.77708804323589,0.0545716826753122,0.128,0.982973967684022
"ASV_29406",2.22023946175899,0.0666704486608788,0.24,0.982973967684022
"ASV_29419",1.05677478041809,0.0326440298426607,0.093,0.982973967684022
"ASV_29435",1.81924224852722,0.0553662807791366,0.008,0.982973967684022
"ASV_224",0.490722242813756,0.0162061128822742,0.478,0.982977651966627
"ASV_580",1.12785122775161,0.035301243718507,0.479,0.982977651966627
"ASV_1693",1.05668693019652,0.0316327300988076,0.479,0.982977651966627
"ASV_2925",0.464939150677186,0.0146987320369906,0.478,0.982977651966627
"ASV_3887",0.87253393990203,0.0272461709291988,0.478,0.982977651966627
"ASV_5011",0.936182699936412,0.0295036864390288,0.479,0.982977651966627
"ASV_6349",0.589542312911613,0.0186939515371276,0.479,0.982977651966627
"ASV_7127",1.94118696329939,0.0596912313784527,0.478,0.982977651966627
"ASV_7904",1.60551617716222,0.0479363634206373,0.479,0.982977651966627
"ASV_9272",0.919406517737221,0.0288368115655995,0.479,0.982977651966627
"ASV_12187",0.436345230039227,0.0138808693146787,0.478,0.982977651966627
"ASV_18022",0.409134501237729,0.01297097147629,0.479,0.982977651966627
"ASV_22913",1.08387895048776,0.0338884527899759,0.479,0.982977651966627
"ASV_28447",0.755468281242584,0.0238376900622801,0.479,0.982977651966627
"ASV_163",1.15742963037555,0.0357721228128662,0.495,0.983573855456378
"ASV_332",0.380327214433202,0.0123464367432263,0.49,0.983573855456378
"ASV_333",1.1645597101988,0.035356606504597,0.49,0.983573855456378
"ASV_436",2.81591563708459,0.0840770924370377,0.49,0.983573855456378
"ASV_455",1.05807003358693,0.0326511025660498,0.49,0.983573855456378
"ASV_478",0.666282942667531,0.021626624557173,0.481,0.983573855456378
"ASV_481",0.832555157428397,0.0264859590853688,0.496,0.983573855456378
"ASV_647",2.46699005977857,0.0740888155789743,0.487,0.983573855456378
"ASV_669",2.51825964858116,0.0740310180272254,0.491,0.983573855456378
"ASV_777",0.288620353224754,0.00948326614299732,0.489,0.983573855456378
"ASV_921",1.23325914201286,0.0376515685047179,0.488,0.983573855456378
"ASV_947",4.12295708639431,0.11674550727882,0.485,0.983573855456378
"ASV_1001",0.933591832060568,0.0297841492384125,0.496,0.983573855456378
"ASV_1026",0.201941655074185,0.00534844336117735,0.484,0.983573855456378
"ASV_1031",2.56898736038272,0.0766454617607378,0.495,0.983573855456378
"ASV_1353",1.87571644076498,0.0563785457601374,0.496,0.983573855456378
"ASV_1594",1.00311731169248,0.030885064069282,0.486,0.983573855456378
"ASV_1750",0.619827394655753,0.0199652107875938,0.48,0.983573855456378
"ASV_1806",1.68598812849659,0.05232830480409,0.49,0.983573855456378
"ASV_1828",0.748757612640088,0.0235751161258637,0.487,0.983573855456378
"ASV_1870",1.01744165311706,0.0330592998263551,0.494,0.983573855456378
"ASV_2404",0.393625350060239,0.0124379171197747,0.482,0.983573855456378
"ASV_2523",1.28480185353707,0.0391616275111484,0.494,0.983573855456378
"ASV_2543",1.02284363442839,0.0323647193538581,0.484,0.983573855456378
"ASV_2809",0.671082644953622,0.0208895020105513,0.492,0.983573855456378
"ASV_2843",0.698247575125303,0.0222726913672957,0.494,0.983573855456378
"ASV_2852",1.60673541928255,0.0501291786739848,0.489,0.983573855456378
"ASV_2878",0.458193925808053,0.0138325085905838,0.493,0.983573855456378
"ASV_2883",0.55771505934415,0.0174922761182928,0.489,0.983573855456378
"ASV_2895",0.36235108125735,0.0113617388139611,0.493,0.983573855456378
"ASV_2897",0.834759768300023,0.0262900498353486,0.483,0.983573855456378
"ASV_2902",2.14870293494355,0.0648236784631231,0.493,0.983573855456378
"ASV_3287",0.42280215517955,0.0132058373496041,0.484,0.983573855456378
"ASV_3396",0.773552124088347,0.0247595977111429,0.486,0.983573855456378
"ASV_3775",0.64419619206715,0.0208534454340173,0.491,0.983573855456378
"ASV_3805",0.687528645618367,0.0209449464653605,0.489,0.983573855456378
"ASV_3847",1.37981355540176,0.0424416947600259,0.496,0.983573855456378
"ASV_3854",1.24760748971642,0.0388783671172735,0.488,0.983573855456378
"ASV_3950",1.4041317017738,0.0435520455702984,0.484,0.983573855456378
"ASV_4017",0.797512929564634,0.0250826259394278,0.48,0.983573855456378
"ASV_4039",0.550706442220312,0.0173907408308291,0.48,0.983573855456378
"ASV_4252",1.82820977856793,0.055558155847833,0.489,0.983573855456378
"ASV_4316",0.498410755562855,0.0158149631917044,0.494,0.983573855456378
"ASV_4463",0.580628809186304,0.0180617018111547,0.482,0.983573855456378
"ASV_4512",0.573818037132507,0.0182849300858821,0.492,0.983573855456378
"ASV_4576",0.595617145749923,0.0186857515601223,0.486,0.983573855456378
"ASV_4728",0.46549279090858,0.0150286743057898,0.493,0.983573855456378
"ASV_4859",0.540306442058166,0.0171320115310744,0.481,0.983573855456378
"ASV_4976",2.84844357873853,0.0838485429497104,0.484,0.983573855456378
"ASV_5114",1.01568344150874,0.0321575263619304,0.483,0.983573855456378
"ASV_5151",1.20295545214265,0.037380958262275,0.481,0.983573855456378
"ASV_5620",1.21568692633114,0.0375329725150991,0.49,0.983573855456378
"ASV_5702",1.32954622163786,0.0406258954949437,0.482,0.983573855456378
"ASV_6048",0.605397276903165,0.0188594577835632,0.483,0.983573855456378
"ASV_6128",0.836489848143809,0.0260353239471249,0.491,0.983573855456378
"ASV_6202",0.0629343398156922,0.00179899989866915,0.496,0.983573855456378
"ASV_6374",0.763032177935937,0.023964789764666,0.494,0.983573855456378
"ASV_6569",2.44181085554017,0.0728799947202596,0.492,0.983573855456378
"ASV_6627",0.435228116501704,0.0136107944185538,0.486,0.983573855456378
"ASV_6720",1.06072585387959,0.0333395758539736,0.489,0.983573855456378
"ASV_6814",0.47250649988837,0.0150055247754373,0.491,0.983573855456378
"ASV_6844",1.12826263816391,0.0355869373035527,0.493,0.983573855456378
"ASV_6856",1.33871260467224,0.0415810516176331,0.493,0.983573855456378
"ASV_6952",0.486285766312139,0.0159811349946783,0.489,0.983573855456378
"ASV_6965",1.27368032963708,0.0392765721432936,0.489,0.983573855456378
"ASV_7106",0.602992409349687,0.019294152900474,0.493,0.983573855456378
"ASV_7216",1.46378674128046,0.0451052355571779,0.487,0.983573855456378
"ASV_7385",1.06799047660855,0.0338228958168653,0.484,0.983573855456378
"ASV_7444",0.542266017794123,0.0171440573959211,0.486,0.983573855456378
"ASV_7519",0.172504454820428,0.00559943001694654,0.49,0.983573855456378
"ASV_7723",0.828830444018617,0.0262501883892779,0.49,0.983573855456378
"ASV_8616",0.463350622593421,0.0151389097435398,0.495,0.983573855456378
"ASV_8841",0.390479644421459,0.0122242597808308,0.487,0.983573855456378
"ASV_9053",1.48325846563701,0.0456647494832764,0.496,0.983573855456378
"ASV_9163",0.895923276148488,0.028799094407095,0.49,0.983573855456378
"ASV_9268",2.01336733853748,0.0609791395768384,0.496,0.983573855456378
"ASV_9833",0.554198913961188,0.0180478082442331,0.487,0.983573855456378
"ASV_9834",0.600334463496226,0.0192933741593624,0.482,0.983573855456378
"ASV_9893",0.664719373205478,0.0208938500107016,0.489,0.983573855456378
"ASV_10148",1.15938213500225,0.0362212185028915,0.483,0.983573855456378
"ASV_10676",0.969276753449114,0.0303182545723281,0.485,0.983573855456378
"ASV_10680",0.650335081847412,0.0204188641867578,0.484,0.983573855456378
"ASV_11022",0.752322233061096,0.023971829476784,0.495,0.983573855456378
"ASV_11077",1.72913821874083,0.0534240161727746,0.493,0.983573855456378
"ASV_11226",1.39479990101627,0.0431916935192061,0.496,0.983573855456378
"ASV_11599",0.473313863349074,0.0150613239694143,0.486,0.983573855456378
"ASV_12160",0.732109033577487,0.0229807365099883,0.493,0.983573855456378
"ASV_12331",0.635819834016837,0.0203094366055437,0.496,0.983573855456378
"ASV_12558",0.703512429448093,0.0224526790324863,0.491,0.983573855456378
"ASV_12717",0.560559504151069,0.0182582778446415,0.483,0.983573855456378
"ASV_13061",0.940203355307407,0.0289813573710708,0.487,0.983573855456378
"ASV_13213",0.899670323591482,0.0279743600978376,0.486,0.983573855456378
"ASV_13566",0.800355877969936,0.0245895405054041,0.496,0.983573855456378
"ASV_14146",1.6416810933693,0.0501105002419939,0.488,0.983573855456378
"ASV_14395",1.04780045353442,0.0322109748632727,0.492,0.983573855456378
"ASV_14424",1.10414844077792,0.0344867025841523,0.482,0.983573855456378
"ASV_14902",0.830608504816933,0.0252382105521522,0.493,0.983573855456378
"ASV_15142",0.286897910932291,0.00914287319734412,0.496,0.983573855456378
"ASV_15864",0.788373990440657,0.0247964108943733,0.496,0.983573855456378
"ASV_16495",2.0976725124604,0.0633861165827107,0.488,0.983573855456378
"ASV_16519",2.74513677348167,0.081475234753117,0.492,0.983573855456378
"ASV_17016",0.112423181278356,0.0035357331256405,0.493,0.983573855456378
"ASV_17212",0.63742745000778,0.0199556766452029,0.484,0.983573855456378
"ASV_17344",1.17689804276808,0.036865797568302,0.49,0.983573855456378
"ASV_17356",0.809808732578491,0.0260510094209465,0.494,0.983573855456378
"ASV_17394",1.4277342441281,0.0438406169891361,0.489,0.983573855456378
"ASV_17404",0.550605995860699,0.0177919994276307,0.488,0.983573855456378
"ASV_18805",0.77307055401643,0.0243646565571701,0.496,0.983573855456378
"ASV_19790",0.907522402075312,0.0288358202407212,0.495,0.983573855456378
"ASV_19910",0.875777060669244,0.0275516300166818,0.49,0.983573855456378
"ASV_21559",1.5198053768505,0.0467663180214324,0.485,0.983573855456378
"ASV_21583",0.802874822871127,0.0254996150391472,0.48,0.983573855456378
"ASV_21818",0.578070238841464,0.0184200642769527,0.495,0.983573855456378
"ASV_22182",0.494419896375653,0.0160506383453038,0.481,0.983573855456378
"ASV_23501",0.691391204055246,0.0219966937760761,0.495,0.983573855456378
"ASV_23561",0.80704703192949,0.0255176479852969,0.492,0.983573855456378
"ASV_24298",0.892591337694052,0.0280238942059032,0.487,0.983573855456378
"ASV_4394",0.882745998949124,0.0279339532257062,0.497,0.983574425287356
"ASV_5317",0.166897547730127,0.00547665966502933,0.497,0.983574425287356
"ASV_6352",0.527239757575756,0.0166942534172489,0.497,0.983574425287356
"ASV_8067",0.0278649188601367,0.00092116206908371,0.497,0.983574425287356
"ASV_9636",0.503210504679691,0.0162066883054815,0.497,0.983574425287356
"ASV_10417",1.02248713493491,0.0318531554159543,0.497,0.983574425287356
"ASV_13881",0.562003786431063,0.0177627431974894,0.497,0.983574425287356
"ASV_547",0.166425534568114,0.00535161259172063,0.501,0.984697806892623
"ASV_638",0.439727056826341,0.0139674992101707,0.502,0.984697806892623
"ASV_1052",1.73886990052732,0.0533899902549043,0.502,0.984697806892623
"ASV_1590",0.900797945015888,0.0282499148585365,0.499,0.984697806892623
"ASV_1830",0.550104853572707,0.0178816941220966,0.499,0.984697806892623
"ASV_1878",1.4762539377429,0.0454534369209141,0.501,0.984697806892623
"ASV_1921",0.228375873091043,0.0078579461277172,0.501,0.984697806892623
"ASV_2046",1.0539547432509,0.0330738813597728,0.499,0.984697806892623
"ASV_2919",0.825630485905903,0.0259184510370299,0.501,0.984697806892623
"ASV_3923",1.15710997827843,0.0358753466279003,0.502,0.984697806892623
"ASV_4291",3.641295128812,0.105140435665965,0.501,0.984697806892623
"ASV_4518",1.60438993008151,0.0497320075749989,0.502,0.984697806892623
"ASV_5782",0.751959344081507,0.0234780582806855,0.5,0.984697806892623
"ASV_6348",1.05702253580718,0.0328301871293182,0.501,0.984697806892623
"ASV_6761",0.317021742705081,0.0103621160637602,0.499,0.984697806892623
"ASV_7193",0.683625384083424,0.0216274939249011,0.501,0.984697806892623
"ASV_7246",0.597308519158559,0.0182995776097979,0.502,0.984697806892623
"ASV_7751",1.12220140682176,0.0349272054058004,0.502,0.984697806892623
"ASV_8091",0.451685811186198,0.0145935374958904,0.502,0.984697806892623
"ASV_10210",0.260774919963932,0.00827159172055999,0.499,0.984697806892623
"ASV_10783",0.560564531512034,0.0179180778399669,0.501,0.984697806892623
"ASV_11401",1.84707242924731,0.0568334283530897,0.499,0.984697806892623
"ASV_11477",0.389327524170493,0.0126518257741242,0.5,0.984697806892623
"ASV_11977",0.922050714494748,0.0287860103583173,0.502,0.984697806892623
"ASV_12166",1.30050727077679,0.0406355652950962,0.498,0.984697806892623
"ASV_13395",1.68878419349135,0.050989114235261,0.499,0.984697806892623
"ASV_16271",0.668892142704419,0.0213038736092023,0.498,0.984697806892623
"ASV_17256",0.77661095814865,0.0244292540586245,0.502,0.984697806892623
"ASV_18804",0.447488078327483,0.0141730140060093,0.498,0.984697806892623
"ASV_24676",0.67720788270205,0.0211005995240025,0.502,0.984697806892623
"ASV_25074",0.976334064885848,0.0299024048562268,0.502,0.984697806892623
"ASV_7000",0.562126924465327,0.0180014173863106,0.503,0.985256257110353
"ASV_9181",0.388849760669968,0.0122232870734057,0.503,0.985256257110353
"ASV_13541",1.62485774095963,0.0498743719254818,0.503,0.985256257110353
"ASV_13643",0.518885251464573,0.0170508521946791,0.503,0.985256257110353
"ASV_23491",1.34050531932313,0.0414710005703994,0.503,0.985256257110353
"ASV_1057",0.294342935661364,0.00940207999034976,0.504,0.985813121272366
"ASV_8692",0.801307915388571,0.0252305306774961,0.504,0.985813121272366
"ASV_9596",0.324694479105516,0.0102732967360834,0.504,0.985813121272366
"ASV_15124",0.892719241693401,0.0282436068547098,0.504,0.985813121272366
"ASV_20143",0.496109926822268,0.0155997865181903,0.504,0.985813121272366
"ASV_310",1.29161136319175,0.0387789128314654,0.505,0.986348621271806
"ASV_894",0.37047720511673,0.0119475551413244,0.509,0.986348621271806
"ASV_1487",0.577071511155477,0.019441047522282,0.507,0.986348621271806
"ASV_2006",0.800628300243975,0.0251556586674893,0.506,0.986348621271806
"ASV_2011",0.335378538773919,0.0105748273024226,0.506,0.986348621271806
"ASV_2350",1.57762035236902,0.048737566680711,0.505,0.986348621271806
"ASV_2918",0.592042032530543,0.0188986382045457,0.509,0.986348621271806
"ASV_3017",0.61628342271106,0.0192778950919888,0.505,0.986348621271806
"ASV_3643",0.962242346486313,0.0312042044346668,0.507,0.986348621271806
"ASV_3714",0.235825159784784,0.00759299152837409,0.508,0.986348621271806
"ASV_4057",1.36052220725832,0.0418404830914595,0.505,0.986348621271806
"ASV_4243",0.457884231164723,0.0140663852115788,0.508,0.986348621271806
"ASV_4355",1.29908678671477,0.0400564372057259,0.506,0.986348621271806
"ASV_4597",0.641884637644872,0.0198190406274353,0.508,0.986348621271806
"ASV_4833",1.57425936850674,0.0479620462069034,0.509,0.986348621271806
"ASV_6464",0.351108556434681,0.0111223001718789,0.507,0.986348621271806
"ASV_6633",0.858555289170067,0.0270719261091086,0.507,0.986348621271806
"ASV_6742",0.762492957558772,0.0234700857439715,0.509,0.986348621271806
"ASV_7381",0.930101807502137,0.0291237363232551,0.506,0.986348621271806
"ASV_7527",1.0243781890407,0.0323652184920902,0.505,0.986348621271806
"ASV_8257",0.872809186537862,0.0272214358209564,0.506,0.986348621271806
"ASV_9950",1.00016158496414,0.0312512794189281,0.508,0.986348621271806
"ASV_10373",1.32101757748302,0.0401664563670209,0.508,0.986348621271806
"ASV_10518",0.94123170116809,0.0297420462274725,0.507,0.986348621271806
"ASV_12276",0.871625349975848,0.0275180345328202,0.508,0.986348621271806
"ASV_12365",0.78865314301154,0.0246212130522695,0.507,0.986348621271806
"ASV_15099",0.427145985648438,0.0141733139150408,0.509,0.986348621271806
"ASV_15240",1.39015829620077,0.0439316598379461,0.509,0.986348621271806
"ASV_20365",1.21572603794093,0.0378044597057434,0.507,0.986348621271806
"ASV_23012",0.939875068638967,0.0294512813202927,0.507,0.986348621271806
"ASV_23874",0.0653379197246397,0.00202800375308822,0.506,0.986348621271806
"ASV_25811",1.61404880020015,0.049659111369904,0.509,0.986348621271806
"ASV_29916",0.778995078024305,0.0246790054222345,0.509,0.986348621271806
"ASV_607",0.898283831691865,0.0260339921141179,0.51,0.986620786516854
"ASV_2311",1.11418855083836,0.0347973224255353,0.51,0.986620786516854
"ASV_3757",0.640292659917492,0.0204087342869164,0.51,0.986620786516854
"ASV_3905",1.20895855029865,0.0377817618389334,0.51,0.986620786516854
"ASV_4688",0.904146411193736,0.0287419366767402,0.51,0.986620786516854
"ASV_8340",0.6752656803205,0.0218454830661992,0.51,0.986620786516854
"ASV_6484",1.91906196101654,0.0591182398319803,0.511,0.988277730974445
"ASV_56",1.61634638396057,0.0496050965115073,0.516,0.988509596662031
"ASV_75",1.27396686536661,0.0413029357233784,0.514,0.988509596662031
"ASV_223",1.81798234131769,0.0538164449170133,0.512,0.988509596662031
"ASV_1138",0.475843046981049,0.0152268847978826,0.514,0.988509596662031
"ASV_1294",0.344265945975749,0.0104160912577976,0.514,0.988509596662031
"ASV_1982",1.10407030593643,0.0344633537195074,0.515,0.988509596662031
"ASV_2018",2.69227587498636,0.0798659938542887,0.513,0.988509596662031
"ASV_2103",1.01721823095579,0.0320755218191528,0.514,0.988509596662031
"ASV_2195",0.65321951741141,0.0200009646068798,0.515,0.988509596662031
"ASV_2376",1.11532911048571,0.0337418866183348,0.514,0.988509596662031
"ASV_2497",1.7258636050938,0.0530192305824189,0.512,0.988509596662031
"ASV_2801",0.409507062581505,0.0131806590754483,0.514,0.988509596662031
"ASV_3103",0.166304159320096,0.00535024252570054,0.514,0.988509596662031
"ASV_3730",0.910348490502348,0.0282942791212832,0.513,0.988509596662031
"ASV_3791",3.14435630841981,0.0920782204241811,0.514,0.988509596662031
"ASV_4169",0.829858665605994,0.0263969374277368,0.512,0.988509596662031
"ASV_4664",0.948350223132878,0.0295350737071307,0.513,0.988509596662031
"ASV_5082",0.922502813550176,0.0281072683009016,0.515,0.988509596662031
"ASV_6147",0.412738841370525,0.0131130407133096,0.512,0.988509596662031
"ASV_7067",1.3120172578962,0.0408715891415855,0.515,0.988509596662031
"ASV_8004",0.310840915943366,0.0100930804129269,0.514,0.988509596662031
"ASV_9868",2.23583960526714,0.0663147667295196,0.516,0.988509596662031
"ASV_11916",1.17424617221833,0.0367983093404506,0.516,0.988509596662031
"ASV_11991",0.293112995247063,0.00929733752754882,0.516,0.988509596662031
"ASV_12853",0.800104876758024,0.02493383687406,0.516,0.988509596662031
"ASV_15692",0.208894639302136,0.00670883281768777,0.516,0.988509596662031
"ASV_16264",1.26164478147468,0.0392556044708822,0.516,0.988509596662031
"ASV_17075",0.698426492881925,0.0220746369557332,0.515,0.988509596662031
"ASV_17953",0.714435252238221,0.0229442993555503,0.516,0.988509596662031
"ASV_18277",1.23876465113219,0.0381664461217373,0.515,0.988509596662031
"ASV_18707",1.25037962906969,0.038782057433254,0.515,0.988509596662031
"ASV_19052",0.317479277352486,0.0101789911844865,0.516,0.988509596662031
"ASV_19592",0.437595116341426,0.0136819251057089,0.515,0.988509596662031
"ASV_20141",0.713370210143727,0.0231487811806532,0.512,0.988509596662031
"ASV_9",1.33383313175873,0.0417671892178521,0.528,0.989374098798398
"ASV_62",1.00248839207193,0.0324577713162034,0.532,0.989374098798398
"ASV_129",1.29108948157784,0.0400637421349133,0.535,0.989374098798398
"ASV_217",0.601402940848525,0.0206543594280234,0.537,0.989374098798398
"ASV_222",0.621438071951772,0.021117386793337,0.528,0.989374098798398
"ASV_226",2.5558913267784,0.0762680807300478,0.526,0.989374098798398
"ASV_239",1.03957028323326,0.0322181195242428,0.537,0.989374098798398
"ASV_443",0.9083255884721,0.0283267664477092,0.519,0.989374098798398
"ASV_582",1.6794868810427,0.0533613529285466,0.538,0.989374098798398
"ASV_695",0.152717197155309,0.00541424248632222,0.534,0.989374098798398
"ASV_698",0.271071131513829,0.00875248383558712,0.518,0.989374098798398
"ASV_815",0.535325529388462,0.0173418373506893,0.529,0.989374098798398
"ASV_908",1.09260412758912,0.0331721371326527,0.536,0.989374098798398
"ASV_977",1.24853620532146,0.0378831080194729,0.522,0.989374098798398
"ASV_1006",0.441763689111133,0.0138066407169127,0.528,0.989374098798398
"ASV_1183",0.989976348025153,0.0301884439654674,0.534,0.989374098798398
"ASV_1196",0.695119773375566,0.0220848625480596,0.523,0.989374098798398
"ASV_1240",1.41459927156534,0.0429363019964599,0.524,0.989374098798398
"ASV_1269",0.900164208811198,0.0277702026205186,0.527,0.989374098798398
"ASV_1281",0.554691065196727,0.0175796109747796,0.529,0.989374098798398
"ASV_1319",1.25669461561123,0.0405551325365882,0.522,0.989374098798398
"ASV_1410",0.629393946568653,0.0205557484039291,0.518,0.989374098798398
"ASV_1446",0.276127231491348,0.00908508175568733,0.528,0.989374098798398
"ASV_1455",0.676859725875193,0.0213493932787778,0.526,0.989374098798398
"ASV_1624",0.45183099357494,0.0147193302285137,0.523,0.989374098798398
"ASV_1637",0.793808099911953,0.0245828524616551,0.537,0.989374098798398
"ASV_1779",0.772214428046512,0.0231999080897713,0.522,0.989374098798398
"ASV_1784",1.59462660810653,0.049169272574211,0.537,0.989374098798398
"ASV_1785",0.283793231689396,0.00911829735624503,0.538,0.989374098798398
"ASV_1811",1.97403682487673,0.0596048837882154,0.533,0.989374098798398
"ASV_1812",1.20568555128777,0.0374344094515368,0.517,0.989374098798398
"ASV_1872",0.435391743674259,0.0138378723307088,0.526,0.989374098798398
"ASV_1901",1.38014214028373,0.0424209789204007,0.528,0.989374098798398
"ASV_2077",0.528664612000129,0.0166967793258002,0.531,0.989374098798398
"ASV_2083",0.916843840198853,0.0291766497161814,0.53,0.989374098798398
"ASV_2101",1.41827003465625,0.0437006591467377,0.529,0.989374098798398
"ASV_2119",0.694772018806527,0.0214915874930916,0.538,0.989374098798398
"ASV_2323",0.599987778002202,0.0194187485374642,0.537,0.989374098798398
"ASV_2417",0.422512892548406,0.0138437463163699,0.518,0.989374098798398
"ASV_2432",0.5516316290532,0.0168926570054859,0.528,0.989374098798398
"ASV_2555",0.825107182589902,0.0257609499436772,0.53,0.989374098798398
"ASV_2568",0.770465565437655,0.0241926813819912,0.531,0.989374098798398
"ASV_2612",1.00484202364247,0.0309495334236448,0.517,0.989374098798398
"ASV_2795",0.69925427353801,0.0217527241176959,0.531,0.989374098798398
"ASV_2798",0.287775423831365,0.00983381307162878,0.533,0.989374098798398
"ASV_2846",0.778309732158399,0.0238009557700444,0.531,0.989374098798398
"ASV_3077",0.656850138721167,0.0213059871041247,0.523,0.989374098798398
"ASV_3279",0.863423257598001,0.0273178368998182,0.538,0.989374098798398
"ASV_3487",1.54728443245149,0.0474232251429599,0.53,0.989374098798398
"ASV_3654",0.778448812418562,0.0243785233102469,0.533,0.989374098798398
"ASV_4113",0.656400931541698,0.0204642057429318,0.537,0.989374098798398
"ASV_4296",1.50432043415237,0.0462207487516854,0.521,0.989374098798398
"ASV_4328",0.674202544344257,0.0214329114877078,0.536,0.989374098798398
"ASV_4382",0.36953012562171,0.0119000752234696,0.529,0.989374098798398
"ASV_4386",0.473362920626974,0.0152266514833222,0.526,0.989374098798398
"ASV_4416",2.86970009029547,0.0844537492966744,0.53,0.989374098798398
"ASV_4626",0.702075531905954,0.0215257593920934,0.519,0.989374098798398
"ASV_4714",0.826390737326189,0.0257118242742166,0.519,0.989374098798398
"ASV_4787",0.808628073234297,0.0251309363951368,0.521,0.989374098798398
"ASV_4912",0.375265339258251,0.0120712768180447,0.532,0.989374098798398
"ASV_4931",0.889288368264413,0.0275910374770089,0.521,0.989374098798398
"ASV_4934",0.452329357207132,0.0145334847085305,0.528,0.989374098798398
"ASV_4982",0.63637339727306,0.0199075852397663,0.536,0.989374098798398
"ASV_5006",0.602923122406805,0.0190320609448032,0.537,0.989374098798398
"ASV_5048",0.708037173217902,0.0221573209064616,0.536,0.989374098798398
"ASV_5159",0.95482363523323,0.029987664949142,0.529,0.989374098798398
"ASV_5217",1.05850424001568,0.0332755357819675,0.521,0.989374098798398
"ASV_5291",0.250442395747421,0.00821932239803369,0.535,0.989374098798398
"ASV_5397",0.369742437589547,0.0118085815367909,0.52,0.989374098798398
"ASV_5820",0.572760186668109,0.0188456448183416,0.522,0.989374098798398
"ASV_5947",1.03012273227747,0.0325226704196699,0.53,0.989374098798398
"ASV_6062",0.656180559758061,0.0202791463928649,0.535,0.989374098798398
"ASV_6125",0.429936050218587,0.0133703001174124,0.528,0.989374098798398
"ASV_6408",1.19792663255329,0.0372155793234326,0.524,0.989374098798398
"ASV_6481",1.22868636923869,0.0386127782687845,0.525,0.989374098798398
"ASV_6640",0.360855414870067,0.0112750106611156,0.519,0.989374098798398
"ASV_7091",0.394672124209668,0.0128795737572369,0.526,0.989374098798398
"ASV_7558",0.955478089501583,0.0297745572678086,0.526,0.989374098798398
"ASV_7743",0.997388543368352,0.0311374153674846,0.527,0.989374098798398
"ASV_7875",0.463351435598587,0.0147393360598525,0.519,0.989374098798398
"ASV_8076",0.786938710174886,0.0249943985868494,0.531,0.989374098798398
"ASV_8186",0.809254355349943,0.0256595184733658,0.529,0.989374098798398
"ASV_8220",0.69802183167236,0.0220511741336744,0.538,0.989374098798398
"ASV_8389",0.317569561111998,0.0101312609737082,0.528,0.989374098798398
"ASV_8562",0.857119495780233,0.0272868409069025,0.523,0.989374098798398
"ASV_8679",3.64758936412135,0.105624162669642,0.533,0.989374098798398
"ASV_8701",0.359058547949065,0.0109864129329053,0.536,0.989374098798398
"ASV_8887",1.22433146876678,0.0390806938283521,0.52,0.989374098798398
"ASV_8992",0.388199377020222,0.012441792046681,0.528,0.989374098798398
"ASV_9028",0.862707681588927,0.0274987721119683,0.526,0.989374098798398
"ASV_9760",1.35808055397873,0.0424427555283367,0.528,0.989374098798398
"ASV_9782",1.43849412472859,0.0443496935368448,0.532,0.989374098798398
"ASV_9930",0.745344593903227,0.0235190254256436,0.52,0.989374098798398
"ASV_10208",1.11325895103277,0.0346402929756223,0.526,0.989374098798398
"ASV_10244",0.981039940103996,0.030552709035748,0.538,0.989374098798398
"ASV_10455",2.47877613542261,0.0736686644602191,0.529,0.989374098798398
"ASV_10517",1.74249062318021,0.0532132426802147,0.532,0.989374098798398
"ASV_10589",0.912424247767177,0.0281258141542869,0.535,0.989374098798398
"ASV_11046",0.927152262635442,0.0287826166178741,0.532,0.989374098798398
"ASV_11053",1.42105276638715,0.044429122958888,0.535,0.989374098798398
"ASV_11178",0.487551431098868,0.0159328383584167,0.525,0.989374098798398
"ASV_11320",0.426223591005727,0.0136303943246783,0.53,0.989374098798398
"ASV_11442",1.46499237001829,0.0451548525871821,0.527,0.989374098798398
"ASV_11469",0.205870439337642,0.00630123518580812,0.531,0.989374098798398
"ASV_11575",0.224019309264067,0.00656867375741889,0.522,0.989374098798398
"ASV_11732",0.443871231161431,0.0140910071093154,0.534,0.989374098798398
"ASV_12370",0.768846125082057,0.0245526874638332,0.525,0.989374098798398
"ASV_12626",0.676842947283834,0.0212875163283175,0.52,0.989374098798398
"ASV_12659",0.475014585170499,0.0152588568541706,0.536,0.989374098798398
"ASV_12730",0.794995825599755,0.0250220479107872,0.524,0.989374098798398
"ASV_12907",0.383692101199343,0.0120018976151386,0.538,0.989374098798398
"ASV_13044",0.582839132774098,0.018331042372175,0.527,0.989374098798398
"ASV_13152",0.956297512628096,0.0299523686983062,0.524,0.989374098798398
"ASV_13272",0.811332459490261,0.0255045784872867,0.524,0.989374098798398
"ASV_13316",1.34982770899797,0.0421011743435664,0.534,0.989374098798398
"ASV_13982",0.511490509738764,0.0162905466676822,0.537,0.989374098798398
"ASV_14061",0.435297188685379,0.0134341985879928,0.533,0.989374098798398
"ASV_14167",0.401278636815713,0.0126159139857785,0.538,0.989374098798398
"ASV_14485",0.191416542074275,0.00612898025499236,0.521,0.989374098798398
"ASV_14729",1.32508966191019,0.0408514223126719,0.53,0.989374098798398
"ASV_14783",1.04449940138731,0.0322559768902599,0.533,0.989374098798398
"ASV_14838",0.282185953116228,0.00904024829686028,0.531,0.989374098798398
"ASV_14840",1.13920794193739,0.0359471820599442,0.534,0.989374098798398
"ASV_15100",0.938217312076691,0.0293597593868108,0.518,0.989374098798398
"ASV_15146",0.687185310817999,0.0216658334421869,0.522,0.989374098798398
"ASV_15261",0.617815551836836,0.0197634952229904,0.517,0.989374098798398
"ASV_15353",0.75672071527511,0.023754381851127,0.524,0.989374098798398
"ASV_15388",0.326963704634735,0.010206538440304,0.533,0.989374098798398
"ASV_15829",0.459517127952024,0.0147906425131459,0.53,0.989374098798398
"ASV_16236",0.385599409835704,0.0122739150335329,0.533,0.989374098798398
"ASV_16274",1.03204664495628,0.0324147558604157,0.524,0.989374098798398
"ASV_16504",0.329831619976636,0.0105037027889004,0.538,0.989374098798398
"ASV_17051",0.328938827804832,0.0101515030345685,0.519,0.989374098798398
"ASV_17206",1.02925827170283,0.032185886506178,0.523,0.989374098798398
"ASV_17932",0.41929168062989,0.0131797548254624,0.535,0.989374098798398
"ASV_19395",0.386436823503704,0.0121280142281246,0.538,0.989374098798398
"ASV_20062",0.388058098500404,0.0126455932177949,0.528,0.989374098798398
"ASV_20959",1.03110039680106,0.0321434882565459,0.522,0.989374098798398
"ASV_21260",0.394562312711377,0.0126528057188468,0.536,0.989374098798398
"ASV_22053",0.791538622752923,0.0248157818108141,0.524,0.989374098798398
"ASV_22963",0.415724623502416,0.013233831651989,0.526,0.989374098798398
"ASV_23492",0.716010187240692,0.0231053918079371,0.534,0.989374098798398
"ASV_23645",0.792283577046412,0.0248791930348714,0.52,0.989374098798398
"ASV_23886",0.299738658452957,0.00950113970491208,0.523,0.989374098798398
"ASV_23986",0.804916624904536,0.025361851298086,0.524,0.989374098798398
"ASV_24303",0.351101586158521,0.0112875647841243,0.537,0.989374098798398
"ASV_24325",0.312194792051545,0.00968255374894547,0.524,0.989374098798398
"ASV_25426",0.39799474364972,0.0127399297412394,0.531,0.989374098798398
"ASV_25835",0.586570778417169,0.0184130963499722,0.531,0.989374098798398
"ASV_26057",0.930272694934027,0.0295177325485667,0.538,0.989374098798398
"ASV_676",0.299428551589302,0.0097476078216241,0.539,0.989891466666667
"ASV_6194",0.67148969515755,0.0210922587868228,0.539,0.989891466666667
"ASV_6482",0.713597754795483,0.0225906929795559,0.539,0.989891466666667
"ASV_10442",1.06351883506147,0.0333929413497721,0.539,0.989891466666667
"ASV_20128",1.15627553267673,0.036007779394013,0.539,0.989891466666667
"ASV_6364",0.857973381970244,0.026922779924713,0.54,0.990407456724368
"ASV_7623",0.569205035208865,0.017722647956497,0.54,0.990407456724368
"ASV_9663",0.372653071139728,0.0115578080246491,0.54,0.990407456724368
"ASV_13211",0.145160071726827,0.00450686085717914,0.54,0.990407456724368
"ASV_20726",1.50365109530921,0.0460616149088252,0.54,0.990407456724368
"ASV_191",0.591717456310256,0.0173381530721151,0.541,0.990658601435788
"ASV_2254",0.546437407178048,0.0170151315046723,0.541,0.990658601435788
"ASV_10865",3.62881174409602,0.105133162969289,0.541,0.990658601435788
"ASV_12849",2.08648389915427,0.063115669320936,0.541,0.990658601435788
"ASV_13400",0.714733190722894,0.0224260002702875,0.541,0.990658601435788
"ASV_15005",0.661274828600019,0.0203869822398616,0.541,0.990658601435788
"ASV_153",1.80649532258526,0.0531884232625597,0.543,0.991091386554622
"ASV_344",1.74281010199516,0.0529545985261401,0.548,0.991091386554622
"ASV_345",0.946261585232294,0.0284977200883957,0.543,0.991091386554622
"ASV_350",0.59046240040324,0.0186307046341905,0.544,0.991091386554622
"ASV_509",0.338866274692828,0.0103601998504225,0.546,0.991091386554622
"ASV_763",0.356763195366895,0.0113792753294845,0.544,0.991091386554622
"ASV_882",0.795950794863734,0.0251628878915813,0.547,0.991091386554622
"ASV_944",1.92805870953003,0.0591015937471766,0.546,0.991091386554622
"ASV_1005",0.468960832739762,0.0130635021503802,0.547,0.991091386554622
"ASV_1077",0.975838680502867,0.0306237111519856,0.548,0.991091386554622
"ASV_1165",0.707896681041242,0.0226039709936241,0.546,0.991091386554622
"ASV_1659",0.949301268359886,0.029228759001945,0.547,0.991091386554622
"ASV_2187",1.34285220564877,0.0421198414984608,0.548,0.991091386554622
"ASV_2285",0.6195799874925,0.0193767648308448,0.543,0.991091386554622
"ASV_2445",1.19713553617504,0.036781200941213,0.543,0.991091386554622
"ASV_2475",1.1459298819573,0.0357919432326917,0.542,0.991091386554622
"ASV_2810",0.575515012008506,0.0185105364915713,0.543,0.991091386554622
"ASV_3156",1.80174116902996,0.0546904402795841,0.547,0.991091386554622
"ASV_3663",1.07407827979051,0.033072303455382,0.547,0.991091386554622
"ASV_3706",0.47131945159693,0.015799828781589,0.545,0.991091386554622
"ASV_3958",0.666629447246305,0.0214519791306496,0.547,0.991091386554622
"ASV_4026",0.657513522568011,0.0207354697096465,0.546,0.991091386554622
"ASV_4047",0.810787625592036,0.0250395218764157,0.545,0.991091386554622
"ASV_4323",1.9297060132644,0.0585937241659302,0.543,0.991091386554622
"ASV_5503",0.960636532517145,0.0304548415734517,0.545,0.991091386554622
"ASV_5946",1.4125152585353,0.042902532501102,0.545,0.991091386554622
"ASV_6199",0.523036535870464,0.0163767285249572,0.547,0.991091386554622
"ASV_6605",0.330675166931526,0.0106195211728522,0.545,0.991091386554622
"ASV_6739",0.564782635331696,0.0180050978934924,0.542,0.991091386554622
"ASV_7046",0.750022269372058,0.0236150694639283,0.547,0.991091386554622
"ASV_7107",1.4320787393565,0.0437404474895424,0.546,0.991091386554622
"ASV_7588",0.75213605350642,0.0239288798167441,0.546,0.991091386554622
"ASV_7628",1.00138077680057,0.0315384701078847,0.545,0.991091386554622
"ASV_9311",0.347252652585243,0.0108675755302119,0.548,0.991091386554622
"ASV_9678",0.837487648478779,0.0264841058020922,0.546,0.991091386554622
"ASV_10933",0.468226892977357,0.0148598261640405,0.542,0.991091386554622
"ASV_11115",0.139129772681,0.00448826245285408,0.546,0.991091386554622
"ASV_11210",1.74798107869217,0.0524482490578752,0.548,0.991091386554622
"ASV_11295",0.786893106206707,0.0247486917745765,0.543,0.991091386554622
"ASV_11336",0.466307821073444,0.0145455708264651,0.546,0.991091386554622
"ASV_11464",0.812644334439833,0.0262341992722099,0.546,0.991091386554622
"ASV_12447",1.54812506292669,0.0474348650104118,0.545,0.991091386554622
"ASV_13858",0.525509429497978,0.0175127862697516,0.542,0.991091386554622
"ASV_14329",0.367920181572353,0.0121055332582959,0.544,0.991091386554622
"ASV_15440",0.272570230064249,0.00832661494924219,0.548,0.991091386554622
"ASV_16532",0.978560815875998,0.0306436989838209,0.548,0.991091386554622
"ASV_23288",0.74246155004135,0.0233804471337716,0.548,0.991091386554622
"ASV_812",0.557929174833318,0.0180028140538196,0.549,0.991858079748164
"ASV_5684",0.425488390227739,0.0135379311454046,0.549,0.991858079748164
"ASV_9042",0.768557855126734,0.0239360608440065,0.549,0.991858079748164
"ASV_13985",1.0417603432072,0.0324969838479291,0.549,0.991858079748164
"ASV_563",0.753846372365197,0.0236359400321427,0.55,0.992103195390257
"ASV_1572",0.953869697195207,0.0298763448226833,0.55,0.992103195390257
"ASV_5793",1.2033806457898,0.0379945187573592,0.55,0.992103195390257
"ASV_5828",0.195578487829354,0.00600977938347777,0.55,0.992103195390257
"ASV_7010",1.45867647737679,0.0445050228827662,0.55,0.992103195390257
"ASV_12781",0.742303120665374,0.023318543440542,0.55,0.992103195390257
"ASV_88",3.34422641353762,0.0989868863266431,0.551,0.993109717868339
"ASV_494",0.709233628915345,0.0224047746449066,0.552,0.993109717868339
"ASV_2243",0.575119953800575,0.0186949864715652,0.552,0.993109717868339
"ASV_6095",0.69684658540241,0.0221823577648099,0.552,0.993109717868339
"ASV_7449",0.52661220249518,0.016741154355639,0.552,0.993109717868339
"ASV_7731",0.578289456533438,0.0184969640287662,0.551,0.993109717868339
"ASV_8820",0.506239150739708,0.0163392628797361,0.552,0.993109717868339
"ASV_10655",0.75492524878478,0.0234801306048491,0.552,0.993109717868339
"ASV_11983",1.35954236859757,0.0422464569701927,0.552,0.993109717868339
"ASV_27514",0.448045479720177,0.014449794823055,0.552,0.993109717868339
"ASV_160",0.609845578426343,0.019276715852213,0.565,0.993750125691302
"ASV_186",0.910071371071964,0.0279036241341912,0.571,0.993750125691302
"ASV_230",0.100606196126115,0.00368528921996186,0.556,0.993750125691302
"ASV_274",1.30899347224943,0.0408761794193734,0.573,0.993750125691302
"ASV_354",0.467443028047136,0.0151994122970348,0.574,0.993750125691302
"ASV_508",0.847010598898623,0.0277638146081467,0.564,0.993750125691302
"ASV_565",1.16787172475999,0.0361317023124648,0.567,0.993750125691302
"ASV_601",0.466706174880167,0.0147539816216438,0.565,0.993750125691302
"ASV_732",0.828230705806317,0.0262924572737526,0.567,0.993750125691302
"ASV_752",0.887741041506699,0.0278305755408439,0.569,0.993750125691302
"ASV_797",0.220158704787848,0.00721993156591321,0.559,0.993750125691302
"ASV_857",0.178163893132348,0.00577080594773722,0.555,0.993750125691302
"ASV_929",0.876814780648401,0.0274873924930744,0.562,0.993750125691302
"ASV_1104",1.08086496236602,0.0341409778678973,0.564,0.993750125691302
"ASV_1477",1.4539868597437,0.0450355881114937,0.563,0.993750125691302
"ASV_1646",1.13091520196406,0.0355118974008096,0.574,0.993750125691302
"ASV_1701",1.03403869408886,0.0312468769083247,0.556,0.993750125691302
"ASV_1759",0.649547301486823,0.0205864222516122,0.574,0.993750125691302
"ASV_1765",1.00514566477315,0.0316645440201745,0.557,0.993750125691302
"ASV_1859",0.709581941525253,0.0224107975198047,0.554,0.993750125691302
"ASV_1930",1.24662640478085,0.0385081265133169,0.557,0.993750125691302
"ASV_1979",0.425176534527156,0.0135289436252891,0.563,0.993750125691302
"ASV_2014",3.32799455729621,0.0969878324407659,0.567,0.993750125691302
"ASV_2027",0.958857364297062,0.0300936632586515,0.568,0.993750125691302
"ASV_2035",8.91479102164303,0.223385068952581,0.572,0.993750125691302
"ASV_2142",1.71909925945018,0.0528759680514291,0.573,0.993750125691302
"ASV_2307",0.409562543356743,0.0124248874604426,0.566,0.993750125691302
"ASV_2338",0.541513923510088,0.0174434792661989,0.561,0.993750125691302
"ASV_2649",0.562763496923781,0.0178293849608678,0.564,0.993750125691302
"ASV_2707",0.557274845026515,0.017212586384858,0.553,0.993750125691302
"ASV_2738",0.999101852130869,0.0311985796114357,0.554,0.993750125691302
"ASV_2789",0.573031328459857,0.0179962003462147,0.56,0.993750125691302
"ASV_2921",0.531222243715034,0.0168804322086111,0.56,0.993750125691302
"ASV_2955",0.684472984320391,0.021210853110791,0.553,0.993750125691302
"ASV_3019",1.48981285822625,0.0451839905658176,0.563,0.993750125691302
"ASV_3050",0.645562605224121,0.0204776042001132,0.571,0.993750125691302
"ASV_3482",0.843872568351921,0.0268361244181662,0.562,0.993750125691302
"ASV_3527",0.573374602668942,0.0184675587602758,0.574,0.993750125691302
"ASV_3529",0.715640429523406,0.0225682951261789,0.573,0.993750125691302
"ASV_3560",0.405371922790798,0.0124842236251344,0.57,0.993750125691302
"ASV_3613",1.1887517869108,0.0367346243521203,0.574,0.993750125691302
"ASV_3871",0.448917540473372,0.0143057905953143,0.553,0.993750125691302
"ASV_3898",0.624965845062892,0.0201563480793334,0.559,0.993750125691302
"ASV_4009",0.701008014615164,0.0222645866727122,0.573,0.993750125691302
"ASV_4134",0.836332242430841,0.0262904869311917,0.565,0.993750125691302
"ASV_4289",0.317560697677147,0.00984698619713974,0.556,0.993750125691302
"ASV_4307",0.263459346253144,0.008237900282751,0.56,0.993750125691302
"ASV_4376",0.508993990385745,0.0162414098693962,0.563,0.993750125691302
"ASV_4454",0.353737261037844,0.0112803078166972,0.566,0.993750125691302
"ASV_4515",0.211865193763994,0.007023163336823,0.571,0.993750125691302
"ASV_4573",0.701252031914783,0.0222909087394732,0.565,0.993750125691302
"ASV_4756",1.40173257234716,0.0430144223935049,0.573,0.993750125691302
"ASV_4794",0.675275835181345,0.0213359118687701,0.568,0.993750125691302
"ASV_4812",0.98798752442639,0.031039757146367,0.569,0.993750125691302
"ASV_4842",0.0537235424439997,0.00171621504728343,0.557,0.993750125691302
"ASV_5073",0.636367137384835,0.0201278894704132,0.565,0.993750125691302
"ASV_5124",0.220511216734328,0.00684380631472473,0.565,0.993750125691302
"ASV_5139",0.175647860875907,0.00570197227770697,0.562,0.993750125691302
"ASV_5276",0.57107117352523,0.0185141116517191,0.562,0.993750125691302
"ASV_5349",1.24138864734227,0.0389823863857518,0.565,0.993750125691302
"ASV_5447",0.402255900214272,0.0127912994755336,0.56,0.993750125691302
"ASV_5501",0.689507482481832,0.0219382973075832,0.57,0.993750125691302
"ASV_5570",0.468278536934795,0.0154886447677191,0.564,0.993750125691302
"ASV_5685",0.696143541125591,0.0226839937398797,0.556,0.993750125691302
"ASV_5852",0.383084919929915,0.0124761727438079,0.56,0.993750125691302
"ASV_5855",0.960691942590763,0.0302810960970992,0.574,0.993750125691302
"ASV_5986",0.26696343824033,0.00847016806016836,0.571,0.993750125691302
"ASV_6065",0.527709925362832,0.017039939009062,0.559,0.993750125691302
"ASV_6093",0.2459363754569,0.00779439301516266,0.574,0.993750125691302
"ASV_6212",0.807316455614288,0.0257038054517721,0.574,0.993750125691302
"ASV_6388",1.52896648031695,0.0467265457818998,0.557,0.993750125691302
"ASV_6467",0.915971043019796,0.029147758993183,0.56,0.993750125691302
"ASV_6474",0.136640573158924,0.00446894638826687,0.572,0.993750125691302
"ASV_6652",0.463656718767562,0.0146318474892082,0.563,0.993750125691302
"ASV_6911",0.463072590178443,0.0151553316251096,0.556,0.993750125691302
"ASV_7092",0.597953218091233,0.0192595274227433,0.564,0.993750125691302
"ASV_7149",1.84691161607439,0.0562039171882818,0.566,0.993750125691302
"ASV_7562",0.443279220694856,0.0144943044274624,0.571,0.993750125691302
"ASV_7607",0.699856078050553,0.0221952874256014,0.566,0.993750125691302
"ASV_7873",0.553310550453253,0.0173252705738512,0.563,0.993750125691302
"ASV_7926",1.63540245887312,0.0499487994332344,0.555,0.993750125691302
"ASV_8019",0.287880202176978,0.00934975644247154,0.555,0.993750125691302
"ASV_8307",1.04687828920324,0.0330435556992922,0.565,0.993750125691302
"ASV_8462",1.88076263605747,0.057277557374208,0.555,0.993750125691302
"ASV_8507",0.393692032926585,0.0127050964129274,0.559,0.993750125691302
"ASV_8702",0.73904358365692,0.0233020104215854,0.573,0.993750125691302
"ASV_8752",0.338734151544567,0.0107566971224917,0.559,0.993750125691302
"ASV_9034",0.559878066205398,0.0174893769441577,0.559,0.993750125691302
"ASV_9079",0.7752070620611,0.0245493537050106,0.558,0.993750125691302
"ASV_9116",0.590248652180153,0.0181410232669086,0.561,0.993750125691302
"ASV_9132",0.795118744802906,0.0246077114454332,0.565,0.993750125691302
"ASV_9310",1.20831780134847,0.0373767661874744,0.572,0.993750125691302
"ASV_9417",0.958855740266782,0.0306904644450077,0.562,0.993750125691302
"ASV_9788",1.65865018913953,0.0507868814673782,0.566,0.993750125691302
"ASV_9829",0.216768426019099,0.00700507870039601,0.562,0.993750125691302
"ASV_9859",0.533745196725849,0.0172736502851134,0.555,0.993750125691302
"ASV_9917",0.580512952210954,0.0181757598813522,0.555,0.993750125691302
"ASV_9944",0.555839716752281,0.0179242211139697,0.566,0.993750125691302
"ASV_10193",1.48293333559513,0.0461890895828491,0.572,0.993750125691302
"ASV_10214",2.28876852788907,0.0688951388141107,0.569,0.993750125691302
"ASV_10549",0.512897654751487,0.0164268667932121,0.568,0.993750125691302
"ASV_10625",0.546920365725022,0.0176611428236858,0.565,0.993750125691302
"ASV_10762",0.81833330506102,0.0256785613693539,0.568,0.993750125691302
"ASV_10766",0.28340206031378,0.00866226551794851,0.565,0.993750125691302
"ASV_10807",0.574706191685771,0.0186084995939348,0.57,0.993750125691302
"ASV_10863",0.721931718717746,0.0227535121031636,0.559,0.993750125691302
"ASV_10869",0.763366583911336,0.0240493154143241,0.568,0.993750125691302
"ASV_11009",0.836497005697874,0.0260528249915983,0.567,0.993750125691302
"ASV_11049",0.37138054284647,0.0117617170169273,0.572,0.993750125691302
"ASV_11213",0.60033939553131,0.0186031985381921,0.568,0.993750125691302
"ASV_11645",0.414205800119665,0.013185930300599,0.554,0.993750125691302
"ASV_12109",0.874109145469189,0.0274621203252257,0.554,0.993750125691302
"ASV_12646",0.791864024940369,0.0246972458299884,0.563,0.993750125691302
"ASV_12778",0.757501654946857,0.0237722612969262,0.567,0.993750125691302
"ASV_12835",0.354290217046851,0.0112469013476804,0.563,0.993750125691302
"ASV_12906",0.388819851104178,0.0123692485830807,0.556,0.993750125691302
"ASV_12916",0.559088494200847,0.0182559124831167,0.57,0.993750125691302
"ASV_12943",2.25099450925792,0.0676975014852922,0.567,0.993750125691302
"ASV_13080",0.948117165462283,0.0297439764757545,0.566,0.993750125691302
"ASV_13145",0.639612763442714,0.0202303445008709,0.571,0.993750125691302
"ASV_13276",0.447036530880136,0.013810001148521,0.572,0.993750125691302
"ASV_13319",0.781204300960173,0.0245392635013114,0.557,0.993750125691302
"ASV_13322",2.75449471656815,0.0820149146145892,0.568,0.993750125691302
"ASV_13446",0.33301662059503,0.0107229168700539,0.571,0.993750125691302
"ASV_13593",0.73278137440377,0.0231908209861875,0.553,0.993750125691302
"ASV_13670",0.683156304142014,0.0215047755340634,0.574,0.993750125691302
"ASV_13848",0.915852958750781,0.0287818333768374,0.568,0.993750125691302
"ASV_14480",0.231614450057446,0.00758608137144742,0.558,0.993750125691302
"ASV_14558",0.82086168847642,0.0259466838173755,0.568,0.993750125691302
"ASV_14581",0.773864005962709,0.0242190833874378,0.563,0.993750125691302
"ASV_14728",0.823279362895563,0.0256776468837135,0.558,0.993750125691302
"ASV_15225",0.872974357406722,0.0274509333624055,0.559,0.993750125691302
"ASV_15374",0.428185481754264,0.0133523959648262,0.568,0.993750125691302
"ASV_16095",0.196834115075791,0.00662372846862011,0.556,0.993750125691302
"ASV_16272",1.09734974641603,0.0348023633949696,0.554,0.993750125691302
"ASV_16273",0.27750734107751,0.00857090120177299,0.572,0.993750125691302
"ASV_16396",0.74769684339682,0.0235306251813818,0.558,0.993750125691302
"ASV_18503",1.65975199066173,0.0508302507475434,0.573,0.993750125691302
"ASV_18637",1.00135587190353,0.0312095382297743,0.563,0.993750125691302
"ASV_18871",0.732849123680903,0.0233396124688095,0.568,0.993750125691302
"ASV_18995",0.718652434697189,0.02267077116334,0.573,0.993750125691302
"ASV_19280",0.219342246799948,0.00702660830401558,0.569,0.993750125691302
"ASV_19396",1.26660835796737,0.039164437591883,0.561,0.993750125691302
"ASV_20139",0.271201782050686,0.00892587332889672,0.557,0.993750125691302
"ASV_20327",2.03541309183929,0.0614337374846729,0.573,0.993750125691302
"ASV_21034",0.724560240392247,0.023117478641988,0.57,0.993750125691302
"ASV_24938",0.750598247182499,0.0237439240764157,0.571,0.993750125691302
"ASV_27050",0.585165331428643,0.0190731757249557,0.57,0.993750125691302
"ASV_27540",1.47030474982658,0.0454413566781552,0.562,0.993750125691302
"ASV_27933",0.982972582824857,0.0307287307496036,0.56,0.993750125691302
"ASV_405",0.956999981973491,0.0291960363203459,0.575,0.993982178714859
"ASV_1317",1.61552632782926,0.0501481656224296,0.575,0.993982178714859
"ASV_1661",0.802111015149734,0.0249154682304336,0.575,0.993982178714859
"ASV_9610",0.0986618053981506,0.0033630532666889,0.575,0.993982178714859
"ASV_12874",1.20363379766377,0.0374366368111572,0.575,0.993982178714859
"ASV_22864",0.213911666439314,0.00688401289243995,0.575,0.993982178714859
"ASV_6231",0.747712421322982,0.0235812350797139,0.576,0.994213533834586
"ASV_6257",0.990720246296656,0.0309356794893972,0.576,0.994213533834586
"ASV_7391",0.37164602908003,0.0119433508311678,0.576,0.994213533834586
"ASV_10889",0.685533893702684,0.0215184818589036,0.576,0.994213533834586
"ASV_11976",1.92813339113962,0.0589194587480517,0.576,0.994213533834586
"ASV_15831",0.878097815678177,0.0273030160767296,0.576,0.994213533834586
"ASV_476",0.559009867896527,0.017529300519181,0.579,0.994297877591313
"ASV_527",0.209921547554373,0.00731851965828758,0.583,0.994297877591313
"ASV_661",0.381770155231245,0.0121136555330111,0.583,0.994297877591313
"ASV_672",0.624308006805488,0.0192078921480677,0.579,0.994297877591313
"ASV_734",0.413332102395019,0.0134205641755211,0.577,0.994297877591313
"ASV_742",0.25476436611551,0.00857662800196571,0.584,0.994297877591313
"ASV_1116",0.494145822823379,0.01567608612532,0.578,0.994297877591313
"ASV_1147",0.207242395905999,0.00637975104389834,0.584,0.994297877591313
"ASV_1344",1.00030571875007,0.0314418885890601,0.581,0.994297877591313
"ASV_1516",1.19288722748382,0.0362532151889356,0.582,0.994297877591313
"ASV_1623",0.586530658225771,0.0186985359886497,0.583,0.994297877591313
"ASV_1631",1.57968682697416,0.0481667227980386,0.58,0.994297877591313
"ASV_1638",1.3164472578464,0.0389702651120415,0.579,0.994297877591313
"ASV_1669",0.45716621674982,0.0146483159195006,0.577,0.994297877591313
"ASV_2227",0.85901863668153,0.0273508723677395,0.583,0.994297877591313
"ASV_2284",1.29060988152314,0.040164673959121,0.581,0.994297877591313
"ASV_2389",0.637295610062355,0.020207394514083,0.579,0.994297877591313
"ASV_2545",0.462561090185296,0.0145981766837816,0.58,0.994297877591313
"ASV_2845",0.343054391942888,0.0113339912123716,0.584,0.994297877591313
"ASV_2867",0.525824399672073,0.0160126485132565,0.577,0.994297877591313
"ASV_3048",0.680101964384607,0.0210734369971033,0.585,0.994297877591313
"ASV_3116",0.828650351149216,0.026561998372282,0.583,0.994297877591313
"ASV_3258",0.415537333603359,0.0128869408113823,0.58,0.994297877591313
"ASV_3776",1.05254212072497,0.0330909906230289,0.581,0.994297877591313
"ASV_4065",0.736869596875923,0.0232483092899406,0.582,0.994297877591313
"ASV_4270",0.236590518317646,0.00743007899860465,0.585,0.994297877591313
"ASV_4413",1.23136019854611,0.0382872610021217,0.585,0.994297877591313
"ASV_5158",0.660147665521799,0.0222293427993423,0.581,0.994297877591313
"ASV_5588",1.39578737908218,0.0426243126565143,0.577,0.994297877591313
"ASV_6030",0.67691362026075,0.0210987890269039,0.58,0.994297877591313
"ASV_7034",0.841847038697318,0.0263931112301881,0.585,0.994297877591313
"ASV_7709",0.911225653524853,0.0285103606060984,0.581,0.994297877591313
"ASV_7855",1.20373970669061,0.036994204872451,0.581,0.994297877591313
"ASV_7956",0.195194653294543,0.00625886321733133,0.583,0.994297877591313
"ASV_8106",0.377992373144906,0.0122901579740126,0.585,0.994297877591313
"ASV_8251",0.431634991976154,0.0133884322369015,0.582,0.994297877591313
"ASV_8433",0.59756414496403,0.0194055743203456,0.583,0.994297877591313
"ASV_8986",0.49468129765282,0.0157020788660472,0.581,0.994297877591313
"ASV_9241",0.815523643536938,0.0263085822091876,0.579,0.994297877591313
"ASV_9448",1.27703876979184,0.0394201873243193,0.578,0.994297877591313
"ASV_9474",1.28490158953051,0.0398569733714338,0.585,0.994297877591313
"ASV_10238",0.772548037292882,0.0245862877055444,0.58,0.994297877591313
"ASV_10984",0.661569969360203,0.020895741666381,0.58,0.994297877591313
"ASV_11056",0.560343766406992,0.017508713237385,0.585,0.994297877591313
"ASV_11495",0.921328962165307,0.0291738498366995,0.585,0.994297877591313
"ASV_12622",0.102249155890318,0.00313585120065653,0.578,0.994297877591313
"ASV_13296",0.714316587305614,0.0226388660191087,0.579,0.994297877591313
"ASV_13742",1.57765232754664,0.0479164539155788,0.583,0.994297877591313
"ASV_13831",0.31873650467529,0.0100467105476797,0.58,0.994297877591313
"ASV_13886",0.559716765504906,0.017621483292376,0.582,0.994297877591313
"ASV_15002",0.253359173304861,0.00818922796230605,0.584,0.994297877591313
"ASV_15143",0.880455244202617,0.0278519301099778,0.582,0.994297877591313
"ASV_15867",0.916549016950356,0.0288850690714304,0.582,0.994297877591313
"ASV_16585",0.493256823845913,0.0157921902718141,0.583,0.994297877591313
"ASV_16756",0.45323151886888,0.0137987067510714,0.584,0.994297877591313
"ASV_17323",1.32782569380203,0.0412726502842869,0.585,0.994297877591313
"ASV_18013",0.292259000121678,0.00931361699335817,0.578,0.994297877591313
"ASV_18118",0.896505869793662,0.0282506558215298,0.578,0.994297877591313
"ASV_19695",0.852584732135788,0.0268839352310068,0.58,0.994297877591313
"ASV_23286",1.11819612662706,0.0347752844804192,0.58,0.994297877591313
"ASV_24975",0.461349743070605,0.0148897886042073,0.577,0.994297877591313
"ASV_26178",0.917379310547201,0.0290292370522612,0.579,0.994297877591313
"ASV_3",0.18038406431671,0.00541244033924216,0.668,0.994640876853643
"ASV_4",0.142931547627671,0.00445079482768565,0.636,0.994640876853643
"ASV_24",0.357717993762458,0.0111213568498502,0.599,0.994640876853643
"ASV_26",0.154326681153857,0.00432292337851865,0.65,0.994640876853643
"ASV_105",0.316597421710441,0.0100679006955014,0.636,0.994640876853643
"ASV_147",0.730249073562432,0.0243852791352946,0.612,0.994640876853643
"ASV_162",0.0799384610153205,0.00247551694663472,0.602,0.994640876853643
"ASV_195",1.57389669545907,0.0469492696645576,0.593,0.994640876853643
"ASV_197",0.595168559580119,0.0186700157976497,0.664,0.994640876853643
"ASV_200",1.38516336581739,0.0440082792569124,0.667,0.994640876853643
"ASV_228",0.480213454231344,0.015489747632283,0.613,0.994640876853643
"ASV_246",0.132585824270255,0.0042028827375864,0.619,0.994640876853643
"ASV_289",0.339232551328241,0.0104555419144037,0.663,0.994640876853643
"ASV_314",0.87454032349065,0.027377144830207,0.633,0.994640876853643
"ASV_336",0.442872147470895,0.0139880673958442,0.6,0.994640876853643
"ASV_342",0.674861561661602,0.020538905659498,0.657,0.994640876853643
"ASV_361",1.25719678865843,0.0382758425504931,0.615,0.994640876853643
"ASV_376",2.84687035138653,0.0841711708379872,0.64,0.994640876853643
"ASV_384",0.246045336707343,0.00796847744774121,0.669,0.994640876853643
"ASV_385",0.487600196034346,0.0157142754128504,0.659,0.994640876853643
"ASV_407",1.6185904904488,0.049412632311513,0.624,0.994640876853643
"ASV_425",0.022370127366942,0.000738840660759752,0.637,0.994640876853643
"ASV_438",0.287377052595603,0.00918939485164047,0.665,0.994640876853643
"ASV_444",0.175852895439789,0.00453455169694313,0.632,0.994640876853643
"ASV_453",1.3829828977618,0.0425563216781891,0.662,0.994640876853643
"ASV_463",1.2271111421448,0.0380784814462809,0.637,0.994640876853643
"ASV_473",3.99576948999781,0.114501762022629,0.61,0.994640876853643
"ASV_490",0.368522109943996,0.0110952810056078,0.626,0.994640876853643
"ASV_587",0.532417077020921,0.0182506104010279,0.627,0.994640876853643
"ASV_590",0.444505487556655,0.0141775717046932,0.66,0.994640876853643
"ASV_632",0.406421359031575,0.0127413624995873,0.596,0.994640876853643
"ASV_656",0.363064757959264,0.0120746186295353,0.659,0.994640876853643
"ASV_665",0.194604563809816,0.00724487849446704,0.64,0.994640876853643
"ASV_674",0.44842726333137,0.0141352098975699,0.639,0.994640876853643
"ASV_678",0.294190755375129,0.0108335486955139,0.659,0.994640876853643
"ASV_684",0.452922714876587,0.014372700783333,0.612,0.994640876853643
"ASV_706",0.525353852428125,0.0164288572907717,0.622,0.994640876853643
"ASV_708",1.12652228969385,0.0357819552025689,0.618,0.994640876853643
"ASV_725",0.257356866654707,0.00848952989822379,0.632,0.994640876853643
"ASV_769",1.193814204642,0.0372636441644862,0.651,0.994640876853643
"ASV_794",1.27365191120657,0.0397248003277434,0.609,0.994640876853643
"ASV_819",0.5805272624547,0.0184715240284077,0.664,0.994640876853643
"ASV_823",0.409980591057783,0.0131682757664874,0.588,0.994640876853643
"ASV_825",0.589650796234475,0.0193462296311831,0.662,0.994640876853643
"ASV_829",0.920359000859187,0.028477345171035,0.643,0.994640876853643
"ASV_887",0.484969476772857,0.0153114029423364,0.656,0.994640876853643
"ASV_896",0.493821394475033,0.0157216883530588,0.647,0.994640876853643
"ASV_906",0.634567824127511,0.0201878002552503,0.672,0.994640876853643
"ASV_937",0.431209041404685,0.012862065949305,0.626,0.994640876853643
"ASV_970",1.09281014672154,0.0341933253091025,0.671,0.994640876853643
"ASV_1000",0.840310786388772,0.0255157562398673,0.633,0.994640876853643
"ASV_1009",0.95141268818902,0.0296485916864969,0.671,0.994640876853643
"ASV_1013",0.16019445788299,0.00570817077632156,0.64,0.994640876853643
"ASV_1019",0.47916457412464,0.0151400198649188,0.614,0.994640876853643
"ASV_1083",0.132160304774213,0.00469102507627661,0.605,0.994640876853643
"ASV_1084",0.338143851848903,0.0107947229544901,0.634,0.994640876853643
"ASV_1091",0.932304787426434,0.0292820216990905,0.672,0.994640876853643
"ASV_1098",1.0807659577508,0.0325702646526836,0.594,0.994640876853643
"ASV_1115",0.45330569344179,0.014175089634866,0.626,0.994640876853643
"ASV_1124",0.265754880651076,0.00809864264813488,0.66,0.994640876853643
"ASV_1130",0.45886772281611,0.0147914982108071,0.602,0.994640876853643
"ASV_1284",0.769052499218016,0.0240646399697982,0.603,0.994640876853643
"ASV_1300",0.372561487071156,0.011923085578697,0.598,0.994640876853643
"ASV_1321",1.92526894092165,0.0590075862183989,0.667,0.994640876853643
"ASV_1360",0.75845006605771,0.024530045793576,0.645,0.994640876853643
"ASV_1378",0.612979714592453,0.0195571449723741,0.594,0.994640876853643
"ASV_1397",0.662815049258124,0.0215267750179653,0.589,0.994640876853643
"ASV_1418",0.815269186943238,0.0259591260774364,0.661,0.994640876853643
"ASV_1422",0.122353835391072,0.00414474297213245,0.656,0.994640876853643
"ASV_1427",1.08539647551393,0.0337630044869946,0.629,0.994640876853643
"ASV_1435",0.385876778593136,0.0120552654334131,0.631,0.994640876853643
"ASV_1436",1.02567119732528,0.0315793500228566,0.615,0.994640876853643
"ASV_1441",0.19080451504715,0.00664622416450554,0.593,0.994640876853643
"ASV_1459",0.223005013671113,0.00681097445687803,0.593,0.994640876853643
"ASV_1460",0.206309453268315,0.00667485632420384,0.668,0.994640876853643
"ASV_1461",0.791022269961504,0.02503469370661,0.594,0.994640876853643
"ASV_1475",0.484819698406951,0.0141463465000456,0.631,0.994640876853643
"ASV_1496",0.855180249652142,0.026373292565419,0.594,0.994640876853643
"ASV_1497",0.160389593902913,0.00434490170665927,0.663,0.994640876853643
"ASV_1502",0.375501671191195,0.0116465003559033,0.603,0.994640876853643
"ASV_1504",0.486035066537844,0.0155038504825369,0.652,0.994640876853643
"ASV_1524",0.904539913330336,0.0282429510088048,0.608,0.994640876853643
"ASV_1533",0.276853070299745,0.00889368549349655,0.594,0.994640876853643
"ASV_1538",0.618386076649915,0.0196898105803464,0.66,0.994640876853643
"ASV_1539",0.92382013451045,0.0287614285497238,0.596,0.994640876853643
"ASV_1554",0.470641893693816,0.0149432957611009,0.609,0.994640876853643
"ASV_1582",0.889539137153013,0.0278374349180152,0.666,0.994640876853643
"ASV_1595",0.460094468204212,0.0143667902308349,0.611,0.994640876853643
"ASV_1597",0.942149765207159,0.0292506012277251,0.604,0.994640876853643
"ASV_1702",0.784581918694682,0.0247884141583219,0.622,0.994640876853643
"ASV_1712",0.545801974109912,0.0171798150961935,0.598,0.994640876853643
"ASV_1714",0.61975146102215,0.0193958289242191,0.655,0.994640876853643
"ASV_1756",0.907418217510893,0.0283284794161465,0.612,0.994640876853643
"ASV_1788",0.691166503449843,0.0219097487135559,0.597,0.994640876853643
"ASV_1790",0.959788977901296,0.0298870150409102,0.648,0.994640876853643
"ASV_1795",0.654704524748984,0.0203066970539244,0.619,0.994640876853643
"ASV_1820",0.433250917875696,0.0142427469552551,0.626,0.994640876853643
"ASV_1851",0.437924893093793,0.0134174443989132,0.634,0.994640876853643
"ASV_1873",1.9758875549299,0.060383850952334,0.591,0.994640876853643
"ASV_1916",0.899163638240631,0.02836940072474,0.661,0.994640876853643
"ASV_1924",1.1575545013721,0.035634328775224,0.642,0.994640876853643
"ASV_1978",0.527239606341195,0.0168049842361008,0.655,0.994640876853643
"ASV_2026",1.60422976038541,0.0499227598763086,0.668,0.994640876853643
"ASV_2047",0.892241529170441,0.0281054597261795,0.598,0.994640876853643
"ASV_2049",1.60525106639553,0.0488610316726,0.607,0.994640876853643
"ASV_2067",0.738467666855703,0.0234061856214206,0.59,0.994640876853643
"ASV_2081",0.592137518295361,0.0185804520284865,0.648,0.994640876853643
"ASV_2091",0.912853532990941,0.0288649867807375,0.589,0.994640876853643
"ASV_2093",3.72495401841873,0.107672336024609,0.593,0.994640876853643
"ASV_2094",0.220152231008059,0.00710968625161669,0.672,0.994640876853643
"ASV_2106",0.620929319347322,0.0202593962266335,0.602,0.994640876853643
"ASV_2132",0.941046817068797,0.0286506239381353,0.671,0.994640876853643
"ASV_2157",0.591789570618806,0.0188159851569177,0.619,0.994640876853643
"ASV_2199",0.246842038096397,0.00877133816682904,0.652,0.994640876853643
"ASV_2226",2.16119978383089,0.0652389439987829,0.631,0.994640876853643
"ASV_2232",0.346479014081976,0.0106459348978342,0.657,0.994640876853643
"ASV_2239",0.288621752137551,0.00965036423378433,0.639,0.994640876853643
"ASV_2252",0.40466856954867,0.012849986182846,0.654,0.994640876853643
"ASV_2322",0.573914244187154,0.0183164702167165,0.623,0.994640876853643
"ASV_2340",1.42089509392557,0.0431483383790909,0.602,0.994640876853643
"ASV_2343",0.646464283022903,0.0193871074591424,0.612,0.994640876853643
"ASV_2381",0.494863149695808,0.0156366838232401,0.612,0.994640876853643
"ASV_2398",0.580459403635636,0.0182026948808092,0.644,0.994640876853643
"ASV_2414",3.39304334864894,0.0989262960185432,0.598,0.994640876853643
"ASV_2431",0.120148647751901,0.00398439857006488,0.636,0.994640876853643
"ASV_2481",0.65689659391663,0.0211204506558559,0.654,0.994640876853643
"ASV_2510",0.270766365043316,0.00855050701800328,0.627,0.994640876853643
"ASV_2513",0.546614794837657,0.0170655804905875,0.593,0.994640876853643
"ASV_2532",0.468525582568968,0.0158358486335568,0.636,0.994640876853643
"ASV_2550",0.186852038609391,0.00665082225222443,0.597,0.994640876853643
"ASV_2551",0.195649601790046,0.00627145935040661,0.631,0.994640876853643
"ASV_2591",0.476720790395282,0.015279049114305,0.596,0.994640876853643
"ASV_2613",0.898355278965369,0.0282055403156073,0.652,0.994640876853643
"ASV_2648",0.725978644799317,0.0231787326828512,0.639,0.994640876853643
"ASV_2664",0.639231714750411,0.0202609447630456,0.597,0.994640876853643
"ASV_2681",0.311131536954834,0.00993286363231822,0.619,0.994640876853643
"ASV_2682",0.700679305045076,0.0219781391862193,0.628,0.994640876853643
"ASV_2690",0.463385351818698,0.0144951939121404,0.587,0.994640876853643
"ASV_2710",0.370739396151955,0.0118164168967679,0.63,0.994640876853643
"ASV_2715",0.884299530642189,0.027848111211775,0.637,0.994640876853643
"ASV_2727",0.710032391638503,0.0227829485807604,0.595,0.994640876853643
"ASV_2728",0.405906345373678,0.0129437165232586,0.666,0.994640876853643
"ASV_2729",0.394433865062526,0.0128806479445996,0.637,0.994640876853643
"ASV_2760",1.54080605589639,0.0475753023982457,0.654,0.994640876853643
"ASV_2762",0.490570475907364,0.0154527371628673,0.661,0.994640876853643
"ASV_2788",1.5702217411782,0.0479281535203842,0.669,0.994640876853643
"ASV_2796",0.347191819568504,0.0111302098557876,0.657,0.994640876853643
"ASV_2797",0.430802540782589,0.0135836776681794,0.589,0.994640876853643
"ASV_2823",0.26722539502758,0.00835820739016299,0.601,0.994640876853643
"ASV_2831",1.30725988044449,0.0402204119543629,0.665,0.994640876853643
"ASV_2838",0.483395288565329,0.0154945413789772,0.669,0.994640876853643
"ASV_2908",0.255111237206006,0.00845265877150817,0.616,0.994640876853643
"ASV_2936",2.81080029906015,0.0829640776852229,0.661,0.994640876853643
"ASV_2969",0.107821584532903,0.00315909641102293,0.634,0.994640876853643
"ASV_2983",0.095086891888673,0.00326956938073844,0.635,0.994640876853643
"ASV_3066",0.28025642585675,0.0087817949935811,0.635,0.994640876853643
"ASV_3093",0.214295269634623,0.00717372747797917,0.607,0.994640876853643
"ASV_3108",0.245652798224027,0.0074976457135063,0.64,0.994640876853643
"ASV_3113",0.525650329446083,0.0164135167456916,0.601,0.994640876853643
"ASV_3153",0.552763455141296,0.0175454625141059,0.632,0.994640876853643
"ASV_3166",0.227007624628615,0.00731668328131684,0.649,0.994640876853643
"ASV_3167",0.26766940659842,0.00853874222842982,0.622,0.994640876853643
"ASV_3325",1.93978410611574,0.0588915987994384,0.631,0.994640876853643
"ASV_3358",0.932915588421033,0.0288247129399439,0.611,0.994640876853643
"ASV_3386",0.638549928212166,0.0202496834983048,0.636,0.994640876853643
"ASV_3390",0.554156420715319,0.0174107588246517,0.668,0.994640876853643
"ASV_3410",0.341420625890691,0.0109459115691481,0.646,0.994640876853643
"ASV_3419",0.639406056808722,0.0197736742979425,0.634,0.994640876853643
"ASV_3447",0.50299860533004,0.0158224583172304,0.661,0.994640876853643
"ASV_3453",0.570033222745204,0.018172739837078,0.672,0.994640876853643
"ASV_3464",1.11029837419598,0.0348230645918225,0.629,0.994640876853643
"ASV_3493",2.54042973360004,0.0757727543450112,0.604,0.994640876853643
"ASV_3579",0.95818151498304,0.029785460797645,0.63,0.994640876853643
"ASV_3590",0.414305062142996,0.0136298621952702,0.588,0.994640876853643
"ASV_3595",0.773303336564068,0.0240960754905376,0.66,0.994640876853643
"ASV_3596",0.30782604353277,0.0103548178918336,0.661,0.994640876853643
"ASV_3599",0.323015975321307,0.0103595868537466,0.634,0.994640876853643
"ASV_3605",0.283217184414748,0.00892674846479542,0.662,0.994640876853643
"ASV_3673",0.308537889937156,0.00990194781018556,0.639,0.994640876853643
"ASV_3678",0.453190095233847,0.015057152753183,0.619,0.994640876853643
"ASV_3699",0.585239563386251,0.0184324145006213,0.665,0.994640876853643
"ASV_3745",1.89738570248679,0.0580039391557875,0.621,0.994640876853643
"ASV_3754",1.02285481868525,0.0307169639961439,0.666,0.994640876853643
"ASV_3755",0.267300709758101,0.00854665901434131,0.659,0.994640876853643
"ASV_3789",1.18286942004631,0.0368009116997257,0.639,0.994640876853643
"ASV_3800",0.467620499622631,0.0154574378924267,0.649,0.994640876853643
"ASV_3839",0.422814104493848,0.0132881845548811,0.63,0.994640876853643
"ASV_3938",0.278887432612623,0.00871214251861688,0.659,0.994640876853643
"ASV_3947",2.22652538682665,0.0672999528902563,0.658,0.994640876853643
"ASV_3990",0.289200302101504,0.0096459354991296,0.603,0.994640876853643
"ASV_3997",0.565631434158987,0.0179127068359692,0.647,0.994640876853643
"ASV_4015",1.91916763374468,0.0584331595840074,0.65,0.994640876853643
"ASV_4084",0.281194878766532,0.00894632220370245,0.597,0.994640876853643
"ASV_4109",0.670898633224387,0.0212407697274103,0.605,0.994640876853643
"ASV_4130",0.854518764467415,0.0270394310300715,0.64,0.994640876853643
"ASV_4131",0.530883882591918,0.0162481111525867,0.65,0.994640876853643
"ASV_4149",0.286150634101597,0.00921530270694738,0.608,0.994640876853643
"ASV_4170",1.06619800120192,0.0334748738617581,0.656,0.994640876853643
"ASV_4216",0.663324591737575,0.0210171112478786,0.612,0.994640876853643
"ASV_4221",0.900564310538762,0.0281683796351712,0.643,0.994640876853643
"ASV_4230",0.156849429838084,0.00534005810291906,0.606,0.994640876853643
"ASV_4246",1.75086125766804,0.0534417429469767,0.663,0.994640876853643
"ASV_4261",1.14293912317241,0.0354813379790879,0.642,0.994640876853643
"ASV_4271",0.229638387742049,0.0075363028100662,0.656,0.994640876853643
"ASV_4292",0.884228652624703,0.0274303616041488,0.605,0.994640876853643
"ASV_4322",0.629220229449554,0.0201143403528895,0.623,0.994640876853643
"ASV_4331",2.26685516508104,0.0678763477471083,0.622,0.994640876853643
"ASV_4362",0.6377203302423,0.0201299631008184,0.655,0.994640876853643
"ASV_4384",1.56918420803543,0.0481678366307787,0.62,0.994640876853643
"ASV_4419",1.03933927392601,0.0317114112647113,0.614,0.994640876853643
"ASV_4570",1.28791030597643,0.0405776454108146,0.637,0.994640876853643
"ASV_4579",2.30323165018739,0.0700901112093235,0.609,0.994640876853643
"ASV_4589",1.19334617874103,0.0367745885512304,0.608,0.994640876853643
"ASV_4595",0.374263097270247,0.0110658844956134,0.653,0.994640876853643
"ASV_4697",0.356979020981057,0.0113999693759123,0.596,0.994640876853643
"ASV_4730",0.429850323496157,0.0140632214592989,0.621,0.994640876853643
"ASV_4736",0.297288623460555,0.00954493005913016,0.669,0.994640876853643
"ASV_4758",0.533770963425076,0.0165922704126552,0.664,0.994640876853643
"ASV_4767",0.504571912678097,0.0165315157164655,0.644,0.994640876853643
"ASV_4772",2.20058733052197,0.0651648374295051,0.663,0.994640876853643
"ASV_4775",1.85636745244938,0.0569711647371202,0.647,0.994640876853643
"ASV_4801",0.607349195975155,0.0191945496661715,0.662,0.994640876853643
"ASV_4817",0.304145295688411,0.00997005569479505,0.653,0.994640876853643
"ASV_4864",0.829062022726263,0.0259753504493564,0.607,0.994640876853643
"ASV_4890",0.376656676586163,0.012582906726686,0.659,0.994640876853643
"ASV_4897",0.435328390752676,0.0136432232074512,0.605,0.994640876853643
"ASV_4921",0.457527271227839,0.0144935316594738,0.647,0.994640876853643
"ASV_4937",1.39855046905493,0.0437689592752164,0.617,0.994640876853643
"ASV_4960",0.191038278682132,0.00652495910688076,0.652,0.994640876853643
"ASV_4971",0.715395644618649,0.023129360900707,0.589,0.994640876853643
"ASV_5009",0.612455034038505,0.0198584882162293,0.632,0.994640876853643
"ASV_5024",0.727339733273305,0.0235118412685154,0.65,0.994640876853643
"ASV_5025",0.736124581255853,0.0237755885452027,0.625,0.994640876853643
"ASV_5102",0.219358942859353,0.00700444428965537,0.638,0.994640876853643
"ASV_5111",0.437299884495467,0.0140574613641279,0.66,0.994640876853643
"ASV_5156",0.189193219097078,0.00614754552791757,0.646,0.994640876853643
"ASV_5228",0.350924925417612,0.0108083311781356,0.602,0.994640876853643
"ASV_5265",0.941874995641323,0.0299753323422639,0.625,0.994640876853643
"ASV_5268",0.718577605595145,0.0219264122314405,0.622,0.994640876853643
"ASV_5292",0.550591042249665,0.0173963802665546,0.671,0.994640876853643
"ASV_5298",1.14598684746179,0.0357690098127743,0.594,0.994640876853643
"ASV_5322",0.400809851415037,0.0128131494810341,0.6,0.994640876853643
"ASV_5400",0.469694293735115,0.0146977688626067,0.619,0.994640876853643
"ASV_5408",0.605376200780166,0.0191755351414182,0.631,0.994640876853643
"ASV_5421",0.206302500629704,0.0066303786370162,0.641,0.994640876853643
"ASV_5505",0.348135996398659,0.0112992604271075,0.598,0.994640876853643
"ASV_5535",2.35989278882056,0.0705537699786718,0.628,0.994640876853643
"ASV_5571",0.626824700932481,0.0195078521586138,0.592,0.994640876853643
"ASV_5579",0.577720117047071,0.0183682778782088,0.59,0.994640876853643
"ASV_5581",0.775777484154693,0.0241868949961719,0.624,0.994640876853643
"ASV_5582",0.475190618774737,0.0143850979410688,0.651,0.994640876853643
"ASV_5584",2.11984693756691,0.0645359966238363,0.642,0.994640876853643
"ASV_5664",1.05882881966253,0.0330550731674263,0.641,0.994640876853643
"ASV_5701",0.18319274300353,0.00574881617109856,0.659,0.994640876853643
"ASV_5773",0.715203345595217,0.0219709115732256,0.638,0.994640876853643
"ASV_5808",0.474049779331452,0.0147685059425491,0.617,0.994640876853643
"ASV_5810",0.374858527938958,0.0118467215654836,0.605,0.994640876853643
"ASV_5856",1.47154443379273,0.0452522462177523,0.599,0.994640876853643
"ASV_5898",0.33416086565818,0.010380613178062,0.645,0.994640876853643
"ASV_5919",0.946736807240633,0.0296084791170346,0.637,0.994640876853643
"ASV_5941",2.63970829387967,0.0786783407383812,0.593,0.994640876853643
"ASV_5970",0.665875842704309,0.020797492686298,0.667,0.994640876853643
"ASV_5981",0.303842026943032,0.00917022330726996,0.67,0.994640876853643
"ASV_5996",0.655691490826724,0.021262778803673,0.615,0.994640876853643
"ASV_6014",0.294705806884358,0.0098309125780761,0.645,0.994640876853643
"ASV_6040",0.449667182479379,0.0142826166679024,0.664,0.994640876853643
"ASV_6092",0.703980163230778,0.0226916015817992,0.653,0.994640876853643
"ASV_6106",0.849714455311081,0.0276329312864685,0.606,0.994640876853643
"ASV_6109",0.600515100758818,0.0188101388860251,0.604,0.994640876853643
"ASV_6133",0.674512206670587,0.0214887622269846,0.617,0.994640876853643
"ASV_6143",0.456613946654275,0.0145881975791297,0.663,0.994640876853643
"ASV_6148",0.593246356876053,0.0182721353637864,0.651,0.994640876853643
"ASV_6245",0.405058631557792,0.0131465606787932,0.662,0.994640876853643
"ASV_6256",1.10152167367628,0.0343139465225432,0.628,0.994640876853643
"ASV_6293",0.584983140419923,0.0187299841056034,0.609,0.994640876853643
"ASV_6390",1.36485995139922,0.0422849305635206,0.615,0.994640876853643
"ASV_6401",0.343156096079147,0.0109535068963512,0.656,0.994640876853643
"ASV_6416",0.367014574706209,0.0115450956699986,0.589,0.994640876853643
"ASV_6463",1.57776205489392,0.0477925926448472,0.602,0.994640876853643
"ASV_6503",0.419973778203461,0.0133626010975385,0.671,0.994640876853643
"ASV_6523",0.267374401393782,0.00816277258018019,0.658,0.994640876853643
"ASV_6559",0.756524369666521,0.0240290326361109,0.654,0.994640876853643
"ASV_6589",0.616112757969031,0.0201473466724987,0.634,0.994640876853643
"ASV_6598",0.72301658064168,0.0226723895895379,0.62,0.994640876853643
"ASV_6599",0.489766407850631,0.015866337821012,0.649,0.994640876853643
"ASV_6645",3.54441662083576,0.10290268595542,0.629,0.994640876853643
"ASV_6663",0.318329093185522,0.0102963029491421,0.636,0.994640876853643
"ASV_6677",0.979353079943966,0.0309450273461738,0.586,0.994640876853643
"ASV_6681",2.59522845709908,0.0774809245640533,0.643,0.994640876853643
"ASV_6771",0.335082315051522,0.0101387033001173,0.671,0.994640876853643
"ASV_6774",0.884391479400681,0.0276431762360347,0.6,0.994640876853643
"ASV_6820",0.52327748162587,0.0164501722131592,0.598,0.994640876853643
"ASV_6887",0.303431468077768,0.0100561585114761,0.659,0.994640876853643
"ASV_6893",0.403107835199319,0.0129429803595525,0.636,0.994640876853643
"ASV_6905",0.430465661344949,0.0141295368922736,0.642,0.994640876853643
"ASV_6906",0.790429477784803,0.0244369749806175,0.645,0.994640876853643
"ASV_6924",0.546421623899983,0.0171436190400963,0.634,0.994640876853643
"ASV_6953",1.37650590379479,0.0423414100410255,0.634,0.994640876853643
"ASV_7038",0.194810243495186,0.00611617961098604,0.665,0.994640876853643
"ASV_7040",0.708000422311387,0.0220694005995693,0.652,0.994640876853643
"ASV_7058",0.267558904036361,0.0085763104364367,0.617,0.994640876853643
"ASV_7205",0.497894352267759,0.0158053160331888,0.596,0.994640876853643
"ASV_7207",1.45314438164408,0.0442569170881483,0.661,0.994640876853643
"ASV_7243",0.245649589855514,0.00837901445237201,0.643,0.994640876853643
"ASV_7266",0.135148050451531,0.00440822266975245,0.672,0.994640876853643
"ASV_7298",0.566017449796692,0.0175697826302257,0.622,0.994640876853643
"ASV_7353",0.825096592965051,0.0259164226214386,0.634,0.994640876853643
"ASV_7390",0.422283916228716,0.0133797518680504,0.658,0.994640876853643
"ASV_7480",1.67654760483494,0.0517877356221867,0.652,0.994640876853643
"ASV_7589",0.842545314379757,0.0265727993998881,0.597,0.994640876853643
"ASV_7665",0.414537400772962,0.012940150557546,0.657,0.994640876853643
"ASV_7666",1.80524376385642,0.0547488735693199,0.643,0.994640876853643
"ASV_7704",0.604243161016006,0.0191960292071234,0.655,0.994640876853643
"ASV_7716",1.12714820079218,0.0352433754151202,0.639,0.994640876853643
"ASV_7746",1.65539678478438,0.0510459434001757,0.671,0.994640876853643
"ASV_7797",0.312377777661427,0.00994244810323185,0.637,0.994640876853643
"ASV_7813",0.13380070431807,0.0046508295199073,0.627,0.994640876853643
"ASV_7867",1.90893172907457,0.0579893625630669,0.608,0.994640876853643
"ASV_7893",0.579799929579104,0.0187243945035197,0.653,0.994640876853643
"ASV_7923",0.449643566533847,0.0138620464230736,0.662,0.994640876853643
"ASV_7966",0.399490020652567,0.0126769477454686,0.668,0.994640876853643
"ASV_7981",0.186450170502799,0.00616589659892865,0.613,0.994640876853643
"ASV_8021",0.863384985410814,0.027077051823254,0.635,0.994640876853643
"ASV_8036",0.30901917076938,0.00969903099054885,0.66,0.994640876853643
"ASV_8037",0.527761335459267,0.0167634354885848,0.644,0.994640876853643
"ASV_8134",0.561316524638175,0.0180693906953445,0.625,0.994640876853643
"ASV_8205",0.278059511794364,0.00866285747503956,0.666,0.994640876853643
"ASV_8227",0.36912047697582,0.0118226881799859,0.593,0.994640876853643
"ASV_8249",0.829806209883031,0.0258314728340863,0.644,0.994640876853643
"ASV_8288",1.36989688418809,0.0428116204322276,0.66,0.994640876853643
"ASV_8295",1.45186004048682,0.0440300911975189,0.619,0.994640876853643
"ASV_8382",0.661640061457106,0.0209078577529428,0.611,0.994640876853643
"ASV_8506",0.756182183807462,0.0234765258603979,0.6,0.994640876853643
"ASV_8524",1.2502817600435,0.0385365474353966,0.608,0.994640876853643
"ASV_8626",0.898662409412392,0.0287216142661767,0.648,0.994640876853643
"ASV_8643",1.02833349208823,0.0321352903657357,0.613,0.994640876853643
"ASV_8751",0.198518501910894,0.00643122839378979,0.667,0.994640876853643
"ASV_8772",0.484262805248926,0.0155771936071017,0.643,0.994640876853643
"ASV_8832",0.47470701877565,0.0151371043061565,0.64,0.994640876853643
"ASV_8842",0.490429685784289,0.0155091889586209,0.662,0.994640876853643
"ASV_8936",0.67112877898114,0.0212013623847551,0.595,0.994640876853643
"ASV_8949",0.274481185629985,0.00875810273811482,0.614,0.994640876853643
"ASV_8973",0.302503308016073,0.00965388514841831,0.598,0.994640876853643
"ASV_8989",0.750115200498293,0.023673539598691,0.623,0.994640876853643
"ASV_9006",1.96756215821336,0.0592341458173494,0.647,0.994640876853643
"ASV_9023",0.412115281951867,0.0127876800729592,0.659,0.994640876853643
"ASV_9054",0.430727661559904,0.0139364670497408,0.612,0.994640876853643
"ASV_9146",0.521870064206181,0.0164840973335693,0.62,0.994640876853643
"ASV_9148",0.315438740490837,0.0100877388008895,0.666,0.994640876853643
"ASV_9248",0.60169977920071,0.0191670857428897,0.64,0.994640876853643
"ASV_9253",0.535062759536746,0.0165204661183908,0.662,0.994640876853643
"ASV_9305",0.402934342338655,0.0129548106959347,0.593,0.994640876853643
"ASV_9307",0.417670079736058,0.0129210156154254,0.657,0.994640876853643
"ASV_9350",0.386049437064653,0.0122028374094738,0.624,0.994640876853643
"ASV_9351",0.538478379295254,0.0169729585593204,0.599,0.994640876853643
"ASV_9385",0.497245688248734,0.0158550540584342,0.605,0.994640876853643
"ASV_9392",0.704984252114055,0.0221196601104903,0.597,0.994640876853643
"ASV_9406",1.06818088871829,0.0332070297926143,0.613,0.994640876853643
"ASV_9471",1.27922146573189,0.0400860018973947,0.625,0.994640876853643
"ASV_9516",0.288499276955221,0.00971986259935517,0.623,0.994640876853643
"ASV_9591",0.232917607731636,0.0075105089074362,0.616,0.994640876853643
"ASV_9652",0.296339975919475,0.0094054843798605,0.644,0.994640876853643
"ASV_9672",0.0695495374982626,0.00226571363999658,0.601,0.994640876853643
"ASV_9677",0.740846358100228,0.0230594963274637,0.619,0.994640876853643
"ASV_9759",0.440379829515067,0.0141740810338034,0.635,0.994640876853643
"ASV_9799",0.534143752200413,0.0167710697067921,0.639,0.994640876853643
"ASV_9816",0.863740401457295,0.0268194553475821,0.607,0.994640876853643
"ASV_9867",0.317422666663806,0.00996203716510721,0.631,0.994640876853643
"ASV_9877",1.68083118020919,0.0516786997562315,0.624,0.994640876853643
"ASV_9906",0.385105980583882,0.0124473995478098,0.592,0.994640876853643
"ASV_9981",0.109477994616008,0.00355497538284271,0.668,0.994640876853643
"ASV_10078",0.968012234830725,0.0302587163501999,0.593,0.994640876853643
"ASV_10090",0.112556776597909,0.00344061059109781,0.62,0.994640876853643
"ASV_10119",0.609447012982086,0.0193446560176614,0.649,0.994640876853643
"ASV_10138",0.262649756066793,0.00834932458883186,0.592,0.994640876853643
"ASV_10161",1.05664151748389,0.03292372955075,0.619,0.994640876853643
"ASV_10181",0.566274880703402,0.0178895915111663,0.633,0.994640876853643
"ASV_10196",0.335542135696105,0.0106715346570721,0.605,0.994640876853643
"ASV_10239",0.911534291347289,0.0282354399348896,0.646,0.994640876853643
"ASV_10295",0.76260261717293,0.0238812120610579,0.63,0.994640876853643
"ASV_10389",0.670013248899007,0.0212442870995969,0.591,0.994640876853643
"ASV_10392",4.17229295236643,0.118536828129813,0.671,0.994640876853643
"ASV_10412",0.560606362218843,0.018197432175059,0.595,0.994640876853643
"ASV_10441",0.0838510621533326,0.00276127470526706,0.612,0.994640876853643
"ASV_10473",1.33725445663945,0.0414776298243622,0.651,0.994640876853643
"ASV_10478",0.57582271707591,0.018100433945792,0.636,0.994640876853643
"ASV_10551",0.386426933722277,0.01236862621479,0.619,0.994640876853643
"ASV_10581",0.655829842854132,0.0205335736106993,0.65,0.994640876853643
"ASV_10584",0.374685312280417,0.0118811873242236,0.644,0.994640876853643
"ASV_10648",0.298672626941008,0.00937457173760036,0.588,0.994640876853643
"ASV_10735",0.269357975940057,0.00870399933436872,0.612,0.994640876853643
"ASV_10768",1.00943290982093,0.0313259599816327,0.639,0.994640876853643
"ASV_10866",0.582427371525016,0.0185704679609697,0.631,0.994640876853643
"ASV_10867",0.433462411709832,0.013591182636741,0.632,0.994640876853643
"ASV_10880",1.28985639959091,0.0405024455451335,0.593,0.994640876853643
"ASV_10886",0.614490969206161,0.0193571350297637,0.66,0.994640876853643
"ASV_10922",0.391995372080446,0.0124743355117593,0.62,0.994640876853643
"ASV_10943",0.421288964801732,0.0136766474042169,0.588,0.994640876853643
"ASV_11048",0.485752672049826,0.0152460298082476,0.6,0.994640876853643
"ASV_11070",1.00061830431313,0.0311208470060831,0.591,0.994640876853643
"ASV_11153",0.715066422929586,0.0228885264955389,0.655,0.994640876853643
"ASV_11173",0.907553496934882,0.0282863470406322,0.591,0.994640876853643
"ASV_11208",0.3473949579571,0.0110806912390712,0.671,0.994640876853643
"ASV_11334",0.667485198688843,0.0210233315539831,0.593,0.994640876853643
"ASV_11374",0.195568496346981,0.00624719326034933,0.598,0.994640876853643
"ASV_11427",0.353528017038484,0.0111940500321111,0.605,0.994640876853643
"ASV_11483",0.854852295477247,0.0268300926658228,0.622,0.994640876853643
"ASV_11496",1.12862464558187,0.0351335124039367,0.641,0.994640876853643
"ASV_11591",0.907043390301931,0.0287923525296441,0.665,0.994640876853643
"ASV_11667",0.717251410822047,0.0225803065020072,0.625,0.994640876853643
"ASV_11668",0.658957973794324,0.0210854131050152,0.609,0.994640876853643
"ASV_11720",0.202659474144249,0.00639117923775997,0.655,0.994640876853643
"ASV_11736",0.418579483956748,0.0129753877222418,0.661,0.994640876853643
"ASV_11743",1.11132709707711,0.0346080385923262,0.622,0.994640876853643
"ASV_11758",0.191560238249591,0.00620048770654621,0.657,0.994640876853643
"ASV_11800",0.184081953103336,0.00568099078169265,0.656,0.994640876853643
"ASV_11865",0.577711111466744,0.0188462420627296,0.652,0.994640876853643
"ASV_11912",0.392371672882504,0.0124051597759284,0.606,0.994640876853643
"ASV_11988",0.357509731773582,0.0109689624004126,0.639,0.994640876853643
"ASV_12003",0.192307728526672,0.00603617221182767,0.66,0.994640876853643
"ASV_12097",0.570962306739686,0.0179937404758486,0.641,0.994640876853643
"ASV_12103",0.32657699284447,0.0105451640172951,0.652,0.994640876853643
"ASV_12108",0.428643061258814,0.0133101175187997,0.588,0.994640876853643
"ASV_12136",0.588348664332058,0.0186664793797524,0.588,0.994640876853643
"ASV_12170",2.7039692278663,0.080639062649418,0.604,0.994640876853643
"ASV_12221",0.248017285165921,0.00790273350985771,0.598,0.994640876853643
"ASV_12234",0.218960603650131,0.00701639469494782,0.634,0.994640876853643
"ASV_12277",0.564001388034929,0.0178592088145173,0.631,0.994640876853643
"ASV_12305",0.414118425219905,0.0131094056853763,0.672,0.994640876853643
"ASV_12329",0.303697591584731,0.00971611031090185,0.592,0.994640876853643
"ASV_12332",3.15757704737366,0.092192310237229,0.66,0.994640876853643
"ASV_12336",0.64363697121016,0.020378757676008,0.622,0.994640876853643
"ASV_12338",0.468935767413944,0.0152786249508682,0.652,0.994640876853643
"ASV_12348",0.397510885404757,0.0127471591606267,0.652,0.994640876853643
"ASV_12367",1.32458573788672,0.0411919335821498,0.63,0.994640876853643
"ASV_12425",3.12169621648035,0.091584184210084,0.596,0.994640876853643
"ASV_12444",0.408621912930459,0.0134817709960032,0.668,0.994640876853643
"ASV_12476",0.821854215350093,0.0259339446092029,0.654,0.994640876853643
"ASV_12561",0.329128590533515,0.010402005470613,0.599,0.994640876853643
"ASV_12780",1.69339225685495,0.0517616681710921,0.672,0.994640876853643
"ASV_12828",0.376285616942549,0.0119112055891154,0.661,0.994640876853643
"ASV_12920",0.352971787675443,0.0113516942311485,0.61,0.994640876853643
"ASV_12938",0.2441533278913,0.00783874763320469,0.607,0.994640876853643
"ASV_13082",0.782390794760049,0.0246442755159756,0.635,0.994640876853643
"ASV_13114",0.586361464068135,0.0186238605904546,0.646,0.994640876853643
"ASV_13154",0.299435780504444,0.00951432251385816,0.641,0.994640876853643
"ASV_13155",1.65363149189839,0.0506753108309891,0.626,0.994640876853643
"ASV_13243",1.27724662291214,0.0393071398161416,0.629,0.994640876853643
"ASV_13298",0.669022568500437,0.0211443229951926,0.65,0.994640876853643
"ASV_13302",1.1368349429489,0.0352091828695247,0.636,0.994640876853643
"ASV_13393",0.812983845708422,0.025363654385761,0.59,0.994640876853643
"ASV_13402",0.466834967434953,0.0146579865226048,0.646,0.994640876853643
"ASV_13440",0.929312008322636,0.0293042482046459,0.646,0.994640876853643
"ASV_13603",0.775511543348306,0.0243006646439053,0.639,0.994640876853643
"ASV_13625",1.01963811496474,0.0318735678631796,0.598,0.994640876853643
"ASV_13667",0.195888089554456,0.00625898089171948,0.671,0.994640876853643
"ASV_13760",0.371857866308042,0.0114900028574694,0.596,0.994640876853643
"ASV_13764",0.695998145048017,0.0219202271032897,0.669,0.994640876853643
"ASV_13775",0.854207544686146,0.0268485363704933,0.657,0.994640876853643
"ASV_13864",0.821458243827909,0.025760887901252,0.599,0.994640876853643
"ASV_13892",0.661841202405916,0.0202456115379083,0.663,0.994640876853643
"ASV_13924",0.285721197027018,0.00906901286407062,0.66,0.994640876853643
"ASV_13973",1.10915492822286,0.0346595241674433,0.587,0.994640876853643
"ASV_14039",0.397081766174692,0.0128322005702992,0.634,0.994640876853643
"ASV_14112",0.403277260991517,0.013002966439063,0.592,0.994640876853643
"ASV_14128",0.833265770600601,0.0263690980080638,0.668,0.994640876853643
"ASV_14135",0.267180195961641,0.00855903843537578,0.656,0.994640876853643
"ASV_14144",0.422606507691631,0.0133725073119427,0.657,0.994640876853643
"ASV_14203",1.16209140379553,0.0361301530437591,0.594,0.994640876853643
"ASV_14216",0.555038054890602,0.0177174576147577,0.66,0.994640876853643
"ASV_14230",0.273261139436448,0.00865555806347914,0.614,0.994640876853643
"ASV_14285",0.37544627151565,0.0117365883170013,0.618,0.994640876853643
"ASV_14407",1.25192998755493,0.0388833462099848,0.661,0.994640876853643
"ASV_14524",0.791222589866125,0.024863659013534,0.619,0.994640876853643
"ASV_14555",0.2777142364596,0.00887958299595353,0.589,0.994640876853643
"ASV_14560",0.766508106634515,0.0235159269886802,0.647,0.994640876853643
"ASV_14604",0.551987257336298,0.0178559133946256,0.606,0.994640876853643
"ASV_14834",0.653076454748251,0.0207569053791006,0.607,0.994640876853643
"ASV_14835",0.384688168873604,0.0126434462767624,0.649,0.994640876853643
"ASV_14948",1.2665497832667,0.039166289024581,0.628,0.994640876853643
"ASV_15011",0.50813996262159,0.0160561177311502,0.626,0.994640876853643
"ASV_15224",0.741094865716872,0.0232812171315822,0.653,0.994640876853643
"ASV_15312",0.234049416905263,0.00751517751837398,0.639,0.994640876853643
"ASV_15341",0.432346104771355,0.0138482959108305,0.614,0.994640876853643
"ASV_15390",0.354963699079782,0.0112897410674465,0.622,0.994640876853643
"ASV_15679",0.665423173375397,0.0210156276583167,0.619,0.994640876853643
"ASV_15691",0.188083805808477,0.00601741458834654,0.623,0.994640876853643
"ASV_15706",0.352231882538007,0.0112533530449954,0.611,0.994640876853643
"ASV_15711",1.16404731712468,0.0361890175459238,0.594,0.994640876853643
"ASV_15820",0.347537709576521,0.0110185105486711,0.635,0.994640876853643
"ASV_15837",0.274850038652079,0.00884777186372959,0.587,0.994640876853643
"ASV_15844",0.334831047031837,0.0109142447236388,0.638,0.994640876853643
"ASV_15863",0.512347217860062,0.0160374276224574,0.635,0.994640876853643
"ASV_16072",0.292308413481795,0.00935510842506889,0.645,0.994640876853643
"ASV_16122",0.557126702112465,0.0179382668870701,0.626,0.994640876853643
"ASV_16133",0.704815737605245,0.02201510147293,0.62,0.994640876853643
"ASV_16215",0.354541417447508,0.0113388362258861,0.595,0.994640876853643
"ASV_16462",0.229863373397924,0.00728885856554015,0.652,0.994640876853643
"ASV_16530",0.838917471030631,0.0265568874772496,0.628,0.994640876853643
"ASV_16652",0.280033373828352,0.00883580881402203,0.649,0.994640876853643
"ASV_16655",1.30040642283648,0.040360686393654,0.6,0.994640876853643
"ASV_16725",0.735517898778685,0.0230490283159488,0.589,0.994640876853643
"ASV_16755",0.342320425708765,0.0108552790079368,0.647,0.994640876853643
"ASV_16808",0.670607874794082,0.0212730570487206,0.641,0.994640876853643
"ASV_16905",0.0570232732312054,0.00210248542008128,0.617,0.994640876853643
"ASV_16955",0.597704873783539,0.0192247041326108,0.637,0.994640876853643
"ASV_16965",1.22810141414909,0.0380248338920284,0.635,0.994640876853643
"ASV_17087",0.656715476871598,0.0204970591922666,0.599,0.994640876853643
"ASV_17328",0.338382041184628,0.0107273696763195,0.666,0.994640876853643
"ASV_17380",0.730966720623028,0.0228001330609144,0.608,0.994640876853643
"ASV_17396",1.50796068700404,0.0453289288555682,0.606,0.994640876853643
"ASV_17489",0.650045387785863,0.0204812041796437,0.615,0.994640876853643
"ASV_17494",0.645980190821536,0.0202682646084715,0.664,0.994640876853643
"ASV_17502",1.02170630119935,0.0318921820279293,0.622,0.994640876853643
"ASV_17515",0.731916922471776,0.0231102359265571,0.669,0.994640876853643
"ASV_17540",1.30119931794357,0.0402780012024519,0.627,0.994640876853643
"ASV_17560",0.852297347857458,0.0268287372702787,0.597,0.994640876853643
"ASV_17678",0.881471043028778,0.027834022296158,0.624,0.994640876853643
"ASV_17790",0.554262097475931,0.0176982016596503,0.658,0.994640876853643
"ASV_17838",0.298643433953327,0.00894891211789971,0.609,0.994640876853643
"ASV_17847",0.39224912435137,0.012589457522687,0.644,0.994640876853643
"ASV_17935",0.437827678947104,0.0144233763292029,0.646,0.994640876853643
"ASV_18143",0.614741230854459,0.0191857988031585,0.627,0.994640876853643
"ASV_18144",0.138059671508178,0.00405836559065419,0.661,0.994640876853643
"ASV_18179",0.310402026534688,0.00999837151406017,0.662,0.994640876853643
"ASV_18357",0.481776364294375,0.0150976008058682,0.637,0.994640876853643
"ASV_18375",0.640404619522549,0.0204241436942431,0.661,0.994640876853643
"ASV_18458",1.89387219322838,0.0576701462847921,0.637,0.994640876853643
"ASV_18462",0.54681834812922,0.0174482411445724,0.619,0.994640876853643
"ASV_18561",0.831812096844928,0.0261190817619378,0.663,0.994640876853643
"ASV_18653",0.184245013456384,0.00593133020010063,0.669,0.994640876853643
"ASV_18719",0.179202181883953,0.00573092823220468,0.606,0.994640876853643
"ASV_18814",0.651628252459403,0.0206601130460831,0.639,0.994640876853643
"ASV_18874",0.122857504458141,0.00415893826629928,0.632,0.994640876853643
"ASV_18982",0.456384788888638,0.0146069567921048,0.661,0.994640876853643
"ASV_19040",0.485625661599332,0.0154113639152139,0.618,0.994640876853643
"ASV_19267",0.591644171363572,0.0187039839086823,0.618,0.994640876853643
"ASV_19392",0.952295937049059,0.0297495480574325,0.606,0.994640876853643
"ASV_19447",0.333457615929325,0.0106262078913264,0.669,0.994640876853643
"ASV_19598",0.61998988054886,0.019568201660215,0.637,0.994640876853643
"ASV_19693",0.510005183258275,0.0162561261162994,0.667,0.994640876853643
"ASV_19699",0.387656921549466,0.0120468139837388,0.632,0.994640876853643
"ASV_19700",0.743910236565153,0.0235774832962717,0.639,0.994640876853643
"ASV_19834",0.501545522232453,0.0161364149942531,0.604,0.994640876853643
"ASV_19847",0.514281763677718,0.0163622741041363,0.663,0.994640876853643
"ASV_20057",1.17541261912093,0.036782465362598,0.651,0.994640876853643
"ASV_20266",0.490105601399656,0.015305155444576,0.615,0.994640876853643
"ASV_20282",0.0960840667664944,0.00310745508977375,0.638,0.994640876853643
"ASV_20348",0.695189474609204,0.0219461209471354,0.586,0.994640876853643
"ASV_20350",0.289790495547184,0.00923466207966557,0.669,0.994640876853643
"ASV_20375",0.40296169321692,0.0132803108175064,0.591,0.994640876853643
"ASV_20520",1.22369969552763,0.0381980671466818,0.589,0.994640876853643
"ASV_20593",0.77091467565376,0.0246768313090162,0.61,0.994640876853643
"ASV_20747",1.03860720020933,0.0322602218036613,0.67,0.994640876853643
"ASV_20812",0.584419546029417,0.0176387447943238,0.636,0.994640876853643
"ASV_20962",0.568630256520459,0.0181091020180552,0.668,0.994640876853643
"ASV_20985",0.730375528549502,0.0231538830020154,0.656,0.994640876853643
"ASV_21046",0.453011490647921,0.0146796111754325,0.664,0.994640876853643
"ASV_21057",1.10807803221957,0.0345610519361566,0.663,0.994640876853643
"ASV_21066",0.271108121351118,0.00861884769134713,0.641,0.994640876853643
"ASV_21336",0.319776004299399,0.0101782932507458,0.657,0.994640876853643
"ASV_21771",0.346208301633253,0.0111577211658545,0.629,0.994640876853643
"ASV_21802",0.149347166961064,0.00513969111358059,0.615,0.994640876853643
"ASV_21893",0.778382496388495,0.0246904199462438,0.617,0.994640876853643
"ASV_21899",0.852059956434105,0.0265750033632673,0.621,0.994640876853643
"ASV_21910",0.301069097524523,0.0096113908568729,0.651,0.994640876853643
"ASV_22085",0.170123482886961,0.00556068197974068,0.662,0.994640876853643
"ASV_22174",1.02133491788429,0.0319462352407618,0.671,0.994640876853643
"ASV_22186",0.24568330881439,0.00825312572057325,0.594,0.994640876853643
"ASV_22190",0.58062560842705,0.0181016792188236,0.602,0.994640876853643
"ASV_22200",0.339422981331379,0.0109863711151238,0.656,0.994640876853643
"ASV_22430",0.511247419002808,0.0160876610707657,0.667,0.994640876853643
"ASV_22448",0.831246851952096,0.026114855029495,0.598,0.994640876853643
"ASV_22717",0.231775266590806,0.00739163901677369,0.586,0.994640876853643
"ASV_22906",0.337204867120329,0.0110135038269501,0.594,0.994640876853643
"ASV_23035",0.0849031980702662,0.00264136763487794,0.672,0.994640876853643
"ASV_23296",0.932673992855677,0.029238684739154,0.642,0.994640876853643
"ASV_23309",1.77338543139634,0.0538111251598746,0.6,0.994640876853643
"ASV_23649",0.165638896463843,0.00533625196314205,0.622,0.994640876853643
"ASV_23855",0.470124745018486,0.0154491649590313,0.604,0.994640876853643
"ASV_24232",0.301732637928619,0.00991873181261029,0.62,0.994640876853643
"ASV_24332",0.63728044623321,0.0201682475988889,0.638,0.994640876853643
"ASV_24514",0.487082479562274,0.0159394872572375,0.625,0.994640876853643
"ASV_24566",0.457514529317551,0.0145196257718723,0.619,0.994640876853643
"ASV_24678",0.447490611391413,0.0142577698811057,0.656,0.994640876853643
"ASV_24698",0.503995643890426,0.0161530733056301,0.653,0.994640876853643
"ASV_24909",0.382968176931439,0.0121386173126469,0.649,0.994640876853643
"ASV_24928",0.868221152211912,0.0272946100971222,0.598,0.994640876853643
"ASV_24956",0.731353630703346,0.0233595190147651,0.667,0.994640876853643
"ASV_24972",0.281806131857129,0.00882493135180714,0.653,0.994640876853643
"ASV_25315",1.12156124040067,0.0350712950457936,0.59,0.994640876853643
"ASV_25425",0.58893130412161,0.0188491546699006,0.651,0.994640876853643
"ASV_25636",0.180239664796942,0.00577230993631229,0.669,0.994640876853643
"ASV_25714",0.631529054404376,0.0202283263400644,0.621,0.994640876853643
"ASV_25788",1.23654395439744,0.0382359369409472,0.637,0.994640876853643
"ASV_26063",0.223383153702845,0.00724797623646765,0.659,0.994640876853643
"ASV_26222",0.299926876314319,0.00966069041363162,0.642,0.994640876853643
"ASV_27437",0.449587509032904,0.0141823037119033,0.669,0.994640876853643
"ASV_27534",0.552911140759811,0.0176531584552129,0.587,0.994640876853643
"ASV_28463",0.325452616230526,0.0105136626537998,0.596,0.994640876853643
"ASV_29438",0.141097851586598,0.00453153702497408,0.596,0.994640876853643
"ASV_63",0.460622789208488,0.0145470177939163,0.674,0.995001496046164
"ASV_263",0.427825884300445,0.0132009003926307,0.673,0.995001496046164
"ASV_1051",0.431072634125445,0.0128283171386746,0.674,0.995001496046164
"ASV_1232",0.252162688935762,0.00764270508781676,0.676,0.995001496046164
"ASV_1426",0.141505117064018,0.00454036227930212,0.673,0.995001496046164
"ASV_1769",1.43826726021942,0.0434442406931799,0.675,0.995001496046164
"ASV_1814",0.202599772692397,0.00675503548379041,0.676,0.995001496046164
"ASV_3635",0.229073489398192,0.00674331570342956,0.676,0.995001496046164
"ASV_3999",0.338397386504879,0.0110701424239057,0.676,0.995001496046164
"ASV_4005",1.2612349457136,0.0390587698066521,0.675,0.995001496046164
"ASV_4059",0.559758343094076,0.0175347248001337,0.674,0.995001496046164
"ASV_4638",1.48858352404892,0.0457337399770297,0.676,0.995001496046164
"ASV_5198",3.97684361736981,0.113918086084299,0.676,0.995001496046164
"ASV_6041",0.44132836900524,0.0141238120569042,0.674,0.995001496046164
"ASV_6045",0.468848579125809,0.0147615170602913,0.673,0.995001496046164
"ASV_7037",0.473233966926223,0.0151799310627448,0.676,0.995001496046164
"ASV_7548",0.293545815656037,0.00955396068449688,0.674,0.995001496046164
"ASV_7761",0.434727140711944,0.0138637506651017,0.675,0.995001496046164
"ASV_9688",0.622483228275423,0.0198853267126438,0.674,0.995001496046164
"ASV_10544",0.365137923411925,0.0116192095492842,0.675,0.995001496046164
"ASV_11127",0.568956108790025,0.0181382258535988,0.675,0.995001496046164
"ASV_12426",0.531011486178486,0.016921548094846,0.673,0.995001496046164
"ASV_16339",0.0972369168188791,0.00307198752716266,0.676,0.995001496046164
"ASV_17875",0.480849327519938,0.0154127535460685,0.676,0.995001496046164
"ASV_18178",0.29531305929388,0.00951457816496954,0.674,0.995001496046164
"ASV_23816",0.220478765528531,0.00701018824472571,0.674,0.995001496046164
"ASV_3102",0.534509394338355,0.0169356299391696,0.677,0.996047639393292
"ASV_4290",0.354488098224613,0.011399119081408,0.677,0.996047639393292
"ASV_11319",0.130212031166714,0.00418832173184885,0.678,0.997092889173607
"ASV_21484",0.547663039118976,0.0176150835758397,0.678,0.997092889173607
"ASV_1",0.110376913176378,0.00348357804287164,0.909,0.997104236006051
"ASV_5",0.383729672490934,0.012223953186134,0.707,0.997104236006051
"ASV_6",0.266492187147645,0.00845702374965947,0.683,0.997104236006051
"ASV_7",0.115850949999228,0.00380440182258551,0.877,0.997104236006051
"ASV_23",0.575096168677823,0.0181967282480903,0.795,0.997104236006051
"ASV_29",0.0385167377434452,0.00102041248242266,0.954,0.997104236006051
"ASV_43",0.107872834046484,0.00323516997021615,0.86,0.997104236006051
"ASV_47",0.487448878540097,0.0154737529479406,0.931,0.997104236006051
"ASV_58",0.119823419398566,0.00396732726955424,0.737,0.997104236006051
"ASV_69",0.977642370279877,0.0315765014631656,0.696,0.997104236006051
"ASV_72",0.607674790927827,0.0197425869358844,0.821,0.997104236006051
"ASV_84",0.146179374155759,0.00444120043118792,0.759,0.997104236006051
"ASV_97",0.0502874613738418,0.0019946071328438,0.92,0.997104236006051
"ASV_122",0.0647217056965994,0.0021568360752623,0.939,0.997104236006051
"ASV_130",0.142936959867243,0.00465783339050182,0.717,0.997104236006051
"ASV_150",0.0555617970379816,0.00209524026385039,0.943,0.997104236006051
"ASV_154",0.027084415055976,0.000846722115933496,0.776,0.997104236006051
"ASV_156",0.702334185582598,0.0219293848160574,0.687,0.997104236006051
"ASV_166",1.06222704173319,0.0341562004373782,0.695,0.997104236006051
"ASV_167",0.211331067091975,0.00687125692821216,0.748,0.997104236006051
"ASV_169",0.385498872272915,0.0146824970118509,0.703,0.997104236006051
"ASV_183",0.339604809072509,0.0112692259710853,0.777,0.997104236006051
"ASV_185",0.310556074699022,0.0100514143014653,0.867,0.997104236006051
"ASV_188",0.233971753528495,0.00725409654590164,0.814,0.997104236006051
"ASV_192",1.61581032925551,0.0508645356283228,0.842,0.997104236006051
"ASV_199",0.199164722503632,0.00598114298638845,0.907,0.997104236006051
"ASV_207",0.0212731660380412,0.000778402309486905,0.956,0.997104236006051
"ASV_208",0.381930455675406,0.0121311615269484,0.761,0.997104236006051
"ASV_212",0.583081956243534,0.0187950284418545,0.84,0.997104236006051
"ASV_221",0.407147873931344,0.0127829812753349,0.739,0.997104236006051
"ASV_234",0.119034030944424,0.0032420175864243,0.841,0.997104236006051
"ASV_241",1.98708143637291,0.060142265157258,0.699,0.997104236006051
"ASV_242",0.602081986151008,0.0195751287622234,0.875,0.997104236006051
"ASV_244",0.166242130471889,0.00544334543772659,0.759,0.997104236006051
"ASV_249",0.354734518825969,0.0106183095045478,0.713,0.997104236006051
"ASV_253",0.710487083516376,0.0215023268874236,0.802,0.997104236006051
"ASV_261",0.166494102357319,0.00634589649717309,0.943,0.997104236006051
"ASV_265",0.434491214616626,0.0143652243654012,0.808,0.997104236006051
"ASV_278",0.0567819539918351,0.00188387437399671,0.899,0.997104236006051
"ASV_279",0.245193510841782,0.0073148445143291,0.836,0.997104236006051
"ASV_291",0.771475307837043,0.0269323691636096,0.695,0.997104236006051
"ASV_303",0.190552940062697,0.00605000314842767,0.708,0.997104236006051
"ASV_304",0.0914403082835044,0.00268359857361857,0.866,0.997104236006051
"ASV_313",0.128744194665835,0.00421297854959552,0.912,0.997104236006051
"ASV_315",0.0733174390359521,0.00254991932800624,0.952,0.997104236006051
"ASV_318",0.465006193486936,0.0142708372659321,0.778,0.997104236006051
"ASV_319",0.297165570242137,0.00943332101782891,0.712,0.997104236006051
"ASV_322",0.337587213678152,0.00959896715057837,0.927,0.997104236006051
"ASV_324",0.195805425063409,0.00629258196169689,0.73,0.997104236006051
"ASV_325",0.373088523296811,0.0115707596349217,0.702,0.997104236006051
"ASV_334",0.196243857068966,0.00631768079248178,0.753,0.997104236006051
"ASV_339",0.150479628300725,0.00482456732403032,0.905,0.997104236006051
"ASV_340",0.130278369229043,0.00418193244257687,0.748,0.997104236006051
"ASV_347",0.108076802406728,0.00383154509546144,0.839,0.997104236006051
"ASV_356",0.0468733417292018,0.00169740830850176,0.926,0.997104236006051
"ASV_360",1.33496865295364,0.0410883519683182,0.825,0.997104236006051
"ASV_367",0.173121671469498,0.00554935828179411,0.864,0.997104236006051
"ASV_370",0.614247895673854,0.0193153547673507,0.809,0.997104236006051
"ASV_373",0.0966435697491269,0.00328618403615494,0.866,0.997104236006051
"ASV_375",0.199304840664983,0.00681965523654615,0.788,0.997104236006051
"ASV_379",0.284526440747832,0.00826703993084573,0.758,0.997104236006051
"ASV_396",0.0827647493667476,0.00235782531243729,0.801,0.997104236006051
"ASV_409",0.306706500493042,0.010877824317903,0.75,0.997104236006051
"ASV_414",0.498800702013269,0.0144959840887334,0.76,0.997104236006051
"ASV_420",0.366508714704867,0.011834880844306,0.815,0.997104236006051
"ASV_424",0.331019964658305,0.0102715920472619,0.686,0.997104236006051
"ASV_430",0.266530157293366,0.00855221927368989,0.815,0.997104236006051
"ASV_432",0.144829241169255,0.00481144449847959,0.783,0.997104236006051
"ASV_445",0.127404569125866,0.00436460718916534,0.88,0.997104236006051
"ASV_447",0.260608437575427,0.00890973080383113,0.832,0.997104236006051
"ASV_454",0.240437078478952,0.00684621709199072,0.887,0.997104236006051
"ASV_456",0.360146082838645,0.0115286411849631,0.765,0.997104236006051
"ASV_462",0.648655149881359,0.0203733720847674,0.72,0.997104236006051
"ASV_466",0.238629412934603,0.00793930328685314,0.829,0.997104236006051
"ASV_472",0.316826927341039,0.00997609062815915,0.859,0.997104236006051
"ASV_488",0.185225584103405,0.00630984430437752,0.912,0.997104236006051
"ASV_491",0.288603778199483,0.00946126414871649,0.91,0.997104236006051
"ASV_492",2.13128877423485,0.064076330453585,0.761,0.997104236006051
"ASV_498",0.907581125107828,0.0278814774677101,0.738,0.997104236006051
"ASV_499",0.385801479607326,0.0127830337761319,0.763,0.997104236006051
"ASV_513",0.803293675097333,0.0246005913924438,0.698,0.997104236006051
"ASV_532",0.774921089358366,0.0242771122839906,0.849,0.997104236006051
"ASV_551",0.173042476610611,0.00481344994834499,0.837,0.997104236006051
"ASV_554",0.627138621006165,0.0199388094203003,0.877,0.997104236006051
"ASV_572",0.141933544736084,0.00439913395431285,0.865,0.997104236006051
"ASV_581",0.311887984971942,0.010175217634339,0.773,0.997104236006051
"ASV_585",0.106886281599782,0.00380171775427006,0.833,0.997104236006051
"ASV_586",0.120754373809988,0.00481632597011689,0.831,0.997104236006051
"ASV_599",0.0705821328454219,0.00291353948589856,0.948,0.997104236006051
"ASV_602",0.277988809858931,0.00903292071741266,0.883,0.997104236006051
"ASV_608",0.102615517256022,0.00399576600470014,0.806,0.997104236006051
"ASV_609",0.198013130359617,0.00666204318840688,0.783,0.997104236006051
"ASV_611",0.0764179620313218,0.00249234081699597,0.891,0.997104236006051
"ASV_615",0.189182445262645,0.00628459352389258,0.859,0.997104236006051
"ASV_616",0.116692369275273,0.00399681203693065,0.939,0.997104236006051
"ASV_622",1.83496013938911,0.0558181367634679,0.82,0.997104236006051
"ASV_628",0.0303514643101529,0.000969344501581402,0.94,0.997104236006051
"ASV_629",0.108145565481562,0.00356763272095031,0.946,0.997104236006051
"ASV_630",0.433960328118415,0.0133045073444329,0.807,0.997104236006051
"ASV_633",0.392635376292416,0.0125414603086742,0.802,0.997104236006051
"ASV_636",0.14708014216507,0.00482751272246634,0.875,0.997104236006051
"ASV_662",0.23830160763362,0.00808080246371815,0.906,0.997104236006051
"ASV_677",0.551217392126028,0.0171265389718666,0.712,0.997104236006051
"ASV_682",0.235094823639726,0.00752903283556314,0.765,0.997104236006051
"ASV_683",0.142918057173864,0.00519835177733653,0.854,0.997104236006051
"ASV_686",0.234196441127774,0.0080242854765646,0.695,0.997104236006051
"ASV_687",0.177488163987305,0.00542387012999471,0.823,0.997104236006051
"ASV_701",0.0395982196887747,0.0011526358874003,0.948,0.997104236006051
"ASV_707",0.383749499586391,0.01271923830037,0.757,0.997104236006051
"ASV_714",0.17039898315031,0.0054343480226734,0.909,0.997104236006051
"ASV_721",0.125289358898628,0.00450190170773682,0.893,0.997104236006051
"ASV_726",0.189733430870566,0.00590800842775568,0.833,0.997104236006051
"ASV_728",0.564289692105699,0.0179168694142931,0.752,0.997104236006051
"ASV_733",1.10670330858885,0.0349819668986613,0.791,0.997104236006051
"ASV_738",0.0773696732894638,0.00248325129335525,0.746,0.997104236006051
"ASV_739",0.860926462781449,0.0268407240684802,0.719,0.997104236006051
"ASV_740",0.502097098760281,0.0161722760009445,0.819,0.997104236006051
"ASV_744",0.251906087114912,0.00799255816921695,0.732,0.997104236006051
"ASV_754",0.484231398458198,0.0151315761591412,0.695,0.997104236006051
"ASV_755",0.134323296439792,0.00500410440398303,0.749,0.997104236006051
"ASV_782",0.0564168462010182,0.00176266343291111,0.942,0.997104236006051
"ASV_785",0.301244812665864,0.0100969036244982,0.808,0.997104236006051
"ASV_793",0.207383876611015,0.00667656735283781,0.856,0.997104236006051
"ASV_795",0.746553733732604,0.0228349185445094,0.684,0.997104236006051
"ASV_805",0.575860124407527,0.0178440711769685,0.679,0.997104236006051
"ASV_809",0.101798980983481,0.00317184967585172,0.86,0.997104236006051
"ASV_811",0.138662633746271,0.00436207955286987,0.917,0.997104236006051
"ASV_813",0.0763559333526588,0.00238886299482843,0.84,0.997104236006051
"ASV_818",1.26002763413381,0.0401098107908496,0.715,0.997104236006051
"ASV_822",0.00325793705662358,8.90708043867084e-05,0.945,0.997104236006051
"ASV_826",0.097043381076795,0.00287758457588122,0.846,0.997104236006051
"ASV_837",0.598134121167699,0.0189225685320804,0.744,0.997104236006051
"ASV_839",0.0559995797987878,0.00189456691615801,0.947,0.997104236006051
"ASV_860",0.093050274504879,0.00280106085146403,0.834,0.997104236006051
"ASV_862",0.41679716391463,0.0131445839272796,0.7,0.997104236006051
"ASV_865",1.37357554402473,0.0429651436496922,0.877,0.997104236006051
"ASV_868",1.20998750214419,0.0372875583334133,0.81,0.997104236006051
"ASV_871",0.295589056639005,0.00903510147215832,0.895,0.997104236006051
"ASV_875",0.104403935728996,0.00312789638047597,0.913,0.997104236006051
"ASV_877",0.0941004201586834,0.00338457698416364,0.945,0.997104236006051
"ASV_878",0.142344561413534,0.00446668218537615,0.874,0.997104236006051
"ASV_885",0.151717864522742,0.00493057179268515,0.848,0.997104236006051
"ASV_886",0.185657519093689,0.00603147901050569,0.86,0.997104236006051
"ASV_891",0.161047883655796,0.00550461299022303,0.87,0.997104236006051
"ASV_895",0.0306644011952575,0.00100921464514894,0.927,0.997104236006051
"ASV_900",0.040115317290557,0.00111265501258499,0.952,0.997104236006051
"ASV_901",0.120489146744848,0.00403811959100759,0.851,0.997104236006051
"ASV_910",0.203389075637424,0.00655572536394749,0.866,0.997104236006051
"ASV_911",0.383404039719753,0.0120566635461717,0.822,0.997104236006051
"ASV_913",0.513729110872245,0.016582648256589,0.755,0.997104236006051
"ASV_916",0.378561505210698,0.0122848587277639,0.735,0.997104236006051
"ASV_919",0.755614157430573,0.022675571303392,0.757,0.997104236006051
"ASV_920",0.34018553472313,0.0108608495182975,0.884,0.997104236006051
"ASV_934",0.373788758291263,0.0118085466484526,0.835,0.997104236006051
"ASV_945",0.0510068784948482,0.00166286165367874,0.868,0.997104236006051
"ASV_946",0.694360084290258,0.022055635974135,0.714,0.997104236006051
"ASV_954",0.101795469890367,0.00344056794200406,0.848,0.997104236006051
"ASV_958",0.168093289695691,0.00521842027867865,0.83,0.997104236006051
"ASV_961",0.566855474792872,0.0172844001184841,0.704,0.997104236006051
"ASV_962",0.412851912154451,0.0131262400377178,0.896,0.997104236006051
"ASV_965",0.352648164646749,0.0112441229781295,0.876,0.997104236006051
"ASV_973",0.47826040077693,0.0151892035198983,0.769,0.997104236006051
"ASV_981",0.527915719800097,0.0159280362209775,0.718,0.997104236006051
"ASV_982",0.0954203202012116,0.00325971552519255,0.936,0.997104236006051
"ASV_983",0.54519050747283,0.0172903902432326,0.904,0.997104236006051
"ASV_987",0.60749419397936,0.0188954065437964,0.684,0.997104236006051
"ASV_989",0.334831080645318,0.0106703845972235,0.817,0.997104236006051
"ASV_1007",0.209039030249189,0.00699428226182759,0.908,0.997104236006051
"ASV_1016",0.066493578731889,0.00179614946630206,0.821,0.997104236006051
"ASV_1022",0.707514656442503,0.022597582784381,0.719,0.997104236006051
"ASV_1025",0.44916920812953,0.0142152523270711,0.717,0.997104236006051
"ASV_1032",0.992724678803909,0.0311038241609714,0.789,0.997104236006051
"ASV_1033",0.130890295444257,0.00430496741250051,0.937,0.997104236006051
"ASV_1036",0.107311909861681,0.00338644002674544,0.862,0.997104236006051
"ASV_1040",0.168588441292288,0.00504809057603747,0.853,0.997104236006051
"ASV_1042",0.159574090252453,0.00565294766892497,0.706,0.997104236006051
"ASV_1043",0.618206762013578,0.0202841574362216,0.811,0.997104236006051
"ASV_1048",1.6548626700322,0.0505992302943171,0.696,0.997104236006051
"ASV_1054",0.493883358109082,0.0157249411737746,0.785,0.997104236006051
"ASV_1058",0.119127776438856,0.00396892932164045,0.877,0.997104236006051
"ASV_1060",0.901645230715669,0.0284081777478523,0.681,0.997104236006051
"ASV_1065",0.133644921405449,0.00441825560016481,0.922,0.997104236006051
"ASV_1067",0.285255297971832,0.00916249965609124,0.853,0.997104236006051
"ASV_1068",0.620956328147638,0.0207013286460148,0.836,0.997104236006051
"ASV_1076",0.51915999224229,0.0171711991753472,0.86,0.997104236006051
"ASV_1081",0.0580566593082144,0.00178920166835799,0.88,0.997104236006051
"ASV_1086",0.193687252427326,0.00630546597065931,0.799,0.997104236006051
"ASV_1102",0.337197791496538,0.0104614771113072,0.822,0.997104236006051
"ASV_1108",0.13076669588673,0.00420345835829222,0.956,0.997104236006051
"ASV_1109",0.445995992592851,0.0146759032450707,0.893,0.997104236006051
"ASV_1110",0.549586435589296,0.0173348648750844,0.893,0.997104236006051
"ASV_1111",0.0189692086219141,0.000475845109620101,0.952,0.997104236006051
"ASV_1113",0.0849198680128757,0.00271631672262723,0.856,0.997104236006051
"ASV_1131",0.303094050069314,0.00922662254328256,0.829,0.997104236006051
"ASV_1134",0.468687393087463,0.0150695945198698,0.697,0.997104236006051
"ASV_1137",0.0710057107859678,0.00230121777499819,0.864,0.997104236006051
"ASV_1142",0.529483699360251,0.0169462672180295,0.746,0.997104236006051
"ASV_1148",0.343401589635174,0.0109576759961162,0.866,0.997104236006051
"ASV_1151",0.428016235957418,0.0143084258472638,0.696,0.997104236006051
"ASV_1153",0.549900705741954,0.0183618808914519,0.766,0.997104236006051
"ASV_1157",0.26559971275287,0.00854300781005355,0.79,0.997104236006051
"ASV_1167",0.0784656178359138,0.00203680540099402,0.874,0.997104236006051
"ASV_1169",0.140672311689872,0.00427035911397198,0.78,0.997104236006051
"ASV_1170",0.463265933079296,0.0144763484330907,0.826,0.997104236006051
"ASV_1180",0.0217128708330045,0.000662617440548602,0.955,0.997104236006051
"ASV_1184",0.207494109628803,0.00657494137978496,0.693,0.997104236006051
"ASV_1189",0.567299814194827,0.0179826042070376,0.776,0.997104236006051
"ASV_1201",0.2282085295414,0.00720580354091899,0.92,0.997104236006051
"ASV_1203",0.348422520126367,0.0105632945293492,0.796,0.997104236006051
"ASV_1217",0.172811509438194,0.00535204443089884,0.853,0.997104236006051
"ASV_1222",0.830961036020382,0.025661915002985,0.701,0.997104236006051
"ASV_1227",0.390617064928005,0.0117979000518442,0.708,0.997104236006051
"ASV_1248",0.185199188671924,0.00627466695781431,0.772,0.997104236006051
"ASV_1251",0.175234948250616,0.00557828840308163,0.837,0.997104236006051
"ASV_1255",0.0503919110438196,0.0016943394828634,0.925,0.997104236006051
"ASV_1264",0.097956503327527,0.00293694084727572,0.885,0.997104236006051
"ASV_1265",1.72365690267198,0.0526916647903994,0.682,0.997104236006051
"ASV_1266",0.190575270285899,0.00596884620561876,0.857,0.997104236006051
"ASV_1274",0.279332193683353,0.00908264241589067,0.809,0.997104236006051
"ASV_1279",0.0713443055217463,0.00236535944007635,0.933,0.997104236006051
"ASV_1282",0.215490833779937,0.00771900628514358,0.873,0.997104236006051
"ASV_1285",0.281025686190605,0.00921159765346808,0.837,0.997104236006051
"ASV_1287",0.41199437515133,0.0134368327394788,0.881,0.997104236006051
"ASV_1290",0.11886863587577,0.00389381234753312,0.954,0.997104236006051
"ASV_1296",0.225045150140767,0.00714160569083811,0.832,0.997104236006051
"ASV_1297",0.355962453603257,0.0115409007847044,0.699,0.997104236006051
"ASV_1302",0.395068387319983,0.0126151190863461,0.765,0.997104236006051
"ASV_1304",0.403454528373234,0.0126769187034346,0.776,0.997104236006051
"ASV_1311",0.0471139497071522,0.00150809247875729,0.951,0.997104236006051
"ASV_1316",0.823216448489795,0.0249979932759412,0.7,0.997104236006051
"ASV_1322",0.36589231488063,0.0107113801528338,0.757,0.997104236006051
"ASV_1323",0.255477760213607,0.00789906267229587,0.848,0.997104236006051
"ASV_1343",0.683816448260585,0.0211818943353732,0.858,0.997104236006051
"ASV_1347",0.0327405118729757,0.000912909326503711,0.93,0.997104236006051
"ASV_1354",0.373195338439842,0.0117380409915695,0.78,0.997104236006051
"ASV_1356",0.153960113064715,0.00506416227992816,0.842,0.997104236006051
"ASV_1357",0.0393657726653912,0.00122396822516846,0.916,0.997104236006051
"ASV_1359",0.546378058518087,0.0165122340331707,0.754,0.997104236006051
"ASV_1367",0.372473004206315,0.0120745555228735,0.697,0.997104236006051
"ASV_1370",2.11411823990789,0.0636383760427697,0.926,0.997104236006051
"ASV_1373",1.23551945247411,0.0389468848637555,0.776,0.997104236006051
"ASV_1387",0.536585846329759,0.016253579730594,0.75,0.997104236006051
"ASV_1388",0.40074242394495,0.0130613915789864,0.688,0.997104236006051
"ASV_1394",0.252678920832142,0.00846978392621999,0.849,0.997104236006051
"ASV_1399",0.138584492360727,0.00447190126882173,0.885,0.997104236006051
"ASV_1400",0.390705614983497,0.0124029150665205,0.91,0.997104236006051
"ASV_1401",0.114790791837865,0.00379506010341419,0.906,0.997104236006051
"ASV_1408",0.109635912660552,0.00369977639676577,0.912,0.997104236006051
"ASV_1429",1.29082390060191,0.0392457878260721,0.708,0.997104236006051
"ASV_1432",0.197530128689609,0.00632843567806499,0.85,0.997104236006051
"ASV_1438",0.00655221395298715,0.000225382920982415,0.912,0.997104236006051
"ASV_1442",0.656307140841498,0.0206993139659507,0.688,0.997104236006051
"ASV_1451",0.377431583239118,0.0115728389959532,0.729,0.997104236006051
"ASV_1466",0.474936849718975,0.0154220566921646,0.816,0.997104236006051
"ASV_1470",0.123132051104425,0.00409626568236128,0.739,0.997104236006051
"ASV_1472",0.241495998969025,0.00793643741520004,0.71,0.997104236006051
"ASV_1476",0.263367574727181,0.00779709055522783,0.72,0.997104236006051
"ASV_1485",0.213177256375943,0.00685930720285357,0.801,0.997104236006051
"ASV_1486",0.296574946036556,0.00902975890185109,0.894,0.997104236006051
"ASV_1491",0.104737864074018,0.0029150910521591,0.81,0.997104236006051
"ASV_1499",0.13210770023967,0.00436372780421283,0.899,0.997104236006051
"ASV_1514",0.111295693600384,0.00353933435548622,0.889,0.997104236006051
"ASV_1522",1.01232087642037,0.0317730789195415,0.7,0.997104236006051
"ASV_1532",0.367247308719231,0.0120249023671546,0.812,0.997104236006051
"ASV_1542",0.225472483512817,0.00757047549314033,0.731,0.997104236006051
"ASV_1552",0.194514781121966,0.0061047869940148,0.696,0.997104236006051
"ASV_1553",0.447205466992638,0.014210234608072,0.739,0.997104236006051
"ASV_1556",0.131372878999356,0.00413510961062051,0.923,0.997104236006051
"ASV_1563",1.01331408215102,0.0305227797715799,0.806,0.997104236006051
"ASV_1570",0.033034642644453,0.0011013205577645,0.93,0.997104236006051
"ASV_1580",0.0611393002741312,0.00186742038574943,0.937,0.997104236006051
"ASV_1581",0.04970413687233,0.00162563736497255,0.937,0.997104236006051
"ASV_1591",0.462496017869647,0.0145115439072123,0.831,0.997104236006051
"ASV_1603",0.273298639958731,0.00926268816854505,0.944,0.997104236006051
"ASV_1609",0.138121007042376,0.00440876930106481,0.874,0.997104236006051
"ASV_1613",0.269610114584252,0.00842582868639089,0.714,0.997104236006051
"ASV_1622",0.0866657017456263,0.00276267725732924,0.862,0.997104236006051
"ASV_1628",0.527695280138845,0.016737589055442,0.711,0.997104236006051
"ASV_1635",0.173436464719301,0.00569980109071105,0.769,0.997104236006051
"ASV_1641",0.175457021733515,0.0057103492007426,0.945,0.997104236006051
"ASV_1648",0.427172767177484,0.0135246321163853,0.818,0.997104236006051
"ASV_1650",0.299277328706622,0.0097057377896288,0.853,0.997104236006051
"ASV_1655",0.361882737627233,0.0113928325691748,0.862,0.997104236006051
"ASV_1657",1.19886390188185,0.0374361567327086,0.739,0.997104236006051
"ASV_1666",0.225498175593174,0.00718718059706891,0.847,0.997104236006051
"ASV_1671",0.0616322153261796,0.00162453030919397,0.897,0.997104236006051
"ASV_1679",0.0802724319445247,0.00278380209534901,0.939,0.997104236006051
"ASV_1681",0.594483001083958,0.0192013620556046,0.714,0.997104236006051
"ASV_1683",0.549257570117997,0.0177147461430488,0.839,0.997104236006051
"ASV_1684",0.0867380776274477,0.00270981114085538,0.843,0.997104236006051
"ASV_1685",0.187152681732266,0.00574553517216936,0.764,0.997104236006051
"ASV_1687",0.906338639451834,0.028145984467981,0.761,0.997104236006051
"ASV_1698",0.308439055329849,0.00967990076209,0.832,0.997104236006051
"ASV_1705",0.51470594721457,0.0162691342661785,0.834,0.997104236006051
"ASV_1710",0.155352909329493,0.00514239263221749,0.924,0.997104236006051
"ASV_1722",0.0655243923201774,0.00225107666724614,0.878,0.997104236006051
"ASV_1727",0.159323946099154,0.00497832481382856,0.851,0.997104236006051
"ASV_1732",0.572352207908397,0.0181212694373585,0.865,0.997104236006051
"ASV_1739",0.444349919894047,0.0143602759442064,0.817,0.997104236006051
"ASV_1742",0.0967966682959451,0.00314445091575332,0.896,0.997104236006051
"ASV_1751",0.228682828148354,0.00744259091361385,0.793,0.997104236006051
"ASV_1753",0.598190130781233,0.0184103177651824,0.797,0.997104236006051
"ASV_1755",0.111604386947796,0.003817332499125,0.948,0.997104236006051
"ASV_1791",0.0317753795326008,0.000823766466918326,0.901,0.997104236006051
"ASV_1793",0.326312125730328,0.0104278513573577,0.735,0.997104236006051
"ASV_1794",0.365411906718639,0.0110277507831229,0.754,0.997104236006051
"ASV_1804",0.276456208643106,0.00895977645449202,0.838,0.997104236006051
"ASV_1835",0.251413085017914,0.00805412530265357,0.849,0.997104236006051
"ASV_1836",0.0519228071729184,0.00173083686646455,0.946,0.997104236006051
"ASV_1847",0.090912874389276,0.00306549489966656,0.81,0.997104236006051
"ASV_1850",0.0797850787646242,0.00277760985034435,0.951,0.997104236006051
"ASV_1853",0.214982035912288,0.00668010030015421,0.719,0.997104236006051
"ASV_1856",0.183265238167381,0.0060580858614964,0.793,0.997104236006051
"ASV_1860",0.126736154057862,0.00400472631644995,0.772,0.997104236006051
"ASV_1861",0.192132798781887,0.00597508558483844,0.868,0.997104236006051
"ASV_1864",0.220412479610114,0.00696216666088457,0.821,0.997104236006051
"ASV_1866",0.488022037331898,0.0156534115924015,0.734,0.997104236006051
"ASV_1867",0.363467986636708,0.0119390612520765,0.692,0.997104236006051
"ASV_1868",0.416488004691609,0.0130574925997717,0.762,0.997104236006051
"ASV_1869",0.416962556984313,0.0132118259935715,0.769,0.997104236006051
"ASV_1874",0.0512787961922616,0.00163968080304146,0.911,0.997104236006051
"ASV_1886",0.825245284244391,0.0257942057194334,0.682,0.997104236006051
"ASV_1891",0.0512947040776748,0.00137492815553236,0.91,0.997104236006051
"ASV_1895",0.516145439894324,0.0165853804737785,0.793,0.997104236006051
"ASV_1899",0.0774295771676979,0.00250718705501762,0.955,0.997104236006051
"ASV_1900",0.284386972184894,0.00918389442471234,0.713,0.997104236006051
"ASV_1902",0.268794640541938,0.00863206646602732,0.778,0.997104236006051
"ASV_1905",0.15931112470308,0.00527836594957521,0.808,0.997104236006051
"ASV_1910",0.199532461956299,0.00645150492993492,0.694,0.997104236006051
"ASV_1931",0.149392523075983,0.00493967394055935,0.837,0.997104236006051
"ASV_1934",1.03057194602544,0.0312705063497652,0.727,0.997104236006051
"ASV_1936",0.0563906952443783,0.00193754627371081,0.871,0.997104236006051
"ASV_1937",1.57569574705239,0.0481356842142256,0.743,0.997104236006051
"ASV_1943",0.0369519844966545,0.00136849912219769,0.944,0.997104236006051
"ASV_1951",0.242978920320468,0.00785824795012686,0.837,0.997104236006051
"ASV_1957",0.221901001611291,0.00762945262578964,0.76,0.997104236006051
"ASV_1967",0.0872450866290164,0.00291372444655655,0.948,0.997104236006051
"ASV_1977",0.133686059611785,0.00464300058767765,0.851,0.997104236006051
"ASV_1992",0.518930444296182,0.0166865658855741,0.837,0.997104236006051
"ASV_1997",0.0714461800637175,0.00230641634651784,0.806,0.997104236006051
"ASV_2000",0.412109359013323,0.0135661237761244,0.755,0.997104236006051
"ASV_2002",0.236202203370187,0.00730282884366713,0.753,0.997104236006051
"ASV_2003",0.18467279701263,0.00608338140187727,0.748,0.997104236006051
"ASV_2005",0.0938671276990002,0.00330949051796673,0.784,0.997104236006051
"ASV_2012",0.270123687855337,0.00886268897309624,0.72,0.997104236006051
"ASV_2015",0.389120608076437,0.0125432531890584,0.84,0.997104236006051
"ASV_2019",0.167755835399897,0.00531142375976886,0.736,0.997104236006051
"ASV_2032",0.156718726899512,0.0051129373160613,0.792,0.997104236006051
"ASV_2039",0.185386030432889,0.00549981994676604,0.833,0.997104236006051
"ASV_2040",0.279896033595416,0.00889186540512696,0.733,0.997104236006051
"ASV_2041",0.584120848353853,0.0180785630604374,0.747,0.997104236006051
"ASV_2066",0.290685026371271,0.00934459031012708,0.889,0.997104236006051
"ASV_2078",0.0321673818047467,0.00100014276609232,0.921,0.997104236006051
"ASV_2082",0.0939823460958765,0.00296350245011532,0.706,0.997104236006051
"ASV_2089",0.0914141189620835,0.00279759062803935,0.91,0.997104236006051
"ASV_2102",0.117651827127636,0.00373258504911649,0.864,0.997104236006051
"ASV_2110",0.0500366933439175,0.00157235875055812,0.859,0.997104236006051
"ASV_2115",0.981966333117497,0.0295713587743933,0.689,0.997104236006051
"ASV_2120",0.0167453715724848,0.000585680436251384,0.956,0.997104236006051
"ASV_2123",0.0813171523692071,0.00233177497231596,0.955,0.997104236006051
"ASV_2131",1.04689896492767,0.0325693821065288,0.807,0.997104236006051
"ASV_2144",0.120014594577505,0.00373199091168383,0.865,0.997104236006051
"ASV_2149",0.218425591024634,0.00748882592405983,0.783,0.997104236006051
"ASV_2162",0.0964663149516003,0.00318320016676116,0.947,0.997104236006051
"ASV_2164",0.179806957243162,0.00551393603940092,0.882,0.997104236006051
"ASV_2193",1.12291315459327,0.0349457017538021,0.916,0.997104236006051
"ASV_2219",0.0795349286686179,0.00293461634163171,0.804,0.997104236006051
"ASV_2220",0.12737149172944,0.00407266214257164,0.941,0.997104236006051
"ASV_2225",0.167823778108585,0.00536318426794406,0.726,0.997104236006051
"ASV_2229",0.113984440345048,0.00361946069096587,0.864,0.997104236006051
"ASV_2249",0.193351724049857,0.00600263857631151,0.862,0.997104236006051
"ASV_2265",0.410778194929764,0.0131216344747453,0.769,0.997104236006051
"ASV_2273",0.136458190468876,0.00448622091677829,0.761,0.997104236006051
"ASV_2275",0.328588918505081,0.0104902381758443,0.749,0.997104236006051
"ASV_2282",0.437296608005679,0.0141389000850824,0.733,0.997104236006051
"ASV_2293",0.227034009994934,0.00719278175475492,0.736,0.997104236006051
"ASV_2303",1.12404898973242,0.0354878617322465,0.83,0.997104236006051
"ASV_2314",0.975042373714543,0.0303249304067443,0.91,0.997104236006051
"ASV_2315",0.0902614030271317,0.0027069791751216,0.902,0.997104236006051
"ASV_2319",0.139439032180684,0.00489285045995194,0.915,0.997104236006051
"ASV_2320",2.21875519846597,0.0670042097674438,0.724,0.997104236006051
"ASV_2339",0.169334849248829,0.00546757607994379,0.858,0.997104236006051
"ASV_2342",0.499036328006626,0.0158461564993418,0.895,0.997104236006051
"ASV_2345",0.0999579457418935,0.00346207567575198,0.934,0.997104236006051
"ASV_2348",0.0855115897914927,0.00278702555252245,0.916,0.997104236006051
"ASV_2354",0.0563148990398921,0.00184434810596096,0.803,0.997104236006051
"ASV_2357",0.0607491060052724,0.00197112742309282,0.833,0.997104236006051
"ASV_2367",0.345610736459595,0.0113728297044425,0.688,0.997104236006051
"ASV_2377",2.25584234482366,0.0681948092192983,0.787,0.997104236006051
"ASV_2379",0.293622574751461,0.00955605251980194,0.874,0.997104236006051
"ASV_2380",0.213875463134953,0.0063712927634018,0.855,0.997104236006051
"ASV_2384",2.61595201956413,0.077871119811061,0.825,0.997104236006051
"ASV_2386",0.413627793620915,0.0131856167936599,0.841,0.997104236006051
"ASV_2387",0.213897354791667,0.00678344628480745,0.827,0.997104236006051
"ASV_2402",0.189107898579936,0.00707249904671934,0.706,0.997104236006051
"ASV_2409",0.551556470391449,0.0176795757162454,0.858,0.997104236006051
"ASV_2412",0.655539206528068,0.0213220102303091,0.811,0.997104236006051
"ASV_2420",0.527839009818031,0.0164245643066464,0.942,0.997104236006051
"ASV_2424",0.514283740333077,0.0157213489305127,0.784,0.997104236006051
"ASV_2434",0.268123342862259,0.00875186662982633,0.853,0.997104236006051
"ASV_2439",0.114129278421839,0.00333012621795447,0.853,0.997104236006051
"ASV_2442",0.11213280265798,0.00351037015931101,0.821,0.997104236006051
"ASV_2456",0.204522751692555,0.00631645826312566,0.837,0.997104236006051
"ASV_2459",0.207771649225687,0.00666364675176986,0.758,0.997104236006051
"ASV_2464",0.333836454221645,0.0106398393910072,0.756,0.997104236006051
"ASV_2468",0.524625198858328,0.016239690021243,0.776,0.997104236006051
"ASV_2472",0.22329761257241,0.00707819939713433,0.77,0.997104236006051
"ASV_2499",0.107210071926814,0.00328174404900816,0.766,0.997104236006051
"ASV_2508",0.0816270380797455,0.0029937752179428,0.938,0.997104236006051
"ASV_2514",0.253764140832583,0.00810679222277984,0.813,0.997104236006051
"ASV_2521",0.0801077135543036,0.00258473601222775,0.802,0.997104236006051
"ASV_2524",0.213998671323218,0.00681274455472174,0.751,0.997104236006051
"ASV_2527",0.398712910131411,0.0127590155863732,0.867,0.997104236006051
"ASV_2528",0.472833523934284,0.0151589287950006,0.755,0.997104236006051
"ASV_2534",0.177050942092679,0.00569174552964294,0.85,0.997104236006051
"ASV_2542",0.531389313415515,0.0168669987656136,0.694,0.997104236006051
"ASV_2547",0.432370185611617,0.013287297371053,0.763,0.997104236006051
"ASV_2549",0.350538339415398,0.0109410666550661,0.732,0.997104236006051
"ASV_2552",0.0702127916703177,0.0025123589938763,0.869,0.997104236006051
"ASV_2564",0.759759798861962,0.0238087946062791,0.806,0.997104236006051
"ASV_2565",0.503749525815721,0.0160518871264586,0.771,0.997104236006051
"ASV_2567",0.714109354123344,0.0224423070728816,0.843,0.997104236006051
"ASV_2573",0.082925778638916,0.00259529092441154,0.946,0.997104236006051
"ASV_2584",0.11719863208988,0.00391432357106213,0.777,0.997104236006051
"ASV_2590",0.313820550748765,0.010034417633726,0.789,0.997104236006051
"ASV_2593",0.0981302141088241,0.00267640073275472,0.906,0.997104236006051
"ASV_2595",0.537583554718273,0.0173105501403791,0.932,0.997104236006051
"ASV_2603",0.0485176219198767,0.00114768963359113,0.953,0.997104236006051
"ASV_2626",0.249799511928782,0.007645834454077,0.888,0.997104236006051
"ASV_2628",0.279600067252412,0.00908011390640917,0.757,0.997104236006051
"ASV_2631",0.108825747480727,0.00353852516428083,0.683,0.997104236006051
"ASV_2637",0.251160724109371,0.0073021161534856,0.851,0.997104236006051
"ASV_2660",0.310597043785119,0.00981923946344306,0.779,0.997104236006051
"ASV_2671",0.217047605384082,0.00705387622684375,0.746,0.997104236006051
"ASV_2714",0.171410326715473,0.00521345845228648,0.9,0.997104236006051
"ASV_2718",0.156767081185337,0.00488958916020855,0.934,0.997104236006051
"ASV_2720",0.619251103296141,0.0185252562864754,0.716,0.997104236006051
"ASV_2731",0.722967834274026,0.0227515247213169,0.729,0.997104236006051
"ASV_2733",0.779891193120746,0.0245561123063236,0.756,0.997104236006051
"ASV_2734",1.26337416253082,0.039184852652485,0.874,0.997104236006051
"ASV_2737",0.172394775075363,0.00547190830212925,0.726,0.997104236006051
"ASV_2753",0.322996883425345,0.0104643893522266,0.796,0.997104236006051
"ASV_2763",0.871288260236248,0.0275517191115659,0.957,0.997104236006051
"ASV_2768",0.354532028483107,0.0109002728389121,0.72,0.997104236006051
"ASV_2781",0.863450326130968,0.0273337239645829,0.717,0.997104236006051
"ASV_2791",0.113540832257599,0.00360210884750869,0.892,0.997104236006051
"ASV_2806",0.0168773407095728,0.000613917013160112,0.875,0.997104236006051
"ASV_2819",0.0374534300158863,0.00118753990714938,0.947,0.997104236006051
"ASV_2825",0.534081191008786,0.0169005869543428,0.679,0.997104236006051
"ASV_2827",0.357844790370989,0.0112366771690994,0.785,0.997104236006051
"ASV_2841",0.0767606429019117,0.00228617394205221,0.895,0.997104236006051
"ASV_2850",0.0806910220173187,0.00262802554280972,0.922,0.997104236006051
"ASV_2856",0.239661580633441,0.00817494164085537,0.871,0.997104236006051
"ASV_2858",0.464038046887442,0.0153895278637027,0.876,0.997104236006051
"ASV_2860",0.253782572607152,0.00815057105561201,0.747,0.997104236006051
"ASV_2877",0.190742193852237,0.00571436919336426,0.847,0.997104236006051
"ASV_2892",0.770983817995695,0.0236632910575325,0.741,0.997104236006051
"ASV_2910",0.407084197913827,0.0123891910645859,0.717,0.997104236006051
"ASV_2911",0.101910732987473,0.00324180117593274,0.69,0.997104236006051
"ASV_2913",0.159171096398343,0.005152559611438,0.889,0.997104236006051
"ASV_2915",0.250410960145361,0.00828839024583321,0.792,0.997104236006051
"ASV_2929",0.237914845030537,0.0078096969569849,0.825,0.997104236006051
"ASV_2931",0.207364057798287,0.0067470015856444,0.938,0.997104236006051
"ASV_2932",0.514133838692358,0.0163486956988429,0.885,0.997104236006051
"ASV_2943",0.195772280881283,0.00648064631808895,0.818,0.997104236006051
"ASV_2953",0.0669823117869148,0.0021586944442373,0.895,0.997104236006051
"ASV_2954",0.0850961295205219,0.0027320355714799,0.925,0.997104236006051
"ASV_2962",0.486734092373295,0.0144154823911709,0.785,0.997104236006051
"ASV_2963",0.138205528012889,0.00436977328069202,0.885,0.997104236006051
"ASV_2966",0.697586067488118,0.0218050310948022,0.695,0.997104236006051
"ASV_2967",0.0638820026804415,0.00207291383932721,0.922,0.997104236006051
"ASV_2987",0.378355988421285,0.0121052547925759,0.838,0.997104236006051
"ASV_2995",0.749804640673635,0.0239489042546261,0.708,0.997104236006051
"ASV_3002",0.123190587984384,0.00397224013245165,0.918,0.997104236006051
"ASV_3018",1.18997142611689,0.0368327960282799,0.878,0.997104236006051
"ASV_3026",0.0729102064789366,0.00241362127456009,0.871,0.997104236006051
"ASV_3027",0.0144244973056665,0.000479598282714161,0.829,0.997104236006051
"ASV_3030",0.187705846485529,0.00607811314914005,0.872,0.997104236006051
"ASV_3032",0.416417280260213,0.0132603115816656,0.83,0.997104236006051
"ASV_3046",0.107082031323459,0.00352492619254635,0.855,0.997104236006051
"ASV_3049",0.309758391106015,0.0099332859444992,0.803,0.997104236006051
"ASV_3060",0.151257502776186,0.00500620345827671,0.842,0.997104236006051
"ASV_3064",0.27792925483308,0.00905249219321448,0.721,0.997104236006051
"ASV_3067",0.269982937487067,0.00864968152362456,0.872,0.997104236006051
"ASV_3100",0.274533864160207,0.00899178203873784,0.717,0.997104236006051
"ASV_3105",1.0745571942425,0.0335089083709942,0.849,0.997104236006051
"ASV_3117",0.0862233451446394,0.00282307570712364,0.907,0.997104236006051
"ASV_3119",0.308321586119587,0.00985974483997169,0.871,0.997104236006051
"ASV_3121",0.366312545247771,0.0118460007043153,0.685,0.997104236006051
"ASV_3125",0.126586776843911,0.00391984361751412,0.835,0.997104236006051
"ASV_3129",0.0370831624443709,0.00121439043961799,0.94,0.997104236006051
"ASV_3134",0.204190498294716,0.00654302032676222,0.84,0.997104236006051
"ASV_3143",0.178797874652591,0.00558814072041243,0.845,0.997104236006051
"ASV_3144",0.181232179209653,0.00586369553025644,0.88,0.997104236006051
"ASV_3150",0.388833727712825,0.012260444994738,0.697,0.997104236006051
"ASV_3158",0.330766719361652,0.0103686497315524,0.755,0.997104236006051
"ASV_3161",0.265902511482983,0.0088494626370581,0.69,0.997104236006051
"ASV_3164",0.31921386587073,0.00997586524813307,0.812,0.997104236006051
"ASV_3165",0.301773286410275,0.00971036353924017,0.741,0.997104236006051
"ASV_3169",0.318490140635269,0.0095446094042391,0.929,0.997104236006051
"ASV_3187",0.735278305295597,0.0231364902396908,0.795,0.997104236006051
"ASV_3201",0.240608644423885,0.00744305628563322,0.684,0.997104236006051
"ASV_3202",0.605310066795953,0.0195823259895051,0.748,0.997104236006051
"ASV_3205",0.103713985344954,0.00280765987102816,0.855,0.997104236006051
"ASV_3208",0.133403821727602,0.00445542744852532,0.788,0.997104236006051
"ASV_3224",0.156214697494258,0.0048915635751394,0.942,0.997104236006051
"ASV_3232",0.288434329579209,0.00933723549637112,0.745,0.997104236006051
"ASV_3236",0.170924984436471,0.00575217626234025,0.933,0.997104236006051
"ASV_3238",0.445448452058245,0.014544671086488,0.823,0.997104236006051
"ASV_3242",0.446882788579782,0.0146201322494489,0.756,0.997104236006051
"ASV_3257",0.123568257608369,0.00408617871341061,0.946,0.997104236006051
"ASV_3266",0.488444051173369,0.0154822953620431,0.807,0.997104236006051
"ASV_3273",0.20005096618076,0.00632102222577259,0.877,0.997104236006051
"ASV_3281",2.27909394389508,0.0681175085660059,0.816,0.997104236006051
"ASV_3283",0.346592813931485,0.0108699859237837,0.829,0.997104236006051
"ASV_3284",0.303347861425433,0.00957367548023525,0.811,0.997104236006051
"ASV_3285",0.88274371710654,0.027699193275568,0.685,0.997104236006051
"ASV_3305",0.028146451382668,0.00090547901077636,0.946,0.997104236006051
"ASV_3308",0.203198421930188,0.00649762543568682,0.753,0.997104236006051
"ASV_3330",0.105501615648745,0.00342771736467868,0.874,0.997104236006051
"ASV_3331",0.426634346881739,0.0134175559875882,0.858,0.997104236006051
"ASV_3344",0.237015461313661,0.00759452963688909,0.842,0.997104236006051
"ASV_3345",0.926882167594689,0.0293983458813795,0.929,0.997104236006051
"ASV_3346",1.08534151587196,0.0336144811684705,0.716,0.997104236006051
"ASV_3367",0.422673563339202,0.0134465043051244,0.724,0.997104236006051
"ASV_3368",0.366112139953356,0.0112811333546917,0.695,0.997104236006051
"ASV_3379",0.310522273954736,0.00962426966265017,0.746,0.997104236006051
"ASV_3380",0.0926092121399378,0.00291925069827686,0.755,0.997104236006051
"ASV_3382",0.187871922059748,0.00598091717229581,0.745,0.997104236006051
"ASV_3405",0.0357716149345453,0.0010939341233706,0.946,0.997104236006051
"ASV_3414",0.0989068840806823,0.00319309330883633,0.847,0.997104236006051
"ASV_3421",0.0553945248635783,0.00199386241104379,0.893,0.997104236006051
"ASV_3423",0.175231168764063,0.00543962861633788,0.875,0.997104236006051
"ASV_3424",0.409052880691533,0.0128453492460587,0.717,0.997104236006051
"ASV_3454",0.178198259131839,0.00572968749117431,0.933,0.997104236006051
"ASV_3462",0.814964048945831,0.0256204912814009,0.763,0.997104236006051
"ASV_3485",0.026643124970459,0.000960630652490269,0.899,0.997104236006051
"ASV_3486",0.386292100202915,0.0127360293219906,0.717,0.997104236006051
"ASV_3498",0.136447370816268,0.00427589040258227,0.821,0.997104236006051
"ASV_3512",0.761747334170734,0.0239940143329489,0.694,0.997104236006051
"ASV_3515",0.163915396276696,0.00533759385770443,0.839,0.997104236006051
"ASV_3525",0.292592545459652,0.00937240042484579,0.814,0.997104236006051
"ASV_3526",0.591022634142998,0.0185693618604918,0.79,0.997104236006051
"ASV_3531",0.50345379230352,0.0148038042429416,0.681,0.997104236006051
"ASV_3542",0.277588138423464,0.00879569114347842,0.722,0.997104236006051
"ASV_3546",0.0827278288854707,0.00268410498071238,0.905,0.997104236006051
"ASV_3550",0.397629388818201,0.0126425265753457,0.731,0.997104236006051
"ASV_3552",0.10965815366375,0.00327189216901738,0.804,0.997104236006051
"ASV_3561",0.292260122891673,0.00931855007676584,0.724,0.997104236006051
"ASV_3577",0.369031557974993,0.0117204691664084,0.81,0.997104236006051
"ASV_3582",0.190622124411053,0.00589465032756815,0.908,0.997104236006051
"ASV_3620",0.41146152280311,0.0134761638388517,0.776,0.997104236006051
"ASV_3629",0.0428797601994996,0.0014035439015983,0.829,0.997104236006051
"ASV_3637",0.102871603071998,0.00339670049586863,0.899,0.997104236006051
"ASV_3641",0.547372475290826,0.0167587806651333,0.695,0.997104236006051
"ASV_3650",0.265161756965627,0.00840470350847954,0.805,0.997104236006051
"ASV_3658",0.40853182882017,0.0128363026132488,0.697,0.997104236006051
"ASV_3662",0.335804203452266,0.0107453230233185,0.761,0.997104236006051
"ASV_3670",0.0948639803196844,0.00306589559418901,0.88,0.997104236006051
"ASV_3674",0.263915379856672,0.00842558165911852,0.951,0.997104236006051
"ASV_3690",0.250375720174869,0.00818134508356637,0.84,0.997104236006051
"ASV_3696",0.298834161879055,0.00969185861693728,0.72,0.997104236006051
"ASV_3715",2.32385075600915,0.0699605163204509,0.75,0.997104236006051
"ASV_3717",0.234632844631654,0.00718125979714837,0.844,0.997104236006051
"ASV_3729",0.793567193586376,0.0248591950513792,0.709,0.997104236006051
"ASV_3742",0.612428929580717,0.0194220208969791,0.696,0.997104236006051
"ASV_3744",0.110909706364624,0.00400496951874369,0.85,0.997104236006051
"ASV_3753",0.0507007299074728,0.00161895878703744,0.955,0.997104236006051
"ASV_3760",0.103244564018917,0.00334475418919087,0.935,0.997104236006051
"ASV_3772",0.47524190492322,0.0151383362978869,0.707,0.997104236006051
"ASV_3794",0.296516829646578,0.00989693324023452,0.862,0.997104236006051
"ASV_3799",0.524946448581156,0.0165526693248299,0.758,0.997104236006051
"ASV_3802",0.447212096082862,0.0140827018413397,0.718,0.997104236006051
"ASV_3813",0.401617001924667,0.0126148091038864,0.739,0.997104236006051
"ASV_3817",2.09143258040973,0.0632431297430687,0.897,0.997104236006051
"ASV_3819",0.282249965442548,0.00875390509446037,0.717,0.997104236006051
"ASV_3820",0.0902261028704251,0.00322281280598009,0.943,0.997104236006051
"ASV_3851",0.192657403245745,0.00618226132806185,0.822,0.997104236006051
"ASV_3852",0.204787599156526,0.00717058572331106,0.784,0.997104236006051
"ASV_3874",0.777627068497594,0.0248434216921138,0.705,0.997104236006051
"ASV_3882",0.265264962598808,0.00813759396935061,0.755,0.997104236006051
"ASV_3888",0.151287066623251,0.00495378177579413,0.832,0.997104236006051
"ASV_3900",0.130002826618443,0.00373207394995013,0.799,0.997104236006051
"ASV_3903",1.11604486361717,0.0350071539048026,0.697,0.997104236006051
"ASV_3904",0.0510717345760886,0.0015507507369739,0.932,0.997104236006051
"ASV_3912",0.821810978805507,0.0261963316100188,0.731,0.997104236006051
"ASV_3915",0.501444331880383,0.0160338278945376,0.741,0.997104236006051
"ASV_3916",0.0766833682140118,0.00248529700589105,0.918,0.997104236006051
"ASV_3926",0.430668067477681,0.0133254830810434,0.849,0.997104236006051
"ASV_3930",0.42377082837014,0.0134172911452329,0.744,0.997104236006051
"ASV_3932",0.0248377194990745,0.000797716368204845,0.892,0.997104236006051
"ASV_3944",0.749850978362783,0.0236095228254394,0.808,0.997104236006051
"ASV_3949",0.180353322290223,0.00613786726534689,0.809,0.997104236006051
"ASV_3961",0.384997983948885,0.0125701623749945,0.849,0.997104236006051
"ASV_3963",0.0621303612414088,0.0020835413016889,0.926,0.997104236006051
"ASV_3964",0.0445235668229082,0.00142165029468036,0.918,0.997104236006051
"ASV_3967",0.0594372713401929,0.00188084991981552,0.911,0.997104236006051
"ASV_3983",0.679144605922174,0.0213385282090379,0.875,0.997104236006051
"ASV_3986",0.207235645473536,0.00663395288041883,0.946,0.997104236006051
"ASV_4007",0.587400096226704,0.0187724455326417,0.691,0.997104236006051
"ASV_4011",0.349422440976407,0.0115367464143103,0.903,0.997104236006051
"ASV_4025",0.428724240604743,0.0137971014019452,0.689,0.997104236006051
"ASV_4050",0.306004915945054,0.00950619289469359,0.862,0.997104236006051
"ASV_4054",0.569044362060332,0.0186065456202565,0.725,0.997104236006051
"ASV_4066",0.242560892645987,0.00778545001255619,0.807,0.997104236006051
"ASV_4071",0.649713054505229,0.0205334641726421,0.74,0.997104236006051
"ASV_4085",0.0591424775982015,0.00189871899199532,0.945,0.997104236006051
"ASV_4089",0.144553814699672,0.00460335291690538,0.746,0.997104236006051
"ASV_4092",0.319762962643628,0.0103622803196628,0.687,0.997104236006051
"ASV_4107",0.135304173939837,0.00429577679019471,0.868,0.997104236006051
"ASV_4108",0.181641440122266,0.00585211552961607,0.846,0.997104236006051
"ASV_4112",0.557554937708564,0.0177390881602375,0.939,0.997104236006051
"ASV_4119",0.294660685454224,0.00928118556660271,0.77,0.997104236006051
"ASV_4132",0.558419550582945,0.0178163542031501,0.766,0.997104236006051
"ASV_4137",0.352789168818209,0.0112295819791685,0.901,0.997104236006051
"ASV_4145",0.0449253155534851,0.0014946509101928,0.903,0.997104236006051
"ASV_4154",0.52641827826935,0.0168804127130056,0.884,0.997104236006051
"ASV_4158",1.07624214633661,0.0332895970006824,0.872,0.997104236006051
"ASV_4167",0.372264246679098,0.0118124610902353,0.881,0.997104236006051
"ASV_4191",0.237236135192537,0.00750387368288759,0.727,0.997104236006051
"ASV_4206",0.0618129423822401,0.00206681846521857,0.923,0.997104236006051
"ASV_4223",0.0394492298405303,0.00123807526220877,0.928,0.997104236006051
"ASV_4231",0.592280249912178,0.0183657394251789,0.72,0.997104236006051
"ASV_4233",0.34263796043627,0.010951505806293,0.751,0.997104236006051
"ASV_4237",0.0957963775956535,0.00280063650181976,0.796,0.997104236006051
"ASV_4250",0.0408766083980762,0.00132401435404624,0.918,0.997104236006051
"ASV_4255",0.673304854619593,0.0223108007184057,0.709,0.997104236006051
"ASV_4256",0.0368485236688351,0.00119066258091139,0.906,0.997104236006051
"ASV_4264",1.42653491590053,0.0436222148199785,0.703,0.997104236006051
"ASV_4269",1.19914708667347,0.0366781730401543,0.697,0.997104236006051
"ASV_4272",0.519719256631523,0.0164150780771228,0.685,0.997104236006051
"ASV_4273",0.0701105489693069,0.00247331017781912,0.895,0.997104236006051
"ASV_4276",0.0747221205712007,0.00242122318185008,0.921,0.997104236006051
"ASV_4279",0.124063147258326,0.00423093477052444,0.915,0.997104236006051
"ASV_4281",0.0302376436553727,0.000999231366848962,0.948,0.997104236006051
"ASV_4282",0.159621108485933,0.00516930333191587,0.851,0.997104236006051
"ASV_4288",0.0720274422266967,0.00216678886260107,0.896,0.997104236006051
"ASV_4311",0.384862620467902,0.0120277311908575,0.857,0.997104236006051
"ASV_4312",0.89876179903505,0.0286428334759683,0.756,0.997104236006051
"ASV_4317",0.221822042530155,0.00708826738738245,0.883,0.997104236006051
"ASV_4321",0.481160498348584,0.0151643021511995,0.707,0.997104236006051
"ASV_4334",0.11412559087665,0.00361675169052655,0.917,0.997104236006051
"ASV_4336",0.375924721494396,0.0124258206744411,0.681,0.997104236006051
"ASV_4346",0.0547187464010852,0.00162312196632893,0.718,0.997104236006051
"ASV_4366",0.332168521091727,0.0106311318670574,0.715,0.997104236006051
"ASV_4367",1.49849677888017,0.0461605794776017,0.87,0.997104236006051
"ASV_4388",0.165285441560751,0.00560147559364461,0.814,0.997104236006051
"ASV_4424",0.221336552676406,0.00734226499314213,0.774,0.997104236006051
"ASV_4429",0.0748269213145808,0.00228581912104201,0.956,0.997104236006051
"ASV_4430",0.193459451643186,0.00622700673912409,0.751,0.997104236006051
"ASV_4438",0.745461935484216,0.0233498670589873,0.704,0.997104236006051
"ASV_4441",0.0930793144270892,0.00296837783230796,0.944,0.997104236006051
"ASV_4450",0.428147029153993,0.0132640909681501,0.76,0.997104236006051
"ASV_4455",0.39781736368556,0.0124251958897781,0.793,0.997104236006051
"ASV_4461",0.144528321393074,0.00420826809939793,0.749,0.997104236006051
"ASV_4474",0.62357674419448,0.0199086853404896,0.737,0.997104236006051
"ASV_4476",0.458565665608556,0.0144632454982726,0.808,0.997104236006051
"ASV_4478",0.419674297810272,0.0133608663008157,0.772,0.997104236006051
"ASV_4480",0.0497327591289416,0.00156311231995255,0.922,0.997104236006051
"ASV_4491",0.869213936117086,0.0270868573684726,0.712,0.997104236006051
"ASV_4497",0.133949657275518,0.00480455719893021,0.844,0.997104236006051
"ASV_4505",0.909451549100737,0.0280067176060676,0.725,0.997104236006051
"ASV_4520",0.277466721941223,0.0088644793695089,0.714,0.997104236006051
"ASV_4521",0.220039812002356,0.00737391609194169,0.762,0.997104236006051
"ASV_4552",0.235342778872867,0.00766769652373202,0.799,0.997104236006051
"ASV_4562",0.0536203165546747,0.00177129724671155,0.879,0.997104236006051
"ASV_4571",0.258690090581387,0.00782718255873533,0.698,0.997104236006051
"ASV_4578",0.0407111665734736,0.00127132851495666,0.95,0.997104236006051
"ASV_4587",0.227730731839997,0.0076623850763966,0.843,0.997104236006051
"ASV_4594",0.0806960003221393,0.00266573637235733,0.888,0.997104236006051
"ASV_4602",0.0626044074789034,0.0022325330115752,0.902,0.997104236006051
"ASV_4603",0.408002334893544,0.0131494411362154,0.817,0.997104236006051
"ASV_4625",1.30639906072134,0.0403879442009089,0.887,0.997104236006051
"ASV_4631",0.155928750215373,0.00493488210235569,0.828,0.997104236006051
"ASV_4634",0.113701111257354,0.00366035604236437,0.765,0.997104236006051
"ASV_4640",0.224307823707178,0.00692563817728898,0.865,0.997104236006051
"ASV_4643",0.10853375472223,0.00333324002745588,0.732,0.997104236006051
"ASV_4645",0.144862904782924,0.00465202988873518,0.895,0.997104236006051
"ASV_4646",0.403039913113538,0.0130049757231337,0.746,0.997104236006051
"ASV_4650",0.0747541964953095,0.00227804763243115,0.714,0.997104236006051
"ASV_4653",4.82785584339912,0.134702955698441,0.926,0.997104236006051
"ASV_4654",1.50781150301578,0.0466093141477611,0.721,0.997104236006051
"ASV_4656",0.170278724171926,0.00536873218041444,0.798,0.997104236006051
"ASV_4667",0.70098518531182,0.0219814380803675,0.758,0.997104236006051
"ASV_4669",0.836820776282775,0.0259524642828744,0.72,0.997104236006051
"ASV_4673",0.353233289669861,0.0112206304852915,0.844,0.997104236006051
"ASV_4674",1.54768852282397,0.0477125712438445,0.824,0.997104236006051
"ASV_4676",0.0647327002944514,0.00185263041936854,0.741,0.997104236006051
"ASV_4681",0.139363854320404,0.00430512279488205,0.929,0.997104236006051
"ASV_4686",0.0852953746903246,0.00269550610256794,0.955,0.997104236006051
"ASV_4687",0.0949704028488513,0.00294341349192438,0.863,0.997104236006051
"ASV_4692",1.46968941203517,0.0448899380561614,0.74,0.997104236006051
"ASV_4695",0.265204166722361,0.00840403457700342,0.723,0.997104236006051
"ASV_4722",0.0303775897336983,0.000841804204407554,0.954,0.997104236006051
"ASV_4727",0.42441057978138,0.0132123429859664,0.814,0.997104236006051
"ASV_4729",0.266436155335691,0.00855117312376027,0.853,0.997104236006051
"ASV_4731",2.11019140260463,0.0640287419499604,0.949,0.997104236006051
"ASV_4733",0.095720851267445,0.00282798972255189,0.746,0.997104236006051
"ASV_4735",0.498943452693657,0.015681019039002,0.793,0.997104236006051
"ASV_4737",0.256467568872933,0.00828046911192103,0.751,0.997104236006051
"ASV_4741",0.113796040596518,0.0036740923105981,0.912,0.997104236006051
"ASV_4747",0.109165251025733,0.00353010668287032,0.763,0.997104236006051
"ASV_4748",0.260676812010581,0.00815569476427894,0.698,0.997104236006051
"ASV_4763",3.38770613307025,0.0985519381611348,0.89,0.997104236006051
"ASV_4802",1.25283655204668,0.0388602567882098,0.748,0.997104236006051
"ASV_4814",0.209461659246603,0.00666845847572827,0.903,0.997104236006051
"ASV_4830",0.404245619668494,0.0121066085789226,0.727,0.997104236006051
"ASV_4831",0.0489060461139445,0.00142924485628206,0.957,0.997104236006051
"ASV_4851",0.52791950649194,0.0167160966077707,0.691,0.997104236006051
"ASV_4853",0.588691542448146,0.0183574991940727,0.737,0.997104236006051
"ASV_4854",0.42254165260518,0.0134467680130823,0.759,0.997104236006051
"ASV_4873",0.812875092975152,0.0265107843154723,0.726,0.997104236006051
"ASV_4883",0.212319600537255,0.00681596937207266,0.795,0.997104236006051
"ASV_4884",0.233812436504344,0.00737681429349765,0.691,0.997104236006051
"ASV_4885",0.292388802745015,0.00957007448307228,0.857,0.997104236006051
"ASV_4894",0.0981293150480023,0.00315690647422718,0.881,0.997104236006051
"ASV_4903",0.263294394284395,0.00870591251463864,0.831,0.997104236006051
"ASV_4907",0.0721921581464559,0.0022633283625858,0.952,0.997104236006051
"ASV_4918",0.116925096460712,0.00384489917514657,0.796,0.997104236006051
"ASV_4930",0.27972568493369,0.0088926101910257,0.754,0.997104236006051
"ASV_4939",2.07842299087561,0.062486761512034,0.745,0.997104236006051
"ASV_4945",0.439433733780881,0.0142317728012459,0.832,0.997104236006051
"ASV_4947",0.162560923954639,0.00527923707674152,0.901,0.997104236006051
"ASV_4964",0.261184607958725,0.00780934990694066,0.842,0.997104236006051
"ASV_4968",0.0977597817217445,0.00319688844815584,0.925,0.997104236006051
"ASV_4977",0.250208531849381,0.0079558892591422,0.857,0.997104236006051
"ASV_4983",0.398434381279353,0.0119982639604802,0.797,0.997104236006051
"ASV_4984",0.45268273447997,0.0143455123552383,0.724,0.997104236006051
"ASV_4990",0.0997926217848575,0.00317333461122779,0.912,0.997104236006051
"ASV_4992",0.180359444647791,0.00565452981505586,0.738,0.997104236006051
"ASV_4994",0.0970917705336873,0.00325091255377432,0.858,0.997104236006051
"ASV_4995",0.647185860303885,0.0204437898065865,0.764,0.997104236006051
"ASV_5000",1.02048646182393,0.0321592336835603,0.953,0.997104236006051
"ASV_5002",0.0708603119658918,0.00231975621783379,0.77,0.997104236006051
"ASV_5007",0.188850989522119,0.00574434975237584,0.922,0.997104236006051
"ASV_5008",0.0933757163066738,0.00294676208819363,0.926,0.997104236006051
"ASV_5010",0.100811511508435,0.0032092262761644,0.799,0.997104236006051
"ASV_5013",0.197247323979058,0.00609509415540809,0.785,0.997104236006051
"ASV_5017",0.205054463596969,0.00661424908247907,0.803,0.997104236006051
"ASV_5020",1.50855782938236,0.0471975394467576,0.791,0.997104236006051
"ASV_5030",0.130607884704138,0.00401962003959206,0.927,0.997104236006051
"ASV_5068",0.094695749204545,0.00292746797653908,0.859,0.997104236006051
"ASV_5072",0.0708550586473821,0.00244931710476322,0.874,0.997104236006051
"ASV_5083",0.928202504512808,0.0290751483152644,0.71,0.997104236006051
"ASV_5091",0.443952265025733,0.0141889383477233,0.814,0.997104236006051
"ASV_5092",1.60455633176639,0.0494251825621262,0.948,0.997104236006051
"ASV_5101",2.42265435037745,0.0722961767655185,0.847,0.997104236006051
"ASV_5103",0.170569461557827,0.00524076422726355,0.887,0.997104236006051
"ASV_5104",0.0803295377855633,0.00253611420371345,0.907,0.997104236006051
"ASV_5105",0.261875702662834,0.00840481983612811,0.84,0.997104236006051
"ASV_5142",0.195930335784281,0.00636232835552389,0.848,0.997104236006051
"ASV_5147",0.473507726378248,0.014801795699025,0.754,0.997104236006051
"ASV_5170",0.177389173609011,0.00582374284097259,0.726,0.997104236006051
"ASV_5176",0.250774499364006,0.00799919998635514,0.928,0.997104236006051
"ASV_5184",0.0404557686287958,0.00130199038918661,0.942,0.997104236006051
"ASV_5193",0.0854004981803983,0.0027629696138776,0.955,0.997104236006051
"ASV_5200",0.728880669997149,0.0229971493285972,0.777,0.997104236006051
"ASV_5201",0.130661678542515,0.00396788554882795,0.925,0.997104236006051
"ASV_5208",0.386972148166602,0.0125537604990242,0.686,0.997104236006051
"ASV_5231",0.166095969087681,0.00512078226605148,0.822,0.997104236006051
"ASV_5238",0.585190362713697,0.0184050922127947,0.72,0.997104236006051
"ASV_5267",0.0106129043951022,0.000377499068479359,0.937,0.997104236006051
"ASV_5297",0.169217950649521,0.0053988243586831,0.82,0.997104236006051
"ASV_5304",0.381093344573795,0.0117989267161954,0.812,0.997104236006051
"ASV_5312",0.158393479754674,0.0051268936155441,0.91,0.997104236006051
"ASV_5321",0.243218007917342,0.00784817315648068,0.876,0.997104236006051
"ASV_5335",0.0554521213059115,0.00184634890717776,0.957,0.997104236006051
"ASV_5337",0.753947749903873,0.0233961602221091,0.692,0.997104236006051
"ASV_5343",0.348388342512368,0.0109242212713357,0.927,0.997104236006051
"ASV_5373",0.213338976743241,0.00680893852361935,0.776,0.997104236006051
"ASV_5380",0.519437316066812,0.0163711032968899,0.736,0.997104236006051
"ASV_5383",0.362589979172085,0.0120830641933848,0.719,0.997104236006051
"ASV_5396",0.051189899936489,0.00159051343866353,0.95,0.997104236006051
"ASV_5398",0.294655210662948,0.008760910186785,0.825,0.997104236006051
"ASV_5399",0.674136784132589,0.0212646314539914,0.735,0.997104236006051
"ASV_5415",0.271254797437599,0.00902917687068055,0.769,0.997104236006051
"ASV_5420",0.115149759131257,0.00357266238628808,0.85,0.997104236006051
"ASV_5423",0.341992086655732,0.0112072959899572,0.701,0.997104236006051
"ASV_5425",0.641153946602399,0.0206970669671632,0.709,0.997104236006051
"ASV_5432",0.268223794145201,0.00896631622999341,0.696,0.997104236006051
"ASV_5435",0.32320641634937,0.0106072305710192,0.826,0.997104236006051
"ASV_5439",0.113758666925128,0.00375375573104781,0.945,0.997104236006051
"ASV_5446",0.397397280960875,0.0126003735241655,0.826,0.997104236006051
"ASV_5456",0.247355286108368,0.00766721021047591,0.78,0.997104236006051
"ASV_5460",0.0601568662832628,0.00188832537106189,0.88,0.997104236006051
"ASV_5468",0.270594269719016,0.00900052380345948,0.808,0.997104236006051
"ASV_5473",0.473325529481993,0.0149135606777649,0.698,0.997104236006051
"ASV_5477",0.44458946501784,0.014349385228476,0.694,0.997104236006051
"ASV_5484",0.52209617946709,0.0167495113283057,0.771,0.997104236006051
"ASV_5510",0.814910857666537,0.0254375993376835,0.734,0.997104236006051
"ASV_5511",0.0654969494487433,0.00204651886329301,0.834,0.997104236006051
"ASV_5520",0.155628292131259,0.00447854593776607,0.843,0.997104236006051
"ASV_5528",0.0851154606839077,0.00264414875216675,0.951,0.997104236006051
"ASV_5545",1.03160148030372,0.0321714841359728,0.834,0.997104236006051
"ASV_5546",0.377370367870037,0.0120829351502941,0.735,0.997104236006051
"ASV_5549",0.407273374058865,0.0130198634689232,0.781,0.997104236006051
"ASV_5577",0.415974417255828,0.0128805267072584,0.832,0.997104236006051
"ASV_5578",0.55383617272635,0.0175164265754605,0.802,0.997104236006051
"ASV_5583",0.401592813913088,0.0128707723025762,0.945,0.997104236006051
"ASV_5590",0.422684262331484,0.0135504106836087,0.781,0.997104236006051
"ASV_5603",0.597675114200126,0.0186791798428626,0.727,0.997104236006051
"ASV_5621",0.0727523465211388,0.00230151193797432,0.932,0.997104236006051
"ASV_5638",0.0986127376845001,0.0032219904719436,0.85,0.997104236006051
"ASV_5648",0.162043116168608,0.00545936598916679,0.891,0.997104236006051
"ASV_5650",0.139170445105095,0.00363566000824433,0.838,0.997104236006051
"ASV_5657",0.366713555844752,0.0113986850993037,0.751,0.997104236006051
"ASV_5668",0.0895162134460066,0.00319298924975728,0.956,0.997104236006051
"ASV_5671",0.419757589358361,0.0137098316804137,0.781,0.997104236006051
"ASV_5682",0.044917982646183,0.00144559153878577,0.93,0.997104236006051
"ASV_5687",0.902365879394659,0.0282054747261696,0.883,0.997104236006051
"ASV_5689",0.0612545222280483,0.00197866357143435,0.879,0.997104236006051
"ASV_5695",0.246576500377576,0.00792200991413701,0.834,0.997104236006051
"ASV_5700",0.0745827853729614,0.00209562741074496,0.915,0.997104236006051
"ASV_5713",0.325152408070054,0.01029703574734,0.823,0.997104236006051
"ASV_5714",0.0427094226389237,0.00138074135195483,0.885,0.997104236006051
"ASV_5720",0.656888613910659,0.0208141050370326,0.834,0.997104236006051
"ASV_5723",0.12896269341339,0.00413737585966376,0.897,0.997104236006051
"ASV_5740",0.202356126770119,0.00664159122753786,0.89,0.997104236006051
"ASV_5753",0.250776923498449,0.00793303265006751,0.743,0.997104236006051
"ASV_5758",1.29201362059284,0.0400735618348478,0.767,0.997104236006051
"ASV_5760",0.104754774973475,0.00327514833423725,0.795,0.997104236006051
"ASV_5767",0.208358324202729,0.00644279059699283,0.867,0.997104236006051
"ASV_5770",0.471943415079283,0.014754070013926,0.726,0.997104236006051
"ASV_5771",0.431696603269507,0.0142621808341996,0.792,0.997104236006051
"ASV_5781",0.0738153328144615,0.00251369057653408,0.881,0.997104236006051
"ASV_5803",0.231509115850786,0.00710523647338639,0.683,0.997104236006051
"ASV_5813",0.401544706334377,0.0128690450907053,0.68,0.997104236006051
"ASV_5837",0.293769990669069,0.00936421471775824,0.791,0.997104236006051
"ASV_5839",0.176218872307203,0.0058911778084835,0.93,0.997104236006051
"ASV_5863",0.387503301513156,0.0127841314663314,0.879,0.997104236006051
"ASV_5895",0.161692075307199,0.00518616999620475,0.86,0.997104236006051
"ASV_5896",0.906048538081455,0.0287171659488123,0.848,0.997104236006051
"ASV_5900",0.141046274787308,0.00471924165205524,0.933,0.997104236006051
"ASV_5909",2.04993562039675,0.0620074685512006,0.783,0.997104236006051
"ASV_5910",0.741984447309115,0.0231589417900517,0.937,0.997104236006051
"ASV_5915",0.637987162372412,0.0201191972249606,0.925,0.997104236006051
"ASV_5918",0.066146762429081,0.00206257432925696,0.946,0.997104236006051
"ASV_5930",1.68610084788189,0.0516674212359378,0.684,0.997104236006051
"ASV_5935",0.403659213312885,0.0129242429046375,0.681,0.997104236006051
"ASV_5940",0.424660089698079,0.0133761466219762,0.757,0.997104236006051
"ASV_5943",0.508962593470641,0.0162848316846147,0.82,0.997104236006051
"ASV_5953",0.25525713373224,0.00784599091674862,0.683,0.997104236006051
"ASV_5954",0.296123346606275,0.00987215663941261,0.793,0.997104236006051
"ASV_5955",0.243512947102124,0.00810941036938003,0.74,0.997104236006051
"ASV_5956",0.16769939158014,0.00548260051726077,0.692,0.997104236006051
"ASV_5962",3.05152625137921,0.0894003095181665,0.908,0.997104236006051
"ASV_5965",0.739645160185318,0.0236991103607097,0.743,0.997104236006051
"ASV_5984",1.26766945296847,0.0394238914729751,0.764,0.997104236006051
"ASV_5988",0.369942943918683,0.0118220658620405,0.725,0.997104236006051
"ASV_5990",0.435009310137164,0.0141715043094356,0.763,0.997104236006051
"ASV_5995",0.117981884218571,0.00390946583205664,0.938,0.997104236006051
"ASV_6001",0.994746772267968,0.0313854158861743,0.86,0.997104236006051
"ASV_6006",0.860208466793276,0.0260708016835632,0.752,0.997104236006051
"ASV_6032",2.31903193302922,0.0690884803430381,0.68,0.997104236006051
"ASV_6042",0.158575205215216,0.00513013197149224,0.737,0.997104236006051
"ASV_6055",0.166513732059074,0.00556956451198357,0.895,0.997104236006051
"ASV_6056",0.032774809534366,0.00105108781119044,0.849,0.997104236006051
"ASV_6110",0.331587133872691,0.010693449653078,0.81,0.997104236006051
"ASV_6126",0.236419648592414,0.00752155434801364,0.781,0.997104236006051
"ASV_6138",0.471030926414371,0.0142787663054122,0.722,0.997104236006051
"ASV_6162",0.290890195199758,0.0099788075491636,0.751,0.997104236006051
"ASV_6163",1.56374632754353,0.0478856133108679,0.876,0.997104236006051
"ASV_6176",0.862491566856065,0.0272729515555903,0.679,0.997104236006051
"ASV_6200",0.334819103335523,0.0110240567958516,0.768,0.997104236006051
"ASV_6210",0.0417556114110069,0.00123322134986129,0.921,0.997104236006051
"ASV_6213",0.0275150037983202,0.00092129653596695,0.93,0.997104236006051
"ASV_6214",0.290874836991578,0.0093192021884079,0.925,0.997104236006051
"ASV_6216",0.406688407701819,0.0131450881736426,0.687,0.997104236006051
"ASV_6218",0.119276543192564,0.0040863009679023,0.932,0.997104236006051
"ASV_6219",0.259132842088591,0.00823413465521945,0.891,0.997104236006051
"ASV_6239",0.132266080487357,0.00428329826494368,0.914,0.997104236006051
"ASV_6242",0.811132381819541,0.0254288434685685,0.955,0.997104236006051
"ASV_6243",0.226370100351652,0.00704142749354689,0.921,0.997104236006051
"ASV_6260",0.406088011380911,0.0132388214511264,0.788,0.997104236006051
"ASV_6262",0.875441094508862,0.0274305590211268,0.874,0.997104236006051
"ASV_6273",1.27701897414333,0.0402707255791977,0.853,0.997104236006051
"ASV_6281",0.167565382599023,0.00520551703646754,0.73,0.997104236006051
"ASV_6286",0.135181074485807,0.0043910867377483,0.842,0.997104236006051
"ASV_6287",0.614966237668739,0.0193174205271274,0.684,0.997104236006051
"ASV_6296",0.156755071065498,0.00527560553736047,0.817,0.997104236006051
"ASV_6297",0.287379941152389,0.00917918429253715,0.943,0.997104236006051
"ASV_6298",0.1871302598775,0.00629771073211242,0.956,0.997104236006051
"ASV_6312",0.188134595733746,0.00601873585866352,0.851,0.997104236006051
"ASV_6322",0.352460536554021,0.0111805529280855,0.759,0.997104236006051
"ASV_6332",0.131665577141226,0.00422807208690743,0.863,0.997104236006051
"ASV_6336",0.350231152882412,0.0121961123793181,0.786,0.997104236006051
"ASV_6338",0.167329801385913,0.00523800417343634,0.952,0.997104236006051
"ASV_6358",0.0265309385654845,0.0009065246971833,0.854,0.997104236006051
"ASV_6361",0.0539481541124441,0.00177006028955282,0.953,0.997104236006051
"ASV_6363",0.199714186972755,0.0063193760039847,0.942,0.997104236006051
"ASV_6391",0.0697764539126618,0.00230813679969509,0.899,0.997104236006051
"ASV_6410",0.18505389322051,0.00571377832462713,0.925,0.997104236006051
"ASV_6411",0.633337283309443,0.0199291422481742,0.826,0.997104236006051
"ASV_6412",0.70368434712983,0.0220253160023415,0.68,0.997104236006051
"ASV_6419",0.0319211390998801,0.00121439616728455,0.928,0.997104236006051
"ASV_6420",0.914645778403645,0.0285893900408002,0.746,0.997104236006051
"ASV_6422",0.720129083407557,0.0227620199089818,0.708,0.997104236006051
"ASV_6428",0.138969730112319,0.00430606228875013,0.897,0.997104236006051
"ASV_6429",0.375240943650727,0.0117486098022484,0.82,0.997104236006051
"ASV_6430",0.215462537154499,0.00706300568999066,0.811,0.997104236006051
"ASV_6435",0.74666252788874,0.0234483732064645,0.797,0.997104236006051
"ASV_6440",0.0865130758032242,0.00277728080680603,0.761,0.997104236006051
"ASV_6441",0.0891665692387716,0.00286714817604453,0.852,0.997104236006051
"ASV_6449",1.07297685056194,0.033611515895278,0.688,0.997104236006051
"ASV_6452",0.110160790645902,0.00329714012799384,0.777,0.997104236006051
"ASV_6457",0.13162402264312,0.00438021648382203,0.824,0.997104236006051
"ASV_6468",0.611259308614325,0.0194631636879015,0.708,0.997104236006051
"ASV_6470",0.200180590330156,0.00681176211064495,0.873,0.997104236006051
"ASV_6475",0.163357509831039,0.00511562101191282,0.796,0.997104236006051
"ASV_6483",0.630438569355359,0.0201275242141519,0.769,0.997104236006051
"ASV_6494",0.0220431984757621,0.000956702543635724,0.941,0.997104236006051
"ASV_6510",0.420368067935465,0.0134674654977353,0.755,0.997104236006051
"ASV_6524",0.193542230556861,0.00608327817727986,0.888,0.997104236006051
"ASV_6539",0.217040400118079,0.00652813400975561,0.805,0.997104236006051
"ASV_6542",0.147843011651978,0.00473161573591397,0.855,0.997104236006051
"ASV_6558",0.27804934822783,0.00882963964510435,0.84,0.997104236006051
"ASV_6561",0.401450517291781,0.0128468859671717,0.844,0.997104236006051
"ASV_6568",0.202742592013948,0.0064877096620989,0.871,0.997104236006051
"ASV_6570",0.328503254987237,0.0107126241770644,0.75,0.997104236006051
"ASV_6586",0.369565795301633,0.0117285842084398,0.851,0.997104236006051
"ASV_6596",0.186650470455692,0.00615167415621055,0.863,0.997104236006051
"ASV_6597",0.443370549814531,0.0142992331367075,0.703,0.997104236006051
"ASV_6609",0.210775122192937,0.00697212105777743,0.853,0.997104236006051
"ASV_6626",0.27962369797482,0.00874078839542295,0.75,0.997104236006051
"ASV_6636",0.277506750185374,0.00846862817719805,0.788,0.997104236006051
"ASV_6639",0.267259640621564,0.00858545419294592,0.823,0.997104236006051
"ASV_6642",0.334025418249924,0.0108419820646215,0.761,0.997104236006051
"ASV_6646",0.130584625657682,0.0040303745010574,0.879,0.997104236006051
"ASV_6658",0.679407347902855,0.0212061907465676,0.694,0.997104236006051
"ASV_6661",0.378201247782065,0.0118437242935603,0.817,0.997104236006051
"ASV_6665",0.0454678565378779,0.00151696271907341,0.847,0.997104236006051
"ASV_6671",0.242178574958546,0.00786150738207613,0.916,0.997104236006051
"ASV_6672",0.128672906566543,0.00412706216454066,0.844,0.997104236006051
"ASV_6679",0.419734406577051,0.0130838064532756,0.819,0.997104236006051
"ASV_6703",0.240476898978299,0.0076111109449617,0.816,0.997104236006051
"ASV_6711",3.97143493066269,0.113380898503316,0.938,0.997104236006051
"ASV_6715",0.258410543782523,0.00830640765713989,0.819,0.997104236006051
"ASV_6724",0.387152319330768,0.0123240839772686,0.779,0.997104236006051
"ASV_6747",0.391099982421494,0.0124098325599084,0.764,0.997104236006051
"ASV_6751",0.0672065611458307,0.00214436807788998,0.857,0.997104236006051
"ASV_6753",0.438002889027912,0.0138859899040595,0.807,0.997104236006051
"ASV_6757",0.0889059150827158,0.00269309737919545,0.91,0.997104236006051
"ASV_6770",0.401642124668112,0.0123355535021601,0.885,0.997104236006051
"ASV_6772",0.465050438265342,0.0147762225456986,0.811,0.997104236006051
"ASV_6773",0.29304020414616,0.00954441673505139,0.859,0.997104236006051
"ASV_6788",0.0646191612069438,0.00205206572020281,0.94,0.997104236006051
"ASV_6797",0.586626652000761,0.018701603004877,0.785,0.997104236006051
"ASV_6798",0.604021710967373,0.0189789845045916,0.691,0.997104236006051
"ASV_6807",0.219060719039117,0.00690569876738024,0.777,0.997104236006051
"ASV_6815",0.275618292902963,0.00825671645865883,0.761,0.997104236006051
"ASV_6826",0.897636725525598,0.0281025750507403,0.829,0.997104236006051
"ASV_6849",0.499160051946379,0.016316561505334,0.7,0.997104236006051
"ASV_6857",0.0317788878127936,0.000901164688375706,0.954,0.997104236006051
"ASV_6867",0.0944782055904784,0.00325802945972623,0.856,0.997104236006051
"ASV_6868",0.0635967436681854,0.00206494330612615,0.935,0.997104236006051
"ASV_6871",0.222556000925451,0.00713579489884677,0.782,0.997104236006051
"ASV_6873",0.116310832127853,0.00372719160761503,0.956,0.997104236006051
"ASV_6889",0.474957011394839,0.015292493367313,0.72,0.997104236006051
"ASV_6891",0.0628191053474825,0.00197608279268301,0.911,0.997104236006051
"ASV_6895",0.127166069750854,0.00400366462641663,0.882,0.997104236006051
"ASV_6896",0.0836362369523447,0.00265753263752119,0.89,0.997104236006051
"ASV_6903",0.546157214422236,0.0176314252156301,0.832,0.997104236006051
"ASV_6915",2.3091648309646,0.0694592104970204,0.935,0.997104236006051
"ASV_6921",0.464824115743257,0.0148793168306239,0.791,0.997104236006051
"ASV_6923",0.0536090964110188,0.00144898328222806,0.948,0.997104236006051
"ASV_6939",0.0530033933883472,0.00170027852976745,0.956,0.997104236006051
"ASV_6940",0.255177244001212,0.00815663512760348,0.841,0.997104236006051
"ASV_6950",0.208129156149172,0.00673414246350785,0.808,0.997104236006051
"ASV_6951",0.130122510844316,0.00420739700060616,0.931,0.997104236006051
"ASV_6964",0.355199358978868,0.0113055330543408,0.809,0.997104236006051
"ASV_6967",0.327681460761828,0.0103487009828363,0.692,0.997104236006051
"ASV_6978",0.0813790839445842,0.0029268244511193,0.952,0.997104236006051
"ASV_6993",0.247471495078341,0.00791750772957873,0.696,0.997104236006051
"ASV_6997",0.639786969962445,0.0200946589782388,0.765,0.997104236006051
"ASV_7004",0.770571482095243,0.0241914189236534,0.707,0.997104236006051
"ASV_7039",0.16520492629062,0.00524748739251766,0.91,0.997104236006051
"ASV_7065",0.114713865069896,0.00369856065556788,0.891,0.997104236006051
"ASV_7099",0.314846325505372,0.0100998600807453,0.871,0.997104236006051
"ASV_7114",0.392753861324575,0.0130988583500132,0.721,0.997104236006051
"ASV_7125",0.0559719868575174,0.00186298952636736,0.955,0.997104236006051
"ASV_7129",0.0754680354361129,0.0023881967348135,0.892,0.997104236006051
"ASV_7137",2.99885945980857,0.0880149483664605,0.803,0.997104236006051
"ASV_7147",0.0645314762866448,0.00201501244759126,0.899,0.997104236006051
"ASV_7159",0.353621092310064,0.0109847276737883,0.691,0.997104236006051
"ASV_7189",0.17245192890427,0.00580181936962578,0.805,0.997104236006051
"ASV_7194",0.221461766854419,0.00702732909599467,0.932,0.997104236006051
"ASV_7247",0.579433712893937,0.0179660293310169,0.817,0.997104236006051
"ASV_7251",0.0742981909948693,0.00230868540214201,0.876,0.997104236006051
"ASV_7252",0.992519612415777,0.0307456241070571,0.873,0.997104236006051
"ASV_7262",0.265355393900158,0.00859377736525243,0.822,0.997104236006051
"ASV_7271",0.0988376147533767,0.00346358902206292,0.856,0.997104236006051
"ASV_7273",0.194268061219722,0.00619415516838483,0.853,0.997104236006051
"ASV_7282",0.178525146134034,0.00580103718205454,0.836,0.997104236006051
"ASV_7284",0.126253206768361,0.00404889609952777,0.716,0.997104236006051
"ASV_7286",0.315159843455888,0.0100089345785854,0.741,0.997104236006051
"ASV_7288",0.0329691962519271,0.0011471326497172,0.938,0.997104236006051
"ASV_7295",0.222478444208418,0.00753127947826428,0.892,0.997104236006051
"ASV_7297",0.835477368681679,0.0266059638080016,0.836,0.997104236006051
"ASV_7303",0.15340429493228,0.00500087494290049,0.931,0.997104236006051
"ASV_7308",0.189212641205079,0.00643341482284228,0.84,0.997104236006051
"ASV_7320",0.20153498080509,0.00637478102904054,0.925,0.997104236006051
"ASV_7324",0.129769381107672,0.00390999888235274,0.72,0.997104236006051
"ASV_7330",0.175256841780064,0.00535278222601235,0.864,0.997104236006051
"ASV_7334",0.221811413721428,0.00699024737315451,0.83,0.997104236006051
"ASV_7335",0.0666171521159649,0.00217583821978914,0.934,0.997104236006051
"ASV_7347",0.0207844897181419,0.000774826953631253,0.899,0.997104236006051
"ASV_7354",0.183030618386822,0.00608382116235265,0.883,0.997104236006051
"ASV_7358",1.13922186110077,0.0354963383612983,0.741,0.997104236006051
"ASV_7369",0.069042937756304,0.00238073020264263,0.901,0.997104236006051
"ASV_7375",0.330990368175631,0.0107735132927246,0.783,0.997104236006051
"ASV_7382",0.119385877827368,0.00376189094367395,0.89,0.997104236006051
"ASV_7384",0.171254198752971,0.00494950737684789,0.882,0.997104236006051
"ASV_7399",0.456582193262895,0.0144825832980548,0.886,0.997104236006051
"ASV_7414",0.812735274627389,0.02602928914295,0.72,0.997104236006051
"ASV_7416",0.19208167666267,0.00573156560135392,0.769,0.997104236006051
"ASV_7431",0.414314198312971,0.0131695109054318,0.711,0.997104236006051
"ASV_7442",0.37466898297221,0.011994094082752,0.734,0.997104236006051
"ASV_7450",0.148607617544598,0.00477319342270603,0.928,0.997104236006051
"ASV_7462",0.243858556209074,0.00782038888421211,0.864,0.997104236006051
"ASV_7470",0.252042916984248,0.00826196245247334,0.855,0.997104236006051
"ASV_7486",0.232336327839857,0.00753224364255062,0.755,0.997104236006051
"ASV_7505",0.102831188081768,0.00332056428047163,0.844,0.997104236006051
"ASV_7506",0.123265013000418,0.00392175273761341,0.927,0.997104236006051
"ASV_7507",0.391490671027447,0.0119430645935193,0.682,0.997104236006051
"ASV_7509",0.0469114633179485,0.00138136614464956,0.891,0.997104236006051
"ASV_7513",0.799967302258858,0.0252014718517234,0.888,0.997104236006051
"ASV_7539",0.210744343765658,0.00665979779158632,0.816,0.997104236006051
"ASV_7560",0.183442450678455,0.00560704837195182,0.818,0.997104236006051
"ASV_7561",1.32350995328502,0.0412299693297597,0.707,0.997104236006051
"ASV_7571",0.176185174456147,0.00590565097538996,0.876,0.997104236006051
"ASV_7577",0.600015807059581,0.0188799549694027,0.728,0.997104236006051
"ASV_7595",1.05150982937871,0.0327861701292405,0.866,0.997104236006051
"ASV_7596",0.368342918754786,0.0115654746604477,0.884,0.997104236006051
"ASV_7631",0.419369957237745,0.0133951995174351,0.772,0.997104236006051
"ASV_7641",0.161042407183352,0.00558891098015521,0.804,0.997104236006051
"ASV_7660",0.376673456693017,0.0121095588860062,0.718,0.997104236006051
"ASV_7700",0.0866914471606177,0.0026674380491507,0.915,0.997104236006051
"ASV_7712",0.159008042507214,0.00522439749738312,0.712,0.997104236006051
"ASV_7722",0.38357009246448,0.012204852593292,0.892,0.997104236006051
"ASV_7730",0.123549963788196,0.0040182059407556,0.86,0.997104236006051
"ASV_7732",0.363778738994264,0.0120234095244491,0.688,0.997104236006051
"ASV_7744",0.219535747408824,0.00701362703660972,0.741,0.997104236006051
"ASV_7749",0.333973053035071,0.0105995869081845,0.864,0.997104236006051
"ASV_7771",0.18802625597901,0.00583660630645476,0.869,0.997104236006051
"ASV_7792",0.124285075236081,0.00418201552092848,0.957,0.997104236006051
"ASV_7816",0.870633371819841,0.0271999933628128,0.774,0.997104236006051
"ASV_7820",0.259106659114654,0.00859907892781021,0.752,0.997104236006051
"ASV_7829",0.0890182140128563,0.00283629234597414,0.919,0.997104236006051
"ASV_7836",0.0288101150789542,0.000844731410589079,0.956,0.997104236006051
"ASV_7839",0.0226680136383907,0.000869626829261142,0.951,0.997104236006051
"ASV_7857",0.369868872716459,0.0119079672507988,0.891,0.997104236006051
"ASV_7880",0.250120352780821,0.00785582030665857,0.794,0.997104236006051
"ASV_7884",1.15415449220884,0.0355442573865161,0.955,0.997104236006051
"ASV_7890",0.0520574763644643,0.00190875903710649,0.883,0.997104236006051
"ASV_7892",0.130708980088303,0.00420131360740942,0.882,0.997104236006051
"ASV_7894",1.03132976758335,0.0321879846264936,0.764,0.997104236006051
"ASV_7909",0.0771074255919366,0.0026474733514247,0.944,0.997104236006051
"ASV_7936",0.259400908098818,0.00762875922983273,0.897,0.997104236006051
"ASV_7937",0.369470167755134,0.0117202706748762,0.909,0.997104236006051
"ASV_7955",0.597483406422695,0.0183884959123432,0.89,0.997104236006051
"ASV_7957",0.394763197563023,0.0126088972222358,0.735,0.997104236006051
"ASV_7977",0.350699959532972,0.0110039673903784,0.814,0.997104236006051
"ASV_7978",0.754236477304362,0.0233700510287247,0.702,0.997104236006051
"ASV_8011",0.427951408866941,0.0133611528067223,0.876,0.997104236006051
"ASV_8023",2.15409236029786,0.0652856318927006,0.738,0.997104236006051
"ASV_8059",0.869160274123875,0.0272943354609616,0.712,0.997104236006051
"ASV_8066",0.178356409591893,0.00569877809152292,0.923,0.997104236006051
"ASV_8073",0.629797299699219,0.0199168379619682,0.775,0.997104236006051
"ASV_8075",0.743341908446243,0.0231066801349351,0.786,0.997104236006051
"ASV_8077",0.403862551343222,0.0130008708603624,0.785,0.997104236006051
"ASV_8078",0.153970210516989,0.00496926869154628,0.863,0.997104236006051
"ASV_8095",0.0423130762451986,0.00127626209319428,0.954,0.997104236006051
"ASV_8100",0.0458639587286444,0.00136685535084041,0.882,0.997104236006051
"ASV_8117",0.129595592345662,0.00415073308897019,0.843,0.997104236006051
"ASV_8121",0.150535797185354,0.00483837476087339,0.74,0.997104236006051
"ASV_8122",0.0211602417544091,0.000669673881292637,0.895,0.997104236006051
"ASV_8133",0.388632636355449,0.0123458783127812,0.74,0.997104236006051
"ASV_8135",0.0759111676196995,0.00247768389191286,0.807,0.997104236006051
"ASV_8138",0.148590282802972,0.00496048070785633,0.808,0.997104236006051
"ASV_8152",0.800037932578223,0.0254672643239115,0.743,0.997104236006051
"ASV_8154",0.389720830264987,0.0129304551890355,0.724,0.997104236006051
"ASV_8155",0.180474364648026,0.00590225771495574,0.948,0.997104236006051
"ASV_8171",0.682627784068649,0.0216591872347869,0.708,0.997104236006051
"ASV_8176",0.818674110721551,0.0254040332823919,0.826,0.997104236006051
"ASV_8177",0.260674232179798,0.0086610718063858,0.78,0.997104236006051
"ASV_8182",4.60982602355695,0.129803053003461,0.68,0.997104236006051
"ASV_8189",0.831842571856165,0.0262453582992852,0.831,0.997104236006051
"ASV_8209",0.234520257544801,0.007470913301794,0.854,0.997104236006051
"ASV_8212",0.243868523524881,0.00763357692232973,0.867,0.997104236006051
"ASV_8239",0.419125486658411,0.0135836654597561,0.882,0.997104236006051
"ASV_8250",0.152706385679446,0.00488708434104677,0.887,0.997104236006051
"ASV_8253",0.568139106673515,0.0181068914483323,0.726,0.997104236006051
"ASV_8289",0.41925980196015,0.0133268644810238,0.794,0.997104236006051
"ASV_8304",0.0394814247848249,0.00126685876392548,0.932,0.997104236006051
"ASV_8306",0.179914724392776,0.00564129191786893,0.878,0.997104236006051
"ASV_8313",0.206733012497524,0.00673642252136589,0.827,0.997104236006051
"ASV_8322",0.709625747283224,0.0224381288119069,0.852,0.997104236006051
"ASV_8332",0.114587385125169,0.00345125186524805,0.745,0.997104236006051
"ASV_8334",0.0259033586331787,0.000833695418343482,0.938,0.997104236006051
"ASV_8352",0.113926748775416,0.00390517420717402,0.902,0.997104236006051
"ASV_8381",0.208743004808395,0.00648522505872296,0.78,0.997104236006051
"ASV_8384",0.148625221077409,0.00485330390048121,0.924,0.997104236006051
"ASV_8396",0.696166622946643,0.0221380328076197,0.953,0.997104236006051
"ASV_8398",0.414773694373244,0.0129967875660307,0.743,0.997104236006051
"ASV_8406",0.297525520803503,0.00981428944421646,0.705,0.997104236006051
"ASV_8409",0.0762638491245387,0.00235282882244049,0.94,0.997104236006051
"ASV_8429",0.175919056931171,0.0054650188495522,0.907,0.997104236006051
"ASV_8438",0.131395225001168,0.00417883408582679,0.818,0.997104236006051
"ASV_8454",0.289562620589081,0.00924896780670686,0.847,0.997104236006051
"ASV_8474",0.637066721323484,0.0201956414327148,0.86,0.997104236006051
"ASV_8479",0.310688632825352,0.00992308286841459,0.899,0.997104236006051
"ASV_8486",0.212562500737217,0.00706652481491107,0.784,0.997104236006051
"ASV_8487",0.395257886422888,0.012583913605907,0.68,0.997104236006051
"ASV_8492",0.304577943403623,0.00978339149270218,0.833,0.997104236006051
"ASV_8493",0.659564507478339,0.0209166564181564,0.846,0.997104236006051
"ASV_8510",0.146333362478812,0.00484604457187601,0.827,0.997104236006051
"ASV_8525",0.0437333950528015,0.00123447759047482,0.896,0.997104236006051
"ASV_8549",0.186720306056807,0.00601522942634508,0.829,0.997104236006051
"ASV_8555",0.173355577406277,0.00580035439695229,0.779,0.997104236006051
"ASV_8569",0.31760177860516,0.0101550272717213,0.74,0.997104236006051
"ASV_8587",0.164475662388362,0.00499321697599756,0.735,0.997104236006051
"ASV_8617",0.0687676417826528,0.00226498320880204,0.888,0.997104236006051
"ASV_8637",0.723651888591089,0.0228075040665707,0.742,0.997104236006051
"ASV_8639",0.207854080898103,0.0067088631699696,0.868,0.997104236006051
"ASV_8653",0.221154179739397,0.00686406923652879,0.884,0.997104236006051
"ASV_8655",0.47414133509261,0.0148008293009301,0.724,0.997104236006051
"ASV_8658",0.335777547901396,0.0104575524285814,0.788,0.997104236006051
"ASV_8661",0.212387123406028,0.00653551646583579,0.728,0.997104236006051
"ASV_8678",0.930183347406152,0.0292515772004894,0.695,0.997104236006051
"ASV_8682",0.230785448466859,0.00753255726631761,0.77,0.997104236006051
"ASV_8708",0.360669852147189,0.0113578632959297,0.758,0.997104236006051
"ASV_8723",0.417770185626064,0.0129626798322427,0.768,0.997104236006051
"ASV_8743",0.116165196520028,0.00379282555245745,0.889,0.997104236006051
"ASV_8753",0.429629061246344,0.0136646342026861,0.729,0.997104236006051
"ASV_8769",0.0986721700874605,0.00315736662007331,0.956,0.997104236006051
"ASV_8773",0.116903969317468,0.00391446794002923,0.887,0.997104236006051
"ASV_8797",0.0307323139229052,0.000996764936863519,0.877,0.997104236006051
"ASV_8804",0.0681707020384625,0.0022043797532605,0.826,0.997104236006051
"ASV_8814",0.176966752173946,0.00589332303892974,0.93,0.997104236006051
"ASV_8818",0.404213812051856,0.0127765650239319,0.908,0.997104236006051
"ASV_8829",0.229262746451686,0.00738452900013092,0.712,0.997104236006051
"ASV_8844",0.114890675211878,0.00385104293784338,0.916,0.997104236006051
"ASV_8864",0.645880455171591,0.0198416747071974,0.875,0.997104236006051
"ASV_8884",0.384258236417303,0.0122645710735863,0.822,0.997104236006051
"ASV_8885",0.0425570734505144,0.00134993401613334,0.864,0.997104236006051
"ASV_8888",0.4626118671492,0.0150639052897303,0.831,0.997104236006051
"ASV_8890",0.249535288822567,0.00790054799878496,0.879,0.997104236006051
"ASV_8918",0.464282845671828,0.0150444932148245,0.902,0.997104236006051
"ASV_8950",0.209345258144347,0.00700302254073964,0.855,0.997104236006051
"ASV_8953",0.214022178677799,0.00686317799748003,0.856,0.997104236006051
"ASV_8983",1.3623268818453,0.0418849565611295,0.92,0.997104236006051
"ASV_8993",0.240583702394818,0.00768028340932571,0.685,0.997104236006051
"ASV_8996",0.212182507041994,0.0065531289900712,0.821,0.997104236006051
"ASV_8999",0.106634017159759,0.00349480580698703,0.8,0.997104236006051
"ASV_9022",0.134757600103795,0.00430265387353006,0.774,0.997104236006051
"ASV_9025",0.107523967661302,0.00335166746524577,0.95,0.997104236006051
"ASV_9038",0.714424271972049,0.0226115741456091,0.844,0.997104236006051
"ASV_9065",0.0979944874646225,0.0032631999729132,0.929,0.997104236006051
"ASV_9085",1.8202385813895,0.0553926097276797,0.797,0.997104236006051
"ASV_9114",0.143716729082322,0.00463511823080892,0.943,0.997104236006051
"ASV_9127",0.397810563884849,0.0125927653781036,0.721,0.997104236006051
"ASV_9149",0.0638911550097863,0.00204745116962609,0.951,0.997104236006051
"ASV_9152",0.251268269624995,0.00804278770947496,0.848,0.997104236006051
"ASV_9156",1.9123404743202,0.0580382853276638,0.753,0.997104236006051
"ASV_9165",0.056962584828335,0.0017185897687924,0.919,0.997104236006051
"ASV_9190",0.349644994111066,0.0114680748307024,0.718,0.997104236006051
"ASV_9201",0.419874805941806,0.0134092788593022,0.816,0.997104236006051
"ASV_9207",0.272608995093827,0.00865884501334288,0.912,0.997104236006051
"ASV_9208",0.719172836210892,0.0226635388302162,0.842,0.997104236006051
"ASV_9219",0.0899156368977752,0.00307727457081001,0.876,0.997104236006051
"ASV_9223",1.37717830377138,0.0425429462479412,0.793,0.997104236006051
"ASV_9243",0.415369435180922,0.012961477255847,0.707,0.997104236006051
"ASV_9251",0.222153686201256,0.00727627135611628,0.834,0.997104236006051
"ASV_9252",0.174228545023264,0.00575367767263089,0.889,0.997104236006051
"ASV_9257",0.358177500517342,0.0111771678162183,0.905,0.997104236006051
"ASV_9276",0.135407738450518,0.00435006581638019,0.952,0.997104236006051
"ASV_9283",4.06892634194614,0.115902613741698,0.692,0.997104236006051
"ASV_9312",0.463729825906893,0.0143998749966731,0.705,0.997104236006051
"ASV_9314",0.131882707806611,0.00424452563862705,0.932,0.997104236006051
"ASV_9316",0.0603302975094369,0.00203030214982984,0.851,0.997104236006051
"ASV_9326",0.109472309613444,0.0035513144976118,0.88,0.997104236006051
"ASV_9339",0.298448962534841,0.00977690283241637,0.682,0.997104236006051
"ASV_9343",0.246739774488163,0.00819257292494856,0.902,0.997104236006051
"ASV_9345",0.0965152781616085,0.00308279293142173,0.821,0.997104236006051
"ASV_9349",0.63117469722375,0.0197143128267244,0.769,0.997104236006051
"ASV_9376",0.42584249851781,0.0135344837580417,0.861,0.997104236006051
"ASV_9383",0.360432718108675,0.0110277331571353,0.77,0.997104236006051
"ASV_9386",0.131274920577896,0.00413624668557714,0.862,0.997104236006051
"ASV_9438",1.63381831196718,0.0496910711146611,0.729,0.997104236006051
"ASV_9439",0.209625578601386,0.00677084207537184,0.821,0.997104236006051
"ASV_9444",0.289933211246141,0.00896778186101281,0.856,0.997104236006051
"ASV_9473",0.165803240775837,0.00520101140878626,0.734,0.997104236006051
"ASV_9519",0.240045677765902,0.0075176367183884,0.83,0.997104236006051
"ASV_9529",0.656020985258682,0.0202875443504362,0.698,0.997104236006051
"ASV_9550",0.124366774510858,0.00370710687630775,0.705,0.997104236006051
"ASV_9567",0.499077271234175,0.0150919212133616,0.711,0.997104236006051
"ASV_9575",0.10575770537648,0.00340293161755866,0.801,0.997104236006051
"ASV_9583",0.230366854725395,0.00738017911823646,0.915,0.997104236006051
"ASV_9590",0.134089947918379,0.00442551895663703,0.685,0.997104236006051
"ASV_9594",0.637882464649443,0.0202395690471964,0.845,0.997104236006051
"ASV_9608",0.134536674744789,0.00434636869332617,0.755,0.997104236006051
"ASV_9651",0.134017956803904,0.00438975739207291,0.767,0.997104236006051
"ASV_9671",0.531548126699983,0.0166873757979111,0.845,0.997104236006051
"ASV_9689",0.168922118460646,0.00529191439792078,0.785,0.997104236006051
"ASV_9690",0.267421374574646,0.00844347119415959,0.786,0.997104236006051
"ASV_9708",0.34918201625276,0.0109047989071323,0.775,0.997104236006051
"ASV_9718",0.145350960941741,0.00479359582076453,0.858,0.997104236006051
"ASV_9738",0.651839129236272,0.020474202137458,0.74,0.997104236006051
"ASV_9739",2.11657243518212,0.0637620950964214,0.935,0.997104236006051
"ASV_9754",0.0650898711780293,0.00212889825816689,0.941,0.997104236006051
"ASV_9757",0.391407592874615,0.0122968055533849,0.831,0.997104236006051
"ASV_9769",0.128892825059513,0.00444665559548032,0.87,0.997104236006051
"ASV_9771",0.58861163216365,0.0186586049606856,0.761,0.997104236006051
"ASV_9805",0.164000250827859,0.005269074524384,0.821,0.997104236006051
"ASV_9810",1.22176601149836,0.0378645088217698,0.869,0.997104236006051
"ASV_9818",0.264011521696484,0.00846184770425422,0.935,0.997104236006051
"ASV_9821",0.0248435634503538,0.000724360297285107,0.955,0.997104236006051
"ASV_9830",0.113610091401956,0.00364954367675084,0.864,0.997104236006051
"ASV_9831",0.111293613772055,0.00358308677357262,0.816,0.997104236006051
"ASV_9839",0.0687545421500072,0.00222554229963776,0.854,0.997104236006051
"ASV_9852",0.652721364405446,0.0206953610501158,0.718,0.997104236006051
"ASV_9879",0.0675989377608878,0.00226547131740701,0.924,0.997104236006051
"ASV_9892",0.441045624438205,0.0142555124931685,0.683,0.997104236006051
"ASV_9894",0.500938283617216,0.0158075028611402,0.763,0.997104236006051
"ASV_9896",0.380180129234315,0.0123129517898636,0.956,0.997104236006051
"ASV_9902",0.668253068209403,0.0211795297287566,0.899,0.997104236006051
"ASV_9927",0.259139885201124,0.00847100965057857,0.886,0.997104236006051
"ASV_9929",0.331273406914956,0.0108860893661606,0.862,0.997104236006051
"ASV_9933",0.187181127415167,0.00624723967817831,0.882,0.997104236006051
"ASV_9967",0.731409427200514,0.0228248636824605,0.825,0.997104236006051
"ASV_9971",0.166805864660368,0.00541384028599569,0.953,0.997104236006051
"ASV_9977",0.18090262293772,0.00571968375580278,0.741,0.997104236006051
"ASV_9978",0.0565191991946669,0.00172896538598705,0.943,0.997104236006051
"ASV_9990",0.28031573492949,0.00892802464180248,0.808,0.997104236006051
"ASV_10005",0.371192039598324,0.0119246216362826,0.79,0.997104236006051
"ASV_10008",0.101420901073536,0.00332514814451449,0.906,0.997104236006051
"ASV_10012",0.441662999693587,0.0140443697106808,0.821,0.997104236006051
"ASV_10023",0.179080557687933,0.00617007862956947,0.751,0.997104236006051
"ASV_10025",0.0696816613027825,0.00227032609776764,0.956,0.997104236006051
"ASV_10051",0.104147800629694,0.00344066377448142,0.921,0.997104236006051
"ASV_10054",0.380079797995506,0.0123669567735354,0.794,0.997104236006051
"ASV_10059",0.385697055080405,0.0122351845220575,0.802,0.997104236006051
"ASV_10060",0.0731326811287973,0.00234342736432061,0.764,0.997104236006051
"ASV_10088",0.381037359249479,0.0113691085964778,0.705,0.997104236006051
"ASV_10089",0.659431453103766,0.0206292238796322,0.946,0.997104236006051
"ASV_10097",0.197093237329767,0.00653090393990908,0.745,0.997104236006051
"ASV_10143",0.202323176666544,0.00681076176719276,0.703,0.997104236006051
"ASV_10145",0.0392616212287791,0.0012016089048241,0.886,0.997104236006051
"ASV_10147",0.178822987976879,0.00585943749570518,0.882,0.997104236006051
"ASV_10158",0.273396470736461,0.00858632423068975,0.752,0.997104236006051
"ASV_10159",0.300794774269293,0.009599053712127,0.938,0.997104236006051
"ASV_10160",0.120904023306911,0.00406024625217391,0.892,0.997104236006051
"ASV_10164",0.346792678771933,0.01087345895659,0.701,0.997104236006051
"ASV_10165",0.274618922274177,0.00884630582996704,0.808,0.997104236006051
"ASV_10167",0.119042411425233,0.00382273256106411,0.949,0.997104236006051
"ASV_10185",0.985696919221029,0.0313929051778453,0.886,0.997104236006051
"ASV_10194",0.100473471730733,0.00336666752142112,0.923,0.997104236006051
"ASV_10216",0.703267197559214,0.0221178874549537,0.857,0.997104236006051
"ASV_10218",1.12968700323677,0.0353760406812024,0.928,0.997104236006051
"ASV_10223",0.44217625900387,0.0138638689251139,0.693,0.997104236006051
"ASV_10224",0.243862198735736,0.00771020875720866,0.813,0.997104236006051
"ASV_10252",0.336301143582924,0.0105058567980823,0.842,0.997104236006051
"ASV_10274",0.150415877674892,0.0046436952125945,0.852,0.997104236006051
"ASV_10316",0.573905366559379,0.0184673207090452,0.756,0.997104236006051
"ASV_10321",0.161787201300618,0.00507001837735475,0.87,0.997104236006051
"ASV_10332",0.0999999459698863,0.0030941818206524,0.922,0.997104236006051
"ASV_10350",1.09786289423443,0.0336240906531927,0.76,0.997104236006051
"ASV_10352",0.140161768267061,0.00444166399464474,0.886,0.997104236006051
"ASV_10354",0.12216769151696,0.00401303398821703,0.849,0.997104236006051
"ASV_10362",0.0190828536929251,0.000579118762091185,0.938,0.997104236006051
"ASV_10374",0.477311544091513,0.0153368041046541,0.905,0.997104236006051
"ASV_10377",3.13094688161494,0.0917113024095771,0.694,0.997104236006051
"ASV_10384",0.0791503701819375,0.00246554607260079,0.906,0.997104236006051
"ASV_10391",1.11481741483352,0.0352664238636467,0.815,0.997104236006051
"ASV_10402",0.704023103555815,0.0225394717859689,0.711,0.997104236006051
"ASV_10418",0.048694251930225,0.00133329521965352,0.9,0.997104236006051
"ASV_10419",0.125637069139097,0.00416012667071398,0.861,0.997104236006051
"ASV_10425",0.176589474338692,0.00604599355474523,0.722,0.997104236006051
"ASV_10426",1.33754871967729,0.0413597298165981,0.703,0.997104236006051
"ASV_10439",0.456918895300209,0.0146532370206178,0.879,0.997104236006051
"ASV_10456",0.0141366624666596,0.000514191881148411,0.878,0.997104236006051
"ASV_10457",0.146575541709326,0.00441083591873721,0.698,0.997104236006051
"ASV_10479",0.479069514628654,0.0151833446881044,0.88,0.997104236006051
"ASV_10480",0.0171324016261706,0.000536655342612368,0.934,0.997104236006051
"ASV_10490",0.0558523133905458,0.00158663311119697,0.915,0.997104236006051
"ASV_10491",0.251617784150344,0.00794928288182319,0.788,0.997104236006051
"ASV_10510",0.247006362322185,0.00806435552959014,0.946,0.997104236006051
"ASV_10515",0.296641261509209,0.00947298845105779,0.698,0.997104236006051
"ASV_10603",2.00848624751623,0.0606979813628769,0.907,0.997104236006051
"ASV_10605",1.90052057118995,0.0572973650855538,0.782,0.997104236006051
"ASV_10626",2.76600064063935,0.0827446073557421,0.87,0.997104236006051
"ASV_10652",0.189883959288308,0.00595034936215218,0.922,0.997104236006051
"ASV_10653",2.360216302552,0.0709037330485295,0.798,0.997104236006051
"ASV_10654",0.850463799849221,0.0266846451163871,0.865,0.997104236006051
"ASV_10674",0.0951613309089741,0.00304520308981933,0.921,0.997104236006051
"ASV_10677",0.448521540667843,0.0143173205168358,0.742,0.997104236006051
"ASV_10696",0.0767030719619792,0.00246792093951301,0.916,0.997104236006051
"ASV_10697",0.978260789447436,0.0304981405676897,0.721,0.997104236006051
"ASV_10719",0.222748253539126,0.00685576349917125,0.72,0.997104236006051
"ASV_10724",0.498774427307762,0.0161643871635383,0.765,0.997104236006051
"ASV_10725",0.21947362368672,0.00703197759641021,0.736,0.997104236006051
"ASV_10741",0.251319863554422,0.00802104979138042,0.786,0.997104236006051
"ASV_10757",0.333759357892423,0.0105363743475368,0.853,0.997104236006051
"ASV_10803",0.107427702655567,0.00334675248918384,0.881,0.997104236006051
"ASV_10837",0.0808242729329213,0.00262554462521416,0.923,0.997104236006051
"ASV_10838",0.110291614893023,0.00367678932876221,0.739,0.997104236006051
"ASV_10841",0.338396027488453,0.0106414528370023,0.793,0.997104236006051
"ASV_10859",0.15763320290332,0.00513681527097075,0.688,0.997104236006051
"ASV_10878",0.57665147184353,0.0178163009389994,0.689,0.997104236006051
"ASV_10881",0.066869379202179,0.00212476411606465,0.761,0.997104236006051
"ASV_10882",0.040944920532374,0.00131468949374762,0.831,0.997104236006051
"ASV_10891",0.137395723878834,0.00442314369904278,0.848,0.997104236006051
"ASV_10913",0.440421235520223,0.0140157986033722,0.843,0.997104236006051
"ASV_10925",0.174353402264765,0.00561441959558197,0.881,0.997104236006051
"ASV_10936",0.26385130876898,0.00847016369165954,0.769,0.997104236006051
"ASV_11000",0.524619848607917,0.0165930641557537,0.745,0.997104236006051
"ASV_11039",0.251409987614775,0.00806086623372087,0.769,0.997104236006051
"ASV_11043",0.183757851408294,0.00597127330396579,0.726,0.997104236006051
"ASV_11047",0.0646216086718082,0.00207043759382897,0.915,0.997104236006051
"ASV_11093",0.115199680892888,0.0039559977127023,0.802,0.997104236006051
"ASV_11101",0.180747631175859,0.00592903534977954,0.955,0.997104236006051
"ASV_11107",0.198116405579315,0.00638162778791137,0.896,0.997104236006051
"ASV_11155",0.457315696861536,0.0145406283582585,0.802,0.997104236006051
"ASV_11168",0.0959155244820424,0.00302617701714259,0.921,0.997104236006051
"ASV_11179",0.297012705976065,0.0100860786113785,0.805,0.997104236006051
"ASV_11182",0.0348658570197716,0.00097309424214456,0.955,0.997104236006051
"ASV_11186",0.0877880604212628,0.00283779539163239,0.828,0.997104236006051
"ASV_11211",0.131812368644192,0.00414835791792236,0.809,0.997104236006051
"ASV_11222",0.452124764949504,0.014690250661125,0.815,0.997104236006051
"ASV_11261",0.0470835279857637,0.00147720198707262,0.956,0.997104236006051
"ASV_11263",0.0855733824396197,0.00255044332551982,0.936,0.997104236006051
"ASV_11273",0.121560397593324,0.00390282200989518,0.881,0.997104236006051
"ASV_11292",0.289668336649044,0.00897038033146713,0.833,0.997104236006051
"ASV_11298",0.0189458393745486,0.000715710357833878,0.928,0.997104236006051
"ASV_11316",0.0836455322666662,0.0026499364609855,0.898,0.997104236006051
"ASV_11323",0.427132439718416,0.0135830501657768,0.943,0.997104236006051
"ASV_11342",0.189223702675213,0.00633555400579799,0.794,0.997104236006051
"ASV_11344",0.240095068840125,0.00777288146526909,0.773,0.997104236006051
"ASV_11360",0.16415094975895,0.00540761189012924,0.824,0.997104236006051
"ASV_11361",0.175235184504963,0.00561221502530006,0.727,0.997104236006051
"ASV_11379",0.254165664557102,0.00817832900765198,0.68,0.997104236006051
"ASV_11400",0.223910864499334,0.00730118050526198,0.835,0.997104236006051
"ASV_11419",0.366522403210409,0.011776500388889,0.852,0.997104236006051
"ASV_11420",0.295612017184472,0.00955554499091876,0.836,0.997104236006051
"ASV_11421",0.244882259144803,0.0078170559290634,0.779,0.997104236006051
"ASV_11441",0.580912790854279,0.0184094360127712,0.737,0.997104236006051
"ASV_11450",0.482217742253254,0.0153458259655242,0.69,0.997104236006051
"ASV_11466",0.272417898454893,0.0088195159953861,0.853,0.997104236006051
"ASV_11489",0.195860643835867,0.00628931412176857,0.876,0.997104236006051
"ASV_11519",0.130114595445066,0.004094425542495,0.873,0.997104236006051
"ASV_11524",0.185834396076493,0.00590793296820625,0.773,0.997104236006051
"ASV_11525",0.123946009851984,0.00398779807662076,0.911,0.997104236006051
"ASV_11585",0.398262636419314,0.012652557828674,0.732,0.997104236006051
"ASV_11606",0.693259865981503,0.0218133950768915,0.781,0.997104236006051
"ASV_11632",0.131377165032416,0.00420323466817976,0.939,0.997104236006051
"ASV_11633",0.60551796519117,0.018839578827005,0.852,0.997104236006051
"ASV_11671",0.130051792220865,0.0041742940783522,0.778,0.997104236006051
"ASV_11677",0.588997071571626,0.018640471614606,0.728,0.997104236006051
"ASV_11734",0.56775090761486,0.0180900538199223,0.706,0.997104236006051
"ASV_11756",0.0332941724835307,0.00111106373415481,0.956,0.997104236006051
"ASV_11788",0.681058143000793,0.0212814942991883,0.723,0.997104236006051
"ASV_11791",0.325618497859867,0.0109418206009191,0.744,0.997104236006051
"ASV_11795",0.272687476791451,0.00913339462419292,0.807,0.997104236006051
"ASV_11822",0.113356255698286,0.00385162554979412,0.891,0.997104236006051
"ASV_11862",0.0484972562550039,0.00150515461585551,0.946,0.997104236006051
"ASV_11863",0.552677592089571,0.0172353750364476,0.806,0.997104236006051
"ASV_11874",0.297764341320079,0.00941568089444184,0.695,0.997104236006051
"ASV_11909",0.0389751321478244,0.00120787545274589,0.853,0.997104236006051
"ASV_11925",0.471176587137761,0.0148319323510703,0.74,0.997104236006051
"ASV_11929",0.459836234711066,0.0147183823189182,0.796,0.997104236006051
"ASV_11946",0.171108648729951,0.00565863855869342,0.759,0.997104236006051
"ASV_11948",0.333078459493834,0.0104975963056429,0.833,0.997104236006051
"ASV_11974",0.040702028114111,0.00128636649161512,0.92,0.997104236006051
"ASV_11981",0.0956725715577615,0.00286669743821475,0.856,0.997104236006051
"ASV_11992",0.0155261869840215,0.000498480743110536,0.947,0.997104236006051
"ASV_12006",0.0406083770682218,0.00128737291610064,0.795,0.997104236006051
"ASV_12032",0.0487256260288398,0.00155141125777703,0.918,0.997104236006051
"ASV_12042",0.1864314787783,0.00572390875244848,0.806,0.997104236006051
"ASV_12046",0.523644371803121,0.0165582794692269,0.814,0.997104236006051
"ASV_12048",0.148074952756931,0.00476862058009616,0.905,0.997104236006051
"ASV_12059",0.637265046137528,0.0202948780590735,0.729,0.997104236006051
"ASV_12067",0.558138386488584,0.0175864116133411,0.752,0.997104236006051
"ASV_12069",0.0730528346385867,0.00242315220009595,0.931,0.997104236006051
"ASV_12115",0.222737264723427,0.00659841145029659,0.802,0.997104236006051
"ASV_12130",0.242911690169527,0.00772556619544519,0.874,0.997104236006051
"ASV_12155",0.122391240592664,0.00389102775200818,0.779,0.997104236006051
"ASV_12162",0.164322196832333,0.00534792029288603,0.733,0.997104236006051
"ASV_12164",0.0127703198935602,0.0004254346631062,0.946,0.997104236006051
"ASV_12175",0.0478554915996072,0.00150588332033052,0.94,0.997104236006051
"ASV_12184",0.0330846977649579,0.00110232703246209,0.922,0.997104236006051
"ASV_12188",0.182652988658686,0.00587273311294839,0.748,0.997104236006051
"ASV_12192",0.453819745636052,0.0145509232141731,0.699,0.997104236006051
"ASV_12227",0.0685727549064568,0.00217725061054507,0.954,0.997104236006051
"ASV_12228",0.193652830183484,0.0064322697607605,0.841,0.997104236006051
"ASV_12239",0.124459457587757,0.00416447413577158,0.919,0.997104236006051
"ASV_12240",0.380631613033639,0.0121280536346684,0.764,0.997104236006051
"ASV_12253",0.312930912200651,0.00999544684252033,0.734,0.997104236006051
"ASV_12293",0.532700471614294,0.0175202237439981,0.762,0.997104236006051
"ASV_12334",0.355801647913742,0.0109876583639322,0.769,0.997104236006051
"ASV_12366",0.519434536023952,0.0165143112414318,0.938,0.997104236006051
"ASV_12368",0.230876308824623,0.00729367676070832,0.715,0.997104236006051
"ASV_12443",0.755334272160323,0.0237078946752085,0.798,0.997104236006051
"ASV_12445",0.169881893364732,0.00564409023509069,0.871,0.997104236006051
"ASV_12490",0.56368057947915,0.0177270561387852,0.81,0.997104236006051
"ASV_12511",0.158383623154817,0.00495252564232788,0.941,0.997104236006051
"ASV_12517",0.838648252486432,0.0269009188550136,0.78,0.997104236006051
"ASV_12549",0.337579706630936,0.01103845927916,0.93,0.997104236006051
"ASV_12564",0.079635423171588,0.00253738569951585,0.848,0.997104236006051
"ASV_12584",0.176884361858231,0.00562205204081087,0.885,0.997104236006051
"ASV_12632",0.161418352158312,0.00513104803650196,0.75,0.997104236006051
"ASV_12639",0.399719019456832,0.0124337992740976,0.773,0.997104236006051
"ASV_12661",0.0859411190763336,0.00277607011240838,0.915,0.997104236006051
"ASV_12664",0.452839118437577,0.0142619999341613,0.81,0.997104236006051
"ASV_12667",0.346476543455332,0.0109371750304616,0.695,0.997104236006051
"ASV_12731",0.27176639282441,0.00876042976097756,0.815,0.997104236006051
"ASV_12735",0.36998477672663,0.0116366549639767,0.689,0.997104236006051
"ASV_12765",0.374143450186246,0.0121983233285059,0.687,0.997104236006051
"ASV_12767",0.494649919436409,0.0156431056238122,0.694,0.997104236006051
"ASV_12775",0.0714035874465726,0.00239261999289825,0.885,0.997104236006051
"ASV_12783",0.191420386080602,0.00590762742805666,0.791,0.997104236006051
"ASV_12795",0.0540523798696228,0.00179569940892188,0.952,0.997104236006051
"ASV_12800",0.0242873514726943,0.00074983247563028,0.903,0.997104236006051
"ASV_12801",0.172635356266459,0.00561297137420981,0.927,0.997104236006051
"ASV_12844",0.46278075752191,0.0146973976708798,0.733,0.997104236006051
"ASV_12848",0.95564670454739,0.0297868204805936,0.832,0.997104236006051
"ASV_12873",0.733567838682032,0.0231331141998948,0.836,0.997104236006051
"ASV_12876",0.204038622334408,0.00648190523734651,0.882,0.997104236006051
"ASV_12880",0.752511007166819,0.0241057930614179,0.688,0.997104236006051
"ASV_12909",0.0927316191767145,0.00306394496999843,0.725,0.997104236006051
"ASV_12918",0.180616109384163,0.00579600582728426,0.881,0.997104236006051
"ASV_12934",0.406291009137772,0.0130045310802571,0.791,0.997104236006051
"ASV_12940",0.478414970243064,0.0151519865696025,0.783,0.997104236006051
"ASV_12942",0.414618828789022,0.0132733829543666,0.732,0.997104236006051
"ASV_12981",0.0357422738763179,0.00107392973583585,0.929,0.997104236006051
"ASV_13004",0.0986145881687472,0.00328969256744294,0.933,0.997104236006051
"ASV_13007",0.256337453381939,0.00825513786744088,0.919,0.997104236006051
"ASV_13013",0.180829989103711,0.00577533635607005,0.887,0.997104236006051
"ASV_13075",1.0930420255655,0.0341816687327384,0.743,0.997104236006051
"ASV_13106",0.197603402089198,0.0063586007018821,0.738,0.997104236006051
"ASV_13108",0.918140227316515,0.028367993626495,0.754,0.997104236006051
"ASV_13110",0.404886628385542,0.0135172272341419,0.939,0.997104236006051
"ASV_13131",0.201557460598739,0.00655960949855676,0.78,0.997104236006051
"ASV_13167",0.117876426698046,0.00381781893409874,0.866,0.997104236006051
"ASV_13194",0.1961287857774,0.00631931176932871,0.755,0.997104236006051
"ASV_13197",0.701694283502757,0.022188201157503,0.687,0.997104236006051
"ASV_13214",0.260142304623242,0.00852669310265464,0.838,0.997104236006051
"ASV_13235",0.068554928611552,0.00223955025043313,0.91,0.997104236006051
"ASV_13248",0.278682433092763,0.00922569546546348,0.844,0.997104236006051
"ASV_13251",0.278646038971433,0.00889117578685657,0.935,0.997104236006051
"ASV_13274",0.106092710402688,0.00343108183207703,0.952,0.997104236006051
"ASV_13275",0.0660510047109461,0.00214663853220128,0.756,0.997104236006051
"ASV_13293",1.29998346902385,0.0401089587553459,0.725,0.997104236006051
"ASV_13349",0.88701961495344,0.0281317143923247,0.709,0.997104236006051
"ASV_13358",0.300779739074346,0.00944752042955113,0.72,0.997104236006051
"ASV_13361",0.0543566626552844,0.00185035181586266,0.938,0.997104236006051
"ASV_13363",0.324984391411543,0.0110988698705137,0.923,0.997104236006051
"ASV_13368",0.192060541069638,0.0061876499683436,0.767,0.997104236006051
"ASV_13372",0.0950106337062259,0.00287096586635604,0.925,0.997104236006051
"ASV_13379",0.307611285948646,0.00982482673618547,0.72,0.997104236006051
"ASV_13398",1.17085337557874,0.0360779195780849,0.828,0.997104236006051
"ASV_13399",0.111016185215637,0.00355618425073828,0.76,0.997104236006051
"ASV_13437",0.575270855818068,0.0182057930883624,0.747,0.997104236006051
"ASV_13439",0.369986717178244,0.0117555037387093,0.772,0.997104236006051
"ASV_13444",0.157259236856834,0.00520428983030527,0.696,0.997104236006051
"ASV_13475",0.715025635857722,0.0223663471742567,0.891,0.997104236006051
"ASV_13517",0.163520304866688,0.00499905557768548,0.889,0.997104236006051
"ASV_13526",0.0829214020178044,0.00259067616458896,0.873,0.997104236006051
"ASV_13528",1.4745782445681,0.0461467574875616,0.703,0.997104236006051
"ASV_13538",0.335598092815244,0.0107984634864129,0.837,0.997104236006051
"ASV_13540",0.479095732681522,0.0161768096216105,0.821,0.997104236006051
"ASV_13545",0.170484327513293,0.0058289470359422,0.688,0.997104236006051
"ASV_13562",0.638569828893201,0.020119561153861,0.724,0.997104236006051
"ASV_13563",0.298811373939024,0.00957453360410351,0.707,0.997104236006051
"ASV_13565",0.303264545087915,0.0097851149304504,0.78,0.997104236006051
"ASV_13597",0.636385498317256,0.0201643570483511,0.708,0.997104236006051
"ASV_13604",0.376788569044215,0.011974698494544,0.86,0.997104236006051
"ASV_13609",0.357500775290631,0.0109833355522062,0.72,0.997104236006051
"ASV_13613",0.662416662004012,0.0209886419826486,0.701,0.997104236006051
"ASV_13615",0.213596930928675,0.0070702835349873,0.811,0.997104236006051
"ASV_13619",0.279850025383241,0.00926548489586363,0.819,0.997104236006051
"ASV_13627",0.237920874049018,0.00779925945670471,0.845,0.997104236006051
"ASV_13634",0.124518677700621,0.00430227960953968,0.852,0.997104236006051
"ASV_13638",0.45554437116942,0.0145003828067505,0.804,0.997104236006051
"ASV_13694",0.722406896036678,0.0224193758671589,0.922,0.997104236006051
"ASV_13698",0.68052931085527,0.0212380327315798,0.768,0.997104236006051
"ASV_13706",0.514681615847343,0.0158486615293181,0.867,0.997104236006051
"ASV_13712",0.190857553145501,0.00625520084915348,0.945,0.997104236006051
"ASV_13741",0.300389791916049,0.00960187787990496,0.788,0.997104236006051
"ASV_13748",0.764654328490424,0.0239255582770336,0.845,0.997104236006051
"ASV_13755",0.113967564931386,0.00383945689259085,0.842,0.997104236006051
"ASV_13825",0.355400513167856,0.0113830359129345,0.819,0.997104236006051
"ASV_13847",0.392273553935991,0.0117294966449489,0.73,0.997104236006051
"ASV_13867",0.14051721367075,0.00455731037528728,0.886,0.997104236006051
"ASV_13888",0.889661805702331,0.028057927779393,0.746,0.997104236006051
"ASV_13889",0.0578330782074374,0.00188449805222317,0.956,0.997104236006051
"ASV_13890",0.0455182049479651,0.00148383526972087,0.849,0.997104236006051
"ASV_13927",0.132854385423474,0.00428611822478762,0.832,0.997104236006051
"ASV_13935",0.301589882470256,0.00981892499300361,0.681,0.997104236006051
"ASV_13946",0.143995252458236,0.00461240756003882,0.738,0.997104236006051
"ASV_13947",0.642487702725777,0.0203207201332124,0.707,0.997104236006051
"ASV_13948",1.88279786975114,0.0578905332668822,0.753,0.997104236006051
"ASV_13975",0.133265116958969,0.0044586703560742,0.756,0.997104236006051
"ASV_14018",0.421842116634378,0.0135914209158368,0.703,0.997104236006051
"ASV_14019",0.319655737855211,0.0100532802473323,0.811,0.997104236006051
"ASV_14031",0.751569391138142,0.0237014933814027,0.719,0.997104236006051
"ASV_14032",0.190393533722426,0.005679238612243,0.726,0.997104236006051
"ASV_14034",0.189177136061312,0.0060205094574007,0.862,0.997104236006051
"ASV_14038",1.89819231883596,0.0579504703727692,0.913,0.997104236006051
"ASV_14040",0.38051331916665,0.0122224212890309,0.833,0.997104236006051
"ASV_14064",0.188748356581348,0.00605799032620342,0.795,0.997104236006051
"ASV_14066",0.120211669336524,0.00339625590457456,0.818,0.997104236006051
"ASV_14111",0.0743437569423041,0.00255988554963971,0.841,0.997104236006051
"ASV_14119",0.620187718591752,0.0197679382254317,0.719,0.997104236006051
"ASV_14131",0.40063725434226,0.01242019157273,0.909,0.997104236006051
"ASV_14148",0.147966320530425,0.00472104578188653,0.84,0.997104236006051
"ASV_14164",0.423923134394798,0.013634342237088,0.7,0.997104236006051
"ASV_14170",0.116423147647614,0.00368084327920366,0.933,0.997104236006051
"ASV_14201",0.208853609166891,0.0068619373001408,0.874,0.997104236006051
"ASV_14205",0.148051860877802,0.00475523129659918,0.934,0.997104236006051
"ASV_14209",0.32400940462471,0.0104743890569236,0.682,0.997104236006051
"ASV_14217",0.396211498031162,0.0125703043835839,0.71,0.997104236006051
"ASV_14258",0.138855003694804,0.00449004615029325,0.781,0.997104236006051
"ASV_14287",0.280930139408836,0.00871296733116777,0.798,0.997104236006051
"ASV_14292",0.852859406093568,0.0266006554559173,0.748,0.997104236006051
"ASV_14296",0.464032503687272,0.014612223417479,0.774,0.997104236006051
"ASV_14313",0.130416932825465,0.00407187574752211,0.952,0.997104236006051
"ASV_14330",0.460482681919904,0.0146653435785413,0.762,0.997104236006051
"ASV_14374",0.174154011504129,0.00565580804960307,0.849,0.997104236006051
"ASV_14383",0.258955429151475,0.00845609948985735,0.737,0.997104236006051
"ASV_14394",0.444451407316622,0.0140575657575713,0.871,0.997104236006051
"ASV_14403",0.0359707166224504,0.00116471254116157,0.937,0.997104236006051
"ASV_14418",0.448256680073066,0.0142549857222345,0.747,0.997104236006051
"ASV_14423",0.611400999550577,0.0195627284132376,0.709,0.997104236006051
"ASV_14426",0.0509623116417349,0.00167610496046141,0.953,0.997104236006051
"ASV_14498",0.512603777860813,0.0161587353844078,0.844,0.997104236006051
"ASV_14505",0.0647599801914578,0.00214025842442239,0.87,0.997104236006051
"ASV_14533",0.904642352020979,0.0282052784533173,0.694,0.997104236006051
"ASV_14563",0.546016764774481,0.017289423613644,0.708,0.997104236006051
"ASV_14578",0.074982048858249,0.00242001236868396,0.863,0.997104236006051
"ASV_14580",0.481467999459652,0.0152719018765357,0.753,0.997104236006051
"ASV_14591",0.117435919259768,0.00373048005780524,0.885,0.997104236006051
"ASV_14602",0.0464714235997756,0.0014532372948608,0.879,0.997104236006051
"ASV_14616",0.258203154398391,0.00848032630225328,0.747,0.997104236006051
"ASV_14618",0.0930934063344701,0.00291609348215417,0.9,0.997104236006051
"ASV_14620",0.60803030667832,0.0192668911360503,0.734,0.997104236006051
"ASV_14683",0.285863690847138,0.00944699757631315,0.725,0.997104236006051
"ASV_14704",0.111283110613368,0.00353862454323668,0.926,0.997104236006051
"ASV_14712",0.397267575516974,0.012657042296981,0.736,0.997104236006051
"ASV_14738",0.941471917255842,0.0294378697938125,0.707,0.997104236006051
"ASV_14740",0.14128271341023,0.00445007626746121,0.779,0.997104236006051
"ASV_14775",0.101303209645297,0.00334535430321045,0.877,0.997104236006051
"ASV_14792",0.111821545075302,0.00359087869920279,0.829,0.997104236006051
"ASV_14809",1.83105709092582,0.0553685101837154,0.84,0.997104236006051
"ASV_14826",0.138749777947649,0.00434138902528974,0.786,0.997104236006051
"ASV_14877",1.89567554589527,0.0576368593943941,0.715,0.997104236006051
"ASV_14878",0.239883742738618,0.00780115174121637,0.693,0.997104236006051
"ASV_14932",0.20788552415042,0.00672288458707834,0.824,0.997104236006051
"ASV_14947",0.284002890585902,0.00866721156329185,0.746,0.997104236006051
"ASV_14949",0.0328185803649575,0.000986754246332836,0.863,0.997104236006051
"ASV_14951",0.71739902052704,0.0226369112850818,0.954,0.997104236006051
"ASV_14990",0.296668083641945,0.00954163566018126,0.842,0.997104236006051
"ASV_15020",0.19110005102208,0.00588909293762219,0.734,0.997104236006051
"ASV_15024",0.151465634649902,0.00482116939105921,0.912,0.997104236006051
"ASV_15056",0.0477931216428704,0.00152837278655792,0.899,0.997104236006051
"ASV_15059",0.419887352570601,0.0135692634811415,0.852,0.997104236006051
"ASV_15108",0.277160999203892,0.00887911162235538,0.818,0.997104236006051
"ASV_15115",0.0276288998751138,0.000991351612963033,0.937,0.997104236006051
"ASV_15147",1.18674470758664,0.0368926273216758,0.771,0.997104236006051
"ASV_15150",0.108530414393993,0.00358861027826898,0.721,0.997104236006051
"ASV_15218",0.155962301681532,0.00507220505275568,0.87,0.997104236006051
"ASV_15226",0.243465301646567,0.00791231084463418,0.75,0.997104236006051
"ASV_15264",0.784432702260455,0.0246895668114891,0.732,0.997104236006051
"ASV_15268",0.065090523206327,0.00213135214941641,0.897,0.997104236006051
"ASV_15360",0.244289018676725,0.00779963480656902,0.716,0.997104236006051
"ASV_15393",0.811787215102534,0.0254906037339746,0.735,0.997104236006051
"ASV_15429",0.294030358929035,0.00930845485518477,0.744,0.997104236006051
"ASV_15433",0.357119202940945,0.0114073793439244,0.754,0.997104236006051
"ASV_15439",0.284300382134452,0.00945406124435619,0.852,0.997104236006051
"ASV_15442",0.255374068703371,0.00809063543912747,0.723,0.997104236006051
"ASV_15464",0.111661083963776,0.00333883977157875,0.924,0.997104236006051
"ASV_15472",0.151443162410205,0.00485920761053888,0.871,0.997104236006051
"ASV_15474",0.326066131066431,0.0104886072764459,0.847,0.997104236006051
"ASV_15502",0.0458893288673498,0.00149913179957367,0.931,0.997104236006051
"ASV_15510",0.765229402553257,0.0243273181050159,0.953,0.997104236006051
"ASV_15676",0.0847112307798187,0.00268545531272988,0.876,0.997104236006051
"ASV_15682",0.422483248132867,0.013434695386917,0.781,0.997104236006051
"ASV_15728",0.744751741317942,0.0235617913516457,0.717,0.997104236006051
"ASV_15729",0.531085064394167,0.0168230225963138,0.775,0.997104236006051
"ASV_15730",0.396384622333466,0.0125877121082015,0.722,0.997104236006051
"ASV_15731",0.33475831528228,0.0106832285592444,0.71,0.997104236006051
"ASV_15733",0.0625849906207683,0.00211972300996571,0.946,0.997104236006051
"ASV_15736",0.195910237216527,0.00623760827608667,0.751,0.997104236006051
"ASV_15740",0.0541705307391259,0.00186950839004231,0.884,0.997104236006051
"ASV_15788",0.277850138565933,0.00898098508792049,0.821,0.997104236006051
"ASV_15790",0.035161061696148,0.000921296218014887,0.936,0.997104236006051
"ASV_15821",0.0467940308238731,0.00151352122609405,0.835,0.997104236006051
"ASV_15828",1.57977971127469,0.0483955581930572,0.739,0.997104236006051
"ASV_15835",1.76741784451582,0.0536290591806567,0.919,0.997104236006051
"ASV_15872",0.233887472521848,0.00749619701785203,0.739,0.997104236006051
"ASV_15874",0.297696457670768,0.00985788726457587,0.759,0.997104236006051
"ASV_15940",1.36409366305763,0.0421380657629942,0.689,0.997104236006051
"ASV_15959",0.183245548993274,0.00597016030637918,0.839,0.997104236006051
"ASV_15964",0.480854362000986,0.0152643105683271,0.945,0.997104236006051
"ASV_15972",0.456091256568521,0.0146984011276348,0.716,0.997104236006051
"ASV_15987",0.0638834380437109,0.00207964367253128,0.705,0.997104236006051
"ASV_15993",0.181188662477329,0.00582060346944588,0.91,0.997104236006051
"ASV_15996",0.176375375001934,0.00552807011414988,0.834,0.997104236006051
"ASV_16087",0.0906123966470947,0.00317462242039504,0.795,0.997104236006051
"ASV_16091",0.892903370266223,0.0282043555670694,0.715,0.997104236006051
"ASV_16097",0.0617038014962034,0.00208606942742891,0.903,0.997104236006051
"ASV_16108",0.167939345758391,0.00526296009742372,0.948,0.997104236006051
"ASV_16141",0.251683282689824,0.00798437881631313,0.803,0.997104236006051
"ASV_16147",0.0560212374927741,0.00186586459068983,0.798,0.997104236006051
"ASV_16228",0.230497816373714,0.00716604576738415,0.755,0.997104236006051
"ASV_16331",0.0367074395120358,0.00115404583152408,0.838,0.997104236006051
"ASV_16335",0.784898866610078,0.0246933386490439,0.723,0.997104236006051
"ASV_16340",0.174463724273274,0.00583993570383188,0.83,0.997104236006051
"ASV_16343",0.471846435256987,0.0149979778023966,0.738,0.997104236006051
"ASV_16366",0.0288023566392091,0.00104594458265431,0.846,0.997104236006051
"ASV_16460",0.168206915997522,0.005116002996813,0.719,0.997104236006051
"ASV_16461",0.420207639828442,0.0138455711939702,0.814,0.997104236006051
"ASV_16482",0.606093767448295,0.0189862360030569,0.907,0.997104236006051
"ASV_16499",1.32288289341682,0.0408371837505544,0.748,0.997104236006051
"ASV_16501",0.482059881737024,0.0151883030283766,0.774,0.997104236006051
"ASV_16520",0.369792951930686,0.0116109788136099,0.758,0.997104236006051
"ASV_16521",0.068265152590605,0.00219711601699432,0.954,0.997104236006051
"ASV_16591",0.155933691930333,0.00504055433848926,0.708,0.997104236006051
"ASV_16613",0.074177002281961,0.00236742321472898,0.939,0.997104236006051
"ASV_16648",0.649788486416156,0.0206523280732197,0.76,0.997104236006051
"ASV_16649",0.087218535135957,0.00269256664178675,0.925,0.997104236006051
"ASV_16660",0.141121056970907,0.00452710983844079,0.755,0.997104236006051
"ASV_16661",0.195135973999,0.00640308420291798,0.731,0.997104236006051
"ASV_16734",0.0736149154868239,0.00216052636640447,0.924,0.997104236006051
"ASV_16751",0.0725367054340856,0.00247567212958009,0.78,0.997104236006051
"ASV_16764",0.00674734646186111,0.000217983831372311,0.878,0.997104236006051
"ASV_16789",0.490686364938027,0.0155810625634069,0.957,0.997104236006051
"ASV_16891",0.0986785392405194,0.00315021587626384,0.881,0.997104236006051
"ASV_16903",0.115415781047484,0.00391511868176455,0.739,0.997104236006051
"ASV_16939",0.743383962678133,0.0234169363046693,0.935,0.997104236006051
"ASV_16940",0.873898413587144,0.027402249627402,0.894,0.997104236006051
"ASV_16942",0.190083217502666,0.00597380482918233,0.897,0.997104236006051
"ASV_16944",0.740735601152078,0.0233450660938293,0.727,0.997104236006051
"ASV_16946",0.13152665076049,0.00412906897155502,0.94,0.997104236006051
"ASV_16953",0.222416453784894,0.00712393564436573,0.782,0.997104236006051
"ASV_17009",0.268577309382917,0.0090000043844988,0.691,0.997104236006051
"ASV_17013",0.694563390960073,0.0224686586524488,0.754,0.997104236006051
"ASV_17026",0.350325903048349,0.0111888834819764,0.728,0.997104236006051
"ASV_17035",0.600324598691518,0.0189414470432782,0.683,0.997104236006051
"ASV_17043",0.0366398077554664,0.00101300714346478,0.922,0.997104236006051
"ASV_17046",0.220407059644283,0.00664495177067979,0.802,0.997104236006051
"ASV_17083",0.0748867833523797,0.00245732067819285,0.949,0.997104236006051
"ASV_17084",1.18046449409157,0.0367240209298685,0.86,0.997104236006051
"ASV_17094",0.514469895161843,0.0163937074838158,0.731,0.997104236006051
"ASV_17169",0.573652175941556,0.0182058933879434,0.739,0.997104236006051
"ASV_17173",0.073608196608514,0.00252339942369084,0.948,0.997104236006051
"ASV_17177",0.373506058460195,0.0119322108375258,0.811,0.997104236006051
"ASV_17179",0.0973958363437509,0.00293363454794488,0.825,0.997104236006051
"ASV_17182",1.37294943410024,0.0423282966790508,0.813,0.997104236006051
"ASV_17186",0.818519011934925,0.0252483841600201,0.784,0.997104236006051
"ASV_17195",0.0592112937094371,0.00190580400682126,0.885,0.997104236006051
"ASV_17245",0.341789711654728,0.0108879207421829,0.811,0.997104236006051
"ASV_17258",1.59397307000995,0.0487641081872175,0.882,0.997104236006051
"ASV_17316",0.136831887461448,0.00438835484116323,0.779,0.997104236006051
"ASV_17321",0.235848754259151,0.00758724346768915,0.853,0.997104236006051
"ASV_17354",0.316643717546519,0.0101248557730187,0.792,0.997104236006051
"ASV_17390",0.176067862204207,0.0054783936534185,0.722,0.997104236006051
"ASV_17392",0.0620436598025587,0.00203050129983889,0.754,0.997104236006051
"ASV_17397",0.984121370061663,0.0305775152746005,0.945,0.997104236006051
"ASV_17495",0.242296725793281,0.0078558416247118,0.813,0.997104236006051
"ASV_17498",0.182788875976657,0.00586815348330702,0.791,0.997104236006051
"ASV_17503",0.203595613423885,0.00652347179442098,0.712,0.997104236006051
"ASV_17504",0.243023121243325,0.00809680073948829,0.854,0.997104236006051
"ASV_17532",0.385579146567731,0.0121977913009195,0.818,0.997104236006051
"ASV_17537",0.284145039898537,0.00907835940235036,0.716,0.997104236006051
"ASV_17542",0.963507588112597,0.0294940707769773,0.686,0.997104236006051
"ASV_17632",0.410561766822072,0.0130954235457837,0.685,0.997104236006051
"ASV_17637",0.236172923042127,0.00742360725363969,0.9,0.997104236006051
"ASV_17649",0.427516815509583,0.0136409646325831,0.927,0.997104236006051
"ASV_17651",0.741139985294445,0.0235609887653048,0.694,0.997104236006051
"ASV_17680",0.318985560748051,0.0101559538908408,0.938,0.997104236006051
"ASV_17703",0.690012637024463,0.0218095985094986,0.682,0.997104236006051
"ASV_17709",0.182223397353417,0.00589981874393124,0.809,0.997104236006051
"ASV_17721",1.99053822232288,0.0604636864122321,0.726,0.997104236006051
"ASV_17794",0.156639809788777,0.00506474436545185,0.76,0.997104236006051
"ASV_17795",0.434767343468276,0.0137961314911812,0.688,0.997104236006051
"ASV_17805",0.139964744577726,0.00411637315548806,0.942,0.997104236006051
"ASV_17857",0.656972329113878,0.0208286190865769,0.761,0.997104236006051
"ASV_17859",0.854367440646557,0.0271802505714656,0.788,0.997104236006051
"ASV_17860",0.465077099990352,0.0145373761285259,0.735,0.997104236006051
"ASV_17865",0.283055944590551,0.00887867253311292,0.839,0.997104236006051
"ASV_17866",0.372258194862914,0.0116833001309523,0.737,0.997104236006051
"ASV_17872",0.456645598519954,0.0147172134977218,0.896,0.997104236006051
"ASV_17928",0.0381766354881282,0.00111159991480515,0.93,0.997104236006051
"ASV_17947",0.473269134061055,0.0145693266396407,0.758,0.997104236006051
"ASV_17972",0.109016129114663,0.00361521786534402,0.929,0.997104236006051
"ASV_17975",1.08957861984823,0.0339678537729069,0.779,0.997104236006051
"ASV_17987",0.344746923237708,0.0112096452606215,0.888,0.997104236006051
"ASV_17991",0.139790994880289,0.00465849934614578,0.681,0.997104236006051
"ASV_18015",0.316324339657924,0.00999276228899973,0.877,0.997104236006051
"ASV_18018",0.0689923586405304,0.00220621916948793,0.937,0.997104236006051
"ASV_18021",0.101124452005908,0.00324195340807983,0.894,0.997104236006051
"ASV_18031",0.8521088784682,0.0269754150957272,0.797,0.997104236006051
"ASV_18034",0.184056018144488,0.00591715004611315,0.853,0.997104236006051
"ASV_18093",0.3158168082501,0.0102317397540628,0.687,0.997104236006051
"ASV_18104",0.08466814336793,0.00262544584796644,0.941,0.997104236006051
"ASV_18126",0.26100910717685,0.00870510213054297,0.806,0.997104236006051
"ASV_18168",0.318219079470079,0.010145745234358,0.818,0.997104236006051
"ASV_18169",0.675480811112334,0.0210888971144308,0.778,0.997104236006051
"ASV_18171",0.132356288766049,0.00405145732117152,0.867,0.997104236006051
"ASV_18184",0.03551703659672,0.00114680463008898,0.905,0.997104236006051
"ASV_18191",0.106202755749497,0.00337734863883174,0.952,0.997104236006051
"ASV_18275",0.0628779954409221,0.00189214521870943,0.886,0.997104236006051
"ASV_18311",0.133731081200441,0.00398302556213157,0.812,0.997104236006051
"ASV_18317",0.327112446171193,0.0104305176061092,0.74,0.997104236006051
"ASV_18329",0.31594122521603,0.00998048809477843,0.78,0.997104236006051
"ASV_18478",0.123490442214676,0.00403195708935637,0.785,0.997104236006051
"ASV_18508",0.0908483010332355,0.00297179746188494,0.897,0.997104236006051
"ASV_18536",0.492447189150501,0.0158017697614758,0.794,0.997104236006051
"ASV_18548",0.204693043199421,0.00656003432208898,0.86,0.997104236006051
"ASV_18640",0.203013040886062,0.00647955238009883,0.813,0.997104236006051
"ASV_18647",0.409371358022975,0.0131229921863358,0.781,0.997104236006051
"ASV_18661",0.706268131081412,0.0223853586907996,0.747,0.997104236006051
"ASV_18711",0.66889481621345,0.0215199178874234,0.802,0.997104236006051
"ASV_18713",0.660185043716161,0.0206543267304007,0.697,0.997104236006051
"ASV_18718",0.679798377031997,0.021505976524235,0.681,0.997104236006051
"ASV_18722",0.192106793326821,0.00593031822541742,0.835,0.997104236006051
"ASV_18809",0.618800095294797,0.019663664921316,0.917,0.997104236006051
"ASV_18818",0.330625781384582,0.010320349684804,0.908,0.997104236006051
"ASV_18831",0.470556590193092,0.0148055916377847,0.692,0.997104236006051
"ASV_18837",0.16263975043767,0.00536052680120931,0.926,0.997104236006051
"ASV_18877",0.516509621784919,0.0162051175068853,0.739,0.997104236006051
"ASV_18886",0.477662828042283,0.0155892486898283,0.691,0.997104236006051
"ASV_19007",0.250733449050512,0.00790419649742405,0.886,0.997104236006051
"ASV_19012",0.532700568942404,0.016654991834545,0.94,0.997104236006051
"ASV_19019",0.461288052549336,0.0145248175436453,0.683,0.997104236006051
"ASV_19029",0.292868395374803,0.00878353255068994,0.717,0.997104236006051
"ASV_19050",2.32003533854787,0.0694068421474194,0.92,0.997104236006051
"ASV_19056",0.352151293340687,0.0112490167313354,0.699,0.997104236006051
"ASV_19061",0.106444220031798,0.00362056525157239,0.929,0.997104236006051
"ASV_19186",0.080507271977665,0.00256021510054683,0.923,0.997104236006051
"ASV_19235",0.179937666249896,0.00587581811646846,0.897,0.997104236006051
"ASV_19271",0.747784594971691,0.0234936625002461,0.704,0.997104236006051
"ASV_19272",0.27938433700693,0.00892157756091106,0.861,0.997104236006051
"ASV_19274",0.259767519447818,0.00830150466415967,0.841,0.997104236006051
"ASV_19277",0.285838480706298,0.00916021932877633,0.782,0.997104236006051
"ASV_19402",0.125604610210387,0.00429027219351192,0.855,0.997104236006051
"ASV_19430",0.757879999498439,0.0238255608609348,0.798,0.997104236006051
"ASV_19451",0.752093893591588,0.0234391792127388,0.731,0.997104236006051
"ASV_19456",0.122603203996076,0.00404337603187655,0.898,0.997104236006051
"ASV_19487",1.5163996094735,0.046614047511992,0.918,0.997104236006051
"ASV_19506",1.23464648064025,0.0382846126960826,0.913,0.997104236006051
"ASV_19512",0.255944130207891,0.00828534118124465,0.888,0.997104236006051
"ASV_19602",0.326545867834626,0.0106975475215736,0.768,0.997104236006051
"ASV_19609",0.475696891057866,0.0148930964328161,0.83,0.997104236006051
"ASV_19620",0.406528015026463,0.0129220098207585,0.745,0.997104236006051
"ASV_19630",0.0100861744126654,0.00019815135469159,0.882,0.997104236006051
"ASV_19649",0.465819134566152,0.0147568730656445,0.736,0.997104236006051
"ASV_19651",0.503568227640203,0.0164541641992694,0.762,0.997104236006051
"ASV_19656",0.407607411236376,0.0124876898696258,0.816,0.997104236006051
"ASV_19701",0.0316183497596055,0.00101936762833257,0.914,0.997104236006051
"ASV_19792",0.274439496458133,0.0087655583887553,0.808,0.997104236006051
"ASV_19798",0.309850172310532,0.0102426649074954,0.692,0.997104236006051
"ASV_19801",0.35146001454386,0.0111573484814177,0.76,0.997104236006051
"ASV_19807",0.273809221900268,0.00871375771259152,0.699,0.997104236006051
"ASV_19860",0.568734181651096,0.0178687749087658,0.759,0.997104236006051
"ASV_19901",0.511401480946974,0.016272690911289,0.731,0.997104236006051
"ASV_20026",0.0863205805841644,0.00258411231034598,0.919,0.997104236006051
"ASV_20030",0.0695950111347959,0.00234744639259185,0.943,0.997104236006051
"ASV_20040",0.31077285656012,0.00999757141652149,0.799,0.997104236006051
"ASV_20136",0.883197232236852,0.0280381279551093,0.777,0.997104236006051
"ASV_20243",0.0318526529067415,0.001038326584314,0.941,0.997104236006051
"ASV_20258",0.0910863100243695,0.00296033797203802,0.817,0.997104236006051
"ASV_20289",0.246682114845392,0.00795279387293849,0.865,0.997104236006051
"ASV_20302",0.10254923116899,0.00326659896593078,0.838,0.997104236006051
"ASV_20351",0.555617650393872,0.0175874084263785,0.756,0.997104236006051
"ASV_20369",0.160950710622047,0.00511040304070983,0.799,0.997104236006051
"ASV_20377",0.0847616329719668,0.00261624050596733,0.883,0.997104236006051
"ASV_20379",0.113458795169381,0.0033511883023893,0.878,0.997104236006051
"ASV_20491",0.317388619640156,0.010115637864397,0.766,0.997104236006051
"ASV_20518",0.072595089845085,0.00233930269024831,0.704,0.997104236006051
"ASV_20569",0.670869805498298,0.0210578172349822,0.858,0.997104236006051
"ASV_20583",0.210282093797332,0.00677555175830442,0.879,0.997104236006051
"ASV_20606",0.417882211920546,0.0135187858901095,0.743,0.997104236006051
"ASV_20704",0.392447140021008,0.012428788700198,0.87,0.997104236006051
"ASV_20708",0.0817559528099311,0.00259464457682642,0.915,0.997104236006051
"ASV_20740",0.209331906307529,0.00668879275937226,0.868,0.997104236006051
"ASV_20741",0.0745763408979262,0.00244651230517715,0.947,0.997104236006051
"ASV_20794",0.329914124853659,0.010532765894657,0.872,0.997104236006051
"ASV_20803",0.647111232324105,0.0204605618546716,0.718,0.997104236006051
"ASV_20804",0.451524703253052,0.0141921660692466,0.791,0.997104236006051
"ASV_20807",0.455408771005127,0.0145278963760205,0.853,0.997104236006051
"ASV_20808",0.273957190258463,0.00870424798078395,0.832,0.997104236006051
"ASV_20811",0.307628776444386,0.00975087482370272,0.836,0.997104236006051
"ASV_20815",0.0632496851801357,0.00198706196533077,0.875,0.997104236006051
"ASV_20922",0.143661100911666,0.00455922939876069,0.874,0.997104236006051
"ASV_20976",0.0699812752796565,0.00231178932445295,0.844,0.997104236006051
"ASV_21029",0.0697431662922106,0.00227932343204403,0.899,0.997104236006051
"ASV_21043",0.0373560247619988,0.00122553274821811,0.945,0.997104236006051
"ASV_21171",0.427368370400716,0.0136456225683867,0.692,0.997104236006051
"ASV_21176",1.13170111318296,0.0349050457247404,0.804,0.997104236006051
"ASV_21185",0.102555795020408,0.0033180958311892,0.933,0.997104236006051
"ASV_21247",0.152538616554608,0.00471338213178752,0.855,0.997104236006051
"ASV_21252",0.0584426218920511,0.00188315051613199,0.82,0.997104236006051
"ASV_21299",0.052606876480466,0.00169471508622992,0.951,0.997104236006051
"ASV_21310",0.165118303502019,0.00528741476480699,0.784,0.997104236006051
"ASV_21320",0.325611545649462,0.0105933169930771,0.778,0.997104236006051
"ASV_21330",0.366279742157892,0.0116130030022425,0.756,0.997104236006051
"ASV_21497",0.127244400382655,0.00426516064872037,0.806,0.997104236006051
"ASV_21500",0.0144125624798211,0.000438004743402313,0.93,0.997104236006051
"ASV_21564",0.156908102248825,0.00504625280070476,0.738,0.997104236006051
"ASV_21566",0.620969174462195,0.0193433600570982,0.732,0.997104236006051
"ASV_21575",0.116713373959748,0.00390544085614957,0.912,0.997104236006051
"ASV_21735",0.220222657734624,0.00704657696362186,0.759,0.997104236006051
"ASV_21763",0.0444038443040758,0.00138549350045499,0.939,0.997104236006051
"ASV_21807",0.318555986887183,0.0103193554033188,0.871,0.997104236006051
"ASV_21812",0.331742424984776,0.010488539336848,0.781,0.997104236006051
"ASV_21870",0.127752934828922,0.00412729964541085,0.786,0.997104236006051
"ASV_21881",0.616629175026091,0.0194562366983731,0.797,0.997104236006051
"ASV_21898",0.0575896179623235,0.00191592270867218,0.928,0.997104236006051
"ASV_21913",0.0539475111589161,0.00172988658311233,0.949,0.997104236006051
"ASV_22117",0.0337631180899529,0.00109547945413937,0.921,0.997104236006051
"ASV_22164",0.109805655227004,0.00364871506711944,0.76,0.997104236006051
"ASV_22185",0.0432707435995141,0.00126489094328356,0.916,0.997104236006051
"ASV_22325",0.317841923745829,0.0100612364939505,0.89,0.997104236006051
"ASV_22335",0.211490542745691,0.00679232317556954,0.761,0.997104236006051
"ASV_22343",0.0918596856188527,0.00286610256295405,0.924,0.997104236006051
"ASV_22353",0.219932624163314,0.0065909749852585,0.733,0.997104236006051
"ASV_22363",0.477888806629151,0.0151172483228769,0.766,0.997104236006051
"ASV_22435",0.0973641148300197,0.00317802578125559,0.808,0.997104236006051
"ASV_22460",0.289462640070917,0.00913559203384891,0.724,0.997104236006051
"ASV_22577",0.156195806371694,0.00491275280089958,0.852,0.997104236006051
"ASV_22593",0.499051536201525,0.016351327534215,0.711,0.997104236006051
"ASV_22652",0.409563280355931,0.0133623660718831,0.741,0.997104236006051
"ASV_22664",0.133085005764505,0.00419622295778928,0.928,0.997104236006051
"ASV_22719",0.16632463720105,0.00535248882083612,0.882,0.997104236006051
"ASV_22732",0.141444570508817,0.00464396126342218,0.911,0.997104236006051
"ASV_22877",1.83424030005831,0.0558831712980481,0.692,0.997104236006051
"ASV_22977",0.818722779385968,0.025771957809921,0.917,0.997104236006051
"ASV_22991",0.189756213858477,0.00606309643217608,0.736,0.997104236006051
"ASV_23002",0.227450752661474,0.00711419217721163,0.931,0.997104236006051
"ASV_23017",0.152983779123684,0.00495393376075409,0.922,0.997104236006051
"ASV_23204",0.0381308074445135,0.00135851342700577,0.957,0.997104236006051
"ASV_23278",0.264074894116017,0.00890293999557497,0.716,0.997104236006051
"ASV_23282",0.618818894508586,0.0194363649279004,0.696,0.997104236006051
"ASV_23284",0.395787163151229,0.0126777565889312,0.697,0.997104236006051
"ASV_23291",0.253320057637448,0.00809471428551975,0.86,0.997104236006051
"ASV_23295",0.0545355930293447,0.00177014690743053,0.957,0.997104236006051
"ASV_23512",0.0101810890376192,0.000342336377324998,0.936,0.997104236006051
"ASV_23565",0.0428546720315856,0.001485658848179,0.883,0.997104236006051
"ASV_23639",0.265520512522983,0.00840200596018696,0.812,0.997104236006051
"ASV_23817",0.389828291372796,0.0125997505161391,0.708,0.997104236006051
"ASV_23863",0.0314476690737659,0.000989599154870253,0.834,0.997104236006051
"ASV_23866",0.132874325783259,0.00455538035896078,0.805,0.997104236006051
"ASV_23889",0.165621163461604,0.0054169532853454,0.717,0.997104236006051
"ASV_23943",0.174730706446654,0.00575377357412686,0.886,0.997104236006051
"ASV_23966",0.28551275634379,0.0090208669163508,0.752,0.997104236006051
"ASV_23970",0.226529821096188,0.00755559268896566,0.692,0.997104236006051
"ASV_23971",0.146317765941516,0.00460962198518789,0.853,0.997104236006051
"ASV_23981",0.409748759743037,0.013595027753719,0.758,0.997104236006051
"ASV_24230",0.200536701114795,0.00656002697536252,0.842,0.997104236006051
"ASV_24236",0.269445871784435,0.00867171597425798,0.794,0.997104236006051
"ASV_24283",0.146214134013577,0.00466285170790384,0.805,0.997104236006051
"ASV_24290",0.383512063259873,0.0122231934627073,0.786,0.997104236006051
"ASV_24307",0.347291983603785,0.0112270217143732,0.836,0.997104236006051
"ASV_24323",0.849880328088942,0.02716721291389,0.694,0.997104236006051
"ASV_24324",0.266824461932493,0.00841568844653512,0.924,0.997104236006051
"ASV_24504",0.121415435268436,0.00382696338221921,0.842,0.997104236006051
"ASV_24528",0.397762578050043,0.0129155186903454,0.762,0.997104236006051
"ASV_24540",0.0942477016825058,0.0030336182203799,0.798,0.997104236006051
"ASV_24546",0.075699123875492,0.00245372320155977,0.784,0.997104236006051
"ASV_24568",0.345430247041803,0.0111333775554968,0.751,0.997104236006051
"ASV_24599",0.178709343336097,0.00587274489908877,0.898,0.997104236006051
"ASV_24620",0.232600739200321,0.00739909052538238,0.74,0.997104236006051
"ASV_24638",0.714499222732807,0.0226124810044326,0.707,0.997104236006051
"ASV_24647",0.218226194936058,0.006991814605406,0.742,0.997104236006051
"ASV_24648",0.213270892352847,0.00672235032755659,0.763,0.997104236006051
"ASV_24655",0.250030624322709,0.00802389210369225,0.9,0.997104236006051
"ASV_24686",0.38931795511008,0.012549106484231,0.695,0.997104236006051
"ASV_24700",0.130882494246723,0.0040100856400989,0.78,0.997104236006051
"ASV_24716",0.197330322293793,0.0062643071115366,0.879,0.997104236006051
"ASV_24907",0.505422824669468,0.0160606774163446,0.737,0.997104236006051
"ASV_24933",0.27594717395681,0.00869941007874594,0.697,0.997104236006051
"ASV_24936",0.199644633972576,0.00640901245045374,0.776,0.997104236006051
"ASV_24943",0.257686764268098,0.0082194172764725,0.691,0.997104236006051
"ASV_25019",0.94887653553691,0.0301749690174988,0.821,0.997104236006051
"ASV_25038",0.10752994434649,0.00344492796061708,0.897,0.997104236006051
"ASV_25039",0.228339704028308,0.00731724030876955,0.821,0.997104236006051
"ASV_25042",0.0694051719240311,0.00221767525759997,0.93,0.997104236006051
"ASV_25048",0.166682490094501,0.00533845870070749,0.792,0.997104236006051
"ASV_25057",0.343534856670355,0.0107957612357634,0.747,0.997104236006051
"ASV_25227",0.163286900745173,0.00521782139211866,0.934,0.997104236006051
"ASV_25322",0.132471936346414,0.00422959795338035,0.88,0.997104236006051
"ASV_25371",0.0811211016349782,0.00256481029945456,0.807,0.997104236006051
"ASV_25411",0.373224996608948,0.0121086223093239,0.785,0.997104236006051
"ASV_25412",0.493782515235899,0.0156384193963841,0.69,0.997104236006051
"ASV_25451",0.659156802524709,0.0209895402128371,0.702,0.997104236006051
"ASV_25699",0.139780143384774,0.00458887400025027,0.695,0.997104236006051
"ASV_25791",0.298211165974951,0.00940879163160233,0.826,0.997104236006051
"ASV_25808",0.140042221729477,0.00462539628859631,0.827,0.997104236006051
"ASV_25809",0.106197104377406,0.00351851701192849,0.865,0.997104236006051
"ASV_25814",0.125543008264182,0.00398314967297083,0.784,0.997104236006051
"ASV_25818",0.121595078985812,0.00390788513323972,0.941,0.997104236006051
"ASV_25828",0.808183385096904,0.0252937472089199,0.735,0.997104236006051
"ASV_26069",0.0107168061298418,0.000336696697150967,0.957,0.997104236006051
"ASV_26159",0.104016855106905,0.00333357372471478,0.878,0.997104236006051
"ASV_26196",0.256494124195095,0.00809281739777726,0.855,0.997104236006051
"ASV_26197",0.246334060443556,0.00763043543360964,0.77,0.997104236006051
"ASV_26201",0.392406782723283,0.012194047147168,0.891,0.997104236006051
"ASV_26207",0.188467369323869,0.00618911747943542,0.829,0.997104236006051
"ASV_26227",1.01709952658973,0.0321106933711696,0.698,0.997104236006051
"ASV_26417",0.0815748664383475,0.00273649415170604,0.916,0.997104236006051
"ASV_26606",0.048498733827905,0.00170234989741626,0.889,0.997104236006051
"ASV_26611",0.276910393257697,0.00885384245882599,0.753,0.997104236006051
"ASV_26626",0.111211728872114,0.00345236977000982,0.942,0.997104236006051
"ASV_26632",0.187754469056717,0.00610162449677951,0.83,0.997104236006051
"ASV_26638",0.264538849437656,0.00842539632682405,0.723,0.997104236006051
"ASV_26853",0.143821596545364,0.00449066976681939,0.698,0.997104236006051
"ASV_26865",0.235854115052505,0.00755422877083687,0.928,0.997104236006051
"ASV_27056",0.122866214933299,0.00383294931294539,0.839,0.997104236006051
"ASV_27506",0.329480796974956,0.0105826221329383,0.685,0.997104236006051
"ASV_27955",0.118498576567038,0.00371373960949072,0.914,0.997104236006051
"ASV_27962",0.0568120027284116,0.00186689360121525,0.874,0.997104236006051
"ASV_27973",0.0862117137823631,0.00284092608440379,0.879,0.997104236006051
"ASV_28214",0.0138491737226826,0.00046939493176984,0.941,0.997104236006051
"ASV_28914",0.249523901839514,0.00811446350916896,0.777,0.997104236006051
"ASV_29425",0.139552355236569,0.0046421570988278,0.708,0.997104236006051
"ASV_29909",0.181389264031497,0.00584739528422227,0.863,0.997104236006051
"ASV_338",0.0484182526673589,0.00143151809155092,0.966,0.99737085697223
"ASV_592",0.0528163003878209,0.00155444667013346,0.969,0.99737085697223
"ASV_640",0.05626275335111,0.00177386122747973,0.967,0.99737085697223
"ASV_772",0.0472859331340908,0.00145980392454812,0.968,0.99737085697223
"ASV_1271",0.108091123535966,0.00324302686950857,0.964,0.99737085697223
"ASV_1531",0.639701053200591,0.0202646033202646,0.962,0.99737085697223
"ASV_1547",0.0559333905960785,0.00188270267768996,0.969,0.99737085697223
"ASV_1555",0.0473015284662313,0.00117628461694012,0.962,0.99737085697223
"ASV_1782",0.0792216831333456,0.00268329009133105,0.97,0.99737085697223
"ASV_1834",0.0207938201562187,0.000596977258996032,0.964,0.99737085697223
"ASV_1968",0.415319427121069,0.013130846881143,0.968,0.99737085697223
"ASV_2051",0.504476707102721,0.016068529048164,0.964,0.99737085697223
"ASV_2090",0.0354874709857713,0.00125107263838929,0.964,0.99737085697223
"ASV_2100",0.0246329404907628,0.000817316128577309,0.97,0.99737085697223
"ASV_2143",0.809096692797901,0.0246017811994281,0.959,0.99737085697223
"ASV_2333",0.111900481170461,0.0034938033226903,0.963,0.99737085697223
"ASV_2356",1.23291108465394,0.0382512327466221,0.961,0.99737085697223
"ASV_2382",0.023977024916752,0.000770147757398431,0.96,0.99737085697223
"ASV_2525",0.0872889179183892,0.00281957937210999,0.967,0.99737085697223
"ASV_2869",0.252123581215556,0.00830764106471639,0.962,0.99737085697223
"ASV_2871",0.0161216540831406,0.000512916403383211,0.967,0.99737085697223
"ASV_2933",0.0273030693312702,0.000793018931959737,0.968,0.99737085697223
"ASV_3092",0.0385792302968435,0.0012423884475329,0.96,0.99737085697223
"ASV_3097",0.34986862810664,0.0109405789438607,0.966,0.99737085697223
"ASV_3137",0.0443558179001172,0.00144473934162529,0.967,0.99737085697223
"ASV_3138",0.0178266175905748,0.000612076069675964,0.965,0.99737085697223
"ASV_3361",0.0530176895289539,0.00185096371245684,0.967,0.99737085697223
"ASV_3863",0.0283817153785389,0.00091807642480434,0.967,0.99737085697223
"ASV_3968",0.0352071622785827,0.00112671211955646,0.968,0.99737085697223
"ASV_4338",0.0340707335001958,0.00109827283608517,0.961,0.99737085697223
"ASV_4403",0.0276929405691498,0.000879835613321507,0.964,0.99737085697223
"ASV_4449",0.0682636313306564,0.00220529252423344,0.959,0.99737085697223
"ASV_4504",0.0130948787816701,0.000444324178275006,0.969,0.99737085697223
"ASV_4537",0.00753717145864532,0.000237619689109722,0.965,0.99737085697223
"ASV_4715",0.0874919704827695,0.00286780176527027,0.962,0.99737085697223
"ASV_4925",0.296452656407342,0.0095172270530183,0.959,0.99737085697223
"ASV_5369",0.13221345034081,0.00451648482355821,0.969,0.99737085697223
"ASV_5727",4.79833248920646,0.134208306177822,0.968,0.99737085697223
"ASV_5897",0.0372639013634274,0.00128138101215846,0.97,0.99737085697223
"ASV_6028",0.0154732988683162,0.000488847289613749,0.965,0.99737085697223
"ASV_6079",0.0471472266471973,0.00168383297827975,0.966,0.99737085697223
"ASV_6089",0.0423916316846033,0.00148994189717588,0.963,0.99737085697223
"ASV_6146",0.0884987253917145,0.0028479731399953,0.963,0.99737085697223
"ASV_6387",0.188077404047391,0.00602204007488847,0.97,0.99737085697223
"ASV_6417",0.0415058083155446,0.00131362264540492,0.97,0.99737085697223
"ASV_6496",0.00941744249161129,0.000222691664460787,0.97,0.99737085697223
"ASV_6760",0.0265289245222723,0.000841466623243211,0.963,0.99737085697223
"ASV_6870",0.0522888503304769,0.00184197772730209,0.966,0.99737085697223
"ASV_6872",0.0274231426527482,0.00101489005126159,0.964,0.99737085697223
"ASV_6885",0.0171334910173421,0.000532070140562411,0.964,0.99737085697223
"ASV_6910",0.0504981169358256,0.00148535119916483,0.965,0.99737085697223
"ASV_7035",0.146868644659894,0.00483462218275963,0.966,0.99737085697223
"ASV_7263",0.029430871830152,0.00102313438212579,0.958,0.99737085697223
"ASV_7791",0.0248934151976977,0.000878698749113793,0.969,0.99737085697223
"ASV_7801",0.481730354939579,0.015305283171544,0.96,0.99737085697223
"ASV_7803",0.279938308389905,0.00895608832821952,0.969,0.99737085697223
"ASV_8061",0.00786262610981743,0.000305790200020351,0.964,0.99737085697223
"ASV_8676",0.133992545531918,0.00426708071460908,0.965,0.99737085697223
"ASV_8677",0.00718833529693677,0.000213101819719723,0.97,0.99737085697223
"ASV_8831",0.0113406582443468,0.000389325789258269,0.959,0.99737085697223
"ASV_8906",0.0140484518970084,0.000463632367456691,0.97,0.99737085697223
"ASV_9061",0.0149165967387045,0.00039572745035186,0.959,0.99737085697223
"ASV_9080",0.0725701220308918,0.00217348237427954,0.967,0.99737085697223
"ASV_9097",0.00362665013524605,0.000107541286295444,0.969,0.99737085697223
"ASV_9378",0.0717675161341412,0.00232452020916575,0.959,0.99737085697223
"ASV_9623",0.123216699540692,0.00402711594426856,0.96,0.99737085697223
"ASV_10057",0.0769361753547654,0.00260843354567687,0.964,0.99737085697223
"ASV_10805",0.111963289543457,0.00373858925410217,0.963,0.99737085697223
"ASV_10820",0.0040541914120133,0.000162114610588251,0.969,0.99737085697223
"ASV_11041",0.0169123064741836,0.000539719233192769,0.964,0.99737085697223
"ASV_11279",0.0795031936129383,0.00269473480376947,0.961,0.99737085697223
"ASV_11406",0.0666190256155188,0.00210872106593079,0.962,0.99737085697223
"ASV_11494",1.76777554800783,0.0538260694869309,0.966,0.99737085697223
"ASV_11820",0.0140658917552126,0.00039810206270172,0.964,0.99737085697223
"ASV_12174",0.0708631721709733,0.00235531925599135,0.964,0.99737085697223
"ASV_12850",0.23489742601137,0.00811005943661239,0.968,0.99737085697223
"ASV_13065",0.0756567599767095,0.00239472920924093,0.97,0.99737085697223
"ASV_13561",0.486875081747388,0.0155149317639661,0.965,0.99737085697223
"ASV_15475",0.0285610915922921,0.000954890336605715,0.963,0.99737085697223
"ASV_16140",0.0180390510725624,0.00054626146867812,0.962,0.99737085697223
"ASV_17481",0.0162814474046901,0.000513048656131589,0.961,0.99737085697223
"ASV_17717",0.00571522519310487,0.000228268840071243,0.961,0.99737085697223
"ASV_18850",0.0626515214808489,0.00202989016187593,0.96,0.99737085697223
"ASV_18900",0.0580382603360661,0.00177259761349916,0.969,0.99737085697223
"ASV_20588",0.0540584161095102,0.00176177737146871,0.961,0.99737085697223
"ASV_21001",0.00893919726715563,0.000278403837759471,0.959,0.99737085697223
"ASV_25620",0.0186496513198224,0.000607689749019489,0.969,0.99737085697223
"ASV_25667",0.046555742813236,0.00146390079675615,0.962,0.99737085697223
"ASV_267",0.237212613347499,0.00744364462289771,0.972,0.997477076510866
"ASV_571",0.0561570953576808,0.00183014929958379,0.973,0.997477076510866
"ASV_637",0.268531118721076,0.00861248488565505,0.973,0.997477076510866
"ASV_2337",0.00833543596938632,0.000304423685729116,0.973,0.997477076510866
"ASV_2395",0.0128278732692076,0.000421147047296642,0.973,0.997477076510866
"ASV_2839",0.0235240832300774,0.000830755779830147,0.972,0.997477076510866
"ASV_2891",0.029029595424436,0.00109237497642265,0.971,0.997477076510866
"ASV_3465",0.0213308088116469,0.000608069133724098,0.972,0.997477076510866
"ASV_4217",0.0209573951002378,0.000560670526302847,0.972,0.997477076510866
"ASV_4353",0.133701672822271,0.00425662445567462,0.972,0.997477076510866
"ASV_4965",0.048506024273713,0.00160641188545887,0.971,0.997477076510866
"ASV_5768",0.103596499282116,0.00326669208180452,0.973,0.997477076510866
"ASV_6414",0.0382052406702801,0.00128235461863898,0.971,0.997477076510866
"ASV_7707",0.0025689807580692,0.000136835186035887,0.971,0.997477076510866
"ASV_8886",0.0464056109640776,0.00147259887655502,0.973,0.997477076510866
"ASV_9031",0.0287401817677052,0.00101510790986548,0.973,0.997477076510866
"ASV_10396",0.635681156159098,0.0200335900147247,0.973,0.997477076510866
"ASV_11367",0.00615627239558845,0.000151615055216964,0.972,0.997477076510866
"ASV_15701",0.0890016674709148,0.00286504173077337,0.971,0.997477076510866
"ASV_17697",0.0458463060423212,0.00160471219491012,0.973,0.997477076510866
"ASV_477",0.0327146017209621,0.000883617985602477,0.974,0.997611243307555
"ASV_5213",0.0415665130537402,0.00140575209407173,0.974,0.997611243307555
"ASV_7602",0.0982961719973386,0.00322412810193866,0.974,0.997611243307555
"ASV_11212",0.105680095209098,0.0030710971597449,0.974,0.997611243307555
"ASV_13008",0.33989882407732,0.0108452933355557,0.974,0.997611243307555
"ASV_18641",0.00540004032749092,0.000170359927525831,0.974,0.997611243307555
"ASV_380",0.554901926101417,0.0176613427444582,0.975,0.997893446277307
"ASV_3239",0.0958897701738144,0.00310673230506449,0.975,0.997893446277307
"ASV_4211",0.0232414944057685,0.000761328806561591,0.975,0.997893446277307
"ASV_4477",1.95113146279631,0.0593959846174679,0.975,0.997893446277307
"ASV_19628",0.037110993221458,0.0013383694306317,0.975,0.997893446277307
"ASV_550",0.00123001215132564,0.00011823695843676,0.977,0.998012310886977
"ASV_1479",0.0331994709558758,0.000987538888510277,0.977,0.998012310886977
"ASV_1792",0.037717738865419,0.00144103233155541,0.977,0.998012310886977
"ASV_2234",0.0260357217324221,0.000978308668564934,0.977,0.998012310886977
"ASV_2673",1.62870037805677,0.0492411916546654,0.977,0.998012310886977
"ASV_4711",0.334442030169572,0.0108635780118938,0.976,0.998012310886977
"ASV_10852",0.021511141445103,0.000667043881840982,0.977,0.998012310886977
"ASV_10977",0.0669145149453502,0.00181348393215416,0.976,0.998012310886977
"ASV_12562",0.0340580028154295,0.00127500238922588,0.977,0.998012310886977
"ASV_15932",0.138797618997881,0.00425226063437356,0.976,0.998012310886977
"ASV_16531",0.309701661996159,0.00992631428498546,0.977,0.998012310886977
"ASV_16771",0.00399270673171143,0.000119431442970073,0.977,0.998012310886977
"ASV_20272",0.102802382223658,0.0033220173442649,0.976,0.998012310886977
"ASV_966",0.0303489107881295,0.000992406368229385,0.978,0.998145524599881
"ASV_2703",0.0564637090184774,0.00185639185542349,0.978,0.998145524599881
"ASV_2946",0.06057563337524,0.00197490282072434,0.978,0.998145524599881
"ASV_3633",0.00694219891441572,0.000259428194934263,0.978,0.998145524599881
"ASV_11409",0.0375073609845133,0.00124100682783041,0.978,0.998145524599881
"ASV_17493",0.0372805073059534,0.00102027963209097,0.978,0.998145524599881
"ASV_928",0.0692717257247674,0.00245555056035104,0.979,0.998722115242186
"ASV_1615",0.0169923622742363,0.000574799346577911,0.979,0.998722115242186
"ASV_10591",0.0318722570571637,0.00102727106096825,0.979,0.998722115242186
"ASV_566",0.00908886538998942,0.000258460447903992,0.981,0.998808055473591
"ASV_756",0.00267819835009373,4.85478661377327e-05,0.983,0.998808055473591
"ASV_787",0.0211712085699409,0.000771757706168016,0.981,0.998808055473591
"ASV_903",0.161249686057911,0.00511721972001779,0.981,0.998808055473591
"ASV_1821",0.246681344666121,0.00785094937442529,0.982,0.998808055473591
"ASV_2209",0.0075945999741372,0.000276809372478974,0.983,0.998808055473591
"ASV_2515",0.0696958660010005,0.0023500638331871,0.981,0.998808055473591
"ASV_3141",1.27948395899446,0.0395974050258377,0.98,0.998808055473591
"ASV_3226",0.0470117922202305,0.00151776159539484,0.983,0.998808055473591
"ASV_3784",0.0213599200948746,0.000689953528892519,0.98,0.998808055473591
"ASV_3988",0.0093951315296416,0.00034004277298619,0.981,0.998808055473591
"ASV_4561",0.245074954154185,0.00781456254958471,0.981,0.998808055473591
"ASV_5788",0.00522144339573703,0.000172861843453013,0.982,0.998808055473591
"ASV_6937",0.00999355156604753,0.000318537209405832,0.982,0.998808055473591
"ASV_7451",0.0175180714476318,0.000488029064460898,0.982,0.998808055473591
"ASV_8248",0.047156964171366,0.00141394039601886,0.983,0.998808055473591
"ASV_9179",0.0381531571109403,0.00137971963138442,0.98,0.998808055473591
"ASV_10727",0.406773936377844,0.0127876933249031,0.983,0.998808055473591
"ASV_10906",0.0124232869424586,0.000344599727060782,0.983,0.998808055473591
"ASV_11402",0.0549894338755344,0.00162681157073549,0.98,0.998808055473591
"ASV_13290",0.00521153071737874,0.000188143193461655,0.983,0.998808055473591
"ASV_15448",0.00785530813689568,0.00022833608542737,0.982,0.998808055473591
"ASV_16270",0.0237336056856324,0.000786293769520072,0.983,0.998808055473591
"ASV_21485",0.013570480122536,0.000447480998168269,0.982,0.998808055473591
"ASV_23568",0.0218968232299705,0.000712983462705064,0.982,0.998808055473591
"ASV_23576",0.112472117210046,0.00351220288609311,0.982,0.998808055473591
"ASV_26610",0.238135158402775,0.0079445750680228,0.98,0.998808055473591
"ASV_67",0.00184710187968057,9.92102394670447e-05,0.984,0.998893313739897
"ASV_561",0.0961228432294441,0.00311514992969851,0.985,0.998893313739897
"ASV_835",0.247041317500679,0.00844277620449683,0.985,0.998893313739897
"ASV_2213",0.0364754475539874,0.00126854684691046,0.986,0.998893313739897
"ASV_2814",0.0199723394400902,0.000649734194637465,0.987,0.998893313739897
"ASV_3707",0.0273285243786753,0.0010131439231969,0.985,0.998893313739897
"ASV_4101",0.11663460571616,0.00373782183239478,0.984,0.998893313739897
"ASV_4242",0.0197407300784821,0.000628873829801707,0.986,0.998893313739897
"ASV_4754",0.0159832294840322,0.000461527731432108,0.984,0.998893313739897
"ASV_4978",0.0376305930516994,0.0011863359628402,0.987,0.998893313739897
"ASV_5022",0.000747652638167379,2.41143706093068e-05,0.986,0.998893313739897
"ASV_5706",0.0317422026734939,0.00100368991325914,0.987,0.998893313739897
"ASV_7460",0.0328891960708941,0.000990734380108353,0.987,0.998893313739897
"ASV_7812",0.0474270417427613,0.00161545949155794,0.987,0.998893313739897
"ASV_9743",0.0259833034040493,0.000812712617735852,0.986,0.998893313739897
"ASV_10628",0.0050563449779274,0.000163852739562449,0.986,0.998893313739897
"ASV_12171",0.194918652830614,0.00633154592029209,0.985,0.998893313739897
"ASV_13443",0.00797441945144573,0.000239442193117066,0.987,0.998893313739897
"ASV_13560",0.651248456595618,0.0205530658133356,0.984,0.998893313739897
"ASV_14129",0.0260490276231784,0.000858268128884447,0.984,0.998893313739897
"ASV_14429",0.00725924657557508,0.000226664834422932,0.986,0.998893313739897
"ASV_16586",0.0824643520303819,0.00260279775200877,0.985,0.998893313739897
"ASV_18183",0.0352903263907242,0.00110491286175259,0.986,0.998893313739897
"ASV_18297",0.020957262606161,0.000629076701041766,0.986,0.998893313739897
"ASV_19816",0.309073294519145,0.0103691319023941,0.986,0.998893313739897
"ASV_20357",0.00924268022590334,0.00028630935377175,0.985,0.998893313739897
"ASV_20509",0.147671050897592,0.00459842880555029,0.987,0.998893313739897
"ASV_1896",0.0188877859012059,0.000758872839280833,0.988,0.999024519160182
"ASV_6832",0.0761783256528447,0.00237014881130735,0.988,0.999024519160182
"ASV_7642",0.00974974628680993,0.000251217844029699,0.988,0.999024519160182
"ASV_8357",0.0165106276517832,0.00055255608627183,0.988,0.999024519160182
"ASV_9346",0.1200714235369,0.00396410022703831,0.988,0.999024519160182
"ASV_20354",0.0130776972547315,0.000431162627657556,0.988,0.999024519160182
"ASV_3692",0.0224983629987335,0.000783122116964882,0.989,0.999742110670776
"ASV_4698",0.00910947351808045,0.000364768782323585,0.989,0.999742110670776
"ASV_2985",0.0254286953335594,0.000830071076205616,0.99,0.999872415310163
"ASV_7373",0.00811681092615841,0.000252694274015193,0.99,0.999872415310163
"ASV_7603",0.0242782338065543,0.000806183253693919,0.99,0.999872415310163
"ASV_9601",0.0168978508965156,0.000526129665981503,0.99,0.999872415310163
"ASV_9624",0.0146559411255995,0.000483355116449449,0.99,0.999872415310163
"ASV_25806",0.22053362785162,0.00698605618695272,0.99,0.999872415310163
"ASV_285",0.00617276198616871,0.000300359905343588,0.995,1
"ASV_525",0.000592737470780518,4.98718346444802e-06,0.998,1
"ASV_700",0.50612263481199,0.0158188678348851,1,1
"ASV_727",0.00199938791953212,0.000103674152094932,0.993,1
"ASV_831",0.000380158759921791,6.17636714861989e-06,1,1
"ASV_850",0.00482451470402027,0.000154827498942021,0.995,1
"ASV_940",0.000338701071886216,6.37274675469148e-06,1,1
"ASV_1179",0.0683742084140382,0.00220755291310515,0.995,1
"ASV_1209",0.0314067978940165,0.000974624378188948,1,1
"ASV_1238",0.0123663749425268,0.000431009890017,0.992,1
"ASV_1584",0.0157240169758485,0.000447510826794723,0.999,1
"ASV_2196",0.0303164791539139,0.00113555967619454,0.998,1
"ASV_2370",0.025894389647777,0.000863165547468654,0.994,1
"ASV_2618",0.00135690121742057,4.96587523157867e-05,0.999,1
"ASV_2633",0.00172349931607371,2.89921232944476e-05,0.997,1
"ASV_2694",0.0711147516711597,0.00231448071830633,0.991,1
"ASV_2730",0.0051132488827048,0.000216542069235102,0.994,1
"ASV_2992",0.124636813643145,0.00384108133044287,0.995,1
"ASV_3488",0.0153021873372994,0.000466681006854301,0.996,1
"ASV_3732",0.0156813465945457,0.000545075106555715,0.998,1
"ASV_3908",0.00012232758540021,5.71110202836253e-06,0.994,1
"ASV_4087",0.0604411178944183,0.00193239979127819,0.999,1
"ASV_4106",0.00457584048491452,0.000144233815118072,0.993,1
"ASV_4153",0.0148078085185662,0.000486945631601439,0.995,1
"ASV_4275",0.000622402750644865,1.76767145254258e-05,0.996,1
"ASV_4422",0.00863978095361165,0.000282708743126045,0.997,1
"ASV_4682",0.000536494614721985,2.71083004636242e-05,0.999,1
"ASV_5342",0.0664059663225983,0.002288901599345,0.993,1
"ASV_5780",0.0216610666479766,0.000728525285170195,0.991,1
"ASV_6622",0.0362964328928698,0.00107770678013298,0.991,1
"ASV_6655",0.0341219422973208,0.00102668639871357,0.992,1
"ASV_6777",0.00162087741129253,7.22861568557688e-05,0.997,1
"ASV_6799",0.0357460579135359,0.00115080653581701,0.994,1
"ASV_7720",0.00878204184402558,0.000333814587634749,0.995,1
"ASV_8531",0.000381344894779878,1.07516041940933e-05,1,1
"ASV_8586",0.012495670196101,0.000418746816071013,0.999,1
"ASV_8792",0.00666618987541578,0.000189429337976764,0.995,1
"ASV_8840",0.0278091697238765,0.000887876367472791,0.995,1
"ASV_8932",0.0397546700727099,0.00123705840894923,1,1
"ASV_8975",0.0791052826118304,0.00259541941744235,0.998,1
"ASV_9875",0.00970271408129744,0.000355849127610127,0.996,1
"ASV_9910",0.000572365732163162,1.55306570665268e-05,1,1
"ASV_10003",0.00137958876170367,5.06236097174784e-05,0.995,1
"ASV_10024",0.00108348923965185,3.49451541220543e-05,0.994,1
"ASV_10086",0.00115994556972686,3.89432615463867e-05,0.994,1
"ASV_10278",0.000194737932772518,9.81951113433923e-06,1,1
"ASV_10786",0.353748477339082,0.0112983383822035,0.993,1
"ASV_11365",0.0739507958268361,0.00242981420348835,0.996,1
"ASV_11540",0.0144715037855175,0.000476942833576627,1,1
"ASV_14053",0.00140892577147611,5.95633613923917e-05,1,1
"ASV_14793",0.0377916925514988,0.00123407104354348,0.996,1
"ASV_14836",0.00159160737719935,5.81514246218205e-05,1,1
"ASV_16372",0.042740492647434,0.00157255456688974,0.996,1
"ASV_16761",0.000159624519284405,5.07091034888401e-06,0.991,1
"ASV_17199",0.00419008545885175,0.000113600434333832,0.991,1
"ASV_17204",0.0217320418339363,0.000670588712791119,0.996,1
"ASV_17219",0.000882841278565411,3.22825414535757e-05,1,1
"ASV_17246",0.00795626742327604,0.00027723031605967,0.998,1
"ASV_17861",0.0010825888934316,3.33832809766009e-05,1,1
"ASV_17985",0.0142185809360117,0.000497509153463227,1,1
"ASV_18172",0.00454440440405699,0.00016487125846728,1,1
"ASV_20934",0.10291816626723,0.00337363493413164,0.998,1
"ASV_22122",0.0444125889682902,0.00133882004251716,0.991,1
"ASV_22171",0.00527492562727447,0.000198164519922426,0.996,1
"ASV_23615",0.0857519297617787,0.00278951303544702,0.998,1
"ASV_23819",0.00289606027614976,0.000161959899501666,1,1
"ASV_25700",0.000226040409903799,4.52086097667852e-06,0.998,1
"ASV_28306",0.0214575416617214,0.000734821102874202,0.997,1
