"insect_taxon","fungal_taxon","t_stat","p_perm","q_value_within_insect","q_value_global","insect_order","insect_family","insect_subfamily","insect_genus","insect_species","fungal_kingdom","fungal_phylum","fungal_class","fungal_order","fungal_family","fungal_genus","fungal_species","direction"
"Pityogenes hopkinsi","ASV_164",3.3553571946871,0.001,0.0443496503496503,0.928541626794258,"Coleoptera","Curculionidae","Scolytinae","Pityogenes","Pityogenes hopkinsi","k__Fungi","p__Ascomycota","c__Dothideomycetes","o__Pleosporales","f__Cucurbitariaceae","g__Parafenestella","s__ontariensis","positive"
"Pityogenes hopkinsi","ASV_398",-3.25317747169922,0.001,0.0443496503496503,0.928541626794258,"Coleoptera","Curculionidae","Scolytinae","Pityogenes","Pityogenes hopkinsi","k__Fungi",NA,NA,NA,NA,NA,NA,"negative"
"Pityogenes hopkinsi","ASV_508",3.60287966343051,0.001,0.0443496503496503,0.928541626794258,"Coleoptera","Curculionidae","Scolytinae","Pityogenes","Pityogenes hopkinsi","k__Fungi","p__Ascomycota","c__Dothideomycetes","o__Pleosporales",NA,NA,NA,"positive"
"Pityogenes hopkinsi","ASV_554",3.72819528286226,0.001,0.0443496503496503,0.928541626794258,"Coleoptera","Curculionidae","Scolytinae","Pityogenes","Pityogenes hopkinsi","k__Fungi","p__Ascomycota","c__Dothideomycetes","o__Dothideales","f__Dothideales_fam_Incertae_sedis","g__Dothideales_gen_Incertae_sedis",NA,"positive"
"Pityogenes hopkinsi","ASV_586",3.7035741221772,0.001,0.0443496503496503,0.928541626794258,"Coleoptera","Curculionidae","Scolytinae","Pityogenes","Pityogenes hopkinsi","k__Fungi","p__Ascomycota","c__Sordariomycetes","o__Diaporthales","f__Valsaceae","g__Cytospora","s__populina","positive"
"Pityogenes hopkinsi","ASV_587",3.31579922004518,0.001,0.0443496503496503,0.928541626794258,"Coleoptera","Curculionidae","Scolytinae","Pityogenes","Pityogenes hopkinsi","k__Fungi","p__Ascomycota","c__Leotiomycetes","o__Helotiales","f__Tympanidaceae","g__Tympanis",NA,"positive"
"Pityogenes hopkinsi","ASV_658",3.10494317885135,0.001,0.0443496503496503,0.928541626794258,"Coleoptera","Curculionidae","Scolytinae","Pityogenes","Pityogenes hopkinsi","k__Fungi","p__Ascomycota","c__Sordariomycetes","o__Xylariales","f__Diatrypaceae",NA,NA,"positive"
"Pityogenes hopkinsi","ASV_667",3.78359923801884,0.001,0.0443496503496503,0.928541626794258,"Coleoptera","Curculionidae","Scolytinae","Pityogenes","Pityogenes hopkinsi","k__Fungi","p__Ascomycota","c__Sordariomycetes","o__Hypocreales","f__Nectriaceae","g__Nectria","s__cinnabarina","positive"
"Pityogenes hopkinsi","ASV_826",2.65061142075266,0.001,0.0443496503496503,0.928541626794258,"Coleoptera","Curculionidae","Scolytinae","Pityogenes","Pityogenes hopkinsi","k__Fungi",NA,NA,NA,NA,NA,NA,"positive"
"Pityogenes hopkinsi","ASV_974",4.47242826994297,0.001,0.0443496503496503,0.928541626794258,"Coleoptera","Curculionidae","Scolytinae","Pityogenes","Pityogenes hopkinsi","k__Fungi","p__Basidiomycota","c__Tremellomycetes","o__Tremellales","f__Phaeotremellaceae","g__Phaeotremella",NA,"positive"
"Pityogenes hopkinsi","ASV_1010",-3.12987625928121,0.001,0.0443496503496503,0.928541626794258,"Coleoptera","Curculionidae","Scolytinae","Pityogenes","Pityogenes hopkinsi","k__Fungi","p__Ascomycota","c__Dothideomycetes","o__Pleosporales","f__Phaeosphaeriaceae","g__Setophaeosphaeria","s__badalingensis","negative"
"Pityogenes hopkinsi","ASV_1025",3.00302490102455,0.001,0.0443496503496503,0.928541626794258,"Coleoptera","Curculionidae","Scolytinae","Pityogenes","Pityogenes hopkinsi","k__Fungi","p__Ascomycota","c__Dothideomycetes","o__Capnodiales","f__Cladosporiaceae","g__Cladosporium","s__domesticum","positive"
"Pityogenes hopkinsi","ASV_1142",5.18726898195357,0.001,0.0443496503496503,0.928541626794258,"Coleoptera","Curculionidae","Scolytinae","Pityogenes","Pityogenes hopkinsi","k__Fungi","p__Ascomycota",NA,NA,NA,NA,NA,"positive"
"Pityogenes hopkinsi","ASV_1162",3.49595047242858,0.001,0.0443496503496503,0.928541626794258,"Coleoptera","Curculionidae","Scolytinae","Pityogenes","Pityogenes hopkinsi","k__Fungi","p__Ascomycota",NA,NA,NA,NA,NA,"positive"
"Pityogenes hopkinsi","ASV_1251",3.46736899430886,0.001,0.0443496503496503,0.928541626794258,"Coleoptera","Curculionidae","Scolytinae","Pityogenes","Pityogenes hopkinsi","k__Fungi","p__Ascomycota","c__Lecanoromycetes","o__Lecanorales","f__Catillariaceae","g__Catillaria","s__chalybeia","positive"
"Pityogenes hopkinsi","ASV_1274",4.72518146629488,0.001,0.0443496503496503,0.928541626794258,"Coleoptera","Curculionidae","Scolytinae","Pityogenes","Pityogenes hopkinsi","k__Fungi","p__Ascomycota","c__Dothideomycetes",NA,NA,NA,NA,"positive"
"Pityogenes hopkinsi","ASV_1387",4.07450609362045,0.001,0.0443496503496503,0.928541626794258,"Coleoptera","Curculionidae","Scolytinae","Pityogenes","Pityogenes hopkinsi","k__Fungi","p__Ascomycota","c__Dothideomycetes","o__Mytilinidiales","f__Mytilinidiaceae","g__Mytilinidion","s__insulare","positive"
"Pityogenes hopkinsi","ASV_1452",-3.25872905536811,0.001,0.0443496503496503,0.928541626794258,"Coleoptera","Curculionidae","Scolytinae","Pityogenes","Pityogenes hopkinsi","k__Fungi","p__Ascomycota","c__Lecanoromycetes","o__Pertusariales","f__Pertusariaceae","g__Pertusaria","s__corallina","negative"
"Pityogenes hopkinsi","ASV_1477",2.99214235587277,0.001,0.0443496503496503,0.928541626794258,"Coleoptera","Curculionidae","Scolytinae","Pityogenes","Pityogenes hopkinsi","k__Fungi","p__Basidiomycota","c__Exobasidiomycetes","o__Exobasidiales","f__Exobasidiaceae","g__Exobasidium",NA,"positive"
"Pityogenes hopkinsi","ASV_1631",3.58143633815997,0.001,0.0443496503496503,0.928541626794258,"Coleoptera","Curculionidae","Scolytinae","Pityogenes","Pityogenes hopkinsi","k__Fungi",NA,NA,NA,NA,NA,NA,"positive"
"Pityogenes hopkinsi","ASV_1681",6.2779337608003,0.001,0.0443496503496503,0.928541626794258,"Coleoptera","Curculionidae","Scolytinae","Pityogenes","Pityogenes hopkinsi","k__Fungi","p__Ascomycota","c__Leotiomycetes","o__Rhytismatales","f__Rhytismataceae","g__Lophodermium","s__nitens","positive"
"Pityogenes hopkinsi","ASV_1698",3.92381346450331,0.001,0.0443496503496503,0.928541626794258,"Coleoptera","Curculionidae","Scolytinae","Pityogenes","Pityogenes hopkinsi","k__Fungi","p__Ascomycota",NA,NA,NA,NA,NA,"positive"
"Pityogenes hopkinsi","ASV_1718",3.25071415746725,0.001,0.0443496503496503,0.928541626794258,"Coleoptera","Curculionidae","Scolytinae","Pityogenes","Pityogenes hopkinsi","k__Fungi","p__Basidiomycota","c__Cystobasidiomycetes","o__Cystobasidiomycetes_ord_Incertae_sedis","f__Cystobasidiomycetes_fam_Incertae_sedis","g__Cystobasidiomycetes_gen_Incertae_sedis",NA,"positive"
"Pityogenes hopkinsi","ASV_1728",3.07374150588129,0.001,0.0443496503496503,0.928541626794258,"Coleoptera","Curculionidae","Scolytinae","Pityogenes","Pityogenes hopkinsi","k__Fungi","p__Basidiomycota","c__Exobasidiomycetes","o__Exobasidiales","f__Exobasidiaceae","g__Exobasidium",NA,"positive"
"Pityogenes hopkinsi","ASV_1784",4.93685846303884,0.001,0.0443496503496503,0.928541626794258,"Coleoptera","Curculionidae","Scolytinae","Pityogenes","Pityogenes hopkinsi","k__Fungi","p__Ascomycota","c__Leotiomycetes","o__Helotiales","f__Lachnaceae","g__Proliferodiscus","s__tricolor","positive"
"Pityogenes hopkinsi","ASV_1820",4.9992805025743,0.001,0.0443496503496503,0.928541626794258,"Coleoptera","Curculionidae","Scolytinae","Pityogenes","Pityogenes hopkinsi","k__Fungi","p__Basidiomycota","c__Agaricomycetes","o__Hymenochaetales","f__Rickenellaceae","g__Resinicium","s__bicolor","positive"
"Pityogenes hopkinsi","ASV_1822",-3.7298232128294,0.001,0.0443496503496503,0.928541626794258,"Coleoptera","Curculionidae","Scolytinae","Pityogenes","Pityogenes hopkinsi","k__Fungi","p__Ascomycota","c__Dothideomycetes","o__Pleosporales","f__Phaeosphaeriaceae","g__Leptospora","s__rubella","negative"
"Pityogenes hopkinsi","ASV_1826",3.42737053136842,0.001,0.0443496503496503,0.928541626794258,"Coleoptera","Curculionidae","Scolytinae","Pityogenes","Pityogenes hopkinsi","k__Fungi","p__Basidiomycota","c__Agaricomycetes","o__Polyporales","f__Phanerochaetaceae","g__Bjerkandera","s__adusta","positive"
"Pityogenes hopkinsi","ASV_1923",4.22788207668918,0.001,0.0443496503496503,0.928541626794258,"Coleoptera","Curculionidae","Scolytinae","Pityogenes","Pityogenes hopkinsi","k__Fungi","p__Ascomycota","c__Leotiomycetes","o__Helotiales","f__Helotiaceae","g__Claussenomyces","s__olivaceus","positive"
"Pityogenes hopkinsi","ASV_2013",3.89632402998516,0.001,0.0443496503496503,0.928541626794258,"Coleoptera","Curculionidae","Scolytinae","Pityogenes","Pityogenes hopkinsi","k__Fungi",NA,NA,NA,NA,NA,NA,"positive"
"Pityogenes hopkinsi","ASV_2110",4.99922346529662,0.001,0.0443496503496503,0.928541626794258,"Coleoptera","Curculionidae","Scolytinae","Pityogenes","Pityogenes hopkinsi","k__Fungi","p__Ascomycota","c__Eurotiomycetes","o__Chaetothyriales","f__Trichomeriaceae","g__Alatosessilispora",NA,"positive"
"Pityogenes hopkinsi","ASV_2144",4.78689868515292,0.001,0.0443496503496503,0.928541626794258,"Coleoptera","Curculionidae","Scolytinae","Pityogenes","Pityogenes hopkinsi","k__Fungi","p__Basidiomycota","c__Tremellomycetes","o__Tremellales",NA,NA,NA,"positive"
"Pityogenes hopkinsi","ASV_2272",2.92505746445264,0.001,0.0443496503496503,0.928541626794258,"Coleoptera","Curculionidae","Scolytinae","Pityogenes","Pityogenes hopkinsi","k__Fungi","p__Ascomycota","c__Sordariomycetes","o__Xylariales","f__Lopadostomataceae","g__Lopadostoma",NA,"positive"
"Pityogenes hopkinsi","ASV_2323",2.91639464716337,0.001,0.0443496503496503,0.928541626794258,"Coleoptera","Curculionidae","Scolytinae","Pityogenes","Pityogenes hopkinsi","k__Fungi","p__Ascomycota","c__Lecanoromycetes","o__Lecanorales","f__Catillariaceae","g__Catillaria","s__chalybeia","positive"
"Pityogenes hopkinsi","ASV_2380",3.64955738500404,0.001,0.0443496503496503,0.928541626794258,"Coleoptera","Curculionidae","Scolytinae","Pityogenes","Pityogenes hopkinsi","k__Fungi","p__Basidiomycota","c__Agaricomycetes","o__Polyporales","f__Fomitopsidaceae","g__Fomitopsis","s__pinicola","positive"
"Pityogenes hopkinsi","ASV_2432",4.29845795264249,0.001,0.0443496503496503,0.928541626794258,"Coleoptera","Curculionidae","Scolytinae","Pityogenes","Pityogenes hopkinsi","k__Fungi","p__Ascomycota","c__Dothideomycetes","o__Dothideales","f__Dothideaceae","g__Celosporium",NA,"positive"
"Pityogenes hopkinsi","ASV_2521",-3.78043221213735,0.001,0.0443496503496503,0.928541626794258,"Coleoptera","Curculionidae","Scolytinae","Pityogenes","Pityogenes hopkinsi","k__Fungi","p__Ascomycota","c__Eurotiomycetes","o__Chaetothyriales","f__Herpotrichiellaceae","g__Melanchlenus",NA,"negative"
"Pityogenes hopkinsi","ASV_2529",-3.08791864639154,0.001,0.0443496503496503,0.928541626794258,"Coleoptera","Curculionidae","Scolytinae","Pityogenes","Pityogenes hopkinsi","k__Fungi","p__Basidiomycota","c__Tremellomycetes","o__Tremellales","f__Tremellales_fam_Incertae_sedis","g__Tremellales_gen_Incertae_sedis",NA,"negative"
"Pityogenes hopkinsi","ASV_2741",4.5968172124684,0.001,0.0443496503496503,0.928541626794258,"Coleoptera","Curculionidae","Scolytinae","Pityogenes","Pityogenes hopkinsi","k__Fungi","p__Ascomycota","c__Sordariomycetes","o__Diaporthales","f__Valsaceae","g__Cytospora",NA,"positive"
"Pityogenes hopkinsi","ASV_2886",4.50865761808495,0.001,0.0443496503496503,0.928541626794258,"Coleoptera","Curculionidae","Scolytinae","Pityogenes","Pityogenes hopkinsi","k__Fungi","p__Ascomycota","c__Eurotiomycetes","o__Chaetothyriales","f__Trichomeriaceae","g__Trichomerium",NA,"positive"
"Pityogenes hopkinsi","ASV_2892",4.4927765218116,0.001,0.0443496503496503,0.928541626794258,"Coleoptera","Curculionidae","Scolytinae","Pityogenes","Pityogenes hopkinsi","k__Fungi","p__Ascomycota","c__Dothideomycetes","o__Pleosporales","f__Lentitheciaceae","g__Pleurophoma",NA,"positive"
"Pityogenes hopkinsi","ASV_3169",5.25858110613901,0.001,0.0443496503496503,0.928541626794258,"Coleoptera","Curculionidae","Scolytinae","Pityogenes","Pityogenes hopkinsi","k__Fungi","p__Ascomycota","c__Arthoniomycetes","o__Lichenostigmatales","f__Phaeococcomycetaceae","g__Phaeococcomycetaceae_gen_Incertae_sedis",NA,"positive"
"Pityogenes hopkinsi","ASV_3208",5.5727301436343,0.001,0.0443496503496503,0.928541626794258,"Coleoptera","Curculionidae","Scolytinae","Pityogenes","Pityogenes hopkinsi","k__Fungi","p__Ascomycota","c__Leotiomycetes","o__Helotiales",NA,NA,NA,"positive"
"Pityogenes hopkinsi","ASV_3239",6.69614218826839,0.001,0.0443496503496503,0.928541626794258,"Coleoptera","Curculionidae","Scolytinae","Pityogenes","Pityogenes hopkinsi","k__Fungi","p__Basidiomycota",NA,NA,NA,NA,NA,"positive"
"Pityogenes hopkinsi","ASV_3414",-3.505290806779,0.001,0.0443496503496503,0.928541626794258,"Coleoptera","Curculionidae","Scolytinae","Pityogenes","Pityogenes hopkinsi","k__Fungi","p__Ascomycota","c__Dothideomycetes","o__Pleosporales","f__Sporormiaceae","g__Preussia","s__tetramera","negative"
"Pityogenes hopkinsi","ASV_3582",2.85114341332951,0.001,0.0443496503496503,0.928541626794258,"Coleoptera","Curculionidae","Scolytinae","Pityogenes","Pityogenes hopkinsi","k__Fungi","p__Basidiomycota","c__Agaricomycetes","o__Gloeophyllales","f__Gloeophyllaceae","g__Gloeophyllum","s__sepiarium","positive"
"Pityogenes hopkinsi","ASV_3677",-3.69924172494247,0.001,0.0443496503496503,0.928541626794258,"Coleoptera","Curculionidae","Scolytinae","Pityogenes","Pityogenes hopkinsi","k__Fungi","p__Ascomycota",NA,NA,NA,NA,NA,"negative"
"Pityogenes hopkinsi","ASV_3834",3.16695664614419,0.001,0.0443496503496503,0.928541626794258,"Coleoptera","Curculionidae","Scolytinae","Pityogenes","Pityogenes hopkinsi","k__Fungi","p__Basidiomycota","c__Agaricomycetes","o__Auriculariales","f__Hyaloriaceae","g__Stypella","s__grilletii","positive"
"Pityogenes hopkinsi","ASV_3987",3.86173332007525,0.001,0.0443496503496503,0.928541626794258,"Coleoptera","Curculionidae","Scolytinae","Pityogenes","Pityogenes hopkinsi","k__Fungi","p__Basidiomycota","c__Agaricomycetes","o__Hymenochaetales","f__Tubulicrinaceae","g__Tubulicrinis","s__subulatus","positive"
"Pityogenes hopkinsi","ASV_3997",-3.09677933078823,0.001,0.0443496503496503,0.928541626794258,"Coleoptera","Curculionidae","Scolytinae","Pityogenes","Pityogenes hopkinsi","k__Fungi","p__Ascomycota",NA,NA,NA,NA,NA,"negative"
"Pityogenes hopkinsi","ASV_4216",-2.80719465150759,0.001,0.0443496503496503,0.928541626794258,"Coleoptera","Curculionidae","Scolytinae","Pityogenes","Pityogenes hopkinsi","k__Fungi","p__Ascomycota","c__Dothideomycetes","o__Pleosporales","f__Didymosphaeriaceae","g__Paracamarosporium",NA,"negative"
"Pityogenes hopkinsi","ASV_4296",-3.24555989137122,0.001,0.0443496503496503,0.928541626794258,"Coleoptera","Curculionidae","Scolytinae","Pityogenes","Pityogenes hopkinsi","k__Fungi",NA,NA,NA,NA,NA,NA,"negative"
"Pityogenes hopkinsi","ASV_4336",-3.55687883595923,0.001,0.0443496503496503,0.928541626794258,"Coleoptera","Curculionidae","Scolytinae","Pityogenes","Pityogenes hopkinsi","k__Fungi","p__Ascomycota","c__Saccharomycetes","o__Saccharomycetales","f__Saccharomycodaceae","g__Hanseniaspora",NA,"negative"
"Pityogenes hopkinsi","ASV_4376",-3.84892458206398,0.001,0.0443496503496503,0.928541626794258,"Coleoptera","Curculionidae","Scolytinae","Pityogenes","Pityogenes hopkinsi","k__Fungi","p__Ascomycota",NA,NA,NA,NA,NA,"negative"
"Pityogenes hopkinsi","ASV_4505",3.21301912488822,0.001,0.0443496503496503,0.928541626794258,"Coleoptera","Curculionidae","Scolytinae","Pityogenes","Pityogenes hopkinsi","k__Fungi",NA,NA,NA,NA,NA,NA,"positive"
"Pityogenes hopkinsi","ASV_4708",4.18159792291677,0.001,0.0443496503496503,0.928541626794258,"Coleoptera","Curculionidae","Scolytinae","Pityogenes","Pityogenes hopkinsi","k__Fungi","p__Ascomycota","c__Eurotiomycetes","o__Chaetothyriales","f__Epibryaceae","g__Epibryon","s__interlamellare","positive"
"Pityogenes hopkinsi","ASV_4856",-3.51687133486435,0.001,0.0443496503496503,0.928541626794258,"Coleoptera","Curculionidae","Scolytinae","Pityogenes","Pityogenes hopkinsi","k__Fungi","p__Ascomycota","c__Dothideomycetes","o__Pleosporales","f__Pleosporaceae","g__Stemphylium","s__globuliferum","negative"
"Pityogenes hopkinsi","ASV_4975",3.05747440180466,0.001,0.0443496503496503,0.928541626794258,"Coleoptera","Curculionidae","Scolytinae","Pityogenes","Pityogenes hopkinsi","k__Fungi","p__Ascomycota","c__Sordariomycetes","o__Diaporthales","f__Gnomoniaceae","g__Ophiognomonia","s__rosae","positive"
"Pityogenes hopkinsi","ASV_5115",-3.08338816200868,0.001,0.0443496503496503,0.928541626794258,"Coleoptera","Curculionidae","Scolytinae","Pityogenes","Pityogenes hopkinsi","k__Fungi","p__Ascomycota","c__Saccharomycetes","o__Saccharomycetales","f__Phaffomycetaceae","g__Wickerhamomyces","s__alni","negative"
"Pityogenes hopkinsi","ASV_5285",-3.44772202124008,0.001,0.0443496503496503,0.928541626794258,"Coleoptera","Curculionidae","Scolytinae","Pityogenes","Pityogenes hopkinsi","k__Fungi","p__Ascomycota","c__Taphrinomycetes","o__Taphrinales","f__Taphrinaceae","g__Taphrina",NA,"negative"
"Pityogenes hopkinsi","ASV_5562",-3.01069945104738,0.001,0.0443496503496503,0.928541626794258,"Coleoptera","Curculionidae","Scolytinae","Pityogenes","Pityogenes hopkinsi","k__Fungi",NA,NA,NA,NA,NA,NA,"negative"
"Pityogenes hopkinsi","ASV_5575",3.07551840556927,0.001,0.0443496503496503,0.928541626794258,"Coleoptera","Curculionidae","Scolytinae","Pityogenes","Pityogenes hopkinsi","k__Fungi","p__Basidiomycota","c__Agaricomycetes","o__Polyporales","f__Polyporaceae","g__Daedaleopsis","s__confragosa","positive"
"Pityogenes hopkinsi","ASV_5578",3.94596071456034,0.001,0.0443496503496503,0.928541626794258,"Coleoptera","Curculionidae","Scolytinae","Pityogenes","Pityogenes hopkinsi","k__Fungi","p__Basidiomycota","c__Agaricomycetes","o__Hymenochaetales","f__Hymenochaetaceae","g__Phellinus","s__piceicola","positive"
"Pityogenes hopkinsi","ASV_5760",-3.05834089663451,0.001,0.0443496503496503,0.928541626794258,"Coleoptera","Curculionidae","Scolytinae","Pityogenes","Pityogenes hopkinsi","k__Fungi","p__Basidiomycota","c__Tremellomycetes","o__Tremellales","f__Bulleribasidiaceae","g__Dioszegia","s__changbaiensis","negative"
"Pityogenes hopkinsi","ASV_5855",3.26464920232341,0.001,0.0443496503496503,0.928541626794258,"Coleoptera","Curculionidae","Scolytinae","Pityogenes","Pityogenes hopkinsi","k__Fungi","p__Ascomycota","c__Dothideomycetes","o__Pleosporales",NA,NA,NA,"positive"
"Pityogenes hopkinsi","ASV_6125",2.89297980080982,0.001,0.0443496503496503,0.928541626794258,"Coleoptera","Curculionidae","Scolytinae","Pityogenes","Pityogenes hopkinsi","k__Fungi","p__Ascomycota","c__Dothideomycetes","o__Venturiales","f__Venturiaceae","g__Venturia",NA,"positive"
"Pityogenes hopkinsi","ASV_6148",3.23191500099058,0.001,0.0443496503496503,0.928541626794258,"Coleoptera","Curculionidae","Scolytinae","Pityogenes","Pityogenes hopkinsi","k__Fungi","p__Ascomycota","c__Dothideomycetes","o__Pleosporales","f__Lophiotremataceae","g__Atrocalyx","s__nordicus","positive"
"Pityogenes hopkinsi","ASV_6326",-3.38686725202578,0.001,0.0443496503496503,0.928541626794258,"Coleoptera","Curculionidae","Scolytinae","Pityogenes","Pityogenes hopkinsi","k__Fungi","p__Ascomycota","c__Dothideomycetes","o__Pleosporales","f__Didymosphaeriaceae","g__Paracamarosporium",NA,"negative"
"Pityogenes hopkinsi","ASV_6331",6.04552605215578,0.001,0.0443496503496503,0.928541626794258,"Coleoptera","Curculionidae","Scolytinae","Pityogenes","Pityogenes hopkinsi","k__Fungi","p__Ascomycota","c__Sordariomycetes","o__Xylariales","f__Graphostromataceae","g__Graphostroma",NA,"positive"
"Pityogenes hopkinsi","ASV_7092",-3.36158236464432,0.001,0.0443496503496503,0.928541626794258,"Coleoptera","Curculionidae","Scolytinae","Pityogenes","Pityogenes hopkinsi","k__Fungi","p__Ascomycota","c__Eurotiomycetes","o__Mycocaliciales","f__Mycocaliciaceae","g__Chaenothecopsis",NA,"negative"
"Pityogenes hopkinsi","ASV_7183",-3.42580643009867,0.001,0.0443496503496503,0.928541626794258,"Coleoptera","Curculionidae","Scolytinae","Pityogenes","Pityogenes hopkinsi","k__Fungi","p__Basidiomycota","c__Agaricomycetes","o__Polyporales","f__Irpicaceae","g__Irpex","s__lacteus","negative"
"Pityogenes hopkinsi","ASV_7334",-3.39345318094609,0.001,0.0443496503496503,0.928541626794258,"Coleoptera","Curculionidae","Scolytinae","Pityogenes","Pityogenes hopkinsi","k__Fungi","p__Basidiomycota","c__Agaricomycetes","o__Agaricales","f__Mycenaceae","g__Mycena",NA,"negative"
"Pityogenes hopkinsi","ASV_7659",4.08897440105325,0.001,0.0443496503496503,0.928541626794258,"Coleoptera","Curculionidae","Scolytinae","Pityogenes","Pityogenes hopkinsi","k__Fungi","p__Ascomycota","c__Sordariomycetes","o__Togniniales","f__Togniniaceae","g__Phaeoacremonium","s__angustius","positive"
"Pityogenes hopkinsi","ASV_8076",-3.25549177902621,0.001,0.0443496503496503,0.928541626794258,"Coleoptera","Curculionidae","Scolytinae","Pityogenes","Pityogenes hopkinsi","k__Fungi","p__Basidiomycota","c__Agaricomycetes","o__Agaricales","f__Pleurotaceae","g__Hohenbuehelia","s__canadensis","negative"
"Pityogenes hopkinsi","ASV_8751",-3.89349167743015,0.001,0.0443496503496503,0.928541626794258,"Coleoptera","Curculionidae","Scolytinae","Pityogenes","Pityogenes hopkinsi","k__Fungi","p__Ascomycota","c__Sordariomycetes","o__Hypocreales","f__Nectriaceae","g__Cosmospora","s__viridescens","negative"
"Pityogenes hopkinsi","ASV_8841",4.25074708230347,0.001,0.0443496503496503,0.928541626794258,"Coleoptera","Curculionidae","Scolytinae","Pityogenes","Pityogenes hopkinsi","k__Fungi","p__Basidiomycota","c__Agaricomycetes","o__Hymenochaetales","f__Tubulicrinaceae","g__Tubulicrinis","s__accedens","positive"
"Pityogenes hopkinsi","ASV_8959",-3.4655392930809,0.001,0.0443496503496503,0.928541626794258,"Coleoptera","Curculionidae","Scolytinae","Pityogenes","Pityogenes hopkinsi","k__Fungi","p__Basidiomycota","c__Exobasidiomycetes","o__Microstromatales","f__Microstromatales_fam_Incertae_sedis","g__Pseudomicrostroma","s__phylloplanum","negative"
"Pityogenes hopkinsi","ASV_9152",-2.99192915911968,0.001,0.0443496503496503,0.928541626794258,"Coleoptera","Curculionidae","Scolytinae","Pityogenes","Pityogenes hopkinsi","k__Fungi","p__Ascomycota","c__Sordariomycetes",NA,NA,NA,NA,"negative"
"Pityogenes hopkinsi","ASV_9153",-3.63879088211703,0.001,0.0443496503496503,0.928541626794258,"Coleoptera","Curculionidae","Scolytinae","Pityogenes","Pityogenes hopkinsi","k__Fungi","p__Ascomycota","c__Dothideomycetes","o__Dothideales","f__Dothioraceae","g__Sydowia","s__polyspora","negative"
"Pityogenes hopkinsi","ASV_9355",-3.40639878068696,0.001,0.0443496503496503,0.928541626794258,"Coleoptera","Curculionidae","Scolytinae","Pityogenes","Pityogenes hopkinsi","k__Fungi","p__Ascomycota","c__Dothideomycetes","o__Pleosporales","f__Lentitheciaceae","g__Pleurophoma",NA,"negative"
"Pityogenes hopkinsi","ASV_9406",-2.72746739566042,0.001,0.0443496503496503,0.928541626794258,"Coleoptera","Curculionidae","Scolytinae","Pityogenes","Pityogenes hopkinsi","k__Fungi","p__Basidiomycota","c__Tremellomycetes","o__Filobasidiales","f__Filobasidiales_fam_Incertae_sedis","g__Filobasidiales_gen_Incertae_sedis",NA,"negative"
"Pityogenes hopkinsi","ASV_9415",-3.94782370373061,0.001,0.0443496503496503,0.928541626794258,"Coleoptera","Curculionidae","Scolytinae","Pityogenes","Pityogenes hopkinsi","k__Fungi",NA,NA,NA,NA,NA,NA,"negative"
"Pityogenes hopkinsi","ASV_9574",-3.58226504057233,0.001,0.0443496503496503,0.928541626794258,"Coleoptera","Curculionidae","Scolytinae","Pityogenes","Pityogenes hopkinsi","k__Fungi","p__Basidiomycota","c__Agaricomycetes","o__Russulales","f__Peniophoraceae","g__Peniophora",NA,"negative"
"Pityogenes hopkinsi","ASV_9910",-3.36294502284645,0.001,0.0443496503496503,0.928541626794258,"Coleoptera","Curculionidae","Scolytinae","Pityogenes","Pityogenes hopkinsi","k__Fungi","p__Ascomycota","c__Sordariomycetes","o__Hypocreales","f__Nectriaceae","g__Fusarium",NA,"negative"
"Pityogenes hopkinsi","ASV_10004",3.98529374831805,0.001,0.0443496503496503,0.928541626794258,"Coleoptera","Curculionidae","Scolytinae","Pityogenes","Pityogenes hopkinsi","k__Fungi","p__Ascomycota","c__Eurotiomycetes","o__Verrucariales","f__Verrucariaceae","g__Verrucariaceae_gen_Incertae_sedis",NA,"positive"
"Pityogenes hopkinsi","ASV_10697",5.28550335254865,0.001,0.0443496503496503,0.928541626794258,"Coleoptera","Curculionidae","Scolytinae","Pityogenes","Pityogenes hopkinsi","k__Fungi","p__Ascomycota","c__Lecanoromycetes","o__Lecanorales","f__Lecanoraceae","g__Lecidella","s__albida","positive"
"Pityogenes hopkinsi","ASV_10756",-3.14896978679207,0.001,0.0443496503496503,0.928541626794258,"Coleoptera","Curculionidae","Scolytinae","Pityogenes","Pityogenes hopkinsi","k__Fungi","p__Ascomycota","c__Dothideomycetes","o__Pleosporales",NA,NA,NA,"negative"
"Pityogenes hopkinsi","ASV_11115",-3.64450111004051,0.001,0.0443496503496503,0.928541626794258,"Coleoptera","Curculionidae","Scolytinae","Pityogenes","Pityogenes hopkinsi","k__Fungi","p__Ascomycota","c__Sordariomycetes","o__Xylariales",NA,NA,NA,"negative"
"Pityogenes hopkinsi","ASV_11266",-2.89711123025731,0.001,0.0443496503496503,0.928541626794258,"Coleoptera","Curculionidae","Scolytinae","Pityogenes","Pityogenes hopkinsi","k__Fungi","p__Ascomycota",NA,NA,NA,NA,NA,"negative"
"Pityogenes hopkinsi","ASV_12103",-2.78419524198223,0.001,0.0443496503496503,0.928541626794258,"Coleoptera","Curculionidae","Scolytinae","Pityogenes","Pityogenes hopkinsi","k__Fungi","p__Basidiomycota","c__Microbotryomycetes","o__Microbotryomycetes_ord_Incertae_sedis","f__Colacogloeaceae",NA,NA,"negative"
"Pityogenes hopkinsi","ASV_12130",-3.98621971563087,0.001,0.0443496503496503,0.928541626794258,"Coleoptera","Curculionidae","Scolytinae","Pityogenes","Pityogenes hopkinsi","k__Fungi","p__Mucoromycota","c__Mucoromycetes","o__Mucorales","f__Mucoraceae","g__Mucor","s__hiemalis","negative"
"Pityogenes hopkinsi","ASV_12187",-3.70523862643678,0.001,0.0443496503496503,0.928541626794258,"Coleoptera","Curculionidae","Scolytinae","Pityogenes","Pityogenes hopkinsi","k__Fungi","p__Ascomycota","c__Leotiomycetes","o__Helotiales","f__Helotiales_fam_Incertae_sedis",NA,NA,"negative"
"Pityogenes hopkinsi","ASV_12228",-3.71993453622391,0.001,0.0443496503496503,0.928541626794258,"Coleoptera","Curculionidae","Scolytinae","Pityogenes","Pityogenes hopkinsi","k__Fungi","p__Ascomycota","c__Dothideomycetes","o__Dothideales","f__Dothioraceae","g__Dothiora",NA,"negative"
"Pityogenes hopkinsi","ASV_12404",-3.06579442857746,0.001,0.0443496503496503,0.928541626794258,"Coleoptera","Curculionidae","Scolytinae","Pityogenes","Pityogenes hopkinsi","k__Fungi","p__Basidiomycota","c__Cystobasidiomycetes","o__Cystobasidiales","f__Cystobasidiaceae","g__Cystobasidium","s__pinicola","negative"
"Pityogenes hopkinsi","ASV_12783",-3.08820302166578,0.001,0.0443496503496503,0.928541626794258,"Coleoptera","Curculionidae","Scolytinae","Pityogenes","Pityogenes hopkinsi","k__Fungi","p__Basidiomycota","c__Agaricomycetes","o__Hymenochaetales","f__Schizoporaceae","g__Xylodon","s__erastii","negative"
"Pityogenes hopkinsi","ASV_13124",-3.60886053414846,0.001,0.0443496503496503,0.928541626794258,"Coleoptera","Curculionidae","Scolytinae","Pityogenes","Pityogenes hopkinsi","k__Fungi","p__Ascomycota","c__Lecanoromycetes","o__Lecanorales","f__Parmeliaceae","g__Flavoparmelia","s__caperata","negative"
"Pityogenes hopkinsi","ASV_13290",-3.1786348749864,0.001,0.0443496503496503,0.928541626794258,"Coleoptera","Curculionidae","Scolytinae","Pityogenes","Pityogenes hopkinsi","k__Fungi","p__Basidiomycota","c__Agaricomycetes","o__Russulales","f__Peniophoraceae","g__Peniophora","s__cinerea","negative"
"Pityogenes hopkinsi","ASV_13565",-3.07176297868321,0.001,0.0443496503496503,0.928541626794258,"Coleoptera","Curculionidae","Scolytinae","Pityogenes","Pityogenes hopkinsi","k__Fungi","p__Ascomycota","c__Leotiomycetes","o__Helotiales","f__Tympanidaceae","g__Tympanis","s__piceina","negative"
"Pityogenes hopkinsi","ASV_13615",-3.60965435877348,0.001,0.0443496503496503,0.928541626794258,"Coleoptera","Curculionidae","Scolytinae","Pityogenes","Pityogenes hopkinsi","k__Fungi","p__Basidiomycota","c__Agaricomycetes","o__Russulales","f__Peniophoraceae","g__Peniophora","s__cinerea","negative"
"Pityogenes hopkinsi","ASV_13789",-3.17360204833502,0.001,0.0443496503496503,0.928541626794258,"Coleoptera","Curculionidae","Scolytinae","Pityogenes","Pityogenes hopkinsi","k__Fungi","p__Ascomycota","c__Sordariomycetes","o__Coronophorales","f__Scortechiniaceae","g__Yuxiensis","s__granularis","negative"
"Pityogenes hopkinsi","ASV_14129",-3.2081549127138,0.001,0.0443496503496503,0.928541626794258,"Coleoptera","Curculionidae","Scolytinae","Pityogenes","Pityogenes hopkinsi","k__Fungi","p__Ascomycota",NA,NA,NA,NA,NA,"negative"
"Pityogenes hopkinsi","ASV_14474",-3.39571667322908,0.001,0.0443496503496503,0.928541626794258,"Coleoptera","Curculionidae","Scolytinae","Pityogenes","Pityogenes hopkinsi","k__Fungi","p__Ascomycota","c__Dothideomycetes","o__Pleosporales","f__Cucurbitariaceae","g__Neocucurbitaria","s__populi","negative"
"Pityogenes hopkinsi","ASV_14988",-3.32923852206735,0.001,0.0443496503496503,0.928541626794258,"Coleoptera","Curculionidae","Scolytinae","Pityogenes","Pityogenes hopkinsi","k__Fungi","p__Ascomycota","c__Lecanoromycetes","o__Ostropales","f__Spirographaceae","g__Spirographa","s__fusisporella","negative"
"Pityogenes hopkinsi","ASV_15582",-2.79956982172205,0.001,0.0443496503496503,0.928541626794258,"Coleoptera","Curculionidae","Scolytinae","Pityogenes","Pityogenes hopkinsi","k__Fungi","p__Ascomycota","c__Dothideomycetes","o__Dothideomycetidae_ord_Incertae_sedis","f__Pseudoperisporiaceae","g__Eudimeriolum","s__septentrionale","negative"
"Pityogenes hopkinsi","ASV_15932",-2.40471333045799,0.001,0.0443496503496503,0.928541626794258,"Coleoptera","Curculionidae","Scolytinae","Pityogenes","Pityogenes hopkinsi","k__Fungi","p__Ascomycota","c__Lecanoromycetes","o__Caliciales","f__Physciaceae","g__Physcia","s__millegrana","negative"
"Pityogenes hopkinsi","ASV_16224",-2.67248693933102,0.001,0.0443496503496503,0.928541626794258,"Coleoptera","Curculionidae","Scolytinae","Pityogenes","Pityogenes hopkinsi","k__Fungi",NA,NA,NA,NA,NA,NA,"negative"
"Pityogenes hopkinsi","ASV_16585",-3.65016364088281,0.001,0.0443496503496503,0.928541626794258,"Coleoptera","Curculionidae","Scolytinae","Pityogenes","Pityogenes hopkinsi","k__Fungi","p__Ascomycota","c__Dothideomycetes","o__Mycosphaerellales","f__Mycosphaerellaceae","g__Ramularia",NA,"negative"
"Pityogenes hopkinsi","ASV_17245",-2.41810778661448,0.001,0.0443496503496503,0.928541626794258,"Coleoptera","Curculionidae","Scolytinae","Pityogenes","Pityogenes hopkinsi","k__Fungi","p__Ascomycota","c__Lecanoromycetes","o__Lecanoromycetes_ord_Incertae_sedis","f__Lecanoromycetes_fam_Incertae_sedis","g__Lecanoromycetes_gen_Incertae_sedis",NA,"negative"
"Pityogenes hopkinsi","ASV_17316",-3.57456598227516,0.001,0.0443496503496503,0.928541626794258,"Coleoptera","Curculionidae","Scolytinae","Pityogenes","Pityogenes hopkinsi","k__Fungi","p__Ascomycota","c__Leotiomycetes","o__Helotiales",NA,NA,NA,"negative"
"Pityogenes hopkinsi","ASV_17393",-3.2561581260892,0.001,0.0443496503496503,0.928541626794258,"Coleoptera","Curculionidae","Scolytinae","Pityogenes","Pityogenes hopkinsi","k__Fungi","p__Ascomycota","c__Taphrinomycetes","o__Taphrinales","f__Taphrinaceae","g__Taphrina","s__inositophila","negative"
"Pityogenes hopkinsi","ASV_17711",-2.9730508056993,0.001,0.0443496503496503,0.928541626794258,"Coleoptera","Curculionidae","Scolytinae","Pityogenes","Pityogenes hopkinsi","k__Fungi","p__Ascomycota","c__Dothideomycetes","o__Dothideales","f__Dothideales_fam_Incertae_sedis","g__Dothideales_gen_Incertae_sedis",NA,"negative"
"Pityogenes hopkinsi","ASV_17953",-2.48797103230206,0.001,0.0443496503496503,0.928541626794258,"Coleoptera","Curculionidae","Scolytinae","Pityogenes","Pityogenes hopkinsi","k__Fungi","p__Ascomycota",NA,NA,NA,NA,NA,"negative"
"Pityogenes hopkinsi","ASV_17985",-3.9424483800538,0.001,0.0443496503496503,0.928541626794258,"Coleoptera","Curculionidae","Scolytinae","Pityogenes","Pityogenes hopkinsi","k__Fungi","p__Ascomycota","c__Dothideomycetes","o__Dothideales","f__Dothioraceae","g__Hormonema","s__macrosporum","negative"
"Pityogenes hopkinsi","ASV_18716",-2.92652791604051,0.001,0.0443496503496503,0.928541626794258,"Coleoptera","Curculionidae","Scolytinae","Pityogenes","Pityogenes hopkinsi","k__Fungi","p__Ascomycota","c__Sordariomycetes","o__Calosphaeriales","f__Calosphaeriaceae","g__Jattaea","s__prunicola","negative"
"Pityogenes hopkinsi","ASV_19604",-3.2118078755575,0.001,0.0443496503496503,0.928541626794258,"Coleoptera","Curculionidae","Scolytinae","Pityogenes","Pityogenes hopkinsi","k__Fungi","p__Basidiomycota","c__Tremellomycetes","o__Tremellales","f__Bulleribasidiaceae","g__Vishniacozyma","s__victoriae","negative"
"Pityogenes hopkinsi","ASV_20567",-3.64304929143237,0.001,0.0443496503496503,0.928541626794258,"Coleoptera","Curculionidae","Scolytinae","Pityogenes","Pityogenes hopkinsi","k__Fungi","p__Ascomycota","c__Leotiomycetes","o__Helotiales","f__Mollisiaceae","g__Phialocephala",NA,"negative"
"Pityogenes hopkinsi","ASV_20727",-2.91251430595447,0.001,0.0443496503496503,0.928541626794258,"Coleoptera","Curculionidae","Scolytinae","Pityogenes","Pityogenes hopkinsi","k__Fungi","p__Ascomycota","c__Leotiomycetes","o__Helotiales","f__Sclerotiniaceae","g__Monilinia","s__kusanoi","negative"
"Pityogenes hopkinsi","ASV_20741",-3.44337058433521,0.001,0.0443496503496503,0.928541626794258,"Coleoptera","Curculionidae","Scolytinae","Pityogenes","Pityogenes hopkinsi","k__Fungi","p__Ascomycota","c__Dothideomycetes","o__Mycosphaerellales","f__Mycosphaerellaceae",NA,NA,"negative"
"Pityogenes hopkinsi","ASV_21001",-3.00491419446476,0.001,0.0443496503496503,0.928541626794258,"Coleoptera","Curculionidae","Scolytinae","Pityogenes","Pityogenes hopkinsi","k__Fungi","p__Ascomycota","c__Dothideomycetes","o__Myriangiales","f__Elsinoaceae","g__Elsinoe",NA,"negative"
"Pityogenes hopkinsi","ASV_21735",-3.13521090418896,0.001,0.0443496503496503,0.928541626794258,"Coleoptera","Curculionidae","Scolytinae","Pityogenes","Pityogenes hopkinsi","k__Fungi","p__Ascomycota","c__Dothideomycetes","o__Dothideales","f__Saccotheciaceae","g__Aureobasidium",NA,"negative"
"Pityogenes hopkinsi","ASV_21812",-3.36905483600213,0.001,0.0443496503496503,0.928541626794258,"Coleoptera","Curculionidae","Scolytinae","Pityogenes","Pityogenes hopkinsi","k__Fungi","p__Ascomycota","c__Dothideomycetes","o__Venturiales","f__Venturiaceae","g__Sympodiella",NA,"negative"
"Pityogenes hopkinsi","ASV_22117",-2.96524851441794,0.001,0.0443496503496503,0.928541626794258,"Coleoptera","Curculionidae","Scolytinae","Pityogenes","Pityogenes hopkinsi","k__Fungi","p__Ascomycota","c__Dothideomycetes","o__Dothideales","f__Saccotheciaceae",NA,NA,"negative"
"Pityogenes hopkinsi","ASV_22926",-2.74757858706025,0.001,0.0443496503496503,0.928541626794258,"Coleoptera","Curculionidae","Scolytinae","Pityogenes","Pityogenes hopkinsi","k__Fungi","p__Ascomycota","c__Leotiomycetes",NA,NA,NA,NA,"negative"
"Pityogenes hopkinsi","ASV_23004",-2.70639191348096,0.001,0.0443496503496503,0.928541626794258,"Coleoptera","Curculionidae","Scolytinae","Pityogenes","Pityogenes hopkinsi","k__Fungi","p__Ascomycota","c__Leotiomycetes","o__Helotiales","f__Discinellaceae","g__Varicosporium",NA,"negative"
"Pityogenes hopkinsi","ASV_23006",-2.80255685412626,0.001,0.0443496503496503,0.928541626794258,"Coleoptera","Curculionidae","Scolytinae","Pityogenes","Pityogenes hopkinsi","k__Fungi","p__Ascomycota","c__Dothideomycetes","o__Mycosphaerellales","f__Mycosphaerellaceae","g__Sphaerulina","s__pelargonii","negative"
"Pityogenes hopkinsi","ASV_23835",-3.17643748832895,0.001,0.0443496503496503,0.928541626794258,"Coleoptera","Curculionidae","Scolytinae","Pityogenes","Pityogenes hopkinsi","k__Fungi","p__Basidiomycota","c__Tremellomycetes","o__Tremellales","f__Cryptococcaceae","g__Kwoniella",NA,"negative"
"Pityogenes hopkinsi","ASV_23863",-3.59143115439537,0.001,0.0443496503496503,0.928541626794258,"Coleoptera","Curculionidae","Scolytinae","Pityogenes","Pityogenes hopkinsi","k__Fungi","p__Ascomycota","c__Dothideomycetes","o__Dothideales","f__Saccotheciaceae","g__Aureobasidium","s__pullulans","negative"
"Pityogenes hopkinsi","ASV_23902",-2.76936247592064,0.001,0.0443496503496503,0.928541626794258,"Coleoptera","Curculionidae","Scolytinae","Pityogenes","Pityogenes hopkinsi","k__Fungi","p__Basidiomycota","c__Microbotryomycetes","o__Sporidiobolales","f__Sporidiobolaceae","g__Rhodotorula",NA,"negative"
"Pityogenes hopkinsi","ASV_23952",-3.29067254245688,0.001,0.0443496503496503,0.928541626794258,"Coleoptera","Curculionidae","Scolytinae","Pityogenes","Pityogenes hopkinsi","k__Fungi","p__Ascomycota","c__Eurotiomycetes","o__Coryneliales","f__Coryneliaceae","g__Caliciopsis",NA,"negative"
"Pityogenes hopkinsi","ASV_23986",-3.43600592566031,0.001,0.0443496503496503,0.928541626794258,"Coleoptera","Curculionidae","Scolytinae","Pityogenes","Pityogenes hopkinsi","k__Fungi","p__Basidiomycota","c__Agaricomycetes",NA,NA,NA,NA,"negative"
"Pityogenes hopkinsi","ASV_24325",-3.27236676045564,0.001,0.0443496503496503,0.928541626794258,"Coleoptera","Curculionidae","Scolytinae","Pityogenes","Pityogenes hopkinsi","k__Fungi","p__Ascomycota",NA,NA,NA,NA,NA,"negative"
"Pityogenes hopkinsi","ASV_24330",-3.99119600827743,0.001,0.0443496503496503,0.928541626794258,"Coleoptera","Curculionidae","Scolytinae","Pityogenes","Pityogenes hopkinsi","k__Fungi","p__Ascomycota",NA,NA,NA,NA,NA,"negative"
"Pityogenes hopkinsi","ASV_24694",-3.44514710893466,0.001,0.0443496503496503,0.928541626794258,"Coleoptera","Curculionidae","Scolytinae","Pityogenes","Pityogenes hopkinsi","k__Fungi","p__Ascomycota","c__Dothideomycetes","o__Dothideales","f__Dothideaceae","g__Rhizosphaera",NA,"negative"
"Pityogenes hopkinsi","ASV_24909",-2.9043942204463,0.001,0.0443496503496503,0.928541626794258,"Coleoptera","Curculionidae","Scolytinae","Pityogenes","Pityogenes hopkinsi","k__Fungi","p__Ascomycota","c__Sordariomycetes","o__Diaporthales","f__Valsaceae",NA,NA,"negative"
"Pityogenes hopkinsi","ASV_25043",-2.98776182333415,0.001,0.0443496503496503,0.928541626794258,"Coleoptera","Curculionidae","Scolytinae","Pityogenes","Pityogenes hopkinsi","k__Fungi",NA,NA,NA,NA,NA,NA,"negative"
"Pityogenes hopkinsi","ASV_25266",-3.43708258129669,0.001,0.0443496503496503,0.928541626794258,"Coleoptera","Curculionidae","Scolytinae","Pityogenes","Pityogenes hopkinsi","k__Fungi","p__Ascomycota","c__Dothideomycetes","o__Mycosphaerellales","f__Mycosphaerellaceae","g__Acrodontium","s__crateriforme","negative"
"Pityogenes hopkinsi","ASV_25414",-3.34407289614664,0.001,0.0443496503496503,0.928541626794258,"Coleoptera","Curculionidae","Scolytinae","Pityogenes","Pityogenes hopkinsi","k__Fungi","p__Ascomycota","c__Sordariomycetes","o__Hypocreales","f__Nectriaceae","g__Calcarisporium","s__arbuscula","negative"
"Pityogenes hopkinsi","ASV_25636",-3.54883659306767,0.001,0.0443496503496503,0.928541626794258,"Coleoptera","Curculionidae","Scolytinae","Pityogenes","Pityogenes hopkinsi","k__Fungi","p__Ascomycota","c__Leotiomycetes","o__Helotiales","f__Leotiaceae",NA,NA,"negative"
"Pityogenes hopkinsi","ASV_26057",-3.10623576529827,0.001,0.0443496503496503,0.928541626794258,"Coleoptera","Curculionidae","Scolytinae","Pityogenes","Pityogenes hopkinsi","k__Fungi",NA,NA,NA,NA,NA,NA,"negative"
"Pityogenes hopkinsi","ASV_26961",-3.61704477297662,0.001,0.0443496503496503,0.928541626794258,"Coleoptera","Curculionidae","Scolytinae","Pityogenes","Pityogenes hopkinsi","k__Fungi","p__Ascomycota",NA,NA,NA,NA,NA,"negative"
"Pityogenes hopkinsi","ASV_27534",-3.68032910311594,0.001,0.0443496503496503,0.928541626794258,"Coleoptera","Curculionidae","Scolytinae","Pityogenes","Pityogenes hopkinsi","k__Fungi","p__Basidiomycota","c__Exobasidiomycetes","o__Microstromatales","f__Microstromatales_fam_Incertae_sedis","g__Pseudomicrostroma",NA,"negative"
"Pityogenes hopkinsi","ASV_27973",-3.1629088032318,0.001,0.0443496503496503,0.928541626794258,"Coleoptera","Curculionidae","Scolytinae","Pityogenes","Pityogenes hopkinsi","k__Fungi","p__Ascomycota","c__Lecanoromycetes","o__Caliciales","f__Caliciaceae","g__Buellia","s__erubescens","negative"
"Pityogenes hopkinsi","ASV_28306",-3.37097086259058,0.001,0.0443496503496503,0.928541626794258,"Coleoptera","Curculionidae","Scolytinae","Pityogenes","Pityogenes hopkinsi","k__Fungi","p__Ascomycota","c__Sordariomycetes","o__Calosphaeriales","f__Calosphaeriaceae","g__Jattaea",NA,"negative"
"Pityogenes hopkinsi","ASV_23",-3.21553817822773,0.002,0.0581834862385321,1,"Coleoptera","Curculionidae","Scolytinae","Pityogenes","Pityogenes hopkinsi","k__Fungi","p__Ascomycota",NA,NA,NA,NA,NA,"negative"
"Pityogenes hopkinsi","ASV_81",3.51779945263073,0.002,0.0581834862385321,1,"Coleoptera","Curculionidae","Scolytinae","Pityogenes","Pityogenes hopkinsi","k__Fungi","p__Ascomycota","c__Sordariomycetes","o__Diaporthales","f__Valsaceae","g__Cytospora","s__beilinensis","positive"
"Pityogenes hopkinsi","ASV_307",3.51626692697599,0.002,0.0581834862385321,1,"Coleoptera","Curculionidae","Scolytinae","Pityogenes","Pityogenes hopkinsi","k__Fungi","p__Basidiomycota","c__Agaricomycetes","o__Polyporales","f__Irpicaceae","g__Irpex","s__lacteus","positive"
"Pityogenes hopkinsi","ASV_315",3.76569147946919,0.002,0.0581834862385321,1,"Coleoptera","Curculionidae","Scolytinae","Pityogenes","Pityogenes hopkinsi","k__Fungi","p__Ascomycota",NA,NA,NA,NA,NA,"positive"
"Pityogenes hopkinsi","ASV_778",4.05342467664354,0.002,0.0581834862385321,1,"Coleoptera","Curculionidae","Scolytinae","Pityogenes","Pityogenes hopkinsi","k__Fungi","p__Basidiomycota","c__Agaricomycetes","o__Polyporales","f__Cerrenaceae","g__Cerrena","s__aurantiopora","positive"
"Pityogenes hopkinsi","ASV_789",4.06744815803316,0.002,0.0581834862385321,1,"Coleoptera","Curculionidae","Scolytinae","Pityogenes","Pityogenes hopkinsi","k__Fungi","p__Basidiomycota","c__Agaricomycetes","o__Agaricales","f__Psathyrellaceae","g__Coprinellus","s__micaceus","positive"
"Pityogenes hopkinsi","ASV_835",2.58292632779722,0.002,0.0581834862385321,1,"Coleoptera","Curculionidae","Scolytinae","Pityogenes","Pityogenes hopkinsi","k__Fungi","p__Ascomycota","c__Leotiomycetes",NA,NA,NA,NA,"positive"
"Pityogenes hopkinsi","ASV_888",4.16083715344007,0.002,0.0581834862385321,1,"Coleoptera","Curculionidae","Scolytinae","Pityogenes","Pityogenes hopkinsi","k__Fungi","p__Ascomycota","c__Leotiomycetes","o__Phacidiales","f__Phacidiaceae","g__Phacidium","s__lacerum","positive"
"Pityogenes hopkinsi","ASV_1207",3.06425060076712,0.002,0.0581834862385321,1,"Coleoptera","Curculionidae","Scolytinae","Pityogenes","Pityogenes hopkinsi","k__Fungi","p__Ascomycota","c__Dothideomycetes","o__Pleosporales","f__Lophiotremataceae","g__Atrocalyx",NA,"positive"
"Pityogenes hopkinsi","ASV_1337",4.54311466139511,0.002,0.0581834862385321,1,"Coleoptera","Curculionidae","Scolytinae","Pityogenes","Pityogenes hopkinsi","k__Fungi","p__Ascomycota","c__Dothideomycetes","o__Pleosporales","f__Pleomonodictydaceae","g__Pleomonodictys","s__descalsii","positive"
"Pityogenes hopkinsi","ASV_1494",3.97448815872369,0.002,0.0581834862385321,1,"Coleoptera","Curculionidae","Scolytinae","Pityogenes","Pityogenes hopkinsi","k__Fungi","p__Basidiomycota","c__Agaricomycetes","o__Polyporales","f__Polyporaceae","g__Trametes","s__gibbosa","positive"
"Pityogenes hopkinsi","ASV_1522",4.08794758996442,0.002,0.0581834862385321,1,"Coleoptera","Curculionidae","Scolytinae","Pityogenes","Pityogenes hopkinsi","k__Fungi","p__Ascomycota",NA,NA,NA,NA,NA,"positive"
"Pityogenes hopkinsi","ASV_1542",3.69461034436144,0.002,0.0581834862385321,1,"Coleoptera","Curculionidae","Scolytinae","Pityogenes","Pityogenes hopkinsi","k__Fungi","p__Basidiomycota","c__Cystobasidiomycetes","o__Cystobasidiomycetes_ord_Incertae_sedis","f__Symmetrosporaceae","g__Symmetrospora",NA,"positive"
"Pityogenes hopkinsi","ASV_1886",-2.75189683589689,0.002,0.0581834862385321,1,"Coleoptera","Curculionidae","Scolytinae","Pityogenes","Pityogenes hopkinsi","k__Fungi","p__Ascomycota","c__Eurotiomycetes","o__Chaetothyriales","f__Herpotrichiellaceae","g__Melanchlenus",NA,"negative"
"Pityogenes hopkinsi","ASV_2613",-2.50860734413086,0.002,0.0581834862385321,1,"Coleoptera","Curculionidae","Scolytinae","Pityogenes","Pityogenes hopkinsi","k__Fungi","p__Ascomycota","c__Dothideomycetes","o__Pleosporales","f__Cucurbitariaceae","g__Parafenestella","s__salicis","negative"
"Pityogenes hopkinsi","ASV_2687",-2.93959570565223,0.002,0.0581834862385321,1,"Coleoptera","Curculionidae","Scolytinae","Pityogenes","Pityogenes hopkinsi","k__Fungi","p__Basidiomycota","c__Tremellomycetes","o__Tremellales","f__Trimorphomycetaceae","g__Trimorphomyces",NA,"negative"
"Pityogenes hopkinsi","ASV_2746",2.78883487213431,0.002,0.0581834862385321,1,"Coleoptera","Curculionidae","Scolytinae","Pityogenes","Pityogenes hopkinsi","k__Fungi","p__Basidiomycota","c__Exobasidiomycetes","o__Exobasidiales","f__Exobasidiaceae","g__Exobasidium",NA,"positive"
"Pityogenes hopkinsi","ASV_3108",3.19528565555689,0.002,0.0581834862385321,1,"Coleoptera","Curculionidae","Scolytinae","Pityogenes","Pityogenes hopkinsi","k__Fungi","p__Basidiomycota","c__Agaricomycetes","o__Polyporales","f__Phanerochaetaceae","g__Bjerkandera","s__adusta","positive"
"Pityogenes hopkinsi","ASV_3546",-3.32144955192756,0.002,0.0581834862385321,1,"Coleoptera","Curculionidae","Scolytinae","Pityogenes","Pityogenes hopkinsi","k__Fungi","p__Ascomycota","c__Dothideomycetes","o__Pleosporales","f__Didymosphaeriaceae","g__Letendraea",NA,"negative"
"Pityogenes hopkinsi","ASV_3651",3.01353002798865,0.002,0.0581834862385321,1,"Coleoptera","Curculionidae","Scolytinae","Pityogenes","Pityogenes hopkinsi","k__Fungi","p__Ascomycota","c__Eurotiomycetes","o__Verrucariales","f__Verrucariaceae","g__Verrucariaceae_gen_Incertae_sedis",NA,"positive"
"Pityogenes hopkinsi","ASV_3713",3.25382175995808,0.002,0.0581834862385321,1,"Coleoptera","Curculionidae","Scolytinae","Pityogenes","Pityogenes hopkinsi","k__Fungi","p__Ascomycota","c__Sordariomycetes","o__Calosphaeriales","f__Calosphaeriaceae","g__Jattaea",NA,"positive"
"Pityogenes hopkinsi","ASV_4432",3.13076387212798,0.002,0.0581834862385321,1,"Coleoptera","Curculionidae","Scolytinae","Pityogenes","Pityogenes hopkinsi","k__Fungi","p__Ascomycota","c__Sordariomycetes","o__Diaporthales","f__Valsaceae","g__Cytospora",NA,"positive"
"Pityogenes hopkinsi","ASV_5162",-3.33707699872377,0.002,0.0581834862385321,1,"Coleoptera","Curculionidae","Scolytinae","Pityogenes","Pityogenes hopkinsi","k__Fungi","p__Ascomycota","c__Sordariomycetes","o__Ophiostomatales","f__Ophiostomataceae","g__Sporothrix",NA,"negative"
"Pityogenes hopkinsi","ASV_5213",-3.0762352882625,0.002,0.0581834862385321,1,"Coleoptera","Curculionidae","Scolytinae","Pityogenes","Pityogenes hopkinsi","k__Fungi","p__Ascomycota","c__Sordariomycetes","o__Xylariales","f__Graphostromataceae","g__Biscogniauxia",NA,"negative"
"Pityogenes hopkinsi","ASV_5297",-3.25691566098031,0.002,0.0581834862385321,1,"Coleoptera","Curculionidae","Scolytinae","Pityogenes","Pityogenes hopkinsi","k__Fungi","p__Ascomycota",NA,NA,NA,NA,NA,"negative"
"Pityogenes hopkinsi","ASV_5719",-2.97076382204329,0.002,0.0581834862385321,1,"Coleoptera","Curculionidae","Scolytinae","Pityogenes","Pityogenes hopkinsi","k__Fungi","p__Basidiomycota","c__Tremellomycetes","o__Tremellales","f__Cuniculitremaceae","g__Fellomyces","s__horovitziae","negative"
"Pityogenes hopkinsi","ASV_5826",-2.56161176997445,0.002,0.0581834862385321,1,"Coleoptera","Curculionidae","Scolytinae","Pityogenes","Pityogenes hopkinsi","k__Fungi","p__Ascomycota","c__Dothideomycetes","o__Pleosporales","f__Didymosphaeriaceae","g__Paracamarosporium",NA,"negative"
"Pityogenes hopkinsi","ASV_6163",-1.97852947710058,0.002,0.0581834862385321,1,"Coleoptera","Curculionidae","Scolytinae","Pityogenes","Pityogenes hopkinsi","k__Fungi","p__Ascomycota","c__Dothideomycetes","o__Botryosphaeriales","f__Melanopsaceae","g__Melanops","s__fagicola","negative"
"Pityogenes hopkinsi","ASV_6210",-2.76378156646745,0.002,0.0581834862385321,1,"Coleoptera","Curculionidae","Scolytinae","Pityogenes","Pityogenes hopkinsi","k__Fungi","p__Ascomycota","c__Eurotiomycetes","o__Chaetothyriales","f__Herpotrichiellaceae","g__Nadsoniella","s__nigra","negative"
"Pityogenes hopkinsi","ASV_6349",3.2538580542729,0.002,0.0581834862385321,1,"Coleoptera","Curculionidae","Scolytinae","Pityogenes","Pityogenes hopkinsi","k__Fungi","p__Ascomycota","c__Sordariomycetes","o__Diaporthales","f__Melanconiellaceae","g__Microascospora",NA,"positive"
"Pityogenes hopkinsi","ASV_6388",-3.85113578774203,0.002,0.0581834862385321,1,"Coleoptera","Curculionidae","Scolytinae","Pityogenes","Pityogenes hopkinsi","k__Fungi","p__Ascomycota","c__Dothideomycetes","o__Pleosporales","f__Didymellaceae","g__Phoma","s__laundoniae","negative"
"Pityogenes hopkinsi","ASV_6464",-2.10144448467196,0.002,0.0581834862385321,1,"Coleoptera","Curculionidae","Scolytinae","Pityogenes","Pityogenes hopkinsi","k__Fungi","p__Ascomycota",NA,NA,NA,NA,NA,"negative"
"Pityogenes hopkinsi","ASV_6661",-3.47132982322817,0.002,0.0581834862385321,1,"Coleoptera","Curculionidae","Scolytinae","Pityogenes","Pityogenes hopkinsi","k__Fungi","p__Basidiomycota","c__Agaricomycetes","o__Russulales","f__Peniophoraceae","g__Peniophora","s__cinerea","negative"
"Pityogenes hopkinsi","ASV_7704",-3.38548801050375,0.002,0.0581834862385321,1,"Coleoptera","Curculionidae","Scolytinae","Pityogenes","Pityogenes hopkinsi","k__Fungi","p__Ascomycota","c__Eurotiomycetes","o__Chaetothyriales","f__Herpotrichiellaceae","g__Rhinocladiella","s__quercus","negative"
"Pityogenes hopkinsi","ASV_7712",-3.08022428014223,0.002,0.0581834862385321,1,"Coleoptera","Curculionidae","Scolytinae","Pityogenes","Pityogenes hopkinsi","k__Fungi","p__Basidiomycota","c__Tremellomycetes","o__Tremellales","f__Carcinomycetaceae","g__Carcinomycetaceae_gen_Incertae_sedis",NA,"negative"
"Pityogenes hopkinsi","ASV_7916",-2.34013597400474,0.002,0.0581834862385321,1,"Coleoptera","Curculionidae","Scolytinae","Pityogenes","Pityogenes hopkinsi","k__Fungi","p__Ascomycota",NA,NA,NA,NA,NA,"negative"
"Pityogenes hopkinsi","ASV_7926",-3.48650515661295,0.002,0.0581834862385321,1,"Coleoptera","Curculionidae","Scolytinae","Pityogenes","Pityogenes hopkinsi","k__Fungi","p__Basidiomycota","c__Agaricomycetes","o__Polyporales","f__Fomitopsidaceae","g__Brunneoporus","s__cyclopis","negative"
"Pityogenes hopkinsi","ASV_8239",4.89060365592151,0.002,0.0581834862385321,1,"Coleoptera","Curculionidae","Scolytinae","Pityogenes","Pityogenes hopkinsi","k__Fungi","p__Ascomycota","c__Sordariomycetes","o__Sordariomycetes_ord_Incertae_sedis","f__Sordariomycetes_fam_Incertae_sedis","g__Rhamphoria","s__pyriformis","positive"
"Pityogenes hopkinsi","ASV_8415",4.58932545228065,0.002,0.0581834862385321,1,"Coleoptera","Curculionidae","Scolytinae","Pityogenes","Pityogenes hopkinsi","k__Fungi","p__Ascomycota","c__Sordariomycetes","o__Coronophorales","f__Scortechiniaceae","g__Yuxiensis","s__granularis","positive"
"Pityogenes hopkinsi","ASV_8639",-4.52707920265402,0.002,0.0581834862385321,1,"Coleoptera","Curculionidae","Scolytinae","Pityogenes","Pityogenes hopkinsi","k__Fungi","p__Ascomycota","c__Dothideomycetes","o__Pleosporales","f__Lophiotremataceae","g__Lophiotrema","s__nucula","negative"
"Pityogenes hopkinsi","ASV_8780",-3.29200578619371,0.002,0.0581834862385321,1,"Coleoptera","Curculionidae","Scolytinae","Pityogenes","Pityogenes hopkinsi","k__Fungi","p__Basidiomycota","c__Agaricomycetes","o__Polyporales","f__Ganodermataceae","g__Ganoderma",NA,"negative"
"Pityogenes hopkinsi","ASV_9039",-3.38154850734678,0.002,0.0581834862385321,1,"Coleoptera","Curculionidae","Scolytinae","Pityogenes","Pityogenes hopkinsi","k__Fungi","p__Mucoromycota","c__Mucoromycetes","o__Mucorales","f__Mucoraceae","g__Mucor","s__hiemalis","negative"
"Pityogenes hopkinsi","ASV_9146",3.26459174827796,0.002,0.0581834862385321,1,"Coleoptera","Curculionidae","Scolytinae","Pityogenes","Pityogenes hopkinsi","k__Fungi","p__Ascomycota","c__Sordariomycetes","o__Sordariomycetes_ord_Incertae_sedis","f__Sordariomycetes_fam_Incertae_sedis","g__Rhamphoria","s__pyriformis","positive"
"Pityogenes hopkinsi","ASV_9934",-2.80471910579596,0.002,0.0581834862385321,1,"Coleoptera","Curculionidae","Scolytinae","Pityogenes","Pityogenes hopkinsi","k__Fungi","p__Basidiomycota","c__Exobasidiomycetes","o__Microstromatales","f__Microstromataceae","g__Microstroma",NA,"negative"
"Pityogenes hopkinsi","ASV_10083",3.3341539156865,0.002,0.0581834862385321,1,"Coleoptera","Curculionidae","Scolytinae","Pityogenes","Pityogenes hopkinsi","k__Fungi","p__Basidiomycota","c__Agaricomycetes","o__Hymenochaetales","f__Tubulicrinaceae","g__Tubulicrinis","s__accedens","positive"
"Pityogenes hopkinsi","ASV_10164",-3.45922435632337,0.002,0.0581834862385321,1,"Coleoptera","Curculionidae","Scolytinae","Pityogenes","Pityogenes hopkinsi","k__Fungi","p__Ascomycota","c__Leotiomycetes","o__Helotiales","f__Helotiaceae","g__Claussenomyces","s__kirschsteinianus","negative"
"Pityogenes hopkinsi","ASV_10210",-3.24518988077855,0.002,0.0581834862385321,1,"Coleoptera","Curculionidae","Scolytinae","Pityogenes","Pityogenes hopkinsi","k__Fungi","p__Ascomycota","c__Dothideomycetes","o__Pleosporales","f__Cucurbitariaceae","g__Neocucurbitaria",NA,"negative"
"Pityogenes hopkinsi","ASV_10396",-3.78753998991682,0.002,0.0581834862385321,1,"Coleoptera","Curculionidae","Scolytinae","Pityogenes","Pityogenes hopkinsi","k__Fungi","p__Ascomycota","c__Saccharomycetes","o__Saccharomycetales","f__Saccharomycetaceae","g__Ogataea","s__populi-albae","negative"
"Pityogenes hopkinsi","ASV_10591",-2.80504137776957,0.002,0.0581834862385321,1,"Coleoptera","Curculionidae","Scolytinae","Pityogenes","Pityogenes hopkinsi","k__Fungi","p__Basidiomycota","c__Tremellomycetes","o__Tremellales","f__Bulleribasidiaceae","g__Vishniacozyma","s__taibaiensis","negative"
"Pityogenes hopkinsi","ASV_10729",-2.85537500942088,0.002,0.0581834862385321,1,"Coleoptera","Curculionidae","Scolytinae","Pityogenes","Pityogenes hopkinsi","k__Fungi","p__Ascomycota","c__Sordariomycetes","o__Diaporthales","f__Valsaceae","g__Cytospora",NA,"negative"
"Pityogenes hopkinsi","ASV_10890",-3.22096584249647,0.002,0.0581834862385321,1,"Coleoptera","Curculionidae","Scolytinae","Pityogenes","Pityogenes hopkinsi","k__Fungi","p__Basidiomycota","c__Agaricomycetes","o__Polyporales","f__Meruliaceae","g__Scopuloides","s__hydnoides","negative"
"Pityogenes hopkinsi","ASV_11167",-3.11228242289094,0.002,0.0581834862385321,1,"Coleoptera","Curculionidae","Scolytinae","Pityogenes","Pityogenes hopkinsi","k__Fungi","p__Basidiomycota","c__Exobasidiomycetes","o__Microstromatales","f__Microstromatales_fam_Incertae_sedis","g__Pseudomicrostroma",NA,"negative"
"Pityogenes hopkinsi","ASV_11176",-3.37961053431984,0.002,0.0581834862385321,1,"Coleoptera","Curculionidae","Scolytinae","Pityogenes","Pityogenes hopkinsi","k__Fungi","p__Ascomycota","c__Dothideomycetes","o__Pleosporales","f__Cucurbitariaceae","g__Neocucurbitaria","s__populi","negative"
"Pityogenes hopkinsi","ASV_11976",5.55400854030298,0.002,0.0581834862385321,1,"Coleoptera","Curculionidae","Scolytinae","Pityogenes","Pityogenes hopkinsi","k__Fungi",NA,NA,NA,NA,NA,NA,"positive"
"Pityogenes hopkinsi","ASV_12447",-3.19014949283842,0.002,0.0581834862385321,1,"Coleoptera","Curculionidae","Scolytinae","Pityogenes","Pityogenes hopkinsi","k__Fungi","p__Ascomycota","c__Eurotiomycetes","o__Chaetothyriales","f__Herpotrichiellaceae","g__Exophiala","s__moniliae","negative"
"Pityogenes hopkinsi","ASV_13402",-2.59541560838239,0.002,0.0581834862385321,1,"Coleoptera","Curculionidae","Scolytinae","Pityogenes","Pityogenes hopkinsi","k__Fungi","p__Ascomycota","c__Saccharomycetes","o__Saccharomycetales","f__Lipomycetaceae","g__Myxozyma",NA,"negative"
"Pityogenes hopkinsi","ASV_13666",-2.72702873136449,0.002,0.0581834862385321,1,"Coleoptera","Curculionidae","Scolytinae","Pityogenes","Pityogenes hopkinsi","k__Fungi","p__Basidiomycota","c__Agaricostilbomycetes","o__Agaricostilbales",NA,NA,NA,"negative"
"Pityogenes hopkinsi","ASV_13669",-3.86112048678737,0.002,0.0581834862385321,1,"Coleoptera","Curculionidae","Scolytinae","Pityogenes","Pityogenes hopkinsi","k__Fungi","p__Ascomycota","c__Dothideomycetes","o__Pleosporales","f__Phaeosphaeriaceae","g__Leptospora","s__rubella","negative"
"Pityogenes hopkinsi","ASV_15002",-2.52169329604968,0.002,0.0581834862385321,1,"Coleoptera","Curculionidae","Scolytinae","Pityogenes","Pityogenes hopkinsi","k__Fungi","p__Basidiomycota","c__Agaricomycetes","o__Polyporales","f__Meripilaceae","g__Meripilaceae_gen_Incertae_sedis",NA,"negative"
"Pityogenes hopkinsi","ASV_15958",-3.25252017979485,0.002,0.0581834862385321,1,"Coleoptera","Curculionidae","Scolytinae","Pityogenes","Pityogenes hopkinsi","k__Fungi","p__Ascomycota","c__Eurotiomycetes","o__Chaetothyriales","f__Trichomeriaceae","g__Trichomerium",NA,"negative"
"Pityogenes hopkinsi","ASV_17321",-2.86543091216836,0.002,0.0581834862385321,1,"Coleoptera","Curculionidae","Scolytinae","Pityogenes","Pityogenes hopkinsi","k__Fungi","p__Ascomycota","c__Leotiomycetes","o__Helotiales","f__Helotiales_fam_Incertae_sedis","g__Cryptocline","s__arctostaphyli","negative"
"Pityogenes hopkinsi","ASV_17709",-3.45681031758969,0.002,0.0581834862385321,1,"Coleoptera","Curculionidae","Scolytinae","Pityogenes","Pityogenes hopkinsi","k__Fungi","p__Ascomycota","c__Eurotiomycetes","o__Eurotiales","f__Aspergillaceae","g__Penicillium","s__catalonicum","negative"
"Pityogenes hopkinsi","ASV_17965",-2.58036978892384,0.002,0.0581834862385321,1,"Coleoptera","Curculionidae","Scolytinae","Pityogenes","Pityogenes hopkinsi","k__Fungi","p__Ascomycota","c__Dothideomycetes",NA,NA,NA,NA,"negative"
"Pityogenes hopkinsi","ASV_18369",-2.79916236604605,0.002,0.0581834862385321,1,"Coleoptera","Curculionidae","Scolytinae","Pityogenes","Pityogenes hopkinsi","k__Fungi","p__Ascomycota","c__Dothideomycetes","o__Dothideales","f__Dothioraceae","g__Dothiora",NA,"negative"
"Pityogenes hopkinsi","ASV_20592",-2.90913380969765,0.002,0.0581834862385321,1,"Coleoptera","Curculionidae","Scolytinae","Pityogenes","Pityogenes hopkinsi","k__Fungi","p__Basidiomycota","c__Agaricomycetes","o__Agaricales","f__Psathyrellaceae","g__Psathyrella","s__typhae","negative"
"Pityogenes hopkinsi","ASV_21247",-2.52766784765908,0.002,0.0581834862385321,1,"Coleoptera","Curculionidae","Scolytinae","Pityogenes","Pityogenes hopkinsi","k__Fungi","p__Ascomycota","c__Sordariomycetes","o__Hypocreales","f__Hypocreaceae","g__Trichoderma","s__minutisporum","negative"
"Pityogenes hopkinsi","ASV_21764",-2.74840863020937,0.002,0.0581834862385321,1,"Coleoptera","Curculionidae","Scolytinae","Pityogenes","Pityogenes hopkinsi","k__Fungi","p__Basidiomycota","c__Tremellomycetes","o__Tremellales","f__Bulleribasidiaceae","g__Vishniacozyma","s__victoriae","negative"
"Pityogenes hopkinsi","ASV_22864",-2.81453805465383,0.002,0.0581834862385321,1,"Coleoptera","Curculionidae","Scolytinae","Pityogenes","Pityogenes hopkinsi","k__Fungi","p__Ascomycota","c__Leotiomycetes","o__Helotiales","f__Helotiales_fam_Incertae_sedis","g__Cryptocline","s__arctostaphyli","negative"
"Pityogenes hopkinsi","ASV_23817",-3.69957933427593,0.002,0.0581834862385321,1,"Coleoptera","Curculionidae","Scolytinae","Pityogenes","Pityogenes hopkinsi","k__Fungi","p__Ascomycota",NA,NA,NA,NA,NA,"negative"
"Pityogenes hopkinsi","ASV_24283",-2.70640591201116,0.002,0.0581834862385321,1,"Coleoptera","Curculionidae","Scolytinae","Pityogenes","Pityogenes hopkinsi","k__Fungi","p__Ascomycota","c__Dothideomycetes","o__Dothideales","f__Dothioraceae","g__Dothiora",NA,"negative"
"Pityogenes hopkinsi","ASV_25814",-3.23580066686611,0.002,0.0581834862385321,1,"Coleoptera","Curculionidae","Scolytinae","Pityogenes","Pityogenes hopkinsi","k__Fungi","p__Ascomycota","c__Dothideomycetes","o__Dothideales",NA,NA,NA,"negative"
"Pityogenes hopkinsi","ASV_26853",-3.13608266238569,0.002,0.0581834862385321,1,"Coleoptera","Curculionidae","Scolytinae","Pityogenes","Pityogenes hopkinsi","k__Fungi","p__Ascomycota","c__Dothideomycetes","o__Mycosphaerellales","f__Mycosphaerellaceae","g__Acrodontium","s__neolitseae","negative"
"Pityogenes hopkinsi","ASV_27074",-3.25060778962687,0.002,0.0581834862385321,1,"Coleoptera","Curculionidae","Scolytinae","Pityogenes","Pityogenes hopkinsi","k__Fungi","p__Basidiomycota","c__Agaricomycetes","o__Polyporales","f__Meruliaceae","g__Scopuloides","s__hydnoides","negative"
"Pityogenes hopkinsi","ASV_28447",-3.09083176915517,0.002,0.0581834862385321,1,"Coleoptera","Curculionidae","Scolytinae","Pityogenes","Pityogenes hopkinsi","k__Fungi","p__Ascomycota","c__Dothideomycetes","o__Dothideales","f__Saccotheciaceae","g__Aureobasidium","s__pullulans","negative"
"Pityogenes hopkinsi","ASV_29425",-3.37703251358119,0.002,0.0581834862385321,1,"Coleoptera","Curculionidae","Scolytinae","Pityogenes","Pityogenes hopkinsi","k__Fungi","p__Ascomycota","c__Leotiomycetes","o__Helotiales","f__Mollisiaceae","g__Mollisia","s__asteliae","negative"
"Pityogenes hopkinsi","ASV_355",3.20842703050878,0.003,0.0691854545454545,1,"Coleoptera","Curculionidae","Scolytinae","Pityogenes","Pityogenes hopkinsi","k__Fungi","p__Ascomycota","c__Dothideomycetes","o__Pleosporales","f__Cucurbitariaceae","g__Neocucurbitaria","s__populi","positive"
"Pityogenes hopkinsi","ASV_406",3.17395934368714,0.003,0.0691854545454545,1,"Coleoptera","Curculionidae","Scolytinae","Pityogenes","Pityogenes hopkinsi","k__Fungi","p__Ascomycota","c__Sordariomycetes","o__Diaporthales","f__Valsaceae","g__Cytospora","s__beilinensis","positive"
"Pityogenes hopkinsi","ASV_550",2.72260852328965,0.003,0.0691854545454545,1,"Coleoptera","Curculionidae","Scolytinae","Pityogenes","Pityogenes hopkinsi","k__Fungi","p__Ascomycota","c__Sordariomycetes","o__Diaporthales","f__Cryphonectriaceae","g__Cryphonectriaceae_gen_Incertae_sedis",NA,"positive"
"Pityogenes hopkinsi","ASV_665",3.02091761968858,0.003,0.0691854545454545,1,"Coleoptera","Curculionidae","Scolytinae","Pityogenes","Pityogenes hopkinsi","k__Fungi","p__Basidiomycota","c__Agaricomycetes","o__Polyporales","f__Fomitopsidaceae","g__Piptoporus","s__betulinus","positive"
"Pityogenes hopkinsi","ASV_1024",2.71321945217572,0.003,0.0691854545454545,1,"Coleoptera","Curculionidae","Scolytinae","Pityogenes","Pityogenes hopkinsi","k__Fungi","p__Basidiomycota","c__Agaricomycetes","o__Polyporales","f__Polyporaceae","g__Trametes",NA,"positive"
"Pityogenes hopkinsi","ASV_1186",2.89765389661143,0.003,0.0691854545454545,1,"Coleoptera","Curculionidae","Scolytinae","Pityogenes","Pityogenes hopkinsi","k__Fungi","p__Ascomycota","c__Sordariomycetes","o__Xylariales","f__Diatrypaceae","g__Diatrype","s__stigma","positive"
"Pityogenes hopkinsi","ASV_1222",4.17818042524466,0.003,0.0691854545454545,1,"Coleoptera","Curculionidae","Scolytinae","Pityogenes","Pityogenes hopkinsi","k__Fungi","p__Ascomycota","c__Leotiomycetes","o__Rhytismatales","f__Rhytismataceae","g__Lophodermium","s__macci","positive"
"Pityogenes hopkinsi","ASV_1475",3.10377946545998,0.003,0.0691854545454545,1,"Coleoptera","Curculionidae","Scolytinae","Pityogenes","Pityogenes hopkinsi","k__Fungi","p__Ascomycota","c__Sordariomycetes","o__Hypocreales","f__Nectriaceae","g__Thyronectria",NA,"positive"
"Pityogenes hopkinsi","ASV_1563",2.86095322028236,0.003,0.0691854545454545,1,"Coleoptera","Curculionidae","Scolytinae","Pityogenes","Pityogenes hopkinsi","k__Fungi","p__Ascomycota","c__Sordariomycetes","o__Calosphaeriales","f__Calosphaeriaceae","g__Jattaea",NA,"positive"
"Pityogenes hopkinsi","ASV_1590",-2.94022128179507,0.003,0.0691854545454545,1,"Coleoptera","Curculionidae","Scolytinae","Pityogenes","Pityogenes hopkinsi","k__Fungi","p__Ascomycota","c__Dothideomycetes","o__Mycosphaerellales","f__Teratosphaeriaceae","g__Teratosphaeria","s__agapanthi","negative"
"Pityogenes hopkinsi","ASV_1853",3.24947089432046,0.003,0.0691854545454545,1,"Coleoptera","Curculionidae","Scolytinae","Pityogenes","Pityogenes hopkinsi","k__Fungi","p__Ascomycota","c__Dothideomycetes","o__Pleosporales","f__Cucurbitariaceae","g__Pyrenochaetopsis","s__microspora","positive"
"Pityogenes hopkinsi","ASV_1912",2.76550261193399,0.003,0.0691854545454545,1,"Coleoptera","Curculionidae","Scolytinae","Pityogenes","Pityogenes hopkinsi","k__Fungi",NA,NA,NA,NA,NA,NA,"positive"
"Pityogenes hopkinsi","ASV_2075",-2.91096726693277,0.003,0.0691854545454545,1,"Coleoptera","Curculionidae","Scolytinae","Pityogenes","Pityogenes hopkinsi","k__Fungi","p__Ascomycota","c__Saccharomycetes","o__Saccharomycetales","f__Phaffomycetaceae","g__Wickerhamomyces","s__alni","negative"
"Pityogenes hopkinsi","ASV_2450",3.93792283145491,0.003,0.0691854545454545,1,"Coleoptera","Curculionidae","Scolytinae","Pityogenes","Pityogenes hopkinsi","k__Fungi","p__Basidiomycota","c__Agaricomycetes","o__Auriculariales","f__Exidiaceae","g__Exidia",NA,"positive"
"Pityogenes hopkinsi","ASV_3163",-3.03782893426014,0.003,0.0691854545454545,1,"Coleoptera","Curculionidae","Scolytinae","Pityogenes","Pityogenes hopkinsi","k__Fungi","p__Basidiomycota","c__Cystobasidiomycetes","o__Cystobasidiales","f__Cystobasidiaceae","g__Cystobasidium",NA,"negative"
"Pityogenes hopkinsi","ASV_3702",3.78608631962227,0.003,0.0691854545454545,1,"Coleoptera","Curculionidae","Scolytinae","Pityogenes","Pityogenes hopkinsi","k__Fungi","p__Basidiomycota","c__Tremellomycetes","o__Tremellales","f__Tremellaceae","g__Sirotrema","s__translucens","positive"
"Pityogenes hopkinsi","ASV_4537",-2.47570494818337,0.003,0.0691854545454545,1,"Coleoptera","Curculionidae","Scolytinae","Pityogenes","Pityogenes hopkinsi","k__Fungi","p__Ascomycota","c__Dothideomycetes","o__Capnodiales","f__Neoantennariellaceae","g__Cippumomyces","s__mortalis","negative"
"Pityogenes hopkinsi","ASV_4832",-2.21365805979207,0.003,0.0691854545454545,1,"Coleoptera","Curculionidae","Scolytinae","Pityogenes","Pityogenes hopkinsi","k__Fungi","p__Ascomycota","c__Dothideomycetes","o__Dothideales","f__Saccotheciaceae","g__Aureobasidium","s__pullulans","negative"
"Pityogenes hopkinsi","ASV_4937",4.77274791991653,0.003,0.0691854545454545,1,"Coleoptera","Curculionidae","Scolytinae","Pityogenes","Pityogenes hopkinsi","k__Fungi","p__Basidiomycota","c__Agaricomycetes","o__Russulales","f__Stereaceae","g__Stereum","s__sanguinolentum","positive"
"Pityogenes hopkinsi","ASV_5022",-2.68342214358112,0.003,0.0691854545454545,1,"Coleoptera","Curculionidae","Scolytinae","Pityogenes","Pityogenes hopkinsi","k__Fungi","p__Ascomycota","c__Sordariomycetes","o__Xylariales","f__Xylariaceae","g__Virgaria","s__nigra","negative"
"Pityogenes hopkinsi","ASV_5102",-2.57823254041755,0.003,0.0691854545454545,1,"Coleoptera","Curculionidae","Scolytinae","Pityogenes","Pityogenes hopkinsi","k__Fungi","p__Ascomycota","c__Dothideomycetes","o__Capnodiales","f__Neoantennariellaceae","g__Cippumomyces","s__mortalis","negative"
"Pityogenes hopkinsi","ASV_5304",-3.23950044710156,0.003,0.0691854545454545,1,"Coleoptera","Curculionidae","Scolytinae","Pityogenes","Pityogenes hopkinsi","k__Fungi","p__Ascomycota","c__Sordariomycetes","o__Sordariomycetes_ord_Incertae_sedis","f__Sordariomycetes_fam_Incertae_sedis","g__Rhamphoria","s__pyriformis","negative"
"Pityogenes hopkinsi","ASV_5503",2.87326178039161,0.003,0.0691854545454545,1,"Coleoptera","Curculionidae","Scolytinae","Pityogenes","Pityogenes hopkinsi","k__Fungi","p__Ascomycota","c__Lecanoromycetes","o__Lecanorales","f__Lecanoraceae","g__Lecidella","s__albida","positive"
"Pityogenes hopkinsi","ASV_5727",-3.81160468574033,0.003,0.0691854545454545,1,"Coleoptera","Curculionidae","Scolytinae","Pityogenes","Pityogenes hopkinsi","k__Fungi","p__Ascomycota","c__Dothideomycetes","o__Pleosporales","f__Cucurbitariaceae","g__Allocucurbitaria","s__botulispora","negative"
"Pityogenes hopkinsi","ASV_5967",-2.62442050854329,0.003,0.0691854545454545,1,"Coleoptera","Curculionidae","Scolytinae","Pityogenes","Pityogenes hopkinsi","k__Fungi","p__Basidiomycota","c__Agaricomycetes","o__Polyporales","f__Phanerochaetaceae","g__Phanerochaete","s__sordida","negative"
"Pityogenes hopkinsi","ASV_6245",-2.92259420946084,0.003,0.0691854545454545,1,"Coleoptera","Curculionidae","Scolytinae","Pityogenes","Pityogenes hopkinsi","k__Fungi","p__Ascomycota",NA,NA,NA,NA,NA,"negative"
"Pityogenes hopkinsi","ASV_6362",-3.13030515047022,0.003,0.0691854545454545,1,"Coleoptera","Curculionidae","Scolytinae","Pityogenes","Pityogenes hopkinsi","k__Fungi","p__Ascomycota","c__Dothideomycetes","o__Pleosporales","f__Cucurbitariaceae","g__Pyrenochaetopsis","s__microspora","negative"
"Pityogenes hopkinsi","ASV_6453",2.91849545237614,0.003,0.0691854545454545,1,"Coleoptera","Curculionidae","Scolytinae","Pityogenes","Pityogenes hopkinsi","k__Fungi","p__Ascomycota","c__Dothideomycetes","o__Pleosporales","f__Lophiostomataceae","g__Lophiostomataceae_gen_Incertae_sedis",NA,"positive"
"Pityogenes hopkinsi","ASV_7099",-3.03319530044131,0.003,0.0691854545454545,1,"Coleoptera","Curculionidae","Scolytinae","Pityogenes","Pityogenes hopkinsi","k__Fungi","p__Ascomycota",NA,NA,NA,NA,NA,"negative"
"Pityogenes hopkinsi","ASV_7449",-3.36420392659994,0.003,0.0691854545454545,1,"Coleoptera","Curculionidae","Scolytinae","Pityogenes","Pityogenes hopkinsi","k__Fungi","p__Ascomycota","c__Dothideomycetes","o__Mycosphaerellales","f__Teratosphaeriaceae",NA,NA,"negative"
"Pityogenes hopkinsi","ASV_8465",-2.8179862624442,0.003,0.0691854545454545,1,"Coleoptera","Curculionidae","Scolytinae","Pityogenes","Pityogenes hopkinsi","k__Fungi",NA,NA,NA,NA,NA,NA,"negative"
"Pityogenes hopkinsi","ASV_8474",-2.82082893895875,0.003,0.0691854545454545,1,"Coleoptera","Curculionidae","Scolytinae","Pityogenes","Pityogenes hopkinsi","k__Fungi",NA,NA,NA,NA,NA,NA,"negative"
"Pityogenes hopkinsi","ASV_9241",-2.27832528389885,0.003,0.0691854545454545,1,"Coleoptera","Curculionidae","Scolytinae","Pityogenes","Pityogenes hopkinsi","k__Fungi","p__Ascomycota","c__Eurotiomycetes","o__Chaetothyriales","f__Chaetothyriaceae","g__Camptophora","s__hylomeconis","negative"
"Pityogenes hopkinsi","ASV_9311",-2.86856890736958,0.003,0.0691854545454545,1,"Coleoptera","Curculionidae","Scolytinae","Pityogenes","Pityogenes hopkinsi","k__Fungi","p__Ascomycota","c__Dothideomycetes","o__Dothideales","f__Dothideales_fam_Incertae_sedis","g__Dothideales_gen_Incertae_sedis",NA,"negative"
"Pityogenes hopkinsi","ASV_10442",-3.06438081836192,0.003,0.0691854545454545,1,"Coleoptera","Curculionidae","Scolytinae","Pityogenes","Pityogenes hopkinsi","k__Fungi","p__Basidiomycota","c__Agaricomycetes","o__Agaricales","f__Pleurotaceae","g__Hohenbuehelia",NA,"negative"
"Pityogenes hopkinsi","ASV_10925",-3.20641209713281,0.003,0.0691854545454545,1,"Coleoptera","Curculionidae","Scolytinae","Pityogenes","Pityogenes hopkinsi","k__Fungi","p__Ascomycota",NA,NA,NA,NA,NA,"negative"
"Pityogenes hopkinsi","ASV_11483",-4.06485431408069,0.003,0.0691854545454545,1,"Coleoptera","Curculionidae","Scolytinae","Pityogenes","Pityogenes hopkinsi","k__Fungi","p__Ascomycota","c__Leotiomycetes","o__Helotiales","f__Tympanidaceae","g__Tympanis",NA,"negative"
"Pityogenes hopkinsi","ASV_11720",-3.17722365426956,0.003,0.0691854545454545,1,"Coleoptera","Curculionidae","Scolytinae","Pityogenes","Pityogenes hopkinsi","k__Fungi","p__Basidiomycota","c__Agaricostilbomycetes","o__Agaricostilbales","f__Jianyuniaceae","g__Jianyunia",NA,"negative"
"Pityogenes hopkinsi","ASV_12516",-2.39947812688224,0.003,0.0691854545454545,1,"Coleoptera","Curculionidae","Scolytinae","Pityogenes","Pityogenes hopkinsi","k__Fungi","p__Basidiomycota","c__Exobasidiomycetes","o__Microstromatales","f__Microstromatales_fam_Incertae_sedis","g__Pseudomicrostroma",NA,"negative"
"Pityogenes hopkinsi","ASV_12835",-3.04847265115969,0.003,0.0691854545454545,1,"Coleoptera","Curculionidae","Scolytinae","Pityogenes","Pityogenes hopkinsi","k__Fungi",NA,NA,NA,NA,NA,NA,"negative"
"Pityogenes hopkinsi","ASV_13213",-2.62531685581116,0.003,0.0691854545454545,1,"Coleoptera","Curculionidae","Scolytinae","Pityogenes","Pityogenes hopkinsi","k__Fungi","p__Basidiomycota","c__Microbotryomycetes","o__Microbotryomycetes_ord_Incertae_sedis","f__Colacogloeaceae",NA,NA,"negative"
"Pityogenes hopkinsi","ASV_13228",-2.46449842131266,0.003,0.0691854545454545,1,"Coleoptera","Curculionidae","Scolytinae","Pityogenes","Pityogenes hopkinsi","k__Fungi","p__Ascomycota","c__Eurotiomycetes","o__Chaetothyriales","f__Herpotrichiellaceae","g__Exophiala",NA,"negative"
"Pityogenes hopkinsi","ASV_13832",-2.97421196361874,0.003,0.0691854545454545,1,"Coleoptera","Curculionidae","Scolytinae","Pityogenes","Pityogenes hopkinsi","k__Fungi",NA,NA,NA,NA,NA,NA,"negative"
"Pityogenes hopkinsi","ASV_16233",-2.70916226193077,0.003,0.0691854545454545,1,"Coleoptera","Curculionidae","Scolytinae","Pityogenes","Pityogenes hopkinsi","k__Fungi","p__Basidiomycota","c__Agaricomycetes","o__Hymenochaetales","f__Tubulicrinaceae","g__Tubulicrinis","s__angustus","negative"
"Pityogenes hopkinsi","ASV_17717",-2.65134211153112,0.003,0.0691854545454545,1,"Coleoptera","Curculionidae","Scolytinae","Pityogenes","Pityogenes hopkinsi","k__Fungi","p__Basidiomycota","c__Tremellomycetes","o__Tremellales","f__Bulleribasidiaceae","g__Vishniacozyma","s__victoriae","negative"
"Pityogenes hopkinsi","ASV_19487",-4.29935094211831,0.003,0.0691854545454545,1,"Coleoptera","Curculionidae","Scolytinae","Pityogenes","Pityogenes hopkinsi","k__Fungi","p__Ascomycota","c__Eurotiomycetes","o__Chaetothyriales","f__Herpotrichiellaceae","g__Phialophora","s__phaeophora","negative"
"Pityogenes hopkinsi","ASV_20243",-2.82318349738306,0.003,0.0691854545454545,1,"Coleoptera","Curculionidae","Scolytinae","Pityogenes","Pityogenes hopkinsi","k__Fungi","p__Ascomycota","c__Sordariomycetes","o__Chaetosphaeriales","f__Chaetosphaeriaceae","g__Pyrigemmula","s__aurantiaca","negative"
"Pityogenes hopkinsi","ASV_20703",-2.72009349971991,0.003,0.0691854545454545,1,"Coleoptera","Curculionidae","Scolytinae","Pityogenes","Pityogenes hopkinsi","k__Fungi","p__Ascomycota","c__Eurotiomycetes","o__Chaetothyriales","f__Trichomeriaceae","g__Trichomerium","s__lapideum","negative"
"Pityogenes hopkinsi","ASV_21763",-2.44395301787634,0.003,0.0691854545454545,1,"Coleoptera","Curculionidae","Scolytinae","Pityogenes","Pityogenes hopkinsi","k__Fungi","p__Basidiomycota","c__Tremellomycetes","o__Tremellales","f__Bulleribasidiaceae","g__Vishniacozyma",NA,"negative"
"Pityogenes hopkinsi","ASV_22577",-3.04543504537705,0.003,0.0691854545454545,1,"Coleoptera","Curculionidae","Scolytinae","Pityogenes","Pityogenes hopkinsi","k__Fungi","p__Ascomycota","c__Dothideomycetes","o__Capnodiales","f__Cladosporiaceae","g__Rachicladosporium","s__cboliae","negative"
"Pityogenes hopkinsi","ASV_23277",-3.60910490294739,0.003,0.0691854545454545,1,"Coleoptera","Curculionidae","Scolytinae","Pityogenes","Pityogenes hopkinsi","k__Fungi","p__Ascomycota","c__Sordariomycetes","o__Hypocreales","f__Hypocreales_fam_Incertae_sedis","g__Acremonium","s__rutilum","negative"
"Pityogenes hopkinsi","ASV_23295",-3.00772414668519,0.003,0.0691854545454545,1,"Coleoptera","Curculionidae","Scolytinae","Pityogenes","Pityogenes hopkinsi","k__Fungi","p__Ascomycota","c__Lecanoromycetes","o__Ostropales","f__Spirographaceae","g__Spirographa","s__fusisporella","negative"
"Pityogenes hopkinsi","ASV_24620",-2.66273157545215,0.003,0.0691854545454545,1,"Coleoptera","Curculionidae","Scolytinae","Pityogenes","Pityogenes hopkinsi","k__Fungi","p__Ascomycota","c__Dothideomycetes","o__Dothideales","f__Saccotheciaceae","g__Aureobasidium",NA,"negative"
"Pityogenes hopkinsi","ASV_24675",-2.36012322124949,0.003,0.0691854545454545,1,"Coleoptera","Curculionidae","Scolytinae","Pityogenes","Pityogenes hopkinsi","k__Fungi","p__Ascomycota","c__Leotiomycetes","o__Helotiales","f__Helotiales_fam_Incertae_sedis","g__Cryptocline","s__arctostaphyli","negative"
"Pityogenes hopkinsi","ASV_25245",-3.52368760953439,0.003,0.0691854545454545,1,"Coleoptera","Curculionidae","Scolytinae","Pityogenes","Pityogenes hopkinsi","k__Fungi","p__Basidiomycota","c__Exobasidiomycetes","o__Microstromatales","f__Microstromatales_fam_Incertae_sedis","g__Pseudomicrostroma",NA,"negative"
"Pityogenes hopkinsi","ASV_26187",-2.99957933487653,0.003,0.0691854545454545,1,"Coleoptera","Curculionidae","Scolytinae","Pityogenes","Pityogenes hopkinsi","k__Fungi","p__Basidiomycota","c__Exobasidiomycetes","o__Microstromatales","f__Microstromataceae","g__Microstroma",NA,"negative"
"Pityogenes hopkinsi","ASV_27050",-2.74286092305384,0.003,0.0691854545454545,1,"Coleoptera","Curculionidae","Scolytinae","Pityogenes","Pityogenes hopkinsi","k__Fungi","p__Basidiomycota","c__Pucciniomycetes","o__Pucciniales","f__Melampsoraceae","g__Melampsora","s__epitea","negative"
"Pityogenes hopkinsi","ASV_85",2.98274333369341,0.004,0.0735304347826087,1,"Coleoptera","Curculionidae","Scolytinae","Pityogenes","Pityogenes hopkinsi","k__Fungi","p__Ascomycota","c__Sordariomycetes","o__Diaporthales","f__Valsaceae","g__Cytospora","s__beilinensis","positive"
"Pityogenes hopkinsi","ASV_150",3.33196262919561,0.004,0.0735304347826087,1,"Coleoptera","Curculionidae","Scolytinae","Pityogenes","Pityogenes hopkinsi","k__Fungi","p__Ascomycota","c__Dothideomycetes","o__Pleosporales","f__Nigrogranaceae","g__Nigrograna",NA,"positive"
"Pityogenes hopkinsi","ASV_571",2.94249834897399,0.004,0.0735304347826087,1,"Coleoptera","Curculionidae","Scolytinae","Pityogenes","Pityogenes hopkinsi","k__Fungi","p__Ascomycota","c__Dothideomycetes","o__Capnodiales",NA,NA,NA,"positive"
"Pityogenes hopkinsi","ASV_575",2.41823384505628,0.004,0.0735304347826087,1,"Coleoptera","Curculionidae","Scolytinae","Pityogenes","Pityogenes hopkinsi","k__Fungi","p__Ascomycota","c__Dothideomycetes","o__Pleosporales",NA,NA,NA,"positive"
"Pityogenes hopkinsi","ASV_602",2.46844010521512,0.004,0.0735304347826087,1,"Coleoptera","Curculionidae","Scolytinae","Pityogenes","Pityogenes hopkinsi","k__Fungi",NA,NA,NA,NA,NA,NA,"positive"
"Pityogenes hopkinsi","ASV_807",3.14059356435207,0.004,0.0735304347826087,1,"Coleoptera","Curculionidae","Scolytinae","Pityogenes","Pityogenes hopkinsi","k__Fungi","p__Ascomycota","c__Sordariomycetes","o__Xylariales","f__Diatrypaceae","g__Diatrype","s__stigma","positive"
"Pityogenes hopkinsi","ASV_819",4.25821511272976,0.004,0.0735304347826087,1,"Coleoptera","Curculionidae","Scolytinae","Pityogenes","Pityogenes hopkinsi","k__Fungi","p__Basidiomycota","c__Tremellomycetes","o__Tremellales",NA,NA,NA,"positive"
"Pityogenes hopkinsi","ASV_961",3.83401065812217,0.004,0.0735304347826087,1,"Coleoptera","Curculionidae","Scolytinae","Pityogenes","Pityogenes hopkinsi","k__Fungi","p__Ascomycota","c__Sareomycetes","o__Sareales","f__Sareaceae","g__Sarea","s__resinae","positive"
"Pityogenes hopkinsi","ASV_1034",3.12985476939703,0.004,0.0735304347826087,1,"Coleoptera","Curculionidae","Scolytinae","Pityogenes","Pityogenes hopkinsi","k__Fungi","p__Ascomycota","c__Dothideomycetes","o__Pleosporales","f__Cucurbitariaceae","g__Parafenestella",NA,"positive"
"Pityogenes hopkinsi","ASV_1083",2.92358261987611,0.004,0.0735304347826087,1,"Coleoptera","Curculionidae","Scolytinae","Pityogenes","Pityogenes hopkinsi","k__Fungi","p__Ascomycota","c__Dothideomycetes",NA,NA,NA,NA,"positive"
"Pityogenes hopkinsi","ASV_1341",2.74751350457553,0.004,0.0735304347826087,1,"Coleoptera","Curculionidae","Scolytinae","Pityogenes","Pityogenes hopkinsi","k__Fungi","p__Ascomycota","c__Dothideomycetes","o__Pleosporales",NA,NA,NA,"positive"
"Pityogenes hopkinsi","ASV_1723",-3.2395507247667,0.004,0.0735304347826087,1,"Coleoptera","Curculionidae","Scolytinae","Pityogenes","Pityogenes hopkinsi","k__Fungi","p__Basidiomycota","c__Exobasidiomycetes","o__Microstromatales","f__Microstromatales_fam_Incertae_sedis","g__Pseudomicrostroma",NA,"negative"
"Pityogenes hopkinsi","ASV_1772",3.30587132027766,0.004,0.0735304347826087,1,"Coleoptera","Curculionidae","Scolytinae","Pityogenes","Pityogenes hopkinsi","k__Fungi","p__Ascomycota","c__Dothideomycetes","o__Capnodiales","f__Capnodiales_fam_Incertae_sedis","g__Arthrocatena",NA,"positive"
"Pityogenes hopkinsi","ASV_1920",3.68413135643208,0.004,0.0735304347826087,1,"Coleoptera","Curculionidae","Scolytinae","Pityogenes","Pityogenes hopkinsi","k__Fungi","p__Ascomycota","c__Pezizomycetes","o__Pezizales","f__Pyronemataceae","g__Otidea","s__kunmingensis","positive"
"Pityogenes hopkinsi","ASV_2005",2.89291328347295,0.004,0.0735304347826087,1,"Coleoptera","Curculionidae","Scolytinae","Pityogenes","Pityogenes hopkinsi","k__Fungi","p__Ascomycota","c__Taphrinomycetes","o__Taphrinales","f__Taphrinaceae","g__Taphrinaceae_gen_Incertae_sedis",NA,"positive"
"Pityogenes hopkinsi","ASV_2319",3.44415887382151,0.004,0.0735304347826087,1,"Coleoptera","Curculionidae","Scolytinae","Pityogenes","Pityogenes hopkinsi","k__Fungi","p__Ascomycota","c__Dothideomycetes","o__Pleosporales",NA,NA,NA,"positive"
"Pityogenes hopkinsi","ASV_2360",3.96798643838573,0.004,0.0735304347826087,1,"Coleoptera","Curculionidae","Scolytinae","Pityogenes","Pityogenes hopkinsi","k__Fungi","p__Basidiomycota","c__Tremellomycetes","o__Tremellales","f__Trimorphomycetaceae","g__Trimorphomyces",NA,"positive"
"Pityogenes hopkinsi","ASV_2390",-3.55269337847389,0.004,0.0735304347826087,1,"Coleoptera","Curculionidae","Scolytinae","Pityogenes","Pityogenes hopkinsi","k__Fungi","p__Basidiomycota","c__Agaricomycetes","o__Hymenochaetales","f__Schizoporaceae","g__Xylodon","s__flaviporus","negative"
"Pityogenes hopkinsi","ASV_2676",3.37879150280675,0.004,0.0735304347826087,1,"Coleoptera","Curculionidae","Scolytinae","Pityogenes","Pityogenes hopkinsi","k__Fungi","p__Ascomycota","c__Lecanoromycetes","o__Ostropales","f__Spirographaceae","g__Spirographa","s__fusisporella","positive"
"Pityogenes hopkinsi","ASV_2955",3.14050123876128,0.004,0.0735304347826087,1,"Coleoptera","Curculionidae","Scolytinae","Pityogenes","Pityogenes hopkinsi","k__Fungi","p__Ascomycota","c__Sordariomycetes","o__Diaporthales","f__Valsaceae","g__Cytospora",NA,"positive"
"Pityogenes hopkinsi","ASV_3095",3.14184686527546,0.004,0.0735304347826087,1,"Coleoptera","Curculionidae","Scolytinae","Pityogenes","Pityogenes hopkinsi","k__Fungi","p__Ascomycota","c__Sordariomycetes","o__Xylariales","f__Diatrypaceae",NA,NA,"positive"
"Pityogenes hopkinsi","ASV_3305",-2.44572327791286,0.004,0.0735304347826087,1,"Coleoptera","Curculionidae","Scolytinae","Pityogenes","Pityogenes hopkinsi","k__Fungi","p__Ascomycota","c__Dothideomycetes","o__Pleosporales","f__Didymosphaeriaceae","g__Paracamarosporium",NA,"negative"
"Pityogenes hopkinsi","ASV_3806",2.45793897082491,0.004,0.0735304347826087,1,"Coleoptera","Curculionidae","Scolytinae","Pityogenes","Pityogenes hopkinsi","k__Fungi","p__Basidiomycota","c__Agaricomycetes","o__Corticiales","f__Corticiaceae","g__Mycobernardia","s__incrustans","positive"
"Pityogenes hopkinsi","ASV_4255",3.24407632456592,0.004,0.0735304347826087,1,"Coleoptera","Curculionidae","Scolytinae","Pityogenes","Pityogenes hopkinsi","k__Fungi","p__Ascomycota",NA,NA,NA,NA,NA,"positive"
"Pityogenes hopkinsi","ASV_4288",2.62482019587959,0.004,0.0735304347826087,1,"Coleoptera","Curculionidae","Scolytinae","Pityogenes","Pityogenes hopkinsi","k__Fungi","p__Ascomycota","c__Sordariomycetes","o__Calosphaeriales","f__Calosphaeriaceae","g__Jattaea","s__taediosa","positive"
"Pityogenes hopkinsi","ASV_4344",-3.19366087339769,0.004,0.0735304347826087,1,"Coleoptera","Curculionidae","Scolytinae","Pityogenes","Pityogenes hopkinsi","k__Fungi","p__Ascomycota",NA,NA,NA,NA,NA,"negative"
"Pityogenes hopkinsi","ASV_4461",3.11178119405352,0.004,0.0735304347826087,1,"Coleoptera","Curculionidae","Scolytinae","Pityogenes","Pityogenes hopkinsi","k__Fungi","p__Basidiomycota","c__Agaricomycetes","o__Trechisporales","f__Trechisporales_fam_Incertae_sedis","g__Sertulicium","s__jacksonii","positive"
"Pityogenes hopkinsi","ASV_4990",-2.77454219018408,0.004,0.0735304347826087,1,"Coleoptera","Curculionidae","Scolytinae","Pityogenes","Pityogenes hopkinsi","k__Fungi","p__Ascomycota","c__Dothideomycetes","o__Dothideales","f__Saccotheciaceae","g__Aureobasidium","s__pullulans","negative"
"Pityogenes hopkinsi","ASV_5218",-2.63437930645132,0.004,0.0735304347826087,1,"Coleoptera","Curculionidae","Scolytinae","Pityogenes","Pityogenes hopkinsi","k__Fungi","p__Ascomycota","c__Arthoniomycetes","o__Lichenostigmatales","f__Phaeococcomycetaceae","g__Phaeococcomyces","s__eucalypti","negative"
"Pityogenes hopkinsi","ASV_5511",-2.81839842927418,0.004,0.0735304347826087,1,"Coleoptera","Curculionidae","Scolytinae","Pityogenes","Pityogenes hopkinsi","k__Fungi","p__Ascomycota","c__Dothideomycetes","o__Dothideales","f__Saccotheciaceae","g__Aureobasidium","s__pullulans","negative"
"Pityogenes hopkinsi","ASV_5641",-2.49770960995736,0.004,0.0735304347826087,1,"Coleoptera","Curculionidae","Scolytinae","Pityogenes","Pityogenes hopkinsi","k__Fungi","p__Ascomycota","c__Dothideomycetes","o__Pleosporales","f__Didymosphaeriaceae","g__Paracamarosporium",NA,"negative"
"Pityogenes hopkinsi","ASV_6014",-2.98924794654141,0.004,0.0735304347826087,1,"Coleoptera","Curculionidae","Scolytinae","Pityogenes","Pityogenes hopkinsi","k__Fungi","p__Chytridiomycota","c__Spizellomycetes","o__Spizellomycetales","f__Powellomycetaceae","g__Thoreauomyces",NA,"negative"
"Pityogenes hopkinsi","ASV_6244",2.46726904815219,0.004,0.0735304347826087,1,"Coleoptera","Curculionidae","Scolytinae","Pityogenes","Pityogenes hopkinsi","k__Fungi","p__Ascomycota","c__Dothideomycetes","o__Pleosporales","f__Pleosporales_fam_Incertae_sedis","g__Chaetophoma",NA,"positive"
"Pityogenes hopkinsi","ASV_6747",-2.46741183877367,0.004,0.0735304347826087,1,"Coleoptera","Curculionidae","Scolytinae","Pityogenes","Pityogenes hopkinsi","k__Fungi","p__Basidiomycota","c__Tremellomycetes","o__Tremellales","f__Bulleraceae","g__Fonsecazyma",NA,"negative"
"Pityogenes hopkinsi","ASV_6926",2.2772633916723,0.004,0.0735304347826087,1,"Coleoptera","Curculionidae","Scolytinae","Pityogenes","Pityogenes hopkinsi","k__Fungi","p__Basidiomycota","c__Agaricomycetes","o__Polyporales","f__Polyporales_fam_Incertae_sedis","g__Diplomitoporus","s__crustulinus","positive"
"Pityogenes hopkinsi","ASV_7414",4.52624991709639,0.004,0.0735304347826087,1,"Coleoptera","Curculionidae","Scolytinae","Pityogenes","Pityogenes hopkinsi","k__Fungi","p__Basidiomycota","c__Agaricomycetes","o__Polyporales","f__Polyporaceae","g__Rhodonia","s__placenta","positive"
"Pityogenes hopkinsi","ASV_8210",-3.08377906306893,0.004,0.0735304347826087,1,"Coleoptera","Curculionidae","Scolytinae","Pityogenes","Pityogenes hopkinsi","k__Fungi","p__Basidiomycota","c__Agaricomycetes","o__Polyporales","f__Incrustoporiaceae","g__Skeletocutis","s__kuehneri","negative"
"Pityogenes hopkinsi","ASV_8409",-3.23157220492455,0.004,0.0735304347826087,1,"Coleoptera","Curculionidae","Scolytinae","Pityogenes","Pityogenes hopkinsi","k__Fungi","p__Ascomycota","c__Dothideomycetes","o__Myriangiales","f__Myriangiaceae","g__Myriangium","s__duriaei","negative"
"Pityogenes hopkinsi","ASV_8948",3.52693610118025,0.004,0.0735304347826087,1,"Coleoptera","Curculionidae","Scolytinae","Pityogenes","Pityogenes hopkinsi","k__Fungi","p__Ascomycota",NA,NA,NA,NA,NA,"positive"
"Pityogenes hopkinsi","ASV_9053",-3.1766447863431,0.004,0.0735304347826087,1,"Coleoptera","Curculionidae","Scolytinae","Pityogenes","Pityogenes hopkinsi","k__Fungi","p__Ascomycota","c__Lecanoromycetes","o__Ostropales","f__Spirographaceae","g__Spirographa","s__fusisporella","negative"
"Pityogenes hopkinsi","ASV_9496",-2.36416987611814,0.004,0.0735304347826087,1,"Coleoptera","Curculionidae","Scolytinae","Pityogenes","Pityogenes hopkinsi","k__Fungi","p__Ascomycota","c__Leotiomycetes","o__Helotiales","f__Helotiales_fam_Incertae_sedis","g__Chalara","s__microspora","negative"
"Pityogenes hopkinsi","ASV_9610",-3.21044295620639,0.004,0.0735304347826087,1,"Coleoptera","Curculionidae","Scolytinae","Pityogenes","Pityogenes hopkinsi","k__Fungi","p__Ascomycota","c__Eurotiomycetes","o__Phaeomoniellales","f__Phaeomoniellaceae",NA,NA,"negative"
"Pityogenes hopkinsi","ASV_9669",-3.1647362487342,0.004,0.0735304347826087,1,"Coleoptera","Curculionidae","Scolytinae","Pityogenes","Pityogenes hopkinsi","k__Fungi","p__Basidiomycota","c__Atractiellomycetes","o__Atractiellales","f__Phleogenaceae","g__Helicogloea","s__compressa","negative"
"Pityogenes hopkinsi","ASV_10027",-2.76428642129242,0.004,0.0735304347826087,1,"Coleoptera","Curculionidae","Scolytinae","Pityogenes","Pityogenes hopkinsi","k__Fungi","p__Basidiomycota","c__Agaricomycetes","o__Hymenochaetales","f__Schizoporaceae","g__Lyomyces",NA,"negative"
"Pityogenes hopkinsi","ASV_10059",2.61553422126216,0.004,0.0735304347826087,1,"Coleoptera","Curculionidae","Scolytinae","Pityogenes","Pityogenes hopkinsi","k__Fungi","p__Ascomycota","c__Sordariomycetes","o__Xylariales",NA,NA,NA,"positive"
"Pityogenes hopkinsi","ASV_10173",-2.52177620177664,0.004,0.0735304347826087,1,"Coleoptera","Curculionidae","Scolytinae","Pityogenes","Pityogenes hopkinsi","k__Fungi","p__Ascomycota","c__Eurotiomycetes","o__Mycocaliciales","f__Mycocaliciaceae","g__Phaeocalicium","s__curtisii","negative"
"Pityogenes hopkinsi","ASV_10278",-3.18644866929364,0.004,0.0735304347826087,1,"Coleoptera","Curculionidae","Scolytinae","Pityogenes","Pityogenes hopkinsi","k__Fungi","p__Ascomycota","c__Lecanoromycetes","o__Ostropales","f__Spirographaceae","g__Spirographa","s__fusisporella","negative"
"Pityogenes hopkinsi","ASV_10397",-2.98552089573273,0.004,0.0735304347826087,1,"Coleoptera","Curculionidae","Scolytinae","Pityogenes","Pityogenes hopkinsi","k__Fungi","p__Ascomycota","c__Saccharomycetes","o__Saccharomycetales","f__Debaryomycetaceae","g__Yamadazyma","s__mexicana","negative"
"Pityogenes hopkinsi","ASV_10943",-3.39412441904979,0.004,0.0735304347826087,1,"Coleoptera","Curculionidae","Scolytinae","Pityogenes","Pityogenes hopkinsi","k__Fungi","p__Ascomycota","c__Eurotiomycetes","o__Phaeomoniellales","f__Phaeomoniellaceae",NA,NA,"negative"
"Pityogenes hopkinsi","ASV_11294",2.53455067740117,0.004,0.0735304347826087,1,"Coleoptera","Curculionidae","Scolytinae","Pityogenes","Pityogenes hopkinsi","k__Fungi","p__Ascomycota","c__Lecanoromycetes","o__Lecanorales",NA,NA,NA,"positive"
"Pityogenes hopkinsi","ASV_11736",-3.05473912253506,0.004,0.0735304347826087,1,"Coleoptera","Curculionidae","Scolytinae","Pityogenes","Pityogenes hopkinsi","k__Fungi","p__Ascomycota","c__Dothideomycetes","o__Capnodiales","f__Cladosporiaceae",NA,NA,"negative"
"Pityogenes hopkinsi","ASV_12101",-2.66054824004431,0.004,0.0735304347826087,1,"Coleoptera","Curculionidae","Scolytinae","Pityogenes","Pityogenes hopkinsi","k__Fungi","p__Ascomycota","c__Eurotiomycetes","o__Chaetothyriales","f__Chaetothyriaceae","g__Ceramothyrium","s__carniolicum","negative"
"Pityogenes hopkinsi","ASV_12800",-2.87605699681574,0.004,0.0735304347826087,1,"Coleoptera","Curculionidae","Scolytinae","Pityogenes","Pityogenes hopkinsi","k__Fungi","p__Basidiomycota","c__Agaricomycetes","o__Russulales","f__Stereaceae","g__Stereum",NA,"negative"
"Pityogenes hopkinsi","ASV_13292",-2.63980935358324,0.004,0.0735304347826087,1,"Coleoptera","Curculionidae","Scolytinae","Pityogenes","Pityogenes hopkinsi","k__Fungi","p__Ascomycota","c__Dothideomycetes","o__Pleosporales","f__Phaeoseptaceae","g__Pleopunctum",NA,"negative"
"Pityogenes hopkinsi","ASV_13361",-3.21286759143934,0.004,0.0735304347826087,1,"Coleoptera","Curculionidae","Scolytinae","Pityogenes","Pityogenes hopkinsi","k__Fungi",NA,NA,NA,NA,NA,NA,"negative"
"Pityogenes hopkinsi","ASV_13482",-2.00890246193499,0.004,0.0735304347826087,1,"Coleoptera","Curculionidae","Scolytinae","Pityogenes","Pityogenes hopkinsi","k__Fungi","p__Ascomycota","c__Leotiomycetes","o__Rhytismatales","f__Rhytismataceae","g__Coccomyces","s__triangularis","negative"
"Pityogenes hopkinsi","ASV_14143",-3.2494255756711,0.004,0.0735304347826087,1,"Coleoptera","Curculionidae","Scolytinae","Pityogenes","Pityogenes hopkinsi","k__Fungi",NA,NA,NA,NA,NA,NA,"negative"
"Pityogenes hopkinsi","ASV_15312",-2.82430656131599,0.004,0.0735304347826087,1,"Coleoptera","Curculionidae","Scolytinae","Pityogenes","Pityogenes hopkinsi","k__Fungi","p__Ascomycota","c__Leotiomycetes","o__Helotiales","f__Helotiales_fam_Incertae_sedis","g__Cryptocline","s__arctostaphyli","negative"
"Pityogenes hopkinsi","ASV_15436",-2.46047397259764,0.004,0.0735304347826087,1,"Coleoptera","Curculionidae","Scolytinae","Pityogenes","Pityogenes hopkinsi","k__Fungi","p__Ascomycota","c__Dothideomycetes","o__Mycosphaerellales","f__Mycosphaerellaceae","g__Ramularia",NA,"negative"
"Pityogenes hopkinsi","ASV_15837",-3.0053444871113,0.004,0.0735304347826087,1,"Coleoptera","Curculionidae","Scolytinae","Pityogenes","Pityogenes hopkinsi","k__Fungi","p__Ascomycota",NA,NA,NA,NA,NA,"negative"
"Pityogenes hopkinsi","ASV_16755",-2.72563444575973,0.004,0.0735304347826087,1,"Coleoptera","Curculionidae","Scolytinae","Pityogenes","Pityogenes hopkinsi","k__Fungi","p__Basidiomycota","c__Agaricomycetes","o__Russulales","f__Hericiaceae","g__Hericiaceae_gen_Incertae_sedis",NA,"negative"
"Pityogenes hopkinsi","ASV_16760",-3.01701355006165,0.004,0.0735304347826087,1,"Coleoptera","Curculionidae","Scolytinae","Pityogenes","Pityogenes hopkinsi","k__Fungi","p__Basidiomycota","c__Agaricomycetes","o__Hymenochaetales","f__Schizoporaceae","g__Xylodon","s__ussuriensis","negative"
"Pityogenes hopkinsi","ASV_19061",-3.09148140837275,0.004,0.0735304347826087,1,"Coleoptera","Curculionidae","Scolytinae","Pityogenes","Pityogenes hopkinsi","k__Fungi","p__Basidiomycota","c__Microbotryomycetes","o__Microbotryomycetes_ord_Incertae_sedis","f__Chrysozymaceae",NA,NA,"negative"
"Pityogenes hopkinsi","ASV_19280",-2.21953740276114,0.004,0.0735304347826087,1,"Coleoptera","Curculionidae","Scolytinae","Pityogenes","Pityogenes hopkinsi","k__Fungi","p__Ascomycota","c__Dothideomycetes","o__Mycosphaerellales","f__Teratosphaeriaceae","g__Xenoteratosphaeria","s__jonkershoekensis","negative"
"Pityogenes hopkinsi","ASV_19397",-2.40364254862078,0.004,0.0735304347826087,1,"Coleoptera","Curculionidae","Scolytinae","Pityogenes","Pityogenes hopkinsi","k__Fungi","p__Ascomycota",NA,NA,NA,NA,NA,"negative"
"Pityogenes hopkinsi","ASV_20740",-2.27339959479771,0.004,0.0735304347826087,1,"Coleoptera","Curculionidae","Scolytinae","Pityogenes","Pityogenes hopkinsi","k__Fungi","p__Basidiomycota","c__Tremellomycetes","o__Tremellales","f__Bulleribasidiaceae","g__Bulleribasidiaceae_gen_Incertae_sedis",NA,"negative"
"Pityogenes hopkinsi","ASV_22906",-3.04207575112103,0.004,0.0735304347826087,1,"Coleoptera","Curculionidae","Scolytinae","Pityogenes","Pityogenes hopkinsi","k__Fungi","p__Basidiomycota","c__Tremellomycetes","o__Tremellales","f__Rhynchogastremataceae","g__Papiliotrema",NA,"negative"
"Pityogenes hopkinsi","ASV_26943",-3.1605736480222,0.004,0.0735304347826087,1,"Coleoptera","Curculionidae","Scolytinae","Pityogenes","Pityogenes hopkinsi","k__Fungi","p__Basidiomycota","c__Agaricomycetes","o__Hymenochaetales","f__Schizoporaceae","g__Xylodon","s__brevisetus","negative"
"Pityogenes hopkinsi","ASV_27051",-2.72207079849152,0.004,0.0735304347826087,1,"Coleoptera","Curculionidae","Scolytinae","Pityogenes","Pityogenes hopkinsi","k__Fungi","p__Ascomycota","c__Dothideomycetes","o__Pleosporales",NA,NA,NA,"negative"
"Pityogenes hopkinsi","ASV_29438",-2.85159189970106,0.004,0.0735304347826087,1,"Coleoptera","Curculionidae","Scolytinae","Pityogenes","Pityogenes hopkinsi","k__Fungi","p__Ascomycota","c__Dothideomycetes","o__Dothideales","f__Saccotheciaceae","g__Aureobasidium",NA,"negative"
"Pityogenes hopkinsi","ASV_89",-3.22037142933017,0.005,0.0751421800947867,1,"Coleoptera","Curculionidae","Scolytinae","Pityogenes","Pityogenes hopkinsi","k__Fungi","p__Ascomycota","c__Saccharomycetes","o__Saccharomycetales","f__Debaryomycetaceae","g__Yamadazyma","s__mexicana","negative"
"Pityogenes hopkinsi","ASV_167",-2.2743153563316,0.005,0.0751421800947867,1,"Coleoptera","Curculionidae","Scolytinae","Pityogenes","Pityogenes hopkinsi","k__Fungi","p__Ascomycota","c__Saccharomycetes","o__Saccharomycetales","f__Saccharomycetales_fam_Incertae_sedis","g__Candida","s__sake","negative"
"Pityogenes hopkinsi","ASV_462",2.32639361245214,0.005,0.0751421800947867,1,"Coleoptera","Curculionidae","Scolytinae","Pityogenes","Pityogenes hopkinsi","k__Fungi","p__Ascomycota","c__Dothideomycetes","o__Dothideales","f__Dothioraceae","g__Sydowia","s__polyspora","positive"
"Pityogenes hopkinsi","ASV_548",-2.93517465864272,0.005,0.0751421800947867,1,"Coleoptera","Curculionidae","Scolytinae","Pityogenes","Pityogenes hopkinsi","k__Fungi","p__Ascomycota","c__Saccharomycetes","o__Saccharomycetales","f__Debaryomycetaceae","g__Peterozyma","s__xylosa","negative"
"Pityogenes hopkinsi","ASV_649",2.52895429232338,0.005,0.0751421800947867,1,"Coleoptera","Curculionidae","Scolytinae","Pityogenes","Pityogenes hopkinsi","k__Fungi",NA,NA,NA,NA,NA,NA,"positive"
"Pityogenes hopkinsi","ASV_726",2.98719467731539,0.005,0.0751421800947867,1,"Coleoptera","Curculionidae","Scolytinae","Pityogenes","Pityogenes hopkinsi","k__Fungi","p__Ascomycota","c__Dothideomycetes","o__Mycosphaerellales","f__Mycosphaerellaceae","g__Pachyramichloridium","s__pini","positive"
"Pityogenes hopkinsi","ASV_896",3.01434601025096,0.005,0.0751421800947867,1,"Coleoptera","Curculionidae","Scolytinae","Pityogenes","Pityogenes hopkinsi","k__Fungi","p__Ascomycota","c__Dothideomycetes","o__Pleosporales","f__Cucurbitariaceae",NA,NA,"positive"
"Pityogenes hopkinsi","ASV_1070",3.31090123078693,0.005,0.0751421800947867,1,"Coleoptera","Curculionidae","Scolytinae","Pityogenes","Pityogenes hopkinsi","k__Fungi","p__Ascomycota","c__Dothideomycetes","o__Pleosporales","f__Pleosporales_fam_Incertae_sedis","g__Chaetophoma",NA,"positive"
"Pityogenes hopkinsi","ASV_1077",2.55828793819634,0.005,0.0751421800947867,1,"Coleoptera","Curculionidae","Scolytinae","Pityogenes","Pityogenes hopkinsi","k__Fungi","p__Ascomycota","c__Dothideomycetes","o__Capnodiales","f__Capnodiales_fam_Incertae_sedis","g__Microcyclospora","s__malicola","positive"
"Pityogenes hopkinsi","ASV_1172",2.84726409605456,0.005,0.0751421800947867,1,"Coleoptera","Curculionidae","Scolytinae","Pityogenes","Pityogenes hopkinsi","k__Fungi","p__Basidiomycota","c__Agaricomycetes","o__Hymenochaetales","f__Rickenellaceae","g__Sidera","s__vulgaris","positive"
"Pityogenes hopkinsi","ASV_1238",-2.41031804090007,0.005,0.0751421800947867,1,"Coleoptera","Curculionidae","Scolytinae","Pityogenes","Pityogenes hopkinsi","k__Fungi","p__Ascomycota","c__Dothideomycetes","o__Pleosporales","f__Cucurbitariaceae",NA,NA,"negative"
"Pityogenes hopkinsi","ASV_1306",3.35586481773866,0.005,0.0751421800947867,1,"Coleoptera","Curculionidae","Scolytinae","Pityogenes","Pityogenes hopkinsi","k__Fungi","p__Ascomycota","c__Dothideomycetes","o__Pleosporales","f__Massarinaceae","g__Helminthosporium",NA,"positive"
"Pityogenes hopkinsi","ASV_1316",4.49286101283572,0.005,0.0751421800947867,1,"Coleoptera","Curculionidae","Scolytinae","Pityogenes","Pityogenes hopkinsi","k__Fungi","p__Ascomycota","c__Sareomycetes","o__Sareales","f__Sareaceae","g__Sarea","s__resinae","positive"
"Pityogenes hopkinsi","ASV_1476",3.09913240170947,0.005,0.0751421800947867,1,"Coleoptera","Curculionidae","Scolytinae","Pityogenes","Pityogenes hopkinsi","k__Fungi","p__Basidiomycota","c__Agaricomycetes","o__Polyporales","f__Phanerochaetaceae","g__Bjerkandera","s__adusta","positive"
"Pityogenes hopkinsi","ASV_1642",2.71672504683251,0.005,0.0751421800947867,1,"Coleoptera","Curculionidae","Scolytinae","Pityogenes","Pityogenes hopkinsi","k__Fungi","p__Ascomycota","c__Dothideomycetes","o__Mycosphaerellales","f__Mycosphaerellaceae","g__Pseudocercospora","s__sphaerellae-eugeniae","positive"
"Pityogenes hopkinsi","ASV_1678",2.70154352590054,0.005,0.0751421800947867,1,"Coleoptera","Curculionidae","Scolytinae","Pityogenes","Pityogenes hopkinsi","k__Fungi","p__Ascomycota","c__Dothideomycetes","o__Pleosporales",NA,NA,NA,"positive"
"Pityogenes hopkinsi","ASV_1779",2.41069727168816,0.005,0.0751421800947867,1,"Coleoptera","Curculionidae","Scolytinae","Pityogenes","Pityogenes hopkinsi","k__Fungi","p__Ascomycota","c__Dothideomycetes","o__Pleosporales","f__Pleosporales_fam_Incertae_sedis","g__Chaetophoma",NA,"positive"
"Pityogenes hopkinsi","ASV_1814",-2.80180080056282,0.005,0.0751421800947867,1,"Coleoptera","Curculionidae","Scolytinae","Pityogenes","Pityogenes hopkinsi","k__Fungi","p__Ascomycota",NA,NA,NA,NA,NA,"negative"
"Pityogenes hopkinsi","ASV_2920",2.79736656113036,0.005,0.0751421800947867,1,"Coleoptera","Curculionidae","Scolytinae","Pityogenes","Pityogenes hopkinsi","k__Fungi","p__Ascomycota","c__Arthoniomycetes","o__Lichenostigmatales","f__Lichenostigmatales_fam_Incertae_sedis","g__Lichenostigmatales_gen_Incertae_sedis",NA,"positive"
"Pityogenes hopkinsi","ASV_3275",2.55702117569956,0.005,0.0751421800947867,1,"Coleoptera","Curculionidae","Scolytinae","Pityogenes","Pityogenes hopkinsi","k__Fungi","p__Basidiomycota","c__Agaricomycetes","o__Hymenochaetales","f__Schizoporaceae","g__Hyphodontia","s__subalutacea","positive"
"Pityogenes hopkinsi","ASV_3923",-3.45755279071523,0.005,0.0751421800947867,1,"Coleoptera","Curculionidae","Scolytinae","Pityogenes","Pityogenes hopkinsi","k__Fungi","p__Ascomycota","c__Eurotiomycetes","o__Phaeomoniellales","f__Phaeomoniellaceae","g__Pseudophaeomoniella","s__oleicola","negative"
"Pityogenes hopkinsi","ASV_3982",3.22727823881992,0.005,0.0751421800947867,1,"Coleoptera","Curculionidae","Scolytinae","Pityogenes","Pityogenes hopkinsi","k__Fungi","p__Ascomycota",NA,NA,NA,NA,NA,"positive"
"Pityogenes hopkinsi","ASV_4066",-2.54649120299259,0.005,0.0751421800947867,1,"Coleoptera","Curculionidae","Scolytinae","Pityogenes","Pityogenes hopkinsi","k__Fungi","p__Ascomycota",NA,NA,NA,NA,NA,"negative"
"Pityogenes hopkinsi","ASV_4587",-2.61730285413795,0.005,0.0751421800947867,1,"Coleoptera","Curculionidae","Scolytinae","Pityogenes","Pityogenes hopkinsi","k__Fungi","p__Ascomycota","c__Leotiomycetes",NA,NA,NA,NA,"negative"
"Pityogenes hopkinsi","ASV_4784",3.82208442448654,0.005,0.0751421800947867,1,"Coleoptera","Curculionidae","Scolytinae","Pityogenes","Pityogenes hopkinsi","k__Fungi","p__Ascomycota",NA,NA,NA,NA,NA,"positive"
"Pityogenes hopkinsi","ASV_4795",-3.44518900485526,0.005,0.0751421800947867,1,"Coleoptera","Curculionidae","Scolytinae","Pityogenes","Pityogenes hopkinsi","k__Fungi","p__Ascomycota",NA,NA,NA,NA,NA,"negative"
"Pityogenes hopkinsi","ASV_4831",-2.73155867513859,0.005,0.0751421800947867,1,"Coleoptera","Curculionidae","Scolytinae","Pityogenes","Pityogenes hopkinsi","k__Fungi","p__Basidiomycota","c__Cystobasidiomycetes","o__Cystobasidiales",NA,NA,NA,"negative"
"Pityogenes hopkinsi","ASV_5396",-2.45274655508021,0.005,0.0751421800947867,1,"Coleoptera","Curculionidae","Scolytinae","Pityogenes","Pityogenes hopkinsi","k__Fungi","p__Ascomycota","c__Dothideomycetes","o__Capnodiales","f__Cladosporiaceae","g__Rachicladosporium",NA,"negative"
"Pityogenes hopkinsi","ASV_5687",-4.03504650618539,0.005,0.0751421800947867,1,"Coleoptera","Curculionidae","Scolytinae","Pityogenes","Pityogenes hopkinsi","k__Fungi","p__Ascomycota","c__Eurotiomycetes","o__Chaetothyriales","f__Herpotrichiellaceae",NA,NA,"negative"
"Pityogenes hopkinsi","ASV_5728",4.07796249339054,0.005,0.0751421800947867,1,"Coleoptera","Curculionidae","Scolytinae","Pityogenes","Pityogenes hopkinsi","k__Fungi","p__Ascomycota","c__Sordariomycetes","o__Diaporthales","f__Valsaceae","g__Cytospora","s__populina","positive"
"Pityogenes hopkinsi","ASV_5782",-2.90459836738719,0.005,0.0751421800947867,1,"Coleoptera","Curculionidae","Scolytinae","Pityogenes","Pityogenes hopkinsi","k__Fungi","p__Ascomycota","c__Eurotiomycetes","o__Eurotiales","f__Aspergillaceae","g__Penicillium","s__lividum","negative"
"Pityogenes hopkinsi","ASV_6200",-3.51649213212053,0.005,0.0751421800947867,1,"Coleoptera","Curculionidae","Scolytinae","Pityogenes","Pityogenes hopkinsi","k__Fungi","p__Basidiomycota","c__Agaricomycetes","o__Hymenochaetales","f__Schizoporaceae","g__Xylodon","s__rimosissimus","negative"
"Pityogenes hopkinsi","ASV_6237",4.21489822496673,0.005,0.0751421800947867,1,"Coleoptera","Curculionidae","Scolytinae","Pityogenes","Pityogenes hopkinsi","k__Fungi","p__Ascomycota","c__Dothideomycetes",NA,NA,NA,NA,"positive"
"Pityogenes hopkinsi","ASV_6690",-2.33721359586038,0.005,0.0751421800947867,1,"Coleoptera","Curculionidae","Scolytinae","Pityogenes","Pityogenes hopkinsi","k__Fungi","p__Ascomycota",NA,NA,NA,NA,NA,"negative"
"Pityogenes hopkinsi","ASV_6739",-2.84321581583973,0.005,0.0751421800947867,1,"Coleoptera","Curculionidae","Scolytinae","Pityogenes","Pityogenes hopkinsi","k__Fungi","p__Ascomycota","c__Dothideomycetes","o__Dothideales","f__Dothioraceae","g__Dothiora",NA,"negative"
"Pityogenes hopkinsi","ASV_6977",-3.0974128934317,0.005,0.0751421800947867,1,"Coleoptera","Curculionidae","Scolytinae","Pityogenes","Pityogenes hopkinsi","k__Fungi","p__Ascomycota","c__Leotiomycetes","o__Phacidiales","f__Phacidiaceae","g__Phacidium","s__lacerum","negative"
"Pityogenes hopkinsi","ASV_7046",-3.0391041768908,0.005,0.0751421800947867,1,"Coleoptera","Curculionidae","Scolytinae","Pityogenes","Pityogenes hopkinsi","k__Fungi","p__Ascomycota",NA,NA,NA,NA,NA,"negative"
"Pityogenes hopkinsi","ASV_7660",-2.47600502998079,0.005,0.0751421800947867,1,"Coleoptera","Curculionidae","Scolytinae","Pityogenes","Pityogenes hopkinsi","k__Fungi","p__Ascomycota","c__Eurotiomycetes","o__Sclerococcales","f__Dactylosporaceae","g__Dactylospora",NA,"negative"
"Pityogenes hopkinsi","ASV_8039",-3.00221753093564,0.005,0.0751421800947867,1,"Coleoptera","Curculionidae","Scolytinae","Pityogenes","Pityogenes hopkinsi","k__Fungi","p__Basidiomycota","c__Agaricomycetes","o__Russulales","f__Peniophoraceae","g__Peniophora",NA,"negative"
"Pityogenes hopkinsi","ASV_8486",-2.61367433581786,0.005,0.0751421800947867,1,"Coleoptera","Curculionidae","Scolytinae","Pityogenes","Pityogenes hopkinsi","k__Fungi","p__Ascomycota",NA,NA,NA,NA,NA,"negative"
"Pityogenes hopkinsi","ASV_8768",-2.16375857813164,0.005,0.0751421800947867,1,"Coleoptera","Curculionidae","Scolytinae","Pityogenes","Pityogenes hopkinsi","k__Fungi",NA,NA,NA,NA,NA,NA,"negative"
"Pityogenes hopkinsi","ASV_9252",-3.01145325754237,0.005,0.0751421800947867,1,"Coleoptera","Curculionidae","Scolytinae","Pityogenes","Pityogenes hopkinsi","k__Fungi","p__Basidiomycota","c__Agaricomycetes","o__Polyporales","f__Phanerochaetaceae","g__Phanerochaete","s__bambusicola","negative"
"Pityogenes hopkinsi","ASV_9944",-2.3739176836337,0.005,0.0751421800947867,1,"Coleoptera","Curculionidae","Scolytinae","Pityogenes","Pityogenes hopkinsi","k__Fungi","p__Ascomycota","c__Saccharomycetes","o__Saccharomycetales","f__Debaryomycetaceae","g__Debaryomyces","s__udenii","negative"
"Pityogenes hopkinsi","ASV_10464",-2.70529274079889,0.005,0.0751421800947867,1,"Coleoptera","Curculionidae","Scolytinae","Pityogenes","Pityogenes hopkinsi","k__Fungi","p__Basidiomycota","c__Agaricomycetes","o__Polyporales","f__Steccherinaceae","g__Steccherinaceae_gen_Incertae_sedis",NA,"negative"
"Pityogenes hopkinsi","ASV_11441",-3.52501492552028,0.005,0.0751421800947867,1,"Coleoptera","Curculionidae","Scolytinae","Pityogenes","Pityogenes hopkinsi","k__Fungi","p__Ascomycota","c__Sordariomycetes","o__Diaporthales","f__Valsaceae","g__Valsa",NA,"negative"
"Pityogenes hopkinsi","ASV_11601",-3.09360612704322,0.005,0.0751421800947867,1,"Coleoptera","Curculionidae","Scolytinae","Pityogenes","Pityogenes hopkinsi","k__Fungi","p__Basidiomycota","c__Agaricomycetes","o__Russulales","f__Peniophoraceae","g__Peniophora","s__cinerea","negative"
"Pityogenes hopkinsi","ASV_11883",-3.03546061471882,0.005,0.0751421800947867,1,"Coleoptera","Curculionidae","Scolytinae","Pityogenes","Pityogenes hopkinsi","k__Fungi","p__Ascomycota","c__Eurotiomycetes","o__Chaetothyriales","f__Herpotrichiellaceae","g__Phialophora","s__phaeophora","negative"
"Pityogenes hopkinsi","ASV_11977",-2.43535177975322,0.005,0.0751421800947867,1,"Coleoptera","Curculionidae","Scolytinae","Pityogenes","Pityogenes hopkinsi","k__Fungi","p__Basidiomycota","c__Agaricomycetes","o__Russulales","f__Peniophoraceae","g__Peniophora","s__cinerea","negative"
"Pityogenes hopkinsi","ASV_12239",-3.03667548449172,0.005,0.0751421800947867,1,"Coleoptera","Curculionidae","Scolytinae","Pityogenes","Pityogenes hopkinsi","k__Fungi","p__Basidiomycota","c__Exobasidiomycetes","o__Microstromatales","f__Microstromatales_fam_Incertae_sedis","g__Pseudomicrostroma","s__phylloplanum","negative"
"Pityogenes hopkinsi","ASV_12290",-3.14011985310152,0.005,0.0751421800947867,1,"Coleoptera","Curculionidae","Scolytinae","Pityogenes","Pityogenes hopkinsi","k__Fungi","p__Basidiomycota","c__Cystobasidiomycetes","o__Erythrobasidiales",NA,NA,NA,"negative"
"Pityogenes hopkinsi","ASV_12368",-2.80946454228397,0.005,0.0751421800947867,1,"Coleoptera","Curculionidae","Scolytinae","Pityogenes","Pityogenes hopkinsi","k__Fungi","p__Basidiomycota","c__Tremellomycetes","o__Tremellales","f__Carcinomycetaceae","g__Carcinomyces","s__polyporinus","negative"
"Pityogenes hopkinsi","ASV_13131",-2.59684487405367,0.005,0.0751421800947867,1,"Coleoptera","Curculionidae","Scolytinae","Pityogenes","Pityogenes hopkinsi","k__Fungi","p__Ascomycota",NA,NA,NA,NA,NA,"negative"
"Pityogenes hopkinsi","ASV_13597",-2.65459522737865,0.005,0.0751421800947867,1,"Coleoptera","Curculionidae","Scolytinae","Pityogenes","Pityogenes hopkinsi","k__Fungi","p__Ascomycota","c__Leotiomycetes","o__Helotiales","f__Vibrisseaceae","g__Vibrissea",NA,"negative"
"Pityogenes hopkinsi","ASV_13670",-2.80924828864909,0.005,0.0751421800947867,1,"Coleoptera","Curculionidae","Scolytinae","Pityogenes","Pityogenes hopkinsi","k__Fungi","p__Ascomycota","c__Arthoniomycetes","o__Arthoniomycetes_ord_Incertae_sedis","f__Arthoniomycetes_fam_Incertae_sedis","g__Arthoniomycetes_gen_Incertae_sedis",NA,"negative"
"Pityogenes hopkinsi","ASV_14052",-2.96304288298604,0.005,0.0751421800947867,1,"Coleoptera","Curculionidae","Scolytinae","Pityogenes","Pityogenes hopkinsi","k__Fungi","p__Ascomycota","c__Dothideomycetes","o__Dothideales","f__Saccotheciaceae","g__Aureobasidium","s__pullulans","negative"
"Pityogenes hopkinsi","ASV_14630",-2.66207628488961,0.005,0.0751421800947867,1,"Coleoptera","Curculionidae","Scolytinae","Pityogenes","Pityogenes hopkinsi","k__Fungi","p__Basidiomycota","c__Agaricomycetes","o__Russulales","f__Peniophoraceae","g__Peniophora","s__cinerea","negative"
"Pityogenes hopkinsi","ASV_15874",-2.5940857640462,0.005,0.0751421800947867,1,"Coleoptera","Curculionidae","Scolytinae","Pityogenes","Pityogenes hopkinsi","k__Fungi","p__Basidiomycota","c__Cystobasidiomycetes","o__Erythrobasidiales","f__Erythrobasidiaceae","g__Erythrobasidium","s__hasegawae","negative"
"Pityogenes hopkinsi","ASV_16761",-2.65264275352432,0.005,0.0751421800947867,1,"Coleoptera","Curculionidae","Scolytinae","Pityogenes","Pityogenes hopkinsi","k__Fungi","p__Ascomycota","c__Sordariomycetes","o__Xylariales","f__Xylariales_fam_Incertae_sedis","g__Hansfordia","s__pulvinata","negative"
"Pityogenes hopkinsi","ASV_16965",-2.58301378416016,0.005,0.0751421800947867,1,"Coleoptera","Curculionidae","Scolytinae","Pityogenes","Pityogenes hopkinsi","k__Fungi","p__Ascomycota","c__Dothideomycetes","o__Mycosphaerellales","f__Mycosphaerellaceae","g__Acrodontium","s__crateriforme","negative"
"Pityogenes hopkinsi","ASV_17009",-2.62225158237099,0.005,0.0751421800947867,1,"Coleoptera","Curculionidae","Scolytinae","Pityogenes","Pityogenes hopkinsi","k__Fungi","p__Ascomycota","c__Sordariomycetes","o__Xylariales","f__Amphisphaeriaceae","g__Monochaetia",NA,"negative"
"Pityogenes hopkinsi","ASV_17169",-2.70995037933533,0.005,0.0751421800947867,1,"Coleoptera","Curculionidae","Scolytinae","Pityogenes","Pityogenes hopkinsi","k__Fungi","p__Ascomycota","c__Leotiomycetes",NA,NA,NA,NA,"negative"
"Pityogenes hopkinsi","ASV_17991",-2.90020005769501,0.005,0.0751421800947867,1,"Coleoptera","Curculionidae","Scolytinae","Pityogenes","Pityogenes hopkinsi","k__Fungi","p__Ascomycota","c__Dothideomycetes","o__Pleosporales",NA,NA,NA,"negative"
"Pityogenes hopkinsi","ASV_18169",-2.51827086482117,0.005,0.0751421800947867,1,"Coleoptera","Curculionidae","Scolytinae","Pityogenes","Pityogenes hopkinsi","k__Fungi","p__Ascomycota","c__Saccharomycetes","o__Saccharomycetales","f__Trichomonascaceae","g__Spencermartinsiella","s__europaea","negative"
"Pityogenes hopkinsi","ASV_18375",-2.53734680211367,0.005,0.0751421800947867,1,"Coleoptera","Curculionidae","Scolytinae","Pityogenes","Pityogenes hopkinsi","k__Fungi","p__Mortierellomycota","c__Mortierellomycetes","o__Mortierellales","f__Mortierellaceae","g__Mortierella","s__calciphila","negative"
"Pityogenes hopkinsi","ASV_19897",-3.04076370364568,0.005,0.0751421800947867,1,"Coleoptera","Curculionidae","Scolytinae","Pityogenes","Pityogenes hopkinsi","k__Fungi","p__Basidiomycota","c__Tremellomycetes","o__Cystofilobasidiales","f__Mrakiaceae","g__Mrakia","s__aquatica","negative"
"Pityogenes hopkinsi","ASV_20139",-2.67951249690345,0.005,0.0751421800947867,1,"Coleoptera","Curculionidae","Scolytinae","Pityogenes","Pityogenes hopkinsi","k__Fungi","p__Basidiomycota","c__Tremellomycetes","o__Tremellales","f__Cryptococcaceae","g__Teunia",NA,"negative"
"Pityogenes hopkinsi","ASV_20140",-2.78249280519535,0.005,0.0751421800947867,1,"Coleoptera","Curculionidae","Scolytinae","Pityogenes","Pityogenes hopkinsi","k__Fungi","p__Basidiomycota","c__Tremellomycetes","o__Tremellales","f__Bulleraceae","g__Fonsecazyma","s__mujuensis","negative"
"Pityogenes hopkinsi","ASV_20290",-2.64849844641813,0.005,0.0751421800947867,1,"Coleoptera","Curculionidae","Scolytinae","Pityogenes","Pityogenes hopkinsi","k__Fungi","p__Ascomycota","c__Dothideomycetes","o__Dothideales","f__Saccotheciaceae","g__Aureobasidium","s__pullulans","negative"
"Pityogenes hopkinsi","ASV_21235",-2.79008065347832,0.005,0.0751421800947867,1,"Coleoptera","Curculionidae","Scolytinae","Pityogenes","Pityogenes hopkinsi","k__Fungi","p__Ascomycota","c__Dothideomycetes","o__Dothideales","f__Dothioraceae","g__Dothiora",NA,"negative"
"Pityogenes hopkinsi","ASV_21485",-3.58071693510412,0.005,0.0751421800947867,1,"Coleoptera","Curculionidae","Scolytinae","Pityogenes","Pityogenes hopkinsi","k__Fungi","p__Ascomycota",NA,NA,NA,NA,NA,"negative"
"Pityogenes hopkinsi","ASV_22584",-2.91587817503859,0.005,0.0751421800947867,1,"Coleoptera","Curculionidae","Scolytinae","Pityogenes","Pityogenes hopkinsi","k__Fungi","p__Ascomycota","c__Dothideomycetes","o__Capnodiales","f__Neoantennariellaceae","g__Cippumomyces","s__mortalis","negative"
"Pityogenes hopkinsi","ASV_24232",-3.49989857374528,0.005,0.0751421800947867,1,"Coleoptera","Curculionidae","Scolytinae","Pityogenes","Pityogenes hopkinsi","k__Fungi","p__Basidiomycota","c__Agaricomycetes","o__Hymenochaetales","f__Schizoporaceae","g__Xylodon",NA,"negative"
"Pityogenes hopkinsi","ASV_24638",-2.95449654991666,0.005,0.0751421800947867,1,"Coleoptera","Curculionidae","Scolytinae","Pityogenes","Pityogenes hopkinsi","k__Fungi","p__Basidiomycota","c__Agaricomycetes","o__Agaricales","f__Strophariaceae","g__Pholiota","s__highlandensis","negative"
"Pityogenes hopkinsi","ASV_25429",-2.7993472771972,0.005,0.0751421800947867,1,"Coleoptera","Curculionidae","Scolytinae","Pityogenes","Pityogenes hopkinsi","k__Fungi","p__Ascomycota","c__Dothideomycetes","o__Mycosphaerellales","f__Mycosphaerellaceae","g__Ramularia",NA,"negative"
"Pityogenes hopkinsi","ASV_26201",-3.33256293998163,0.005,0.0751421800947867,1,"Coleoptera","Curculionidae","Scolytinae","Pityogenes","Pityogenes hopkinsi","k__Fungi","p__Basidiomycota","c__Agaricomycetes","o__Hymenochaetales","f__Hyphodontiaceae","g__Kneiffiella",NA,"negative"
"Pityogenes hopkinsi","ASV_28214",-2.98252746978957,0.005,0.0751421800947867,1,"Coleoptera","Curculionidae","Scolytinae","Pityogenes","Pityogenes hopkinsi","k__Fungi","p__Ascomycota","c__Dothideomycetes","o__Capnodiales","f__Cladosporiaceae","g__Cladosporium",NA,"negative"
"Pityogenes hopkinsi","ASV_28899",-3.45429989818597,0.005,0.0751421800947867,1,"Coleoptera","Curculionidae","Scolytinae","Pityogenes","Pityogenes hopkinsi","k__Fungi","p__Basidiomycota","c__Agaricomycetes","o__Polyporales","f__Podoscyphaceae","g__Hypochnicium","s__geogenium","negative"
"Pityogenes hopkinsi","ASV_430",-2.76729958717418,0.006,0.081134328358209,1,"Coleoptera","Curculionidae","Scolytinae","Pityogenes","Pityogenes hopkinsi","k__Fungi","p__Ascomycota","c__Dothideomycetes","o__Mycosphaerellales","f__Teratosphaeriaceae",NA,NA,"negative"
"Pityogenes hopkinsi","ASV_551",2.33672035979638,0.006,0.081134328358209,1,"Coleoptera","Curculionidae","Scolytinae","Pityogenes","Pityogenes hopkinsi","k__Fungi","p__Ascomycota","c__Sordariomycetes","o__Diaporthales","f__Valsaceae","g__Cytospora",NA,"positive"
"Pityogenes hopkinsi","ASV_736",2.7615084543044,0.006,0.081134328358209,1,"Coleoptera","Curculionidae","Scolytinae","Pityogenes","Pityogenes hopkinsi","k__Fungi","p__Ascomycota","c__Leotiomycetes","o__Helotiales","f__Dermateaceae",NA,NA,"positive"
"Pityogenes hopkinsi","ASV_933",2.64403820963406,0.006,0.081134328358209,1,"Coleoptera","Curculionidae","Scolytinae","Pityogenes","Pityogenes hopkinsi","k__Fungi","p__Ascomycota","c__Eurotiomycetes","o__Chaetothyriales","f__Chaetothyriaceae","g__Ceramothyrium","s__carniolicum","positive"
"Pityogenes hopkinsi","ASV_1482",-2.51735505027265,0.006,0.081134328358209,1,"Coleoptera","Curculionidae","Scolytinae","Pityogenes","Pityogenes hopkinsi","k__Fungi","p__Ascomycota","c__Eurotiomycetes","o__Chaetothyriales","f__Herpotrichiellaceae","g__Exophiala",NA,"negative"
"Pityogenes hopkinsi","ASV_2051",-2.69745920420936,0.006,0.081134328358209,1,"Coleoptera","Curculionidae","Scolytinae","Pityogenes","Pityogenes hopkinsi","k__Fungi","p__Ascomycota","c__Leotiomycetes","o__Rhytismatales",NA,NA,NA,"negative"
"Pityogenes hopkinsi","ASV_2252",3.09985349965399,0.006,0.081134328358209,1,"Coleoptera","Curculionidae","Scolytinae","Pityogenes","Pityogenes hopkinsi","k__Fungi","p__Basidiomycota","c__Tremellomycetes","o__Tremellales","f__Tremellaceae","g__Sirotrema","s__translucens","positive"
"Pityogenes hopkinsi","ASV_2737",-2.21569704489775,0.006,0.081134328358209,1,"Coleoptera","Curculionidae","Scolytinae","Pityogenes","Pityogenes hopkinsi","k__Fungi","p__Ascomycota","c__Dothideomycetes","o__Myriangiales","f__Endosporiaceae","g__Endosporium",NA,"negative"
"Pityogenes hopkinsi","ASV_3891",-2.91219104010986,0.006,0.081134328358209,1,"Coleoptera","Curculionidae","Scolytinae","Pityogenes","Pityogenes hopkinsi","k__Fungi","p__Ascomycota",NA,NA,NA,NA,NA,"negative"
"Pityogenes hopkinsi","ASV_3990",-2.74483255105415,0.006,0.081134328358209,1,"Coleoptera","Curculionidae","Scolytinae","Pityogenes","Pityogenes hopkinsi","k__Fungi","p__Ascomycota","c__Dothideomycetes",NA,NA,NA,NA,"negative"
"Pityogenes hopkinsi","ASV_4089",2.83658916199443,0.006,0.081134328358209,1,"Coleoptera","Curculionidae","Scolytinae","Pityogenes","Pityogenes hopkinsi","k__Fungi","p__Basidiomycota","c__Tremellomycetes","o__Tremellales",NA,NA,NA,"positive"
"Pityogenes hopkinsi","ASV_4592",3.58762740109307,0.006,0.081134328358209,1,"Coleoptera","Curculionidae","Scolytinae","Pityogenes","Pityogenes hopkinsi","k__Fungi","p__Ascomycota","c__Dothideomycetes","o__Mycosphaerellales",NA,NA,NA,"positive"
"Pityogenes hopkinsi","ASV_4933",-2.42383978837629,0.006,0.081134328358209,1,"Coleoptera","Curculionidae","Scolytinae","Pityogenes","Pityogenes hopkinsi","k__Fungi","p__Ascomycota","c__Dothideomycetes","o__Pleosporales",NA,NA,NA,"negative"
"Pityogenes hopkinsi","ASV_5036",2.76337405295409,0.006,0.081134328358209,1,"Coleoptera","Curculionidae","Scolytinae","Pityogenes","Pityogenes hopkinsi","k__Fungi","p__Basidiomycota",NA,NA,NA,NA,NA,"positive"
"Pityogenes hopkinsi","ASV_5279",-2.50987748030159,0.006,0.081134328358209,1,"Coleoptera","Curculionidae","Scolytinae","Pityogenes","Pityogenes hopkinsi","k__Fungi",NA,NA,NA,NA,NA,NA,"negative"
"Pityogenes hopkinsi","ASV_5711",4.40704401939808,0.006,0.081134328358209,1,"Coleoptera","Curculionidae","Scolytinae","Pityogenes","Pityogenes hopkinsi","k__Fungi","p__Ascomycota","c__Sordariomycetes","o__Diaporthales","f__Valsaceae","g__Cytospora","s__beilinensis","positive"
"Pityogenes hopkinsi","ASV_6044",-2.93076270217084,0.006,0.081134328358209,1,"Coleoptera","Curculionidae","Scolytinae","Pityogenes","Pityogenes hopkinsi","k__Fungi","p__Ascomycota","c__Sareomycetes","o__Sareales","f__Sareaceae","g__Sarea","s__difformis","negative"
"Pityogenes hopkinsi","ASV_6312",-2.48535878122406,0.006,0.081134328358209,1,"Coleoptera","Curculionidae","Scolytinae","Pityogenes","Pityogenes hopkinsi","k__Fungi","p__Ascomycota","c__Leotiomycetes","o__Helotiales","f__Helotiales_fam_Incertae_sedis","g__Cryptocline","s__arctostaphyli","negative"
"Pityogenes hopkinsi","ASV_6322",4.23461971901735,0.006,0.081134328358209,1,"Coleoptera","Curculionidae","Scolytinae","Pityogenes","Pityogenes hopkinsi","k__Fungi","p__Ascomycota","c__Dothideomycetes","o__Mytilinidiales","f__Mytilinidiaceae","g__Mytilinidion","s__insulare","positive"
"Pityogenes hopkinsi","ASV_6510",-2.53970540624997,0.006,0.081134328358209,1,"Coleoptera","Curculionidae","Scolytinae","Pityogenes","Pityogenes hopkinsi","k__Fungi",NA,NA,NA,NA,NA,NA,"negative"
"Pityogenes hopkinsi","ASV_6671",2.73284566210364,0.006,0.081134328358209,1,"Coleoptera","Curculionidae","Scolytinae","Pityogenes","Pityogenes hopkinsi","k__Fungi","p__Basidiomycota","c__Agaricostilbomycetes","o__Agaricostilbales","f__Chionosphaeraceae",NA,NA,"positive"
"Pityogenes hopkinsi","ASV_7473",-2.90761346076255,0.006,0.081134328358209,1,"Coleoptera","Curculionidae","Scolytinae","Pityogenes","Pityogenes hopkinsi","k__Fungi","p__Ascomycota","c__Eurotiomycetes","o__Chaetothyriales","f__Herpotrichiellaceae","g__Capronia","s__acutiseta","negative"
"Pityogenes hopkinsi","ASV_7623",-2.84057435346644,0.006,0.081134328358209,1,"Coleoptera","Curculionidae","Scolytinae","Pityogenes","Pityogenes hopkinsi","k__Fungi","p__Ascomycota","c__Dothideomycetes","o__Patellariales","f__Patellariaceae","g__Rhizodiscina","s__lignyota","negative"
"Pityogenes hopkinsi","ASV_7782",-2.42356765972342,0.006,0.081134328358209,1,"Coleoptera","Curculionidae","Scolytinae","Pityogenes","Pityogenes hopkinsi","k__Fungi","p__Basidiomycota","c__Tremellomycetes","o__Tremellales","f__Tremellaceae","g__Tremella","s__encephala","negative"
"Pityogenes hopkinsi","ASV_8591",-2.62742101351638,0.006,0.081134328358209,1,"Coleoptera","Curculionidae","Scolytinae","Pityogenes","Pityogenes hopkinsi","k__Fungi","p__Ascomycota","c__Dothideomycetes","o__Capnodiales","f__Neoantennariellaceae","g__Cippumomyces","s__mortalis","negative"
"Pityogenes hopkinsi","ASV_9407",3.04353313476431,0.006,0.081134328358209,1,"Coleoptera","Curculionidae","Scolytinae","Pityogenes","Pityogenes hopkinsi","k__Fungi","p__Ascomycota",NA,NA,NA,NA,NA,"positive"
"Pityogenes hopkinsi","ASV_9575",-2.87021460861316,0.006,0.081134328358209,1,"Coleoptera","Curculionidae","Scolytinae","Pityogenes","Pityogenes hopkinsi","k__Fungi","p__Basidiomycota","c__Exobasidiomycetes","o__Microstromatales","f__Microstromatales_fam_Incertae_sedis","g__Pseudomicrostroma",NA,"negative"
"Pityogenes hopkinsi","ASV_10138",-2.46067167483024,0.006,0.081134328358209,1,"Coleoptera","Curculionidae","Scolytinae","Pityogenes","Pityogenes hopkinsi","k__Fungi","p__Basidiomycota","c__Agaricomycetes","o__Polyporales","f__Irpicaceae","g__Irpex","s__lacteus","negative"
"Pityogenes hopkinsi","ASV_10312",-2.97712286823697,0.006,0.081134328358209,1,"Coleoptera","Curculionidae","Scolytinae","Pityogenes","Pityogenes hopkinsi","k__Fungi","p__Ascomycota","c__Dothideomycetes","o__Mycosphaerellales","f__Mycosphaerellaceae","g__Sphaerulina",NA,"negative"
"Pityogenes hopkinsi","ASV_11320",-2.59273016894884,0.006,0.081134328358209,1,"Coleoptera","Curculionidae","Scolytinae","Pityogenes","Pityogenes hopkinsi","k__Fungi","p__Basidiomycota","c__Microbotryomycetes","o__Microbotryomycetes_ord_Incertae_sedis","f__Microbotryomycetes_fam_Incertae_sedis","g__Curvibasidium",NA,"negative"
"Pityogenes hopkinsi","ASV_12370",-2.47645443942502,0.006,0.081134328358209,1,"Coleoptera","Curculionidae","Scolytinae","Pityogenes","Pityogenes hopkinsi","k__Fungi","p__Ascomycota","c__Dothideomycetes","o__Dothideales","f__Aureobasidiaceae","g__Kabatiella",NA,"negative"
"Pityogenes hopkinsi","ASV_13321",-2.87209313918116,0.006,0.081134328358209,1,"Coleoptera","Curculionidae","Scolytinae","Pityogenes","Pityogenes hopkinsi","k__Fungi","p__Basidiomycota","c__Microbotryomycetes","o__Sporidiobolales","f__Sporidiobolaceae","g__Rhodosporidiobolus","s__colostri","negative"
"Pityogenes hopkinsi","ASV_13609",-3.05981092957236,0.006,0.081134328358209,1,"Coleoptera","Curculionidae","Scolytinae","Pityogenes","Pityogenes hopkinsi","k__Fungi","p__Basidiomycota","c__Agaricomycetes","o__Hymenochaetales","f__Schizoporaceae","g__Oxyporus","s__corticola","negative"
"Pityogenes hopkinsi","ASV_15798",-2.72315456779236,0.006,0.081134328358209,1,"Coleoptera","Curculionidae","Scolytinae","Pityogenes","Pityogenes hopkinsi","k__Fungi","p__Ascomycota","c__Taphrinomycetes","o__Taphrinales","f__Taphrinaceae","g__Taphrina",NA,"negative"
"Pityogenes hopkinsi","ASV_15883",-2.33587832014496,0.006,0.081134328358209,1,"Coleoptera","Curculionidae","Scolytinae","Pityogenes","Pityogenes hopkinsi","k__Fungi","p__Ascomycota",NA,NA,NA,NA,NA,"negative"
"Pityogenes hopkinsi","ASV_15988",-2.14577135614731,0.006,0.081134328358209,1,"Coleoptera","Curculionidae","Scolytinae","Pityogenes","Pityogenes hopkinsi","k__Fungi","p__Ascomycota","c__Lecanoromycetes","o__Lecanorales",NA,NA,NA,"negative"
"Pityogenes hopkinsi","ASV_16211",-2.61837006705792,0.006,0.081134328358209,1,"Coleoptera","Curculionidae","Scolytinae","Pityogenes","Pityogenes hopkinsi","k__Fungi","p__Ascomycota","c__Sordariomycetes","o__Diaporthales","f__Erythrogloeaceae","g__Dendrostoma",NA,"negative"
"Pityogenes hopkinsi","ASV_16500",-2.66717528720086,0.006,0.081134328358209,1,"Coleoptera","Curculionidae","Scolytinae","Pityogenes","Pityogenes hopkinsi","k__Fungi","p__Ascomycota","c__Sordariomycetes","o__Xylariales","f__Amphisphaeriaceae","g__Monochaetia",NA,"negative"
"Pityogenes hopkinsi","ASV_17214",-2.97074277949071,0.006,0.081134328358209,1,"Coleoptera","Curculionidae","Scolytinae","Pityogenes","Pityogenes hopkinsi","k__Fungi","p__Ascomycota","c__Lecanoromycetes","o__Lecanorales",NA,NA,NA,"negative"
"Pityogenes hopkinsi","ASV_17680",-2.18190449748195,0.006,0.081134328358209,1,"Coleoptera","Curculionidae","Scolytinae","Pityogenes","Pityogenes hopkinsi","k__Fungi","p__Ascomycota","c__Dothideomycetes","o__Pleosporales",NA,NA,NA,"negative"
"Pityogenes hopkinsi","ASV_17939",-2.32292797941188,0.006,0.081134328358209,1,"Coleoptera","Curculionidae","Scolytinae","Pityogenes","Pityogenes hopkinsi","k__Fungi","p__Ascomycota","c__Dothideomycetes","o__Myriangiales","f__Elsinoaceae","g__Elsinoe",NA,"negative"
"Pityogenes hopkinsi","ASV_18633",-3.06272840817345,0.006,0.081134328358209,1,"Coleoptera","Curculionidae","Scolytinae","Pityogenes","Pityogenes hopkinsi","k__Fungi","p__Ascomycota","c__Dothideomycetes","o__Dothideales","f__Saccotheciaceae","g__Aureobasidium","s__pullulans","negative"
"Pityogenes hopkinsi","ASV_18871",-2.45794524113221,0.006,0.081134328358209,1,"Coleoptera","Curculionidae","Scolytinae","Pityogenes","Pityogenes hopkinsi","k__Fungi","p__Ascomycota","c__Dothideomycetes","o__Pleosporales","f__Lindgomycetaceae","g__Lindgomycetaceae_gen_Incertae_sedis",NA,"negative"
"Pityogenes hopkinsi","ASV_21321",-2.17615505855153,0.006,0.081134328358209,1,"Coleoptera","Curculionidae","Scolytinae","Pityogenes","Pityogenes hopkinsi","k__Fungi","p__Ascomycota","c__Dothideomycetes","o__Dothideales","f__Dothioraceae","g__Perusta",NA,"negative"
"Pityogenes hopkinsi","ASV_24655",-2.99633967078859,0.006,0.081134328358209,1,"Coleoptera","Curculionidae","Scolytinae","Pityogenes","Pityogenes hopkinsi","k__Fungi","p__Ascomycota","c__Sordariomycetes","o__Pisorisporiales","f__Pisorisporiaceae","g__Achroceratosphaeria",NA,"negative"
"Pityogenes hopkinsi","ASV_24896",-2.9165967984489,0.006,0.081134328358209,1,"Coleoptera","Curculionidae","Scolytinae","Pityogenes","Pityogenes hopkinsi","k__Fungi","p__Ascomycota","c__Dothideomycetes","o__Pleosporales","f__Didymosphaeriaceae","g__Spegazzinia","s__radermacherae","negative"
"Pityogenes hopkinsi","ASV_26409",-2.6580020545113,0.006,0.081134328358209,1,"Coleoptera","Curculionidae","Scolytinae","Pityogenes","Pityogenes hopkinsi","k__Fungi","p__Ascomycota","c__Dothideomycetes","o__Dothideales","f__Saccotheciaceae","g__Aureobasidium",NA,"negative"
"Pityogenes hopkinsi","ASV_34",-2.50024245984971,0.007,0.0843992395437262,1,"Coleoptera","Curculionidae","Scolytinae","Pityogenes","Pityogenes hopkinsi","k__Fungi","p__Ascomycota",NA,NA,NA,NA,NA,"negative"
"Pityogenes hopkinsi","ASV_82",2.61777115544134,0.007,0.0843992395437262,1,"Coleoptera","Curculionidae","Scolytinae","Pityogenes","Pityogenes hopkinsi","k__Fungi",NA,NA,NA,NA,NA,NA,"positive"
"Pityogenes hopkinsi","ASV_153",3.28337530473746,0.007,0.0843992395437262,1,"Coleoptera","Curculionidae","Scolytinae","Pityogenes","Pityogenes hopkinsi","k__Fungi","p__Ascomycota","c__Dothideomycetes","o__Mytilinidiales","f__Mytilinidiaceae","g__Mytilinidion","s__insulare","positive"
"Pityogenes hopkinsi","ASV_263",2.86166331684117,0.007,0.0843992395437262,1,"Coleoptera","Curculionidae","Scolytinae","Pityogenes","Pityogenes hopkinsi","k__Fungi","p__Ascomycota","c__Dothideomycetes","o__Dothideales","f__Saccotheciaceae","g__Aureobasidium","s__pullulans","positive"
"Pityogenes hopkinsi","ASV_360",-1.76368453748466,0.007,0.0843992395437262,1,"Coleoptera","Curculionidae","Scolytinae","Pityogenes","Pityogenes hopkinsi","k__Fungi","p__Ascomycota","c__Dothideomycetes","o__Pleosporales","f__Lophiotremataceae","g__Atrocalyx",NA,"negative"
"Pityogenes hopkinsi","ASV_408",2.56852064937882,0.007,0.0843992395437262,1,"Coleoptera","Curculionidae","Scolytinae","Pityogenes","Pityogenes hopkinsi","k__Fungi","p__Ascomycota","c__Dothideomycetes","o__Mycosphaerellales","f__Teratosphaeriaceae","g__Capnobotryella","s__renispora","positive"
"Pityogenes hopkinsi","ASV_729",2.46573494913981,0.007,0.0843992395437262,1,"Coleoptera","Curculionidae","Scolytinae","Pityogenes","Pityogenes hopkinsi","k__Fungi","p__Ascomycota","c__Dothideomycetes",NA,NA,NA,NA,"positive"
"Pityogenes hopkinsi","ASV_1169",2.59367614901034,0.007,0.0843992395437262,1,"Coleoptera","Curculionidae","Scolytinae","Pityogenes","Pityogenes hopkinsi","k__Fungi","p__Ascomycota","c__Dothideomycetes","o__Pleosporales","f__Lentitheciaceae","g__Lentitheciaceae_gen_Incertae_sedis",NA,"positive"
"Pityogenes hopkinsi","ASV_1556",2.52506265375567,0.007,0.0843992395437262,1,"Coleoptera","Curculionidae","Scolytinae","Pityogenes","Pityogenes hopkinsi","k__Fungi","p__Chytridiomycota","c__Spizellomycetes","o__Spizellomycetales","f__Powellomycetaceae","g__Thoreauomyces",NA,"positive"
"Pityogenes hopkinsi","ASV_1570",2.65848169228394,0.007,0.0843992395437262,1,"Coleoptera","Curculionidae","Scolytinae","Pityogenes","Pityogenes hopkinsi","k__Fungi","p__Ascomycota","c__Sordariomycetes","o__Xylariales","f__Graphostromataceae","g__Graphostroma","s__platystoma","positive"
"Pityogenes hopkinsi","ASV_1609",-2.46063606495931,0.007,0.0843992395437262,1,"Coleoptera","Curculionidae","Scolytinae","Pityogenes","Pityogenes hopkinsi","k__Fungi","p__Ascomycota","c__Dothideomycetes","o__Pleosporales","f__Phaeosphaeriaceae","g__Neosetophoma","s__samarorum","negative"
"Pityogenes hopkinsi","ASV_1720",-2.63219893640293,0.007,0.0843992395437262,1,"Coleoptera","Curculionidae","Scolytinae","Pityogenes","Pityogenes hopkinsi","k__Fungi","p__Ascomycota","c__Leotiomycetes","o__Rhytismatales",NA,NA,NA,"negative"
"Pityogenes hopkinsi","ASV_1775",2.6665054969101,0.007,0.0843992395437262,1,"Coleoptera","Curculionidae","Scolytinae","Pityogenes","Pityogenes hopkinsi","k__Fungi","p__Basidiomycota","c__Tremellomycetes","o__Tremellales","f__Bulleraceae","g__Fonsecazyma","s__tronadorensis","positive"
"Pityogenes hopkinsi","ASV_1876",-2.1368612018498,0.007,0.0843992395437262,1,"Coleoptera","Curculionidae","Scolytinae","Pityogenes","Pityogenes hopkinsi","k__Fungi","p__Basidiomycota","c__Tremellomycetes","o__Filobasidiales","f__Filobasidiaceae","g__Naganishia","s__albida","negative"
"Pityogenes hopkinsi","ASV_2011",2.54126549465286,0.007,0.0843992395437262,1,"Coleoptera","Curculionidae","Scolytinae","Pityogenes","Pityogenes hopkinsi","k__Fungi","p__Basidiomycota","c__Cystobasidiomycetes","o__Cystobasidiomycetes_ord_Incertae_sedis","f__Microsporomycetaceae",NA,NA,"positive"
"Pityogenes hopkinsi","ASV_2108",-2.639929437347,0.007,0.0843992395437262,1,"Coleoptera","Curculionidae","Scolytinae","Pityogenes","Pityogenes hopkinsi","k__Fungi",NA,NA,NA,NA,NA,NA,"negative"
"Pityogenes hopkinsi","ASV_2227",-2.56255907342162,0.007,0.0843992395437262,1,"Coleoptera","Curculionidae","Scolytinae","Pityogenes","Pityogenes hopkinsi","k__Fungi","p__Ascomycota","c__Saccharomycetes","o__Saccharomycetales","f__Saccharomycetales_fam_Incertae_sedis","g__Candida","s__piceae","negative"
"Pityogenes hopkinsi","ASV_2338",2.9731090893409,0.007,0.0843992395437262,1,"Coleoptera","Curculionidae","Scolytinae","Pityogenes","Pityogenes hopkinsi","k__Fungi","p__Ascomycota",NA,NA,NA,NA,NA,"positive"
"Pityogenes hopkinsi","ASV_2547",2.93927160855312,0.007,0.0843992395437262,1,"Coleoptera","Curculionidae","Scolytinae","Pityogenes","Pityogenes hopkinsi","k__Fungi","p__Ascomycota","c__Sordariomycetes","o__Calosphaeriales","f__Calosphaeriaceae","g__Jattaea","s__taediosa","positive"
"Pityogenes hopkinsi","ASV_2789",3.72139363921358,0.007,0.0843992395437262,1,"Coleoptera","Curculionidae","Scolytinae","Pityogenes","Pityogenes hopkinsi","k__Fungi","p__Basidiomycota","c__Agaricomycetes","o__Polyporales","f__Meruliaceae","g__Phlebia","s__radiata","positive"
"Pityogenes hopkinsi","ASV_3663",3.31268476782346,0.007,0.0843992395437262,1,"Coleoptera","Curculionidae","Scolytinae","Pityogenes","Pityogenes hopkinsi","k__Fungi","p__Ascomycota","c__Sordariomycetes","o__Xylariales","f__Diatrypaceae","g__Diatrype","s__stigma","positive"
"Pityogenes hopkinsi","ASV_4039",-2.7125988928514,0.007,0.0843992395437262,1,"Coleoptera","Curculionidae","Scolytinae","Pityogenes","Pityogenes hopkinsi","k__Fungi","p__Basidiomycota","c__Exobasidiomycetes","o__Microstromatales","f__Microstromatales_fam_Incertae_sedis","g__Pseudomicrostroma","s__phylloplanum","negative"
"Pityogenes hopkinsi","ASV_6126",-2.73956026492906,0.007,0.0843992395437262,1,"Coleoptera","Curculionidae","Scolytinae","Pityogenes","Pityogenes hopkinsi","k__Fungi","p__Ascomycota","c__Leotiomycetes","o__Helotiales","f__Sclerotiniaceae","g__Monilinia","s__ssiori","negative"
"Pityogenes hopkinsi","ASV_6377",-2.61311518004789,0.007,0.0843992395437262,1,"Coleoptera","Curculionidae","Scolytinae","Pityogenes","Pityogenes hopkinsi","k__Fungi","p__Basidiomycota","c__Agaricomycetes","o__Agaricales","f__Schizophyllaceae","g__Schizophyllum","s__commune","negative"
"Pityogenes hopkinsi","ASV_7548",-2.51041036121047,0.007,0.0843992395437262,1,"Coleoptera","Curculionidae","Scolytinae","Pityogenes","Pityogenes hopkinsi","k__Fungi","p__Ascomycota","c__Dothideomycetes","o__Dothideales","f__Saccotheciaceae","g__Aureobasidium","s__pullulans","negative"
"Pityogenes hopkinsi","ASV_8002",-2.43852597123149,0.007,0.0843992395437262,1,"Coleoptera","Curculionidae","Scolytinae","Pityogenes","Pityogenes hopkinsi","k__Fungi","p__Basidiomycota","c__Agaricomycetes","o__Agaricales","f__Tricholomataceae","g__Resupinatus","s__americanus","negative"
"Pityogenes hopkinsi","ASV_9006",-3.39239284468813,0.007,0.0843992395437262,1,"Coleoptera","Curculionidae","Scolytinae","Pityogenes","Pityogenes hopkinsi","k__Fungi","p__Ascomycota","c__Dothideomycetes","o__Pleosporales","f__Melanommataceae",NA,NA,"negative"
"Pityogenes hopkinsi","ASV_9124",-3.03426652045726,0.007,0.0843992395437262,1,"Coleoptera","Curculionidae","Scolytinae","Pityogenes","Pityogenes hopkinsi","k__Fungi","p__Basidiomycota","c__Agaricomycetes","o__Polyporales","f__Phanerochaetaceae","g__Hapalopilus","s__rutilans","negative"
"Pityogenes hopkinsi","ASV_9156",-1.71579085360914,0.007,0.0843992395437262,1,"Coleoptera","Curculionidae","Scolytinae","Pityogenes","Pityogenes hopkinsi","k__Fungi","p__Ascomycota","c__Pezizomycotina_cls_Incertae_sedis","o__Pezizomycotina_ord_Incertae_sedis","f__Pezizomycotina_fam_Incertae_sedis","g__Neomelanconium","s__gelatosporum","negative"
"Pityogenes hopkinsi","ASV_9310",-3.23494056459404,0.007,0.0843992395437262,1,"Coleoptera","Curculionidae","Scolytinae","Pityogenes","Pityogenes hopkinsi","k__Fungi","p__Ascomycota","c__Dothideomycetes","o__Pleosporales","f__Massarinaceae","g__Helminthosporium","s__asterinum","negative"
"Pityogenes hopkinsi","ASV_9467",-2.76531284447431,0.007,0.0843992395437262,1,"Coleoptera","Curculionidae","Scolytinae","Pityogenes","Pityogenes hopkinsi","k__Fungi","p__Basidiomycota","c__Exobasidiomycetes","o__Exobasidiales","f__Exobasidiaceae","g__Exobasidium","s__miyabei","negative"
"Pityogenes hopkinsi","ASV_10143",-3.24573718764205,0.007,0.0843992395437262,1,"Coleoptera","Curculionidae","Scolytinae","Pityogenes","Pityogenes hopkinsi","k__Fungi","p__Basidiomycota","c__Agaricomycetes","o__Agaricales","f__Tricholomataceae","g__Resupinatus","s__americanus","negative"
"Pityogenes hopkinsi","ASV_10412",-2.37776220221503,0.007,0.0843992395437262,1,"Coleoptera","Curculionidae","Scolytinae","Pityogenes","Pityogenes hopkinsi","k__Fungi","p__Ascomycota","c__Dothideomycetes","o__Dothideales","f__Saccotheciaceae","g__Aureobasidium","s__pullulans","negative"
"Pityogenes hopkinsi","ASV_10510",-2.86313485567068,0.007,0.0843992395437262,1,"Coleoptera","Curculionidae","Scolytinae","Pityogenes","Pityogenes hopkinsi","k__Fungi","p__Ascomycota","c__Sordariomycetes","o__Diaporthales","f__Valsaceae","g__Valsa",NA,"negative"
"Pityogenes hopkinsi","ASV_10522",-2.61639352534061,0.007,0.0843992395437262,1,"Coleoptera","Curculionidae","Scolytinae","Pityogenes","Pityogenes hopkinsi","k__Fungi","p__Ascomycota","c__Leotiomycetes",NA,NA,NA,NA,"negative"
"Pityogenes hopkinsi","ASV_12734",-2.069152391191,0.007,0.0843992395437262,1,"Coleoptera","Curculionidae","Scolytinae","Pityogenes","Pityogenes hopkinsi","k__Fungi","p__Basidiomycota","c__Agaricomycetes","o__Corticiales","f__Corticiaceae","g__Mycobernardia","s__incrustans","negative"
"Pityogenes hopkinsi","ASV_13977",3.30021646153104,0.007,0.0843992395437262,1,"Coleoptera","Curculionidae","Scolytinae","Pityogenes","Pityogenes hopkinsi","k__Fungi","p__Ascomycota","c__Lecanoromycetes","o__Lecanorales","f__Catillariaceae","g__Catillaria","s__chalybeia","positive"
"Pityogenes hopkinsi","ASV_14316",-2.55846485034388,0.007,0.0843992395437262,1,"Coleoptera","Curculionidae","Scolytinae","Pityogenes","Pityogenes hopkinsi","k__Fungi","p__Basidiomycota","c__Agaricomycetes","o__Polyporales","f__Hyphodermataceae","g__Hyphoderma","s__microporoides","negative"
"Pityogenes hopkinsi","ASV_14394",-2.01864899129097,0.007,0.0843992395437262,1,"Coleoptera","Curculionidae","Scolytinae","Pityogenes","Pityogenes hopkinsi","k__Fungi","p__Ascomycota","c__Dothideomycetes","o__Dothideales","f__Saccotheciaceae","g__Aureobasidium",NA,"negative"
"Pityogenes hopkinsi","ASV_15146",-2.92183018116531,0.007,0.0843992395437262,1,"Coleoptera","Curculionidae","Scolytinae","Pityogenes","Pityogenes hopkinsi","k__Fungi","p__Basidiomycota","c__Agaricomycetes","o__Polyporales","f__Irpicaceae","g__Irpex","s__lacteus","negative"
"Pityogenes hopkinsi","ASV_15740",-3.11597412911749,0.007,0.0843992395437262,1,"Coleoptera","Curculionidae","Scolytinae","Pityogenes","Pityogenes hopkinsi","k__Fungi","p__Basidiomycota","c__Agaricomycetes","o__Russulales","f__Peniophoraceae","g__Peniophora","s__cinerea","negative"
"Pityogenes hopkinsi","ASV_16099",-2.52714720501035,0.007,0.0843992395437262,1,"Coleoptera","Curculionidae","Scolytinae","Pityogenes","Pityogenes hopkinsi","k__Fungi","p__Ascomycota","c__Dothideomycetes","o__Pleosporales","f__Cucurbitariaceae","g__Neocucurbitaria","s__quercina","negative"
"Pityogenes hopkinsi","ASV_16271",-2.57010131329397,0.007,0.0843992395437262,1,"Coleoptera","Curculionidae","Scolytinae","Pityogenes","Pityogenes hopkinsi","k__Fungi","p__Basidiomycota","c__Microbotryomycetes","o__Microbotryomycetes_ord_Incertae_sedis","f__Microbotryomycetes_fam_Incertae_sedis","g__Curvibasidium",NA,"negative"
"Pityogenes hopkinsi","ASV_17173",-2.35317438517863,0.007,0.0843992395437262,1,"Coleoptera","Curculionidae","Scolytinae","Pityogenes","Pityogenes hopkinsi","k__Fungi","p__Ascomycota","c__Dothideomycetes","o__Pleosporales","f__Cucurbitariaceae","g__Neocucurbitaria",NA,"negative"
"Pityogenes hopkinsi","ASV_17354",-2.33416050617677,0.007,0.0843992395437262,1,"Coleoptera","Curculionidae","Scolytinae","Pityogenes","Pityogenes hopkinsi","k__Fungi","p__Ascomycota","c__Dothideomycetes","o__Myriangiales",NA,NA,NA,"negative"
"Pityogenes hopkinsi","ASV_17529",-2.9387895106457,0.007,0.0843992395437262,1,"Coleoptera","Curculionidae","Scolytinae","Pityogenes","Pityogenes hopkinsi","k__Fungi",NA,NA,NA,NA,NA,NA,"negative"
"Pityogenes hopkinsi","ASV_17697",2.66133509536639,0.007,0.0843992395437262,1,"Coleoptera","Curculionidae","Scolytinae","Pityogenes","Pityogenes hopkinsi","k__Fungi","p__Ascomycota","c__Sordariomycetes",NA,NA,NA,NA,"positive"
"Pityogenes hopkinsi","ASV_18329",-2.27686578808234,0.007,0.0843992395437262,1,"Coleoptera","Curculionidae","Scolytinae","Pityogenes","Pityogenes hopkinsi","k__Fungi","p__Ascomycota","c__Eurotiomycetes","o__Chaetothyriales","f__Herpotrichiellaceae","g__Rhinocladiella","s__coryli","negative"
"Pityogenes hopkinsi","ASV_18355",-2.60374547338005,0.007,0.0843992395437262,1,"Coleoptera","Curculionidae","Scolytinae","Pityogenes","Pityogenes hopkinsi","k__Fungi","p__Ascomycota","c__Lecanoromycetes","o__Caliciales","f__Caliciaceae","g__Amandinea","s__lecideina","negative"
"Pityogenes hopkinsi","ASV_20472",-2.06067199896613,0.007,0.0843992395437262,1,"Coleoptera","Curculionidae","Scolytinae","Pityogenes","Pityogenes hopkinsi","k__Fungi","p__Ascomycota","c__Lecanoromycetes","o__Caliciales","f__Physciaceae","g__Physcia","s__millegrana","negative"
"Pityogenes hopkinsi","ASV_23819",-2.78943769056775,0.007,0.0843992395437262,1,"Coleoptera","Curculionidae","Scolytinae","Pityogenes","Pityogenes hopkinsi","k__Fungi","p__Ascomycota","c__Dothideomycetes","o__Capnodiales","f__Cladosporiaceae","g__Cladosporium",NA,"negative"
"Pityogenes hopkinsi","ASV_24700",-2.80615529943017,0.007,0.0843992395437262,1,"Coleoptera","Curculionidae","Scolytinae","Pityogenes","Pityogenes hopkinsi","k__Fungi","p__Ascomycota","c__Sordariomycetes","o__Sordariomycetes_ord_Incertae_sedis","f__Sordariomycetes_fam_Incertae_sedis","g__Rhamphoria","s__pyriformis","negative"
"Pityogenes hopkinsi","ASV_24716",-2.46866374767994,0.007,0.0843992395437262,1,"Coleoptera","Curculionidae","Scolytinae","Pityogenes","Pityogenes hopkinsi","k__Fungi","p__Ascomycota","c__Lecanoromycetes","o__Lecanorales","f__Lecanoraceae","g__Lecanora","s__hybocarpa","negative"
"Pityogenes hopkinsi","ASV_25620",-2.74637330299338,0.007,0.0843992395437262,1,"Coleoptera","Curculionidae","Scolytinae","Pityogenes","Pityogenes hopkinsi","k__Fungi","p__Ascomycota","c__Dothideomycetes","o__Dothideales","f__Dothideaceae","g__Rhizosphaera",NA,"negative"
"Pityogenes hopkinsi","ASV_27056",-2.2794270828108,0.007,0.0843992395437262,1,"Coleoptera","Curculionidae","Scolytinae","Pityogenes","Pityogenes hopkinsi","k__Fungi","p__Ascomycota","c__Dothideomycetes",NA,NA,NA,NA,"negative"
"Pityogenes hopkinsi","ASV_27540",-2.53391135431752,0.007,0.0843992395437262,1,"Coleoptera","Curculionidae","Scolytinae","Pityogenes","Pityogenes hopkinsi","k__Fungi","p__Ascomycota",NA,NA,NA,NA,NA,"negative"
"Pityogenes hopkinsi","ASV_29419",-2.92914393450964,0.007,0.0843992395437262,1,"Coleoptera","Curculionidae","Scolytinae","Pityogenes","Pityogenes hopkinsi","k__Fungi","p__Ascomycota","c__Dothideomycetes","o__Capnodiales","f__Capnodiaceae","g__Scorias","s__mangiferae","negative"
"Pityogenes hopkinsi","ASV_41",-2.48895452030795,0.008,0.0901172291296625,1,"Coleoptera","Curculionidae","Scolytinae","Pityogenes","Pityogenes hopkinsi","k__Fungi","p__Ascomycota","c__Saccharomycetes","o__Saccharomycetales","f__Debaryomycetaceae","g__Peterozyma","s__xylosa","negative"
"Pityogenes hopkinsi","ASV_1324",2.75098108213852,0.008,0.0901172291296625,1,"Coleoptera","Curculionidae","Scolytinae","Pityogenes","Pityogenes hopkinsi","k__Fungi","p__Basidiomycota","c__Tremellomycetes","o__Tremellales","f__Phaeotremellaceae","g__Phaeotremella",NA,"positive"
"Pityogenes hopkinsi","ASV_1555",2.62372343970592,0.008,0.0901172291296625,1,"Coleoptera","Curculionidae","Scolytinae","Pityogenes","Pityogenes hopkinsi","k__Fungi","p__Ascomycota","c__Leotiomycetes","o__Erysiphales","f__Erysiphaceae","g__Podosphaera","s__leucotricha","positive"
"Pityogenes hopkinsi","ASV_2102",-3.29402819533532,0.008,0.0901172291296625,1,"Coleoptera","Curculionidae","Scolytinae","Pityogenes","Pityogenes hopkinsi","k__Fungi","p__Basidiomycota","c__Tremellomycetes","o__Tremellales","f__Tremellaceae","g__Tremella","s__globispora","negative"
"Pityogenes hopkinsi","ASV_2593",3.11276900348072,0.008,0.0901172291296625,1,"Coleoptera","Curculionidae","Scolytinae","Pityogenes","Pityogenes hopkinsi","k__Fungi","p__Ascomycota","c__Sordariomycetes","o__Diaporthales","f__Valsaceae","g__Valsa",NA,"positive"
"Pityogenes hopkinsi","ASV_2617",-2.78915842830851,0.008,0.0901172291296625,1,"Coleoptera","Curculionidae","Scolytinae","Pityogenes","Pityogenes hopkinsi","k__Fungi","p__Basidiomycota","c__Cystobasidiomycetes","o__Erythrobasidiales","f__Erythrobasidiaceae","g__Erythrobasidium",NA,"negative"
"Pityogenes hopkinsi","ASV_2729",-2.49689572974441,0.008,0.0901172291296625,1,"Coleoptera","Curculionidae","Scolytinae","Pityogenes","Pityogenes hopkinsi","k__Fungi","p__Ascomycota","c__Dothideomycetes","o__Mycosphaerellales","f__Mycosphaerellaceae",NA,NA,"negative"
"Pityogenes hopkinsi","ASV_3253",2.93618519831277,0.008,0.0901172291296625,1,"Coleoptera","Curculionidae","Scolytinae","Pityogenes","Pityogenes hopkinsi","k__Fungi","p__Basidiomycota",NA,NA,NA,NA,NA,"positive"
"Pityogenes hopkinsi","ASV_3422",3.13122879530018,0.008,0.0901172291296625,1,"Coleoptera","Curculionidae","Scolytinae","Pityogenes","Pityogenes hopkinsi","k__Fungi","p__Ascomycota","c__Eurotiomycetes","o__Coryneliales","f__Coryneliaceae","g__Caliciopsis","s__pinea","positive"
"Pityogenes hopkinsi","ASV_3540",-2.50982297462048,0.008,0.0901172291296625,1,"Coleoptera","Curculionidae","Scolytinae","Pityogenes","Pityogenes hopkinsi","k__Fungi","p__Ascomycota",NA,NA,NA,NA,NA,"negative"
"Pityogenes hopkinsi","ASV_3584",-2.21421517831154,0.008,0.0901172291296625,1,"Coleoptera","Curculionidae","Scolytinae","Pityogenes","Pityogenes hopkinsi","k__Fungi","p__Ascomycota","c__Dothideomycetes","o__Mycosphaerellales","f__Mycosphaerellaceae","g__Paramycosphaerella",NA,"negative"
"Pityogenes hopkinsi","ASV_3948",3.89625544407705,0.008,0.0901172291296625,1,"Coleoptera","Curculionidae","Scolytinae","Pityogenes","Pityogenes hopkinsi","k__Fungi","p__Ascomycota","c__Sordariomycetes","o__Diaporthales","f__Valsaceae","g__Cytospora",NA,"positive"
"Pityogenes hopkinsi","ASV_4311",-2.82236288656488,0.008,0.0901172291296625,1,"Coleoptera","Curculionidae","Scolytinae","Pityogenes","Pityogenes hopkinsi","k__Fungi","p__Ascomycota",NA,NA,NA,NA,NA,"negative"
"Pityogenes hopkinsi","ASV_6033",-2.70472952918839,0.008,0.0901172291296625,1,"Coleoptera","Curculionidae","Scolytinae","Pityogenes","Pityogenes hopkinsi","k__Fungi","p__Basidiomycota","c__Tremellomycetes","o__Tremellales","f__Tremellaceae","g__Tremella","s__nivalis","negative"
"Pityogenes hopkinsi","ASV_6496",2.23130949781803,0.008,0.0901172291296625,1,"Coleoptera","Curculionidae","Scolytinae","Pityogenes","Pityogenes hopkinsi","k__Fungi","p__Basidiomycota","c__Agaricomycetes","o__Agaricales","f__Crepidotaceae",NA,NA,"positive"
"Pityogenes hopkinsi","ASV_6589",-2.55072323761432,0.008,0.0901172291296625,1,"Coleoptera","Curculionidae","Scolytinae","Pityogenes","Pityogenes hopkinsi","k__Fungi","p__Basidiomycota","c__Agaricomycetes","o__Russulales","f__Peniophoraceae","g__Peniophora",NA,"negative"
"Pityogenes hopkinsi","ASV_8587",2.99807902939153,0.008,0.0901172291296625,1,"Coleoptera","Curculionidae","Scolytinae","Pityogenes","Pityogenes hopkinsi","k__Fungi","p__Basidiomycota","c__Agaricomycetes","o__Agaricales","f__Mycenaceae","g__Mycena","s__alcalina","positive"
"Pityogenes hopkinsi","ASV_8991",3.3904998682514,0.008,0.0901172291296625,1,"Coleoptera","Curculionidae","Scolytinae","Pityogenes","Pityogenes hopkinsi","k__Fungi","p__Ascomycota","c__Eurotiomycetes","o__Verrucariales","f__Verrucariaceae","g__Verrucariaceae_gen_Incertae_sedis",NA,"positive"
"Pityogenes hopkinsi","ASV_9624",-3.13172298118886,0.008,0.0901172291296625,1,"Coleoptera","Curculionidae","Scolytinae","Pityogenes","Pityogenes hopkinsi","k__Fungi","p__Basidiomycota","c__Agaricostilbomycetes","o__Agaricostilbales","f__Agaricostilbales_fam_Incertae_sedis","g__Agaricostilbales_gen_Incertae_sedis",NA,"negative"
"Pityogenes hopkinsi","ASV_10291",-2.47997644492159,0.008,0.0901172291296625,1,"Coleoptera","Curculionidae","Scolytinae","Pityogenes","Pityogenes hopkinsi","k__Fungi","p__Basidiomycota","c__Agaricomycetes","o__Agaricales","f__Pleurotaceae","g__Hohenbuehelia","s__carlothornii","negative"
"Pityogenes hopkinsi","ASV_10884",-2.11837219921552,0.008,0.0901172291296625,1,"Coleoptera","Curculionidae","Scolytinae","Pityogenes","Pityogenes hopkinsi","k__Fungi","p__Basidiomycota","c__Tremellomycetes","o__Tremellales","f__Cryptococcaceae","g__Cryptococcus","s__aureus","negative"
"Pityogenes hopkinsi","ASV_10910",-2.16735022040508,0.008,0.0901172291296625,1,"Coleoptera","Curculionidae","Scolytinae","Pityogenes","Pityogenes hopkinsi","k__Fungi","p__Ascomycota","c__Dothideomycetes",NA,NA,NA,NA,"negative"
"Pityogenes hopkinsi","ASV_14209",-3.1787697744939,0.008,0.0901172291296625,1,"Coleoptera","Curculionidae","Scolytinae","Pityogenes","Pityogenes hopkinsi","k__Fungi","p__Basidiomycota","c__Agaricomycetes","o__Russulales","f__Peniophoraceae","g__Peniophora","s__cinerea","negative"
"Pityogenes hopkinsi","ASV_15235",-3.03738241701778,0.008,0.0901172291296625,1,"Coleoptera","Curculionidae","Scolytinae","Pityogenes","Pityogenes hopkinsi","k__Fungi","p__Basidiomycota","c__Agaricomycetes","o__Polyporales","f__Steccherinaceae","g__Steccherinum","s__fimbriatum","negative"
"Pityogenes hopkinsi","ASV_16122",-2.74124497798396,0.008,0.0901172291296625,1,"Coleoptera","Curculionidae","Scolytinae","Pityogenes","Pityogenes hopkinsi","k__Fungi","p__Basidiomycota","c__Agaricomycetes","o__Russulales","f__Peniophoraceae","g__Peniophora",NA,"negative"
"Pityogenes hopkinsi","ASV_17719",-2.44805838372528,0.008,0.0901172291296625,1,"Coleoptera","Curculionidae","Scolytinae","Pityogenes","Pityogenes hopkinsi","k__Fungi","p__Ascomycota","c__Dothideomycetes","o__Capnodiales","f__Cladosporiaceae","g__Cladosporium","s__herbarum","negative"
"Pityogenes hopkinsi","ASV_19273",-2.99391790448114,0.008,0.0901172291296625,1,"Coleoptera","Curculionidae","Scolytinae","Pityogenes","Pityogenes hopkinsi","k__Fungi","p__Basidiomycota","c__Agaricomycetes","o__Russulales","f__Peniophoraceae","g__Peniophora","s__cinerea","negative"
"Pityogenes hopkinsi","ASV_19786",-3.07319273905724,0.008,0.0901172291296625,1,"Coleoptera","Curculionidae","Scolytinae","Pityogenes","Pityogenes hopkinsi","k__Fungi","p__Ascomycota","c__Dothideomycetes","o__Capnodiales","f__Cladosporiaceae","g__Cladosporium","s__herbarum","negative"
"Pityogenes hopkinsi","ASV_20272",-2.52604065768735,0.008,0.0901172291296625,1,"Coleoptera","Curculionidae","Scolytinae","Pityogenes","Pityogenes hopkinsi","k__Fungi","p__Basidiomycota","c__Agaricomycetes","o__Hymenochaetales","f__Tubulicrinaceae","g__Tubulicrinis","s__chaetophorus","negative"
"Pityogenes hopkinsi","ASV_20815",-2.91124529548445,0.008,0.0901172291296625,1,"Coleoptera","Curculionidae","Scolytinae","Pityogenes","Pityogenes hopkinsi","k__Fungi","p__Basidiomycota","c__Tremellomycetes","o__Tremellales","f__Rhynchogastremataceae","g__Papiliotrema","s__wisconsinensis","negative"
"Pityogenes hopkinsi","ASV_22186",-2.6710734465822,0.008,0.0901172291296625,1,"Coleoptera","Curculionidae","Scolytinae","Pityogenes","Pityogenes hopkinsi","k__Fungi","p__Basidiomycota",NA,NA,NA,NA,NA,"negative"
"Pityogenes hopkinsi","ASV_22335",-3.0751870684925,0.008,0.0901172291296625,1,"Coleoptera","Curculionidae","Scolytinae","Pityogenes","Pityogenes hopkinsi","k__Fungi","p__Ascomycota","c__Lecanoromycetes","o__Ostropales","f__Stictidaceae","g__Cryptodiscus","s__pallidus","negative"
"Pityogenes hopkinsi","ASV_23278",-2.60135803134477,0.008,0.0901172291296625,1,"Coleoptera","Curculionidae","Scolytinae","Pityogenes","Pityogenes hopkinsi","k__Fungi","p__Basidiomycota","c__Tremellomycetes","o__Tremellales","f__Bulleribasidiaceae","g__Vishniacozyma","s__dimennae","negative"
"Pityogenes hopkinsi","ASV_24281",-2.68980471338315,0.008,0.0901172291296625,1,"Coleoptera","Curculionidae","Scolytinae","Pityogenes","Pityogenes hopkinsi","k__Fungi","p__Basidiomycota","c__Agaricomycetes","o__Russulales","f__Gloeocystidiellaceae","g__Gloeocystidiellum","s__kenyense","negative"
"Pityogenes hopkinsi","ASV_25048",-2.23399899878167,0.008,0.0901172291296625,1,"Coleoptera","Curculionidae","Scolytinae","Pityogenes","Pityogenes hopkinsi","k__Fungi","p__Ascomycota","c__Lecanoromycetes","o__Caliciales",NA,NA,NA,"negative"
"Pityogenes hopkinsi","ASV_25451",-2.30154820450638,0.008,0.0901172291296625,1,"Coleoptera","Curculionidae","Scolytinae","Pityogenes","Pityogenes hopkinsi","k__Fungi","p__Ascomycota","c__Lecanoromycetes","o__Lecanorales","f__Lecanoraceae","g__Lecanora",NA,"negative"
"Pityogenes hopkinsi","ASV_26197",-2.37447784635256,0.008,0.0901172291296625,1,"Coleoptera","Curculionidae","Scolytinae","Pityogenes","Pityogenes hopkinsi","k__Fungi",NA,NA,NA,NA,NA,NA,"negative"
"Pityogenes hopkinsi","ASV_127",2.95183936871457,0.009,0.0945,1,"Coleoptera","Curculionidae","Scolytinae","Pityogenes","Pityogenes hopkinsi","k__Fungi","p__Ascomycota","c__Leotiomycetes","o__Thelebolales","f__Pseudeurotiaceae","g__Hyphozyma","s__roseonigra","positive"
"Pityogenes hopkinsi","ASV_298",2.87426744234936,0.009,0.0945,1,"Coleoptera","Curculionidae","Scolytinae","Pityogenes","Pityogenes hopkinsi","k__Fungi","p__Ascomycota","c__Leotiomycetes","o__Thelebolales","f__Pseudeurotiaceae","g__Hyphozyma","s__roseonigra","positive"
"Pityogenes hopkinsi","ASV_864",3.78663217136396,0.009,0.0945,1,"Coleoptera","Curculionidae","Scolytinae","Pityogenes","Pityogenes hopkinsi","k__Fungi","p__Ascomycota","c__Lecanoromycetes","o__Lecanorales",NA,NA,NA,"positive"
"Pityogenes hopkinsi","ASV_969",3.16295105623405,0.009,0.0945,1,"Coleoptera","Curculionidae","Scolytinae","Pityogenes","Pityogenes hopkinsi","k__Fungi","p__Ascomycota","c__Sordariomycetes","o__Diaporthales","f__Valsaceae","g__Cytospora","s__populina","positive"
"Pityogenes hopkinsi","ASV_998",2.63309021055987,0.009,0.0945,1,"Coleoptera","Curculionidae","Scolytinae","Pityogenes","Pityogenes hopkinsi","k__Fungi","p__Basidiomycota","c__Agaricomycetes","o__Polyporales","f__Irpicaceae","g__Irpex","s__lacteus","positive"
"Pityogenes hopkinsi","ASV_1188",-2.84689453792837,0.009,0.0945,1,"Coleoptera","Curculionidae","Scolytinae","Pityogenes","Pityogenes hopkinsi","k__Fungi","p__Basidiomycota","c__Cystobasidiomycetes","o__Cystobasidiomycetes_ord_Incertae_sedis","f__Symmetrosporaceae","g__Symmetrospora",NA,"negative"
"Pityogenes hopkinsi","ASV_1714",-2.94640850879916,0.009,0.0945,1,"Coleoptera","Curculionidae","Scolytinae","Pityogenes","Pityogenes hopkinsi","k__Fungi","p__Ascomycota","c__Lecanoromycetes","o__Lecanorales","f__Catillariaceae","g__Catillaria","s__chalybeia","negative"
"Pityogenes hopkinsi","ASV_2274",1.85983773646881,0.009,0.0945,1,"Coleoptera","Curculionidae","Scolytinae","Pityogenes","Pityogenes hopkinsi","k__Fungi","p__Ascomycota","c__Dothideomycetes","o__Pleosporales","f__Cucurbitariaceae","g__Neocucurbitaria","s__quercina","positive"
"Pityogenes hopkinsi","ASV_2286",3.37016065665207,0.009,0.0945,1,"Coleoptera","Curculionidae","Scolytinae","Pityogenes","Pityogenes hopkinsi","k__Fungi","p__Ascomycota","c__Dothideomycetes","o__Mycosphaerellales","f__Teratosphaeriaceae",NA,NA,"positive"
"Pityogenes hopkinsi","ASV_2350",3.66316479501755,0.009,0.0945,1,"Coleoptera","Curculionidae","Scolytinae","Pityogenes","Pityogenes hopkinsi","k__Fungi","p__Ascomycota","c__Eurotiomycetes","o__Chaetothyriales","f__Herpotrichiellaceae","g__Sorocybe",NA,"positive"
"Pityogenes hopkinsi","ASV_2515",3.77183760420209,0.009,0.0945,1,"Coleoptera","Curculionidae","Scolytinae","Pityogenes","Pityogenes hopkinsi","k__Fungi","p__Ascomycota","c__Eurotiomycetes","o__Coryneliales","f__Coryneliales_fam_Incertae_sedis","g__Coryneliales_gen_Incertae_sedis",NA,"positive"
"Pityogenes hopkinsi","ASV_2827",3.29564260935149,0.009,0.0945,1,"Coleoptera","Curculionidae","Scolytinae","Pityogenes","Pityogenes hopkinsi","k__Fungi","p__Ascomycota",NA,NA,NA,NA,NA,"positive"
"Pityogenes hopkinsi","ASV_2871",-2.73916025088781,0.009,0.0945,1,"Coleoptera","Curculionidae","Scolytinae","Pityogenes","Pityogenes hopkinsi","k__Fungi","p__Basidiomycota","c__Agaricomycetes","o__Agaricales","f__Mycenaceae","g__Mycena","s__abramsii","negative"
"Pityogenes hopkinsi","ASV_3009",-2.03487526593353,0.009,0.0945,1,"Coleoptera","Curculionidae","Scolytinae","Pityogenes","Pityogenes hopkinsi","k__Fungi","p__Ascomycota","c__Dothideomycetes","o__Pleosporales","f__Cucurbitariaceae","g__Parafenestella","s__salicis","negative"
"Pityogenes hopkinsi","ASV_3649",-2.46860005800415,0.009,0.0945,1,"Coleoptera","Curculionidae","Scolytinae","Pityogenes","Pityogenes hopkinsi","k__Fungi","p__Ascomycota",NA,NA,NA,NA,NA,"negative"
"Pityogenes hopkinsi","ASV_3916",-2.16331594673889,0.009,0.0945,1,"Coleoptera","Curculionidae","Scolytinae","Pityogenes","Pityogenes hopkinsi","k__Fungi","p__Basidiomycota",NA,NA,NA,NA,NA,"negative"
"Pityogenes hopkinsi","ASV_3972",-2.32700659103614,0.009,0.0945,1,"Coleoptera","Curculionidae","Scolytinae","Pityogenes","Pityogenes hopkinsi","k__Fungi","p__Ascomycota","c__Dothideomycetes","o__Capnodiales","f__Cladosporiaceae","g__Cladosporium","s__herbarum","negative"
"Pityogenes hopkinsi","ASV_4992",-2.72262883932392,0.009,0.0945,1,"Coleoptera","Curculionidae","Scolytinae","Pityogenes","Pityogenes hopkinsi","k__Fungi","p__Ascomycota","c__Lecanoromycetes","o__Caliciales",NA,NA,NA,"negative"
"Pityogenes hopkinsi","ASV_5533",-4.03254469507988,0.009,0.0945,1,"Coleoptera","Curculionidae","Scolytinae","Pityogenes","Pityogenes hopkinsi","k__Fungi","p__Ascomycota","c__Dothideomycetes","o__Pleosporales",NA,NA,NA,"negative"
"Pityogenes hopkinsi","ASV_5997",2.92437373615421,0.009,0.0945,1,"Coleoptera","Curculionidae","Scolytinae","Pityogenes","Pityogenes hopkinsi","k__Fungi","p__Ascomycota","c__Eurotiomycetes","o__Chaetothyriales",NA,NA,NA,"positive"
"Pityogenes hopkinsi","ASV_6390",-2.42518824322965,0.009,0.0945,1,"Coleoptera","Curculionidae","Scolytinae","Pityogenes","Pityogenes hopkinsi","k__Fungi","p__Basidiomycota","c__Tremellomycetes","o__Tremellales","f__Bulleribasidiaceae","g__Vishniacozyma","s__dimennae","negative"
"Pityogenes hopkinsi","ASV_8783",-2.68669925602319,0.009,0.0945,1,"Coleoptera","Curculionidae","Scolytinae","Pityogenes","Pityogenes hopkinsi","k__Fungi","p__Ascomycota","c__Saccharomycetes","o__Saccharomycetales","f__Saccharomycopsidaceae",NA,NA,"negative"
"Pityogenes hopkinsi","ASV_8888",-2.18005733847089,0.009,0.0945,1,"Coleoptera","Curculionidae","Scolytinae","Pityogenes","Pityogenes hopkinsi","k__Fungi","p__Ascomycota","c__Taphrinomycetes","o__Taphrinales","f__Taphrinaceae","g__Taphrina",NA,"negative"
"Pityogenes hopkinsi","ASV_9342",-2.63528637226584,0.009,0.0945,1,"Coleoptera","Curculionidae","Scolytinae","Pityogenes","Pityogenes hopkinsi","k__Fungi","p__Ascomycota",NA,NA,NA,NA,NA,"negative"
"Pityogenes hopkinsi","ASV_10518",-3.15791162007646,0.009,0.0945,1,"Coleoptera","Curculionidae","Scolytinae","Pityogenes","Pityogenes hopkinsi","k__Fungi","p__Ascomycota","c__Dothideomycetes","o__Dothideales","f__Saccotheciaceae","g__Aureobasidium","s__pullulans","negative"
"Pityogenes hopkinsi","ASV_11372",-2.39913012122131,0.009,0.0945,1,"Coleoptera","Curculionidae","Scolytinae","Pityogenes","Pityogenes hopkinsi","k__Fungi","p__Ascomycota","c__Dothideomycetes","o__Pleosporales","f__Didymellaceae","g__Phoma","s__aloes","negative"
"Pityogenes hopkinsi","ASV_13443",-2.52836342302327,0.009,0.0945,1,"Coleoptera","Curculionidae","Scolytinae","Pityogenes","Pityogenes hopkinsi","k__Fungi","p__Ascomycota",NA,NA,NA,NA,NA,"negative"
"Pityogenes hopkinsi","ASV_14991",-2.6737695351308,0.009,0.0945,1,"Coleoptera","Curculionidae","Scolytinae","Pityogenes","Pityogenes hopkinsi","k__Fungi","p__Basidiomycota","c__Agaricomycetes","o__Russulales","f__Peniophoraceae","g__Peniophoraceae_gen_Incertae_sedis",NA,"negative"
"Pityogenes hopkinsi","ASV_15972",-2.91288940090057,0.009,0.0945,1,"Coleoptera","Curculionidae","Scolytinae","Pityogenes","Pityogenes hopkinsi","k__Fungi","p__Ascomycota","c__Dothideomycetes","o__Dothideales","f__Dothideaceae","g__Dothidea",NA,"negative"
"Pityogenes hopkinsi","ASV_17203",-2.63201233904358,0.009,0.0945,1,"Coleoptera","Curculionidae","Scolytinae","Pityogenes","Pityogenes hopkinsi","k__Fungi","p__Basidiomycota","c__Agaricomycetes","o__Agaricales","f__Psathyrellaceae","g__Coprinopsis","s__clastophylla","negative"
"Pityogenes hopkinsi","ASV_18008",-2.44910281602394,0.009,0.0945,1,"Coleoptera","Curculionidae","Scolytinae","Pityogenes","Pityogenes hopkinsi","k__Fungi","p__Ascomycota","c__Dothideomycetes","o__Capnodiales","f__Cladosporiaceae","g__Cladosporium",NA,"negative"
"Pityogenes hopkinsi","ASV_20302",-2.13698841607581,0.009,0.0945,1,"Coleoptera","Curculionidae","Scolytinae","Pityogenes","Pityogenes hopkinsi","k__Fungi","p__Ascomycota","c__Sordariomycetes","o__Xylariales","f__Amphisphaeriaceae","g__Monochaetia","s__monochaeta","negative"
"Pityogenes hopkinsi","ASV_20375",-2.81049668257676,0.009,0.0945,1,"Coleoptera","Curculionidae","Scolytinae","Pityogenes","Pityogenes hopkinsi","k__Fungi",NA,NA,NA,NA,NA,NA,"negative"
"Pityogenes hopkinsi","ASV_20518",-2.54953371450883,0.009,0.0945,1,"Coleoptera","Curculionidae","Scolytinae","Pityogenes","Pityogenes hopkinsi","k__Fungi","p__Basidiomycota","c__Microbotryomycetes","o__Sporidiobolales","f__Sporidiobolaceae","g__Sporobolomyces","s__cellobiolyticus","negative"
"Pityogenes hopkinsi","ASV_21208",-2.66621988963515,0.009,0.0945,1,"Coleoptera","Curculionidae","Scolytinae","Pityogenes","Pityogenes hopkinsi","k__Fungi","p__Ascomycota","c__Lecanoromycetes","o__Lecanorales","f__Ramalinaceae",NA,NA,"negative"
"Pityogenes hopkinsi","ASV_21306",-2.68588925718641,0.009,0.0945,1,"Coleoptera","Curculionidae","Scolytinae","Pityogenes","Pityogenes hopkinsi","k__Fungi","p__Ascomycota","c__Dothideomycetes","o__Hysteriales","f__Hysteriaceae","g__Hysterium",NA,"negative"
"Pityogenes hopkinsi","ASV_23284",-2.10870069312094,0.009,0.0945,1,"Coleoptera","Curculionidae","Scolytinae","Pityogenes","Pityogenes hopkinsi","k__Fungi","p__Ascomycota","c__Lecanoromycetes","o__Lecanorales","f__Lecanoraceae",NA,NA,"negative"
"Pityogenes hopkinsi","ASV_24676",-2.18585732514163,0.009,0.0945,1,"Coleoptera","Curculionidae","Scolytinae","Pityogenes","Pityogenes hopkinsi","k__Fungi","p__Ascomycota","c__Dothideomycetes","o__Dothideales","f__Saccotheciaceae","g__Aureobasidium",NA,"negative"
"Pityogenes hopkinsi","ASV_25425",-2.74862973936541,0.009,0.0945,1,"Coleoptera","Curculionidae","Scolytinae","Pityogenes","Pityogenes hopkinsi","k__Fungi","p__Basidiomycota","c__Dacrymycetes","o__Dacrymycetales","f__Dacrymycetaceae","g__Dacrymyces","s__chrysospermus","negative"
"Pityogenes hopkinsi","ASV_27506",-2.58100559778284,0.009,0.0945,1,"Coleoptera","Curculionidae","Scolytinae","Pityogenes","Pityogenes hopkinsi","k__Fungi","p__Ascomycota","c__Dothideomycetes","o__Dothideales","f__Saccotheciaceae","g__Aureobasidium",NA,"negative"
"Pityogenes hopkinsi","ASV_27514",-2.67253062069939,0.009,0.0945,1,"Coleoptera","Curculionidae","Scolytinae","Pityogenes","Pityogenes hopkinsi","k__Fungi","p__Ascomycota","c__Dothideomycetes","o__Mycosphaerellales","f__Mycosphaerellaceae","g__Ramularia",NA,"negative"
"Pityogenes hopkinsi","ASV_221",2.88915886593666,0.01,0.0981733746130031,1,"Coleoptera","Curculionidae","Scolytinae","Pityogenes","Pityogenes hopkinsi","k__Fungi","p__Ascomycota","c__Dothideomycetes","o__Mycosphaerellales","f__Teratosphaeriaceae","g__Capnobotryella","s__renispora","positive"
"Pityogenes hopkinsi","ASV_669",3.91735676545205,0.01,0.0981733746130031,1,"Coleoptera","Curculionidae","Scolytinae","Pityogenes","Pityogenes hopkinsi","k__Fungi","p__Ascomycota","c__Dothideomycetes","o__Pleosporales","f__Cucurbitariaceae","g__Parafenestella","s__ontariensis","positive"
"Pityogenes hopkinsi","ASV_681",3.06665869618099,0.01,0.0981733746130031,1,"Coleoptera","Curculionidae","Scolytinae","Pityogenes","Pityogenes hopkinsi","k__Fungi","p__Ascomycota","c__Eurotiomycetes",NA,NA,NA,NA,"positive"
"Pityogenes hopkinsi","ASV_1147",-2.77517243598654,0.01,0.0981733746130031,1,"Coleoptera","Curculionidae","Scolytinae","Pityogenes","Pityogenes hopkinsi","k__Fungi","p__Basidiomycota","c__Agaricomycetes","o__Polyporales","f__Irpicaceae","g__Ceriporia","s__lacerata","negative"
"Pityogenes hopkinsi","ASV_1495",-2.78250583867546,0.01,0.0981733746130031,1,"Coleoptera","Curculionidae","Scolytinae","Pityogenes","Pityogenes hopkinsi","k__Fungi","p__Ascomycota","c__Leotiomycetes","o__Rhytismatales","f__Rhytismataceae","g__Colpoma",NA,"negative"
"Pityogenes hopkinsi","ASV_1646",-2.18013514693634,0.01,0.0981733746130031,1,"Coleoptera","Curculionidae","Scolytinae","Pityogenes","Pityogenes hopkinsi","k__Fungi","p__Ascomycota","c__Sordariomycetes","o__Ophiostomatales","f__Ophiostomataceae","g__Raffaelea","s__arxii","negative"
"Pityogenes hopkinsi","ASV_1669",3.70398911347508,0.01,0.0981733746130031,1,"Coleoptera","Curculionidae","Scolytinae","Pityogenes","Pityogenes hopkinsi","k__Fungi",NA,NA,NA,NA,NA,NA,"positive"
"Pityogenes hopkinsi","ASV_2000",2.57481641497484,0.01,0.0981733746130031,1,"Coleoptera","Curculionidae","Scolytinae","Pityogenes","Pityogenes hopkinsi","k__Fungi","p__Ascomycota","c__Dothideomycetes","o__Mycosphaerellales","f__Mycosphaerellaceae",NA,NA,"positive"
"Pityogenes hopkinsi","ASV_2182",3.16072830337816,0.01,0.0981733746130031,1,"Coleoptera","Curculionidae","Scolytinae","Pityogenes","Pityogenes hopkinsi","k__Fungi","p__Ascomycota","c__Leotiomycetes","o__Helotiales",NA,NA,NA,"positive"
"Pityogenes hopkinsi","ASV_2354",-2.63701507583298,0.01,0.0981733746130031,1,"Coleoptera","Curculionidae","Scolytinae","Pityogenes","Pityogenes hopkinsi","k__Fungi","p__Ascomycota","c__Dothideomycetes","o__Botryosphaeriales","f__Botryosphaeriaceae","g__Diplodia",NA,"negative"
"Pityogenes hopkinsi","ASV_2832",-2.77175918148815,0.01,0.0981733746130031,1,"Coleoptera","Curculionidae","Scolytinae","Pityogenes","Pityogenes hopkinsi","k__Fungi","p__Ascomycota","c__Dothideomycetes","o__Pleosporales","f__Cucurbitariaceae","g__Parafenestella","s__austriaca","negative"
"Pityogenes hopkinsi","ASV_3273",-2.0432811862126,0.01,0.0981733746130031,1,"Coleoptera","Curculionidae","Scolytinae","Pityogenes","Pityogenes hopkinsi","k__Fungi","p__Ascomycota","c__Dothideomycetes","o__Pleosporales","f__Dothidotthiaceae","g__Dothidotthia","s__negundinicola","negative"
"Pityogenes hopkinsi","ASV_4660",-2.24265947858121,0.01,0.0981733746130031,1,"Coleoptera","Curculionidae","Scolytinae","Pityogenes","Pityogenes hopkinsi","k__Fungi","p__Ascomycota","c__Lecanoromycetes","o__Lecanorales","f__Catillariaceae","g__Catillaria","s__nigroclavata","negative"
"Pityogenes hopkinsi","ASV_5089",2.50119849978389,0.01,0.0981733746130031,1,"Coleoptera","Curculionidae","Scolytinae","Pityogenes","Pityogenes hopkinsi","k__Fungi","p__Ascomycota","c__Leotiomycetes",NA,NA,NA,NA,"positive"
"Pityogenes hopkinsi","ASV_5359",-2.45426273539551,0.01,0.0981733746130031,1,"Coleoptera","Curculionidae","Scolytinae","Pityogenes","Pityogenes hopkinsi","k__Fungi","p__Ascomycota","c__Dothideomycetes","o__Pleosporales","f__Lophiotremataceae",NA,NA,"negative"
"Pityogenes hopkinsi","ASV_5622",-3.12483082918387,0.01,0.0981733746130031,1,"Coleoptera","Curculionidae","Scolytinae","Pityogenes","Pityogenes hopkinsi","k__Fungi","p__Basidiomycota","c__Agaricomycetes","o__Russulales","f__Peniophoraceae","g__Peniophora",NA,"negative"
"Pityogenes hopkinsi","ASV_5689",-2.29717578593577,0.01,0.0981733746130031,1,"Coleoptera","Curculionidae","Scolytinae","Pityogenes","Pityogenes hopkinsi","k__Fungi","p__Ascomycota","c__Taphrinomycetes","o__Taphrinales","f__Taphrinaceae","g__Taphrina","s__letifera","negative"
"Pityogenes hopkinsi","ASV_6296",-2.58906777342316,0.01,0.0981733746130031,1,"Coleoptera","Curculionidae","Scolytinae","Pityogenes","Pityogenes hopkinsi","k__Fungi","p__Basidiomycota","c__Pucciniomycetes",NA,NA,NA,NA,"negative"
"Pityogenes hopkinsi","ASV_6583",-2.62475019479495,0.01,0.0981733746130031,1,"Coleoptera","Curculionidae","Scolytinae","Pityogenes","Pityogenes hopkinsi","k__Fungi","p__Chytridiomycota","c__Spizellomycetes","o__Spizellomycetales","f__Spizellomycetales_fam_Incertae_sedis","g__Spizellomycetales_gen_Incertae_sedis",NA,"negative"
"Pityogenes hopkinsi","ASV_6715",-2.7515857528443,0.01,0.0981733746130031,1,"Coleoptera","Curculionidae","Scolytinae","Pityogenes","Pityogenes hopkinsi","k__Fungi","p__Ascomycota","c__Leotiomycetes","o__Helotiales",NA,NA,NA,"negative"
"Pityogenes hopkinsi","ASV_6996",2.10796390740999,0.01,0.0981733746130031,1,"Coleoptera","Curculionidae","Scolytinae","Pityogenes","Pityogenes hopkinsi","k__Fungi","p__Basidiomycota","c__Agaricomycetes","o__Hymenochaetales","f__Hymenochaetaceae","g__Phellinus","s__piceicola","positive"
"Pityogenes hopkinsi","ASV_7527",-2.66392581372908,0.01,0.0981733746130031,1,"Coleoptera","Curculionidae","Scolytinae","Pityogenes","Pityogenes hopkinsi","k__Fungi","p__Ascomycota","c__Sordariomycetes","o__Togniniales","f__Togniniaceae","g__Phaeoacremonium","s__subulatum","negative"
"Pityogenes hopkinsi","ASV_8177",-3.297859788546,0.01,0.0981733746130031,1,"Coleoptera","Curculionidae","Scolytinae","Pityogenes","Pityogenes hopkinsi","k__Fungi","p__Basidiomycota","c__Agaricomycetes","o__Agaricales","f__Psathyrellaceae","g__Coprinopsis","s__cinerea","negative"
"Pityogenes hopkinsi","ASV_9623",-2.46463369261632,0.01,0.0981733746130031,1,"Coleoptera","Curculionidae","Scolytinae","Pityogenes","Pityogenes hopkinsi","k__Fungi","p__Basidiomycota","c__Tremellomycetes","o__Tremellales","f__Phaeotremellaceae","g__Phaeotremella",NA,"negative"
"Pityogenes hopkinsi","ASV_9831",-2.2460382464979,0.01,0.0981733746130031,1,"Coleoptera","Curculionidae","Scolytinae","Pityogenes","Pityogenes hopkinsi","k__Fungi","p__Ascomycota","c__Dothideomycetes",NA,NA,NA,NA,"negative"
"Pityogenes hopkinsi","ASV_9981",-2.24105030065322,0.01,0.0981733746130031,1,"Coleoptera","Curculionidae","Scolytinae","Pityogenes","Pityogenes hopkinsi","k__Fungi","p__Ascomycota","c__Dothideomycetes","o__Pleosporales","f__Cucurbitariaceae",NA,NA,"negative"
"Pityogenes hopkinsi","ASV_10720",-2.73441565899902,0.01,0.0981733746130031,1,"Coleoptera","Curculionidae","Scolytinae","Pityogenes","Pityogenes hopkinsi","k__Fungi","p__Basidiomycota","c__Agaricomycetes","o__Atheliales","f__Byssocorticiaceae","g__Byssocorticiaceae_gen_Incertae_sedis",NA,"negative"
"Pityogenes hopkinsi","ASV_11111",-2.64573369356569,0.01,0.0981733746130031,1,"Coleoptera","Curculionidae","Scolytinae","Pityogenes","Pityogenes hopkinsi","k__Fungi","p__Ascomycota","c__Dothideomycetes","o__Botryosphaeriales","f__Phyllostictaceae","g__Phyllosticta","s__minima","negative"
"Pityogenes hopkinsi","ASV_11820",-2.17811765448624,0.01,0.0981733746130031,1,"Coleoptera","Curculionidae","Scolytinae","Pityogenes","Pityogenes hopkinsi","k__Fungi","p__Ascomycota","c__Dothideomycetes","o__Pleosporales",NA,NA,NA,"negative"
"Pityogenes hopkinsi","ASV_14624",-2.83095987512859,0.01,0.0981733746130031,1,"Coleoptera","Curculionidae","Scolytinae","Pityogenes","Pityogenes hopkinsi","k__Fungi","p__Ascomycota","c__Dothideomycetes","o__Hysteriales","f__Hysteriaceae",NA,NA,"negative"
"Pityogenes hopkinsi","ASV_15485",-2.30273192707218,0.01,0.0981733746130031,1,"Coleoptera","Curculionidae","Scolytinae","Pityogenes","Pityogenes hopkinsi","k__Fungi","p__Ascomycota","c__Dothideomycetes","o__Dothideales","f__Saccotheciaceae","g__Aureobasidium","s__pullulans","negative"
"Pityogenes hopkinsi","ASV_15790",-2.30743083320127,0.01,0.0981733746130031,1,"Coleoptera","Curculionidae","Scolytinae","Pityogenes","Pityogenes hopkinsi","k__Fungi","p__Ascomycota","c__Dothideomycetes","o__Mycosphaerellales","f__Mycosphaerellaceae","g__Ramularia",NA,"negative"
"Pityogenes hopkinsi","ASV_15997",-2.59072120732497,0.01,0.0981733746130031,1,"Coleoptera","Curculionidae","Scolytinae","Pityogenes","Pityogenes hopkinsi","k__Fungi","p__Ascomycota","c__Dothideomycetes","o__Dothideales","f__Dothioraceae","g__Pringsheimia","s__smilacis","negative"
"Pityogenes hopkinsi","ASV_16223",-2.59608444529275,0.01,0.0981733746130031,1,"Coleoptera","Curculionidae","Scolytinae","Pityogenes","Pityogenes hopkinsi","k__Fungi","p__Ascomycota","c__Dothideomycetes",NA,NA,NA,NA,"negative"
"Pityogenes hopkinsi","ASV_16482",-1.85766242991069,0.01,0.0981733746130031,1,"Coleoptera","Curculionidae","Scolytinae","Pityogenes","Pityogenes hopkinsi","k__Fungi","p__Ascomycota",NA,NA,NA,NA,NA,"negative"
"Pityogenes hopkinsi","ASV_18535",-2.1723354767506,0.01,0.0981733746130031,1,"Coleoptera","Curculionidae","Scolytinae","Pityogenes","Pityogenes hopkinsi","k__Fungi","p__Ascomycota","c__Leotiomycetes",NA,NA,NA,NA,"negative"
"Pityogenes hopkinsi","ASV_19456",-2.61801253058334,0.01,0.0981733746130031,1,"Coleoptera","Curculionidae","Scolytinae","Pityogenes","Pityogenes hopkinsi","k__Fungi","p__Ascomycota","c__Sordariomycetes",NA,NA,NA,NA,"negative"
"Pityogenes hopkinsi","ASV_21793",-2.45545766870104,0.01,0.0981733746130031,1,"Coleoptera","Curculionidae","Scolytinae","Pityogenes","Pityogenes hopkinsi","k__Fungi","p__Ascomycota","c__Lecanoromycetes","o__Caliciales","f__Caliciaceae","g__Buellia","s__erubescens","negative"
"Pityogenes hopkinsi","ASV_23492",-2.26622428359436,0.01,0.0981733746130031,1,"Coleoptera","Curculionidae","Scolytinae","Pityogenes","Pityogenes hopkinsi","k__Fungi","p__Ascomycota","c__Dothideomycetes","o__Dothideales","f__Saccotheciaceae","g__Aureobasidium","s__pullulans","negative"
"Pityogenes hopkinsi","ASV_23889",-2.16646666824714,0.01,0.0981733746130031,1,"Coleoptera","Curculionidae","Scolytinae","Pityogenes","Pityogenes hopkinsi","k__Fungi","p__Ascomycota","c__Dothideomycetes","o__Dothideales","f__Dothideaceae","g__Coniozyma","s__leucospermi","negative"
"Pityogenes hopkinsi","ASV_23965",-2.76406989135918,0.01,0.0981733746130031,1,"Coleoptera","Curculionidae","Scolytinae","Pityogenes","Pityogenes hopkinsi","k__Fungi","p__Basidiomycota","c__Exobasidiomycetes","o__Microstromatales","f__Microstromatales_fam_Incertae_sedis","g__Pseudomicrostroma","s__glucosiphilum","negative"
"Pityogenes hopkinsi","ASV_24975",-2.65852351974225,0.01,0.0981733746130031,1,"Coleoptera","Curculionidae","Scolytinae","Pityogenes","Pityogenes hopkinsi","k__Fungi","p__Ascomycota","c__Sordariomycetes","o__Hypocreales","f__Sarocladiaceae","g__Parasarocladium","s__fusiforme","negative"
