"insect_taxon","fungal_taxon","t_stat","p_perm","q_value_within_insect","q_value_global","insect_order","insect_family","insect_subfamily","insect_genus","insect_species","fungal_kingdom","fungal_phylum","fungal_class","fungal_order","fungal_family","fungal_genus","fungal_species","direction"
"Pityogenes hopkinsi","ASV_81",3.3588676777166,0.001,0.022330985915493,0.371345579793341,"Coleoptera","Curculionidae","Scolytinae","Pityogenes","Pityogenes hopkinsi","k__Fungi","p__Ascomycota","c__Sordariomycetes","o__Diaporthales","f__Valsaceae","g__Cytospora","s__beilinensis","positive"
"Pityogenes hopkinsi","ASV_85",3.67583260404614,0.001,0.022330985915493,0.371345579793341,"Coleoptera","Curculionidae","Scolytinae","Pityogenes","Pityogenes hopkinsi","k__Fungi","p__Ascomycota","c__Sordariomycetes","o__Diaporthales","f__Valsaceae","g__Cytospora","s__beilinensis","positive"
"Pityogenes hopkinsi","ASV_158",3.21089802729002,0.001,0.022330985915493,0.371345579793341,"Coleoptera","Curculionidae","Scolytinae","Pityogenes","Pityogenes hopkinsi","k__Fungi","p__Ascomycota","c__Sareomycetes","o__Sareales","f__Sareaceae","g__Sarea","s__coeloplata","positive"
"Pityogenes hopkinsi","ASV_221",3.37124020755437,0.001,0.022330985915493,0.371345579793341,"Coleoptera","Curculionidae","Scolytinae","Pityogenes","Pityogenes hopkinsi","k__Fungi","p__Ascomycota","c__Dothideomycetes","o__Mycosphaerellales","f__Teratosphaeriaceae","g__Capnobotryella","s__renispora","positive"
"Pityogenes hopkinsi","ASV_307",3.90917180937068,0.001,0.022330985915493,0.371345579793341,"Coleoptera","Curculionidae","Scolytinae","Pityogenes","Pityogenes hopkinsi","k__Fungi","p__Basidiomycota","c__Agaricomycetes","o__Polyporales","f__Irpicaceae","g__Irpex","s__lacteus","positive"
"Pityogenes hopkinsi","ASV_375",-2.61254965909768,0.001,0.022330985915493,0.371345579793341,"Coleoptera","Curculionidae","Scolytinae","Pityogenes","Pityogenes hopkinsi","k__Fungi","p__Ascomycota","c__Dothideomycetes","o__Dothideales","f__Saccotheciaceae","g__Aureobasidium","s__pullulans","negative"
"Pityogenes hopkinsi","ASV_406",3.87840843658044,0.001,0.022330985915493,0.371345579793341,"Coleoptera","Curculionidae","Scolytinae","Pityogenes","Pityogenes hopkinsi","k__Fungi","p__Ascomycota","c__Sordariomycetes","o__Diaporthales","f__Valsaceae","g__Cytospora","s__beilinensis","positive"
"Pityogenes hopkinsi","ASV_430",-3.62740574095119,0.001,0.022330985915493,0.371345579793341,"Coleoptera","Curculionidae","Scolytinae","Pityogenes","Pityogenes hopkinsi","k__Fungi","p__Ascomycota","c__Dothideomycetes","o__Mycosphaerellales","f__Teratosphaeriaceae",NA,NA,"negative"
"Pityogenes hopkinsi","ASV_466",2.82698761452842,0.001,0.022330985915493,0.371345579793341,"Coleoptera","Curculionidae","Scolytinae","Pityogenes","Pityogenes hopkinsi","k__Fungi","p__Ascomycota","c__Dothideomycetes","o__Mycosphaerellales","f__Teratosphaeriaceae","g__Neocatenulostroma",NA,"positive"
"Pityogenes hopkinsi","ASV_508",3.81320798908724,0.001,0.022330985915493,0.371345579793341,"Coleoptera","Curculionidae","Scolytinae","Pityogenes","Pityogenes hopkinsi","k__Fungi","p__Ascomycota","c__Dothideomycetes","o__Pleosporales",NA,NA,NA,"positive"
"Pityogenes hopkinsi","ASV_551",3.32194312832105,0.001,0.022330985915493,0.371345579793341,"Coleoptera","Curculionidae","Scolytinae","Pityogenes","Pityogenes hopkinsi","k__Fungi","p__Ascomycota","c__Sordariomycetes","o__Diaporthales","f__Valsaceae","g__Cytospora",NA,"positive"
"Pityogenes hopkinsi","ASV_554",3.79219153360653,0.001,0.022330985915493,0.371345579793341,"Coleoptera","Curculionidae","Scolytinae","Pityogenes","Pityogenes hopkinsi","k__Fungi","p__Ascomycota","c__Dothideomycetes","o__Dothideales","f__Dothideales_fam_Incertae_sedis","g__Dothideales_gen_Incertae_sedis",NA,"positive"
"Pityogenes hopkinsi","ASV_558",3.07132054491002,0.001,0.022330985915493,0.371345579793341,"Coleoptera","Curculionidae","Scolytinae","Pityogenes","Pityogenes hopkinsi","k__Fungi","p__Basidiomycota","c__Agaricomycetes","o__Auriculariales","f__Exidiaceae","g__Exidia",NA,"positive"
"Pityogenes hopkinsi","ASV_586",4.20437502391474,0.001,0.022330985915493,0.371345579793341,"Coleoptera","Curculionidae","Scolytinae","Pityogenes","Pityogenes hopkinsi","k__Fungi","p__Ascomycota","c__Sordariomycetes","o__Diaporthales","f__Valsaceae","g__Cytospora","s__populina","positive"
"Pityogenes hopkinsi","ASV_587",4.23193047346111,0.001,0.022330985915493,0.371345579793341,"Coleoptera","Curculionidae","Scolytinae","Pityogenes","Pityogenes hopkinsi","k__Fungi","p__Ascomycota","c__Leotiomycetes","o__Helotiales","f__Tympanidaceae","g__Tympanis",NA,"positive"
"Pityogenes hopkinsi","ASV_590",-2.84292916601166,0.001,0.022330985915493,0.371345579793341,"Coleoptera","Curculionidae","Scolytinae","Pityogenes","Pityogenes hopkinsi","k__Fungi","p__Ascomycota","c__Leotiomycetes","o__Helotiales","f__Calloriaceae","g__Calloriaceae_gen_Incertae_sedis",NA,"negative"
"Pityogenes hopkinsi","ASV_605",3.15604813083988,0.001,0.022330985915493,0.371345579793341,"Coleoptera","Curculionidae","Scolytinae","Pityogenes","Pityogenes hopkinsi","k__Fungi","p__Basidiomycota","c__Agaricomycetes",NA,NA,NA,NA,"positive"
"Pityogenes hopkinsi","ASV_651",3.67459866322873,0.001,0.022330985915493,0.371345579793341,"Coleoptera","Curculionidae","Scolytinae","Pityogenes","Pityogenes hopkinsi","k__Fungi","p__Ascomycota",NA,NA,NA,NA,NA,"positive"
"Pityogenes hopkinsi","ASV_654",3.61255950613229,0.001,0.022330985915493,0.371345579793341,"Coleoptera","Curculionidae","Scolytinae","Pityogenes","Pityogenes hopkinsi","k__Fungi","p__Ascomycota","c__Dothideomycetes","o__Pleosporales",NA,NA,NA,"positive"
"Pityogenes hopkinsi","ASV_658",3.87437068358727,0.001,0.022330985915493,0.371345579793341,"Coleoptera","Curculionidae","Scolytinae","Pityogenes","Pityogenes hopkinsi","k__Fungi","p__Ascomycota","c__Sordariomycetes","o__Xylariales","f__Diatrypaceae",NA,NA,"positive"
"Pityogenes hopkinsi","ASV_665",4.49672818909603,0.001,0.022330985915493,0.371345579793341,"Coleoptera","Curculionidae","Scolytinae","Pityogenes","Pityogenes hopkinsi","k__Fungi","p__Basidiomycota","c__Agaricomycetes","o__Polyporales","f__Fomitopsidaceae","g__Piptoporus","s__betulinus","positive"
"Pityogenes hopkinsi","ASV_667",4.16513540748151,0.001,0.022330985915493,0.371345579793341,"Coleoptera","Curculionidae","Scolytinae","Pityogenes","Pityogenes hopkinsi","k__Fungi","p__Ascomycota","c__Sordariomycetes","o__Hypocreales","f__Nectriaceae","g__Nectria","s__cinnabarina","positive"
"Pityogenes hopkinsi","ASV_674",3.20140720247183,0.001,0.022330985915493,0.371345579793341,"Coleoptera","Curculionidae","Scolytinae","Pityogenes","Pityogenes hopkinsi","k__Fungi","p__Ascomycota","c__Dothideomycetes","o__Mycosphaerellales","f__Mycosphaerellaceae","g__Acrodontium","s__crateriforme","positive"
"Pityogenes hopkinsi","ASV_680",3.14718420161742,0.001,0.022330985915493,0.371345579793341,"Coleoptera","Curculionidae","Scolytinae","Pityogenes","Pityogenes hopkinsi","k__Fungi","p__Ascomycota","c__Dothideomycetes","o__Pleosporales","f__Didymosphaeriaceae","g__Paracamarosporium",NA,"positive"
"Pityogenes hopkinsi","ASV_726",3.7416880654254,0.001,0.022330985915493,0.371345579793341,"Coleoptera","Curculionidae","Scolytinae","Pityogenes","Pityogenes hopkinsi","k__Fungi","p__Ascomycota","c__Dothideomycetes","o__Mycosphaerellales","f__Mycosphaerellaceae","g__Pachyramichloridium","s__pini","positive"
"Pityogenes hopkinsi","ASV_729",3.20743436407061,0.001,0.022330985915493,0.371345579793341,"Coleoptera","Curculionidae","Scolytinae","Pityogenes","Pityogenes hopkinsi","k__Fungi","p__Ascomycota","c__Dothideomycetes",NA,NA,NA,NA,"positive"
"Pityogenes hopkinsi","ASV_734",3.74834965816684,0.001,0.022330985915493,0.371345579793341,"Coleoptera","Curculionidae","Scolytinae","Pityogenes","Pityogenes hopkinsi","k__Fungi","p__Ascomycota",NA,NA,NA,NA,NA,"positive"
"Pityogenes hopkinsi","ASV_736",3.39552224536887,0.001,0.022330985915493,0.371345579793341,"Coleoptera","Curculionidae","Scolytinae","Pityogenes","Pityogenes hopkinsi","k__Fungi","p__Ascomycota","c__Leotiomycetes","o__Helotiales","f__Dermateaceae",NA,NA,"positive"
"Pityogenes hopkinsi","ASV_755",3.48946247137225,0.001,0.022330985915493,0.371345579793341,"Coleoptera","Curculionidae","Scolytinae","Pityogenes","Pityogenes hopkinsi","k__Fungi","p__Ascomycota","c__Leotiomycetes","o__Rhytismatales","f__Rhytismataceae","g__Lophodermium","s__nitens","positive"
"Pityogenes hopkinsi","ASV_778",5.20979469177588,0.001,0.022330985915493,0.371345579793341,"Coleoptera","Curculionidae","Scolytinae","Pityogenes","Pityogenes hopkinsi","k__Fungi","p__Basidiomycota","c__Agaricomycetes","o__Polyporales","f__Cerrenaceae","g__Cerrena","s__aurantiopora","positive"
"Pityogenes hopkinsi","ASV_789",5.11487395048051,0.001,0.022330985915493,0.371345579793341,"Coleoptera","Curculionidae","Scolytinae","Pityogenes","Pityogenes hopkinsi","k__Fungi","p__Basidiomycota","c__Agaricomycetes","o__Agaricales","f__Psathyrellaceae","g__Coprinellus","s__micaceus","positive"
"Pityogenes hopkinsi","ASV_806",3.17039566714068,0.001,0.022330985915493,0.371345579793341,"Coleoptera","Curculionidae","Scolytinae","Pityogenes","Pityogenes hopkinsi","k__Fungi","p__Basidiomycota","c__Agaricomycetes","o__Auriculariales","f__Exidiaceae","g__Exidia","s__glandulosa","positive"
"Pityogenes hopkinsi","ASV_807",3.79910429899171,0.001,0.022330985915493,0.371345579793341,"Coleoptera","Curculionidae","Scolytinae","Pityogenes","Pityogenes hopkinsi","k__Fungi","p__Ascomycota","c__Sordariomycetes","o__Xylariales","f__Diatrypaceae","g__Diatrype","s__stigma","positive"
"Pityogenes hopkinsi","ASV_826",3.8523000202524,0.001,0.022330985915493,0.371345579793341,"Coleoptera","Curculionidae","Scolytinae","Pityogenes","Pityogenes hopkinsi","k__Fungi",NA,NA,NA,NA,NA,NA,"positive"
"Pityogenes hopkinsi","ASV_835",3.29564242571629,0.001,0.022330985915493,0.371345579793341,"Coleoptera","Curculionidae","Scolytinae","Pityogenes","Pityogenes hopkinsi","k__Fungi","p__Ascomycota","c__Leotiomycetes",NA,NA,NA,NA,"positive"
"Pityogenes hopkinsi","ASV_841",3.58090747248881,0.001,0.022330985915493,0.371345579793341,"Coleoptera","Curculionidae","Scolytinae","Pityogenes","Pityogenes hopkinsi","k__Fungi","p__Ascomycota","c__Leotiomycetes","o__Helotiales","f__Sclerotiniaceae",NA,NA,"positive"
"Pityogenes hopkinsi","ASV_961",4.48267286538268,0.001,0.022330985915493,0.371345579793341,"Coleoptera","Curculionidae","Scolytinae","Pityogenes","Pityogenes hopkinsi","k__Fungi","p__Ascomycota","c__Sareomycetes","o__Sareales","f__Sareaceae","g__Sarea","s__resinae","positive"
"Pityogenes hopkinsi","ASV_998",3.45975535571768,0.001,0.022330985915493,0.371345579793341,"Coleoptera","Curculionidae","Scolytinae","Pityogenes","Pityogenes hopkinsi","k__Fungi","p__Basidiomycota","c__Agaricomycetes","o__Polyporales","f__Irpicaceae","g__Irpex","s__lacteus","positive"
"Pityogenes hopkinsi","ASV_1024",3.33789229268324,0.001,0.022330985915493,0.371345579793341,"Coleoptera","Curculionidae","Scolytinae","Pityogenes","Pityogenes hopkinsi","k__Fungi","p__Basidiomycota","c__Agaricomycetes","o__Polyporales","f__Polyporaceae","g__Trametes",NA,"positive"
"Pityogenes hopkinsi","ASV_1025",3.01294815479126,0.001,0.022330985915493,0.371345579793341,"Coleoptera","Curculionidae","Scolytinae","Pityogenes","Pityogenes hopkinsi","k__Fungi","p__Ascomycota","c__Dothideomycetes","o__Capnodiales","f__Cladosporiaceae","g__Cladosporium","s__domesticum","positive"
"Pityogenes hopkinsi","ASV_1070",4.64346435761225,0.001,0.022330985915493,0.371345579793341,"Coleoptera","Curculionidae","Scolytinae","Pityogenes","Pityogenes hopkinsi","k__Fungi","p__Ascomycota","c__Dothideomycetes","o__Pleosporales","f__Pleosporales_fam_Incertae_sedis","g__Chaetophoma",NA,"positive"
"Pityogenes hopkinsi","ASV_1077",2.92983266867962,0.001,0.022330985915493,0.371345579793341,"Coleoptera","Curculionidae","Scolytinae","Pityogenes","Pityogenes hopkinsi","k__Fungi","p__Ascomycota","c__Dothideomycetes","o__Capnodiales","f__Capnodiales_fam_Incertae_sedis","g__Microcyclospora","s__malicola","positive"
"Pityogenes hopkinsi","ASV_1083",4.40728492084514,0.001,0.022330985915493,0.371345579793341,"Coleoptera","Curculionidae","Scolytinae","Pityogenes","Pityogenes hopkinsi","k__Fungi","p__Ascomycota","c__Dothideomycetes",NA,NA,NA,NA,"positive"
"Pityogenes hopkinsi","ASV_1128",2.917986858413,0.001,0.022330985915493,0.371345579793341,"Coleoptera","Curculionidae","Scolytinae","Pityogenes","Pityogenes hopkinsi","k__Fungi","p__Ascomycota",NA,NA,NA,NA,NA,"positive"
"Pityogenes hopkinsi","ASV_1142",5.51866117330594,0.001,0.022330985915493,0.371345579793341,"Coleoptera","Curculionidae","Scolytinae","Pityogenes","Pityogenes hopkinsi","k__Fungi","p__Ascomycota",NA,NA,NA,NA,NA,"positive"
"Pityogenes hopkinsi","ASV_1162",4.00068813789718,0.001,0.022330985915493,0.371345579793341,"Coleoptera","Curculionidae","Scolytinae","Pityogenes","Pityogenes hopkinsi","k__Fungi","p__Ascomycota",NA,NA,NA,NA,NA,"positive"
"Pityogenes hopkinsi","ASV_1172",3.53887302385682,0.001,0.022330985915493,0.371345579793341,"Coleoptera","Curculionidae","Scolytinae","Pityogenes","Pityogenes hopkinsi","k__Fungi","p__Basidiomycota","c__Agaricomycetes","o__Hymenochaetales","f__Rickenellaceae","g__Sidera","s__vulgaris","positive"
"Pityogenes hopkinsi","ASV_1222",4.67968860330912,0.001,0.022330985915493,0.371345579793341,"Coleoptera","Curculionidae","Scolytinae","Pityogenes","Pityogenes hopkinsi","k__Fungi","p__Ascomycota","c__Leotiomycetes","o__Rhytismatales","f__Rhytismataceae","g__Lophodermium","s__macci","positive"
"Pityogenes hopkinsi","ASV_1251",4.47715664442663,0.001,0.022330985915493,0.371345579793341,"Coleoptera","Curculionidae","Scolytinae","Pityogenes","Pityogenes hopkinsi","k__Fungi","p__Ascomycota","c__Lecanoromycetes","o__Lecanorales","f__Catillariaceae","g__Catillaria","s__chalybeia","positive"
"Pityogenes hopkinsi","ASV_1316",5.42481884805404,0.001,0.022330985915493,0.371345579793341,"Coleoptera","Curculionidae","Scolytinae","Pityogenes","Pityogenes hopkinsi","k__Fungi","p__Ascomycota","c__Sareomycetes","o__Sareales","f__Sareaceae","g__Sarea","s__resinae","positive"
"Pityogenes hopkinsi","ASV_1370",-4.08816887675086,0.001,0.022330985915493,0.371345579793341,"Coleoptera","Curculionidae","Scolytinae","Pityogenes","Pityogenes hopkinsi","k__Fungi","p__Ascomycota","c__Dothideomycetes","o__Pleosporales",NA,NA,NA,"negative"
"Pityogenes hopkinsi","ASV_1475",3.99758591865037,0.001,0.022330985915493,0.371345579793341,"Coleoptera","Curculionidae","Scolytinae","Pityogenes","Pityogenes hopkinsi","k__Fungi","p__Ascomycota","c__Sordariomycetes","o__Hypocreales","f__Nectriaceae","g__Thyronectria",NA,"positive"
"Pityogenes hopkinsi","ASV_1476",4.10552025931641,0.001,0.022330985915493,0.371345579793341,"Coleoptera","Curculionidae","Scolytinae","Pityogenes","Pityogenes hopkinsi","k__Fungi","p__Basidiomycota","c__Agaricomycetes","o__Polyporales","f__Phanerochaetaceae","g__Bjerkandera","s__adusta","positive"
"Pityogenes hopkinsi","ASV_1477",3.31705360597816,0.001,0.022330985915493,0.371345579793341,"Coleoptera","Curculionidae","Scolytinae","Pityogenes","Pityogenes hopkinsi","k__Fungi","p__Basidiomycota","c__Exobasidiomycetes","o__Exobasidiales","f__Exobasidiaceae","g__Exobasidium",NA,"positive"
"Pityogenes hopkinsi","ASV_1494",4.80766713142888,0.001,0.022330985915493,0.371345579793341,"Coleoptera","Curculionidae","Scolytinae","Pityogenes","Pityogenes hopkinsi","k__Fungi","p__Basidiomycota","c__Agaricomycetes","o__Polyporales","f__Polyporaceae","g__Trametes","s__gibbosa","positive"
"Pityogenes hopkinsi","ASV_1495",-3.84301560953915,0.001,0.022330985915493,0.371345579793341,"Coleoptera","Curculionidae","Scolytinae","Pityogenes","Pityogenes hopkinsi","k__Fungi","p__Ascomycota","c__Leotiomycetes","o__Rhytismatales","f__Rhytismataceae","g__Colpoma",NA,"negative"
"Pityogenes hopkinsi","ASV_1497",4.19878905578524,0.001,0.022330985915493,0.371345579793341,"Coleoptera","Curculionidae","Scolytinae","Pityogenes","Pityogenes hopkinsi","k__Fungi","p__Ascomycota","c__Sordariomycetes","o__Diaporthales","f__Valsaceae","g__Cytospora",NA,"positive"
"Pityogenes hopkinsi","ASV_1563",3.74684422061379,0.001,0.022330985915493,0.371345579793341,"Coleoptera","Curculionidae","Scolytinae","Pityogenes","Pityogenes hopkinsi","k__Fungi","p__Ascomycota","c__Sordariomycetes","o__Calosphaeriales","f__Calosphaeriaceae","g__Jattaea",NA,"positive"
"Pityogenes hopkinsi","ASV_1671",3.54597988158459,0.001,0.022330985915493,0.371345579793341,"Coleoptera","Curculionidae","Scolytinae","Pityogenes","Pityogenes hopkinsi","k__Fungi","p__Ascomycota","c__Sordariomycetes","o__Xylariales","f__Diatrypaceae",NA,NA,"positive"
"Pityogenes hopkinsi","ASV_1678",3.50912208617733,0.001,0.022330985915493,0.371345579793341,"Coleoptera","Curculionidae","Scolytinae","Pityogenes","Pityogenes hopkinsi","k__Fungi","p__Ascomycota","c__Dothideomycetes","o__Pleosporales",NA,NA,NA,"positive"
"Pityogenes hopkinsi","ASV_1681",7.45186513384365,0.001,0.022330985915493,0.371345579793341,"Coleoptera","Curculionidae","Scolytinae","Pityogenes","Pityogenes hopkinsi","k__Fungi","p__Ascomycota","c__Leotiomycetes","o__Rhytismatales","f__Rhytismataceae","g__Lophodermium","s__nitens","positive"
"Pityogenes hopkinsi","ASV_1720",-3.59845318964013,0.001,0.022330985915493,0.371345579793341,"Coleoptera","Curculionidae","Scolytinae","Pityogenes","Pityogenes hopkinsi","k__Fungi","p__Ascomycota","c__Leotiomycetes","o__Rhytismatales",NA,NA,NA,"negative"
"Pityogenes hopkinsi","ASV_1772",3.54194748232359,0.001,0.022330985915493,0.371345579793341,"Coleoptera","Curculionidae","Scolytinae","Pityogenes","Pityogenes hopkinsi","k__Fungi","p__Ascomycota","c__Dothideomycetes","o__Capnodiales","f__Capnodiales_fam_Incertae_sedis","g__Arthrocatena",NA,"positive"
"Pityogenes hopkinsi","ASV_1779",3.87813509141944,0.001,0.022330985915493,0.371345579793341,"Coleoptera","Curculionidae","Scolytinae","Pityogenes","Pityogenes hopkinsi","k__Fungi","p__Ascomycota","c__Dothideomycetes","o__Pleosporales","f__Pleosporales_fam_Incertae_sedis","g__Chaetophoma",NA,"positive"
"Pityogenes hopkinsi","ASV_1820",6.20908529210191,0.001,0.022330985915493,0.371345579793341,"Coleoptera","Curculionidae","Scolytinae","Pityogenes","Pityogenes hopkinsi","k__Fungi","p__Basidiomycota","c__Agaricomycetes","o__Hymenochaetales","f__Rickenellaceae","g__Resinicium","s__bicolor","positive"
"Pityogenes hopkinsi","ASV_1826",4.6318006956341,0.001,0.022330985915493,0.371345579793341,"Coleoptera","Curculionidae","Scolytinae","Pityogenes","Pityogenes hopkinsi","k__Fungi","p__Basidiomycota","c__Agaricomycetes","o__Polyporales","f__Phanerochaetaceae","g__Bjerkandera","s__adusta","positive"
"Pityogenes hopkinsi","ASV_1830",3.17220032214981,0.001,0.022330985915493,0.371345579793341,"Coleoptera","Curculionidae","Scolytinae","Pityogenes","Pityogenes hopkinsi","k__Fungi","p__Ascomycota","c__Sordariomycetes","o__Diaporthales","f__Harknessiaceae","g__Harknessia",NA,"positive"
"Pityogenes hopkinsi","ASV_1860",4.46763853852799,0.001,0.022330985915493,0.371345579793341,"Coleoptera","Curculionidae","Scolytinae","Pityogenes","Pityogenes hopkinsi","k__Fungi","p__Ascomycota","c__Sordariomycetes","o__Xylariales","f__Diatrypaceae","g__Diatrype","s__virescens","positive"
"Pityogenes hopkinsi","ASV_1876",-2.99945091322768,0.001,0.022330985915493,0.371345579793341,"Coleoptera","Curculionidae","Scolytinae","Pityogenes","Pityogenes hopkinsi","k__Fungi","p__Basidiomycota","c__Tremellomycetes","o__Filobasidiales","f__Filobasidiaceae","g__Naganishia","s__albida","negative"
"Pityogenes hopkinsi","ASV_1891",4.10250038423385,0.001,0.022330985915493,0.371345579793341,"Coleoptera","Curculionidae","Scolytinae","Pityogenes","Pityogenes hopkinsi","k__Fungi","p__Ascomycota","c__Sordariomycetes","o__Diaporthales","f__Valsaceae","g__Cytospora",NA,"positive"
"Pityogenes hopkinsi","ASV_1912",3.4294195969829,0.001,0.022330985915493,0.371345579793341,"Coleoptera","Curculionidae","Scolytinae","Pityogenes","Pityogenes hopkinsi","k__Fungi",NA,NA,NA,NA,NA,NA,"positive"
"Pityogenes hopkinsi","ASV_1923",4.43934256254879,0.001,0.022330985915493,0.371345579793341,"Coleoptera","Curculionidae","Scolytinae","Pityogenes","Pityogenes hopkinsi","k__Fungi","p__Ascomycota","c__Leotiomycetes","o__Helotiales","f__Helotiaceae","g__Claussenomyces","s__olivaceus","positive"
"Pityogenes hopkinsi","ASV_1977",5.43335565242442,0.001,0.022330985915493,0.371345579793341,"Coleoptera","Curculionidae","Scolytinae","Pityogenes","Pityogenes hopkinsi","k__Fungi","p__Basidiomycota","c__Agaricomycetes","o__Polyporales","f__Phanerochaetaceae","g__Bjerkandera","s__adusta","positive"
"Pityogenes hopkinsi","ASV_2013",4.41192263415399,0.001,0.022330985915493,0.371345579793341,"Coleoptera","Curculionidae","Scolytinae","Pityogenes","Pityogenes hopkinsi","k__Fungi",NA,NA,NA,NA,NA,NA,"positive"
"Pityogenes hopkinsi","ASV_2102",-3.8476019992551,0.001,0.022330985915493,0.371345579793341,"Coleoptera","Curculionidae","Scolytinae","Pityogenes","Pityogenes hopkinsi","k__Fungi","p__Basidiomycota","c__Tremellomycetes","o__Tremellales","f__Tremellaceae","g__Tremella","s__globispora","negative"
"Pityogenes hopkinsi","ASV_2134",3.23452476320552,0.001,0.022330985915493,0.371345579793341,"Coleoptera","Curculionidae","Scolytinae","Pityogenes","Pityogenes hopkinsi","k__Fungi","p__Basidiomycota","c__Exobasidiomycetes","o__Exobasidiales","f__Exobasidiaceae","g__Exobasidium","s__woronichinii","positive"
"Pityogenes hopkinsi","ASV_2272",3.76948165089605,0.001,0.022330985915493,0.371345579793341,"Coleoptera","Curculionidae","Scolytinae","Pityogenes","Pityogenes hopkinsi","k__Fungi","p__Ascomycota","c__Sordariomycetes","o__Xylariales","f__Lopadostomataceae","g__Lopadostoma",NA,"positive"
"Pityogenes hopkinsi","ASV_2369",-3.46070496647316,0.001,0.022330985915493,0.371345579793341,"Coleoptera","Curculionidae","Scolytinae","Pityogenes","Pityogenes hopkinsi","k__Fungi","p__Ascomycota","c__Dothideomycetes","o__Pleosporales","f__Phaeosphaeriaceae","g__Acericola","s__italica","negative"
"Pityogenes hopkinsi","ASV_2373",3.10117803296921,0.001,0.022330985915493,0.371345579793341,"Coleoptera","Curculionidae","Scolytinae","Pityogenes","Pityogenes hopkinsi","k__Fungi","p__Basidiomycota","c__Agaricomycetes","o__Polyporales","f__Fomitopsidaceae","g__Cinereomyces","s__lindbladii","positive"
"Pityogenes hopkinsi","ASV_2380",4.54402362000852,0.001,0.022330985915493,0.371345579793341,"Coleoptera","Curculionidae","Scolytinae","Pityogenes","Pityogenes hopkinsi","k__Fungi","p__Basidiomycota","c__Agaricomycetes","o__Polyporales","f__Fomitopsidaceae","g__Fomitopsis","s__pinicola","positive"
"Pityogenes hopkinsi","ASV_2432",5.52679723830938,0.001,0.022330985915493,0.371345579793341,"Coleoptera","Curculionidae","Scolytinae","Pityogenes","Pityogenes hopkinsi","k__Fungi","p__Ascomycota","c__Dothideomycetes","o__Dothideales","f__Dothideaceae","g__Celosporium",NA,"positive"
"Pityogenes hopkinsi","ASV_2450",4.93864470763326,0.001,0.022330985915493,0.371345579793341,"Coleoptera","Curculionidae","Scolytinae","Pityogenes","Pityogenes hopkinsi","k__Fungi","p__Basidiomycota","c__Agaricomycetes","o__Auriculariales","f__Exidiaceae","g__Exidia",NA,"positive"
"Pityogenes hopkinsi","ASV_2521",-3.73172406261226,0.001,0.022330985915493,0.371345579793341,"Coleoptera","Curculionidae","Scolytinae","Pityogenes","Pityogenes hopkinsi","k__Fungi","p__Ascomycota","c__Eurotiomycetes","o__Chaetothyriales","f__Herpotrichiellaceae","g__Melanchlenus",NA,"negative"
"Pityogenes hopkinsi","ASV_2593",4.20969955501631,0.001,0.022330985915493,0.371345579793341,"Coleoptera","Curculionidae","Scolytinae","Pityogenes","Pityogenes hopkinsi","k__Fungi","p__Ascomycota","c__Sordariomycetes","o__Diaporthales","f__Valsaceae","g__Valsa",NA,"positive"
"Pityogenes hopkinsi","ASV_2687",-3.71510588073167,0.001,0.022330985915493,0.371345579793341,"Coleoptera","Curculionidae","Scolytinae","Pityogenes","Pityogenes hopkinsi","k__Fungi","p__Basidiomycota","c__Tremellomycetes","o__Tremellales","f__Trimorphomycetaceae","g__Trimorphomyces",NA,"negative"
"Pityogenes hopkinsi","ASV_2690",3.54678802124165,0.001,0.022330985915493,0.371345579793341,"Coleoptera","Curculionidae","Scolytinae","Pityogenes","Pityogenes hopkinsi","k__Fungi","p__Ascomycota","c__Sordariomycetes","o__Diaporthales","f__Sydowiellaceae",NA,NA,"positive"
"Pityogenes hopkinsi","ASV_2737",-3.2297934917307,0.001,0.022330985915493,0.371345579793341,"Coleoptera","Curculionidae","Scolytinae","Pityogenes","Pityogenes hopkinsi","k__Fungi","p__Ascomycota","c__Dothideomycetes","o__Myriangiales","f__Endosporiaceae","g__Endosporium",NA,"negative"
"Pityogenes hopkinsi","ASV_2741",5.08606068643145,0.001,0.022330985915493,0.371345579793341,"Coleoptera","Curculionidae","Scolytinae","Pityogenes","Pityogenes hopkinsi","k__Fungi","p__Ascomycota","c__Sordariomycetes","o__Diaporthales","f__Valsaceae","g__Cytospora",NA,"positive"
"Pityogenes hopkinsi","ASV_2871",-3.67536989366543,0.001,0.022330985915493,0.371345579793341,"Coleoptera","Curculionidae","Scolytinae","Pityogenes","Pityogenes hopkinsi","k__Fungi","p__Basidiomycota","c__Agaricomycetes","o__Agaricales","f__Mycenaceae","g__Mycena","s__abramsii","negative"
"Pityogenes hopkinsi","ASV_3032",-3.03694662934686,0.001,0.022330985915493,0.371345579793341,"Coleoptera","Curculionidae","Scolytinae","Pityogenes","Pityogenes hopkinsi","k__Fungi","p__Ascomycota",NA,NA,NA,NA,NA,"negative"
"Pityogenes hopkinsi","ASV_3108",4.49492059817922,0.001,0.022330985915493,0.371345579793341,"Coleoptera","Curculionidae","Scolytinae","Pityogenes","Pityogenes hopkinsi","k__Fungi","p__Basidiomycota","c__Agaricomycetes","o__Polyporales","f__Phanerochaetaceae","g__Bjerkandera","s__adusta","positive"
"Pityogenes hopkinsi","ASV_3163",-3.46128378045266,0.001,0.022330985915493,0.371345579793341,"Coleoptera","Curculionidae","Scolytinae","Pityogenes","Pityogenes hopkinsi","k__Fungi","p__Basidiomycota","c__Cystobasidiomycetes","o__Cystobasidiales","f__Cystobasidiaceae","g__Cystobasidium",NA,"negative"
"Pityogenes hopkinsi","ASV_3169",6.37606628722748,0.001,0.022330985915493,0.371345579793341,"Coleoptera","Curculionidae","Scolytinae","Pityogenes","Pityogenes hopkinsi","k__Fungi","p__Ascomycota","c__Arthoniomycetes","o__Lichenostigmatales","f__Phaeococcomycetaceae","g__Phaeococcomycetaceae_gen_Incertae_sedis",NA,"positive"
"Pityogenes hopkinsi","ASV_3208",5.65340212861663,0.001,0.022330985915493,0.371345579793341,"Coleoptera","Curculionidae","Scolytinae","Pityogenes","Pityogenes hopkinsi","k__Fungi","p__Ascomycota","c__Leotiomycetes","o__Helotiales",NA,NA,NA,"positive"
"Pityogenes hopkinsi","ASV_3257",-2.37339207855486,0.001,0.022330985915493,0.371345579793341,"Coleoptera","Curculionidae","Scolytinae","Pityogenes","Pityogenes hopkinsi","k__Fungi","p__Ascomycota","c__Leotiomycetes","o__Helotiales","f__Chaetomellaceae","g__Chaetomella","s__oblonga","negative"
"Pityogenes hopkinsi","ASV_3421",3.69399795026266,0.001,0.022330985915493,0.371345579793341,"Coleoptera","Curculionidae","Scolytinae","Pityogenes","Pityogenes hopkinsi","k__Fungi","p__Ascomycota","c__Leotiomycetes","o__Helotiales",NA,NA,NA,"positive"
"Pityogenes hopkinsi","ASV_3529",3.51926369057088,0.001,0.022330985915493,0.371345579793341,"Coleoptera","Curculionidae","Scolytinae","Pityogenes","Pityogenes hopkinsi","k__Fungi","p__Basidiomycota","c__Agaricomycetes","o__Agaricales","f__Psathyrellaceae","g__Coprinellus","s__micaceus","positive"
"Pityogenes hopkinsi","ASV_3582",3.50215274611264,0.001,0.022330985915493,0.371345579793341,"Coleoptera","Curculionidae","Scolytinae","Pityogenes","Pityogenes hopkinsi","k__Fungi","p__Basidiomycota","c__Agaricomycetes","o__Gloeophyllales","f__Gloeophyllaceae","g__Gloeophyllum","s__sepiarium","positive"
"Pityogenes hopkinsi","ASV_3651",3.67443140074912,0.001,0.022330985915493,0.371345579793341,"Coleoptera","Curculionidae","Scolytinae","Pityogenes","Pityogenes hopkinsi","k__Fungi","p__Ascomycota","c__Eurotiomycetes","o__Verrucariales","f__Verrucariaceae","g__Verrucariaceae_gen_Incertae_sedis",NA,"positive"
"Pityogenes hopkinsi","ASV_3677",-3.13970778202577,0.001,0.022330985915493,0.371345579793341,"Coleoptera","Curculionidae","Scolytinae","Pityogenes","Pityogenes hopkinsi","k__Fungi","p__Ascomycota",NA,NA,NA,NA,NA,"negative"
"Pityogenes hopkinsi","ASV_3806",3.45381966398974,0.001,0.022330985915493,0.371345579793341,"Coleoptera","Curculionidae","Scolytinae","Pityogenes","Pityogenes hopkinsi","k__Fungi","p__Basidiomycota","c__Agaricomycetes","o__Corticiales","f__Corticiaceae","g__Mycobernardia","s__incrustans","positive"
"Pityogenes hopkinsi","ASV_3891",-3.61868427352996,0.001,0.022330985915493,0.371345579793341,"Coleoptera","Curculionidae","Scolytinae","Pityogenes","Pityogenes hopkinsi","k__Fungi","p__Ascomycota",NA,NA,NA,NA,NA,"negative"
"Pityogenes hopkinsi","ASV_3987",4.77326048157691,0.001,0.022330985915493,0.371345579793341,"Coleoptera","Curculionidae","Scolytinae","Pityogenes","Pityogenes hopkinsi","k__Fungi","p__Basidiomycota","c__Agaricomycetes","o__Hymenochaetales","f__Tubulicrinaceae","g__Tubulicrinis","s__subulatus","positive"
"Pityogenes hopkinsi","ASV_3997",-3.95915512946513,0.001,0.022330985915493,0.371345579793341,"Coleoptera","Curculionidae","Scolytinae","Pityogenes","Pityogenes hopkinsi","k__Fungi","p__Ascomycota",NA,NA,NA,NA,NA,"negative"
"Pityogenes hopkinsi","ASV_4039",-3.49895929105552,0.001,0.022330985915493,0.371345579793341,"Coleoptera","Curculionidae","Scolytinae","Pityogenes","Pityogenes hopkinsi","k__Fungi","p__Basidiomycota","c__Exobasidiomycetes","o__Microstromatales","f__Microstromatales_fam_Incertae_sedis","g__Pseudomicrostroma","s__phylloplanum","negative"
"Pityogenes hopkinsi","ASV_4065",-2.84419813596277,0.001,0.022330985915493,0.371345579793341,"Coleoptera","Curculionidae","Scolytinae","Pityogenes","Pityogenes hopkinsi","k__Fungi","p__Basidiomycota","c__Agaricomycetes","o__Agaricales","f__Pleurotaceae","g__Pleurotus","s__populinus","negative"
"Pityogenes hopkinsi","ASV_4216",-3.21816669609188,0.001,0.022330985915493,0.371345579793341,"Coleoptera","Curculionidae","Scolytinae","Pityogenes","Pityogenes hopkinsi","k__Fungi","p__Ascomycota","c__Dothideomycetes","o__Pleosporales","f__Didymosphaeriaceae","g__Paracamarosporium",NA,"negative"
"Pityogenes hopkinsi","ASV_4255",4.24734945217337,0.001,0.022330985915493,0.371345579793341,"Coleoptera","Curculionidae","Scolytinae","Pityogenes","Pityogenes hopkinsi","k__Fungi","p__Ascomycota",NA,NA,NA,NA,NA,"positive"
"Pityogenes hopkinsi","ASV_4276",-2.36031724724159,0.001,0.022330985915493,0.371345579793341,"Coleoptera","Curculionidae","Scolytinae","Pityogenes","Pityogenes hopkinsi","k__Fungi","p__Ascomycota","c__Eurotiomycetes","o__Chaetothyriales","f__Trichomeriaceae",NA,NA,"negative"
"Pityogenes hopkinsi","ASV_4291",-2.67874053308466,0.001,0.022330985915493,0.371345579793341,"Coleoptera","Curculionidae","Scolytinae","Pityogenes","Pityogenes hopkinsi","k__Fungi","p__Ascomycota","c__Dothideomycetes","o__Pleosporales","f__Cucurbitariaceae","g__Neocucurbitaria","s__quercina","negative"
"Pityogenes hopkinsi","ASV_4296",-3.80738752309568,0.001,0.022330985915493,0.371345579793341,"Coleoptera","Curculionidae","Scolytinae","Pityogenes","Pityogenes hopkinsi","k__Fungi",NA,NA,NA,NA,NA,NA,"negative"
"Pityogenes hopkinsi","ASV_4376",-3.282565033702,0.001,0.022330985915493,0.371345579793341,"Coleoptera","Curculionidae","Scolytinae","Pityogenes","Pityogenes hopkinsi","k__Fungi","p__Ascomycota",NA,NA,NA,NA,NA,"negative"
"Pityogenes hopkinsi","ASV_4432",3.30208353105803,0.001,0.022330985915493,0.371345579793341,"Coleoptera","Curculionidae","Scolytinae","Pityogenes","Pityogenes hopkinsi","k__Fungi","p__Ascomycota","c__Sordariomycetes","o__Diaporthales","f__Valsaceae","g__Cytospora",NA,"positive"
"Pityogenes hopkinsi","ASV_4795",-3.97907781284345,0.001,0.022330985915493,0.371345579793341,"Coleoptera","Curculionidae","Scolytinae","Pityogenes","Pityogenes hopkinsi","k__Fungi","p__Ascomycota",NA,NA,NA,NA,NA,"negative"
"Pityogenes hopkinsi","ASV_4859",-3.67398737866599,0.001,0.022330985915493,0.371345579793341,"Coleoptera","Curculionidae","Scolytinae","Pityogenes","Pityogenes hopkinsi","k__Fungi","p__Ascomycota","c__Dothideomycetes","o__Dothideales","f__Saccotheciaceae","g__Aureobasidium",NA,"negative"
"Pityogenes hopkinsi","ASV_4975",4.38106217059063,0.001,0.022330985915493,0.371345579793341,"Coleoptera","Curculionidae","Scolytinae","Pityogenes","Pityogenes hopkinsi","k__Fungi","p__Ascomycota","c__Sordariomycetes","o__Diaporthales","f__Gnomoniaceae","g__Ophiognomonia","s__rosae","positive"
"Pityogenes hopkinsi","ASV_4990",-3.55823152837773,0.001,0.022330985915493,0.371345579793341,"Coleoptera","Curculionidae","Scolytinae","Pityogenes","Pityogenes hopkinsi","k__Fungi","p__Ascomycota","c__Dothideomycetes","o__Dothideales","f__Saccotheciaceae","g__Aureobasidium","s__pullulans","negative"
"Pityogenes hopkinsi","ASV_5115",-2.46613613246106,0.001,0.022330985915493,0.371345579793341,"Coleoptera","Curculionidae","Scolytinae","Pityogenes","Pityogenes hopkinsi","k__Fungi","p__Ascomycota","c__Saccharomycetes","o__Saccharomycetales","f__Phaffomycetaceae","g__Wickerhamomyces","s__alni","negative"
"Pityogenes hopkinsi","ASV_5142",-3.02040243124813,0.001,0.022330985915493,0.371345579793341,"Coleoptera","Curculionidae","Scolytinae","Pityogenes","Pityogenes hopkinsi","k__Fungi","p__Ascomycota","c__Dothideomycetes","o__Dothideales","f__Dothioraceae","g__Dothiora",NA,"negative"
"Pityogenes hopkinsi","ASV_5285",-3.36028024911672,0.001,0.022330985915493,0.371345579793341,"Coleoptera","Curculionidae","Scolytinae","Pityogenes","Pityogenes hopkinsi","k__Fungi","p__Ascomycota","c__Taphrinomycetes","o__Taphrinales","f__Taphrinaceae","g__Taphrina",NA,"negative"
"Pityogenes hopkinsi","ASV_5297",-3.81411963479674,0.001,0.022330985915493,0.371345579793341,"Coleoptera","Curculionidae","Scolytinae","Pityogenes","Pityogenes hopkinsi","k__Fungi","p__Ascomycota",NA,NA,NA,NA,NA,"negative"
"Pityogenes hopkinsi","ASV_5330",-2.2609623291994,0.001,0.022330985915493,0.371345579793341,"Coleoptera","Curculionidae","Scolytinae","Pityogenes","Pityogenes hopkinsi","k__Fungi","p__Ascomycota","c__Dothideomycetes","o__Dothideales","f__Saccotheciaceae","g__Aureobasidium","s__pullulans","negative"
"Pityogenes hopkinsi","ASV_5338",-3.00732901297753,0.001,0.022330985915493,0.371345579793341,"Coleoptera","Curculionidae","Scolytinae","Pityogenes","Pityogenes hopkinsi","k__Fungi","p__Basidiomycota","c__Tremellomycetes","o__Tremellales","f__Tremellales_fam_Incertae_sedis","g__Tremellales_gen_Incertae_sedis",NA,"negative"
"Pityogenes hopkinsi","ASV_5503",3.62208109366046,0.001,0.022330985915493,0.371345579793341,"Coleoptera","Curculionidae","Scolytinae","Pityogenes","Pityogenes hopkinsi","k__Fungi","p__Ascomycota","c__Lecanoromycetes","o__Lecanorales","f__Lecanoraceae","g__Lecidella","s__albida","positive"
"Pityogenes hopkinsi","ASV_5535",-3.67240205254678,0.001,0.022330985915493,0.371345579793341,"Coleoptera","Curculionidae","Scolytinae","Pityogenes","Pityogenes hopkinsi","k__Fungi","p__Ascomycota","c__Eurotiomycetes","o__Chaetothyriales","f__Herpotrichiellaceae","g__Aculeata",NA,"negative"
"Pityogenes hopkinsi","ASV_5562",-3.17745073871805,0.001,0.022330985915493,0.371345579793341,"Coleoptera","Curculionidae","Scolytinae","Pityogenes","Pityogenes hopkinsi","k__Fungi",NA,NA,NA,NA,NA,NA,"negative"
"Pityogenes hopkinsi","ASV_5575",4.37764676552753,0.001,0.022330985915493,0.371345579793341,"Coleoptera","Curculionidae","Scolytinae","Pityogenes","Pityogenes hopkinsi","k__Fungi","p__Basidiomycota","c__Agaricomycetes","o__Polyporales","f__Polyporaceae","g__Daedaleopsis","s__confragosa","positive"
"Pityogenes hopkinsi","ASV_5578",4.80808600965296,0.001,0.022330985915493,0.371345579793341,"Coleoptera","Curculionidae","Scolytinae","Pityogenes","Pityogenes hopkinsi","k__Fungi","p__Basidiomycota","c__Agaricomycetes","o__Hymenochaetales","f__Hymenochaetaceae","g__Phellinus","s__piceicola","positive"
"Pityogenes hopkinsi","ASV_5638",-2.81760319499791,0.001,0.022330985915493,0.371345579793341,"Coleoptera","Curculionidae","Scolytinae","Pityogenes","Pityogenes hopkinsi","k__Fungi",NA,NA,NA,NA,NA,NA,"negative"
"Pityogenes hopkinsi","ASV_5727",-3.92919795855485,0.001,0.022330985915493,0.371345579793341,"Coleoptera","Curculionidae","Scolytinae","Pityogenes","Pityogenes hopkinsi","k__Fungi","p__Ascomycota","c__Dothideomycetes","o__Pleosporales","f__Cucurbitariaceae","g__Allocucurbitaria","s__botulispora","negative"
"Pityogenes hopkinsi","ASV_5855",3.69237331020944,0.001,0.022330985915493,0.371345579793341,"Coleoptera","Curculionidae","Scolytinae","Pityogenes","Pityogenes hopkinsi","k__Fungi","p__Ascomycota","c__Dothideomycetes","o__Pleosporales",NA,NA,NA,"positive"
"Pityogenes hopkinsi","ASV_6032",-3.0686298961254,0.001,0.022330985915493,0.371345579793341,"Coleoptera","Curculionidae","Scolytinae","Pityogenes","Pityogenes hopkinsi","k__Fungi","p__Basidiomycota","c__Tremellomycetes","o__Tremellales","f__Bulleribasidiaceae","g__Vishniacozyma",NA,"negative"
"Pityogenes hopkinsi","ASV_6125",3.35560868242481,0.001,0.022330985915493,0.371345579793341,"Coleoptera","Curculionidae","Scolytinae","Pityogenes","Pityogenes hopkinsi","k__Fungi","p__Ascomycota","c__Dothideomycetes","o__Venturiales","f__Venturiaceae","g__Venturia",NA,"positive"
"Pityogenes hopkinsi","ASV_6148",3.44465567472003,0.001,0.022330985915493,0.371345579793341,"Coleoptera","Curculionidae","Scolytinae","Pityogenes","Pityogenes hopkinsi","k__Fungi","p__Ascomycota","c__Dothideomycetes","o__Pleosporales","f__Lophiotremataceae","g__Atrocalyx","s__nordicus","positive"
"Pityogenes hopkinsi","ASV_6200",-4.34985529891068,0.001,0.022330985915493,0.371345579793341,"Coleoptera","Curculionidae","Scolytinae","Pityogenes","Pityogenes hopkinsi","k__Fungi","p__Basidiomycota","c__Agaricomycetes","o__Hymenochaetales","f__Schizoporaceae","g__Xylodon","s__rimosissimus","negative"
"Pityogenes hopkinsi","ASV_6245",-3.74160446700507,0.001,0.022330985915493,0.371345579793341,"Coleoptera","Curculionidae","Scolytinae","Pityogenes","Pityogenes hopkinsi","k__Fungi","p__Ascomycota",NA,NA,NA,NA,NA,"negative"
"Pityogenes hopkinsi","ASV_6286",-3.70034820539335,0.001,0.022330985915493,0.371345579793341,"Coleoptera","Curculionidae","Scolytinae","Pityogenes","Pityogenes hopkinsi","k__Fungi","p__Ascomycota","c__Dothideomycetes","o__Dothideales","f__Dothideaceae",NA,NA,"negative"
"Pityogenes hopkinsi","ASV_6312",-3.24815061070343,0.001,0.022330985915493,0.371345579793341,"Coleoptera","Curculionidae","Scolytinae","Pityogenes","Pityogenes hopkinsi","k__Fungi","p__Ascomycota","c__Leotiomycetes","o__Helotiales","f__Helotiales_fam_Incertae_sedis","g__Cryptocline","s__arctostaphyli","negative"
"Pityogenes hopkinsi","ASV_6331",6.35409967491744,0.001,0.022330985915493,0.371345579793341,"Coleoptera","Curculionidae","Scolytinae","Pityogenes","Pityogenes hopkinsi","k__Fungi","p__Ascomycota","c__Sordariomycetes","o__Xylariales","f__Graphostromataceae","g__Graphostroma",NA,"positive"
"Pityogenes hopkinsi","ASV_6349",4.64768795428755,0.001,0.022330985915493,0.371345579793341,"Coleoptera","Curculionidae","Scolytinae","Pityogenes","Pityogenes hopkinsi","k__Fungi","p__Ascomycota","c__Sordariomycetes","o__Diaporthales","f__Melanconiellaceae","g__Microascospora",NA,"positive"
"Pityogenes hopkinsi","ASV_6388",-3.74831124551058,0.001,0.022330985915493,0.371345579793341,"Coleoptera","Curculionidae","Scolytinae","Pityogenes","Pityogenes hopkinsi","k__Fungi","p__Ascomycota","c__Dothideomycetes","o__Pleosporales","f__Didymellaceae","g__Phoma","s__laundoniae","negative"
"Pityogenes hopkinsi","ASV_6496",3.43366674971661,0.001,0.022330985915493,0.371345579793341,"Coleoptera","Curculionidae","Scolytinae","Pityogenes","Pityogenes hopkinsi","k__Fungi","p__Basidiomycota","c__Agaricomycetes","o__Agaricales","f__Crepidotaceae",NA,NA,"positive"
"Pityogenes hopkinsi","ASV_6646",-2.95198125338526,0.001,0.022330985915493,0.371345579793341,"Coleoptera","Curculionidae","Scolytinae","Pityogenes","Pityogenes hopkinsi","k__Fungi","p__Ascomycota","c__Dothideomycetes","o__Dothideales","f__Dothioraceae","g__Kabatina",NA,"negative"
"Pityogenes hopkinsi","ASV_6665",-2.71092693051342,0.001,0.022330985915493,0.371345579793341,"Coleoptera","Curculionidae","Scolytinae","Pityogenes","Pityogenes hopkinsi","k__Fungi","p__Ascomycota","c__Dothideomycetes","o__Dothideales","f__Saccotheciaceae","g__Aureobasidium",NA,"negative"
"Pityogenes hopkinsi","ASV_6711",-3.14830389828979,0.001,0.022330985915493,0.371345579793341,"Coleoptera","Curculionidae","Scolytinae","Pityogenes","Pityogenes hopkinsi","k__Fungi","p__Ascomycota","c__Dothideomycetes","o__Dothideales","f__Dothioraceae","g__Dothiora",NA,"negative"
"Pityogenes hopkinsi","ASV_6747",-3.40346949160705,0.001,0.022330985915493,0.371345579793341,"Coleoptera","Curculionidae","Scolytinae","Pityogenes","Pityogenes hopkinsi","k__Fungi","p__Basidiomycota","c__Tremellomycetes","o__Tremellales","f__Bulleraceae","g__Fonsecazyma",NA,"negative"
"Pityogenes hopkinsi","ASV_6926",3.28673860456971,0.001,0.022330985915493,0.371345579793341,"Coleoptera","Curculionidae","Scolytinae","Pityogenes","Pityogenes hopkinsi","k__Fungi","p__Basidiomycota","c__Agaricomycetes","o__Polyporales","f__Polyporales_fam_Incertae_sedis","g__Diplomitoporus","s__crustulinus","positive"
"Pityogenes hopkinsi","ASV_7334",-3.61012010335542,0.001,0.022330985915493,0.371345579793341,"Coleoptera","Curculionidae","Scolytinae","Pityogenes","Pityogenes hopkinsi","k__Fungi","p__Basidiomycota","c__Agaricomycetes","o__Agaricales","f__Mycenaceae","g__Mycena",NA,"negative"
"Pityogenes hopkinsi","ASV_7414",5.53048378621435,0.001,0.022330985915493,0.371345579793341,"Coleoptera","Curculionidae","Scolytinae","Pityogenes","Pityogenes hopkinsi","k__Fungi","p__Basidiomycota","c__Agaricomycetes","o__Polyporales","f__Polyporaceae","g__Rhodonia","s__placenta","positive"
"Pityogenes hopkinsi","ASV_7445",-3.89447757030169,0.001,0.022330985915493,0.371345579793341,"Coleoptera","Curculionidae","Scolytinae","Pityogenes","Pityogenes hopkinsi","k__Fungi","p__Ascomycota","c__Dothideomycetes","o__Myriangiales","f__Endosporiaceae","g__Endosporium",NA,"negative"
"Pityogenes hopkinsi","ASV_7449",-3.29677253474198,0.001,0.022330985915493,0.371345579793341,"Coleoptera","Curculionidae","Scolytinae","Pityogenes","Pityogenes hopkinsi","k__Fungi","p__Ascomycota","c__Dothideomycetes","o__Mycosphaerellales","f__Teratosphaeriaceae",NA,NA,"negative"
"Pityogenes hopkinsi","ASV_7631",-3.80317063460848,0.001,0.022330985915493,0.371345579793341,"Coleoptera","Curculionidae","Scolytinae","Pityogenes","Pityogenes hopkinsi","k__Fungi","p__Ascomycota","c__Dothideomycetes","o__Dothideales","f__Aureobasidiaceae","g__Kabatiella",NA,"negative"
"Pityogenes hopkinsi","ASV_7659",4.25440511363439,0.001,0.022330985915493,0.371345579793341,"Coleoptera","Curculionidae","Scolytinae","Pityogenes","Pityogenes hopkinsi","k__Fungi","p__Ascomycota","c__Sordariomycetes","o__Togniniales","f__Togniniaceae","g__Phaeoacremonium","s__angustius","positive"
"Pityogenes hopkinsi","ASV_7704",-3.62442684499192,0.001,0.022330985915493,0.371345579793341,"Coleoptera","Curculionidae","Scolytinae","Pityogenes","Pityogenes hopkinsi","k__Fungi","p__Ascomycota","c__Eurotiomycetes","o__Chaetothyriales","f__Herpotrichiellaceae","g__Rhinocladiella","s__quercus","negative"
"Pityogenes hopkinsi","ASV_7791",-2.8808416507409,0.001,0.022330985915493,0.371345579793341,"Coleoptera","Curculionidae","Scolytinae","Pityogenes","Pityogenes hopkinsi","k__Fungi","p__Basidiomycota","c__Tremellomycetes","o__Tremellales","f__Tremellaceae","g__Tremellaceae_gen_Incertae_sedis",NA,"negative"
"Pityogenes hopkinsi","ASV_8039",-3.45943754924067,0.001,0.022330985915493,0.371345579793341,"Coleoptera","Curculionidae","Scolytinae","Pityogenes","Pityogenes hopkinsi","k__Fungi","p__Basidiomycota","c__Agaricomycetes","o__Russulales","f__Peniophoraceae","g__Peniophora",NA,"negative"
"Pityogenes hopkinsi","ASV_8063",-3.28239669738906,0.001,0.022330985915493,0.371345579793341,"Coleoptera","Curculionidae","Scolytinae","Pityogenes","Pityogenes hopkinsi","k__Fungi","p__Ascomycota","c__Dothideomycetes","o__Dothideales","f__Saccotheciaceae","g__Aureobasidium",NA,"negative"
"Pityogenes hopkinsi","ASV_8474",-3.40448085907075,0.001,0.022330985915493,0.371345579793341,"Coleoptera","Curculionidae","Scolytinae","Pityogenes","Pityogenes hopkinsi","k__Fungi",NA,NA,NA,NA,NA,NA,"negative"
"Pityogenes hopkinsi","ASV_8489",-2.78706876006454,0.001,0.022330985915493,0.371345579793341,"Coleoptera","Curculionidae","Scolytinae","Pityogenes","Pityogenes hopkinsi","k__Fungi","p__Ascomycota","c__Dothideomycetes",NA,NA,NA,NA,"negative"
"Pityogenes hopkinsi","ASV_8639",-5.19726428477508,0.001,0.022330985915493,0.371345579793341,"Coleoptera","Curculionidae","Scolytinae","Pityogenes","Pityogenes hopkinsi","k__Fungi","p__Ascomycota","c__Dothideomycetes","o__Pleosporales","f__Lophiotremataceae","g__Lophiotrema","s__nucula","negative"
"Pityogenes hopkinsi","ASV_8751",-3.61736243646146,0.001,0.022330985915493,0.371345579793341,"Coleoptera","Curculionidae","Scolytinae","Pityogenes","Pityogenes hopkinsi","k__Fungi","p__Ascomycota","c__Sordariomycetes","o__Hypocreales","f__Nectriaceae","g__Cosmospora","s__viridescens","negative"
"Pityogenes hopkinsi","ASV_8753",-3.7589539799174,0.001,0.022330985915493,0.371345579793341,"Coleoptera","Curculionidae","Scolytinae","Pityogenes","Pityogenes hopkinsi","k__Fungi","p__Ascomycota","c__Dothideomycetes",NA,NA,NA,NA,"negative"
"Pityogenes hopkinsi","ASV_8792",-3.09645062232222,0.001,0.022330985915493,0.371345579793341,"Coleoptera","Curculionidae","Scolytinae","Pityogenes","Pityogenes hopkinsi","k__Fungi","p__Basidiomycota","c__Agaricomycetes","o__Hymenochaetales","f__Hymenochaetaceae","g__Hydnoporia","s__rimosa","negative"
"Pityogenes hopkinsi","ASV_8841",5.19256113648216,0.001,0.022330985915493,0.371345579793341,"Coleoptera","Curculionidae","Scolytinae","Pityogenes","Pityogenes hopkinsi","k__Fungi","p__Basidiomycota","c__Agaricomycetes","o__Hymenochaetales","f__Tubulicrinaceae","g__Tubulicrinis","s__accedens","positive"
"Pityogenes hopkinsi","ASV_8959",-3.99082495823247,0.001,0.022330985915493,0.371345579793341,"Coleoptera","Curculionidae","Scolytinae","Pityogenes","Pityogenes hopkinsi","k__Fungi","p__Basidiomycota","c__Exobasidiomycetes","o__Microstromatales","f__Microstromatales_fam_Incertae_sedis","g__Pseudomicrostroma","s__phylloplanum","negative"
"Pityogenes hopkinsi","ASV_9039",-3.09474731685152,0.001,0.022330985915493,0.371345579793341,"Coleoptera","Curculionidae","Scolytinae","Pityogenes","Pityogenes hopkinsi","k__Fungi","p__Mucoromycota","c__Mucoromycetes","o__Mucorales","f__Mucoraceae","g__Mucor","s__hiemalis","negative"
"Pityogenes hopkinsi","ASV_9053",-3.62760918917378,0.001,0.022330985915493,0.371345579793341,"Coleoptera","Curculionidae","Scolytinae","Pityogenes","Pityogenes hopkinsi","k__Fungi","p__Ascomycota","c__Lecanoromycetes","o__Ostropales","f__Spirographaceae","g__Spirographa","s__fusisporella","negative"
"Pityogenes hopkinsi","ASV_9153",-4.417494108193,0.001,0.022330985915493,0.371345579793341,"Coleoptera","Curculionidae","Scolytinae","Pityogenes","Pityogenes hopkinsi","k__Fungi","p__Ascomycota","c__Dothideomycetes","o__Dothideales","f__Dothioraceae","g__Sydowia","s__polyspora","negative"
"Pityogenes hopkinsi","ASV_9342",-3.51047003460504,0.001,0.022330985915493,0.371345579793341,"Coleoptera","Curculionidae","Scolytinae","Pityogenes","Pityogenes hopkinsi","k__Fungi","p__Ascomycota",NA,NA,NA,NA,NA,"negative"
"Pityogenes hopkinsi","ASV_9378",-3.33651491083859,0.001,0.022330985915493,0.371345579793341,"Coleoptera","Curculionidae","Scolytinae","Pityogenes","Pityogenes hopkinsi","k__Fungi","p__Ascomycota","c__Dothideomycetes",NA,NA,NA,NA,"negative"
"Pityogenes hopkinsi","ASV_9415",-4.47957226374751,0.001,0.022330985915493,0.371345579793341,"Coleoptera","Curculionidae","Scolytinae","Pityogenes","Pityogenes hopkinsi","k__Fungi",NA,NA,NA,NA,NA,NA,"negative"
"Pityogenes hopkinsi","ASV_9574",-4.07578023893527,0.001,0.022330985915493,0.371345579793341,"Coleoptera","Curculionidae","Scolytinae","Pityogenes","Pityogenes hopkinsi","k__Fungi","p__Basidiomycota","c__Agaricomycetes","o__Russulales","f__Peniophoraceae","g__Peniophora",NA,"negative"
"Pityogenes hopkinsi","ASV_9577",-3.43644086409568,0.001,0.022330985915493,0.371345579793341,"Coleoptera","Curculionidae","Scolytinae","Pityogenes","Pityogenes hopkinsi","k__Fungi","p__Basidiomycota","c__Cystobasidiomycetes",NA,NA,NA,NA,"negative"
"Pityogenes hopkinsi","ASV_9739",-2.88371351602511,0.001,0.022330985915493,0.371345579793341,"Coleoptera","Curculionidae","Scolytinae","Pityogenes","Pityogenes hopkinsi","k__Fungi","p__Ascomycota","c__Dothideomycetes","o__Dothideales","f__Dothioraceae","g__Kabatina",NA,"negative"
"Pityogenes hopkinsi","ASV_9810",-2.69550830525211,0.001,0.022330985915493,0.371345579793341,"Coleoptera","Curculionidae","Scolytinae","Pityogenes","Pityogenes hopkinsi","k__Fungi","p__Ascomycota","c__Dothideomycetes","o__Hysteriales","f__Hysteriaceae",NA,NA,"negative"
"Pityogenes hopkinsi","ASV_9831",-3.0556229164921,0.001,0.022330985915493,0.371345579793341,"Coleoptera","Curculionidae","Scolytinae","Pityogenes","Pityogenes hopkinsi","k__Fungi","p__Ascomycota","c__Dothideomycetes",NA,NA,NA,NA,"negative"
"Pityogenes hopkinsi","ASV_9950",3.98645419772594,0.001,0.022330985915493,0.371345579793341,"Coleoptera","Curculionidae","Scolytinae","Pityogenes","Pityogenes hopkinsi","k__Fungi","p__Ascomycota","c__Lecanoromycetes","o__Lecanorales","f__Lecanoraceae","g__Lecidella",NA,"positive"
"Pityogenes hopkinsi","ASV_10059",3.63398604105754,0.001,0.022330985915493,0.371345579793341,"Coleoptera","Curculionidae","Scolytinae","Pityogenes","Pityogenes hopkinsi","k__Fungi","p__Ascomycota","c__Sordariomycetes","o__Xylariales",NA,NA,NA,"positive"
"Pityogenes hopkinsi","ASV_10396",-3.43154148921288,0.001,0.022330985915493,0.371345579793341,"Coleoptera","Curculionidae","Scolytinae","Pityogenes","Pityogenes hopkinsi","k__Fungi","p__Ascomycota","c__Saccharomycetes","o__Saccharomycetales","f__Saccharomycetaceae","g__Ogataea","s__populi-albae","negative"
"Pityogenes hopkinsi","ASV_10397",-2.79236293606726,0.001,0.022330985915493,0.371345579793341,"Coleoptera","Curculionidae","Scolytinae","Pityogenes","Pityogenes hopkinsi","k__Fungi","p__Ascomycota","c__Saccharomycetes","o__Saccharomycetales","f__Debaryomycetaceae","g__Yamadazyma","s__mexicana","negative"
"Pityogenes hopkinsi","ASV_10412",-3.02723036009462,0.001,0.022330985915493,0.371345579793341,"Coleoptera","Curculionidae","Scolytinae","Pityogenes","Pityogenes hopkinsi","k__Fungi","p__Ascomycota","c__Dothideomycetes","o__Dothideales","f__Saccotheciaceae","g__Aureobasidium","s__pullulans","negative"
"Pityogenes hopkinsi","ASV_10518",-3.91857879114339,0.001,0.022330985915493,0.371345579793341,"Coleoptera","Curculionidae","Scolytinae","Pityogenes","Pityogenes hopkinsi","k__Fungi","p__Ascomycota","c__Dothideomycetes","o__Dothideales","f__Saccotheciaceae","g__Aureobasidium","s__pullulans","negative"
"Pityogenes hopkinsi","ASV_10768",-2.42512468469484,0.001,0.022330985915493,0.371345579793341,"Coleoptera","Curculionidae","Scolytinae","Pityogenes","Pityogenes hopkinsi","k__Fungi","p__Basidiomycota","c__Tremellomycetes","o__Tremellales","f__Bulleribasidiaceae","g__Bulleribasidiaceae_gen_Incertae_sedis",NA,"negative"
"Pityogenes hopkinsi","ASV_10786",-2.29833061261249,0.001,0.022330985915493,0.371345579793341,"Coleoptera","Curculionidae","Scolytinae","Pityogenes","Pityogenes hopkinsi","k__Fungi",NA,NA,NA,NA,NA,NA,"negative"
"Pityogenes hopkinsi","ASV_11115",-3.79541673813874,0.001,0.022330985915493,0.371345579793341,"Coleoptera","Curculionidae","Scolytinae","Pityogenes","Pityogenes hopkinsi","k__Fungi","p__Ascomycota","c__Sordariomycetes","o__Xylariales",NA,NA,NA,"negative"
"Pityogenes hopkinsi","ASV_11167",-3.88287168003579,0.001,0.022330985915493,0.371345579793341,"Coleoptera","Curculionidae","Scolytinae","Pityogenes","Pityogenes hopkinsi","k__Fungi","p__Basidiomycota","c__Exobasidiomycetes","o__Microstromatales","f__Microstromatales_fam_Incertae_sedis","g__Pseudomicrostroma",NA,"negative"
"Pityogenes hopkinsi","ASV_11176",-4.02731894954392,0.001,0.022330985915493,0.371345579793341,"Coleoptera","Curculionidae","Scolytinae","Pityogenes","Pityogenes hopkinsi","k__Fungi","p__Ascomycota","c__Dothideomycetes","o__Pleosporales","f__Cucurbitariaceae","g__Neocucurbitaria","s__populi","negative"
"Pityogenes hopkinsi","ASV_11266",-3.62060583369351,0.001,0.022330985915493,0.371345579793341,"Coleoptera","Curculionidae","Scolytinae","Pityogenes","Pityogenes hopkinsi","k__Fungi","p__Ascomycota",NA,NA,NA,NA,NA,"negative"
"Pityogenes hopkinsi","ASV_11419",-3.02994332054897,0.001,0.022330985915493,0.371345579793341,"Coleoptera","Curculionidae","Scolytinae","Pityogenes","Pityogenes hopkinsi","k__Fungi","p__Ascomycota","c__Eurotiomycetes","o__Eurotiales","f__Aspergillaceae","g__Paecilomyces","s__maximus","negative"
"Pityogenes hopkinsi","ASV_11494",-3.25835286445106,0.001,0.022330985915493,0.371345579793341,"Coleoptera","Curculionidae","Scolytinae","Pityogenes","Pityogenes hopkinsi","k__Fungi","p__Ascomycota","c__Dothideomycetes","o__Dothideales","f__Dothioraceae","g__Dothiora",NA,"negative"
"Pityogenes hopkinsi","ASV_11734",-3.60881956508926,0.001,0.022330985915493,0.371345579793341,"Coleoptera","Curculionidae","Scolytinae","Pityogenes","Pityogenes hopkinsi","k__Fungi","p__Ascomycota",NA,NA,NA,NA,NA,"negative"
"Pityogenes hopkinsi","ASV_11883",-3.67222243271869,0.001,0.022330985915493,0.371345579793341,"Coleoptera","Curculionidae","Scolytinae","Pityogenes","Pityogenes hopkinsi","k__Fungi","p__Ascomycota","c__Eurotiomycetes","o__Chaetothyriales","f__Herpotrichiellaceae","g__Phialophora","s__phaeophora","negative"
"Pityogenes hopkinsi","ASV_11949",-3.26722958141317,0.001,0.022330985915493,0.371345579793341,"Coleoptera","Curculionidae","Scolytinae","Pityogenes","Pityogenes hopkinsi","k__Fungi","p__Ascomycota","c__Dothideomycetes","o__Dothideales","f__Saccotheciaceae","g__Aureobasidium","s__pullulans","negative"
"Pityogenes hopkinsi","ASV_11985",-2.35288579574167,0.001,0.022330985915493,0.371345579793341,"Coleoptera","Curculionidae","Scolytinae","Pityogenes","Pityogenes hopkinsi","k__Fungi","p__Basidiomycota","c__Tremellomycetes","o__Filobasidiales","f__Filobasidiaceae","g__Filobasidium","s__mali","negative"
"Pityogenes hopkinsi","ASV_12101",-3.57827123416685,0.001,0.022330985915493,0.371345579793341,"Coleoptera","Curculionidae","Scolytinae","Pityogenes","Pityogenes hopkinsi","k__Fungi","p__Ascomycota","c__Eurotiomycetes","o__Chaetothyriales","f__Chaetothyriaceae","g__Ceramothyrium","s__carniolicum","negative"
"Pityogenes hopkinsi","ASV_12103",-2.90012994666697,0.001,0.022330985915493,0.371345579793341,"Coleoptera","Curculionidae","Scolytinae","Pityogenes","Pityogenes hopkinsi","k__Fungi","p__Basidiomycota","c__Microbotryomycetes","o__Microbotryomycetes_ord_Incertae_sedis","f__Colacogloeaceae",NA,NA,"negative"
"Pityogenes hopkinsi","ASV_12130",-4.07263115397629,0.001,0.022330985915493,0.371345579793341,"Coleoptera","Curculionidae","Scolytinae","Pityogenes","Pityogenes hopkinsi","k__Fungi","p__Mucoromycota","c__Mucoromycetes","o__Mucorales","f__Mucoraceae","g__Mucor","s__hiemalis","negative"
"Pityogenes hopkinsi","ASV_12228",-4.6841758181118,0.001,0.022330985915493,0.371345579793341,"Coleoptera","Curculionidae","Scolytinae","Pityogenes","Pityogenes hopkinsi","k__Fungi","p__Ascomycota","c__Dothideomycetes","o__Dothideales","f__Dothioraceae","g__Dothiora",NA,"negative"
"Pityogenes hopkinsi","ASV_12239",-3.60416375885724,0.001,0.022330985915493,0.371345579793341,"Coleoptera","Curculionidae","Scolytinae","Pityogenes","Pityogenes hopkinsi","k__Fungi","p__Basidiomycota","c__Exobasidiomycetes","o__Microstromatales","f__Microstromatales_fam_Incertae_sedis","g__Pseudomicrostroma","s__phylloplanum","negative"
"Pityogenes hopkinsi","ASV_12368",-3.0639564608097,0.001,0.022330985915493,0.371345579793341,"Coleoptera","Curculionidae","Scolytinae","Pityogenes","Pityogenes hopkinsi","k__Fungi","p__Basidiomycota","c__Tremellomycetes","o__Tremellales","f__Carcinomycetaceae","g__Carcinomyces","s__polyporinus","negative"
"Pityogenes hopkinsi","ASV_12447",-3.50950995084092,0.001,0.022330985915493,0.371345579793341,"Coleoptera","Curculionidae","Scolytinae","Pityogenes","Pityogenes hopkinsi","k__Fungi","p__Ascomycota","c__Eurotiomycetes","o__Chaetothyriales","f__Herpotrichiellaceae","g__Exophiala","s__moniliae","negative"
"Pityogenes hopkinsi","ASV_12516",-3.06025521459636,0.001,0.022330985915493,0.371345579793341,"Coleoptera","Curculionidae","Scolytinae","Pityogenes","Pityogenes hopkinsi","k__Fungi","p__Basidiomycota","c__Exobasidiomycetes","o__Microstromatales","f__Microstromatales_fam_Incertae_sedis","g__Pseudomicrostroma",NA,"negative"
"Pityogenes hopkinsi","ASV_12828",-2.33870440500931,0.001,0.022330985915493,0.371345579793341,"Coleoptera","Curculionidae","Scolytinae","Pityogenes","Pityogenes hopkinsi","k__Fungi","p__Ascomycota","c__Leotiomycetes","o__Helotiales","f__Hyaloscyphaceae","g__Lachnum",NA,"negative"
"Pityogenes hopkinsi","ASV_13321",-3.60643514287097,0.001,0.022330985915493,0.371345579793341,"Coleoptera","Curculionidae","Scolytinae","Pityogenes","Pityogenes hopkinsi","k__Fungi","p__Basidiomycota","c__Microbotryomycetes","o__Sporidiobolales","f__Sporidiobolaceae","g__Rhodosporidiobolus","s__colostri","negative"
"Pityogenes hopkinsi","ASV_13565",-2.36329582316001,0.001,0.022330985915493,0.371345579793341,"Coleoptera","Curculionidae","Scolytinae","Pityogenes","Pityogenes hopkinsi","k__Fungi","p__Ascomycota","c__Leotiomycetes","o__Helotiales","f__Tympanidaceae","g__Tympanis","s__piceina","negative"
"Pityogenes hopkinsi","ASV_13615",-4.23927325693218,0.001,0.022330985915493,0.371345579793341,"Coleoptera","Curculionidae","Scolytinae","Pityogenes","Pityogenes hopkinsi","k__Fungi","p__Basidiomycota","c__Agaricomycetes","o__Russulales","f__Peniophoraceae","g__Peniophora","s__cinerea","negative"
"Pityogenes hopkinsi","ASV_13631",-3.08353594745258,0.001,0.022330985915493,0.371345579793341,"Coleoptera","Curculionidae","Scolytinae","Pityogenes","Pityogenes hopkinsi","k__Fungi","p__Basidiomycota","c__Tremellomycetes","o__Tremellales","f__Bulleribasidiaceae","g__Hannaella","s__oryzae","negative"
"Pityogenes hopkinsi","ASV_14034",-2.96502176054216,0.001,0.022330985915493,0.371345579793341,"Coleoptera","Curculionidae","Scolytinae","Pityogenes","Pityogenes hopkinsi","k__Fungi",NA,NA,NA,NA,NA,NA,"negative"
"Pityogenes hopkinsi","ASV_14129",-4.25579885687272,0.001,0.022330985915493,0.371345579793341,"Coleoptera","Curculionidae","Scolytinae","Pityogenes","Pityogenes hopkinsi","k__Fungi","p__Ascomycota",NA,NA,NA,NA,NA,"negative"
"Pityogenes hopkinsi","ASV_14209",-3.71270244975477,0.001,0.022330985915493,0.371345579793341,"Coleoptera","Curculionidae","Scolytinae","Pityogenes","Pityogenes hopkinsi","k__Fungi","p__Basidiomycota","c__Agaricomycetes","o__Russulales","f__Peniophoraceae","g__Peniophora","s__cinerea","negative"
"Pityogenes hopkinsi","ASV_14474",-3.68894624782195,0.001,0.022330985915493,0.371345579793341,"Coleoptera","Curculionidae","Scolytinae","Pityogenes","Pityogenes hopkinsi","k__Fungi","p__Ascomycota","c__Dothideomycetes","o__Pleosporales","f__Cucurbitariaceae","g__Neocucurbitaria","s__populi","negative"
"Pityogenes hopkinsi","ASV_14988",-3.18188503256411,0.001,0.022330985915493,0.371345579793341,"Coleoptera","Curculionidae","Scolytinae","Pityogenes","Pityogenes hopkinsi","k__Fungi","p__Ascomycota","c__Lecanoromycetes","o__Ostropales","f__Spirographaceae","g__Spirographa","s__fusisporella","negative"
"Pityogenes hopkinsi","ASV_15312",-3.88077877439724,0.001,0.022330985915493,0.371345579793341,"Coleoptera","Curculionidae","Scolytinae","Pityogenes","Pityogenes hopkinsi","k__Fungi","p__Ascomycota","c__Leotiomycetes","o__Helotiales","f__Helotiales_fam_Incertae_sedis","g__Cryptocline","s__arctostaphyli","negative"
"Pityogenes hopkinsi","ASV_15485",-3.32234456250655,0.001,0.022330985915493,0.371345579793341,"Coleoptera","Curculionidae","Scolytinae","Pityogenes","Pityogenes hopkinsi","k__Fungi","p__Ascomycota","c__Dothideomycetes","o__Dothideales","f__Saccotheciaceae","g__Aureobasidium","s__pullulans","negative"
"Pityogenes hopkinsi","ASV_15740",-3.89399320909916,0.001,0.022330985915493,0.371345579793341,"Coleoptera","Curculionidae","Scolytinae","Pityogenes","Pityogenes hopkinsi","k__Fungi","p__Basidiomycota","c__Agaricomycetes","o__Russulales","f__Peniophoraceae","g__Peniophora","s__cinerea","negative"
"Pityogenes hopkinsi","ASV_15837",-3.88490763270532,0.001,0.022330985915493,0.371345579793341,"Coleoptera","Curculionidae","Scolytinae","Pityogenes","Pityogenes hopkinsi","k__Fungi","p__Ascomycota",NA,NA,NA,NA,NA,"negative"
"Pityogenes hopkinsi","ASV_15972",-3.77512921179462,0.001,0.022330985915493,0.371345579793341,"Coleoptera","Curculionidae","Scolytinae","Pityogenes","Pityogenes hopkinsi","k__Fungi","p__Ascomycota","c__Dothideomycetes","o__Dothideales","f__Dothideaceae","g__Dothidea",NA,"negative"
"Pityogenes hopkinsi","ASV_15997",-3.49819606681397,0.001,0.022330985915493,0.371345579793341,"Coleoptera","Curculionidae","Scolytinae","Pityogenes","Pityogenes hopkinsi","k__Fungi","p__Ascomycota","c__Dothideomycetes","o__Dothideales","f__Dothioraceae","g__Pringsheimia","s__smilacis","negative"
"Pityogenes hopkinsi","ASV_16099",-2.73119313803612,0.001,0.022330985915493,0.371345579793341,"Coleoptera","Curculionidae","Scolytinae","Pityogenes","Pityogenes hopkinsi","k__Fungi","p__Ascomycota","c__Dothideomycetes","o__Pleosporales","f__Cucurbitariaceae","g__Neocucurbitaria","s__quercina","negative"
"Pityogenes hopkinsi","ASV_16223",-3.69675213739423,0.001,0.022330985915493,0.371345579793341,"Coleoptera","Curculionidae","Scolytinae","Pityogenes","Pityogenes hopkinsi","k__Fungi","p__Ascomycota","c__Dothideomycetes",NA,NA,NA,NA,"negative"
"Pityogenes hopkinsi","ASV_16224",-3.29209864094125,0.001,0.022330985915493,0.371345579793341,"Coleoptera","Curculionidae","Scolytinae","Pityogenes","Pityogenes hopkinsi","k__Fungi",NA,NA,NA,NA,NA,NA,"negative"
"Pityogenes hopkinsi","ASV_16271",-3.45626624208355,0.001,0.022330985915493,0.371345579793341,"Coleoptera","Curculionidae","Scolytinae","Pityogenes","Pityogenes hopkinsi","k__Fungi","p__Basidiomycota","c__Microbotryomycetes","o__Microbotryomycetes_ord_Incertae_sedis","f__Microbotryomycetes_fam_Incertae_sedis","g__Curvibasidium",NA,"negative"
"Pityogenes hopkinsi","ASV_16760",-3.49036567745408,0.001,0.022330985915493,0.371345579793341,"Coleoptera","Curculionidae","Scolytinae","Pityogenes","Pityogenes hopkinsi","k__Fungi","p__Basidiomycota","c__Agaricomycetes","o__Hymenochaetales","f__Schizoporaceae","g__Xylodon","s__ussuriensis","negative"
"Pityogenes hopkinsi","ASV_16891",-2.56682646333104,0.001,0.022330985915493,0.371345579793341,"Coleoptera","Curculionidae","Scolytinae","Pityogenes","Pityogenes hopkinsi","k__Fungi","p__Basidiomycota","c__Tremellomycetes","o__Tremellales",NA,NA,NA,"negative"
"Pityogenes hopkinsi","ASV_17214",-3.74969523771364,0.001,0.022330985915493,0.371345579793341,"Coleoptera","Curculionidae","Scolytinae","Pityogenes","Pityogenes hopkinsi","k__Fungi","p__Ascomycota","c__Lecanoromycetes","o__Lecanorales",NA,NA,NA,"negative"
"Pityogenes hopkinsi","ASV_17215",-2.97377063613924,0.001,0.022330985915493,0.371345579793341,"Coleoptera","Curculionidae","Scolytinae","Pityogenes","Pityogenes hopkinsi","k__Fungi","p__Ascomycota","c__Dothideomycetes","o__Dothideales","f__Saccotheciaceae","g__Aureobasidium",NA,"negative"
"Pityogenes hopkinsi","ASV_17316",-2.9412571905645,0.001,0.022330985915493,0.371345579793341,"Coleoptera","Curculionidae","Scolytinae","Pityogenes","Pityogenes hopkinsi","k__Fungi","p__Ascomycota","c__Leotiomycetes","o__Helotiales",NA,NA,NA,"negative"
"Pityogenes hopkinsi","ASV_17321",-3.80144085297694,0.001,0.022330985915493,0.371345579793341,"Coleoptera","Curculionidae","Scolytinae","Pityogenes","Pityogenes hopkinsi","k__Fungi","p__Ascomycota","c__Leotiomycetes","o__Helotiales","f__Helotiales_fam_Incertae_sedis","g__Cryptocline","s__arctostaphyli","negative"
"Pityogenes hopkinsi","ASV_17393",-3.73561625473389,0.001,0.022330985915493,0.371345579793341,"Coleoptera","Curculionidae","Scolytinae","Pityogenes","Pityogenes hopkinsi","k__Fungi","p__Ascomycota","c__Taphrinomycetes","o__Taphrinales","f__Taphrinaceae","g__Taphrina","s__inositophila","negative"
"Pityogenes hopkinsi","ASV_17397",-3.65989725147104,0.001,0.022330985915493,0.371345579793341,"Coleoptera","Curculionidae","Scolytinae","Pityogenes","Pityogenes hopkinsi","k__Fungi","p__Ascomycota","c__Sordariomycetes","o__Diaporthales","f__Valsaceae",NA,NA,"negative"
"Pityogenes hopkinsi","ASV_17711",-3.67073236333867,0.001,0.022330985915493,0.371345579793341,"Coleoptera","Curculionidae","Scolytinae","Pityogenes","Pityogenes hopkinsi","k__Fungi","p__Ascomycota","c__Dothideomycetes","o__Dothideales","f__Dothideales_fam_Incertae_sedis","g__Dothideales_gen_Incertae_sedis",NA,"negative"
"Pityogenes hopkinsi","ASV_17717",-3.05982700766263,0.001,0.022330985915493,0.371345579793341,"Coleoptera","Curculionidae","Scolytinae","Pityogenes","Pityogenes hopkinsi","k__Fungi","p__Basidiomycota","c__Tremellomycetes","o__Tremellales","f__Bulleribasidiaceae","g__Vishniacozyma","s__victoriae","negative"
"Pityogenes hopkinsi","ASV_17985",-4.70749958242094,0.001,0.022330985915493,0.371345579793341,"Coleoptera","Curculionidae","Scolytinae","Pityogenes","Pityogenes hopkinsi","k__Fungi","p__Ascomycota","c__Dothideomycetes","o__Dothideales","f__Dothioraceae","g__Hormonema","s__macrosporum","negative"
"Pityogenes hopkinsi","ASV_17991",-3.5790538124806,0.001,0.022330985915493,0.371345579793341,"Coleoptera","Curculionidae","Scolytinae","Pityogenes","Pityogenes hopkinsi","k__Fungi","p__Ascomycota","c__Dothideomycetes","o__Pleosporales",NA,NA,NA,"negative"
"Pityogenes hopkinsi","ASV_18312",-2.60974480216979,0.001,0.022330985915493,0.371345579793341,"Coleoptera","Curculionidae","Scolytinae","Pityogenes","Pityogenes hopkinsi","k__Fungi","p__Ascomycota","c__Dothideomycetes","o__Dothideales","f__Saccotheciaceae","g__Aureobasidium","s__pullulans","negative"
"Pityogenes hopkinsi","ASV_18458",-3.37968240040211,0.001,0.022330985915493,0.371345579793341,"Coleoptera","Curculionidae","Scolytinae","Pityogenes","Pityogenes hopkinsi","k__Fungi","p__Ascomycota","c__Dothideomycetes","o__Pleosporales",NA,NA,NA,"negative"
"Pityogenes hopkinsi","ASV_18633",-4.27196518906256,0.001,0.022330985915493,0.371345579793341,"Coleoptera","Curculionidae","Scolytinae","Pityogenes","Pityogenes hopkinsi","k__Fungi","p__Ascomycota","c__Dothideomycetes","o__Dothideales","f__Saccotheciaceae","g__Aureobasidium","s__pullulans","negative"
"Pityogenes hopkinsi","ASV_19397",-3.24730000421724,0.001,0.022330985915493,0.371345579793341,"Coleoptera","Curculionidae","Scolytinae","Pityogenes","Pityogenes hopkinsi","k__Fungi","p__Ascomycota",NA,NA,NA,NA,NA,"negative"
"Pityogenes hopkinsi","ASV_19430",-3.56295789596254,0.001,0.022330985915493,0.371345579793341,"Coleoptera","Curculionidae","Scolytinae","Pityogenes","Pityogenes hopkinsi","k__Fungi","p__Ascomycota","c__Dothideomycetes","o__Dothideales","f__Dothideaceae","g__Coniozyma","s__leucospermi","negative"
"Pityogenes hopkinsi","ASV_19474",-3.26388963085301,0.001,0.022330985915493,0.371345579793341,"Coleoptera","Curculionidae","Scolytinae","Pityogenes","Pityogenes hopkinsi","k__Fungi","p__Ascomycota","c__Leotiomycetes","o__Helotiales","f__Tympanidaceae","g__Tympanis",NA,"negative"
"Pityogenes hopkinsi","ASV_19604",-3.57717760545701,0.001,0.022330985915493,0.371345579793341,"Coleoptera","Curculionidae","Scolytinae","Pityogenes","Pityogenes hopkinsi","k__Fungi","p__Basidiomycota","c__Tremellomycetes","o__Tremellales","f__Bulleribasidiaceae","g__Vishniacozyma","s__victoriae","negative"
"Pityogenes hopkinsi","ASV_20139",-3.31975032217342,0.001,0.022330985915493,0.371345579793341,"Coleoptera","Curculionidae","Scolytinae","Pityogenes","Pityogenes hopkinsi","k__Fungi","p__Basidiomycota","c__Tremellomycetes","o__Tremellales","f__Cryptococcaceae","g__Teunia",NA,"negative"
"Pityogenes hopkinsi","ASV_20140",-3.34329667994641,0.001,0.022330985915493,0.371345579793341,"Coleoptera","Curculionidae","Scolytinae","Pityogenes","Pityogenes hopkinsi","k__Fungi","p__Basidiomycota","c__Tremellomycetes","o__Tremellales","f__Bulleraceae","g__Fonsecazyma","s__mujuensis","negative"
"Pityogenes hopkinsi","ASV_20703",-3.32365675428858,0.001,0.022330985915493,0.371345579793341,"Coleoptera","Curculionidae","Scolytinae","Pityogenes","Pityogenes hopkinsi","k__Fungi","p__Ascomycota","c__Eurotiomycetes","o__Chaetothyriales","f__Trichomeriaceae","g__Trichomerium","s__lapideum","negative"
"Pityogenes hopkinsi","ASV_20741",-4.16737233035957,0.001,0.022330985915493,0.371345579793341,"Coleoptera","Curculionidae","Scolytinae","Pityogenes","Pityogenes hopkinsi","k__Fungi","p__Ascomycota","c__Dothideomycetes","o__Mycosphaerellales","f__Mycosphaerellaceae",NA,NA,"negative"
"Pityogenes hopkinsi","ASV_20815",-3.83920571449574,0.001,0.022330985915493,0.371345579793341,"Coleoptera","Curculionidae","Scolytinae","Pityogenes","Pityogenes hopkinsi","k__Fungi","p__Basidiomycota","c__Tremellomycetes","o__Tremellales","f__Rhynchogastremataceae","g__Papiliotrema","s__wisconsinensis","negative"
"Pityogenes hopkinsi","ASV_21001",-3.56827159685731,0.001,0.022330985915493,0.371345579793341,"Coleoptera","Curculionidae","Scolytinae","Pityogenes","Pityogenes hopkinsi","k__Fungi","p__Ascomycota","c__Dothideomycetes","o__Myriangiales","f__Elsinoaceae","g__Elsinoe",NA,"negative"
"Pityogenes hopkinsi","ASV_21247",-3.39524682268268,0.001,0.022330985915493,0.371345579793341,"Coleoptera","Curculionidae","Scolytinae","Pityogenes","Pityogenes hopkinsi","k__Fungi","p__Ascomycota","c__Sordariomycetes","o__Hypocreales","f__Hypocreaceae","g__Trichoderma","s__minutisporum","negative"
"Pityogenes hopkinsi","ASV_21548",-2.93884363888293,0.001,0.022330985915493,0.371345579793341,"Coleoptera","Curculionidae","Scolytinae","Pityogenes","Pityogenes hopkinsi","k__Fungi","p__Ascomycota","c__Dothideomycetes","o__Dothideales","f__Saccotheciaceae","g__Aureobasidium","s__pullulans","negative"
"Pityogenes hopkinsi","ASV_21735",-4.21269737258204,0.001,0.022330985915493,0.371345579793341,"Coleoptera","Curculionidae","Scolytinae","Pityogenes","Pityogenes hopkinsi","k__Fungi","p__Ascomycota","c__Dothideomycetes","o__Dothideales","f__Saccotheciaceae","g__Aureobasidium",NA,"negative"
"Pityogenes hopkinsi","ASV_21763",-2.93284770320385,0.001,0.022330985915493,0.371345579793341,"Coleoptera","Curculionidae","Scolytinae","Pityogenes","Pityogenes hopkinsi","k__Fungi","p__Basidiomycota","c__Tremellomycetes","o__Tremellales","f__Bulleribasidiaceae","g__Vishniacozyma",NA,"negative"
"Pityogenes hopkinsi","ASV_22117",-3.60052530102168,0.001,0.022330985915493,0.371345579793341,"Coleoptera","Curculionidae","Scolytinae","Pityogenes","Pityogenes hopkinsi","k__Fungi","p__Ascomycota","c__Dothideomycetes","o__Dothideales","f__Saccotheciaceae",NA,NA,"negative"
"Pityogenes hopkinsi","ASV_22864",-3.71831834091634,0.001,0.022330985915493,0.371345579793341,"Coleoptera","Curculionidae","Scolytinae","Pityogenes","Pityogenes hopkinsi","k__Fungi","p__Ascomycota","c__Leotiomycetes","o__Helotiales","f__Helotiales_fam_Incertae_sedis","g__Cryptocline","s__arctostaphyli","negative"
"Pityogenes hopkinsi","ASV_22906",-3.59933217922785,0.001,0.022330985915493,0.371345579793341,"Coleoptera","Curculionidae","Scolytinae","Pityogenes","Pityogenes hopkinsi","k__Fungi","p__Basidiomycota","c__Tremellomycetes","o__Tremellales","f__Rhynchogastremataceae","g__Papiliotrema",NA,"negative"
"Pityogenes hopkinsi","ASV_22926",-3.52954760747171,0.001,0.022330985915493,0.371345579793341,"Coleoptera","Curculionidae","Scolytinae","Pityogenes","Pityogenes hopkinsi","k__Fungi","p__Ascomycota","c__Leotiomycetes",NA,NA,NA,NA,"negative"
"Pityogenes hopkinsi","ASV_23006",-3.43509461228306,0.001,0.022330985915493,0.371345579793341,"Coleoptera","Curculionidae","Scolytinae","Pityogenes","Pityogenes hopkinsi","k__Fungi","p__Ascomycota","c__Dothideomycetes","o__Mycosphaerellales","f__Mycosphaerellaceae","g__Sphaerulina","s__pelargonii","negative"
"Pityogenes hopkinsi","ASV_23295",-3.75263903019076,0.001,0.022330985915493,0.371345579793341,"Coleoptera","Curculionidae","Scolytinae","Pityogenes","Pityogenes hopkinsi","k__Fungi","p__Ascomycota","c__Lecanoromycetes","o__Ostropales","f__Spirographaceae","g__Spirographa","s__fusisporella","negative"
"Pityogenes hopkinsi","ASV_23571",-2.8219666641444,0.001,0.022330985915493,0.371345579793341,"Coleoptera","Curculionidae","Scolytinae","Pityogenes","Pityogenes hopkinsi","k__Fungi","p__Ascomycota","c__Dothideomycetes","o__Dothideales","f__Dothideaceae","g__Rhizosphaera",NA,"negative"
"Pityogenes hopkinsi","ASV_23817",-4.41037347843876,0.001,0.022330985915493,0.371345579793341,"Coleoptera","Curculionidae","Scolytinae","Pityogenes","Pityogenes hopkinsi","k__Fungi","p__Ascomycota",NA,NA,NA,NA,NA,"negative"
"Pityogenes hopkinsi","ASV_23835",-3.67153916353653,0.001,0.022330985915493,0.371345579793341,"Coleoptera","Curculionidae","Scolytinae","Pityogenes","Pityogenes hopkinsi","k__Fungi","p__Basidiomycota","c__Tremellomycetes","o__Tremellales","f__Cryptococcaceae","g__Kwoniella",NA,"negative"
"Pityogenes hopkinsi","ASV_23863",-3.85385036945043,0.001,0.022330985915493,0.371345579793341,"Coleoptera","Curculionidae","Scolytinae","Pityogenes","Pityogenes hopkinsi","k__Fungi","p__Ascomycota","c__Dothideomycetes","o__Dothideales","f__Saccotheciaceae","g__Aureobasidium","s__pullulans","negative"
"Pityogenes hopkinsi","ASV_23889",-2.76447577117064,0.001,0.022330985915493,0.371345579793341,"Coleoptera","Curculionidae","Scolytinae","Pityogenes","Pityogenes hopkinsi","k__Fungi","p__Ascomycota","c__Dothideomycetes","o__Dothideales","f__Dothideaceae","g__Coniozyma","s__leucospermi","negative"
"Pityogenes hopkinsi","ASV_23902",-3.26481203442517,0.001,0.022330985915493,0.371345579793341,"Coleoptera","Curculionidae","Scolytinae","Pityogenes","Pityogenes hopkinsi","k__Fungi","p__Basidiomycota","c__Microbotryomycetes","o__Sporidiobolales","f__Sporidiobolaceae","g__Rhodotorula",NA,"negative"
"Pityogenes hopkinsi","ASV_23952",-3.70924394151316,0.001,0.022330985915493,0.371345579793341,"Coleoptera","Curculionidae","Scolytinae","Pityogenes","Pityogenes hopkinsi","k__Fungi","p__Ascomycota","c__Eurotiomycetes","o__Coryneliales","f__Coryneliaceae","g__Caliciopsis",NA,"negative"
"Pityogenes hopkinsi","ASV_23986",-3.23526367232136,0.001,0.022330985915493,0.371345579793341,"Coleoptera","Curculionidae","Scolytinae","Pityogenes","Pityogenes hopkinsi","k__Fungi","p__Basidiomycota","c__Agaricomycetes",NA,NA,NA,NA,"negative"
"Pityogenes hopkinsi","ASV_24236",-3.53821881063232,0.001,0.022330985915493,0.371345579793341,"Coleoptera","Curculionidae","Scolytinae","Pityogenes","Pityogenes hopkinsi","k__Fungi","p__Ascomycota","c__Dothideomycetes","o__Dothideales","f__Dothioraceae","g__Dothiora",NA,"negative"
"Pityogenes hopkinsi","ASV_24330",-3.87157829697676,0.001,0.022330985915493,0.371345579793341,"Coleoptera","Curculionidae","Scolytinae","Pityogenes","Pityogenes hopkinsi","k__Fungi","p__Ascomycota",NA,NA,NA,NA,NA,"negative"
"Pityogenes hopkinsi","ASV_24620",-3.46163899766617,0.001,0.022330985915493,0.371345579793341,"Coleoptera","Curculionidae","Scolytinae","Pityogenes","Pityogenes hopkinsi","k__Fungi","p__Ascomycota","c__Dothideomycetes","o__Dothideales","f__Saccotheciaceae","g__Aureobasidium",NA,"negative"
"Pityogenes hopkinsi","ASV_24670",-2.8228385778359,0.001,0.022330985915493,0.371345579793341,"Coleoptera","Curculionidae","Scolytinae","Pityogenes","Pityogenes hopkinsi","k__Fungi","p__Ascomycota","c__Sordariomycetes","o__Chaetosphaeriales","f__Chaetosphaeriaceae",NA,NA,"negative"
"Pityogenes hopkinsi","ASV_24675",-3.37293410746464,0.001,0.022330985915493,0.371345579793341,"Coleoptera","Curculionidae","Scolytinae","Pityogenes","Pityogenes hopkinsi","k__Fungi","p__Ascomycota","c__Leotiomycetes","o__Helotiales","f__Helotiales_fam_Incertae_sedis","g__Cryptocline","s__arctostaphyli","negative"
"Pityogenes hopkinsi","ASV_24676",-2.88906119097691,0.001,0.022330985915493,0.371345579793341,"Coleoptera","Curculionidae","Scolytinae","Pityogenes","Pityogenes hopkinsi","k__Fungi","p__Ascomycota","c__Dothideomycetes","o__Dothideales","f__Saccotheciaceae","g__Aureobasidium",NA,"negative"
"Pityogenes hopkinsi","ASV_24694",-4.07732602316404,0.001,0.022330985915493,0.371345579793341,"Coleoptera","Curculionidae","Scolytinae","Pityogenes","Pityogenes hopkinsi","k__Fungi","p__Ascomycota","c__Dothideomycetes","o__Dothideales","f__Dothideaceae","g__Rhizosphaera",NA,"negative"
"Pityogenes hopkinsi","ASV_24909",-3.91990300828698,0.001,0.022330985915493,0.371345579793341,"Coleoptera","Curculionidae","Scolytinae","Pityogenes","Pityogenes hopkinsi","k__Fungi","p__Ascomycota","c__Sordariomycetes","o__Diaporthales","f__Valsaceae",NA,NA,"negative"
"Pityogenes hopkinsi","ASV_25043",-3.55392132506518,0.001,0.022330985915493,0.371345579793341,"Coleoptera","Curculionidae","Scolytinae","Pityogenes","Pityogenes hopkinsi","k__Fungi",NA,NA,NA,NA,NA,NA,"negative"
"Pityogenes hopkinsi","ASV_25245",-4.47524051576138,0.001,0.022330985915493,0.371345579793341,"Coleoptera","Curculionidae","Scolytinae","Pityogenes","Pityogenes hopkinsi","k__Fungi","p__Basidiomycota","c__Exobasidiomycetes","o__Microstromatales","f__Microstromatales_fam_Incertae_sedis","g__Pseudomicrostroma",NA,"negative"
"Pityogenes hopkinsi","ASV_25414",-3.01972868103492,0.001,0.022330985915493,0.371345579793341,"Coleoptera","Curculionidae","Scolytinae","Pityogenes","Pityogenes hopkinsi","k__Fungi","p__Ascomycota","c__Sordariomycetes","o__Hypocreales","f__Nectriaceae","g__Calcarisporium","s__arbuscula","negative"
"Pityogenes hopkinsi","ASV_25636",-3.95256079880241,0.001,0.022330985915493,0.371345579793341,"Coleoptera","Curculionidae","Scolytinae","Pityogenes","Pityogenes hopkinsi","k__Fungi","p__Ascomycota","c__Leotiomycetes","o__Helotiales","f__Leotiaceae",NA,NA,"negative"
"Pityogenes hopkinsi","ASV_25814",-4.139687481963,0.001,0.022330985915493,0.371345579793341,"Coleoptera","Curculionidae","Scolytinae","Pityogenes","Pityogenes hopkinsi","k__Fungi","p__Ascomycota","c__Dothideomycetes","o__Dothideales",NA,NA,NA,"negative"
"Pityogenes hopkinsi","ASV_26057",-3.83883829292373,0.001,0.022330985915493,0.371345579793341,"Coleoptera","Curculionidae","Scolytinae","Pityogenes","Pityogenes hopkinsi","k__Fungi",NA,NA,NA,NA,NA,NA,"negative"
"Pityogenes hopkinsi","ASV_26201",-3.79709068966335,0.001,0.022330985915493,0.371345579793341,"Coleoptera","Curculionidae","Scolytinae","Pityogenes","Pityogenes hopkinsi","k__Fungi","p__Basidiomycota","c__Agaricomycetes","o__Hymenochaetales","f__Hyphodontiaceae","g__Kneiffiella",NA,"negative"
"Pityogenes hopkinsi","ASV_26961",-3.8575198627651,0.001,0.022330985915493,0.371345579793341,"Coleoptera","Curculionidae","Scolytinae","Pityogenes","Pityogenes hopkinsi","k__Fungi","p__Ascomycota",NA,NA,NA,NA,NA,"negative"
"Pityogenes hopkinsi","ASV_27050",-3.08647586886497,0.001,0.022330985915493,0.371345579793341,"Coleoptera","Curculionidae","Scolytinae","Pityogenes","Pityogenes hopkinsi","k__Fungi","p__Basidiomycota","c__Pucciniomycetes","o__Pucciniales","f__Melampsoraceae","g__Melampsora","s__epitea","negative"
"Pityogenes hopkinsi","ASV_27534",-4.37669108560933,0.001,0.022330985915493,0.371345579793341,"Coleoptera","Curculionidae","Scolytinae","Pityogenes","Pityogenes hopkinsi","k__Fungi","p__Basidiomycota","c__Exobasidiomycetes","o__Microstromatales","f__Microstromatales_fam_Incertae_sedis","g__Pseudomicrostroma",NA,"negative"
"Pityogenes hopkinsi","ASV_29438",-3.7548461676838,0.001,0.022330985915493,0.371345579793341,"Coleoptera","Curculionidae","Scolytinae","Pityogenes","Pityogenes hopkinsi","k__Fungi","p__Ascomycota","c__Dothideomycetes","o__Dothideales","f__Saccotheciaceae","g__Aureobasidium",NA,"negative"
"Pityogenes hopkinsi","ASV_74",-2.27744994722752,0.002,0.0279383259911894,0.422156188818795,"Coleoptera","Curculionidae","Scolytinae","Pityogenes","Pityogenes hopkinsi","k__Fungi","p__Basidiomycota","c__Tremellomycetes","o__Trichosporonales","f__Trichosporonaceae","g__Trichosporon","s__asahii","negative"
"Pityogenes hopkinsi","ASV_172",3.09779060304052,0.002,0.0279383259911894,0.422156188818795,"Coleoptera","Curculionidae","Scolytinae","Pityogenes","Pityogenes hopkinsi","k__Fungi","p__Basidiomycota","c__Agaricomycetes","o__Polyporales","f__Irpicaceae","g__Irpex","s__lacteus","positive"
"Pityogenes hopkinsi","ASV_408",2.52474963017128,0.002,0.0279383259911894,0.422156188818795,"Coleoptera","Curculionidae","Scolytinae","Pityogenes","Pityogenes hopkinsi","k__Fungi","p__Ascomycota","c__Dothideomycetes","o__Mycosphaerellales","f__Teratosphaeriaceae","g__Capnobotryella","s__renispora","positive"
"Pityogenes hopkinsi","ASV_435",-2.96808691840141,0.002,0.0279383259911894,0.422156188818795,"Coleoptera","Curculionidae","Scolytinae","Pityogenes","Pityogenes hopkinsi","k__Fungi","p__Ascomycota","c__Dothideomycetes","o__Dothideales","f__Saccotheciaceae","g__Aureobasidium","s__pullulans","negative"
"Pityogenes hopkinsi","ASV_446",3.41175381769157,0.002,0.0279383259911894,0.422156188818795,"Coleoptera","Curculionidae","Scolytinae","Pityogenes","Pityogenes hopkinsi","k__Fungi","p__Ascomycota","c__Dothideomycetes","o__Capnodiales",NA,NA,NA,"positive"
"Pityogenes hopkinsi","ASV_550",3.08798843464475,0.002,0.0279383259911894,0.422156188818795,"Coleoptera","Curculionidae","Scolytinae","Pityogenes","Pityogenes hopkinsi","k__Fungi","p__Ascomycota","c__Sordariomycetes","o__Diaporthales","f__Cryphonectriaceae","g__Cryphonectriaceae_gen_Incertae_sedis",NA,"positive"
"Pityogenes hopkinsi","ASV_671",3.34744702610597,0.002,0.0279383259911894,0.422156188818795,"Coleoptera","Curculionidae","Scolytinae","Pityogenes","Pityogenes hopkinsi","k__Fungi","p__Ascomycota","c__Dothideomycetes","o__Pleosporales","f__Phaeosphaeriaceae","g__Muriphaeosphaeria","s__viburni","positive"
"Pityogenes hopkinsi","ASV_698",3.44419407550426,0.002,0.0279383259911894,0.422156188818795,"Coleoptera","Curculionidae","Scolytinae","Pityogenes","Pityogenes hopkinsi","k__Fungi","p__Basidiomycota","c__Agaricomycetes","o__Polyporales","f__Phanerochaetaceae","g__Bjerkandera","s__adusta","positive"
"Pityogenes hopkinsi","ASV_834",2.34616704615476,0.002,0.0279383259911894,0.422156188818795,"Coleoptera","Curculionidae","Scolytinae","Pityogenes","Pityogenes hopkinsi","k__Fungi","p__Ascomycota","c__Leotiomycetes","o__Helotiales","f__Tympanidaceae","g__Tympanis",NA,"positive"
"Pityogenes hopkinsi","ASV_878",3.12914117183492,0.002,0.0279383259911894,0.422156188818795,"Coleoptera","Curculionidae","Scolytinae","Pityogenes","Pityogenes hopkinsi","k__Fungi","p__Ascomycota","c__Dothideomycetes","o__Pleosporales","f__Pleosporaceae","g__Alternaria","s__metachromatica","positive"
"Pityogenes hopkinsi","ASV_888",3.77276620372233,0.002,0.0279383259911894,0.422156188818795,"Coleoptera","Curculionidae","Scolytinae","Pityogenes","Pityogenes hopkinsi","k__Fungi","p__Ascomycota","c__Leotiomycetes","o__Phacidiales","f__Phacidiaceae","g__Phacidium","s__lacerum","positive"
"Pityogenes hopkinsi","ASV_913",2.83116416153147,0.002,0.0279383259911894,0.422156188818795,"Coleoptera","Curculionidae","Scolytinae","Pityogenes","Pityogenes hopkinsi","k__Fungi","p__Ascomycota","c__Sordariomycetes","o__Hypocreales","f__Nectriaceae","g__Thyronectria","s__strobi","positive"
"Pityogenes hopkinsi","ASV_937",3.49839575752201,0.002,0.0279383259911894,0.422156188818795,"Coleoptera","Curculionidae","Scolytinae","Pityogenes","Pityogenes hopkinsi","k__Fungi","p__Ascomycota",NA,NA,NA,NA,NA,"positive"
"Pityogenes hopkinsi","ASV_1010",-3.15635199444843,0.002,0.0279383259911894,0.422156188818795,"Coleoptera","Curculionidae","Scolytinae","Pityogenes","Pityogenes hopkinsi","k__Fungi","p__Ascomycota","c__Dothideomycetes","o__Pleosporales","f__Phaeosphaeriaceae","g__Setophaeosphaeria","s__badalingensis","negative"
"Pityogenes hopkinsi","ASV_1016",3.13952991889459,0.002,0.0279383259911894,0.422156188818795,"Coleoptera","Curculionidae","Scolytinae","Pityogenes","Pityogenes hopkinsi","k__Fungi","p__Basidiomycota","c__Agaricomycetes","o__Polyporales","f__Fomitopsidaceae","g__Piptoporus","s__betulinus","positive"
"Pityogenes hopkinsi","ASV_1034",3.51302333362061,0.002,0.0279383259911894,0.422156188818795,"Coleoptera","Curculionidae","Scolytinae","Pityogenes","Pityogenes hopkinsi","k__Fungi","p__Ascomycota","c__Dothideomycetes","o__Pleosporales","f__Cucurbitariaceae","g__Parafenestella",NA,"positive"
"Pityogenes hopkinsi","ASV_1192",3.13946825695784,0.002,0.0279383259911894,0.422156188818795,"Coleoptera","Curculionidae","Scolytinae","Pityogenes","Pityogenes hopkinsi","k__Fungi","p__Basidiomycota","c__Agaricomycetes","o__Auriculariales","f__Exidiaceae","g__Exidia","s__glandulosa","positive"
"Pityogenes hopkinsi","ASV_1207",3.78359910757457,0.002,0.0279383259911894,0.422156188818795,"Coleoptera","Curculionidae","Scolytinae","Pityogenes","Pityogenes hopkinsi","k__Fungi","p__Ascomycota","c__Dothideomycetes","o__Pleosporales","f__Lophiotremataceae","g__Atrocalyx",NA,"positive"
"Pityogenes hopkinsi","ASV_1306",4.21054238576081,0.002,0.0279383259911894,0.422156188818795,"Coleoptera","Curculionidae","Scolytinae","Pityogenes","Pityogenes hopkinsi","k__Fungi","p__Ascomycota","c__Dothideomycetes","o__Pleosporales","f__Massarinaceae","g__Helminthosporium",NA,"positive"
"Pityogenes hopkinsi","ASV_1324",2.62561016614435,0.002,0.0279383259911894,0.422156188818795,"Coleoptera","Curculionidae","Scolytinae","Pityogenes","Pityogenes hopkinsi","k__Fungi","p__Basidiomycota","c__Tremellomycetes","o__Tremellales","f__Phaeotremellaceae","g__Phaeotremella",NA,"positive"
"Pityogenes hopkinsi","ASV_1337",4.75126691738253,0.002,0.0279383259911894,0.422156188818795,"Coleoptera","Curculionidae","Scolytinae","Pityogenes","Pityogenes hopkinsi","k__Fungi","p__Ascomycota","c__Dothideomycetes","o__Pleosporales","f__Pleomonodictydaceae","g__Pleomonodictys","s__descalsii","positive"
"Pityogenes hopkinsi","ASV_1387",3.94663104782047,0.002,0.0279383259911894,0.422156188818795,"Coleoptera","Curculionidae","Scolytinae","Pityogenes","Pityogenes hopkinsi","k__Fungi","p__Ascomycota","c__Dothideomycetes","o__Mytilinidiales","f__Mytilinidiaceae","g__Mytilinidion","s__insulare","positive"
"Pityogenes hopkinsi","ASV_1570",3.36613334854227,0.002,0.0279383259911894,0.422156188818795,"Coleoptera","Curculionidae","Scolytinae","Pityogenes","Pityogenes hopkinsi","k__Fungi","p__Ascomycota","c__Sordariomycetes","o__Xylariales","f__Graphostromataceae","g__Graphostroma","s__platystoma","positive"
"Pityogenes hopkinsi","ASV_1609",-2.57761891289896,0.002,0.0279383259911894,0.422156188818795,"Coleoptera","Curculionidae","Scolytinae","Pityogenes","Pityogenes hopkinsi","k__Fungi","p__Ascomycota","c__Dothideomycetes","o__Pleosporales","f__Phaeosphaeriaceae","g__Neosetophoma","s__samarorum","negative"
"Pityogenes hopkinsi","ASV_1631",3.3325153830083,0.002,0.0279383259911894,0.422156188818795,"Coleoptera","Curculionidae","Scolytinae","Pityogenes","Pityogenes hopkinsi","k__Fungi",NA,NA,NA,NA,NA,NA,"positive"
"Pityogenes hopkinsi","ASV_1695",2.95888628033514,0.002,0.0279383259911894,0.422156188818795,"Coleoptera","Curculionidae","Scolytinae","Pityogenes","Pityogenes hopkinsi","k__Fungi","p__Basidiomycota","c__Agaricomycetes",NA,NA,NA,NA,"positive"
"Pityogenes hopkinsi","ASV_1718",3.30478570977174,0.002,0.0279383259911894,0.422156188818795,"Coleoptera","Curculionidae","Scolytinae","Pityogenes","Pityogenes hopkinsi","k__Fungi","p__Basidiomycota","c__Cystobasidiomycetes","o__Cystobasidiomycetes_ord_Incertae_sedis","f__Cystobasidiomycetes_fam_Incertae_sedis","g__Cystobasidiomycetes_gen_Incertae_sedis",NA,"positive"
"Pityogenes hopkinsi","ASV_1728",3.77167815742469,0.002,0.0279383259911894,0.422156188818795,"Coleoptera","Curculionidae","Scolytinae","Pityogenes","Pityogenes hopkinsi","k__Fungi","p__Basidiomycota","c__Exobasidiomycetes","o__Exobasidiales","f__Exobasidiaceae","g__Exobasidium",NA,"positive"
"Pityogenes hopkinsi","ASV_1750",3.11129629713129,0.002,0.0279383259911894,0.422156188818795,"Coleoptera","Curculionidae","Scolytinae","Pityogenes","Pityogenes hopkinsi","k__Fungi","p__Ascomycota","c__Dothideomycetes",NA,NA,NA,NA,"positive"
"Pityogenes hopkinsi","ASV_1814",-2.7228438762899,0.002,0.0279383259911894,0.422156188818795,"Coleoptera","Curculionidae","Scolytinae","Pityogenes","Pityogenes hopkinsi","k__Fungi","p__Ascomycota",NA,NA,NA,NA,NA,"negative"
"Pityogenes hopkinsi","ASV_1822",-3.64294287587934,0.002,0.0279383259911894,0.422156188818795,"Coleoptera","Curculionidae","Scolytinae","Pityogenes","Pityogenes hopkinsi","k__Fungi","p__Ascomycota","c__Dothideomycetes","o__Pleosporales","f__Phaeosphaeriaceae","g__Leptospora","s__rubella","negative"
"Pityogenes hopkinsi","ASV_1853",3.72983653027795,0.002,0.0279383259911894,0.422156188818795,"Coleoptera","Curculionidae","Scolytinae","Pityogenes","Pityogenes hopkinsi","k__Fungi","p__Ascomycota","c__Dothideomycetes","o__Pleosporales","f__Cucurbitariaceae","g__Pyrenochaetopsis","s__microspora","positive"
"Pityogenes hopkinsi","ASV_1869",2.62076331734016,0.002,0.0279383259911894,0.422156188818795,"Coleoptera","Curculionidae","Scolytinae","Pityogenes","Pityogenes hopkinsi","k__Fungi","p__Ascomycota","c__Dothideomycetes","o__Capnodiales","f__Cladosporiaceae","g__Cladosporium",NA,"positive"
"Pityogenes hopkinsi","ASV_2027",-2.60648510215051,0.002,0.0279383259911894,0.422156188818795,"Coleoptera","Curculionidae","Scolytinae","Pityogenes","Pityogenes hopkinsi","k__Fungi","p__Ascomycota","c__Eurotiomycetes","o__Chaetothyriales","f__Trichomeriaceae","g__Trichomerium",NA,"negative"
"Pityogenes hopkinsi","ASV_2110",4.70745493546328,0.002,0.0279383259911894,0.422156188818795,"Coleoptera","Curculionidae","Scolytinae","Pityogenes","Pityogenes hopkinsi","k__Fungi","p__Ascomycota","c__Eurotiomycetes","o__Chaetothyriales","f__Trichomeriaceae","g__Alatosessilispora",NA,"positive"
"Pityogenes hopkinsi","ASV_2366",3.37861008621157,0.002,0.0279383259911894,0.422156188818795,"Coleoptera","Curculionidae","Scolytinae","Pityogenes","Pityogenes hopkinsi","k__Fungi","p__Basidiomycota","c__Agaricomycetes","o__Polyporales","f__Polyporaceae","g__Lentinus","s__crinitus","positive"
"Pityogenes hopkinsi","ASV_2397",4.11059621563444,0.002,0.0279383259911894,0.422156188818795,"Coleoptera","Curculionidae","Scolytinae","Pityogenes","Pityogenes hopkinsi","k__Fungi","p__Ascomycota","c__Sordariomycetes","o__Xylariales","f__Diatrypaceae","g__Peroneutypa","s__leucaenae","positive"
"Pityogenes hopkinsi","ASV_2714",2.95606920265177,0.002,0.0279383259911894,0.422156188818795,"Coleoptera","Curculionidae","Scolytinae","Pityogenes","Pityogenes hopkinsi","k__Fungi","p__Basidiomycota","c__Exobasidiomycetes","o__Exobasidiales","f__Exobasidiaceae","g__Exobasidium","s__japonicum","positive"
"Pityogenes hopkinsi","ASV_2789",4.78745610166334,0.002,0.0279383259911894,0.422156188818795,"Coleoptera","Curculionidae","Scolytinae","Pityogenes","Pityogenes hopkinsi","k__Fungi","p__Basidiomycota","c__Agaricomycetes","o__Polyporales","f__Meruliaceae","g__Phlebia","s__radiata","positive"
"Pityogenes hopkinsi","ASV_2892",5.22365048187848,0.002,0.0279383259911894,0.422156188818795,"Coleoptera","Curculionidae","Scolytinae","Pityogenes","Pityogenes hopkinsi","k__Fungi","p__Ascomycota","c__Dothideomycetes","o__Pleosporales","f__Lentitheciaceae","g__Pleurophoma",NA,"positive"
"Pityogenes hopkinsi","ASV_2955",4.19822357232606,0.002,0.0279383259911894,0.422156188818795,"Coleoptera","Curculionidae","Scolytinae","Pityogenes","Pityogenes hopkinsi","k__Fungi","p__Ascomycota","c__Sordariomycetes","o__Diaporthales","f__Valsaceae","g__Cytospora",NA,"positive"
"Pityogenes hopkinsi","ASV_3009",-2.71195380756182,0.002,0.0279383259911894,0.422156188818795,"Coleoptera","Curculionidae","Scolytinae","Pityogenes","Pityogenes hopkinsi","k__Fungi","p__Ascomycota","c__Dothideomycetes","o__Pleosporales","f__Cucurbitariaceae","g__Parafenestella","s__salicis","negative"
"Pityogenes hopkinsi","ASV_3049",2.77211075699161,0.002,0.0279383259911894,0.422156188818795,"Coleoptera","Curculionidae","Scolytinae","Pityogenes","Pityogenes hopkinsi","k__Fungi","p__Ascomycota","c__Sordariomycetes","o__Sordariomycetes_ord_Incertae_sedis","f__Sordariomycetes_fam_Incertae_sedis","g__Oncopodiella",NA,"positive"
"Pityogenes hopkinsi","ASV_3238",-2.4945141764336,0.002,0.0279383259911894,0.422156188818795,"Coleoptera","Curculionidae","Scolytinae","Pityogenes","Pityogenes hopkinsi","k__Fungi","p__Ascomycota","c__Dothideomycetes","o__Dothideales","f__Dothioraceae","g__Dothiora",NA,"negative"
"Pityogenes hopkinsi","ASV_3239",6.11476552442427,0.002,0.0279383259911894,0.422156188818795,"Coleoptera","Curculionidae","Scolytinae","Pityogenes","Pityogenes hopkinsi","k__Fungi","p__Basidiomycota",NA,NA,NA,NA,NA,"positive"
"Pityogenes hopkinsi","ASV_3414",-4.10279547750284,0.002,0.0279383259911894,0.422156188818795,"Coleoptera","Curculionidae","Scolytinae","Pityogenes","Pityogenes hopkinsi","k__Fungi","p__Ascomycota","c__Dothideomycetes","o__Pleosporales","f__Sporormiaceae","g__Preussia","s__tetramera","negative"
"Pityogenes hopkinsi","ASV_3552",-3.30130725064641,0.002,0.0279383259911894,0.422156188818795,"Coleoptera","Curculionidae","Scolytinae","Pityogenes","Pityogenes hopkinsi","k__Fungi","p__Ascomycota",NA,NA,NA,NA,NA,"negative"
"Pityogenes hopkinsi","ASV_3654",-3.07804657034647,0.002,0.0279383259911894,0.422156188818795,"Coleoptera","Curculionidae","Scolytinae","Pityogenes","Pityogenes hopkinsi","k__Fungi","p__Ascomycota","c__Dothideomycetes","o__Pleosporales","f__Dictyosporiaceae","g__Verrucoccum","s__coppinsii","negative"
"Pityogenes hopkinsi","ASV_3713",4.0131182409583,0.002,0.0279383259911894,0.422156188818795,"Coleoptera","Curculionidae","Scolytinae","Pityogenes","Pityogenes hopkinsi","k__Fungi","p__Ascomycota","c__Sordariomycetes","o__Calosphaeriales","f__Calosphaeriaceae","g__Jattaea",NA,"positive"
"Pityogenes hopkinsi","ASV_3741",3.34956276412607,0.002,0.0279383259911894,0.422156188818795,"Coleoptera","Curculionidae","Scolytinae","Pityogenes","Pityogenes hopkinsi","k__Fungi","p__Ascomycota","c__Sordariomycetes","o__Xylariales","f__Diatrypaceae","g__Diatrypella",NA,"positive"
"Pityogenes hopkinsi","ASV_3795",-2.86747138937434,0.002,0.0279383259911894,0.422156188818795,"Coleoptera","Curculionidae","Scolytinae","Pityogenes","Pityogenes hopkinsi","k__Fungi","p__Ascomycota","c__Dothideomycetes","o__Pleosporales",NA,NA,NA,"negative"
"Pityogenes hopkinsi","ASV_3834",3.25346318435526,0.002,0.0279383259911894,0.422156188818795,"Coleoptera","Curculionidae","Scolytinae","Pityogenes","Pityogenes hopkinsi","k__Fungi","p__Basidiomycota","c__Agaricomycetes","o__Auriculariales","f__Hyaloriaceae","g__Stypella","s__grilletii","positive"
"Pityogenes hopkinsi","ASV_3923",-3.58114018978097,0.002,0.0279383259911894,0.422156188818795,"Coleoptera","Curculionidae","Scolytinae","Pityogenes","Pityogenes hopkinsi","k__Fungi","p__Ascomycota","c__Eurotiomycetes","o__Phaeomoniellales","f__Phaeomoniellaceae","g__Pseudophaeomoniella","s__oleicola","negative"
"Pityogenes hopkinsi","ASV_4325",3.58555979534568,0.002,0.0279383259911894,0.422156188818795,"Coleoptera","Curculionidae","Scolytinae","Pityogenes","Pityogenes hopkinsi","k__Fungi","p__Basidiomycota","c__Agaricomycetes","o__Polyporales","f__Fomitopsidaceae","g__Antrodia","s__heteromorpha","positive"
"Pityogenes hopkinsi","ASV_4336",-3.82459907750984,0.002,0.0279383259911894,0.422156188818795,"Coleoptera","Curculionidae","Scolytinae","Pityogenes","Pityogenes hopkinsi","k__Fungi","p__Ascomycota","c__Saccharomycetes","o__Saccharomycetales","f__Saccharomycodaceae","g__Hanseniaspora",NA,"negative"
"Pityogenes hopkinsi","ASV_4537",-2.96893715198471,0.002,0.0279383259911894,0.422156188818795,"Coleoptera","Curculionidae","Scolytinae","Pityogenes","Pityogenes hopkinsi","k__Fungi","p__Ascomycota","c__Dothideomycetes","o__Capnodiales","f__Neoantennariellaceae","g__Cippumomyces","s__mortalis","negative"
"Pityogenes hopkinsi","ASV_4784",4.51463315477261,0.002,0.0279383259911894,0.422156188818795,"Coleoptera","Curculionidae","Scolytinae","Pityogenes","Pityogenes hopkinsi","k__Fungi","p__Ascomycota",NA,NA,NA,NA,NA,"positive"
"Pityogenes hopkinsi","ASV_4847",-2.1424285849336,0.002,0.0279383259911894,0.422156188818795,"Coleoptera","Curculionidae","Scolytinae","Pityogenes","Pityogenes hopkinsi","k__Fungi","p__Ascomycota","c__Dothideomycetes","o__Dothideales","f__Saccotheciaceae","g__Aureobasidium",NA,"negative"
"Pityogenes hopkinsi","ASV_4856",-3.08164134113935,0.002,0.0279383259911894,0.422156188818795,"Coleoptera","Curculionidae","Scolytinae","Pityogenes","Pityogenes hopkinsi","k__Fungi","p__Ascomycota","c__Dothideomycetes","o__Pleosporales","f__Pleosporaceae","g__Stemphylium","s__globuliferum","negative"
"Pityogenes hopkinsi","ASV_4878",3.3777762793976,0.002,0.0279383259911894,0.422156188818795,"Coleoptera","Curculionidae","Scolytinae","Pityogenes","Pityogenes hopkinsi","k__Fungi","p__Ascomycota","c__Sordariomycetes","o__Diaporthales","f__Valsaceae","g__Cytospora",NA,"positive"
"Pityogenes hopkinsi","ASV_4918",-1.60935394839434,0.002,0.0279383259911894,0.422156188818795,"Coleoptera","Curculionidae","Scolytinae","Pityogenes","Pityogenes hopkinsi","k__Fungi","p__Ascomycota","c__Lecanoromycetes",NA,NA,NA,NA,"negative"
"Pityogenes hopkinsi","ASV_4933",-2.95201363389307,0.002,0.0279383259911894,0.422156188818795,"Coleoptera","Curculionidae","Scolytinae","Pityogenes","Pityogenes hopkinsi","k__Fungi","p__Ascomycota","c__Dothideomycetes","o__Pleosporales",NA,NA,NA,"negative"
"Pityogenes hopkinsi","ASV_4981",-2.42005322582387,0.002,0.0279383259911894,0.422156188818795,"Coleoptera","Curculionidae","Scolytinae","Pityogenes","Pityogenes hopkinsi","k__Fungi","p__Basidiomycota","c__Tremellomycetes","o__Tremellales","f__Cuniculitremaceae","g__Kockovaella",NA,"negative"
"Pityogenes hopkinsi","ASV_5022",-2.18145430811577,0.002,0.0279383259911894,0.422156188818795,"Coleoptera","Curculionidae","Scolytinae","Pityogenes","Pityogenes hopkinsi","k__Fungi","p__Ascomycota","c__Sordariomycetes","o__Xylariales","f__Xylariaceae","g__Virgaria","s__nigra","negative"
"Pityogenes hopkinsi","ASV_5359",-2.77816891802845,0.002,0.0279383259911894,0.422156188818795,"Coleoptera","Curculionidae","Scolytinae","Pityogenes","Pityogenes hopkinsi","k__Fungi","p__Ascomycota","c__Dothideomycetes","o__Pleosporales","f__Lophiotremataceae",NA,NA,"negative"
"Pityogenes hopkinsi","ASV_5511",-3.44034303004347,0.002,0.0279383259911894,0.422156188818795,"Coleoptera","Curculionidae","Scolytinae","Pityogenes","Pityogenes hopkinsi","k__Fungi","p__Ascomycota","c__Dothideomycetes","o__Dothideales","f__Saccotheciaceae","g__Aureobasidium","s__pullulans","negative"
"Pityogenes hopkinsi","ASV_5622",-3.61471245390994,0.002,0.0279383259911894,0.422156188818795,"Coleoptera","Curculionidae","Scolytinae","Pityogenes","Pityogenes hopkinsi","k__Fungi","p__Basidiomycota","c__Agaricomycetes","o__Russulales","f__Peniophoraceae","g__Peniophora",NA,"negative"
"Pityogenes hopkinsi","ASV_5641",-2.45506191801425,0.002,0.0279383259911894,0.422156188818795,"Coleoptera","Curculionidae","Scolytinae","Pityogenes","Pityogenes hopkinsi","k__Fungi","p__Ascomycota","c__Dothideomycetes","o__Pleosporales","f__Didymosphaeriaceae","g__Paracamarosporium",NA,"negative"
"Pityogenes hopkinsi","ASV_5687",-4.22416485478118,0.002,0.0279383259911894,0.422156188818795,"Coleoptera","Curculionidae","Scolytinae","Pityogenes","Pityogenes hopkinsi","k__Fungi","p__Ascomycota","c__Eurotiomycetes","o__Chaetothyriales","f__Herpotrichiellaceae",NA,NA,"negative"
"Pityogenes hopkinsi","ASV_5689",-3.01091194859025,0.002,0.0279383259911894,0.422156188818795,"Coleoptera","Curculionidae","Scolytinae","Pityogenes","Pityogenes hopkinsi","k__Fungi","p__Ascomycota","c__Taphrinomycetes","o__Taphrinales","f__Taphrinaceae","g__Taphrina","s__letifera","negative"
"Pityogenes hopkinsi","ASV_5711",4.9019693619307,0.002,0.0279383259911894,0.422156188818795,"Coleoptera","Curculionidae","Scolytinae","Pityogenes","Pityogenes hopkinsi","k__Fungi","p__Ascomycota","c__Sordariomycetes","o__Diaporthales","f__Valsaceae","g__Cytospora","s__beilinensis","positive"
"Pityogenes hopkinsi","ASV_5900",-3.10452094257515,0.002,0.0279383259911894,0.422156188818795,"Coleoptera","Curculionidae","Scolytinae","Pityogenes","Pityogenes hopkinsi","k__Fungi","p__Ascomycota","c__Leotiomycetes",NA,NA,NA,NA,"negative"
"Pityogenes hopkinsi","ASV_5910",-3.45846440441817,0.002,0.0279383259911894,0.422156188818795,"Coleoptera","Curculionidae","Scolytinae","Pityogenes","Pityogenes hopkinsi","k__Fungi","p__Ascomycota","c__Dothideomycetes","o__Pleosporales","f__Cucurbitariaceae",NA,NA,"negative"
"Pityogenes hopkinsi","ASV_5962",-3.12473922964648,0.002,0.0279383259911894,0.422156188818795,"Coleoptera","Curculionidae","Scolytinae","Pityogenes","Pityogenes hopkinsi","k__Fungi","p__Ascomycota","c__Dothideomycetes","o__Dothideales","f__Dothideaceae","g__Dothidea",NA,"negative"
"Pityogenes hopkinsi","ASV_6014",-3.10320020380876,0.002,0.0279383259911894,0.422156188818795,"Coleoptera","Curculionidae","Scolytinae","Pityogenes","Pityogenes hopkinsi","k__Fungi","p__Chytridiomycota","c__Spizellomycetes","o__Spizellomycetales","f__Powellomycetaceae","g__Thoreauomyces",NA,"negative"
"Pityogenes hopkinsi","ASV_6033",-2.70699932940453,0.002,0.0279383259911894,0.422156188818795,"Coleoptera","Curculionidae","Scolytinae","Pityogenes","Pityogenes hopkinsi","k__Fungi","p__Basidiomycota","c__Tremellomycetes","o__Tremellales","f__Tremellaceae","g__Tremella","s__nivalis","negative"
"Pityogenes hopkinsi","ASV_6079",-3.08253402436209,0.002,0.0279383259911894,0.422156188818795,"Coleoptera","Curculionidae","Scolytinae","Pityogenes","Pityogenes hopkinsi","k__Fungi","p__Basidiomycota","c__Agaricomycetes","o__Russulales","f__Peniophoraceae","g__Peniophora","s__cinerea","negative"
"Pityogenes hopkinsi","ASV_6126",-3.18487160164172,0.002,0.0279383259911894,0.422156188818795,"Coleoptera","Curculionidae","Scolytinae","Pityogenes","Pityogenes hopkinsi","k__Fungi","p__Ascomycota","c__Leotiomycetes","o__Helotiales","f__Sclerotiniaceae","g__Monilinia","s__ssiori","negative"
"Pityogenes hopkinsi","ASV_6170",-3.41863662981321,0.002,0.0279383259911894,0.422156188818795,"Coleoptera","Curculionidae","Scolytinae","Pityogenes","Pityogenes hopkinsi","k__Fungi","p__Ascomycota","c__Dothideomycetes","o__Dothideales","f__Dothioraceae","g__Pringsheimia","s__smilacis","negative"
"Pityogenes hopkinsi","ASV_6326",-3.31502649231722,0.002,0.0279383259911894,0.422156188818795,"Coleoptera","Curculionidae","Scolytinae","Pityogenes","Pityogenes hopkinsi","k__Fungi","p__Ascomycota","c__Dothideomycetes","o__Pleosporales","f__Didymosphaeriaceae","g__Paracamarosporium",NA,"negative"
"Pityogenes hopkinsi","ASV_6453",3.34546664669852,0.002,0.0279383259911894,0.422156188818795,"Coleoptera","Curculionidae","Scolytinae","Pityogenes","Pityogenes hopkinsi","k__Fungi","p__Ascomycota","c__Dothideomycetes","o__Pleosporales","f__Lophiostomataceae","g__Lophiostomataceae_gen_Incertae_sedis",NA,"positive"
"Pityogenes hopkinsi","ASV_6583",-2.23919364200025,0.002,0.0279383259911894,0.422156188818795,"Coleoptera","Curculionidae","Scolytinae","Pityogenes","Pityogenes hopkinsi","k__Fungi","p__Chytridiomycota","c__Spizellomycetes","o__Spizellomycetales","f__Spizellomycetales_fam_Incertae_sedis","g__Spizellomycetales_gen_Incertae_sedis",NA,"negative"
"Pityogenes hopkinsi","ASV_6589",-2.84462245413088,0.002,0.0279383259911894,0.422156188818795,"Coleoptera","Curculionidae","Scolytinae","Pityogenes","Pityogenes hopkinsi","k__Fungi","p__Basidiomycota","c__Agaricomycetes","o__Russulales","f__Peniophoraceae","g__Peniophora",NA,"negative"
"Pityogenes hopkinsi","ASV_6661",-3.90447145279645,0.002,0.0279383259911894,0.422156188818795,"Coleoptera","Curculionidae","Scolytinae","Pityogenes","Pityogenes hopkinsi","k__Fungi","p__Basidiomycota","c__Agaricomycetes","o__Russulales","f__Peniophoraceae","g__Peniophora","s__cinerea","negative"
"Pityogenes hopkinsi","ASV_6739",-3.6754219800432,0.002,0.0279383259911894,0.422156188818795,"Coleoptera","Curculionidae","Scolytinae","Pityogenes","Pityogenes hopkinsi","k__Fungi","p__Ascomycota","c__Dothideomycetes","o__Dothideales","f__Dothioraceae","g__Dothiora",NA,"negative"
"Pityogenes hopkinsi","ASV_6977",-2.90682492186276,0.002,0.0279383259911894,0.422156188818795,"Coleoptera","Curculionidae","Scolytinae","Pityogenes","Pityogenes hopkinsi","k__Fungi","p__Ascomycota","c__Leotiomycetes","o__Phacidiales","f__Phacidiaceae","g__Phacidium","s__lacerum","negative"
"Pityogenes hopkinsi","ASV_7092",-2.66600833848164,0.002,0.0279383259911894,0.422156188818795,"Coleoptera","Curculionidae","Scolytinae","Pityogenes","Pityogenes hopkinsi","k__Fungi","p__Ascomycota","c__Eurotiomycetes","o__Mycocaliciales","f__Mycocaliciaceae","g__Chaenothecopsis",NA,"negative"
"Pityogenes hopkinsi","ASV_7183",-3.25708031303958,0.002,0.0279383259911894,0.422156188818795,"Coleoptera","Curculionidae","Scolytinae","Pityogenes","Pityogenes hopkinsi","k__Fungi","p__Basidiomycota","c__Agaricomycetes","o__Polyporales","f__Irpicaceae","g__Irpex","s__lacteus","negative"
"Pityogenes hopkinsi","ASV_7558",-2.73405354783846,0.002,0.0279383259911894,0.422156188818795,"Coleoptera","Curculionidae","Scolytinae","Pityogenes","Pityogenes hopkinsi","k__Fungi",NA,NA,NA,NA,NA,NA,"negative"
"Pityogenes hopkinsi","ASV_7623",-3.43424863892127,0.002,0.0279383259911894,0.422156188818795,"Coleoptera","Curculionidae","Scolytinae","Pityogenes","Pityogenes hopkinsi","k__Fungi","p__Ascomycota","c__Dothideomycetes","o__Patellariales","f__Patellariaceae","g__Rhizodiscina","s__lignyota","negative"
"Pityogenes hopkinsi","ASV_7660",-2.4916131606196,0.002,0.0279383259911894,0.422156188818795,"Coleoptera","Curculionidae","Scolytinae","Pityogenes","Pityogenes hopkinsi","k__Fungi","p__Ascomycota","c__Eurotiomycetes","o__Sclerococcales","f__Dactylosporaceae","g__Dactylospora",NA,"negative"
"Pityogenes hopkinsi","ASV_8076",-3.46485164566123,0.002,0.0279383259911894,0.422156188818795,"Coleoptera","Curculionidae","Scolytinae","Pityogenes","Pityogenes hopkinsi","k__Fungi","p__Basidiomycota","c__Agaricomycetes","o__Agaricales","f__Pleurotaceae","g__Hohenbuehelia","s__canadensis","negative"
"Pityogenes hopkinsi","ASV_8116",2.51626841944362,0.002,0.0279383259911894,0.422156188818795,"Coleoptera","Curculionidae","Scolytinae","Pityogenes","Pityogenes hopkinsi","k__Fungi","p__Basidiomycota","c__Agaricomycetes","o__Polyporales","f__Meruliaceae","g__Phlebia","s__subserialis","positive"
"Pityogenes hopkinsi","ASV_8186",-2.56082133857723,0.002,0.0279383259911894,0.422156188818795,"Coleoptera","Curculionidae","Scolytinae","Pityogenes","Pityogenes hopkinsi","k__Fungi","p__Basidiomycota","c__Tremellomycetes","o__Tremellales","f__Cryptococcaceae","g__Kwoniella","s__mangrovensis","negative"
"Pityogenes hopkinsi","ASV_8239",5.43750420871369,0.002,0.0279383259911894,0.422156188818795,"Coleoptera","Curculionidae","Scolytinae","Pityogenes","Pityogenes hopkinsi","k__Fungi","p__Ascomycota","c__Sordariomycetes","o__Sordariomycetes_ord_Incertae_sedis","f__Sordariomycetes_fam_Incertae_sedis","g__Rhamphoria","s__pyriformis","positive"
"Pityogenes hopkinsi","ASV_9146",3.89219966334374,0.002,0.0279383259911894,0.422156188818795,"Coleoptera","Curculionidae","Scolytinae","Pityogenes","Pityogenes hopkinsi","k__Fungi","p__Ascomycota","c__Sordariomycetes","o__Sordariomycetes_ord_Incertae_sedis","f__Sordariomycetes_fam_Incertae_sedis","g__Rhamphoria","s__pyriformis","positive"
"Pityogenes hopkinsi","ASV_9152",-3.38388136637235,0.002,0.0279383259911894,0.422156188818795,"Coleoptera","Curculionidae","Scolytinae","Pityogenes","Pityogenes hopkinsi","k__Fungi","p__Ascomycota","c__Sordariomycetes",NA,NA,NA,NA,"negative"
"Pityogenes hopkinsi","ASV_9241",-2.74706783786325,0.002,0.0279383259911894,0.422156188818795,"Coleoptera","Curculionidae","Scolytinae","Pityogenes","Pityogenes hopkinsi","k__Fungi","p__Ascomycota","c__Eurotiomycetes","o__Chaetothyriales","f__Chaetothyriaceae","g__Camptophora","s__hylomeconis","negative"
"Pityogenes hopkinsi","ASV_9252",-3.09211102454345,0.002,0.0279383259911894,0.422156188818795,"Coleoptera","Curculionidae","Scolytinae","Pityogenes","Pityogenes hopkinsi","k__Fungi","p__Basidiomycota","c__Agaricomycetes","o__Polyporales","f__Phanerochaetaceae","g__Phanerochaete","s__bambusicola","negative"
"Pityogenes hopkinsi","ASV_9311",-3.4026100573828,0.002,0.0279383259911894,0.422156188818795,"Coleoptera","Curculionidae","Scolytinae","Pityogenes","Pityogenes hopkinsi","k__Fungi","p__Ascomycota","c__Dothideomycetes","o__Dothideales","f__Dothideales_fam_Incertae_sedis","g__Dothideales_gen_Incertae_sedis",NA,"negative"
"Pityogenes hopkinsi","ASV_9448",-2.9117101162115,0.002,0.0279383259911894,0.422156188818795,"Coleoptera","Curculionidae","Scolytinae","Pityogenes","Pityogenes hopkinsi","k__Fungi","p__Ascomycota","c__Dothideomycetes","o__Botryosphaeriales","f__Melanopsaceae","g__Melanops",NA,"negative"
"Pityogenes hopkinsi","ASV_9944",-2.4984470731275,0.002,0.0279383259911894,0.422156188818795,"Coleoptera","Curculionidae","Scolytinae","Pityogenes","Pityogenes hopkinsi","k__Fungi","p__Ascomycota","c__Saccharomycetes","o__Saccharomycetales","f__Debaryomycetaceae","g__Debaryomyces","s__udenii","negative"
"Pityogenes hopkinsi","ASV_10007",3.1350719937828,0.002,0.0279383259911894,0.422156188818795,"Coleoptera","Curculionidae","Scolytinae","Pityogenes","Pityogenes hopkinsi","k__Fungi","p__Ascomycota",NA,NA,NA,NA,NA,"positive"
"Pityogenes hopkinsi","ASV_10083",4.28518564890703,0.002,0.0279383259911894,0.422156188818795,"Coleoptera","Curculionidae","Scolytinae","Pityogenes","Pityogenes hopkinsi","k__Fungi","p__Basidiomycota","c__Agaricomycetes","o__Hymenochaetales","f__Tubulicrinaceae","g__Tubulicrinis","s__accedens","positive"
"Pityogenes hopkinsi","ASV_10138",-2.86361775188538,0.002,0.0279383259911894,0.422156188818795,"Coleoptera","Curculionidae","Scolytinae","Pityogenes","Pityogenes hopkinsi","k__Fungi","p__Basidiomycota","c__Agaricomycetes","o__Polyporales","f__Irpicaceae","g__Irpex","s__lacteus","negative"
"Pityogenes hopkinsi","ASV_10278",-3.91463303250624,0.002,0.0279383259911894,0.422156188818795,"Coleoptera","Curculionidae","Scolytinae","Pityogenes","Pityogenes hopkinsi","k__Fungi","p__Ascomycota","c__Lecanoromycetes","o__Ostropales","f__Spirographaceae","g__Spirographa","s__fusisporella","negative"
"Pityogenes hopkinsi","ASV_10291",-2.7591563215014,0.002,0.0279383259911894,0.422156188818795,"Coleoptera","Curculionidae","Scolytinae","Pityogenes","Pityogenes hopkinsi","k__Fungi","p__Basidiomycota","c__Agaricomycetes","o__Agaricales","f__Pleurotaceae","g__Hohenbuehelia","s__carlothornii","negative"
"Pityogenes hopkinsi","ASV_10321",-3.62665124751221,0.002,0.0279383259911894,0.422156188818795,"Coleoptera","Curculionidae","Scolytinae","Pityogenes","Pityogenes hopkinsi","k__Fungi","p__Ascomycota",NA,NA,NA,NA,NA,"negative"
"Pityogenes hopkinsi","ASV_10439",-2.36903427863238,0.002,0.0279383259911894,0.422156188818795,"Coleoptera","Curculionidae","Scolytinae","Pityogenes","Pityogenes hopkinsi","k__Fungi","p__Basidiomycota","c__Tremellomycetes","o__Filobasidiales","f__Piskurozymaceae","g__Piskurozyma",NA,"negative"
"Pityogenes hopkinsi","ASV_10442",-3.74086839054719,0.002,0.0279383259911894,0.422156188818795,"Coleoptera","Curculionidae","Scolytinae","Pityogenes","Pityogenes hopkinsi","k__Fungi","p__Basidiomycota","c__Agaricomycetes","o__Agaricales","f__Pleurotaceae","g__Hohenbuehelia",NA,"negative"
"Pityogenes hopkinsi","ASV_10464",-2.81155989113483,0.002,0.0279383259911894,0.422156188818795,"Coleoptera","Curculionidae","Scolytinae","Pityogenes","Pityogenes hopkinsi","k__Fungi","p__Basidiomycota","c__Agaricomycetes","o__Polyporales","f__Steccherinaceae","g__Steccherinaceae_gen_Incertae_sedis",NA,"negative"
"Pityogenes hopkinsi","ASV_10591",-3.16443070763457,0.002,0.0279383259911894,0.422156188818795,"Coleoptera","Curculionidae","Scolytinae","Pityogenes","Pityogenes hopkinsi","k__Fungi","p__Basidiomycota","c__Tremellomycetes","o__Tremellales","f__Bulleribasidiaceae","g__Vishniacozyma","s__taibaiensis","negative"
"Pityogenes hopkinsi","ASV_10697",5.74996041683559,0.002,0.0279383259911894,0.422156188818795,"Coleoptera","Curculionidae","Scolytinae","Pityogenes","Pityogenes hopkinsi","k__Fungi","p__Ascomycota","c__Lecanoromycetes","o__Lecanorales","f__Lecanoraceae","g__Lecidella","s__albida","positive"
"Pityogenes hopkinsi","ASV_10890",-3.5791246914106,0.002,0.0279383259911894,0.422156188818795,"Coleoptera","Curculionidae","Scolytinae","Pityogenes","Pityogenes hopkinsi","k__Fungi","p__Basidiomycota","c__Agaricomycetes","o__Polyporales","f__Meruliaceae","g__Scopuloides","s__hydnoides","negative"
"Pityogenes hopkinsi","ASV_10943",-2.46488446006094,0.002,0.0279383259911894,0.422156188818795,"Coleoptera","Curculionidae","Scolytinae","Pityogenes","Pityogenes hopkinsi","k__Fungi","p__Ascomycota","c__Eurotiomycetes","o__Phaeomoniellales","f__Phaeomoniellaceae",NA,NA,"negative"
"Pityogenes hopkinsi","ASV_11071",-2.6431762870376,0.002,0.0279383259911894,0.422156188818795,"Coleoptera","Curculionidae","Scolytinae","Pityogenes","Pityogenes hopkinsi","k__Fungi","p__Basidiomycota","c__Microbotryomycetes","o__Microbotryomycetes_ord_Incertae_sedis","f__Microbotryomycetes_fam_Incertae_sedis","g__Curvibasidium",NA,"negative"
"Pityogenes hopkinsi","ASV_11320",-3.8298798180022,0.002,0.0279383259911894,0.422156188818795,"Coleoptera","Curculionidae","Scolytinae","Pityogenes","Pityogenes hopkinsi","k__Fungi","p__Basidiomycota","c__Microbotryomycetes","o__Microbotryomycetes_ord_Incertae_sedis","f__Microbotryomycetes_fam_Incertae_sedis","g__Curvibasidium",NA,"negative"
"Pityogenes hopkinsi","ASV_11441",-3.41138800369532,0.002,0.0279383259911894,0.422156188818795,"Coleoptera","Curculionidae","Scolytinae","Pityogenes","Pityogenes hopkinsi","k__Fungi","p__Ascomycota","c__Sordariomycetes","o__Diaporthales","f__Valsaceae","g__Valsa",NA,"negative"
"Pityogenes hopkinsi","ASV_11483",-4.26584547015309,0.002,0.0279383259911894,0.422156188818795,"Coleoptera","Curculionidae","Scolytinae","Pityogenes","Pityogenes hopkinsi","k__Fungi","p__Ascomycota","c__Leotiomycetes","o__Helotiales","f__Tympanidaceae","g__Tympanis",NA,"negative"
"Pityogenes hopkinsi","ASV_11525",-2.68390499696871,0.002,0.0279383259911894,0.422156188818795,"Coleoptera","Curculionidae","Scolytinae","Pityogenes","Pityogenes hopkinsi","k__Fungi",NA,NA,NA,NA,NA,NA,"negative"
"Pityogenes hopkinsi","ASV_11976",5.85337981328159,0.002,0.0279383259911894,0.422156188818795,"Coleoptera","Curculionidae","Scolytinae","Pityogenes","Pityogenes hopkinsi","k__Fungi",NA,NA,NA,NA,NA,NA,"positive"
"Pityogenes hopkinsi","ASV_12097",3.78386904809028,0.002,0.0279383259911894,0.422156188818795,"Coleoptera","Curculionidae","Scolytinae","Pityogenes","Pityogenes hopkinsi","k__Fungi","p__Ascomycota","c__Eurotiomycetes","o__Verrucariales","f__Verrucariaceae","g__Verrucariaceae_gen_Incertae_sedis",NA,"positive"
"Pityogenes hopkinsi","ASV_12290",-3.8695140463883,0.002,0.0279383259911894,0.422156188818795,"Coleoptera","Curculionidae","Scolytinae","Pityogenes","Pityogenes hopkinsi","k__Fungi","p__Basidiomycota","c__Cystobasidiomycetes","o__Erythrobasidiales",NA,NA,NA,"negative"
"Pityogenes hopkinsi","ASV_12370",-2.15417347522001,0.002,0.0279383259911894,0.422156188818795,"Coleoptera","Curculionidae","Scolytinae","Pityogenes","Pityogenes hopkinsi","k__Fungi","p__Ascomycota","c__Dothideomycetes","o__Dothideales","f__Aureobasidiaceae","g__Kabatiella",NA,"negative"
"Pityogenes hopkinsi","ASV_12404",-3.31517386545357,0.002,0.0279383259911894,0.422156188818795,"Coleoptera","Curculionidae","Scolytinae","Pityogenes","Pityogenes hopkinsi","k__Fungi","p__Basidiomycota","c__Cystobasidiomycetes","o__Cystobasidiales","f__Cystobasidiaceae","g__Cystobasidium","s__pinicola","negative"
"Pityogenes hopkinsi","ASV_12783",-3.43173759846147,0.002,0.0279383259911894,0.422156188818795,"Coleoptera","Curculionidae","Scolytinae","Pityogenes","Pityogenes hopkinsi","k__Fungi","p__Basidiomycota","c__Agaricomycetes","o__Hymenochaetales","f__Schizoporaceae","g__Xylodon","s__erastii","negative"
"Pityogenes hopkinsi","ASV_12835",-3.34671672603325,0.002,0.0279383259911894,0.422156188818795,"Coleoptera","Curculionidae","Scolytinae","Pityogenes","Pityogenes hopkinsi","k__Fungi",NA,NA,NA,NA,NA,NA,"negative"
"Pityogenes hopkinsi","ASV_13124",-3.17763876696513,0.002,0.0279383259911894,0.422156188818795,"Coleoptera","Curculionidae","Scolytinae","Pityogenes","Pityogenes hopkinsi","k__Fungi","p__Ascomycota","c__Lecanoromycetes","o__Lecanorales","f__Parmeliaceae","g__Flavoparmelia","s__caperata","negative"
"Pityogenes hopkinsi","ASV_13290",-3.6024967923791,0.002,0.0279383259911894,0.422156188818795,"Coleoptera","Curculionidae","Scolytinae","Pityogenes","Pityogenes hopkinsi","k__Fungi","p__Basidiomycota","c__Agaricomycetes","o__Russulales","f__Peniophoraceae","g__Peniophora","s__cinerea","negative"
"Pityogenes hopkinsi","ASV_13482",-2.34241535702074,0.002,0.0279383259911894,0.422156188818795,"Coleoptera","Curculionidae","Scolytinae","Pityogenes","Pityogenes hopkinsi","k__Fungi","p__Ascomycota","c__Leotiomycetes","o__Rhytismatales","f__Rhytismataceae","g__Coccomyces","s__triangularis","negative"
"Pityogenes hopkinsi","ASV_13597",-3.2240306590371,0.002,0.0279383259911894,0.422156188818795,"Coleoptera","Curculionidae","Scolytinae","Pityogenes","Pityogenes hopkinsi","k__Fungi","p__Ascomycota","c__Leotiomycetes","o__Helotiales","f__Vibrisseaceae","g__Vibrissea",NA,"negative"
"Pityogenes hopkinsi","ASV_13666",-2.43189804076527,0.002,0.0279383259911894,0.422156188818795,"Coleoptera","Curculionidae","Scolytinae","Pityogenes","Pityogenes hopkinsi","k__Fungi","p__Basidiomycota","c__Agaricostilbomycetes","o__Agaricostilbales",NA,NA,NA,"negative"
"Pityogenes hopkinsi","ASV_13669",-3.94934781893348,0.002,0.0279383259911894,0.422156188818795,"Coleoptera","Curculionidae","Scolytinae","Pityogenes","Pityogenes hopkinsi","k__Fungi","p__Ascomycota","c__Dothideomycetes","o__Pleosporales","f__Phaeosphaeriaceae","g__Leptospora","s__rubella","negative"
"Pityogenes hopkinsi","ASV_14053",-2.30942793675189,0.002,0.0279383259911894,0.422156188818795,"Coleoptera","Curculionidae","Scolytinae","Pityogenes","Pityogenes hopkinsi","k__Fungi",NA,NA,NA,NA,NA,NA,"negative"
"Pityogenes hopkinsi","ASV_14127",-3.53377518363511,0.002,0.0279383259911894,0.422156188818795,"Coleoptera","Curculionidae","Scolytinae","Pityogenes","Pityogenes hopkinsi","k__Fungi","p__Ascomycota","c__Dothideomycetes","o__Pleosporales","f__Lophiostomataceae","g__Neovaginatispora","s__clematidis","negative"
"Pityogenes hopkinsi","ASV_14143",-3.39747485396705,0.002,0.0279383259911894,0.422156188818795,"Coleoptera","Curculionidae","Scolytinae","Pityogenes","Pityogenes hopkinsi","k__Fungi",NA,NA,NA,NA,NA,NA,"negative"
"Pityogenes hopkinsi","ASV_15115",-2.43338312087074,0.002,0.0279383259911894,0.422156188818795,"Coleoptera","Curculionidae","Scolytinae","Pityogenes","Pityogenes hopkinsi","k__Fungi","p__Ascomycota","c__Lecanoromycetes","o__Lecanorales","f__Lecanoraceae",NA,NA,"negative"
"Pityogenes hopkinsi","ASV_15147",-2.87361430364246,0.002,0.0279383259911894,0.422156188818795,"Coleoptera","Curculionidae","Scolytinae","Pityogenes","Pityogenes hopkinsi","k__Fungi","p__Basidiomycota","c__Microbotryomycetes","o__Microbotryomycetes_ord_Incertae_sedis",NA,NA,NA,"negative"
"Pityogenes hopkinsi","ASV_15582",-2.72616830781572,0.002,0.0279383259911894,0.422156188818795,"Coleoptera","Curculionidae","Scolytinae","Pityogenes","Pityogenes hopkinsi","k__Fungi","p__Ascomycota","c__Dothideomycetes","o__Dothideomycetidae_ord_Incertae_sedis","f__Pseudoperisporiaceae","g__Eudimeriolum","s__septentrionale","negative"
"Pityogenes hopkinsi","ASV_15958",-3.47157241797067,0.002,0.0279383259911894,0.422156188818795,"Coleoptera","Curculionidae","Scolytinae","Pityogenes","Pityogenes hopkinsi","k__Fungi","p__Ascomycota","c__Eurotiomycetes","o__Chaetothyriales","f__Trichomeriaceae","g__Trichomerium",NA,"negative"
"Pityogenes hopkinsi","ASV_16233",-3.19140438539915,0.002,0.0279383259911894,0.422156188818795,"Coleoptera","Curculionidae","Scolytinae","Pityogenes","Pityogenes hopkinsi","k__Fungi","p__Basidiomycota","c__Agaricomycetes","o__Hymenochaetales","f__Tubulicrinaceae","g__Tubulicrinis","s__angustus","negative"
"Pityogenes hopkinsi","ASV_16235",-2.42682297404791,0.002,0.0279383259911894,0.422156188818795,"Coleoptera","Curculionidae","Scolytinae","Pityogenes","Pityogenes hopkinsi","k__Fungi","p__Ascomycota","c__Dothideomycetes",NA,NA,NA,NA,"negative"
"Pityogenes hopkinsi","ASV_17354",-3.43670585645978,0.002,0.0279383259911894,0.422156188818795,"Coleoptera","Curculionidae","Scolytinae","Pityogenes","Pityogenes hopkinsi","k__Fungi","p__Ascomycota","c__Dothideomycetes","o__Myriangiales",NA,NA,NA,"negative"
"Pityogenes hopkinsi","ASV_17709",-3.48893440859587,0.002,0.0279383259911894,0.422156188818795,"Coleoptera","Curculionidae","Scolytinae","Pityogenes","Pityogenes hopkinsi","k__Fungi","p__Ascomycota","c__Eurotiomycetes","o__Eurotiales","f__Aspergillaceae","g__Penicillium","s__catalonicum","negative"
"Pityogenes hopkinsi","ASV_18640",-3.02602034222124,0.002,0.0279383259911894,0.422156188818795,"Coleoptera","Curculionidae","Scolytinae","Pityogenes","Pityogenes hopkinsi","k__Fungi","p__Ascomycota","c__Dothideomycetes","o__Dothideales","f__Dothideaceae",NA,NA,"negative"
"Pityogenes hopkinsi","ASV_19050",-3.7602007114999,0.002,0.0279383259911894,0.422156188818795,"Coleoptera","Curculionidae","Scolytinae","Pityogenes","Pityogenes hopkinsi","k__Fungi","p__Ascomycota","c__Dothideomycetes","o__Pleosporales","f__Melanommataceae",NA,NA,"negative"
"Pityogenes hopkinsi","ASV_19056",-3.41406885429274,0.002,0.0279383259911894,0.422156188818795,"Coleoptera","Curculionidae","Scolytinae","Pityogenes","Pityogenes hopkinsi","k__Fungi","p__Ascomycota","c__Dothideomycetes","o__Dothideales","f__Dothioraceae","g__Dothiora",NA,"negative"
"Pityogenes hopkinsi","ASV_19061",-3.30273513479863,0.002,0.0279383259911894,0.422156188818795,"Coleoptera","Curculionidae","Scolytinae","Pityogenes","Pityogenes hopkinsi","k__Fungi","p__Basidiomycota","c__Microbotryomycetes","o__Microbotryomycetes_ord_Incertae_sedis","f__Chrysozymaceae",NA,NA,"negative"
"Pityogenes hopkinsi","ASV_19273",-3.12909052874458,0.002,0.0279383259911894,0.422156188818795,"Coleoptera","Curculionidae","Scolytinae","Pityogenes","Pityogenes hopkinsi","k__Fungi","p__Basidiomycota","c__Agaricomycetes","o__Russulales","f__Peniophoraceae","g__Peniophora","s__cinerea","negative"
"Pityogenes hopkinsi","ASV_19280",-2.40595678449289,0.002,0.0279383259911894,0.422156188818795,"Coleoptera","Curculionidae","Scolytinae","Pityogenes","Pityogenes hopkinsi","k__Fungi","p__Ascomycota","c__Dothideomycetes","o__Mycosphaerellales","f__Teratosphaeriaceae","g__Xenoteratosphaeria","s__jonkershoekensis","negative"
"Pityogenes hopkinsi","ASV_19786",-3.51197266149793,0.002,0.0279383259911894,0.422156188818795,"Coleoptera","Curculionidae","Scolytinae","Pityogenes","Pityogenes hopkinsi","k__Fungi","p__Ascomycota","c__Dothideomycetes","o__Capnodiales","f__Cladosporiaceae","g__Cladosporium","s__herbarum","negative"
"Pityogenes hopkinsi","ASV_20375",-2.92330122051384,0.002,0.0279383259911894,0.422156188818795,"Coleoptera","Curculionidae","Scolytinae","Pityogenes","Pityogenes hopkinsi","k__Fungi",NA,NA,NA,NA,NA,NA,"negative"
"Pityogenes hopkinsi","ASV_20567",-3.53139233958247,0.002,0.0279383259911894,0.422156188818795,"Coleoptera","Curculionidae","Scolytinae","Pityogenes","Pityogenes hopkinsi","k__Fungi","p__Ascomycota","c__Leotiomycetes","o__Helotiales","f__Mollisiaceae","g__Phialocephala",NA,"negative"
"Pityogenes hopkinsi","ASV_20688",-3.17011034392785,0.002,0.0279383259911894,0.422156188818795,"Coleoptera","Curculionidae","Scolytinae","Pityogenes","Pityogenes hopkinsi","k__Fungi","p__Ascomycota","c__Dothideomycetes","o__Dothideales","f__Saccotheciaceae","g__Aureobasidium","s__pullulans","negative"
"Pityogenes hopkinsi","ASV_20727",-3.43254303233128,0.002,0.0279383259911894,0.422156188818795,"Coleoptera","Curculionidae","Scolytinae","Pityogenes","Pityogenes hopkinsi","k__Fungi","p__Ascomycota","c__Leotiomycetes","o__Helotiales","f__Sclerotiniaceae","g__Monilinia","s__kusanoi","negative"
"Pityogenes hopkinsi","ASV_21497",-3.13354910769432,0.002,0.0279383259911894,0.422156188818795,"Coleoptera","Curculionidae","Scolytinae","Pityogenes","Pityogenes hopkinsi","k__Fungi","p__Ascomycota","c__Dothideomycetes","o__Dothideales",NA,NA,NA,"negative"
"Pityogenes hopkinsi","ASV_21812",-3.06551883153889,0.002,0.0279383259911894,0.422156188818795,"Coleoptera","Curculionidae","Scolytinae","Pityogenes","Pityogenes hopkinsi","k__Fungi","p__Ascomycota","c__Dothideomycetes","o__Venturiales","f__Venturiaceae","g__Sympodiella",NA,"negative"
"Pityogenes hopkinsi","ASV_21881",-3.70810739494731,0.002,0.0279383259911894,0.422156188818795,"Coleoptera","Curculionidae","Scolytinae","Pityogenes","Pityogenes hopkinsi","k__Fungi","p__Ascomycota","c__Dothideomycetes","o__Mycosphaerellales",NA,NA,NA,"negative"
"Pityogenes hopkinsi","ASV_23277",-3.75927333304053,0.002,0.0279383259911894,0.422156188818795,"Coleoptera","Curculionidae","Scolytinae","Pityogenes","Pityogenes hopkinsi","k__Fungi","p__Ascomycota","c__Sordariomycetes","o__Hypocreales","f__Hypocreales_fam_Incertae_sedis","g__Acremonium","s__rutilum","negative"
"Pityogenes hopkinsi","ASV_23278",-2.89907203519896,0.002,0.0279383259911894,0.422156188818795,"Coleoptera","Curculionidae","Scolytinae","Pityogenes","Pityogenes hopkinsi","k__Fungi","p__Basidiomycota","c__Tremellomycetes","o__Tremellales","f__Bulleribasidiaceae","g__Vishniacozyma","s__dimennae","negative"
"Pityogenes hopkinsi","ASV_23971",-3.5239486039056,0.002,0.0279383259911894,0.422156188818795,"Coleoptera","Curculionidae","Scolytinae","Pityogenes","Pityogenes hopkinsi","k__Fungi","p__Basidiomycota","c__Tremellomycetes","o__Tremellales","f__Bulleraceae","g__Fonsecazyma",NA,"negative"
"Pityogenes hopkinsi","ASV_24232",-3.96461794071327,0.002,0.0279383259911894,0.422156188818795,"Coleoptera","Curculionidae","Scolytinae","Pityogenes","Pityogenes hopkinsi","k__Fungi","p__Basidiomycota","c__Agaricomycetes","o__Hymenochaetales","f__Schizoporaceae","g__Xylodon",NA,"negative"
"Pityogenes hopkinsi","ASV_24283",-3.20024719704379,0.002,0.0279383259911894,0.422156188818795,"Coleoptera","Curculionidae","Scolytinae","Pityogenes","Pityogenes hopkinsi","k__Fungi","p__Ascomycota","c__Dothideomycetes","o__Dothideales","f__Dothioraceae","g__Dothiora",NA,"negative"
"Pityogenes hopkinsi","ASV_24529",-3.35431671841989,0.002,0.0279383259911894,0.422156188818795,"Coleoptera","Curculionidae","Scolytinae","Pityogenes","Pityogenes hopkinsi","k__Fungi","p__Ascomycota","c__Dothideomycetes",NA,NA,NA,NA,"negative"
"Pityogenes hopkinsi","ASV_24678",-2.698612294184,0.002,0.0279383259911894,0.422156188818795,"Coleoptera","Curculionidae","Scolytinae","Pityogenes","Pityogenes hopkinsi","k__Fungi","p__Ascomycota",NA,NA,NA,NA,NA,"negative"
"Pityogenes hopkinsi","ASV_25266",-3.32997369188497,0.002,0.0279383259911894,0.422156188818795,"Coleoptera","Curculionidae","Scolytinae","Pityogenes","Pityogenes hopkinsi","k__Fungi","p__Ascomycota","c__Dothideomycetes","o__Mycosphaerellales","f__Mycosphaerellaceae","g__Acrodontium","s__crateriforme","negative"
"Pityogenes hopkinsi","ASV_25620",-3.5434753407777,0.002,0.0279383259911894,0.422156188818795,"Coleoptera","Curculionidae","Scolytinae","Pityogenes","Pityogenes hopkinsi","k__Fungi","p__Ascomycota","c__Dothideomycetes","o__Dothideales","f__Dothideaceae","g__Rhizosphaera",NA,"negative"
"Pityogenes hopkinsi","ASV_26187",-3.71665748110591,0.002,0.0279383259911894,0.422156188818795,"Coleoptera","Curculionidae","Scolytinae","Pityogenes","Pityogenes hopkinsi","k__Fungi","p__Basidiomycota","c__Exobasidiomycetes","o__Microstromatales","f__Microstromataceae","g__Microstroma",NA,"negative"
"Pityogenes hopkinsi","ASV_27514",-3.12763589061597,0.002,0.0279383259911894,0.422156188818795,"Coleoptera","Curculionidae","Scolytinae","Pityogenes","Pityogenes hopkinsi","k__Fungi","p__Ascomycota","c__Dothideomycetes","o__Mycosphaerellales","f__Mycosphaerellaceae","g__Ramularia",NA,"negative"
"Pityogenes hopkinsi","ASV_28214",-3.06020988370964,0.002,0.0279383259911894,0.422156188818795,"Coleoptera","Curculionidae","Scolytinae","Pityogenes","Pityogenes hopkinsi","k__Fungi","p__Ascomycota","c__Dothideomycetes","o__Capnodiales","f__Cladosporiaceae","g__Cladosporium",NA,"negative"
"Pityogenes hopkinsi","ASV_34",-2.03637640047041,0.003,0.0326346483704974,0.46206,"Coleoptera","Curculionidae","Scolytinae","Pityogenes","Pityogenes hopkinsi","k__Fungi","p__Ascomycota",NA,NA,NA,NA,NA,"negative"
"Pityogenes hopkinsi","ASV_51",2.99178222688212,0.003,0.0326346483704974,0.46206,"Coleoptera","Curculionidae","Scolytinae","Pityogenes","Pityogenes hopkinsi","k__Fungi","p__Ascomycota","c__Dothideomycetes","o__Pleosporales","f__Pleosporaceae","g__Alternaria",NA,"positive"
"Pityogenes hopkinsi","ASV_127",3.20015627629128,0.003,0.0326346483704974,0.46206,"Coleoptera","Curculionidae","Scolytinae","Pityogenes","Pityogenes hopkinsi","k__Fungi","p__Ascomycota","c__Leotiomycetes","o__Thelebolales","f__Pseudeurotiaceae","g__Hyphozyma","s__roseonigra","positive"
"Pityogenes hopkinsi","ASV_150",3.83326810669258,0.003,0.0326346483704974,0.46206,"Coleoptera","Curculionidae","Scolytinae","Pityogenes","Pityogenes hopkinsi","k__Fungi","p__Ascomycota","c__Dothideomycetes","o__Pleosporales","f__Nigrogranaceae","g__Nigrograna",NA,"positive"
"Pityogenes hopkinsi","ASV_169",2.59941374594089,0.003,0.0326346483704974,0.46206,"Coleoptera","Curculionidae","Scolytinae","Pityogenes","Pityogenes hopkinsi","k__Fungi","p__Ascomycota","c__Sordariomycetes","o__Diaporthales","f__Valsaceae","g__Cytospora",NA,"positive"
"Pityogenes hopkinsi","ASV_315",3.98805543997103,0.003,0.0326346483704974,0.46206,"Coleoptera","Curculionidae","Scolytinae","Pityogenes","Pityogenes hopkinsi","k__Fungi","p__Ascomycota",NA,NA,NA,NA,NA,"positive"
"Pityogenes hopkinsi","ASV_355",3.64635604922509,0.003,0.0326346483704974,0.46206,"Coleoptera","Curculionidae","Scolytinae","Pityogenes","Pityogenes hopkinsi","k__Fungi","p__Ascomycota","c__Dothideomycetes","o__Pleosporales","f__Cucurbitariaceae","g__Neocucurbitaria","s__populi","positive"
"Pityogenes hopkinsi","ASV_360",-2.25520953684721,0.003,0.0326346483704974,0.46206,"Coleoptera","Curculionidae","Scolytinae","Pityogenes","Pityogenes hopkinsi","k__Fungi","p__Ascomycota","c__Dothideomycetes","o__Pleosporales","f__Lophiotremataceae","g__Atrocalyx",NA,"negative"
"Pityogenes hopkinsi","ASV_398",-3.62824073039169,0.003,0.0326346483704974,0.46206,"Coleoptera","Curculionidae","Scolytinae","Pityogenes","Pityogenes hopkinsi","k__Fungi",NA,NA,NA,NA,NA,NA,"negative"
"Pityogenes hopkinsi","ASV_499",3.07215003715011,0.003,0.0326346483704974,0.46206,"Coleoptera","Curculionidae","Scolytinae","Pityogenes","Pityogenes hopkinsi","k__Fungi","p__Ascomycota","c__Eurotiomycetes","o__Chaetothyriales","f__Epibryaceae","g__Epibryon","s__interlamellare","positive"
"Pityogenes hopkinsi","ASV_514",5.93685549446306,0.003,0.0326346483704974,0.46206,"Coleoptera","Curculionidae","Scolytinae","Pityogenes","Pityogenes hopkinsi","k__Fungi","p__Ascomycota","c__Sordariomycetes","o__Diaporthales","f__Valsaceae","g__Cytospora",NA,"positive"
"Pityogenes hopkinsi","ASV_537",-2.66014967903794,0.003,0.0326346483704974,0.46206,"Coleoptera","Curculionidae","Scolytinae","Pityogenes","Pityogenes hopkinsi","k__Fungi","p__Ascomycota","c__Dothideomycetes","o__Dothideales","f__Dothioraceae","g__Dothiora",NA,"negative"
"Pityogenes hopkinsi","ASV_553",2.84485859645754,0.003,0.0326346483704974,0.46206,"Coleoptera","Curculionidae","Scolytinae","Pityogenes","Pityogenes hopkinsi","k__Fungi","p__Ascomycota","c__Lecanoromycetes","o__Lecanorales","f__Scoliciosporaceae","g__Scoliciosporum","s__chlorococcum","positive"
"Pityogenes hopkinsi","ASV_575",3.31200840577618,0.003,0.0326346483704974,0.46206,"Coleoptera","Curculionidae","Scolytinae","Pityogenes","Pityogenes hopkinsi","k__Fungi","p__Ascomycota","c__Dothideomycetes","o__Pleosporales",NA,NA,NA,"positive"
"Pityogenes hopkinsi","ASV_732",3.60570280708702,0.003,0.0326346483704974,0.46206,"Coleoptera","Curculionidae","Scolytinae","Pityogenes","Pityogenes hopkinsi","k__Fungi","p__Ascomycota","c__Dothideomycetes","o__Capnodiales","f__Capnodiales_fam_Incertae_sedis","g__Capnodiales_gen_Incertae_sedis",NA,"positive"
"Pityogenes hopkinsi","ASV_776",2.73847304395457,0.003,0.0326346483704974,0.46206,"Coleoptera","Curculionidae","Scolytinae","Pityogenes","Pityogenes hopkinsi","k__Fungi","p__Ascomycota","c__Sordariomycetes","o__Diaporthales","f__Valsaceae","g__Cytospora",NA,"positive"
"Pityogenes hopkinsi","ASV_879",3.05896192750331,0.003,0.0326346483704974,0.46206,"Coleoptera","Curculionidae","Scolytinae","Pityogenes","Pityogenes hopkinsi","k__Fungi","p__Basidiomycota","c__Agaricomycetes","o__Auriculariales","f__Exidiaceae","g__Exidia",NA,"positive"
"Pityogenes hopkinsi","ASV_958",-2.75381343509267,0.003,0.0326346483704974,0.46206,"Coleoptera","Curculionidae","Scolytinae","Pityogenes","Pityogenes hopkinsi","k__Fungi","p__Basidiomycota","c__Tremellomycetes",NA,NA,NA,NA,"negative"
"Pityogenes hopkinsi","ASV_969",4.08903583152134,0.003,0.0326346483704974,0.46206,"Coleoptera","Curculionidae","Scolytinae","Pityogenes","Pityogenes hopkinsi","k__Fungi","p__Ascomycota","c__Sordariomycetes","o__Diaporthales","f__Valsaceae","g__Cytospora","s__populina","positive"
"Pityogenes hopkinsi","ASV_987",2.74310812184021,0.003,0.0326346483704974,0.46206,"Coleoptera","Curculionidae","Scolytinae","Pityogenes","Pityogenes hopkinsi","k__Fungi","p__Ascomycota","c__Dothideomycetes","o__Pleosporales","f__Thyridariaceae","g__Parathyridariella","s__dematiacea","positive"
"Pityogenes hopkinsi","ASV_1052",-3.13681641875593,0.003,0.0326346483704974,0.46206,"Coleoptera","Curculionidae","Scolytinae","Pityogenes","Pityogenes hopkinsi","k__Fungi","p__Ascomycota","c__Saccharomycetes","o__Saccharomycetales","f__Phaffomycetaceae","g__Wickerhamomyces","s__bisporus","negative"
"Pityogenes hopkinsi","ASV_1186",2.8660073128513,0.003,0.0326346483704974,0.46206,"Coleoptera","Curculionidae","Scolytinae","Pityogenes","Pityogenes hopkinsi","k__Fungi","p__Ascomycota","c__Sordariomycetes","o__Xylariales","f__Diatrypaceae","g__Diatrype","s__stigma","positive"
"Pityogenes hopkinsi","ASV_1266",2.91171953881191,0.003,0.0326346483704974,0.46206,"Coleoptera","Curculionidae","Scolytinae","Pityogenes","Pityogenes hopkinsi","k__Fungi","p__Basidiomycota","c__Agaricomycetes","o__Hymenochaetales","f__Hymenochaetales_fam_Incertae_sedis","g__Skvortzovia","s__furfuracea","positive"
"Pityogenes hopkinsi","ASV_1341",3.54767043107068,0.003,0.0326346483704974,0.46206,"Coleoptera","Curculionidae","Scolytinae","Pityogenes","Pityogenes hopkinsi","k__Fungi","p__Ascomycota","c__Dothideomycetes","o__Pleosporales",NA,NA,NA,"positive"
"Pityogenes hopkinsi","ASV_1347",3.14149016089186,0.003,0.0326346483704974,0.46206,"Coleoptera","Curculionidae","Scolytinae","Pityogenes","Pityogenes hopkinsi","k__Fungi","p__Ascomycota",NA,NA,NA,NA,NA,"positive"
"Pityogenes hopkinsi","ASV_1451",-2.54090442472953,0.003,0.0326346483704974,0.46206,"Coleoptera","Curculionidae","Scolytinae","Pityogenes","Pityogenes hopkinsi","k__Fungi","p__Basidiomycota","c__Tremellomycetes","o__Tremellales","f__Bulleribasidiaceae","g__Vishniacozyma",NA,"negative"
"Pityogenes hopkinsi","ASV_1465",2.69142382625719,0.003,0.0326346483704974,0.46206,"Coleoptera","Curculionidae","Scolytinae","Pityogenes","Pityogenes hopkinsi","k__Fungi","p__Ascomycota","c__Lecanoromycetes","o__Lecanorales","f__Lecanoraceae","g__Lecanora",NA,"positive"
"Pityogenes hopkinsi","ASV_1522",4.1382380814982,0.003,0.0326346483704974,0.46206,"Coleoptera","Curculionidae","Scolytinae","Pityogenes","Pityogenes hopkinsi","k__Fungi","p__Ascomycota",NA,NA,NA,NA,NA,"positive"
"Pityogenes hopkinsi","ASV_1552",-2.30986394682908,0.003,0.0326346483704974,0.46206,"Coleoptera","Curculionidae","Scolytinae","Pityogenes","Pityogenes hopkinsi","k__Fungi","p__Basidiomycota","c__Microbotryomycetes","o__Sporidiobolales","f__Sporidiobolaceae","g__Rhodotorula","s__glutinis","negative"
"Pityogenes hopkinsi","ASV_1698",3.88233271847386,0.003,0.0326346483704974,0.46206,"Coleoptera","Curculionidae","Scolytinae","Pityogenes","Pityogenes hopkinsi","k__Fungi","p__Ascomycota",NA,NA,NA,NA,NA,"positive"
"Pityogenes hopkinsi","ASV_1782",-2.32972950675878,0.003,0.0326346483704974,0.46206,"Coleoptera","Curculionidae","Scolytinae","Pityogenes","Pityogenes hopkinsi","k__Fungi","p__Ascomycota","c__Sordariomycetes","o__Diaporthales","f__Diaporthaceae","g__Phomopsis","s__pustulata","negative"
"Pityogenes hopkinsi","ASV_1784",4.68832420853399,0.003,0.0326346483704974,0.46206,"Coleoptera","Curculionidae","Scolytinae","Pityogenes","Pityogenes hopkinsi","k__Fungi","p__Ascomycota","c__Leotiomycetes","o__Helotiales","f__Lachnaceae","g__Proliferodiscus","s__tricolor","positive"
"Pityogenes hopkinsi","ASV_1920",3.94989150157301,0.003,0.0326346483704974,0.46206,"Coleoptera","Curculionidae","Scolytinae","Pityogenes","Pityogenes hopkinsi","k__Fungi","p__Ascomycota","c__Pezizomycetes","o__Pezizales","f__Pyronemataceae","g__Otidea","s__kunmingensis","positive"
"Pityogenes hopkinsi","ASV_1922",-1.86776706992429,0.003,0.0326346483704974,0.46206,"Coleoptera","Curculionidae","Scolytinae","Pityogenes","Pityogenes hopkinsi","k__Fungi","p__Ascomycota","c__Lecanoromycetes","o__Lecanorales","f__Parmeliaceae","g__Hypogymnia","s__incurvoides","negative"
"Pityogenes hopkinsi","ASV_2051",-3.22334753210722,0.003,0.0326346483704974,0.46206,"Coleoptera","Curculionidae","Scolytinae","Pityogenes","Pityogenes hopkinsi","k__Fungi","p__Ascomycota","c__Leotiomycetes","o__Rhytismatales",NA,NA,NA,"negative"
"Pityogenes hopkinsi","ASV_2144",4.48591877805554,0.003,0.0326346483704974,0.46206,"Coleoptera","Curculionidae","Scolytinae","Pityogenes","Pityogenes hopkinsi","k__Fungi","p__Basidiomycota","c__Tremellomycetes","o__Tremellales",NA,NA,NA,"positive"
"Pityogenes hopkinsi","ASV_2177",2.81355616905386,0.003,0.0326346483704974,0.46206,"Coleoptera","Curculionidae","Scolytinae","Pityogenes","Pityogenes hopkinsi","k__Fungi","p__Ascomycota","c__Dothideomycetes","o__Mycosphaerellales",NA,NA,NA,"positive"
"Pityogenes hopkinsi","ASV_2219",2.83934089713748,0.003,0.0326346483704974,0.46206,"Coleoptera","Curculionidae","Scolytinae","Pityogenes","Pityogenes hopkinsi","k__Fungi","p__Ascomycota","c__Sordariomycetes","o__Diaporthales","f__Valsaceae","g__Cytospora",NA,"positive"
"Pityogenes hopkinsi","ASV_2338",3.51529501923731,0.003,0.0326346483704974,0.46206,"Coleoptera","Curculionidae","Scolytinae","Pityogenes","Pityogenes hopkinsi","k__Fungi","p__Ascomycota",NA,NA,NA,NA,NA,"positive"
"Pityogenes hopkinsi","ASV_2344",2.97467259993353,0.003,0.0326346483704974,0.46206,"Coleoptera","Curculionidae","Scolytinae","Pityogenes","Pityogenes hopkinsi","k__Fungi","p__Ascomycota","c__Eurotiomycetes","o__Chaetothyriales","f__Herpotrichiellaceae","g__Melanchlenus",NA,"positive"
"Pityogenes hopkinsi","ASV_2390",-3.53543152742996,0.003,0.0326346483704974,0.46206,"Coleoptera","Curculionidae","Scolytinae","Pityogenes","Pityogenes hopkinsi","k__Fungi","p__Basidiomycota","c__Agaricomycetes","o__Hymenochaetales","f__Schizoporaceae","g__Xylodon","s__flaviporus","negative"
"Pityogenes hopkinsi","ASV_2459",2.23828350691706,0.003,0.0326346483704974,0.46206,"Coleoptera","Curculionidae","Scolytinae","Pityogenes","Pityogenes hopkinsi","k__Fungi","p__Ascomycota","c__Dothideomycetes","o__Mycosphaerellales","f__Mycosphaerellaceae","g__Mycosphaerella","s__latebrosa","positive"
"Pityogenes hopkinsi","ASV_2529",-3.36528798820199,0.003,0.0326346483704974,0.46206,"Coleoptera","Curculionidae","Scolytinae","Pityogenes","Pityogenes hopkinsi","k__Fungi","p__Basidiomycota","c__Tremellomycetes","o__Tremellales","f__Tremellales_fam_Incertae_sedis","g__Tremellales_gen_Incertae_sedis",NA,"negative"
"Pityogenes hopkinsi","ASV_2613",-2.51841706254059,0.003,0.0326346483704974,0.46206,"Coleoptera","Curculionidae","Scolytinae","Pityogenes","Pityogenes hopkinsi","k__Fungi","p__Ascomycota","c__Dothideomycetes","o__Pleosporales","f__Cucurbitariaceae","g__Parafenestella","s__salicis","negative"
"Pityogenes hopkinsi","ASV_2617",-3.55033047911265,0.003,0.0326346483704974,0.46206,"Coleoptera","Curculionidae","Scolytinae","Pityogenes","Pityogenes hopkinsi","k__Fungi","p__Basidiomycota","c__Cystobasidiomycetes","o__Erythrobasidiales","f__Erythrobasidiaceae","g__Erythrobasidium",NA,"negative"
"Pityogenes hopkinsi","ASV_2631",2.4414057114866,0.003,0.0326346483704974,0.46206,"Coleoptera","Curculionidae","Scolytinae","Pityogenes","Pityogenes hopkinsi","k__Fungi","p__Ascomycota","c__Sordariomycetes","o__Xylariales","f__Graphostromataceae","g__Biscogniauxia","s__mediterranea","positive"
"Pityogenes hopkinsi","ASV_2664",-2.49796247278459,0.003,0.0326346483704974,0.46206,"Coleoptera","Curculionidae","Scolytinae","Pityogenes","Pityogenes hopkinsi","k__Fungi","p__Basidiomycota","c__Microbotryomycetes","o__Sporidiobolales","f__Sporidiobolaceae","g__Rhodosporidiobolus","s__colostri","negative"
"Pityogenes hopkinsi","ASV_2698",3.14480532169262,0.003,0.0326346483704974,0.46206,"Coleoptera","Curculionidae","Scolytinae","Pityogenes","Pityogenes hopkinsi","k__Fungi","p__Ascomycota","c__Leotiomycetes","o__Helotiales","f__Helotiaceae","g__Claussenomyces","s__olivaceus","positive"
"Pityogenes hopkinsi","ASV_2746",2.93667922616786,0.003,0.0326346483704974,0.46206,"Coleoptera","Curculionidae","Scolytinae","Pityogenes","Pityogenes hopkinsi","k__Fungi","p__Basidiomycota","c__Exobasidiomycetes","o__Exobasidiales","f__Exobasidiaceae","g__Exobasidium",NA,"positive"
"Pityogenes hopkinsi","ASV_3093",-2.76792887283384,0.003,0.0326346483704974,0.46206,"Coleoptera","Curculionidae","Scolytinae","Pityogenes","Pityogenes hopkinsi","k__Fungi","p__Ascomycota","c__Dothideomycetes","o__Dothideales","f__Saccotheciaceae","g__Aureobasidium","s__pullulans","negative"
"Pityogenes hopkinsi","ASV_3275",2.98753707326689,0.003,0.0326346483704974,0.46206,"Coleoptera","Curculionidae","Scolytinae","Pityogenes","Pityogenes hopkinsi","k__Fungi","p__Basidiomycota","c__Agaricomycetes","o__Hymenochaetales","f__Schizoporaceae","g__Hyphodontia","s__subalutacea","positive"
"Pityogenes hopkinsi","ASV_3381",2.9923705955059,0.003,0.0326346483704974,0.46206,"Coleoptera","Curculionidae","Scolytinae","Pityogenes","Pityogenes hopkinsi","k__Fungi","p__Ascomycota","c__Dothideomycetes","o__Pleosporales","f__Pleosporales_fam_Incertae_sedis","g__Chaetophoma",NA,"positive"
"Pityogenes hopkinsi","ASV_3550",4.14787564949844,0.003,0.0326346483704974,0.46206,"Coleoptera","Curculionidae","Scolytinae","Pityogenes","Pityogenes hopkinsi","k__Fungi","p__Ascomycota","c__Leotiomycetes",NA,NA,NA,NA,"positive"
"Pityogenes hopkinsi","ASV_3896",2.75689002314077,0.003,0.0326346483704974,0.46206,"Coleoptera","Curculionidae","Scolytinae","Pityogenes","Pityogenes hopkinsi","k__Fungi","p__Basidiomycota","c__Agaricomycetes","o__Agaricales","f__Mycenaceae","g__Mycena","s__alcalina","positive"
"Pityogenes hopkinsi","ASV_3915",2.71085986299252,0.003,0.0326346483704974,0.46206,"Coleoptera","Curculionidae","Scolytinae","Pityogenes","Pityogenes hopkinsi","k__Fungi","p__Ascomycota","c__Eurotiomycetes","o__Chaetothyriales","f__Herpotrichiellaceae","g__Melanchlenus",NA,"positive"
"Pityogenes hopkinsi","ASV_3916",-2.55107141721333,0.003,0.0326346483704974,0.46206,"Coleoptera","Curculionidae","Scolytinae","Pityogenes","Pityogenes hopkinsi","k__Fungi","p__Basidiomycota",NA,NA,NA,NA,NA,"negative"
"Pityogenes hopkinsi","ASV_4156",-3.11749128182289,0.003,0.0326346483704974,0.46206,"Coleoptera","Curculionidae","Scolytinae","Pityogenes","Pityogenes hopkinsi","k__Fungi","p__Basidiomycota","c__Tremellomycetes","o__Tremellales","f__Bulleribasidiaceae","g__Hannaella",NA,"negative"
"Pityogenes hopkinsi","ASV_4311",-3.22581939285204,0.003,0.0326346483704974,0.46206,"Coleoptera","Curculionidae","Scolytinae","Pityogenes","Pityogenes hopkinsi","k__Fungi","p__Ascomycota",NA,NA,NA,NA,NA,"negative"
"Pityogenes hopkinsi","ASV_4461",3.75038368075427,0.003,0.0326346483704974,0.46206,"Coleoptera","Curculionidae","Scolytinae","Pityogenes","Pityogenes hopkinsi","k__Fungi","p__Basidiomycota","c__Agaricomycetes","o__Trechisporales","f__Trechisporales_fam_Incertae_sedis","g__Sertulicium","s__jacksonii","positive"
"Pityogenes hopkinsi","ASV_4505",3.10814128993248,0.003,0.0326346483704974,0.46206,"Coleoptera","Curculionidae","Scolytinae","Pityogenes","Pityogenes hopkinsi","k__Fungi",NA,NA,NA,NA,NA,NA,"positive"
"Pityogenes hopkinsi","ASV_4587",-2.85361433029555,0.003,0.0326346483704974,0.46206,"Coleoptera","Curculionidae","Scolytinae","Pityogenes","Pityogenes hopkinsi","k__Fungi","p__Ascomycota","c__Leotiomycetes",NA,NA,NA,NA,"negative"
"Pityogenes hopkinsi","ASV_4937",5.42070241249136,0.003,0.0326346483704974,0.46206,"Coleoptera","Curculionidae","Scolytinae","Pityogenes","Pityogenes hopkinsi","k__Fungi","p__Basidiomycota","c__Agaricomycetes","o__Russulales","f__Stereaceae","g__Stereum","s__sanguinolentum","positive"
"Pityogenes hopkinsi","ASV_5826",-2.73818623084277,0.003,0.0326346483704974,0.46206,"Coleoptera","Curculionidae","Scolytinae","Pityogenes","Pityogenes hopkinsi","k__Fungi","p__Ascomycota","c__Dothideomycetes","o__Pleosporales","f__Didymosphaeriaceae","g__Paracamarosporium",NA,"negative"
"Pityogenes hopkinsi","ASV_5909",-1.82692135657499,0.003,0.0326346483704974,0.46206,"Coleoptera","Curculionidae","Scolytinae","Pityogenes","Pityogenes hopkinsi","k__Fungi","p__Basidiomycota","c__Microbotryomycetes","o__Sporidiobolales","f__Sporidiobolaceae","g__Rhodosporidiobolus","s__oreadorum","negative"
"Pityogenes hopkinsi","ASV_6048",3.18113092697081,0.003,0.0326346483704974,0.46206,"Coleoptera","Curculionidae","Scolytinae","Pityogenes","Pityogenes hopkinsi","k__Fungi","p__Basidiomycota","c__Agaricomycetes","o__Hymenochaetales","f__Schizoporaceae","g__Xylodon","s__radula","positive"
"Pityogenes hopkinsi","ASV_6210",-3.00153354733443,0.003,0.0326346483704974,0.46206,"Coleoptera","Curculionidae","Scolytinae","Pityogenes","Pityogenes hopkinsi","k__Fungi","p__Ascomycota","c__Eurotiomycetes","o__Chaetothyriales","f__Herpotrichiellaceae","g__Nadsoniella","s__nigra","negative"
"Pityogenes hopkinsi","ASV_6237",4.95321830110803,0.003,0.0326346483704974,0.46206,"Coleoptera","Curculionidae","Scolytinae","Pityogenes","Pityogenes hopkinsi","k__Fungi","p__Ascomycota","c__Dothideomycetes",NA,NA,NA,NA,"positive"
"Pityogenes hopkinsi","ASV_6377",-2.88700665343376,0.003,0.0326346483704974,0.46206,"Coleoptera","Curculionidae","Scolytinae","Pityogenes","Pityogenes hopkinsi","k__Fungi","p__Basidiomycota","c__Agaricomycetes","o__Agaricales","f__Schizophyllaceae","g__Schizophyllum","s__commune","negative"
"Pityogenes hopkinsi","ASV_7286",3.80445093480867,0.003,0.0326346483704974,0.46206,"Coleoptera","Curculionidae","Scolytinae","Pityogenes","Pityogenes hopkinsi","k__Fungi","p__Ascomycota","c__Dothideomycetes","o__Pleosporales",NA,NA,NA,"positive"
"Pityogenes hopkinsi","ASV_7473",-2.83972462468672,0.003,0.0326346483704974,0.46206,"Coleoptera","Curculionidae","Scolytinae","Pityogenes","Pityogenes hopkinsi","k__Fungi","p__Ascomycota","c__Eurotiomycetes","o__Chaetothyriales","f__Herpotrichiellaceae","g__Capronia","s__acutiseta","negative"
"Pityogenes hopkinsi","ASV_7825",3.8520099904476,0.003,0.0326346483704974,0.46206,"Coleoptera","Curculionidae","Scolytinae","Pityogenes","Pityogenes hopkinsi","k__Fungi","p__Ascomycota","c__Leotiomycetes","o__Marthamycetales","f__Marthamycetaceae","g__Propolis",NA,"positive"
"Pityogenes hopkinsi","ASV_8177",-3.74905742295278,0.003,0.0326346483704974,0.46206,"Coleoptera","Curculionidae","Scolytinae","Pityogenes","Pityogenes hopkinsi","k__Fungi","p__Basidiomycota","c__Agaricomycetes","o__Agaricales","f__Psathyrellaceae","g__Coprinopsis","s__cinerea","negative"
"Pityogenes hopkinsi","ASV_8438",-2.62782373552815,0.003,0.0326346483704974,0.46206,"Coleoptera","Curculionidae","Scolytinae","Pityogenes","Pityogenes hopkinsi","k__Fungi","p__Ascomycota","c__Dothideomycetes","o__Capnodiales","f__Capnodiales_fam_Incertae_sedis","g__Capnodiales_gen_Incertae_sedis",NA,"negative"
"Pityogenes hopkinsi","ASV_8486",-2.8584259842263,0.003,0.0326346483704974,0.46206,"Coleoptera","Curculionidae","Scolytinae","Pityogenes","Pityogenes hopkinsi","k__Fungi","p__Ascomycota",NA,NA,NA,NA,NA,"negative"
"Pityogenes hopkinsi","ASV_8783",-2.27796759037369,0.003,0.0326346483704974,0.46206,"Coleoptera","Curculionidae","Scolytinae","Pityogenes","Pityogenes hopkinsi","k__Fungi","p__Ascomycota","c__Saccharomycetes","o__Saccharomycetales","f__Saccharomycopsidaceae",NA,NA,"negative"
"Pityogenes hopkinsi","ASV_9006",-3.41112356089744,0.003,0.0326346483704974,0.46206,"Coleoptera","Curculionidae","Scolytinae","Pityogenes","Pityogenes hopkinsi","k__Fungi","p__Ascomycota","c__Dothideomycetes","o__Pleosporales","f__Melanommataceae",NA,NA,"negative"
"Pityogenes hopkinsi","ASV_9135",-3.20014427605458,0.003,0.0326346483704974,0.46206,"Coleoptera","Curculionidae","Scolytinae","Pityogenes","Pityogenes hopkinsi","k__Fungi","p__Basidiomycota","c__Tremellomycetes","o__Tremellales","f__Cryptococcaceae","g__Cryptococcus","s__watticus","negative"
"Pityogenes hopkinsi","ASV_9251",-3.22271904232936,0.003,0.0326346483704974,0.46206,"Coleoptera","Curculionidae","Scolytinae","Pityogenes","Pityogenes hopkinsi","k__Fungi","p__Basidiomycota","c__Tremellomycetes",NA,NA,NA,NA,"negative"
"Pityogenes hopkinsi","ASV_9355",-3.0264417922701,0.003,0.0326346483704974,0.46206,"Coleoptera","Curculionidae","Scolytinae","Pityogenes","Pityogenes hopkinsi","k__Fungi","p__Ascomycota","c__Dothideomycetes","o__Pleosporales","f__Lentitheciaceae","g__Pleurophoma",NA,"negative"
"Pityogenes hopkinsi","ASV_9467",-2.87842669456704,0.003,0.0326346483704974,0.46206,"Coleoptera","Curculionidae","Scolytinae","Pityogenes","Pityogenes hopkinsi","k__Fungi","p__Basidiomycota","c__Exobasidiomycetes","o__Exobasidiales","f__Exobasidiaceae","g__Exobasidium","s__miyabei","negative"
"Pityogenes hopkinsi","ASV_9927",-2.6927738121026,0.003,0.0326346483704974,0.46206,"Coleoptera","Curculionidae","Scolytinae","Pityogenes","Pityogenes hopkinsi","k__Fungi","p__Ascomycota","c__Dothideomycetes","o__Dothideales","f__Dothioraceae","g__Dothiora",NA,"negative"
"Pityogenes hopkinsi","ASV_9934",-3.48277508302216,0.003,0.0326346483704974,0.46206,"Coleoptera","Curculionidae","Scolytinae","Pityogenes","Pityogenes hopkinsi","k__Fungi","p__Basidiomycota","c__Exobasidiomycetes","o__Microstromatales","f__Microstromataceae","g__Microstroma",NA,"negative"
"Pityogenes hopkinsi","ASV_9977",-3.32454116334963,0.003,0.0326346483704974,0.46206,"Coleoptera","Curculionidae","Scolytinae","Pityogenes","Pityogenes hopkinsi","k__Fungi","p__Ascomycota","c__Dothideomycetes","o__Mycosphaerellales","f__Teratosphaeriaceae",NA,NA,"negative"
"Pityogenes hopkinsi","ASV_9981",-2.62655040376899,0.003,0.0326346483704974,0.46206,"Coleoptera","Curculionidae","Scolytinae","Pityogenes","Pityogenes hopkinsi","k__Fungi","p__Ascomycota","c__Dothideomycetes","o__Pleosporales","f__Cucurbitariaceae",NA,NA,"negative"
"Pityogenes hopkinsi","ASV_10027",-3.26725097527276,0.003,0.0326346483704974,0.46206,"Coleoptera","Curculionidae","Scolytinae","Pityogenes","Pityogenes hopkinsi","k__Fungi","p__Basidiomycota","c__Agaricomycetes","o__Hymenochaetales","f__Schizoporaceae","g__Lyomyces",NA,"negative"
"Pityogenes hopkinsi","ASV_10143",-3.49867547670321,0.003,0.0326346483704974,0.46206,"Coleoptera","Curculionidae","Scolytinae","Pityogenes","Pityogenes hopkinsi","k__Fungi","p__Basidiomycota","c__Agaricomycetes","o__Agaricales","f__Tricholomataceae","g__Resupinatus","s__americanus","negative"
"Pityogenes hopkinsi","ASV_10164",-3.44755901370227,0.003,0.0326346483704974,0.46206,"Coleoptera","Curculionidae","Scolytinae","Pityogenes","Pityogenes hopkinsi","k__Fungi","p__Ascomycota","c__Leotiomycetes","o__Helotiales","f__Helotiaceae","g__Claussenomyces","s__kirschsteinianus","negative"
"Pityogenes hopkinsi","ASV_10173",-2.09953345356165,0.003,0.0326346483704974,0.46206,"Coleoptera","Curculionidae","Scolytinae","Pityogenes","Pityogenes hopkinsi","k__Fungi","p__Ascomycota","c__Eurotiomycetes","o__Mycocaliciales","f__Mycocaliciaceae","g__Phaeocalicium","s__curtisii","negative"
"Pityogenes hopkinsi","ASV_10210",-3.83293073736012,0.003,0.0326346483704974,0.46206,"Coleoptera","Curculionidae","Scolytinae","Pityogenes","Pityogenes hopkinsi","k__Fungi","p__Ascomycota","c__Dothideomycetes","o__Pleosporales","f__Cucurbitariaceae","g__Neocucurbitaria",NA,"negative"
"Pityogenes hopkinsi","ASV_10395",-2.55096652624734,0.003,0.0326346483704974,0.46206,"Coleoptera","Curculionidae","Scolytinae","Pityogenes","Pityogenes hopkinsi","k__Fungi","p__Basidiomycota","c__Agaricomycetes","o__Polyporales","f__Ganodermataceae","g__Ganoderma","s__applanatum","negative"
"Pityogenes hopkinsi","ASV_10603",-2.9945160960669,0.003,0.0326346483704974,0.46206,"Coleoptera","Curculionidae","Scolytinae","Pityogenes","Pityogenes hopkinsi","k__Fungi","p__Ascomycota","c__Dothideomycetes","o__Dothideales","f__Dothioraceae","g__Dothiora",NA,"negative"
"Pityogenes hopkinsi","ASV_10756",-3.0493539049642,0.003,0.0326346483704974,0.46206,"Coleoptera","Curculionidae","Scolytinae","Pityogenes","Pityogenes hopkinsi","k__Fungi","p__Ascomycota","c__Dothideomycetes","o__Pleosporales",NA,NA,NA,"negative"
"Pityogenes hopkinsi","ASV_10925",-3.82523814960785,0.003,0.0326346483704974,0.46206,"Coleoptera","Curculionidae","Scolytinae","Pityogenes","Pityogenes hopkinsi","k__Fungi","p__Ascomycota",NA,NA,NA,NA,NA,"negative"
"Pityogenes hopkinsi","ASV_11406",-3.10044174819308,0.003,0.0326346483704974,0.46206,"Coleoptera","Curculionidae","Scolytinae","Pityogenes","Pityogenes hopkinsi","k__Fungi","p__Ascomycota",NA,NA,NA,NA,NA,"negative"
"Pityogenes hopkinsi","ASV_11601",-3.61977751095452,0.003,0.0326346483704974,0.46206,"Coleoptera","Curculionidae","Scolytinae","Pityogenes","Pityogenes hopkinsi","k__Fungi","p__Basidiomycota","c__Agaricomycetes","o__Russulales","f__Peniophoraceae","g__Peniophora","s__cinerea","negative"
"Pityogenes hopkinsi","ASV_11991",-2.14199611352788,0.003,0.0326346483704974,0.46206,"Coleoptera","Curculionidae","Scolytinae","Pityogenes","Pityogenes hopkinsi","k__Fungi",NA,NA,NA,NA,NA,NA,"negative"
"Pityogenes hopkinsi","ASV_12042",-2.96380631009549,0.003,0.0326346483704974,0.46206,"Coleoptera","Curculionidae","Scolytinae","Pityogenes","Pityogenes hopkinsi","k__Fungi","p__Ascomycota","c__Dothideomycetes","o__Dothideales","f__Dothioraceae","g__Dothiora",NA,"negative"
"Pityogenes hopkinsi","ASV_12187",-3.60043905771235,0.003,0.0326346483704974,0.46206,"Coleoptera","Curculionidae","Scolytinae","Pityogenes","Pityogenes hopkinsi","k__Fungi","p__Ascomycota","c__Leotiomycetes","o__Helotiales","f__Helotiales_fam_Incertae_sedis",NA,NA,"negative"
"Pityogenes hopkinsi","ASV_12336",-3.21030339056527,0.003,0.0326346483704974,0.46206,"Coleoptera","Curculionidae","Scolytinae","Pityogenes","Pityogenes hopkinsi","k__Fungi","p__Ascomycota","c__Dothideomycetes","o__Dothideales","f__Aureobasidiaceae","g__Kabatiella",NA,"negative"
"Pityogenes hopkinsi","ASV_13398",-2.30846575581237,0.003,0.0326346483704974,0.46206,"Coleoptera","Curculionidae","Scolytinae","Pityogenes","Pityogenes hopkinsi","k__Fungi","p__Basidiomycota","c__Tremellomycetes","o__Tremellales","f__Bulleribasidiaceae","g__Vishniacozyma","s__victoriae","negative"
"Pityogenes hopkinsi","ASV_13627",-2.53210005336995,0.003,0.0326346483704974,0.46206,"Coleoptera","Curculionidae","Scolytinae","Pityogenes","Pityogenes hopkinsi","k__Fungi",NA,NA,NA,NA,NA,NA,"negative"
"Pityogenes hopkinsi","ASV_13708",-3.33000675323082,0.003,0.0326346483704974,0.46206,"Coleoptera","Curculionidae","Scolytinae","Pityogenes","Pityogenes hopkinsi","k__Fungi",NA,NA,NA,NA,NA,NA,"negative"
"Pityogenes hopkinsi","ASV_15002",-3.41235190725514,0.003,0.0326346483704974,0.46206,"Coleoptera","Curculionidae","Scolytinae","Pityogenes","Pityogenes hopkinsi","k__Fungi","p__Basidiomycota","c__Agaricomycetes","o__Polyporales","f__Meripilaceae","g__Meripilaceae_gen_Incertae_sedis",NA,"negative"
"Pityogenes hopkinsi","ASV_15232",-3.01741306415705,0.003,0.0326346483704974,0.46206,"Coleoptera","Curculionidae","Scolytinae","Pityogenes","Pityogenes hopkinsi","k__Fungi","p__Basidiomycota","c__Tremellomycetes","o__Tremellales","f__Cryptococcaceae","g__Kwoniella","s__pini","negative"
"Pityogenes hopkinsi","ASV_15701",-2.85420932515269,0.003,0.0326346483704974,0.46206,"Coleoptera","Curculionidae","Scolytinae","Pityogenes","Pityogenes hopkinsi","k__Fungi","p__Ascomycota",NA,NA,NA,NA,NA,"negative"
"Pityogenes hopkinsi","ASV_16274",-3.04525974915827,0.003,0.0326346483704974,0.46206,"Coleoptera","Curculionidae","Scolytinae","Pityogenes","Pityogenes hopkinsi","k__Fungi","p__Ascomycota","c__Taphrinomycetes","o__Taphrinales","f__Taphrinaceae","g__Taphrina",NA,"negative"
"Pityogenes hopkinsi","ASV_16457",-2.97097279809392,0.003,0.0326346483704974,0.46206,"Coleoptera","Curculionidae","Scolytinae","Pityogenes","Pityogenes hopkinsi","k__Fungi","p__Ascomycota","c__Dothideomycetes","o__Dothideales","f__Dothideaceae","g__Dothidea",NA,"negative"
"Pityogenes hopkinsi","ASV_17035",-2.87897680783312,0.003,0.0326346483704974,0.46206,"Coleoptera","Curculionidae","Scolytinae","Pityogenes","Pityogenes hopkinsi","k__Fungi","p__Basidiomycota","c__Tremellomycetes","o__Tremellales","f__Cryptococcaceae","g__Teunia",NA,"negative"
"Pityogenes hopkinsi","ASV_17360",-2.78518288587587,0.003,0.0326346483704974,0.46206,"Coleoptera","Curculionidae","Scolytinae","Pityogenes","Pityogenes hopkinsi","k__Fungi","p__Ascomycota","c__Dothideomycetes","o__Dothideales","f__Dothideaceae","g__Rhizosphaera",NA,"negative"
"Pityogenes hopkinsi","ASV_19489",-2.41423699357084,0.003,0.0326346483704974,0.46206,"Coleoptera","Curculionidae","Scolytinae","Pityogenes","Pityogenes hopkinsi","k__Fungi","p__Ascomycota","c__Leotiomycetes","o__Helotiales","f__Helotiales_fam_Incertae_sedis","g__Cryptocline","s__arctostaphyli","negative"
"Pityogenes hopkinsi","ASV_19620",-3.23681039470719,0.003,0.0326346483704974,0.46206,"Coleoptera","Curculionidae","Scolytinae","Pityogenes","Pityogenes hopkinsi","k__Fungi","p__Ascomycota","c__Sordariomycetes","o__Diaporthales","f__Diaporthaceae","g__Diaporthe","s__ilicicola","negative"
"Pityogenes hopkinsi","ASV_20704",-2.43046194874595,0.003,0.0326346483704974,0.46206,"Coleoptera","Curculionidae","Scolytinae","Pityogenes","Pityogenes hopkinsi","k__Fungi","p__Ascomycota","c__Dothideomycetes","o__Myriangiales","f__Myriangiaceae","g__Myriangium",NA,"negative"
"Pityogenes hopkinsi","ASV_21306",-2.7357509886123,0.003,0.0326346483704974,0.46206,"Coleoptera","Curculionidae","Scolytinae","Pityogenes","Pityogenes hopkinsi","k__Fungi","p__Ascomycota","c__Dothideomycetes","o__Hysteriales","f__Hysteriaceae","g__Hysterium",NA,"negative"
"Pityogenes hopkinsi","ASV_21321",-2.55828058652551,0.003,0.0326346483704974,0.46206,"Coleoptera","Curculionidae","Scolytinae","Pityogenes","Pityogenes hopkinsi","k__Fungi","p__Ascomycota","c__Dothideomycetes","o__Dothideales","f__Dothioraceae","g__Perusta",NA,"negative"
"Pityogenes hopkinsi","ASV_21450",-2.92920932786988,0.003,0.0326346483704974,0.46206,"Coleoptera","Curculionidae","Scolytinae","Pityogenes","Pityogenes hopkinsi","k__Fungi","p__Ascomycota","c__Dothideomycetes","o__Mycosphaerellales","f__Mycosphaerellaceae","g__Sphaerulina","s__pelargonii","negative"
"Pityogenes hopkinsi","ASV_22190",-3.83168522426915,0.003,0.0326346483704974,0.46206,"Coleoptera","Curculionidae","Scolytinae","Pityogenes","Pityogenes hopkinsi","k__Fungi","p__Ascomycota","c__Dothideomycetes","o__Dothideales","f__Dothioraceae","g__Kabatina",NA,"negative"
"Pityogenes hopkinsi","ASV_22325",-3.64630381080923,0.003,0.0326346483704974,0.46206,"Coleoptera","Curculionidae","Scolytinae","Pityogenes","Pityogenes hopkinsi","k__Fungi","p__Ascomycota","c__Dothideomycetes","o__Dothideales",NA,NA,NA,"negative"
"Pityogenes hopkinsi","ASV_23168",-2.95050906832357,0.003,0.0326346483704974,0.46206,"Coleoptera","Curculionidae","Scolytinae","Pityogenes","Pityogenes hopkinsi","k__Fungi","p__Ascomycota","c__Dothideomycetes","o__Capnodiales","f__Cladosporiaceae","g__Cladosporium",NA,"negative"
"Pityogenes hopkinsi","ASV_23961",-2.91728706342233,0.003,0.0326346483704974,0.46206,"Coleoptera","Curculionidae","Scolytinae","Pityogenes","Pityogenes hopkinsi","k__Fungi","p__Ascomycota","c__Dothideomycetes","o__Dothideales","f__Saccotheciaceae","g__Aureobasidium",NA,"negative"
"Pityogenes hopkinsi","ASV_23965",-3.58993680361317,0.003,0.0326346483704974,0.46206,"Coleoptera","Curculionidae","Scolytinae","Pityogenes","Pityogenes hopkinsi","k__Fungi","p__Basidiomycota","c__Exobasidiomycetes","o__Microstromatales","f__Microstromatales_fam_Incertae_sedis","g__Pseudomicrostroma","s__glucosiphilum","negative"
"Pityogenes hopkinsi","ASV_24700",-3.3045451047768,0.003,0.0326346483704974,0.46206,"Coleoptera","Curculionidae","Scolytinae","Pityogenes","Pityogenes hopkinsi","k__Fungi","p__Ascomycota","c__Sordariomycetes","o__Sordariomycetes_ord_Incertae_sedis","f__Sordariomycetes_fam_Incertae_sedis","g__Rhamphoria","s__pyriformis","negative"
"Pityogenes hopkinsi","ASV_25418",-2.86828631691078,0.003,0.0326346483704974,0.46206,"Coleoptera","Curculionidae","Scolytinae","Pityogenes","Pityogenes hopkinsi","k__Fungi","p__Ascomycota","c__Dothideomycetes","o__Pleosporales","f__Cucurbitariaceae","g__Parafenestella","s__ontariensis","negative"
"Pityogenes hopkinsi","ASV_25806",-3.78347281774567,0.003,0.0326346483704974,0.46206,"Coleoptera","Curculionidae","Scolytinae","Pityogenes","Pityogenes hopkinsi","k__Fungi",NA,NA,NA,NA,NA,NA,"negative"
"Pityogenes hopkinsi","ASV_27074",-3.37216498960048,0.003,0.0326346483704974,0.46206,"Coleoptera","Curculionidae","Scolytinae","Pityogenes","Pityogenes hopkinsi","k__Fungi","p__Basidiomycota","c__Agaricomycetes","o__Polyporales","f__Meruliaceae","g__Scopuloides","s__hydnoides","negative"
"Pityogenes hopkinsi","ASV_27506",-3.41123342840689,0.003,0.0326346483704974,0.46206,"Coleoptera","Curculionidae","Scolytinae","Pityogenes","Pityogenes hopkinsi","k__Fungi","p__Ascomycota","c__Dothideomycetes","o__Dothideales","f__Saccotheciaceae","g__Aureobasidium",NA,"negative"
"Pityogenes hopkinsi","ASV_27973",-3.43673295274686,0.003,0.0326346483704974,0.46206,"Coleoptera","Curculionidae","Scolytinae","Pityogenes","Pityogenes hopkinsi","k__Fungi","p__Ascomycota","c__Lecanoromycetes","o__Caliciales","f__Caliciaceae","g__Buellia","s__erubescens","negative"
"Pityogenes hopkinsi","ASV_28447",-3.39118510568017,0.003,0.0326346483704974,0.46206,"Coleoptera","Curculionidae","Scolytinae","Pityogenes","Pityogenes hopkinsi","k__Fungi","p__Ascomycota","c__Dothideomycetes","o__Dothideales","f__Saccotheciaceae","g__Aureobasidium","s__pullulans","negative"
"Pityogenes hopkinsi","ASV_29419",-3.34656592192857,0.003,0.0326346483704974,0.46206,"Coleoptera","Curculionidae","Scolytinae","Pityogenes","Pityogenes hopkinsi","k__Fungi","p__Ascomycota","c__Dothideomycetes","o__Capnodiales","f__Capnodiaceae","g__Scorias","s__mangiferae","negative"
"Pityogenes hopkinsi","ASV_29425",-3.39354069157827,0.003,0.0326346483704974,0.46206,"Coleoptera","Curculionidae","Scolytinae","Pityogenes","Pityogenes hopkinsi","k__Fungi","p__Ascomycota","c__Leotiomycetes","o__Helotiales","f__Mollisiaceae","g__Mollisia","s__asteliae","negative"
"Pityogenes hopkinsi","ASV_23",-2.48820414065291,0.004,0.0379192825112108,0.490869356266599,"Coleoptera","Curculionidae","Scolytinae","Pityogenes","Pityogenes hopkinsi","k__Fungi","p__Ascomycota",NA,NA,NA,NA,NA,"negative"
"Pityogenes hopkinsi","ASV_164",3.10730677003644,0.004,0.0379192825112108,0.490869356266599,"Coleoptera","Curculionidae","Scolytinae","Pityogenes","Pityogenes hopkinsi","k__Fungi","p__Ascomycota","c__Dothideomycetes","o__Pleosporales","f__Cucurbitariaceae","g__Parafenestella","s__ontariensis","positive"
"Pityogenes hopkinsi","ASV_180",-2.60231696995256,0.004,0.0379192825112108,0.490869356266599,"Coleoptera","Curculionidae","Scolytinae","Pityogenes","Pityogenes hopkinsi","k__Fungi","p__Ascomycota","c__Saccharomycetes","o__Saccharomycetales","f__Debaryomycetaceae","g__Kurtzmaniella",NA,"negative"
"Pityogenes hopkinsi","ASV_286",2.59662491201041,0.004,0.0379192825112108,0.490869356266599,"Coleoptera","Curculionidae","Scolytinae","Pityogenes","Pityogenes hopkinsi","k__Fungi","p__Ascomycota","c__Lecanoromycetes","o__Lecanorales","f__Scoliciosporaceae","g__Scoliciosporum","s__chlorococcum","positive"
"Pityogenes hopkinsi","ASV_298",3.14542662475401,0.004,0.0379192825112108,0.490869356266599,"Coleoptera","Curculionidae","Scolytinae","Pityogenes","Pityogenes hopkinsi","k__Fungi","p__Ascomycota","c__Leotiomycetes","o__Thelebolales","f__Pseudeurotiaceae","g__Hyphozyma","s__roseonigra","positive"
"Pityogenes hopkinsi","ASV_332",-2.65431603471846,0.004,0.0379192825112108,0.490869356266599,"Coleoptera","Curculionidae","Scolytinae","Pityogenes","Pityogenes hopkinsi","k__Fungi","p__Basidiomycota","c__Cystobasidiomycetes","o__Cystobasidiomycetes_ord_Incertae_sedis","f__Symmetrosporaceae","g__Symmetrospora","s__foliicola","negative"
"Pityogenes hopkinsi","ASV_455",2.72065122808179,0.004,0.0379192825112108,0.490869356266599,"Coleoptera","Curculionidae","Scolytinae","Pityogenes","Pityogenes hopkinsi","k__Fungi","p__Ascomycota","c__Leotiomycetes","o__Helotiales","f__Hyaloscyphaceae","g__Venturiocistella",NA,"positive"
"Pityogenes hopkinsi","ASV_571",3.43194582060765,0.004,0.0379192825112108,0.490869356266599,"Coleoptera","Curculionidae","Scolytinae","Pityogenes","Pityogenes hopkinsi","k__Fungi","p__Ascomycota","c__Dothideomycetes","o__Capnodiales",NA,NA,NA,"positive"
"Pityogenes hopkinsi","ASV_790",3.20875978017196,0.004,0.0379192825112108,0.490869356266599,"Coleoptera","Curculionidae","Scolytinae","Pityogenes","Pityogenes hopkinsi","k__Fungi","p__Ascomycota","c__Dothideomycetes","o__Pleosporales","f__Pleosporales_fam_Incertae_sedis","g__Chaetophoma",NA,"positive"
"Pityogenes hopkinsi","ASV_982",2.00351577508493,0.004,0.0379192825112108,0.490869356266599,"Coleoptera","Curculionidae","Scolytinae","Pityogenes","Pityogenes hopkinsi","k__Fungi","p__Ascomycota","c__Sordariomycetes","o__Hypocreales","f__Nectriaceae",NA,NA,"positive"
"Pityogenes hopkinsi","ASV_1188",-3.25840794901902,0.004,0.0379192825112108,0.490869356266599,"Coleoptera","Curculionidae","Scolytinae","Pityogenes","Pityogenes hopkinsi","k__Fungi","p__Basidiomycota","c__Cystobasidiomycetes","o__Cystobasidiomycetes_ord_Incertae_sedis","f__Symmetrosporaceae","g__Symmetrospora",NA,"negative"
"Pityogenes hopkinsi","ASV_1199",-2.5887028240398,0.004,0.0379192825112108,0.490869356266599,"Coleoptera","Curculionidae","Scolytinae","Pityogenes","Pityogenes hopkinsi","k__Fungi","p__Basidiomycota","c__Exobasidiomycetes","o__Microstromatales","f__Microstromatales_fam_Incertae_sedis","g__Pseudomicrostroma","s__phylloplanum","negative"
"Pityogenes hopkinsi","ASV_1553",2.76647714936263,0.004,0.0379192825112108,0.490869356266599,"Coleoptera","Curculionidae","Scolytinae","Pityogenes","Pityogenes hopkinsi","k__Fungi","p__Ascomycota","c__Eurotiomycetes","o__Eurotiales","f__Aspergillaceae","g__Penicillium","s__miczynskii","positive"
"Pityogenes hopkinsi","ASV_1593",2.77580847005697,0.004,0.0379192825112108,0.490869356266599,"Coleoptera","Curculionidae","Scolytinae","Pityogenes","Pityogenes hopkinsi","k__Fungi","p__Ascomycota","c__Dothideomycetes","o__Pleosporales","f__Phaeosphaeriaceae","g__Xenophoma","s__puncteliae","positive"
"Pityogenes hopkinsi","ASV_2300",2.69147114498853,0.004,0.0379192825112108,0.490869356266599,"Coleoptera","Curculionidae","Scolytinae","Pityogenes","Pityogenes hopkinsi","k__Fungi","p__Ascomycota","c__Lecanoromycetes","o__Lecanorales",NA,NA,NA,"positive"
"Pityogenes hopkinsi","ASV_2323",2.90284851152426,0.004,0.0379192825112108,0.490869356266599,"Coleoptera","Curculionidae","Scolytinae","Pityogenes","Pityogenes hopkinsi","k__Fungi","p__Ascomycota","c__Lecanoromycetes","o__Lecanorales","f__Catillariaceae","g__Catillaria","s__chalybeia","positive"
"Pityogenes hopkinsi","ASV_2350",4.01054401325103,0.004,0.0379192825112108,0.490869356266599,"Coleoptera","Curculionidae","Scolytinae","Pityogenes","Pityogenes hopkinsi","k__Fungi","p__Ascomycota","c__Eurotiomycetes","o__Chaetothyriales","f__Herpotrichiellaceae","g__Sorocybe",NA,"positive"
"Pityogenes hopkinsi","ASV_2384",-2.86825541175093,0.004,0.0379192825112108,0.490869356266599,"Coleoptera","Curculionidae","Scolytinae","Pityogenes","Pityogenes hopkinsi","k__Fungi",NA,NA,NA,NA,NA,NA,"negative"
"Pityogenes hopkinsi","ASV_2729",-2.96460568341401,0.004,0.0379192825112108,0.490869356266599,"Coleoptera","Curculionidae","Scolytinae","Pityogenes","Pityogenes hopkinsi","k__Fungi","p__Ascomycota","c__Dothideomycetes","o__Mycosphaerellales","f__Mycosphaerellaceae",NA,NA,"negative"
"Pityogenes hopkinsi","ASV_3066",3.06878636460145,0.004,0.0379192825112108,0.490869356266599,"Coleoptera","Curculionidae","Scolytinae","Pityogenes","Pityogenes hopkinsi","k__Fungi","p__Basidiomycota","c__Agaricomycetes","o__Agaricales","f__Tricholomataceae","g__Panellus","s__stipticus","positive"
"Pityogenes hopkinsi","ASV_3113",3.08210244321813,0.004,0.0379192825112108,0.490869356266599,"Coleoptera","Curculionidae","Scolytinae","Pityogenes","Pityogenes hopkinsi","k__Fungi","p__Ascomycota","c__Leotiomycetes","o__Helotiales","f__Sclerotiniaceae",NA,NA,"positive"
"Pityogenes hopkinsi","ASV_3170",2.68482779535177,0.004,0.0379192825112108,0.490869356266599,"Coleoptera","Curculionidae","Scolytinae","Pityogenes","Pityogenes hopkinsi","k__Fungi","p__Ascomycota","c__Sordariomycetes","o__Diaporthales","f__Coryneaceae","g__Coryneum",NA,"positive"
"Pityogenes hopkinsi","ASV_3230",-2.28482148044487,0.004,0.0379192825112108,0.490869356266599,"Coleoptera","Curculionidae","Scolytinae","Pityogenes","Pityogenes hopkinsi","k__Fungi","p__Ascomycota","c__Dothideomycetes","o__Dothideales","f__Saccotheciaceae","g__Aureobasidium",NA,"negative"
"Pityogenes hopkinsi","ASV_3244",-2.73761278617804,0.004,0.0379192825112108,0.490869356266599,"Coleoptera","Curculionidae","Scolytinae","Pityogenes","Pityogenes hopkinsi","k__Fungi","p__Ascomycota","c__Eurotiomycetes","o__Chaetothyriales","f__Trichomeriaceae","g__Alatosessilispora",NA,"negative"
"Pityogenes hopkinsi","ASV_3305",-2.62210429797876,0.004,0.0379192825112108,0.490869356266599,"Coleoptera","Curculionidae","Scolytinae","Pityogenes","Pityogenes hopkinsi","k__Fungi","p__Ascomycota","c__Dothideomycetes","o__Pleosporales","f__Didymosphaeriaceae","g__Paracamarosporium",NA,"negative"
"Pityogenes hopkinsi","ASV_3584",-3.15916275173236,0.004,0.0379192825112108,0.490869356266599,"Coleoptera","Curculionidae","Scolytinae","Pityogenes","Pityogenes hopkinsi","k__Fungi","p__Ascomycota","c__Dothideomycetes","o__Mycosphaerellales","f__Mycosphaerellaceae","g__Paramycosphaerella",NA,"negative"
"Pityogenes hopkinsi","ASV_3687",-3.07526715139903,0.004,0.0379192825112108,0.490869356266599,"Coleoptera","Curculionidae","Scolytinae","Pityogenes","Pityogenes hopkinsi","k__Fungi","p__Basidiomycota","c__Agaricomycetes","o__Polyporales","f__Meruliaceae","g__Scopuloides",NA,"negative"
"Pityogenes hopkinsi","ASV_3844",-1.9750058501466,0.004,0.0379192825112108,0.490869356266599,"Coleoptera","Curculionidae","Scolytinae","Pityogenes","Pityogenes hopkinsi","k__Fungi","p__Ascomycota","c__Dothideomycetes","o__Dothideales","f__Saccotheciaceae","g__Aureobasidium","s__pullulans","negative"
"Pityogenes hopkinsi","ASV_4134",2.93554535549215,0.004,0.0379192825112108,0.490869356266599,"Coleoptera","Curculionidae","Scolytinae","Pityogenes","Pityogenes hopkinsi","k__Fungi","p__Ascomycota","c__Sordariomycetes","o__Sordariomycetidae_ord_Incertae_sedis","f__Rhamphoriaceae","g__Rhodoveronaea","s__varioseptata","positive"
"Pityogenes hopkinsi","ASV_4625",-3.29394115759596,0.004,0.0379192825112108,0.490869356266599,"Coleoptera","Curculionidae","Scolytinae","Pityogenes","Pityogenes hopkinsi","k__Fungi","p__Basidiomycota","c__Tremellomycetes","o__Tremellales","f__Bulleribasidiaceae","g__Vishniacozyma",NA,"negative"
"Pityogenes hopkinsi","ASV_4832",-2.5060388490372,0.004,0.0379192825112108,0.490869356266599,"Coleoptera","Curculionidae","Scolytinae","Pityogenes","Pityogenes hopkinsi","k__Fungi","p__Ascomycota","c__Dothideomycetes","o__Dothideales","f__Saccotheciaceae","g__Aureobasidium","s__pullulans","negative"
"Pityogenes hopkinsi","ASV_5162",-2.18314152874665,0.004,0.0379192825112108,0.490869356266599,"Coleoptera","Curculionidae","Scolytinae","Pityogenes","Pityogenes hopkinsi","k__Fungi","p__Ascomycota","c__Sordariomycetes","o__Ophiostomatales","f__Ophiostomataceae","g__Sporothrix",NA,"negative"
"Pityogenes hopkinsi","ASV_5304",-3.05698164077563,0.004,0.0379192825112108,0.490869356266599,"Coleoptera","Curculionidae","Scolytinae","Pityogenes","Pityogenes hopkinsi","k__Fungi","p__Ascomycota","c__Sordariomycetes","o__Sordariomycetes_ord_Incertae_sedis","f__Sordariomycetes_fam_Incertae_sedis","g__Rhamphoria","s__pyriformis","negative"
"Pityogenes hopkinsi","ASV_5537",2.57406838052728,0.004,0.0379192825112108,0.490869356266599,"Coleoptera","Curculionidae","Scolytinae","Pityogenes","Pityogenes hopkinsi","k__Fungi","p__Ascomycota","c__Eurotiomycetes","o__Eurotiales","f__Aspergillaceae","g__Penicillium","s__atrosanguineum","positive"
"Pityogenes hopkinsi","ASV_5984",-2.20728937929596,0.004,0.0379192825112108,0.490869356266599,"Coleoptera","Curculionidae","Scolytinae","Pityogenes","Pityogenes hopkinsi","k__Fungi","p__Ascomycota","c__Leotiomycetes",NA,NA,NA,NA,"negative"
"Pityogenes hopkinsi","ASV_5997",3.36247895491145,0.004,0.0379192825112108,0.490869356266599,"Coleoptera","Curculionidae","Scolytinae","Pityogenes","Pityogenes hopkinsi","k__Fungi","p__Ascomycota","c__Eurotiomycetes","o__Chaetothyriales",NA,NA,NA,"positive"
"Pityogenes hopkinsi","ASV_6044",-3.28806986174369,0.004,0.0379192825112108,0.490869356266599,"Coleoptera","Curculionidae","Scolytinae","Pityogenes","Pityogenes hopkinsi","k__Fungi","p__Ascomycota","c__Sareomycetes","o__Sareales","f__Sareaceae","g__Sarea","s__difformis","negative"
"Pityogenes hopkinsi","ASV_6143",-2.80536562715755,0.004,0.0379192825112108,0.490869356266599,"Coleoptera","Curculionidae","Scolytinae","Pityogenes","Pityogenes hopkinsi","k__Fungi","p__Basidiomycota","c__Exobasidiomycetes","o__Microstromatales","f__Microstromatales_fam_Incertae_sedis","g__Pseudomicrostroma","s__phylloplanum","negative"
"Pityogenes hopkinsi","ASV_6244",3.21280857463915,0.004,0.0379192825112108,0.490869356266599,"Coleoptera","Curculionidae","Scolytinae","Pityogenes","Pityogenes hopkinsi","k__Fungi","p__Ascomycota","c__Dothideomycetes","o__Pleosporales","f__Pleosporales_fam_Incertae_sedis","g__Chaetophoma",NA,"positive"
"Pityogenes hopkinsi","ASV_6296",-2.89948820621236,0.004,0.0379192825112108,0.490869356266599,"Coleoptera","Curculionidae","Scolytinae","Pityogenes","Pityogenes hopkinsi","k__Fungi","p__Basidiomycota","c__Pucciniomycetes",NA,NA,NA,NA,"negative"
"Pityogenes hopkinsi","ASV_6488",-3.31578437842004,0.004,0.0379192825112108,0.490869356266599,"Coleoptera","Curculionidae","Scolytinae","Pityogenes","Pityogenes hopkinsi","k__Fungi","p__Ascomycota","c__Lecanoromycetes","o__Umbilicariales","f__Umbilicariales_fam_Incertae_sedis","g__Umbilicariales_gen_Incertae_sedis",NA,"negative"
"Pityogenes hopkinsi","ASV_6538",-2.81805455099175,0.004,0.0379192825112108,0.490869356266599,"Coleoptera","Curculionidae","Scolytinae","Pityogenes","Pityogenes hopkinsi","k__Fungi","p__Basidiomycota","c__Exobasidiomycetes","o__Microstromatales","f__Microstromatales_fam_Incertae_sedis","g__Pseudomicrostroma","s__phylloplanum","negative"
"Pityogenes hopkinsi","ASV_7004",-2.60732026757343,0.004,0.0379192825112108,0.490869356266599,"Coleoptera","Curculionidae","Scolytinae","Pityogenes","Pityogenes hopkinsi","k__Fungi","p__Basidiomycota","c__Microbotryomycetes","o__Microbotryomycetes_ord_Incertae_sedis","f__Microbotryomycetes_fam_Incertae_sedis","g__Curvibasidium",NA,"negative"
"Pityogenes hopkinsi","ASV_7646",-2.51798505926699,0.004,0.0379192825112108,0.490869356266599,"Coleoptera","Curculionidae","Scolytinae","Pityogenes","Pityogenes hopkinsi","k__Fungi","p__Ascomycota",NA,NA,NA,NA,NA,"negative"
"Pityogenes hopkinsi","ASV_7916",-2.74447286638617,0.004,0.0379192825112108,0.490869356266599,"Coleoptera","Curculionidae","Scolytinae","Pityogenes","Pityogenes hopkinsi","k__Fungi","p__Ascomycota",NA,NA,NA,NA,NA,"negative"
"Pityogenes hopkinsi","ASV_8332",2.87659199025724,0.004,0.0379192825112108,0.490869356266599,"Coleoptera","Curculionidae","Scolytinae","Pityogenes","Pityogenes hopkinsi","k__Fungi","p__Ascomycota","c__Sordariomycetes","o__Hypocreales","f__Clavicipitaceae","g__Metapochonia",NA,"positive"
"Pityogenes hopkinsi","ASV_8409",-3.47039985867249,0.004,0.0379192825112108,0.490869356266599,"Coleoptera","Curculionidae","Scolytinae","Pityogenes","Pityogenes hopkinsi","k__Fungi","p__Ascomycota","c__Dothideomycetes","o__Myriangiales","f__Myriangiaceae","g__Myriangium","s__duriaei","negative"
"Pityogenes hopkinsi","ASV_8569",-3.00928630132819,0.004,0.0379192825112108,0.490869356266599,"Coleoptera","Curculionidae","Scolytinae","Pityogenes","Pityogenes hopkinsi","k__Fungi","p__Ascomycota","c__Taphrinomycetes","o__Taphrinales","f__Taphrinaceae","g__Taphrina",NA,"negative"
"Pityogenes hopkinsi","ASV_8991",4.03182122214366,0.004,0.0379192825112108,0.490869356266599,"Coleoptera","Curculionidae","Scolytinae","Pityogenes","Pityogenes hopkinsi","k__Fungi","p__Ascomycota","c__Eurotiomycetes","o__Verrucariales","f__Verrucariaceae","g__Verrucariaceae_gen_Incertae_sedis",NA,"positive"
"Pityogenes hopkinsi","ASV_9496",-2.73751873631179,0.004,0.0379192825112108,0.490869356266599,"Coleoptera","Curculionidae","Scolytinae","Pityogenes","Pityogenes hopkinsi","k__Fungi","p__Ascomycota","c__Leotiomycetes","o__Helotiales","f__Helotiales_fam_Incertae_sedis","g__Chalara","s__microspora","negative"
"Pityogenes hopkinsi","ASV_9610",-2.33014634703032,0.004,0.0379192825112108,0.490869356266599,"Coleoptera","Curculionidae","Scolytinae","Pityogenes","Pityogenes hopkinsi","k__Fungi","p__Ascomycota","c__Eurotiomycetes","o__Phaeomoniellales","f__Phaeomoniellaceae",NA,NA,"negative"
"Pityogenes hopkinsi","ASV_9624",-2.76638989462999,0.004,0.0379192825112108,0.490869356266599,"Coleoptera","Curculionidae","Scolytinae","Pityogenes","Pityogenes hopkinsi","k__Fungi","p__Basidiomycota","c__Agaricostilbomycetes","o__Agaricostilbales","f__Agaricostilbales_fam_Incertae_sedis","g__Agaricostilbales_gen_Incertae_sedis",NA,"negative"
"Pityogenes hopkinsi","ASV_10312",-3.42754538442055,0.004,0.0379192825112108,0.490869356266599,"Coleoptera","Curculionidae","Scolytinae","Pityogenes","Pityogenes hopkinsi","k__Fungi","p__Ascomycota","c__Dothideomycetes","o__Mycosphaerellales","f__Mycosphaerellaceae","g__Sphaerulina",NA,"negative"
"Pityogenes hopkinsi","ASV_10463",3.08371096818236,0.004,0.0379192825112108,0.490869356266599,"Coleoptera","Curculionidae","Scolytinae","Pityogenes","Pityogenes hopkinsi","k__Fungi","p__Basidiomycota","c__Agaricomycetes","o__Hymenochaetales","f__Schizoporaceae","g__Oxyporus","s__piceicola","positive"
"Pityogenes hopkinsi","ASV_10510",-2.62063199203386,0.004,0.0379192825112108,0.490869356266599,"Coleoptera","Curculionidae","Scolytinae","Pityogenes","Pityogenes hopkinsi","k__Fungi","p__Ascomycota","c__Sordariomycetes","o__Diaporthales","f__Valsaceae","g__Valsa",NA,"negative"
"Pityogenes hopkinsi","ASV_11720",-3.58076898629005,0.004,0.0379192825112108,0.490869356266599,"Coleoptera","Curculionidae","Scolytinae","Pityogenes","Pityogenes hopkinsi","k__Fungi","p__Basidiomycota","c__Agaricostilbomycetes","o__Agaricostilbales","f__Jianyuniaceae","g__Jianyunia",NA,"negative"
"Pityogenes hopkinsi","ASV_11736",-3.5082416368308,0.004,0.0379192825112108,0.490869356266599,"Coleoptera","Curculionidae","Scolytinae","Pityogenes","Pityogenes hopkinsi","k__Fungi","p__Ascomycota","c__Dothideomycetes","o__Capnodiales","f__Cladosporiaceae",NA,NA,"negative"
"Pityogenes hopkinsi","ASV_12476",-2.77209885466289,0.004,0.0379192825112108,0.490869356266599,"Coleoptera","Curculionidae","Scolytinae","Pityogenes","Pityogenes hopkinsi","k__Fungi","p__Ascomycota","c__Dothideomycetes","o__Dothideales",NA,NA,NA,"negative"
"Pityogenes hopkinsi","ASV_12659",-2.1818769399923,0.004,0.0379192825112108,0.490869356266599,"Coleoptera","Curculionidae","Scolytinae","Pityogenes","Pityogenes hopkinsi","k__Fungi","p__Ascomycota","c__Dothideomycetes","o__Dothideales","f__Saccotheciaceae","g__Aureobasidium","s__pullulans","negative"
"Pityogenes hopkinsi","ASV_13302",-3.02890699473733,0.004,0.0379192825112108,0.490869356266599,"Coleoptera","Curculionidae","Scolytinae","Pityogenes","Pityogenes hopkinsi","k__Fungi","p__Basidiomycota","c__Agaricomycetes","o__Polyporales","f__Irpicaceae","g__Gloeoporus","s__dichrous","negative"
"Pityogenes hopkinsi","ASV_13361",-3.82226657384557,0.004,0.0379192825112108,0.490869356266599,"Coleoptera","Curculionidae","Scolytinae","Pityogenes","Pityogenes hopkinsi","k__Fungi",NA,NA,NA,NA,NA,NA,"negative"
"Pityogenes hopkinsi","ASV_13634",-2.71121777630471,0.004,0.0379192825112108,0.490869356266599,"Coleoptera","Curculionidae","Scolytinae","Pityogenes","Pityogenes hopkinsi","k__Fungi","p__Basidiomycota","c__Cystobasidiomycetes","o__Erythrobasidiales","f__Erythrobasidiaceae","g__Erythrobasidium",NA,"negative"
"Pityogenes hopkinsi","ASV_13832",-3.19899527940657,0.004,0.0379192825112108,0.490869356266599,"Coleoptera","Curculionidae","Scolytinae","Pityogenes","Pityogenes hopkinsi","k__Fungi",NA,NA,NA,NA,NA,NA,"negative"
"Pityogenes hopkinsi","ASV_14052",-3.28774508609186,0.004,0.0379192825112108,0.490869356266599,"Coleoptera","Curculionidae","Scolytinae","Pityogenes","Pityogenes hopkinsi","k__Fungi","p__Ascomycota","c__Dothideomycetes","o__Dothideales","f__Saccotheciaceae","g__Aureobasidium","s__pullulans","negative"
"Pityogenes hopkinsi","ASV_14292",-3.80890283910066,0.004,0.0379192825112108,0.490869356266599,"Coleoptera","Curculionidae","Scolytinae","Pityogenes","Pityogenes hopkinsi","k__Fungi","p__Ascomycota","c__Leotiomycetes",NA,NA,NA,NA,"negative"
"Pityogenes hopkinsi","ASV_15798",-3.24746477127953,0.004,0.0379192825112108,0.490869356266599,"Coleoptera","Curculionidae","Scolytinae","Pityogenes","Pityogenes hopkinsi","k__Fungi","p__Ascomycota","c__Taphrinomycetes","o__Taphrinales","f__Taphrinaceae","g__Taphrina",NA,"negative"
"Pityogenes hopkinsi","ASV_15964",-3.20933381105465,0.004,0.0379192825112108,0.490869356266599,"Coleoptera","Curculionidae","Scolytinae","Pityogenes","Pityogenes hopkinsi","k__Fungi","p__Ascomycota","c__Dothideomycetes","o__Dothideales","f__Dothioraceae","g__Dothiora",NA,"negative"
"Pityogenes hopkinsi","ASV_16339",-3.08647066898654,0.004,0.0379192825112108,0.490869356266599,"Coleoptera","Curculionidae","Scolytinae","Pityogenes","Pityogenes hopkinsi","k__Fungi","p__Basidiomycota","c__Ustilaginomycetes","o__Ustilaginales","f__Ustilaginaceae","g__Schizonella",NA,"negative"
"Pityogenes hopkinsi","ASV_16585",-4.28887509448374,0.004,0.0379192825112108,0.490869356266599,"Coleoptera","Curculionidae","Scolytinae","Pityogenes","Pityogenes hopkinsi","k__Fungi","p__Ascomycota","c__Dothideomycetes","o__Mycosphaerellales","f__Mycosphaerellaceae","g__Ramularia",NA,"negative"
"Pityogenes hopkinsi","ASV_16591",-2.91812645652497,0.004,0.0379192825112108,0.490869356266599,"Coleoptera","Curculionidae","Scolytinae","Pityogenes","Pityogenes hopkinsi","k__Fungi","p__Ascomycota","c__Dothideomycetes","o__Dothideales","f__Saccotheciaceae","g__Aureobasidium",NA,"negative"
"Pityogenes hopkinsi","ASV_16965",-2.08721266890271,0.004,0.0379192825112108,0.490869356266599,"Coleoptera","Curculionidae","Scolytinae","Pityogenes","Pityogenes hopkinsi","k__Fungi","p__Ascomycota","c__Dothideomycetes","o__Mycosphaerellales","f__Mycosphaerellaceae","g__Acrodontium","s__crateriforme","negative"
"Pityogenes hopkinsi","ASV_18369",-3.2190093739647,0.004,0.0379192825112108,0.490869356266599,"Coleoptera","Curculionidae","Scolytinae","Pityogenes","Pityogenes hopkinsi","k__Fungi","p__Ascomycota","c__Dothideomycetes","o__Dothideales","f__Dothioraceae","g__Dothiora",NA,"negative"
"Pityogenes hopkinsi","ASV_18681",-2.7424900418594,0.004,0.0379192825112108,0.490869356266599,"Coleoptera","Curculionidae","Scolytinae","Pityogenes","Pityogenes hopkinsi","k__Fungi","p__Ascomycota","c__Dothideomycetes","o__Mycosphaerellales","f__Mycosphaerellaceae",NA,NA,"negative"
"Pityogenes hopkinsi","ASV_19897",-3.49987406352914,0.004,0.0379192825112108,0.490869356266599,"Coleoptera","Curculionidae","Scolytinae","Pityogenes","Pityogenes hopkinsi","k__Fungi","p__Basidiomycota","c__Tremellomycetes","o__Cystofilobasidiales","f__Mrakiaceae","g__Mrakia","s__aquatica","negative"
"Pityogenes hopkinsi","ASV_19901",-2.72467294789315,0.004,0.0379192825112108,0.490869356266599,"Coleoptera","Curculionidae","Scolytinae","Pityogenes","Pityogenes hopkinsi","k__Fungi","p__Ascomycota","c__Dothideomycetes","o__Mycosphaerellales","f__Mycosphaerellaceae","g__Acervuloseptoria","s__fraxini","negative"
"Pityogenes hopkinsi","ASV_20290",-2.86974030083761,0.004,0.0379192825112108,0.490869356266599,"Coleoptera","Curculionidae","Scolytinae","Pityogenes","Pityogenes hopkinsi","k__Fungi","p__Ascomycota","c__Dothideomycetes","o__Dothideales","f__Saccotheciaceae","g__Aureobasidium","s__pullulans","negative"
"Pityogenes hopkinsi","ASV_21507",-2.51579489985773,0.004,0.0379192825112108,0.490869356266599,"Coleoptera","Curculionidae","Scolytinae","Pityogenes","Pityogenes hopkinsi","k__Fungi","p__Ascomycota","c__Dothideomycetes","o__Dothideales","f__Saccotheciaceae","g__Aureobasidium","s__pullulans","negative"
"Pityogenes hopkinsi","ASV_21772",-2.74707964485773,0.004,0.0379192825112108,0.490869356266599,"Coleoptera","Curculionidae","Scolytinae","Pityogenes","Pityogenes hopkinsi","k__Fungi","p__Basidiomycota","c__Tremellomycetes","o__Tremellales",NA,NA,NA,"negative"
"Pityogenes hopkinsi","ASV_23004",-2.98387016374595,0.004,0.0379192825112108,0.490869356266599,"Coleoptera","Curculionidae","Scolytinae","Pityogenes","Pityogenes hopkinsi","k__Fungi","p__Ascomycota","c__Leotiomycetes","o__Helotiales","f__Discinellaceae","g__Varicosporium",NA,"negative"
"Pityogenes hopkinsi","ASV_24325",-3.50182641989284,0.004,0.0379192825112108,0.490869356266599,"Coleoptera","Curculionidae","Scolytinae","Pityogenes","Pityogenes hopkinsi","k__Fungi","p__Ascomycota",NA,NA,NA,NA,NA,"negative"
"Pityogenes hopkinsi","ASV_24599",-3.22202413714815,0.004,0.0379192825112108,0.490869356266599,"Coleoptera","Curculionidae","Scolytinae","Pityogenes","Pityogenes hopkinsi","k__Fungi","p__Ascomycota","c__Dothideomycetes","o__Dothideales","f__Saccotheciaceae","g__Aureobasidium",NA,"negative"
"Pityogenes hopkinsi","ASV_25425",-3.08857751865989,0.004,0.0379192825112108,0.490869356266599,"Coleoptera","Curculionidae","Scolytinae","Pityogenes","Pityogenes hopkinsi","k__Fungi","p__Basidiomycota","c__Dacrymycetes","o__Dacrymycetales","f__Dacrymycetaceae","g__Dacrymyces","s__chrysospermus","negative"
"Pityogenes hopkinsi","ASV_26409",-3.22048800194689,0.004,0.0379192825112108,0.490869356266599,"Coleoptera","Curculionidae","Scolytinae","Pityogenes","Pityogenes hopkinsi","k__Fungi","p__Ascomycota","c__Dothideomycetes","o__Dothideales","f__Saccotheciaceae","g__Aureobasidium",NA,"negative"
"Pityogenes hopkinsi","ASV_26844",-2.79457722199373,0.004,0.0379192825112108,0.490869356266599,"Coleoptera","Curculionidae","Scolytinae","Pityogenes","Pityogenes hopkinsi","k__Fungi","p__Ascomycota","c__Lecanoromycetes","o__Lecanorales","f__Lecanoraceae",NA,NA,"negative"
"Pityogenes hopkinsi","ASV_28306",-3.01324561386009,0.004,0.0379192825112108,0.490869356266599,"Coleoptera","Curculionidae","Scolytinae","Pityogenes","Pityogenes hopkinsi","k__Fungi","p__Ascomycota","c__Sordariomycetes","o__Calosphaeriales","f__Calosphaeriaceae","g__Jattaea",NA,"negative"
"Pityogenes hopkinsi","ASV_28899",-3.22755008572932,0.004,0.0379192825112108,0.490869356266599,"Coleoptera","Curculionidae","Scolytinae","Pityogenes","Pityogenes hopkinsi","k__Fungi","p__Basidiomycota","c__Agaricomycetes","o__Polyporales","f__Podoscyphaceae","g__Hypochnicium","s__geogenium","negative"
"Pityogenes hopkinsi","ASV_249",2.89537720609862,0.005,0.0423930481283422,0.514379770992366,"Coleoptera","Curculionidae","Scolytinae","Pityogenes","Pityogenes hopkinsi","k__Fungi","p__Ascomycota","c__Sordariomycetes","o__Diaporthales","f__Valsaceae","g__Cytospora",NA,"positive"
"Pityogenes hopkinsi","ASV_318",2.75248994043969,0.005,0.0423930481283422,0.514379770992366,"Coleoptera","Curculionidae","Scolytinae","Pityogenes","Pityogenes hopkinsi","k__Fungi","p__Ascomycota","c__Lecanoromycetes","o__Lecanorales",NA,NA,NA,"positive"
"Pityogenes hopkinsi","ASV_804",3.0871262967517,0.005,0.0423930481283422,0.514379770992366,"Coleoptera","Curculionidae","Scolytinae","Pityogenes","Pityogenes hopkinsi","k__Fungi",NA,NA,NA,NA,NA,NA,"positive"
"Pityogenes hopkinsi","ASV_1003",3.73612151675716,0.005,0.0423930481283422,0.514379770992366,"Coleoptera","Curculionidae","Scolytinae","Pityogenes","Pityogenes hopkinsi","k__Fungi","p__Ascomycota","c__Leotiomycetes","o__Rhytismatales","f__Rhytismataceae","g__Lophodermium","s__macci","positive"
"Pityogenes hopkinsi","ASV_1015",2.38700718556264,0.005,0.0423930481283422,0.514379770992366,"Coleoptera","Curculionidae","Scolytinae","Pityogenes","Pityogenes hopkinsi","k__Fungi","p__Ascomycota","c__Leotiomycetes","o__Helotiales",NA,NA,NA,"positive"
"Pityogenes hopkinsi","ASV_1026",3.02496919204816,0.005,0.0423930481283422,0.514379770992366,"Coleoptera","Curculionidae","Scolytinae","Pityogenes","Pityogenes hopkinsi","k__Fungi","p__Ascomycota","c__Sordariomycetes","o__Diaporthales","f__Valsaceae","g__Cytospora",NA,"positive"
"Pityogenes hopkinsi","ASV_1076",2.42829572825229,0.005,0.0423930481283422,0.514379770992366,"Coleoptera","Curculionidae","Scolytinae","Pityogenes","Pityogenes hopkinsi","k__Fungi","p__Ascomycota","c__Sordariomycetes","o__Hypocreales","f__Nectriaceae","g__Thyronectria","s__strobi","positive"
"Pityogenes hopkinsi","ASV_1126",-2.64322582543038,0.005,0.0423930481283422,0.514379770992366,"Coleoptera","Curculionidae","Scolytinae","Pityogenes","Pityogenes hopkinsi","k__Fungi","p__Ascomycota","c__Dothideomycetes","o__Dothideales",NA,NA,NA,"negative"
"Pityogenes hopkinsi","ASV_1135",-2.31618643438498,0.005,0.0423930481283422,0.514379770992366,"Coleoptera","Curculionidae","Scolytinae","Pityogenes","Pityogenes hopkinsi","k__Fungi","p__Ascomycota",NA,NA,NA,NA,NA,"negative"
"Pityogenes hopkinsi","ASV_1427",3.07973321132535,0.005,0.0423930481283422,0.514379770992366,"Coleoptera","Curculionidae","Scolytinae","Pityogenes","Pityogenes hopkinsi","k__Fungi","p__Ascomycota","c__Eurotiomycetes","o__Eurotiales","f__Aspergillaceae","g__Aspergillus","s__ruber","positive"
"Pityogenes hopkinsi","ASV_1433",-2.37126563349199,0.005,0.0423930481283422,0.514379770992366,"Coleoptera","Curculionidae","Scolytinae","Pityogenes","Pityogenes hopkinsi","k__Fungi","p__Ascomycota","c__Sordariomycetes",NA,NA,NA,NA,"negative"
"Pityogenes hopkinsi","ASV_1502",2.6014043846215,0.005,0.0423930481283422,0.514379770992366,"Coleoptera","Curculionidae","Scolytinae","Pityogenes","Pityogenes hopkinsi","k__Fungi","p__Basidiomycota","c__Agaricomycetes","o__Hymenochaetales","f__Hymenochaetales_fam_Incertae_sedis","g__Trichaptum","s__abietinum","positive"
"Pityogenes hopkinsi","ASV_1555",3.57785677371986,0.005,0.0423930481283422,0.514379770992366,"Coleoptera","Curculionidae","Scolytinae","Pityogenes","Pityogenes hopkinsi","k__Fungi","p__Ascomycota","c__Leotiomycetes","o__Erysiphales","f__Erysiphaceae","g__Podosphaera","s__leucotricha","positive"
"Pityogenes hopkinsi","ASV_1723",-3.26848493351639,0.005,0.0423930481283422,0.514379770992366,"Coleoptera","Curculionidae","Scolytinae","Pityogenes","Pityogenes hopkinsi","k__Fungi","p__Basidiomycota","c__Exobasidiomycetes","o__Microstromatales","f__Microstromatales_fam_Incertae_sedis","g__Pseudomicrostroma",NA,"negative"
"Pityogenes hopkinsi","ASV_1727",-2.40883094463276,0.005,0.0423930481283422,0.514379770992366,"Coleoptera","Curculionidae","Scolytinae","Pityogenes","Pityogenes hopkinsi","k__Fungi","p__Ascomycota","c__Leotiomycetes","o__Rhytismatales","f__Cudoniaceae",NA,NA,"negative"
"Pityogenes hopkinsi","ASV_2026",-1.80854459197182,0.005,0.0423930481283422,0.514379770992366,"Coleoptera","Curculionidae","Scolytinae","Pityogenes","Pityogenes hopkinsi","k__Fungi","p__Basidiomycota","c__Tremellomycetes","o__Tremellales","f__Bulleribasidiaceae","g__Hannaella","s__zeae","negative"
"Pityogenes hopkinsi","ASV_2065",2.62972547257692,0.005,0.0423930481283422,0.514379770992366,"Coleoptera","Curculionidae","Scolytinae","Pityogenes","Pityogenes hopkinsi","k__Fungi","p__Ascomycota","c__Sordariomycetes","o__Hypocreales","f__Nectriaceae","g__Microcera","s__larvarum","positive"
"Pityogenes hopkinsi","ASV_2087",-2.30440825968081,0.005,0.0423930481283422,0.514379770992366,"Coleoptera","Curculionidae","Scolytinae","Pityogenes","Pityogenes hopkinsi","k__Fungi","p__Ascomycota",NA,NA,NA,NA,NA,"negative"
"Pityogenes hopkinsi","ASV_2130",2.81840645440348,0.005,0.0423930481283422,0.514379770992366,"Coleoptera","Curculionidae","Scolytinae","Pityogenes","Pityogenes hopkinsi","k__Fungi","p__Basidiomycota","c__Agaricomycetes","o__Agaricales","f__Psathyrellaceae","g__Coprinellus","s__micaceus","positive"
"Pityogenes hopkinsi","ASV_2182",3.51743437623975,0.005,0.0423930481283422,0.514379770992366,"Coleoptera","Curculionidae","Scolytinae","Pityogenes","Pityogenes hopkinsi","k__Fungi","p__Ascomycota","c__Leotiomycetes","o__Helotiales",NA,NA,NA,"positive"
"Pityogenes hopkinsi","ASV_2442",-3.09583565296901,0.005,0.0423930481283422,0.514379770992366,"Coleoptera","Curculionidae","Scolytinae","Pityogenes","Pityogenes hopkinsi","k__Fungi","p__Ascomycota","c__Dothideomycetes","o__Pleosporales","f__Didymosphaeriaceae","g__Paraconiothyrium",NA,"negative"
"Pityogenes hopkinsi","ASV_2701",2.67491369578333,0.005,0.0423930481283422,0.514379770992366,"Coleoptera","Curculionidae","Scolytinae","Pityogenes","Pityogenes hopkinsi","k__Fungi","p__Ascomycota","c__Leotiomycetes","o__Helotiales",NA,NA,NA,"positive"
"Pityogenes hopkinsi","ASV_3142",-2.40046920138226,0.005,0.0423930481283422,0.514379770992366,"Coleoptera","Curculionidae","Scolytinae","Pityogenes","Pityogenes hopkinsi","k__Fungi","p__Ascomycota","c__Dothideomycetes","o__Dothideales","f__Saccotheciaceae","g__Aureobasidium","s__pullulans","negative"
"Pityogenes hopkinsi","ASV_3245",2.76342924346189,0.005,0.0423930481283422,0.514379770992366,"Coleoptera","Curculionidae","Scolytinae","Pityogenes","Pityogenes hopkinsi","k__Fungi","p__Ascomycota","c__Sordariomycetes","o__Xylariales","f__Diatrypaceae","g__Diatrype","s__stigma","positive"
"Pityogenes hopkinsi","ASV_3948",4.31011008271428,0.005,0.0423930481283422,0.514379770992366,"Coleoptera","Curculionidae","Scolytinae","Pityogenes","Pityogenes hopkinsi","k__Fungi","p__Ascomycota","c__Sordariomycetes","o__Diaporthales","f__Valsaceae","g__Cytospora",NA,"positive"
"Pityogenes hopkinsi","ASV_3990",-3.04841666380194,0.005,0.0423930481283422,0.514379770992366,"Coleoptera","Curculionidae","Scolytinae","Pityogenes","Pityogenes hopkinsi","k__Fungi","p__Ascomycota","c__Dothideomycetes",NA,NA,NA,NA,"negative"
"Pityogenes hopkinsi","ASV_4066",-3.04649650940331,0.005,0.0423930481283422,0.514379770992366,"Coleoptera","Curculionidae","Scolytinae","Pityogenes","Pityogenes hopkinsi","k__Fungi","p__Ascomycota",NA,NA,NA,NA,NA,"negative"
"Pityogenes hopkinsi","ASV_4288",3.15365318455743,0.005,0.0423930481283422,0.514379770992366,"Coleoptera","Curculionidae","Scolytinae","Pityogenes","Pityogenes hopkinsi","k__Fungi","p__Ascomycota","c__Sordariomycetes","o__Calosphaeriales","f__Calosphaeriaceae","g__Jattaea","s__taediosa","positive"
"Pityogenes hopkinsi","ASV_4361",-2.58450907693835,0.005,0.0423930481283422,0.514379770992366,"Coleoptera","Curculionidae","Scolytinae","Pityogenes","Pityogenes hopkinsi","k__Fungi","p__Ascomycota","c__Dothideomycetes","o__Dothideales","f__Dothioraceae","g__Dothiora",NA,"negative"
"Pityogenes hopkinsi","ASV_4507",2.84465195597123,0.005,0.0423930481283422,0.514379770992366,"Coleoptera","Curculionidae","Scolytinae","Pityogenes","Pityogenes hopkinsi","k__Fungi","p__Basidiomycota","c__Agaricomycetes","o__Hymenochaetales","f__Schizoporaceae","g__Hyphodontia","s__alienata","positive"
"Pityogenes hopkinsi","ASV_4612",-2.36534692294682,0.005,0.0423930481283422,0.514379770992366,"Coleoptera","Curculionidae","Scolytinae","Pityogenes","Pityogenes hopkinsi","k__Fungi","p__Ascomycota","c__Dothideomycetes","o__Dothideales","f__Dothideaceae",NA,NA,"negative"
"Pityogenes hopkinsi","ASV_5316",-2.35732334652788,0.005,0.0423930481283422,0.514379770992366,"Coleoptera","Curculionidae","Scolytinae","Pityogenes","Pityogenes hopkinsi","k__Fungi","p__Basidiomycota","c__Exobasidiomycetes","o__Microstromatales","f__Microstromatales_fam_Incertae_sedis","g__Pseudomicrostroma","s__phylloplanum","negative"
"Pityogenes hopkinsi","ASV_5533",-3.84502464396858,0.005,0.0423930481283422,0.514379770992366,"Coleoptera","Curculionidae","Scolytinae","Pityogenes","Pityogenes hopkinsi","k__Fungi","p__Ascomycota","c__Dothideomycetes","o__Pleosporales",NA,NA,NA,"negative"
"Pityogenes hopkinsi","ASV_5648",4.30623919241953,0.005,0.0423930481283422,0.514379770992366,"Coleoptera","Curculionidae","Scolytinae","Pityogenes","Pityogenes hopkinsi","k__Fungi","p__Basidiomycota","c__Agaricomycetes","o__Hymenochaetales","f__Schizoporaceae","g__Hyphodontia","s__subalutacea","positive"
"Pityogenes hopkinsi","ASV_6150",-2.62203247910357,0.005,0.0423930481283422,0.514379770992366,"Coleoptera","Curculionidae","Scolytinae","Pityogenes","Pityogenes hopkinsi","k__Fungi","p__Basidiomycota","c__Agaricomycetes","o__Hymenochaetales","f__Schizoporaceae","g__Xylodon","s__erastii","negative"
"Pityogenes hopkinsi","ASV_6580",2.66543337360491,0.005,0.0423930481283422,0.514379770992366,"Coleoptera","Curculionidae","Scolytinae","Pityogenes","Pityogenes hopkinsi","k__Fungi","p__Basidiomycota","c__Agaricomycetes","o__Polyporales",NA,NA,NA,"positive"
"Pityogenes hopkinsi","ASV_6591",-1.89810612939156,0.005,0.0423930481283422,0.514379770992366,"Coleoptera","Curculionidae","Scolytinae","Pityogenes","Pityogenes hopkinsi","k__Fungi","p__Ascomycota","c__Arthoniomycetes","o__Arthoniales","f__Opegraphaceae","g__Opegrapha","s__vermicellifera","negative"
"Pityogenes hopkinsi","ASV_7099",-3.27915110600929,0.005,0.0423930481283422,0.514379770992366,"Coleoptera","Curculionidae","Scolytinae","Pityogenes","Pityogenes hopkinsi","k__Fungi","p__Ascomycota",NA,NA,NA,NA,NA,"negative"
"Pityogenes hopkinsi","ASV_7926",-3.81887614492345,0.005,0.0423930481283422,0.514379770992366,"Coleoptera","Curculionidae","Scolytinae","Pityogenes","Pityogenes hopkinsi","k__Fungi","p__Basidiomycota","c__Agaricomycetes","o__Polyporales","f__Fomitopsidaceae","g__Brunneoporus","s__cyclopis","negative"
"Pityogenes hopkinsi","ASV_8352",2.95730610200602,0.005,0.0423930481283422,0.514379770992366,"Coleoptera","Curculionidae","Scolytinae","Pityogenes","Pityogenes hopkinsi","k__Fungi","p__Ascomycota","c__Sordariomycetes","o__Hypocreales","f__Hypocreales_fam_Incertae_sedis","g__Barbatosphaeria","s__arboricola","positive"
"Pityogenes hopkinsi","ASV_8396",-3.49967714167931,0.005,0.0423930481283422,0.514379770992366,"Coleoptera","Curculionidae","Scolytinae","Pityogenes","Pityogenes hopkinsi","k__Fungi","p__Ascomycota","c__Sordariomycetes","o__Diaporthales","f__Valsaceae","g__Valsa",NA,"negative"
"Pityogenes hopkinsi","ASV_8415",4.7202642642902,0.005,0.0423930481283422,0.514379770992366,"Coleoptera","Curculionidae","Scolytinae","Pityogenes","Pityogenes hopkinsi","k__Fungi","p__Ascomycota","c__Sordariomycetes","o__Coronophorales","f__Scortechiniaceae","g__Yuxiensis","s__granularis","positive"
"Pityogenes hopkinsi","ASV_8482",-3.36754943880146,0.005,0.0423930481283422,0.514379770992366,"Coleoptera","Curculionidae","Scolytinae","Pityogenes","Pityogenes hopkinsi","k__Fungi","p__Basidiomycota","c__Agaricomycetes","o__Russulales","f__Peniophoraceae","g__Peniophora","s__cinerea","negative"
"Pityogenes hopkinsi","ASV_8587",4.08079155828682,0.005,0.0423930481283422,0.514379770992366,"Coleoptera","Curculionidae","Scolytinae","Pityogenes","Pityogenes hopkinsi","k__Fungi","p__Basidiomycota","c__Agaricomycetes","o__Agaricales","f__Mycenaceae","g__Mycena","s__alcalina","positive"
"Pityogenes hopkinsi","ASV_8591",-2.91787237307297,0.005,0.0423930481283422,0.514379770992366,"Coleoptera","Curculionidae","Scolytinae","Pityogenes","Pityogenes hopkinsi","k__Fungi","p__Ascomycota","c__Dothideomycetes","o__Capnodiales","f__Neoantennariellaceae","g__Cippumomyces","s__mortalis","negative"
"Pityogenes hopkinsi","ASV_8780",-3.26991408836638,0.005,0.0423930481283422,0.514379770992366,"Coleoptera","Curculionidae","Scolytinae","Pityogenes","Pityogenes hopkinsi","k__Fungi","p__Basidiomycota","c__Agaricomycetes","o__Polyporales","f__Ganodermataceae","g__Ganoderma",NA,"negative"
"Pityogenes hopkinsi","ASV_8980",-3.36030264683649,0.005,0.0423930481283422,0.514379770992366,"Coleoptera","Curculionidae","Scolytinae","Pityogenes","Pityogenes hopkinsi","k__Fungi","p__Ascomycota","c__Dothideomycetes","o__Dothideales",NA,NA,NA,"negative"
"Pityogenes hopkinsi","ASV_9148",-3.27282282322625,0.005,0.0423930481283422,0.514379770992366,"Coleoptera","Curculionidae","Scolytinae","Pityogenes","Pityogenes hopkinsi","k__Fungi","p__Ascomycota","c__Sordariomycetes","o__Hypocreales",NA,NA,NA,"negative"
"Pityogenes hopkinsi","ASV_9590",-2.38070601022505,0.005,0.0423930481283422,0.514379770992366,"Coleoptera","Curculionidae","Scolytinae","Pityogenes","Pityogenes hopkinsi","k__Fungi","p__Ascomycota","c__Dothideomycetes","o__Dothideales",NA,NA,NA,"negative"
"Pityogenes hopkinsi","ASV_10581",3.74651005931929,0.005,0.0423930481283422,0.514379770992366,"Coleoptera","Curculionidae","Scolytinae","Pityogenes","Pityogenes hopkinsi","k__Fungi","p__Basidiomycota","c__Agaricomycetes","o__Hymenochaetales","f__Schizoporaceae","g__Xylodon",NA,"positive"
"Pityogenes hopkinsi","ASV_10806",-2.90172643933335,0.005,0.0423930481283422,0.514379770992366,"Coleoptera","Curculionidae","Scolytinae","Pityogenes","Pityogenes hopkinsi","k__Fungi","p__Ascomycota","c__Dothideomycetes","o__Dothideales","f__Saccotheciaceae","g__Aureobasidium",NA,"negative"
"Pityogenes hopkinsi","ASV_11163",4.09791818144882,0.005,0.0423930481283422,0.514379770992366,"Coleoptera","Curculionidae","Scolytinae","Pityogenes","Pityogenes hopkinsi","k__Fungi","p__Ascomycota","c__Sordariomycetes","o__Diaporthales","f__Valsaceae","g__Cytospora","s__beilinensis","positive"
"Pityogenes hopkinsi","ASV_11684",-2.64936215194041,0.005,0.0423930481283422,0.514379770992366,"Coleoptera","Curculionidae","Scolytinae","Pityogenes","Pityogenes hopkinsi","k__Fungi","p__Basidiomycota","c__Microbotryomycetes","o__Leucosporidiales","f__Leucosporidiaceae","g__Leucosporidium",NA,"negative"
"Pityogenes hopkinsi","ASV_12231",-2.39044614521796,0.005,0.0423930481283422,0.514379770992366,"Coleoptera","Curculionidae","Scolytinae","Pityogenes","Pityogenes hopkinsi","k__Fungi",NA,NA,NA,NA,NA,NA,"negative"
"Pityogenes hopkinsi","ASV_12347",-2.15609802637669,0.005,0.0423930481283422,0.514379770992366,"Coleoptera","Curculionidae","Scolytinae","Pityogenes","Pityogenes hopkinsi","k__Fungi","p__Ascomycota","c__Eurotiomycetes","o__Chaetothyriales","f__Paracladophialophoraceae","g__Paracladophialophora",NA,"negative"
"Pityogenes hopkinsi","ASV_12848",-3.22174895619235,0.005,0.0423930481283422,0.514379770992366,"Coleoptera","Curculionidae","Scolytinae","Pityogenes","Pityogenes hopkinsi","k__Fungi","p__Ascomycota","c__Dothideomycetes","o__Dothideales","f__Dothioraceae","g__Dothiora",NA,"negative"
"Pityogenes hopkinsi","ASV_13065",-2.65408075665192,0.005,0.0423930481283422,0.514379770992366,"Coleoptera","Curculionidae","Scolytinae","Pityogenes","Pityogenes hopkinsi","k__Fungi","p__Ascomycota","c__Eurotiomycetes","o__Chaetothyriales","f__Herpotrichiellaceae","g__Neocladophialophora","s__quercina","negative"
"Pityogenes hopkinsi","ASV_13213",-2.37399264178698,0.005,0.0423930481283422,0.514379770992366,"Coleoptera","Curculionidae","Scolytinae","Pityogenes","Pityogenes hopkinsi","k__Fungi","p__Basidiomycota","c__Microbotryomycetes","o__Microbotryomycetes_ord_Incertae_sedis","f__Colacogloeaceae",NA,NA,"negative"
"Pityogenes hopkinsi","ASV_13789",-3.2507081009251,0.005,0.0423930481283422,0.514379770992366,"Coleoptera","Curculionidae","Scolytinae","Pityogenes","Pityogenes hopkinsi","k__Fungi","p__Ascomycota","c__Sordariomycetes","o__Coronophorales","f__Scortechiniaceae","g__Yuxiensis","s__granularis","negative"
"Pityogenes hopkinsi","ASV_14494",-2.83279608459375,0.005,0.0423930481283422,0.514379770992366,"Coleoptera","Curculionidae","Scolytinae","Pityogenes","Pityogenes hopkinsi","k__Fungi","p__Ascomycota","c__Dothideomycetes","o__Mycosphaerellales","f__Mycosphaerellaceae","g__Sphaerulina","s__pelargonii","negative"
"Pityogenes hopkinsi","ASV_15016",-3.15099890691027,0.005,0.0423930481283422,0.514379770992366,"Coleoptera","Curculionidae","Scolytinae","Pityogenes","Pityogenes hopkinsi","k__Fungi","p__Ascomycota","c__Orbiliomycetes","o__Orbiliales","f__Orbiliaceae","g__Orbilia","s__tremulae","negative"
"Pityogenes hopkinsi","ASV_16364",-2.96380081573006,0.005,0.0423930481283422,0.514379770992366,"Coleoptera","Curculionidae","Scolytinae","Pityogenes","Pityogenes hopkinsi","k__Fungi","p__Basidiomycota","c__Agaricomycetes","o__Polyporales","f__Steccherinaceae","g__Steccherinum","s__fimbriatum","negative"
"Pityogenes hopkinsi","ASV_16530",-2.18305769667856,0.005,0.0423930481283422,0.514379770992366,"Coleoptera","Curculionidae","Scolytinae","Pityogenes","Pityogenes hopkinsi","k__Fungi","p__Ascomycota","c__Eurotiomycetes","o__Phaeomoniellales","f__Phaeomoniellaceae","g__Moristroma","s__quercinum","negative"
"Pityogenes hopkinsi","ASV_16648",-2.72698741731734,0.005,0.0423930481283422,0.514379770992366,"Coleoptera","Curculionidae","Scolytinae","Pityogenes","Pityogenes hopkinsi","k__Fungi","p__Basidiomycota","c__Microbotryomycetes","o__Microbotryomycetes_ord_Incertae_sedis","f__Microbotryomycetes_fam_Incertae_sedis","g__Curvibasidium",NA,"negative"
"Pityogenes hopkinsi","ASV_17529",-3.33552637054834,0.005,0.0423930481283422,0.514379770992366,"Coleoptera","Curculionidae","Scolytinae","Pityogenes","Pityogenes hopkinsi","k__Fungi",NA,NA,NA,NA,NA,NA,"negative"
"Pityogenes hopkinsi","ASV_17965",-2.43493715428687,0.005,0.0423930481283422,0.514379770992366,"Coleoptera","Curculionidae","Scolytinae","Pityogenes","Pityogenes hopkinsi","k__Fungi","p__Ascomycota","c__Dothideomycetes",NA,NA,NA,NA,"negative"
"Pityogenes hopkinsi","ASV_19395",-2.86656776953802,0.005,0.0423930481283422,0.514379770992366,"Coleoptera","Curculionidae","Scolytinae","Pityogenes","Pityogenes hopkinsi","k__Fungi","p__Basidiomycota","c__Cystobasidiomycetes","o__Erythrobasidiales",NA,NA,NA,"negative"
"Pityogenes hopkinsi","ASV_19487",-4.44590946655875,0.005,0.0423930481283422,0.514379770992366,"Coleoptera","Curculionidae","Scolytinae","Pityogenes","Pityogenes hopkinsi","k__Fungi","p__Ascomycota","c__Eurotiomycetes","o__Chaetothyriales","f__Herpotrichiellaceae","g__Phialophora","s__phaeophora","negative"
"Pityogenes hopkinsi","ASV_20740",-2.77650690394246,0.005,0.0423930481283422,0.514379770992366,"Coleoptera","Curculionidae","Scolytinae","Pityogenes","Pityogenes hopkinsi","k__Fungi","p__Basidiomycota","c__Tremellomycetes","o__Tremellales","f__Bulleribasidiaceae","g__Bulleribasidiaceae_gen_Incertae_sedis",NA,"negative"
"Pityogenes hopkinsi","ASV_20951",-2.61923194969536,0.005,0.0423930481283422,0.514379770992366,"Coleoptera","Curculionidae","Scolytinae","Pityogenes","Pityogenes hopkinsi","k__Fungi","p__Basidiomycota","c__Agaricomycetes","o__Polyporales","f__Meruliaceae","g__Scopuloides",NA,"negative"
"Pityogenes hopkinsi","ASV_21235",-3.23424923041366,0.005,0.0423930481283422,0.514379770992366,"Coleoptera","Curculionidae","Scolytinae","Pityogenes","Pityogenes hopkinsi","k__Fungi","p__Ascomycota","c__Dothideomycetes","o__Dothideales","f__Dothioraceae","g__Dothiora",NA,"negative"
"Pityogenes hopkinsi","ASV_22186",-2.91997989194609,0.005,0.0423930481283422,0.514379770992366,"Coleoptera","Curculionidae","Scolytinae","Pityogenes","Pityogenes hopkinsi","k__Fungi","p__Basidiomycota",NA,NA,NA,NA,NA,"negative"
"Pityogenes hopkinsi","ASV_22336",-2.80046289717671,0.005,0.0423930481283422,0.514379770992366,"Coleoptera","Curculionidae","Scolytinae","Pityogenes","Pityogenes hopkinsi","k__Fungi","p__Ascomycota",NA,NA,NA,NA,NA,"negative"
"Pityogenes hopkinsi","ASV_22584",-3.28778216690041,0.005,0.0423930481283422,0.514379770992366,"Coleoptera","Curculionidae","Scolytinae","Pityogenes","Pityogenes hopkinsi","k__Fungi","p__Ascomycota","c__Dothideomycetes","o__Capnodiales","f__Neoantennariellaceae","g__Cippumomyces","s__mortalis","negative"
"Pityogenes hopkinsi","ASV_24975",-2.95893930943288,0.005,0.0423930481283422,0.514379770992366,"Coleoptera","Curculionidae","Scolytinae","Pityogenes","Pityogenes hopkinsi","k__Fungi","p__Ascomycota","c__Sordariomycetes","o__Hypocreales","f__Sarocladiaceae","g__Parasarocladium","s__fusiforme","negative"
"Pityogenes hopkinsi","ASV_26197",-2.8409882115299,0.005,0.0423930481283422,0.514379770992366,"Coleoptera","Curculionidae","Scolytinae","Pityogenes","Pityogenes hopkinsi","k__Fungi",NA,NA,NA,NA,NA,NA,"negative"
"Pityogenes hopkinsi","ASV_26222",-2.83711840772842,0.005,0.0423930481283422,0.514379770992366,"Coleoptera","Curculionidae","Scolytinae","Pityogenes","Pityogenes hopkinsi","k__Fungi","p__Ascomycota","c__Dothideomycetes","o__Dothideales","f__Dothideaceae","g__Dothideaceae_gen_Incertae_sedis",NA,"negative"
"Pityogenes hopkinsi","ASV_27975",-2.82084585405119,0.005,0.0423930481283422,0.514379770992366,"Coleoptera","Curculionidae","Scolytinae","Pityogenes","Pityogenes hopkinsi","k__Fungi","p__Basidiomycota","c__Tremellomycetes","o__Tremellales",NA,NA,NA,"negative"
"Pityogenes hopkinsi","ASV_28914",-3.17444172497563,0.005,0.0423930481283422,0.514379770992366,"Coleoptera","Curculionidae","Scolytinae","Pityogenes","Pityogenes hopkinsi","k__Fungi","p__Ascomycota","c__Eurotiomycetes","o__Chaetothyriales","f__Herpotrichiellaceae","g__Fonsecaea",NA,"negative"
"Asemum striatum","ASV_3",3.85541030880336,0.001,0.0425637583892617,0.371345579793341,"Coleoptera","Cerambycidae","Spondylidinae","Asemum","Asemum striatum","k__Fungi","p__Ascomycota","c__Dothideomycetes","o__Dothideales","f__Saccotheciaceae","g__Aureobasidium","s__pullulans","positive"
"Asemum striatum","ASV_43",4.226207807439,0.001,0.0425637583892617,0.371345579793341,"Coleoptera","Cerambycidae","Spondylidinae","Asemum","Asemum striatum","k__Fungi","p__Basidiomycota","c__Microbotryomycetes","o__Microbotryomycetes_ord_Incertae_sedis","f__Microbotryomycetes_fam_Incertae_sedis","g__Curvibasidium",NA,"positive"
"Asemum striatum","ASV_65",-2.99467815865122,0.001,0.0425637583892617,0.371345579793341,"Coleoptera","Cerambycidae","Spondylidinae","Asemum","Asemum striatum","k__Fungi",NA,NA,NA,NA,NA,NA,"negative"
"Asemum striatum","ASV_67",3.83131076351426,0.001,0.0425637583892617,0.371345579793341,"Coleoptera","Cerambycidae","Spondylidinae","Asemum","Asemum striatum","k__Fungi","p__Basidiomycota","c__Microbotryomycetes","o__Microbotryomycetes_ord_Incertae_sedis","f__Microbotryomycetes_fam_Incertae_sedis","g__Curvibasidium",NA,"positive"
"Asemum striatum","ASV_68",3.07770810426868,0.001,0.0425637583892617,0.371345579793341,"Coleoptera","Cerambycidae","Spondylidinae","Asemum","Asemum striatum","k__Fungi","p__Ascomycota","c__Leotiomycetes","o__Helotiales","f__Helotiales_fam_Incertae_sedis","g__Cryptocline","s__arctostaphyli","positive"
"Asemum striatum","ASV_104",3.83074467710546,0.001,0.0425637583892617,0.371345579793341,"Coleoptera","Cerambycidae","Spondylidinae","Asemum","Asemum striatum","k__Fungi","p__Ascomycota","c__Dothideomycetes","o__Dothideales","f__Dothioraceae","g__Dothiora",NA,"positive"
"Asemum striatum","ASV_105",2.77853685482756,0.001,0.0425637583892617,0.371345579793341,"Coleoptera","Cerambycidae","Spondylidinae","Asemum","Asemum striatum","k__Fungi","p__Basidiomycota","c__Tremellomycetes","o__Tremellales","f__Cryptococcaceae","g__Teunia",NA,"positive"
"Asemum striatum","ASV_136",3.86590765987054,0.001,0.0425637583892617,0.371345579793341,"Coleoptera","Cerambycidae","Spondylidinae","Asemum","Asemum striatum","k__Fungi","p__Basidiomycota","c__Tremellomycetes","o__Cystofilobasidiales","f__Cystofilobasidiaceae","g__Cystofilobasidium","s__macerans","positive"
"Asemum striatum","ASV_173",3.06105724796582,0.001,0.0425637583892617,0.371345579793341,"Coleoptera","Cerambycidae","Spondylidinae","Asemum","Asemum striatum","k__Fungi","p__Basidiomycota","c__Tremellomycetes","o__Filobasidiales","f__Filobasidiaceae","g__Naganishia","s__globosa","positive"
"Asemum striatum","ASV_183",3.44988650801253,0.001,0.0425637583892617,0.371345579793341,"Coleoptera","Cerambycidae","Spondylidinae","Asemum","Asemum striatum","k__Fungi","p__Ascomycota","c__Dothideomycetes","o__Dothideales","f__Dothioraceae","g__Dothiora",NA,"positive"
"Asemum striatum","ASV_189",3.47866107521524,0.001,0.0425637583892617,0.371345579793341,"Coleoptera","Cerambycidae","Spondylidinae","Asemum","Asemum striatum","k__Fungi","p__Ascomycota","c__Dothideomycetes","o__Dothideales","f__Dothideaceae","g__Rhizosphaera",NA,"positive"
"Asemum striatum","ASV_201",3.7039740459039,0.001,0.0425637583892617,0.371345579793341,"Coleoptera","Cerambycidae","Spondylidinae","Asemum","Asemum striatum","k__Fungi","p__Ascomycota","c__Dothideomycetes","o__Dothideales","f__Saccotheciaceae","g__Aureobasidium","s__pullulans","positive"
"Asemum striatum","ASV_214",-2.8108036582863,0.001,0.0425637583892617,0.371345579793341,"Coleoptera","Cerambycidae","Spondylidinae","Asemum","Asemum striatum","k__Fungi","p__Ascomycota","c__Sordariomycetes","o__Diaporthales","f__Valsaceae","g__Cytospora",NA,"negative"
"Asemum striatum","ASV_244",3.83554106056558,0.001,0.0425637583892617,0.371345579793341,"Coleoptera","Cerambycidae","Spondylidinae","Asemum","Asemum striatum","k__Fungi","p__Basidiomycota","c__Tremellomycetes","o__Filobasidiales","f__Filobasidiaceae","g__Filobasidium","s__wieringae","positive"
"Asemum striatum","ASV_282",2.83731082619602,0.001,0.0425637583892617,0.371345579793341,"Coleoptera","Cerambycidae","Spondylidinae","Asemum","Asemum striatum","k__Fungi","p__Ascomycota","c__Leotiomycetes","o__Helotiales","f__Helotiales_fam_Incertae_sedis","g__Cryptocline","s__arctostaphyli","positive"
"Asemum striatum","ASV_303",2.99609815997461,0.001,0.0425637583892617,0.371345579793341,"Coleoptera","Cerambycidae","Spondylidinae","Asemum","Asemum striatum","k__Fungi","p__Basidiomycota","c__Tremellomycetes","o__Tremellales","f__Bulleraceae","g__Fonsecazyma",NA,"positive"
"Asemum striatum","ASV_324",3.78257960895863,0.001,0.0425637583892617,0.371345579793341,"Coleoptera","Cerambycidae","Spondylidinae","Asemum","Asemum striatum","k__Fungi","p__Ascomycota","c__Leotiomycetes","o__Helotiales","f__Helotiales_fam_Incertae_sedis","g__Cryptocline","s__arctostaphyli","positive"
"Asemum striatum","ASV_328",3.48649024694566,0.001,0.0425637583892617,0.371345579793341,"Coleoptera","Cerambycidae","Spondylidinae","Asemum","Asemum striatum","k__Fungi","p__Basidiomycota","c__Tremellomycetes","o__Tremellales","f__Cryptococcaceae","g__Teunia","s__cuniculi","positive"
"Asemum striatum","ASV_334",2.69358050545217,0.001,0.0425637583892617,0.371345579793341,"Coleoptera","Cerambycidae","Spondylidinae","Asemum","Asemum striatum","k__Fungi","p__Basidiomycota","c__Tremellomycetes","o__Tremellales","f__Cryptococcaceae","g__Teunia",NA,"positive"
"Asemum striatum","ASV_338",4.06291293391937,0.001,0.0425637583892617,0.371345579793341,"Coleoptera","Cerambycidae","Spondylidinae","Asemum","Asemum striatum","k__Fungi","p__Ascomycota","c__Leotiomycetes","o__Helotiales","f__Helotiales_fam_Incertae_sedis","g__Cryptocline","s__arctostaphyli","positive"
"Asemum striatum","ASV_347",3.23709749377626,0.001,0.0425637583892617,0.371345579793341,"Coleoptera","Cerambycidae","Spondylidinae","Asemum","Asemum striatum","k__Fungi","p__Ascomycota","c__Dothideomycetes","o__Dothideales","f__Saccotheciaceae","g__Aureobasidium","s__pullulans","positive"
"Asemum striatum","ASV_349",3.26892992968489,0.001,0.0425637583892617,0.371345579793341,"Coleoptera","Cerambycidae","Spondylidinae","Asemum","Asemum striatum","k__Fungi","p__Basidiomycota","c__Tremellomycetes","o__Tremellales",NA,NA,NA,"positive"
"Asemum striatum","ASV_374",4.46526518391611,0.001,0.0425637583892617,0.371345579793341,"Coleoptera","Cerambycidae","Spondylidinae","Asemum","Asemum striatum","k__Fungi","p__Basidiomycota","c__Tremellomycetes","o__Cystofilobasidiales","f__Mrakiaceae","g__Udeniomyces","s__pyricola","positive"
"Asemum striatum","ASV_375",3.38630654513293,0.001,0.0425637583892617,0.371345579793341,"Coleoptera","Cerambycidae","Spondylidinae","Asemum","Asemum striatum","k__Fungi","p__Ascomycota","c__Dothideomycetes","o__Dothideales","f__Saccotheciaceae","g__Aureobasidium","s__pullulans","positive"
"Asemum striatum","ASV_402",3.36473522217868,0.001,0.0425637583892617,0.371345579793341,"Coleoptera","Cerambycidae","Spondylidinae","Asemum","Asemum striatum","k__Fungi","p__Basidiomycota","c__Tremellomycetes","o__Filobasidiales","f__Filobasidiaceae","g__Naganishia","s__albida","positive"
"Asemum striatum","ASV_428",4.00741577834075,0.001,0.0425637583892617,0.371345579793341,"Coleoptera","Cerambycidae","Spondylidinae","Asemum","Asemum striatum","k__Fungi","p__Basidiomycota","c__Tremellomycetes","o__Cystofilobasidiales","f__Cystofilobasidiaceae","g__Cystofilobasidium",NA,"positive"
"Asemum striatum","ASV_448",3.54118991046068,0.001,0.0425637583892617,0.371345579793341,"Coleoptera","Cerambycidae","Spondylidinae","Asemum","Asemum striatum","k__Fungi","p__Basidiomycota","c__Agaricomycetes","o__Polyporales","f__Polyporaceae","g__Cerioporus","s__mollis","positive"
"Asemum striatum","ASV_478",3.85619104798584,0.001,0.0425637583892617,0.371345579793341,"Coleoptera","Cerambycidae","Spondylidinae","Asemum","Asemum striatum","k__Fungi","p__Ascomycota","c__Dothideomycetes","o__Dothideales","f__Dothioraceae","g__Dothiora",NA,"positive"
"Asemum striatum","ASV_481",3.99183903642939,0.001,0.0425637583892617,0.371345579793341,"Coleoptera","Cerambycidae","Spondylidinae","Asemum","Asemum striatum","k__Fungi","p__Ascomycota","c__Dothideomycetes","o__Dothideales","f__Dothioraceae","g__Dothiora",NA,"positive"
"Asemum striatum","ASV_541",4.25828656426518,0.001,0.0425637583892617,0.371345579793341,"Coleoptera","Cerambycidae","Spondylidinae","Asemum","Asemum striatum","k__Fungi","p__Ascomycota","c__Dothideomycetes","o__Dothideales","f__Dothioraceae","g__Dothiora",NA,"positive"
"Asemum striatum","ASV_547",3.09717439409753,0.001,0.0425637583892617,0.371345579793341,"Coleoptera","Cerambycidae","Spondylidinae","Asemum","Asemum striatum","k__Fungi",NA,NA,NA,NA,NA,NA,"positive"
"Asemum striatum","ASV_559",3.45983673335675,0.001,0.0425637583892617,0.371345579793341,"Coleoptera","Cerambycidae","Spondylidinae","Asemum","Asemum striatum","k__Fungi","p__Ascomycota","c__Dothideomycetes","o__Dothideales","f__Saccotheciaceae","g__Aureobasidium","s__pullulans","positive"
"Asemum striatum","ASV_611",2.69904299512343,0.001,0.0425637583892617,0.371345579793341,"Coleoptera","Cerambycidae","Spondylidinae","Asemum","Asemum striatum","k__Fungi","p__Ascomycota","c__Dothideomycetes","o__Dothideales","f__Dothideaceae","g__Rhizosphaera",NA,"positive"
"Asemum striatum","ASV_634",5.24356290576432,0.001,0.0425637583892617,0.371345579793341,"Coleoptera","Cerambycidae","Spondylidinae","Asemum","Asemum striatum","k__Fungi","p__Basidiomycota","c__Tremellomycetes","o__Filobasidiales","f__Filobasidiaceae","g__Filobasidiaceae_gen_Incertae_sedis",NA,"positive"
"Asemum striatum","ASV_643",3.91992645970081,0.001,0.0425637583892617,0.371345579793341,"Coleoptera","Cerambycidae","Spondylidinae","Asemum","Asemum striatum","k__Fungi","p__Basidiomycota","c__Tremellomycetes",NA,NA,NA,NA,"positive"
"Asemum striatum","ASV_657",-4.65334859338737,0.001,0.0425637583892617,0.371345579793341,"Coleoptera","Cerambycidae","Spondylidinae","Asemum","Asemum striatum","k__Fungi","p__Ascomycota","c__Eurotiomycetes","o__Phaeomoniellales","f__Phaeomoniellaceae",NA,NA,"negative"
"Asemum striatum","ASV_683",2.85182942719673,0.001,0.0425637583892617,0.371345579793341,"Coleoptera","Cerambycidae","Spondylidinae","Asemum","Asemum striatum","k__Fungi","p__Ascomycota","c__Dothideomycetes","o__Dothideales","f__Saccotheciaceae","g__Aureobasidium","s__pullulans","positive"
"Asemum striatum","ASV_701",4.63267305606206,0.001,0.0425637583892617,0.371345579793341,"Coleoptera","Cerambycidae","Spondylidinae","Asemum","Asemum striatum","k__Fungi","p__Ascomycota","c__Dothideomycetes","o__Dothideales",NA,NA,NA,"positive"
"Asemum striatum","ASV_706",2.86225832014808,0.001,0.0425637583892617,0.371345579793341,"Coleoptera","Cerambycidae","Spondylidinae","Asemum","Asemum striatum","k__Fungi","p__Ascomycota","c__Taphrinomycetes","o__Taphrinales","f__Taphrinaceae","g__Taphrina","s__inositophila","positive"
"Asemum striatum","ASV_709",3.06977770401425,0.001,0.0425637583892617,0.371345579793341,"Coleoptera","Cerambycidae","Spondylidinae","Asemum","Asemum striatum","k__Fungi","p__Ascomycota","c__Dothideomycetes","o__Dothideales","f__Dothideaceae","g__Rhizosphaera",NA,"positive"
"Asemum striatum","ASV_725",3.06771776488752,0.001,0.0425637583892617,0.371345579793341,"Coleoptera","Cerambycidae","Spondylidinae","Asemum","Asemum striatum","k__Fungi","p__Ascomycota","c__Dothideomycetes","o__Dothideales","f__Saccotheciaceae","g__Aureobasidium","s__pullulans","positive"
"Asemum striatum","ASV_728",2.61770354638884,0.001,0.0425637583892617,0.371345579793341,"Coleoptera","Cerambycidae","Spondylidinae","Asemum","Asemum striatum","k__Fungi","p__Basidiomycota","c__Tremellomycetes",NA,NA,NA,NA,"positive"
"Asemum striatum","ASV_773",3.05603640251389,0.001,0.0425637583892617,0.371345579793341,"Coleoptera","Cerambycidae","Spondylidinae","Asemum","Asemum striatum","k__Fungi","p__Ascomycota","c__Leotiomycetes","o__Helotiales","f__Helotiales_fam_Incertae_sedis","g__Cryptocline","s__arctostaphyli","positive"
"Asemum striatum","ASV_781",1.98818649068856,0.001,0.0425637583892617,0.371345579793341,"Coleoptera","Cerambycidae","Spondylidinae","Asemum","Asemum striatum","k__Fungi","p__Basidiomycota","c__Tremellomycetes","o__Tremellales","f__Bulleribasidiaceae","g__Dioszegia","s__crocea","positive"
"Asemum striatum","ASV_809",3.58663236136772,0.001,0.0425637583892617,0.371345579793341,"Coleoptera","Cerambycidae","Spondylidinae","Asemum","Asemum striatum","k__Fungi","p__Basidiomycota","c__Tremellomycetes","o__Tremellales","f__Bulleraceae","g__Fonsecazyma",NA,"positive"
"Asemum striatum","ASV_831",4.83017102954681,0.001,0.0425637583892617,0.371345579793341,"Coleoptera","Cerambycidae","Spondylidinae","Asemum","Asemum striatum","k__Fungi","p__Basidiomycota","c__Tremellomycetes",NA,NA,NA,NA,"positive"
"Asemum striatum","ASV_834",-3.86642649138433,0.001,0.0425637583892617,0.371345579793341,"Coleoptera","Cerambycidae","Spondylidinae","Asemum","Asemum striatum","k__Fungi","p__Ascomycota","c__Leotiomycetes","o__Helotiales","f__Tympanidaceae","g__Tympanis",NA,"negative"
"Asemum striatum","ASV_836",2.35604684878436,0.001,0.0425637583892617,0.371345579793341,"Coleoptera","Cerambycidae","Spondylidinae","Asemum","Asemum striatum","k__Fungi","p__Basidiomycota","c__Tremellomycetes","o__Tremellales","f__Bulleribasidiaceae","g__Vishniacozyma","s__tephrensis","positive"
"Asemum striatum","ASV_954",3.68485783837291,0.001,0.0425637583892617,0.371345579793341,"Coleoptera","Cerambycidae","Spondylidinae","Asemum","Asemum striatum","k__Fungi","p__Ascomycota","c__Dothideomycetes","o__Dothideales","f__Saccotheciaceae","g__Aureobasidium",NA,"positive"
"Asemum striatum","ASV_969",-3.97124471730227,0.001,0.0425637583892617,0.371345579793341,"Coleoptera","Cerambycidae","Spondylidinae","Asemum","Asemum striatum","k__Fungi","p__Ascomycota","c__Sordariomycetes","o__Diaporthales","f__Valsaceae","g__Cytospora","s__populina","negative"
"Asemum striatum","ASV_986",4.79874570729943,0.001,0.0425637583892617,0.371345579793341,"Coleoptera","Cerambycidae","Spondylidinae","Asemum","Asemum striatum","k__Fungi","p__Ascomycota","c__Dothideomycetes","o__Dothideales","f__Dothioraceae","g__Dothiora",NA,"positive"
"Asemum striatum","ASV_993",4.04945960834904,0.001,0.0425637583892617,0.371345579793341,"Coleoptera","Cerambycidae","Spondylidinae","Asemum","Asemum striatum","k__Fungi","p__Ascomycota","c__Dothideomycetes","o__Dothideales","f__Dothioraceae","g__Dothiora",NA,"positive"
"Asemum striatum","ASV_1013",3.70254710361231,0.001,0.0425637583892617,0.371345579793341,"Coleoptera","Cerambycidae","Spondylidinae","Asemum","Asemum striatum","k__Fungi","p__Ascomycota","c__Dothideomycetes","o__Mycosphaerellales","f__Mycosphaerellaceae","g__Lecanosticta","s__jani","positive"
"Asemum striatum","ASV_1029",-4.32235908167036,0.001,0.0425637583892617,0.371345579793341,"Coleoptera","Cerambycidae","Spondylidinae","Asemum","Asemum striatum","k__Fungi","p__Ascomycota","c__Leotiomycetes","o__Helotiales","f__Sclerotiniaceae",NA,NA,"negative"
"Asemum striatum","ASV_1035",3.10157561226495,0.001,0.0425637583892617,0.371345579793341,"Coleoptera","Cerambycidae","Spondylidinae","Asemum","Asemum striatum","k__Fungi","p__Basidiomycota","c__Tremellomycetes",NA,NA,NA,NA,"positive"
"Asemum striatum","ASV_1155",4.17835233885613,0.001,0.0425637583892617,0.371345579793341,"Coleoptera","Cerambycidae","Spondylidinae","Asemum","Asemum striatum","k__Fungi","p__Ascomycota","c__Dothideomycetes","o__Dothideales","f__Dothioraceae","g__Pringsheimia","s__smilacis","positive"
"Asemum striatum","ASV_1157",5.42975640071703,0.001,0.0425637583892617,0.371345579793341,"Coleoptera","Cerambycidae","Spondylidinae","Asemum","Asemum striatum","k__Fungi","p__Ascomycota","c__Taphrinomycetes","o__Taphrinales","f__Taphrinaceae","g__Taphrina","s__betulina","positive"
"Asemum striatum","ASV_1163",-3.31363281534029,0.001,0.0425637583892617,0.371345579793341,"Coleoptera","Cerambycidae","Spondylidinae","Asemum","Asemum striatum","k__Fungi","p__Ascomycota","c__Eurotiomycetes","o__Chaetothyriales","f__Herpotrichiellaceae","g__Capronia","s__epimyces","negative"
"Asemum striatum","ASV_1182",2.54627809094069,0.001,0.0425637583892617,0.371345579793341,"Coleoptera","Cerambycidae","Spondylidinae","Asemum","Asemum striatum","k__Fungi","p__Basidiomycota","c__Microbotryomycetes","o__Leucosporidiales","f__Leucosporidiaceae","g__Leucosporidium","s__scottii","positive"
"Asemum striatum","ASV_1202",3.27773627435043,0.001,0.0425637583892617,0.371345579793341,"Coleoptera","Cerambycidae","Spondylidinae","Asemum","Asemum striatum","k__Fungi","p__Ascomycota","c__Dothideomycetes","o__Dothideales","f__Saccotheciaceae","g__Aureobasidium","s__pullulans","positive"
"Asemum striatum","ASV_1246",4.82494351496327,0.001,0.0425637583892617,0.371345579793341,"Coleoptera","Cerambycidae","Spondylidinae","Asemum","Asemum striatum","k__Fungi","p__Basidiomycota","c__Tremellomycetes","o__Filobasidiales","f__Filobasidiaceae","g__Filobasidium",NA,"positive"
"Asemum striatum","ASV_1270",2.89825327537459,0.001,0.0425637583892617,0.371345579793341,"Coleoptera","Cerambycidae","Spondylidinae","Asemum","Asemum striatum","k__Fungi","p__Basidiomycota","c__Tremellomycetes","o__Tremellales","f__Bulleribasidiaceae","g__Vishniacozyma","s__tephrensis","positive"
"Asemum striatum","ASV_1275",2.46421948333367,0.001,0.0425637583892617,0.371345579793341,"Coleoptera","Cerambycidae","Spondylidinae","Asemum","Asemum striatum","k__Fungi","p__Basidiomycota","c__Tremellomycetes","o__Tremellales","f__Bulleraceae","g__Fonsecazyma",NA,"positive"
"Asemum striatum","ASV_1282",-3.3506364553901,0.001,0.0425637583892617,0.371345579793341,"Coleoptera","Cerambycidae","Spondylidinae","Asemum","Asemum striatum","k__Fungi","p__Ascomycota","c__Sordariomycetes","o__Togniniales","f__Togniniaceae","g__Phaeoacremonium","s__hungaricum","negative"
"Asemum striatum","ASV_1303",3.03079329333619,0.001,0.0425637583892617,0.371345579793341,"Coleoptera","Cerambycidae","Spondylidinae","Asemum","Asemum striatum","k__Fungi","p__Basidiomycota","c__Tremellomycetes","o__Tremellales","f__Sirobasidiaceae","g__Sirobasidiaceae_gen_Incertae_sedis",NA,"positive"
"Asemum striatum","ASV_1311",3.11788611726007,0.001,0.0425637583892617,0.371345579793341,"Coleoptera","Cerambycidae","Spondylidinae","Asemum","Asemum striatum","k__Fungi","p__Ascomycota","c__Dothideomycetes","o__Dothideales","f__Dothideaceae","g__Endoconidioma",NA,"positive"
"Asemum striatum","ASV_1347",-2.7931120934047,0.001,0.0425637583892617,0.371345579793341,"Coleoptera","Cerambycidae","Spondylidinae","Asemum","Asemum striatum","k__Fungi","p__Ascomycota",NA,NA,NA,NA,NA,"negative"
"Asemum striatum","ASV_1438",5.0257099294255,0.001,0.0425637583892617,0.371345579793341,"Coleoptera","Cerambycidae","Spondylidinae","Asemum","Asemum striatum","k__Fungi","p__Basidiomycota","c__Tremellomycetes","o__Cystofilobasidiales","f__Mrakiaceae","g__Udeniomyces","s__megalosporus","positive"
"Asemum striatum","ASV_1497",-3.00053825399752,0.001,0.0425637583892617,0.371345579793341,"Coleoptera","Cerambycidae","Spondylidinae","Asemum","Asemum striatum","k__Fungi","p__Ascomycota","c__Sordariomycetes","o__Diaporthales","f__Valsaceae","g__Cytospora",NA,"negative"
"Asemum striatum","ASV_1530",4.04729021985472,0.001,0.0425637583892617,0.371345579793341,"Coleoptera","Cerambycidae","Spondylidinae","Asemum","Asemum striatum","k__Fungi","p__Basidiomycota","c__Tremellomycetes","o__Tremellales","f__Bulleraceae","g__Fonsecazyma",NA,"positive"
"Asemum striatum","ASV_1547",3.09836038290335,0.001,0.0425637583892617,0.371345579793341,"Coleoptera","Cerambycidae","Spondylidinae","Asemum","Asemum striatum","k__Fungi","p__Basidiomycota","c__Tremellomycetes","o__Tremellales","f__Cryptococcaceae","g__Teunia",NA,"positive"
"Asemum striatum","ASV_1566",3.15917702551193,0.001,0.0425637583892617,0.371345579793341,"Coleoptera","Cerambycidae","Spondylidinae","Asemum","Asemum striatum","k__Fungi","p__Basidiomycota","c__Microbotryomycetes","o__Microbotryomycetes_ord_Incertae_sedis","f__Microbotryomycetes_fam_Incertae_sedis","g__Curvibasidium",NA,"positive"
"Asemum striatum","ASV_1599",3.02648726321069,0.001,0.0425637583892617,0.371345579793341,"Coleoptera","Cerambycidae","Spondylidinae","Asemum","Asemum striatum","k__Fungi","p__Basidiomycota","c__Tremellomycetes","o__Tremellales","f__Rhynchogastremataceae","g__Papiliotrema",NA,"positive"
"Asemum striatum","ASV_1632",-4.21675181480221,0.001,0.0425637583892617,0.371345579793341,"Coleoptera","Cerambycidae","Spondylidinae","Asemum","Asemum striatum","k__Fungi","p__Ascomycota","c__Sordariomycetes","o__Diaporthales","f__Valsaceae","g__Cytospora","s__predappioensis","negative"
"Asemum striatum","ASV_1644",4.45239619248408,0.001,0.0425637583892617,0.371345579793341,"Coleoptera","Cerambycidae","Spondylidinae","Asemum","Asemum striatum","k__Fungi","p__Ascomycota","c__Dothideomycetes","o__Dothideales","f__Dothioraceae","g__Dothiora",NA,"positive"
"Asemum striatum","ASV_1763",3.05582161869815,0.001,0.0425637583892617,0.371345579793341,"Coleoptera","Cerambycidae","Spondylidinae","Asemum","Asemum striatum","k__Fungi","p__Basidiomycota","c__Exobasidiomycetes","o__Microstromatales","f__Microstromataceae","g__Microstroma","s__bacarum","positive"
"Asemum striatum","ASV_1778",4.74520092296962,0.001,0.0425637583892617,0.371345579793341,"Coleoptera","Cerambycidae","Spondylidinae","Asemum","Asemum striatum","k__Fungi","p__Basidiomycota","c__Tremellomycetes","o__Filobasidiales","f__Filobasidiaceae","g__Filobasidium","s__dingjieense","positive"
"Asemum striatum","ASV_1847",3.2066127552804,0.001,0.0425637583892617,0.371345579793341,"Coleoptera","Cerambycidae","Spondylidinae","Asemum","Asemum striatum","k__Fungi","p__Ascomycota","c__Sordariomycetes","o__Hypocreales","f__Cylindriaceae","g__Cylindrium","s__desperesense","positive"
"Asemum striatum","ASV_1858",4.11937645398587,0.001,0.0425637583892617,0.371345579793341,"Coleoptera","Cerambycidae","Spondylidinae","Asemum","Asemum striatum","k__Fungi","p__Ascomycota","c__Dothideomycetes","o__Dothideales","f__Dothideaceae","g__Coniozyma","s__leucospermi","positive"
"Asemum striatum","ASV_1887",3.05678152638127,0.001,0.0425637583892617,0.371345579793341,"Coleoptera","Cerambycidae","Spondylidinae","Asemum","Asemum striatum","k__Fungi","p__Ascomycota","c__Leotiomycetes","o__Helotiales","f__Helotiales_fam_Incertae_sedis","g__Cryptocline","s__arctostaphyli","positive"
"Asemum striatum","ASV_2100",3.03337682575915,0.001,0.0425637583892617,0.371345579793341,"Coleoptera","Cerambycidae","Spondylidinae","Asemum","Asemum striatum","k__Fungi","p__Ascomycota","c__Leotiomycetes","o__Helotiales","f__Helotiales_fam_Incertae_sedis","g__Cryptocline","s__arctostaphyli","positive"
"Asemum striatum","ASV_2214",3.97788573240096,0.001,0.0425637583892617,0.371345579793341,"Coleoptera","Cerambycidae","Spondylidinae","Asemum","Asemum striatum","k__Fungi","p__Ascomycota","c__Leotiomycetes","o__Helotiales",NA,NA,NA,"positive"
"Asemum striatum","ASV_2225",4.15953669755298,0.001,0.0425637583892617,0.371345579793341,"Coleoptera","Cerambycidae","Spondylidinae","Asemum","Asemum striatum","k__Fungi","p__Ascomycota","c__Dothideomycetes","o__Dothideales",NA,NA,NA,"positive"
"Asemum striatum","ASV_2232",2.69748342038881,0.001,0.0425637583892617,0.371345579793341,"Coleoptera","Cerambycidae","Spondylidinae","Asemum","Asemum striatum","k__Fungi","p__Ascomycota","c__Dothideomycetes","o__Mycosphaerellales","f__Mycosphaerellaceae","g__Sphaerulina","s__pelargonii","positive"
"Asemum striatum","ASV_2312",2.44892781607263,0.001,0.0425637583892617,0.371345579793341,"Coleoptera","Cerambycidae","Spondylidinae","Asemum","Asemum striatum","k__Fungi","p__Basidiomycota","c__Tremellomycetes","o__Cystofilobasidiales","f__Mrakiaceae","g__Mrakia",NA,"positive"
"Asemum striatum","ASV_2320",4.07679722982061,0.001,0.0425637583892617,0.371345579793341,"Coleoptera","Cerambycidae","Spondylidinae","Asemum","Asemum striatum","k__Fungi","p__Ascomycota","c__Leotiomycetes","o__Rhytismatales","f__Rhytismataceae","g__Coccomyces","s__triangularis","positive"
"Asemum striatum","ASV_2327",4.3678846047362,0.001,0.0425637583892617,0.371345579793341,"Coleoptera","Cerambycidae","Spondylidinae","Asemum","Asemum striatum","k__Fungi","p__Ascomycota","c__Dothideomycetes","o__Dothideales","f__Dothioraceae","g__Dothiora",NA,"positive"
"Asemum striatum","ASV_2351",3.78672164069959,0.001,0.0425637583892617,0.371345579793341,"Coleoptera","Cerambycidae","Spondylidinae","Asemum","Asemum striatum","k__Fungi","p__Ascomycota","c__Taphrinomycetes","o__Taphrinales","f__Taphrinaceae","g__Taphrina",NA,"positive"
"Asemum striatum","ASV_2420",5.16163195800812,0.001,0.0425637583892617,0.371345579793341,"Coleoptera","Cerambycidae","Spondylidinae","Asemum","Asemum striatum","k__Fungi",NA,NA,NA,NA,NA,NA,"positive"
"Asemum striatum","ASV_2681",3.78135110771497,0.001,0.0425637583892617,0.371345579793341,"Coleoptera","Cerambycidae","Spondylidinae","Asemum","Asemum striatum","k__Fungi","p__Basidiomycota","c__Agaricomycetes","o__Agaricales","f__Strophariaceae","g__Kuehneromyces","s__rostratus","positive"
"Asemum striatum","ASV_2706",3.61035364043113,0.001,0.0425637583892617,0.371345579793341,"Coleoptera","Cerambycidae","Spondylidinae","Asemum","Asemum striatum","k__Fungi","p__Basidiomycota","c__Exobasidiomycetes","o__Microstromatales","f__Microstromatales_fam_Incertae_sedis","g__Pseudomicrostroma",NA,"positive"
"Asemum striatum","ASV_2794",3.50914550427216,0.001,0.0425637583892617,0.371345579793341,"Coleoptera","Cerambycidae","Spondylidinae","Asemum","Asemum striatum","k__Fungi","p__Ascomycota","c__Dothideomycetes","o__Dothideales","f__Dothioraceae","g__Dothiora",NA,"positive"
"Asemum striatum","ASV_2797",2.9426714483408,0.001,0.0425637583892617,0.371345579793341,"Coleoptera","Cerambycidae","Spondylidinae","Asemum","Asemum striatum","k__Fungi","p__Ascomycota","c__Dothideomycetes","o__Dothideales","f__Dothioraceae","g__Dothiora",NA,"positive"
"Asemum striatum","ASV_2813",4.15956865190232,0.001,0.0425637583892617,0.371345579793341,"Coleoptera","Cerambycidae","Spondylidinae","Asemum","Asemum striatum","k__Fungi","p__Basidiomycota","c__Tremellomycetes","o__Filobasidiales","f__Filobasidiaceae","g__Filobasidium","s__wieringae","positive"
"Asemum striatum","ASV_2895",3.32144705618539,0.001,0.0425637583892617,0.371345579793341,"Coleoptera","Cerambycidae","Spondylidinae","Asemum","Asemum striatum","k__Fungi","p__Ascomycota","c__Dothideomycetes","o__Dothideales","f__Dothideaceae",NA,NA,"positive"
"Asemum striatum","ASV_2918",2.7420807099055,0.001,0.0425637583892617,0.371345579793341,"Coleoptera","Cerambycidae","Spondylidinae","Asemum","Asemum striatum","k__Fungi","p__Ascomycota","c__Dothideomycetes","o__Dothideales","f__Saccotheciaceae","g__Aureobasidium","s__pullulans","positive"
"Asemum striatum","ASV_2972",3.67367649173707,0.001,0.0425637583892617,0.371345579793341,"Coleoptera","Cerambycidae","Spondylidinae","Asemum","Asemum striatum","k__Fungi",NA,NA,NA,NA,NA,NA,"positive"
"Asemum striatum","ASV_3022",2.34268753881341,0.001,0.0425637583892617,0.371345579793341,"Coleoptera","Cerambycidae","Spondylidinae","Asemum","Asemum striatum","k__Fungi","p__Basidiomycota","c__Tremellomycetes","o__Tremellales","f__Cryptococcaceae","g__Teunia",NA,"positive"
"Asemum striatum","ASV_3093",3.23954677028225,0.001,0.0425637583892617,0.371345579793341,"Coleoptera","Cerambycidae","Spondylidinae","Asemum","Asemum striatum","k__Fungi","p__Ascomycota","c__Dothideomycetes","o__Dothideales","f__Saccotheciaceae","g__Aureobasidium","s__pullulans","positive"
"Asemum striatum","ASV_3118",3.45226073417076,0.001,0.0425637583892617,0.371345579793341,"Coleoptera","Cerambycidae","Spondylidinae","Asemum","Asemum striatum","k__Fungi","p__Basidiomycota","c__Tremellomycetes","o__Tremellales","f__Bulleraceae","g__Fonsecazyma",NA,"positive"
"Asemum striatum","ASV_3373",2.73234010479852,0.001,0.0425637583892617,0.371345579793341,"Coleoptera","Cerambycidae","Spondylidinae","Asemum","Asemum striatum","k__Fungi","p__Basidiomycota","c__Tremellomycetes","o__Filobasidiales","f__Filobasidiaceae","g__Filobasidium","s__dingjieense","positive"
"Asemum striatum","ASV_3413",4.18233275209768,0.001,0.0425637583892617,0.371345579793341,"Coleoptera","Cerambycidae","Spondylidinae","Asemum","Asemum striatum","k__Fungi","p__Basidiomycota","c__Tremellomycetes",NA,NA,NA,NA,"positive"
"Asemum striatum","ASV_3512",5.34678239352386,0.001,0.0425637583892617,0.371345579793341,"Coleoptera","Cerambycidae","Spondylidinae","Asemum","Asemum striatum","k__Fungi",NA,NA,NA,NA,NA,NA,"positive"
"Asemum striatum","ASV_3580",2.69508652184871,0.001,0.0425637583892617,0.371345579793341,"Coleoptera","Cerambycidae","Spondylidinae","Asemum","Asemum striatum","k__Fungi","p__Ascomycota","c__Sordariomycetes","o__Diaporthales","f__Gnomoniaceae","g__Ophiognomonia",NA,"positive"
"Asemum striatum","ASV_3655",3.57091873283033,0.001,0.0425637583892617,0.371345579793341,"Coleoptera","Cerambycidae","Spondylidinae","Asemum","Asemum striatum","k__Fungi","p__Ascomycota","c__Dothideomycetes","o__Dothideales","f__Dothideaceae",NA,NA,"positive"
"Asemum striatum","ASV_3854",4.39406655423873,0.001,0.0425637583892617,0.371345579793341,"Coleoptera","Cerambycidae","Spondylidinae","Asemum","Asemum striatum","k__Fungi","p__Ascomycota","c__Dothideomycetes","o__Dothideales","f__Dothioraceae","g__Dothiora",NA,"positive"
"Asemum striatum","ASV_3986",3.44292478562494,0.001,0.0425637583892617,0.371345579793341,"Coleoptera","Cerambycidae","Spondylidinae","Asemum","Asemum striatum","k__Fungi","p__Basidiomycota","c__Tremellomycetes","o__Tremellales","f__Cryptococcaceae","g__Cryptococcus","s__watticus","positive"
"Asemum striatum","ASV_4410",3.92986151314078,0.001,0.0425637583892617,0.371345579793341,"Coleoptera","Cerambycidae","Spondylidinae","Asemum","Asemum striatum","k__Fungi","p__Basidiomycota","c__Agaricomycetes","o__Agaricales","f__Tricholomataceae","g__Megacollybia","s__rodmanii","positive"
"Asemum striatum","ASV_4422",5.08410257378185,0.001,0.0425637583892617,0.371345579793341,"Coleoptera","Cerambycidae","Spondylidinae","Asemum","Asemum striatum","k__Fungi","p__Ascomycota","c__Leotiomycetes","o__Helotiales","f__Sclerotiniaceae","g__Monilinia","s__ssiori","positive"
"Asemum striatum","ASV_4441",5.25773227985808,0.001,0.0425637583892617,0.371345579793341,"Coleoptera","Cerambycidae","Spondylidinae","Asemum","Asemum striatum","k__Fungi","p__Ascomycota",NA,NA,NA,NA,NA,"positive"
"Asemum striatum","ASV_4674",4.57227103574166,0.001,0.0425637583892617,0.371345579793341,"Coleoptera","Cerambycidae","Spondylidinae","Asemum","Asemum striatum","k__Fungi","p__Ascomycota","c__Leotiomycetes","o__Rhytismatales","f__Rhytismataceae","g__Coccomyces","s__triangularis","positive"
"Asemum striatum","ASV_4984",3.31224492974487,0.001,0.0425637583892617,0.371345579793341,"Coleoptera","Cerambycidae","Spondylidinae","Asemum","Asemum striatum","k__Fungi","p__Ascomycota","c__Leotiomycetes","o__Helotiales",NA,NA,NA,"positive"
"Asemum striatum","ASV_5321",3.76794183699401,0.001,0.0425637583892617,0.371345579793341,"Coleoptera","Cerambycidae","Spondylidinae","Asemum","Asemum striatum","k__Fungi","p__Ascomycota","c__Dothideomycetes","o__Dothideales","f__Dothioraceae","g__Dothiora",NA,"positive"
"Asemum striatum","ASV_5397",4.98789826443759,0.001,0.0425637583892617,0.371345579793341,"Coleoptera","Cerambycidae","Spondylidinae","Asemum","Asemum striatum","k__Fungi","p__Ascomycota","c__Leotiomycetes","o__Helotiales","f__Sclerotiniaceae","g__Monilinia","s__ssiori","positive"
"Asemum striatum","ASV_5588",2.32569653518477,0.001,0.0425637583892617,0.371345579793341,"Coleoptera","Cerambycidae","Spondylidinae","Asemum","Asemum striatum","k__Fungi","p__Ascomycota","c__Dothideomycetes","o__Dothideales","f__Aureobasidiaceae","g__Kabatiella",NA,"positive"
"Asemum striatum","ASV_5779",2.65224583916085,0.001,0.0425637583892617,0.371345579793341,"Coleoptera","Cerambycidae","Spondylidinae","Asemum","Asemum striatum","k__Fungi","p__Ascomycota","c__Dothideomycetes","o__Dothideales","f__Dothideaceae","g__Rhizosphaera",NA,"positive"
"Asemum striatum","ASV_5897",3.27149125035152,0.001,0.0425637583892617,0.371345579793341,"Coleoptera","Cerambycidae","Spondylidinae","Asemum","Asemum striatum","k__Fungi","p__Basidiomycota","c__Exobasidiomycetes","o__Microstromatales","f__Microstromatales_fam_Incertae_sedis","g__Pseudomicrostroma",NA,"positive"
"Asemum striatum","ASV_6092",4.89263645013768,0.001,0.0425637583892617,0.371345579793341,"Coleoptera","Cerambycidae","Spondylidinae","Asemum","Asemum striatum","k__Fungi","p__Ascomycota","c__Dothideomycetes","o__Dothideales","f__Saccotheciaceae","g__Aureobasidium","s__pullulans","positive"
"Asemum striatum","ASV_6239",3.34631594343223,0.001,0.0425637583892617,0.371345579793341,"Coleoptera","Cerambycidae","Spondylidinae","Asemum","Asemum striatum","k__Fungi","p__Basidiomycota","c__Microbotryomycetes","o__Microbotryomycetes_ord_Incertae_sedis","f__Microbotryomycetes_fam_Incertae_sedis","g__Curvibasidium",NA,"positive"
"Asemum striatum","ASV_6280",2.95234804630206,0.001,0.0425637583892617,0.371345579793341,"Coleoptera","Cerambycidae","Spondylidinae","Asemum","Asemum striatum","k__Fungi","p__Basidiomycota","c__Exobasidiomycetes","o__Microstromatales","f__Microstromatales_fam_Incertae_sedis","g__Pseudomicrostroma",NA,"positive"
"Asemum striatum","ASV_6475",2.81642537795408,0.001,0.0425637583892617,0.371345579793341,"Coleoptera","Cerambycidae","Spondylidinae","Asemum","Asemum striatum","k__Fungi","p__Basidiomycota","c__Tremellomycetes","o__Filobasidiales","f__Filobasidiaceae","g__Filobasidium",NA,"positive"
"Asemum striatum","ASV_6967",3.46053645966881,0.001,0.0425637583892617,0.371345579793341,"Coleoptera","Cerambycidae","Spondylidinae","Asemum","Asemum striatum","k__Fungi","p__Ascomycota","c__Dothideomycetes","o__Dothideales","f__Saccotheciaceae","g__Aureobasidium","s__pullulans","positive"
"Asemum striatum","ASV_7048",2.29179716973412,0.001,0.0425637583892617,0.371345579793341,"Coleoptera","Cerambycidae","Spondylidinae","Asemum","Asemum striatum","k__Fungi","p__Ascomycota","c__Dothideomycetes","o__Dothideales","f__Dothideaceae",NA,NA,"positive"
"Asemum striatum","ASV_7251",4.70847129541461,0.001,0.0425637583892617,0.371345579793341,"Coleoptera","Cerambycidae","Spondylidinae","Asemum","Asemum striatum","k__Fungi","p__Basidiomycota","c__Microbotryomycetes","o__Microbotryomycetes_ord_Incertae_sedis","f__Microbotryomycetes_fam_Incertae_sedis","g__Curvibasidium",NA,"positive"
"Asemum striatum","ASV_7460",3.57376790447184,0.001,0.0425637583892617,0.371345579793341,"Coleoptera","Cerambycidae","Spondylidinae","Asemum","Asemum striatum","k__Fungi","p__Ascomycota","c__Dothideomycetes","o__Capnodiales","f__Cladosporiaceae",NA,NA,"positive"
"Asemum striatum","ASV_8037",2.64488856390004,0.001,0.0425637583892617,0.371345579793341,"Coleoptera","Cerambycidae","Spondylidinae","Asemum","Asemum striatum","k__Fungi","p__Basidiomycota","c__Tremellomycetes","o__Tremellales","f__Cryptococcaceae","g__Teunia",NA,"positive"
"Asemum striatum","ASV_8097",4.95983783151119,0.001,0.0425637583892617,0.371345579793341,"Coleoptera","Cerambycidae","Spondylidinae","Asemum","Asemum striatum","k__Fungi","p__Ascomycota",NA,NA,NA,NA,NA,"positive"
"Asemum striatum","ASV_8531",2.48700937286484,0.001,0.0425637583892617,0.371345579793341,"Coleoptera","Cerambycidae","Spondylidinae","Asemum","Asemum striatum","k__Fungi","p__Ascomycota","c__Dothideomycetes","o__Dothideales","f__Dothioraceae","g__Dothiora",NA,"positive"
"Asemum striatum","ASV_9025",4.24454151070949,0.001,0.0425637583892617,0.371345579793341,"Coleoptera","Cerambycidae","Spondylidinae","Asemum","Asemum striatum","k__Fungi","p__Ascomycota","c__Sordariomycetes","o__Diaporthales","f__Gnomoniaceae","g__Cryptodiaporthe","s__galericulata","positive"
"Asemum striatum","ASV_10069",3.62684051445272,0.001,0.0425637583892617,0.371345579793341,"Coleoptera","Cerambycidae","Spondylidinae","Asemum","Asemum striatum","k__Fungi","p__Ascomycota","c__Leotiomycetes",NA,NA,NA,NA,"positive"
"Asemum striatum","ASV_10224",2.59049871241603,0.001,0.0425637583892617,0.371345579793341,"Coleoptera","Cerambycidae","Spondylidinae","Asemum","Asemum striatum","k__Fungi","p__Basidiomycota","c__Tremellomycetes","o__Tremellales","f__Tremellaceae","g__Bulleromyces",NA,"positive"
"Asemum striatum","ASV_10925",3.26989629001219,0.001,0.0425637583892617,0.371345579793341,"Coleoptera","Cerambycidae","Spondylidinae","Asemum","Asemum striatum","k__Fungi","p__Ascomycota",NA,NA,NA,NA,NA,"positive"
"Asemum striatum","ASV_11049",3.649084390448,0.001,0.0425637583892617,0.371345579793341,"Coleoptera","Cerambycidae","Spondylidinae","Asemum","Asemum striatum","k__Fungi","p__Basidiomycota","c__Tremellomycetes",NA,NA,NA,NA,"positive"
"Asemum striatum","ASV_11223",2.67777046723963,0.001,0.0425637583892617,0.371345579793341,"Coleoptera","Cerambycidae","Spondylidinae","Asemum","Asemum striatum","k__Fungi","p__Basidiomycota","c__Tremellomycetes","o__Cystofilobasidiales","f__Cystofilobasidiaceae","g__Cystofilobasidium","s__macerans","positive"
"Asemum striatum","ASV_11295",3.90429359131221,0.001,0.0425637583892617,0.371345579793341,"Coleoptera","Cerambycidae","Spondylidinae","Asemum","Asemum striatum","k__Fungi",NA,NA,NA,NA,NA,NA,"positive"
"Asemum striatum","ASV_11931",4.89490077978838,0.001,0.0425637583892617,0.371345579793341,"Coleoptera","Cerambycidae","Spondylidinae","Asemum","Asemum striatum","k__Fungi","p__Ascomycota",NA,NA,NA,NA,NA,"positive"
"Asemum striatum","ASV_11950",3.627313039905,0.001,0.0425637583892617,0.371345579793341,"Coleoptera","Cerambycidae","Spondylidinae","Asemum","Asemum striatum","k__Fungi","p__Basidiomycota","c__Agaricomycetes","o__Polyporales","f__Meripilaceae","g__Meripilaceae_gen_Incertae_sedis",NA,"positive"
"Asemum striatum","ASV_12162",2.82324644738057,0.001,0.0425637583892617,0.371345579793341,"Coleoptera","Cerambycidae","Spondylidinae","Asemum","Asemum striatum","k__Fungi","p__Ascomycota","c__Dothideomycetes","o__Dothideales","f__Dothideaceae","g__Rhizosphaera",NA,"positive"
"Asemum striatum","ASV_12184",2.88675216355119,0.001,0.0425637583892617,0.371345579793341,"Coleoptera","Cerambycidae","Spondylidinae","Asemum","Asemum striatum","k__Fungi","p__Ascomycota","c__Sordariomycetes","o__Xylariales","f__Diatrypaceae","g__Diatrype","s__stigma","positive"
"Asemum striatum","ASV_12365",3.40902452889001,0.001,0.0425637583892617,0.371345579793341,"Coleoptera","Cerambycidae","Spondylidinae","Asemum","Asemum striatum","k__Fungi","p__Basidiomycota","c__Tremellomycetes",NA,NA,NA,NA,"positive"
"Asemum striatum","ASV_12905",2.94524403122728,0.001,0.0425637583892617,0.371345579793341,"Coleoptera","Cerambycidae","Spondylidinae","Asemum","Asemum striatum","k__Fungi","p__Ascomycota","c__Dothideomycetes","o__Dothideales","f__Dothideaceae",NA,NA,"positive"
"Asemum striatum","ASV_13007",4.11327078306218,0.001,0.0425637583892617,0.371345579793341,"Coleoptera","Cerambycidae","Spondylidinae","Asemum","Asemum striatum","k__Fungi","p__Ascomycota","c__Leotiomycetes","o__Rhytismatales","f__Rhytismataceae","g__Coccomyces","s__triangularis","positive"
"Asemum striatum","ASV_15966",2.57003917576419,0.001,0.0425637583892617,0.371345579793341,"Coleoptera","Cerambycidae","Spondylidinae","Asemum","Asemum striatum","k__Fungi","p__Ascomycota","c__Taphrinomycetes","o__Taphrinales","f__Taphrinaceae","g__Taphrina",NA,"positive"
"Asemum striatum","ASV_16339",3.50047022704661,0.001,0.0425637583892617,0.371345579793341,"Coleoptera","Cerambycidae","Spondylidinae","Asemum","Asemum striatum","k__Fungi","p__Basidiomycota","c__Ustilaginomycetes","o__Ustilaginales","f__Ustilaginaceae","g__Schizonella",NA,"positive"
"Asemum striatum","ASV_16531",3.38870269783198,0.001,0.0425637583892617,0.371345579793341,"Coleoptera","Cerambycidae","Spondylidinae","Asemum","Asemum striatum","k__Fungi",NA,NA,NA,NA,NA,NA,"positive"
"Asemum striatum","ASV_17016",2.77123607364735,0.001,0.0425637583892617,0.371345579793341,"Coleoptera","Cerambycidae","Spondylidinae","Asemum","Asemum striatum","k__Fungi",NA,NA,NA,NA,NA,NA,"positive"
"Asemum striatum","ASV_18185",3.4543861948404,0.001,0.0425637583892617,0.371345579793341,"Coleoptera","Cerambycidae","Spondylidinae","Asemum","Asemum striatum","k__Fungi","p__Ascomycota","c__Dothideomycetes","o__Dothideales","f__Dothioraceae","g__Dothiora",NA,"positive"
"Asemum striatum","ASV_18804",2.79191205548978,0.001,0.0425637583892617,0.371345579793341,"Coleoptera","Cerambycidae","Spondylidinae","Asemum","Asemum striatum","k__Fungi","p__Basidiomycota","c__Tremellomycetes","o__Tremellales","f__Bulleraceae","g__Fonsecazyma",NA,"positive"
"Asemum striatum","ASV_19235",4.88960288375819,0.001,0.0425637583892617,0.371345579793341,"Coleoptera","Cerambycidae","Spondylidinae","Asemum","Asemum striatum","k__Fungi","p__Ascomycota",NA,NA,NA,NA,NA,"positive"
"Pityogenes hopkinsi","ASV_176",2.62267838506295,0.006,0.0464615384615385,0.533585922463569,"Coleoptera","Curculionidae","Scolytinae","Pityogenes","Pityogenes hopkinsi","k__Fungi","p__Ascomycota","c__Eurotiomycetes","o__Coryneliales","f__Coryneliaceae","g__Coryneliaceae_gen_Incertae_sedis",NA,"positive"
"Pityogenes hopkinsi","ASV_494",3.07209384284181,0.006,0.0464615384615385,0.533585922463569,"Coleoptera","Curculionidae","Scolytinae","Pityogenes","Pityogenes hopkinsi","k__Fungi","p__Ascomycota","c__Eurotiomycetes","o__Chaetothyriales",NA,NA,NA,"positive"
"Pityogenes hopkinsi","ASV_525",3.07010248458916,0.006,0.0464615384615385,0.533585922463569,"Coleoptera","Curculionidae","Scolytinae","Pityogenes","Pityogenes hopkinsi","k__Fungi","p__Basidiomycota","c__Agaricomycetes","o__Amylocorticiales","f__Amylocorticiaceae","g__Plicaturopsis","s__crispa","positive"
"Pityogenes hopkinsi","ASV_721",3.15937616981295,0.006,0.0464615384615385,0.533585922463569,"Coleoptera","Curculionidae","Scolytinae","Pityogenes","Pityogenes hopkinsi","k__Fungi",NA,NA,NA,NA,NA,NA,"positive"
"Pityogenes hopkinsi","ASV_813",3.12029311669078,0.006,0.0464615384615385,0.533585922463569,"Coleoptera","Curculionidae","Scolytinae","Pityogenes","Pityogenes hopkinsi","k__Fungi","p__Ascomycota","c__Sordariomycetes","o__Xylariales","f__Diatrypaceae","g__Diatrype","s__stigma","positive"
"Pityogenes hopkinsi","ASV_866",-2.24915209450503,0.006,0.0464615384615385,0.533585922463569,"Coleoptera","Curculionidae","Scolytinae","Pityogenes","Pityogenes hopkinsi","k__Fungi","p__Ascomycota","c__Dothideomycetes","o__Dothideales","f__Saccotheciaceae","g__Aureobasidium","s__pullulans","negative"
"Pityogenes hopkinsi","ASV_1022",2.98878466532416,0.006,0.0464615384615385,0.533585922463569,"Coleoptera","Curculionidae","Scolytinae","Pityogenes","Pityogenes hopkinsi","k__Fungi","p__Ascomycota","c__Eurotiomycetes","o__Chaetothyriales","f__Chaetothyriaceae","g__Camptophora",NA,"positive"
"Pityogenes hopkinsi","ASV_1029",3.07673304816424,0.006,0.0464615384615385,0.533585922463569,"Coleoptera","Curculionidae","Scolytinae","Pityogenes","Pityogenes hopkinsi","k__Fungi","p__Ascomycota","c__Leotiomycetes","o__Helotiales","f__Sclerotiniaceae",NA,NA,"positive"
"Pityogenes hopkinsi","ASV_1120",2.60921948315739,0.006,0.0464615384615385,0.533585922463569,"Coleoptera","Curculionidae","Scolytinae","Pityogenes","Pityogenes hopkinsi","k__Fungi","p__Ascomycota","c__Dothideomycetes",NA,NA,NA,NA,"positive"
"Pityogenes hopkinsi","ASV_1590",-3.01514108148412,0.006,0.0464615384615385,0.533585922463569,"Coleoptera","Curculionidae","Scolytinae","Pityogenes","Pityogenes hopkinsi","k__Fungi","p__Ascomycota","c__Dothideomycetes","o__Mycosphaerellales","f__Teratosphaeriaceae","g__Teratosphaeria","s__agapanthi","negative"
"Pityogenes hopkinsi","ASV_1669",3.86272035374466,0.006,0.0464615384615385,0.533585922463569,"Coleoptera","Curculionidae","Scolytinae","Pityogenes","Pityogenes hopkinsi","k__Fungi",NA,NA,NA,NA,NA,NA,"positive"
"Pityogenes hopkinsi","ASV_2163",2.91376107612025,0.006,0.0464615384615385,0.533585922463569,"Coleoptera","Curculionidae","Scolytinae","Pityogenes","Pityogenes hopkinsi","k__Fungi","p__Ascomycota","c__Lecanoromycetes","o__Lecanorales","f__Lecanoraceae","g__Lecidella",NA,"positive"
"Pityogenes hopkinsi","ASV_2319",3.42780674400709,0.006,0.0464615384615385,0.533585922463569,"Coleoptera","Curculionidae","Scolytinae","Pityogenes","Pityogenes hopkinsi","k__Fungi","p__Ascomycota","c__Dothideomycetes","o__Pleosporales",NA,NA,NA,"positive"
"Pityogenes hopkinsi","ASV_2460",-2.69839477793134,0.006,0.0464615384615385,0.533585922463569,"Coleoptera","Curculionidae","Scolytinae","Pityogenes","Pityogenes hopkinsi","k__Fungi","p__Chytridiomycota","c__Spizellomycetes","o__Spizellomycetales","f__Powellomycetaceae","g__Thoreauomyces","s__humboldtii","negative"
"Pityogenes hopkinsi","ASV_2808",2.70309887420965,0.006,0.0464615384615385,0.533585922463569,"Coleoptera","Curculionidae","Scolytinae","Pityogenes","Pityogenes hopkinsi","k__Fungi","p__Ascomycota","c__Lecanoromycetes","o__Ostropales","f__Ostropales_fam_Incertae_sedis","g__Mulderomyces","s__natalis","positive"
"Pityogenes hopkinsi","ASV_2869",2.95321625727511,0.006,0.0464615384615385,0.533585922463569,"Coleoptera","Curculionidae","Scolytinae","Pityogenes","Pityogenes hopkinsi","k__Fungi","p__Ascomycota","c__Sordariomycetes","o__Sordariomycetes_ord_Incertae_sedis","f__Sordariomycetes_fam_Incertae_sedis","g__Oncopodiella",NA,"positive"
"Pityogenes hopkinsi","ASV_3056",-2.52335488874068,0.006,0.0464615384615385,0.533585922463569,"Coleoptera","Curculionidae","Scolytinae","Pityogenes","Pityogenes hopkinsi","k__Fungi","p__Basidiomycota","c__Tremellomycetes","o__Tremellales",NA,NA,NA,"negative"
"Pityogenes hopkinsi","ASV_3273",-2.08269895529948,0.006,0.0464615384615385,0.533585922463569,"Coleoptera","Curculionidae","Scolytinae","Pityogenes","Pityogenes hopkinsi","k__Fungi","p__Ascomycota","c__Dothideomycetes","o__Pleosporales","f__Dothidotthiaceae","g__Dothidotthia","s__negundinicola","negative"
"Pityogenes hopkinsi","ASV_3283",-2.41853873606559,0.006,0.0464615384615385,0.533585922463569,"Coleoptera","Curculionidae","Scolytinae","Pityogenes","Pityogenes hopkinsi","k__Fungi","p__Ascomycota",NA,NA,NA,NA,NA,"negative"
"Pityogenes hopkinsi","ASV_3702",3.65564128604446,0.006,0.0464615384615385,0.533585922463569,"Coleoptera","Curculionidae","Scolytinae","Pityogenes","Pityogenes hopkinsi","k__Fungi","p__Basidiomycota","c__Tremellomycetes","o__Tremellales","f__Tremellaceae","g__Sirotrema","s__translucens","positive"
"Pityogenes hopkinsi","ASV_4089",2.75096136093464,0.006,0.0464615384615385,0.533585922463569,"Coleoptera","Curculionidae","Scolytinae","Pityogenes","Pityogenes hopkinsi","k__Fungi","p__Basidiomycota","c__Tremellomycetes","o__Tremellales",NA,NA,NA,"positive"
"Pityogenes hopkinsi","ASV_4708",3.7579615498282,0.006,0.0464615384615385,0.533585922463569,"Coleoptera","Curculionidae","Scolytinae","Pityogenes","Pityogenes hopkinsi","k__Fungi","p__Ascomycota","c__Eurotiomycetes","o__Chaetothyriales","f__Epibryaceae","g__Epibryon","s__interlamellare","positive"
"Pityogenes hopkinsi","ASV_4851",3.16044149723031,0.006,0.0464615384615385,0.533585922463569,"Coleoptera","Curculionidae","Scolytinae","Pityogenes","Pityogenes hopkinsi","k__Fungi","p__Ascomycota",NA,NA,NA,NA,NA,"positive"
"Pityogenes hopkinsi","ASV_5071",-2.80376370740132,0.006,0.0464615384615385,0.533585922463569,"Coleoptera","Curculionidae","Scolytinae","Pityogenes","Pityogenes hopkinsi","k__Fungi","p__Basidiomycota","c__Tremellomycetes","o__Tremellales","f__Bulleribasidiaceae","g__Dioszegia",NA,"negative"
"Pityogenes hopkinsi","ASV_5216",2.86901861125339,0.006,0.0464615384615385,0.533585922463569,"Coleoptera","Curculionidae","Scolytinae","Pityogenes","Pityogenes hopkinsi","k__Fungi","p__Ascomycota","c__Eurotiomycetes","o__Eurotiales","f__Aspergillaceae","g__Penicillium",NA,"positive"
"Pityogenes hopkinsi","ASV_5218",-2.65134255913464,0.006,0.0464615384615385,0.533585922463569,"Coleoptera","Curculionidae","Scolytinae","Pityogenes","Pityogenes hopkinsi","k__Fungi","p__Ascomycota","c__Arthoniomycetes","o__Lichenostigmatales","f__Phaeococcomycetaceae","g__Phaeococcomyces","s__eucalypti","negative"
"Pityogenes hopkinsi","ASV_5637",2.65165318322407,0.006,0.0464615384615385,0.533585922463569,"Coleoptera","Curculionidae","Scolytinae","Pityogenes","Pityogenes hopkinsi","k__Fungi","p__Ascomycota","c__Eurotiomycetes","o__Phaeomoniellales","f__Phaeomoniellaceae","g__Nothophaeomoniella","s__ekebergiae","positive"
"Pityogenes hopkinsi","ASV_5684",-2.81667144936639,0.006,0.0464615384615385,0.533585922463569,"Coleoptera","Curculionidae","Scolytinae","Pityogenes","Pityogenes hopkinsi","k__Fungi",NA,NA,NA,NA,NA,NA,"negative"
"Pityogenes hopkinsi","ASV_5782",-2.08264337616333,0.006,0.0464615384615385,0.533585922463569,"Coleoptera","Curculionidae","Scolytinae","Pityogenes","Pityogenes hopkinsi","k__Fungi","p__Ascomycota","c__Eurotiomycetes","o__Eurotiales","f__Aspergillaceae","g__Penicillium","s__lividum","negative"
"Pityogenes hopkinsi","ASV_5989",-2.39260014990271,0.006,0.0464615384615385,0.533585922463569,"Coleoptera","Curculionidae","Scolytinae","Pityogenes","Pityogenes hopkinsi","k__Fungi","p__Basidiomycota","c__Microbotryomycetes","o__Sporidiobolales","f__Sporidiobolaceae","g__Rhodosporidiobolus","s__colostri","negative"
"Pityogenes hopkinsi","ASV_6322",4.58080158476272,0.006,0.0464615384615385,0.533585922463569,"Coleoptera","Curculionidae","Scolytinae","Pityogenes","Pityogenes hopkinsi","k__Fungi","p__Ascomycota","c__Dothideomycetes","o__Mytilinidiales","f__Mytilinidiaceae","g__Mytilinidion","s__insulare","positive"
"Pityogenes hopkinsi","ASV_6464",-2.38385113304713,0.006,0.0464615384615385,0.533585922463569,"Coleoptera","Curculionidae","Scolytinae","Pityogenes","Pityogenes hopkinsi","k__Fungi","p__Ascomycota",NA,NA,NA,NA,NA,"negative"
"Pityogenes hopkinsi","ASV_6546",-2.49633444404505,0.006,0.0464615384615385,0.533585922463569,"Coleoptera","Curculionidae","Scolytinae","Pityogenes","Pityogenes hopkinsi","k__Fungi","p__Ascomycota","c__Taphrinomycetes","o__Taphrinales","f__Taphrinaceae","g__Taphrina","s__letifera","negative"
"Pityogenes hopkinsi","ASV_7446",-2.78535644803111,0.006,0.0464615384615385,0.533585922463569,"Coleoptera","Curculionidae","Scolytinae","Pityogenes","Pityogenes hopkinsi","k__Fungi","p__Ascomycota",NA,NA,NA,NA,NA,"negative"
"Pityogenes hopkinsi","ASV_7548",-2.99274656370098,0.006,0.0464615384615385,0.533585922463569,"Coleoptera","Curculionidae","Scolytinae","Pityogenes","Pityogenes hopkinsi","k__Fungi","p__Ascomycota","c__Dothideomycetes","o__Dothideales","f__Saccotheciaceae","g__Aureobasidium","s__pullulans","negative"
"Pityogenes hopkinsi","ASV_8002",-2.38041886327251,0.006,0.0464615384615385,0.533585922463569,"Coleoptera","Curculionidae","Scolytinae","Pityogenes","Pityogenes hopkinsi","k__Fungi","p__Basidiomycota","c__Agaricomycetes","o__Agaricales","f__Tricholomataceae","g__Resupinatus","s__americanus","negative"
"Pityogenes hopkinsi","ASV_8210",-2.86270232963192,0.006,0.0464615384615385,0.533585922463569,"Coleoptera","Curculionidae","Scolytinae","Pityogenes","Pityogenes hopkinsi","k__Fungi","p__Basidiomycota","c__Agaricomycetes","o__Polyporales","f__Incrustoporiaceae","g__Skeletocutis","s__kuehneri","negative"
"Pityogenes hopkinsi","ASV_8231",-2.58190652584631,0.006,0.0464615384615385,0.533585922463569,"Coleoptera","Curculionidae","Scolytinae","Pityogenes","Pityogenes hopkinsi","k__Fungi","p__Basidiomycota","c__Agaricomycetes","o__Russulales","f__Peniophoraceae","g__Peniophora","s__cinerea","negative"
"Pityogenes hopkinsi","ASV_8549",-2.32757979572912,0.006,0.0464615384615385,0.533585922463569,"Coleoptera","Curculionidae","Scolytinae","Pityogenes","Pityogenes hopkinsi","k__Fungi","p__Ascomycota","c__Taphrinomycetes","o__Taphrinales","f__Taphrinaceae","g__Taphrina",NA,"negative"
"Pityogenes hopkinsi","ASV_9077",-2.47971935040763,0.006,0.0464615384615385,0.533585922463569,"Coleoptera","Curculionidae","Scolytinae","Pityogenes","Pityogenes hopkinsi","k__Fungi","p__Ascomycota","c__Leotiomycetes","o__Helotiales",NA,NA,NA,"negative"
"Pityogenes hopkinsi","ASV_9122",-3.22051591130817,0.006,0.0464615384615385,0.533585922463569,"Coleoptera","Curculionidae","Scolytinae","Pityogenes","Pityogenes hopkinsi","k__Fungi","p__Ascomycota","c__Lecanoromycetes","o__Lecanorales","f__Lecanoraceae",NA,NA,"negative"
"Pityogenes hopkinsi","ASV_9406",-2.60798429916152,0.006,0.0464615384615385,0.533585922463569,"Coleoptera","Curculionidae","Scolytinae","Pityogenes","Pityogenes hopkinsi","k__Fungi","p__Basidiomycota","c__Tremellomycetes","o__Filobasidiales","f__Filobasidiales_fam_Incertae_sedis","g__Filobasidiales_gen_Incertae_sedis",NA,"negative"
"Pityogenes hopkinsi","ASV_9635",-2.7606663854749,0.006,0.0464615384615385,0.533585922463569,"Coleoptera","Curculionidae","Scolytinae","Pityogenes","Pityogenes hopkinsi","k__Fungi",NA,NA,NA,NA,NA,NA,"negative"
"Pityogenes hopkinsi","ASV_9818",-2.5207750489871,0.006,0.0464615384615385,0.533585922463569,"Coleoptera","Curculionidae","Scolytinae","Pityogenes","Pityogenes hopkinsi","k__Fungi","p__Ascomycota",NA,NA,NA,NA,NA,"negative"
"Pityogenes hopkinsi","ASV_10004",3.80206406420096,0.006,0.0464615384615385,0.533585922463569,"Coleoptera","Curculionidae","Scolytinae","Pityogenes","Pityogenes hopkinsi","k__Fungi","p__Ascomycota","c__Eurotiomycetes","o__Verrucariales","f__Verrucariaceae","g__Verrucariaceae_gen_Incertae_sedis",NA,"positive"
"Pityogenes hopkinsi","ASV_10910",-2.0913578318144,0.006,0.0464615384615385,0.533585922463569,"Coleoptera","Curculionidae","Scolytinae","Pityogenes","Pityogenes hopkinsi","k__Fungi","p__Ascomycota","c__Dothideomycetes",NA,NA,NA,NA,"negative"
"Pityogenes hopkinsi","ASV_11047",-2.67454971786527,0.006,0.0464615384615385,0.533585922463569,"Coleoptera","Curculionidae","Scolytinae","Pityogenes","Pityogenes hopkinsi","k__Fungi","p__Basidiomycota","c__Agaricomycetes","o__Russulales","f__Peniophoraceae","g__Peniophora","s__cinerea","negative"
"Pityogenes hopkinsi","ASV_11294",2.57598412989288,0.006,0.0464615384615385,0.533585922463569,"Coleoptera","Curculionidae","Scolytinae","Pityogenes","Pityogenes hopkinsi","k__Fungi","p__Ascomycota","c__Lecanoromycetes","o__Lecanorales",NA,NA,NA,"positive"
"Pityogenes hopkinsi","ASV_12734",-2.12526678705985,0.006,0.0464615384615385,0.533585922463569,"Coleoptera","Curculionidae","Scolytinae","Pityogenes","Pityogenes hopkinsi","k__Fungi","p__Basidiomycota","c__Agaricomycetes","o__Corticiales","f__Corticiaceae","g__Mycobernardia","s__incrustans","negative"
"Pityogenes hopkinsi","ASV_13159",-1.81219011871204,0.006,0.0464615384615385,0.533585922463569,"Coleoptera","Curculionidae","Scolytinae","Pityogenes","Pityogenes hopkinsi","k__Fungi","p__Ascomycota","c__Eurotiomycetes","o__Eurotiales","f__Aspergillaceae","g__Talaromyces","s__chlamydosporus","negative"
"Pityogenes hopkinsi","ASV_14119",-2.22877814982776,0.006,0.0464615384615385,0.533585922463569,"Coleoptera","Curculionidae","Scolytinae","Pityogenes","Pityogenes hopkinsi","k__Fungi","p__Ascomycota","c__Dothideomycetes",NA,NA,NA,NA,"negative"
"Pityogenes hopkinsi","ASV_14394",-2.37255518830839,0.006,0.0464615384615385,0.533585922463569,"Coleoptera","Curculionidae","Scolytinae","Pityogenes","Pityogenes hopkinsi","k__Fungi","p__Ascomycota","c__Dothideomycetes","o__Dothideales","f__Saccotheciaceae","g__Aureobasidium",NA,"negative"
"Pityogenes hopkinsi","ASV_14521",-2.15504635800715,0.006,0.0464615384615385,0.533585922463569,"Coleoptera","Curculionidae","Scolytinae","Pityogenes","Pityogenes hopkinsi","k__Fungi","p__Ascomycota","c__Leotiomycetes","o__Rhytismatales","f__Rhytismataceae","g__Coccomyces","s__triangularis","negative"
"Pityogenes hopkinsi","ASV_14991",-3.16010384001189,0.006,0.0464615384615385,0.533585922463569,"Coleoptera","Curculionidae","Scolytinae","Pityogenes","Pityogenes hopkinsi","k__Fungi","p__Basidiomycota","c__Agaricomycetes","o__Russulales","f__Peniophoraceae","g__Peniophoraceae_gen_Incertae_sedis",NA,"negative"
"Pityogenes hopkinsi","ASV_15436",-2.77479623052246,0.006,0.0464615384615385,0.533585922463569,"Coleoptera","Curculionidae","Scolytinae","Pityogenes","Pityogenes hopkinsi","k__Fungi","p__Ascomycota","c__Dothideomycetes","o__Mycosphaerellales","f__Mycosphaerellaceae","g__Ramularia",NA,"negative"
"Pityogenes hopkinsi","ASV_16273",-2.83949643897922,0.006,0.0464615384615385,0.533585922463569,"Coleoptera","Curculionidae","Scolytinae","Pityogenes","Pityogenes hopkinsi","k__Fungi","p__Basidiomycota","c__Pucciniomycetes","o__Pucciniales","f__Pucciniaceae","g__Puccinia","s__sparganioidis","negative"
"Pityogenes hopkinsi","ASV_17169",-2.98314048449102,0.006,0.0464615384615385,0.533585922463569,"Coleoptera","Curculionidae","Scolytinae","Pityogenes","Pityogenes hopkinsi","k__Fungi","p__Ascomycota","c__Leotiomycetes",NA,NA,NA,NA,"negative"
"Pityogenes hopkinsi","ASV_17203",-2.88397147396699,0.006,0.0464615384615385,0.533585922463569,"Coleoptera","Curculionidae","Scolytinae","Pityogenes","Pityogenes hopkinsi","k__Fungi","p__Basidiomycota","c__Agaricomycetes","o__Agaricales","f__Psathyrellaceae","g__Coprinopsis","s__clastophylla","negative"
"Pityogenes hopkinsi","ASV_17245",-2.59596200193028,0.006,0.0464615384615385,0.533585922463569,"Coleoptera","Curculionidae","Scolytinae","Pityogenes","Pityogenes hopkinsi","k__Fungi","p__Ascomycota","c__Lecanoromycetes","o__Lecanoromycetes_ord_Incertae_sedis","f__Lecanoromycetes_fam_Incertae_sedis","g__Lecanoromycetes_gen_Incertae_sedis",NA,"negative"
"Pityogenes hopkinsi","ASV_18022",-2.51583042025637,0.006,0.0464615384615385,0.533585922463569,"Coleoptera","Curculionidae","Scolytinae","Pityogenes","Pityogenes hopkinsi","k__Fungi","p__Mortierellomycota","c__Mortierellomycetes","o__Mortierellales","f__Mortierellaceae","g__Entomortierella","s__parvispora","negative"
"Pityogenes hopkinsi","ASV_18871",-3.02408023181643,0.006,0.0464615384615385,0.533585922463569,"Coleoptera","Curculionidae","Scolytinae","Pityogenes","Pityogenes hopkinsi","k__Fungi","p__Ascomycota","c__Dothideomycetes","o__Pleosporales","f__Lindgomycetaceae","g__Lindgomycetaceae_gen_Incertae_sedis",NA,"negative"
"Pityogenes hopkinsi","ASV_19267",-2.65172495344024,0.006,0.0464615384615385,0.533585922463569,"Coleoptera","Curculionidae","Scolytinae","Pityogenes","Pityogenes hopkinsi","k__Fungi","p__Ascomycota","c__Lecanoromycetes",NA,NA,NA,NA,"negative"
"Pityogenes hopkinsi","ASV_19609",-3.86472856382884,0.006,0.0464615384615385,0.533585922463569,"Coleoptera","Curculionidae","Scolytinae","Pityogenes","Pityogenes hopkinsi","k__Fungi","p__Ascomycota","c__Dothideomycetes","o__Dothideales","f__Dothioraceae","g__Dothiora",NA,"negative"
"Pityogenes hopkinsi","ASV_20986",-3.07588892007694,0.006,0.0464615384615385,0.533585922463569,"Coleoptera","Curculionidae","Scolytinae","Pityogenes","Pityogenes hopkinsi","k__Fungi","p__Basidiomycota",NA,NA,NA,NA,NA,"negative"
"Pityogenes hopkinsi","ASV_21500",-2.63976210774317,0.006,0.0464615384615385,0.533585922463569,"Coleoptera","Curculionidae","Scolytinae","Pityogenes","Pityogenes hopkinsi","k__Fungi","p__Ascomycota","c__Dothideomycetes","o__Dothideales","f__Dothioraceae","g__Perusta",NA,"negative"
"Pityogenes hopkinsi","ASV_22586",-2.60519086087006,0.006,0.0464615384615385,0.533585922463569,"Coleoptera","Curculionidae","Scolytinae","Pityogenes","Pityogenes hopkinsi","k__Fungi","p__Ascomycota","c__Dothideomycetes","o__Dothideales","f__Dothideales_fam_Incertae_sedis","g__Dothideales_gen_Incertae_sedis",NA,"negative"
"Pityogenes hopkinsi","ASV_23492",-2.65159806465953,0.006,0.0464615384615385,0.533585922463569,"Coleoptera","Curculionidae","Scolytinae","Pityogenes","Pityogenes hopkinsi","k__Fungi","p__Ascomycota","c__Dothideomycetes","o__Dothideales","f__Saccotheciaceae","g__Aureobasidium","s__pullulans","negative"
"Pityogenes hopkinsi","ASV_24972",-2.51022095248836,0.006,0.0464615384615385,0.533585922463569,"Coleoptera","Curculionidae","Scolytinae","Pityogenes","Pityogenes hopkinsi","k__Fungi",NA,NA,NA,NA,NA,NA,"negative"
"Pityogenes hopkinsi","ASV_25809",-2.79531722703581,0.006,0.0464615384615385,0.533585922463569,"Coleoptera","Curculionidae","Scolytinae","Pityogenes","Pityogenes hopkinsi","k__Fungi","p__Basidiomycota",NA,NA,NA,NA,NA,"negative"
"Pityogenes hopkinsi","ASV_26606",-2.55401045399483,0.006,0.0464615384615385,0.533585922463569,"Coleoptera","Curculionidae","Scolytinae","Pityogenes","Pityogenes hopkinsi","k__Fungi","p__Ascomycota","c__Dothideomycetes","o__Dothideales","f__Dothideaceae","g__Rhizosphaera",NA,"negative"
"Pityogenes hopkinsi","ASV_27308",-2.91602255354877,0.006,0.0464615384615385,0.533585922463569,"Coleoptera","Curculionidae","Scolytinae","Pityogenes","Pityogenes hopkinsi","k__Fungi","p__Ascomycota","c__Leotiomycetes","o__Helotiales","f__Hyaloscyphaceae","g__Hyphodiscus","s__hyaloscyphoides","negative"
"Pityogenes hopkinsi","ASV_109",2.52739159050308,0.007,0.0498808988764045,0.550561887006566,"Coleoptera","Curculionidae","Scolytinae","Pityogenes","Pityogenes hopkinsi","k__Fungi","p__Ascomycota","c__Sordariomycetes","o__Diaporthales","f__Valsaceae","g__Cytospora",NA,"positive"
"Pityogenes hopkinsi","ASV_200",2.15250702998864,0.007,0.0498808988764045,0.550561887006566,"Coleoptera","Curculionidae","Scolytinae","Pityogenes","Pityogenes hopkinsi","k__Fungi","p__Ascomycota","c__Leotiomycetes","o__Helotiales","f__Helotiales_fam_Incertae_sedis","g__Chalara",NA,"positive"
"Pityogenes hopkinsi","ASV_392",3.53908456185972,0.007,0.0498808988764045,0.550561887006566,"Coleoptera","Curculionidae","Scolytinae","Pityogenes","Pityogenes hopkinsi","k__Fungi",NA,NA,NA,NA,NA,NA,"positive"
"Pityogenes hopkinsi","ASV_559",-2.47007759135156,0.007,0.0498808988764045,0.550561887006566,"Coleoptera","Curculionidae","Scolytinae","Pityogenes","Pityogenes hopkinsi","k__Fungi","p__Ascomycota","c__Dothideomycetes","o__Dothideales","f__Saccotheciaceae","g__Aureobasidium","s__pullulans","negative"
"Pityogenes hopkinsi","ASV_644",2.07215651689121,0.007,0.0498808988764045,0.550561887006566,"Coleoptera","Curculionidae","Scolytinae","Pityogenes","Pityogenes hopkinsi","k__Fungi","p__Ascomycota",NA,NA,NA,NA,NA,"positive"
"Pityogenes hopkinsi","ASV_864",3.82148697670526,0.007,0.0498808988764045,0.550561887006566,"Coleoptera","Curculionidae","Scolytinae","Pityogenes","Pityogenes hopkinsi","k__Fungi","p__Ascomycota","c__Lecanoromycetes","o__Lecanorales",NA,NA,NA,"positive"
"Pityogenes hopkinsi","ASV_974",3.7572948692268,0.007,0.0498808988764045,0.550561887006566,"Coleoptera","Curculionidae","Scolytinae","Pityogenes","Pityogenes hopkinsi","k__Fungi","p__Basidiomycota","c__Tremellomycetes","o__Tremellales","f__Phaeotremellaceae","g__Phaeotremella",NA,"positive"
"Pityogenes hopkinsi","ASV_977",3.076327141991,0.007,0.0498808988764045,0.550561887006566,"Coleoptera","Curculionidae","Scolytinae","Pityogenes","Pityogenes hopkinsi","k__Fungi","p__Ascomycota","c__Sordariomycetes","o__Chaetosphaeriales","f__Chaetosphaeriales_fam_Incertae_sedis","g__Dendrophoma","s__cytisporoides","positive"
"Pityogenes hopkinsi","ASV_1082",2.95724851421036,0.007,0.0498808988764045,0.550561887006566,"Coleoptera","Curculionidae","Scolytinae","Pityogenes","Pityogenes hopkinsi","k__Fungi","p__Basidiomycota","c__Agaricomycetes","o__Sistotremastrales","f__Sistotremastraceae","g__Sistotremastrum","s__suecicum","positive"
"Pityogenes hopkinsi","ASV_1269",-3.04200961977595,0.007,0.0498808988764045,0.550561887006566,"Coleoptera","Curculionidae","Scolytinae","Pityogenes","Pityogenes hopkinsi","k__Fungi","p__Basidiomycota","c__Exobasidiomycetes","o__Microstromatales","f__Microstromatales_fam_Incertae_sedis","g__Pseudomicrostroma","s__phylloplanum","negative"
"Pityogenes hopkinsi","ASV_1320",2.60844569018623,0.007,0.0498808988764045,0.550561887006566,"Coleoptera","Curculionidae","Scolytinae","Pityogenes","Pityogenes hopkinsi","k__Fungi","p__Ascomycota","c__Lecanoromycetes","o__Lecanorales","f__Parmeliaceae","g__Tuckermanopsis","s__ciliaris","positive"
"Pityogenes hopkinsi","ASV_1322",2.39563495993272,0.007,0.0498808988764045,0.550561887006566,"Coleoptera","Curculionidae","Scolytinae","Pityogenes","Pityogenes hopkinsi","k__Fungi","p__Ascomycota","c__Leotiomycetes",NA,NA,NA,NA,"positive"
"Pityogenes hopkinsi","ASV_1538",3.24922403835714,0.007,0.0498808988764045,0.550561887006566,"Coleoptera","Curculionidae","Scolytinae","Pityogenes","Pityogenes hopkinsi","k__Fungi","p__Ascomycota","c__Dothideomycetes","o__Capnodiales",NA,NA,NA,"positive"
"Pityogenes hopkinsi","ASV_1542",3.21583991873286,0.007,0.0498808988764045,0.550561887006566,"Coleoptera","Curculionidae","Scolytinae","Pityogenes","Pityogenes hopkinsi","k__Fungi","p__Basidiomycota","c__Cystobasidiomycetes","o__Cystobasidiomycetes_ord_Incertae_sedis","f__Symmetrosporaceae","g__Symmetrospora",NA,"positive"
"Pityogenes hopkinsi","ASV_1642",3.0102007613978,0.007,0.0498808988764045,0.550561887006566,"Coleoptera","Curculionidae","Scolytinae","Pityogenes","Pityogenes hopkinsi","k__Fungi","p__Ascomycota","c__Dothideomycetes","o__Mycosphaerellales","f__Mycosphaerellaceae","g__Pseudocercospora","s__sphaerellae-eugeniae","positive"
"Pityogenes hopkinsi","ASV_1661",2.86480348407352,0.007,0.0498808988764045,0.550561887006566,"Coleoptera","Curculionidae","Scolytinae","Pityogenes","Pityogenes hopkinsi","k__Fungi",NA,NA,NA,NA,NA,NA,"positive"
"Pityogenes hopkinsi","ASV_2040",2.74215543547045,0.007,0.0498808988764045,0.550561887006566,"Coleoptera","Curculionidae","Scolytinae","Pityogenes","Pityogenes hopkinsi","k__Fungi","p__Ascomycota",NA,NA,NA,NA,NA,"positive"
"Pityogenes hopkinsi","ASV_2059",2.67286474103639,0.007,0.0498808988764045,0.550561887006566,"Coleoptera","Curculionidae","Scolytinae","Pityogenes","Pityogenes hopkinsi","k__Fungi","p__Ascomycota","c__Sordariomycetes","o__Xylariales","f__Diatrypaceae","g__Diatrype","s__stigma","positive"
"Pityogenes hopkinsi","ASV_2172",-2.15158492948076,0.007,0.0498808988764045,0.550561887006566,"Coleoptera","Curculionidae","Scolytinae","Pityogenes","Pityogenes hopkinsi","k__Fungi","p__Ascomycota","c__Eurotiomycetes","o__Chaetothyriales","f__Trichomeriaceae","g__Alatosessilispora",NA,"negative"
"Pityogenes hopkinsi","ASV_2476",-2.4441106178986,0.007,0.0498808988764045,0.550561887006566,"Coleoptera","Curculionidae","Scolytinae","Pityogenes","Pityogenes hopkinsi","k__Fungi","p__Basidiomycota","c__Exobasidiomycetes","o__Microstromatales","f__Microstromataceae","g__Microstroma","s__bacarum","negative"
"Pityogenes hopkinsi","ASV_2514",2.642083511873,0.007,0.0498808988764045,0.550561887006566,"Coleoptera","Curculionidae","Scolytinae","Pityogenes","Pityogenes hopkinsi","k__Fungi","p__Ascomycota","c__Eurotiomycetes","o__Chaetothyriales","f__Cyphellophoraceae","g__Cyphellophora","s__sessilis","positive"
"Pityogenes hopkinsi","ASV_2515",3.76327382326107,0.007,0.0498808988764045,0.550561887006566,"Coleoptera","Curculionidae","Scolytinae","Pityogenes","Pityogenes hopkinsi","k__Fungi","p__Ascomycota","c__Eurotiomycetes","o__Coryneliales","f__Coryneliales_fam_Incertae_sedis","g__Coryneliales_gen_Incertae_sedis",NA,"positive"
"Pityogenes hopkinsi","ASV_2732",2.67470093652193,0.007,0.0498808988764045,0.550561887006566,"Coleoptera","Curculionidae","Scolytinae","Pityogenes","Pityogenes hopkinsi","k__Fungi","p__Ascomycota","c__Leotiomycetes","o__Helotiales","f__Sclerotiniaceae","g__Myriosclerotinia","s__duriaeana","positive"
"Pityogenes hopkinsi","ASV_3045",2.52531253229917,0.007,0.0498808988764045,0.550561887006566,"Coleoptera","Curculionidae","Scolytinae","Pityogenes","Pityogenes hopkinsi","k__Fungi","p__Ascomycota","c__Dothideomycetes","o__Pleosporales","f__Cucurbitariaceae","g__Pyrenochaetopsis","s__microspora","positive"
"Pityogenes hopkinsi","ASV_3095",2.96631451613637,0.007,0.0498808988764045,0.550561887006566,"Coleoptera","Curculionidae","Scolytinae","Pityogenes","Pityogenes hopkinsi","k__Fungi","p__Ascomycota","c__Sordariomycetes","o__Xylariales","f__Diatrypaceae",NA,NA,"positive"
"Pityogenes hopkinsi","ASV_3540",-2.51567958807798,0.007,0.0498808988764045,0.550561887006566,"Coleoptera","Curculionidae","Scolytinae","Pityogenes","Pityogenes hopkinsi","k__Fungi","p__Ascomycota",NA,NA,NA,NA,NA,"negative"
"Pityogenes hopkinsi","ASV_3569",-2.48737521632162,0.007,0.0498808988764045,0.550561887006566,"Coleoptera","Curculionidae","Scolytinae","Pityogenes","Pityogenes hopkinsi","k__Fungi","p__Ascomycota","c__Dothideomycetes","o__Capnodiales","f__Cladosporiaceae",NA,NA,"negative"
"Pityogenes hopkinsi","ASV_3755",2.94618863815791,0.007,0.0498808988764045,0.550561887006566,"Coleoptera","Curculionidae","Scolytinae","Pityogenes","Pityogenes hopkinsi","k__Fungi","p__Ascomycota","c__Eurotiomycetes","o__Chaetothyriales","f__Herpotrichiellaceae","g__Cladophialophora",NA,"positive"
"Pityogenes hopkinsi","ASV_3800",-2.34162326052161,0.007,0.0498808988764045,0.550561887006566,"Coleoptera","Curculionidae","Scolytinae","Pityogenes","Pityogenes hopkinsi","k__Fungi","p__Ascomycota","c__Dothideomycetes","o__Dothideales","f__Saccotheciaceae","g__Aureobasidium","s__pullulans","negative"
"Pityogenes hopkinsi","ASV_3820",3.45219075907308,0.007,0.0498808988764045,0.550561887006566,"Coleoptera","Curculionidae","Scolytinae","Pityogenes","Pityogenes hopkinsi","k__Fungi","p__Ascomycota",NA,NA,NA,NA,NA,"positive"
"Pityogenes hopkinsi","ASV_4113",2.69927228585797,0.007,0.0498808988764045,0.550561887006566,"Coleoptera","Curculionidae","Scolytinae","Pityogenes","Pityogenes hopkinsi","k__Fungi","p__Basidiomycota","c__Exobasidiomycetes","o__Exobasidiales","f__Exobasidiaceae","g__Exobasidium",NA,"positive"
"Pityogenes hopkinsi","ASV_4438",-3.05833290775303,0.007,0.0498808988764045,0.550561887006566,"Coleoptera","Curculionidae","Scolytinae","Pityogenes","Pityogenes hopkinsi","k__Fungi","p__Ascomycota","c__Lecanoromycetes","o__Lecanorales","f__Catillariaceae","g__Catillaria",NA,"negative"
"Pityogenes hopkinsi","ASV_4831",-2.69166354356803,0.007,0.0498808988764045,0.550561887006566,"Coleoptera","Curculionidae","Scolytinae","Pityogenes","Pityogenes hopkinsi","k__Fungi","p__Basidiomycota","c__Cystobasidiomycetes","o__Cystobasidiales",NA,NA,NA,"negative"
"Pityogenes hopkinsi","ASV_5214",-2.1256869233726,0.007,0.0498808988764045,0.550561887006566,"Coleoptera","Curculionidae","Scolytinae","Pityogenes","Pityogenes hopkinsi","k__Fungi","p__Ascomycota","c__Saccharomycetes","o__Saccharomycetales","f__Phaffomycetaceae","g__Wickerhamomyces","s__alni","negative"
"Pityogenes hopkinsi","ASV_5414",-2.49035053478552,0.007,0.0498808988764045,0.550561887006566,"Coleoptera","Curculionidae","Scolytinae","Pityogenes","Pityogenes hopkinsi","k__Fungi","p__Basidiomycota","c__Tremellomycetes","o__Tremellales","f__Bulleribasidiaceae","g__Dioszegia","s__fristingensis","negative"
"Pityogenes hopkinsi","ASV_5420",-2.7239443359873,0.007,0.0498808988764045,0.550561887006566,"Coleoptera","Curculionidae","Scolytinae","Pityogenes","Pityogenes hopkinsi","k__Fungi","p__Basidiomycota","c__Exobasidiomycetes","o__Microstromatales","f__Microstromatales_fam_Incertae_sedis","g__Pseudomicrostroma","s__phylloplanum","negative"
"Pityogenes hopkinsi","ASV_5567",2.99862391637962,0.007,0.0498808988764045,0.550561887006566,"Coleoptera","Curculionidae","Scolytinae","Pityogenes","Pityogenes hopkinsi","k__Fungi","p__Basidiomycota","c__Agaricomycetes","o__Russulales","f__Gloeocystidiellaceae","g__Gloeocystidiellum","s__porosum","positive"
"Pityogenes hopkinsi","ASV_5897",-2.74358492370652,0.007,0.0498808988764045,0.550561887006566,"Coleoptera","Curculionidae","Scolytinae","Pityogenes","Pityogenes hopkinsi","k__Fungi","p__Basidiomycota","c__Exobasidiomycetes","o__Microstromatales","f__Microstromatales_fam_Incertae_sedis","g__Pseudomicrostroma",NA,"negative"
"Pityogenes hopkinsi","ASV_5947",-1.7327198877755,0.007,0.0498808988764045,0.550561887006566,"Coleoptera","Curculionidae","Scolytinae","Pityogenes","Pityogenes hopkinsi","k__Fungi","p__Ascomycota","c__Dothideomycetes","o__Mycosphaerellales","f__Teratosphaeriaceae",NA,NA,"negative"
"Pityogenes hopkinsi","ASV_5999",-2.49029906667054,0.007,0.0498808988764045,0.550561887006566,"Coleoptera","Curculionidae","Scolytinae","Pityogenes","Pityogenes hopkinsi","k__Fungi","p__Basidiomycota","c__Tremellomycetes","o__Tremellales","f__Cryptococcaceae","g__Teunia",NA,"negative"
"Pityogenes hopkinsi","ASV_6123",-2.57813582897283,0.007,0.0498808988764045,0.550561887006566,"Coleoptera","Curculionidae","Scolytinae","Pityogenes","Pityogenes hopkinsi","k__Fungi","p__Ascomycota","c__Dothideomycetes","o__Dothideales",NA,NA,NA,"negative"
"Pityogenes hopkinsi","ASV_6163",-1.48921125001834,0.007,0.0498808988764045,0.550561887006566,"Coleoptera","Curculionidae","Scolytinae","Pityogenes","Pityogenes hopkinsi","k__Fungi","p__Ascomycota","c__Dothideomycetes","o__Botryosphaeriales","f__Melanopsaceae","g__Melanops","s__fagicola","negative"
"Pityogenes hopkinsi","ASV_7295",-2.78665133335979,0.007,0.0498808988764045,0.550561887006566,"Coleoptera","Curculionidae","Scolytinae","Pityogenes","Pityogenes hopkinsi","k__Fungi","p__Ascomycota","c__Dothideomycetes","o__Mycosphaerellales","f__Mycosphaerellaceae","g__Sphaerulina","s__pelargonii","negative"
"Pityogenes hopkinsi","ASV_7705",-2.28039317670586,0.007,0.0498808988764045,0.550561887006566,"Coleoptera","Curculionidae","Scolytinae","Pityogenes","Pityogenes hopkinsi","k__Fungi","p__Ascomycota","c__Leotiomycetes","o__Helotiales","f__Hyaloscyphaceae","g__Lachnum","s__virgineum","negative"
"Pityogenes hopkinsi","ASV_7792",-1.72828023833748,0.007,0.0498808988764045,0.550561887006566,"Coleoptera","Curculionidae","Scolytinae","Pityogenes","Pityogenes hopkinsi","k__Fungi","p__Ascomycota","c__Eurotiomycetes","o__Chaetothyriales","f__Epibryaceae","g__Epibryon","s__interlamellare","negative"
"Pityogenes hopkinsi","ASV_7840",-2.85602431650879,0.007,0.0498808988764045,0.550561887006566,"Coleoptera","Curculionidae","Scolytinae","Pityogenes","Pityogenes hopkinsi","k__Fungi","p__Basidiomycota","c__Agaricomycetes","o__Russulales","f__Auriscalpiaceae","g__Artomyces","s__pyxidatus","negative"
"Pityogenes hopkinsi","ASV_8989",-2.27107262999545,0.007,0.0498808988764045,0.550561887006566,"Coleoptera","Curculionidae","Scolytinae","Pityogenes","Pityogenes hopkinsi","k__Fungi","p__Ascomycota","c__Lecanoromycetes",NA,NA,NA,NA,"negative"
"Pityogenes hopkinsi","ASV_9065",-2.45507970253525,0.007,0.0498808988764045,0.550561887006566,"Coleoptera","Curculionidae","Scolytinae","Pityogenes","Pityogenes hopkinsi","k__Fungi","p__Ascomycota","c__Lecanoromycetes","o__Caliciales","f__Physciaceae","g__Physcia",NA,"negative"
"Pityogenes hopkinsi","ASV_9156",-2.30186159991506,0.007,0.0498808988764045,0.550561887006566,"Coleoptera","Curculionidae","Scolytinae","Pityogenes","Pityogenes hopkinsi","k__Fungi","p__Ascomycota","c__Pezizomycotina_cls_Incertae_sedis","o__Pezizomycotina_ord_Incertae_sedis","f__Pezizomycotina_fam_Incertae_sedis","g__Neomelanconium","s__gelatosporum","negative"
"Pityogenes hopkinsi","ASV_9192",-2.66599540792515,0.007,0.0498808988764045,0.550561887006566,"Coleoptera","Curculionidae","Scolytinae","Pityogenes","Pityogenes hopkinsi","k__Fungi","p__Basidiomycota","c__Microbotryomycetes","o__Leucosporidiales","f__Leucosporidiaceae","g__Leucosporidium",NA,"negative"
"Pityogenes hopkinsi","ASV_9910",-3.43331559027445,0.007,0.0498808988764045,0.550561887006566,"Coleoptera","Curculionidae","Scolytinae","Pityogenes","Pityogenes hopkinsi","k__Fungi","p__Ascomycota","c__Sordariomycetes","o__Hypocreales","f__Nectriaceae","g__Fusarium",NA,"negative"
"Pityogenes hopkinsi","ASV_10884",-2.46595970220634,0.007,0.0498808988764045,0.550561887006566,"Coleoptera","Curculionidae","Scolytinae","Pityogenes","Pityogenes hopkinsi","k__Fungi","p__Basidiomycota","c__Tremellomycetes","o__Tremellales","f__Cryptococcaceae","g__Cryptococcus","s__aureus","negative"
"Pityogenes hopkinsi","ASV_11263",-2.7660952613276,0.007,0.0498808988764045,0.550561887006566,"Coleoptera","Curculionidae","Scolytinae","Pityogenes","Pityogenes hopkinsi","k__Fungi","p__Basidiomycota","c__Tremellomycetes","o__Filobasidiales","f__Piskurozymaceae","g__Piskurozyma","s__cylindrica","negative"
"Pityogenes hopkinsi","ASV_12800",-2.0574002091346,0.007,0.0498808988764045,0.550561887006566,"Coleoptera","Curculionidae","Scolytinae","Pityogenes","Pityogenes hopkinsi","k__Fungi","p__Basidiomycota","c__Agaricomycetes","o__Russulales","f__Stereaceae","g__Stereum",NA,"negative"
"Pityogenes hopkinsi","ASV_13235",-2.22384925056599,0.007,0.0498808988764045,0.550561887006566,"Coleoptera","Curculionidae","Scolytinae","Pityogenes","Pityogenes hopkinsi","k__Fungi","p__Ascomycota",NA,NA,NA,NA,NA,"negative"
"Pityogenes hopkinsi","ASV_14135",-2.67855252551703,0.007,0.0498808988764045,0.550561887006566,"Coleoptera","Curculionidae","Scolytinae","Pityogenes","Pityogenes hopkinsi","k__Fungi","p__Ascomycota","c__Dothideomycetes","o__Mycosphaerellales","f__Teratosphaeriaceae","g__Lapidomyces",NA,"negative"
"Pityogenes hopkinsi","ASV_14836",-2.03274429001949,0.007,0.0498808988764045,0.550561887006566,"Coleoptera","Curculionidae","Scolytinae","Pityogenes","Pityogenes hopkinsi","k__Fungi","p__Ascomycota","c__Dothideomycetes","o__Dothideales",NA,NA,NA,"negative"
"Pityogenes hopkinsi","ASV_14949",-3.03765109494754,0.007,0.0498808988764045,0.550561887006566,"Coleoptera","Curculionidae","Scolytinae","Pityogenes","Pityogenes hopkinsi","k__Fungi","p__Basidiomycota","c__Exobasidiomycetes","o__Microstromatales","f__Microstromatales_fam_Incertae_sedis","g__Pseudomicrostroma",NA,"negative"
"Pityogenes hopkinsi","ASV_16504",-2.35521322452228,0.007,0.0498808988764045,0.550561887006566,"Coleoptera","Curculionidae","Scolytinae","Pityogenes","Pityogenes hopkinsi","k__Fungi","p__Ascomycota",NA,NA,NA,NA,NA,"negative"
"Pityogenes hopkinsi","ASV_16952",-3.04912811460253,0.007,0.0498808988764045,0.550561887006566,"Coleoptera","Curculionidae","Scolytinae","Pityogenes","Pityogenes hopkinsi","k__Fungi","p__Basidiomycota","c__Microbotryomycetes","o__Sporidiobolales","f__Sporidiobolaceae","g__Rhodosporidiobolus","s__colostri","negative"
"Pityogenes hopkinsi","ASV_17173",-2.66878492092035,0.007,0.0498808988764045,0.550561887006566,"Coleoptera","Curculionidae","Scolytinae","Pityogenes","Pityogenes hopkinsi","k__Fungi","p__Ascomycota","c__Dothideomycetes","o__Pleosporales","f__Cucurbitariaceae","g__Neocucurbitaria",NA,"negative"
"Pityogenes hopkinsi","ASV_17515",-2.47870158360577,0.007,0.0498808988764045,0.550561887006566,"Coleoptera","Curculionidae","Scolytinae","Pityogenes","Pityogenes hopkinsi","k__Fungi","p__Ascomycota","c__Dothideomycetes","o__Pleosporales",NA,NA,NA,"negative"
"Pityogenes hopkinsi","ASV_17712",-2.48196635771044,0.007,0.0498808988764045,0.550561887006566,"Coleoptera","Curculionidae","Scolytinae","Pityogenes","Pityogenes hopkinsi","k__Fungi","p__Ascomycota","c__Dothideomycetes","o__Dothideales","f__Saccotheciaceae","g__Aureobasidium",NA,"negative"
"Pityogenes hopkinsi","ASV_20592",-2.76595852632929,0.007,0.0498808988764045,0.550561887006566,"Coleoptera","Curculionidae","Scolytinae","Pityogenes","Pityogenes hopkinsi","k__Fungi","p__Basidiomycota","c__Agaricomycetes","o__Agaricales","f__Psathyrellaceae","g__Psathyrella","s__typhae","negative"
"Pityogenes hopkinsi","ASV_20593",-2.54100208394626,0.007,0.0498808988764045,0.550561887006566,"Coleoptera","Curculionidae","Scolytinae","Pityogenes","Pityogenes hopkinsi","k__Fungi","p__Basidiomycota","c__Tremellomycetes","o__Tremellales","f__Bulleribasidiaceae","g__Vishniacozyma",NA,"negative"
"Pityogenes hopkinsi","ASV_21485",-3.94540760266835,0.007,0.0498808988764045,0.550561887006566,"Coleoptera","Curculionidae","Scolytinae","Pityogenes","Pityogenes hopkinsi","k__Fungi","p__Ascomycota",NA,NA,NA,NA,NA,"negative"
"Pityogenes hopkinsi","ASV_21764",-2.6601078266357,0.007,0.0498808988764045,0.550561887006566,"Coleoptera","Curculionidae","Scolytinae","Pityogenes","Pityogenes hopkinsi","k__Fungi","p__Basidiomycota","c__Tremellomycetes","o__Tremellales","f__Bulleribasidiaceae","g__Vishniacozyma","s__victoriae","negative"
"Pityogenes hopkinsi","ASV_24655",-3.15005355608833,0.007,0.0498808988764045,0.550561887006566,"Coleoptera","Curculionidae","Scolytinae","Pityogenes","Pityogenes hopkinsi","k__Fungi","p__Ascomycota","c__Sordariomycetes","o__Pisorisporiales","f__Pisorisporiaceae","g__Achroceratosphaeria",NA,"negative"
"Pityogenes hopkinsi","ASV_25429",-2.85978066945334,0.007,0.0498808988764045,0.550561887006566,"Coleoptera","Curculionidae","Scolytinae","Pityogenes","Pityogenes hopkinsi","k__Fungi","p__Ascomycota","c__Dothideomycetes","o__Mycosphaerellales","f__Mycosphaerellaceae","g__Ramularia",NA,"negative"
"Pityogenes hopkinsi","ASV_26853",-3.0702296288998,0.007,0.0498808988764045,0.550561887006566,"Coleoptera","Curculionidae","Scolytinae","Pityogenes","Pityogenes hopkinsi","k__Fungi","p__Ascomycota","c__Dothideomycetes","o__Mycosphaerellales","f__Mycosphaerellaceae","g__Acrodontium","s__neolitseae","negative"
"Pityogenes hopkinsi","ASV_27051",-3.09437978725312,0.007,0.0498808988764045,0.550561887006566,"Coleoptera","Curculionidae","Scolytinae","Pityogenes","Pityogenes hopkinsi","k__Fungi","p__Ascomycota","c__Dothideomycetes","o__Pleosporales",NA,NA,NA,"negative"
"Pityogenes hopkinsi","ASV_347",-2.30659758065795,0.008,0.0534625922023182,0.563406009580491,"Coleoptera","Curculionidae","Scolytinae","Pityogenes","Pityogenes hopkinsi","k__Fungi","p__Ascomycota","c__Dothideomycetes","o__Dothideales","f__Saccotheciaceae","g__Aureobasidium","s__pullulans","negative"
"Pityogenes hopkinsi","ASV_954",-2.34830412537574,0.008,0.0534625922023182,0.563406009580491,"Coleoptera","Curculionidae","Scolytinae","Pityogenes","Pityogenes hopkinsi","k__Fungi","p__Ascomycota","c__Dothideomycetes","o__Dothideales","f__Saccotheciaceae","g__Aureobasidium",NA,"negative"
"Pityogenes hopkinsi","ASV_979",-1.91474389034907,0.008,0.0534625922023182,0.563406009580491,"Coleoptera","Curculionidae","Scolytinae","Pityogenes","Pityogenes hopkinsi","k__Fungi","p__Basidiomycota","c__Microbotryomycetes","o__Sporidiobolales","f__Sporidiobolaceae","g__Rhodosporidiobolus",NA,"negative"
"Pityogenes hopkinsi","ASV_1274",3.70381149156415,0.008,0.0534625922023182,0.563406009580491,"Coleoptera","Curculionidae","Scolytinae","Pityogenes","Pityogenes hopkinsi","k__Fungi","p__Ascomycota","c__Dothideomycetes",NA,NA,NA,NA,"positive"
"Pityogenes hopkinsi","ASV_1587",-1.61556259830265,0.008,0.0534625922023182,0.563406009580491,"Coleoptera","Curculionidae","Scolytinae","Pityogenes","Pityogenes hopkinsi","k__Fungi","p__Ascomycota","c__Saccharomycetes","o__Saccharomycetales","f__Debaryomycetaceae","g__Scheffersomyces","s__shehatae","negative"
"Pityogenes hopkinsi","ASV_2190",-2.47179722360272,0.008,0.0534625922023182,0.563406009580491,"Coleoptera","Curculionidae","Scolytinae","Pityogenes","Pityogenes hopkinsi","k__Fungi","p__Ascomycota","c__Dothideomycetes","o__Capnodiales","f__Capnodiales_fam_Incertae_sedis","g__Arthrocatena",NA,"negative"
"Pityogenes hopkinsi","ASV_2591",-2.86650121115077,0.008,0.0534625922023182,0.563406009580491,"Coleoptera","Curculionidae","Scolytinae","Pityogenes","Pityogenes hopkinsi","k__Fungi","p__Ascomycota",NA,NA,NA,NA,NA,"negative"
"Pityogenes hopkinsi","ASV_2640",-2.39139054929844,0.008,0.0534625922023182,0.563406009580491,"Coleoptera","Curculionidae","Scolytinae","Pityogenes","Pityogenes hopkinsi","k__Fungi","p__Basidiomycota","c__Tremellomycetes","o__Tremellales","f__Cryptococcaceae","g__Cryptococcus","s__aureus","negative"
"Pityogenes hopkinsi","ASV_2834",2.89590667240279,0.008,0.0534625922023182,0.563406009580491,"Coleoptera","Curculionidae","Scolytinae","Pityogenes","Pityogenes hopkinsi","k__Fungi","p__Ascomycota","c__Sordariomycetes","o__Togniniales","f__Togniniaceae","g__Phaeoacremonium","s__angustius","positive"
"Pityogenes hopkinsi","ASV_2873",2.72902190654732,0.008,0.0534625922023182,0.563406009580491,"Coleoptera","Curculionidae","Scolytinae","Pityogenes","Pityogenes hopkinsi","k__Fungi","p__Ascomycota","c__Dothideomycetes","o__Venturiales","f__Venturiaceae","g__Venturia",NA,"positive"
"Pityogenes hopkinsi","ASV_2980",2.96619756700876,0.008,0.0534625922023182,0.563406009580491,"Coleoptera","Curculionidae","Scolytinae","Pityogenes","Pityogenes hopkinsi","k__Fungi","p__Basidiomycota","c__Agaricomycetes","o__Polyporales","f__Phanerochaetaceae","g__Bjerkandera","s__adusta","positive"
"Pityogenes hopkinsi","ASV_3107",4.06001421324664,0.008,0.0534625922023182,0.563406009580491,"Coleoptera","Curculionidae","Scolytinae","Pityogenes","Pityogenes hopkinsi","k__Fungi","p__Ascomycota","c__Leotiomycetes","o__Rhytismatales","f__Rhytismataceae","g__Bifusella","s__linearis","positive"
"Pityogenes hopkinsi","ASV_3422",3.37246750249777,0.008,0.0534625922023182,0.563406009580491,"Coleoptera","Curculionidae","Scolytinae","Pityogenes","Pityogenes hopkinsi","k__Fungi","p__Ascomycota","c__Eurotiomycetes","o__Coryneliales","f__Coryneliaceae","g__Caliciopsis","s__pinea","positive"
"Pityogenes hopkinsi","ASV_3882",2.73603250652784,0.008,0.0534625922023182,0.563406009580491,"Coleoptera","Curculionidae","Scolytinae","Pityogenes","Pityogenes hopkinsi","k__Fungi","p__Ascomycota","c__Dothideomycetes",NA,NA,NA,NA,"positive"
"Pityogenes hopkinsi","ASV_4041",3.53521790847666,0.008,0.0534625922023182,0.563406009580491,"Coleoptera","Curculionidae","Scolytinae","Pityogenes","Pityogenes hopkinsi","k__Fungi","p__Ascomycota","c__Dothideomycetes","o__Mycosphaerellales","f__Mycosphaerellaceae","g__Mycosphaerella","s__latebrosa","positive"
"Pityogenes hopkinsi","ASV_4578",-2.89452764302305,0.008,0.0534625922023182,0.563406009580491,"Coleoptera","Curculionidae","Scolytinae","Pityogenes","Pityogenes hopkinsi","k__Fungi","p__Ascomycota",NA,NA,NA,NA,NA,"negative"
"Pityogenes hopkinsi","ASV_4876",-2.7297218774006,0.008,0.0534625922023182,0.563406009580491,"Coleoptera","Curculionidae","Scolytinae","Pityogenes","Pityogenes hopkinsi","k__Fungi","p__Ascomycota","c__Sordariomycetes","o__Coniochaetales","f__Coniochaetaceae","g__Coniochaeta","s__fasciculata","negative"
"Pityogenes hopkinsi","ASV_5021",-2.63052174564703,0.008,0.0534625922023182,0.563406009580491,"Coleoptera","Curculionidae","Scolytinae","Pityogenes","Pityogenes hopkinsi","k__Fungi","p__Basidiomycota","c__Exobasidiomycetes","o__Microstromatales","f__Microstromatales_fam_Incertae_sedis","g__Pseudomicrostroma","s__phylloplanum","negative"
"Pityogenes hopkinsi","ASV_5655",-2.55129967484141,0.008,0.0534625922023182,0.563406009580491,"Coleoptera","Curculionidae","Scolytinae","Pityogenes","Pityogenes hopkinsi","k__Fungi","p__Ascomycota","c__Dothideomycetes","o__Dothideales","f__Saccotheciaceae","g__Aureobasidium","s__pullulans","negative"
"Pityogenes hopkinsi","ASV_5728",4.05844273397646,0.008,0.0534625922023182,0.563406009580491,"Coleoptera","Curculionidae","Scolytinae","Pityogenes","Pityogenes hopkinsi","k__Fungi","p__Ascomycota","c__Sordariomycetes","o__Diaporthales","f__Valsaceae","g__Cytospora","s__populina","positive"
"Pityogenes hopkinsi","ASV_5760",-2.99139516196963,0.008,0.0534625922023182,0.563406009580491,"Coleoptera","Curculionidae","Scolytinae","Pityogenes","Pityogenes hopkinsi","k__Fungi","p__Basidiomycota","c__Tremellomycetes","o__Tremellales","f__Bulleribasidiaceae","g__Dioszegia","s__changbaiensis","negative"
"Pityogenes hopkinsi","ASV_6054",-2.85773851772726,0.008,0.0534625922023182,0.563406009580491,"Coleoptera","Curculionidae","Scolytinae","Pityogenes","Pityogenes hopkinsi","k__Fungi","p__Basidiomycota","c__Tremellomycetes","o__Filobasidiales","f__Filobasidiaceae","g__Naganishia","s__albida","negative"
"Pityogenes hopkinsi","ASV_6207",-2.50992068381864,0.008,0.0534625922023182,0.563406009580491,"Coleoptera","Curculionidae","Scolytinae","Pityogenes","Pityogenes hopkinsi","k__Fungi","p__Basidiomycota","c__Exobasidiomycetes","o__Exobasidiales","f__Exobasidiaceae","g__Exobasidium",NA,"negative"
"Pityogenes hopkinsi","ASV_6462",-2.73556327725697,0.008,0.0534625922023182,0.563406009580491,"Coleoptera","Curculionidae","Scolytinae","Pityogenes","Pityogenes hopkinsi","k__Fungi","p__Ascomycota","c__Dothideomycetes","o__Mycosphaerellales","f__Mycosphaerellaceae","g__Sphaerulina","s__pelargonii","negative"
"Pityogenes hopkinsi","ASV_6599",-2.40666835806088,0.008,0.0534625922023182,0.563406009580491,"Coleoptera","Curculionidae","Scolytinae","Pityogenes","Pityogenes hopkinsi","k__Fungi","p__Ascomycota","c__Dothideomycetes","o__Mycosphaerellales","f__Mycosphaerellaceae","g__Sphaerulina","s__pelargonii","negative"
"Pityogenes hopkinsi","ASV_7046",-3.08530950420725,0.008,0.0534625922023182,0.563406009580491,"Coleoptera","Curculionidae","Scolytinae","Pityogenes","Pityogenes hopkinsi","k__Fungi","p__Ascomycota",NA,NA,NA,NA,NA,"negative"
"Pityogenes hopkinsi","ASV_8886",-2.90180459086328,0.008,0.0534625922023182,0.563406009580491,"Coleoptera","Curculionidae","Scolytinae","Pityogenes","Pityogenes hopkinsi","k__Fungi","p__Ascomycota","c__Dothideomycetes","o__Capnodiales","f__Neoantennariellaceae","g__Cippumomyces","s__mortalis","negative"
"Pityogenes hopkinsi","ASV_8948",3.42883723120361,0.008,0.0534625922023182,0.563406009580491,"Coleoptera","Curculionidae","Scolytinae","Pityogenes","Pityogenes hopkinsi","k__Fungi","p__Ascomycota",NA,NA,NA,NA,NA,"positive"
"Pityogenes hopkinsi","ASV_9084",-2.10393934243994,0.008,0.0534625922023182,0.563406009580491,"Coleoptera","Curculionidae","Scolytinae","Pityogenes","Pityogenes hopkinsi","k__Fungi","p__Basidiomycota","c__Agaricomycetes","o__Geastrales","f__Geastraceae","g__Geastrum","s__hieronymi","negative"
"Pityogenes hopkinsi","ASV_9272",-2.25028514414322,0.008,0.0534625922023182,0.563406009580491,"Coleoptera","Curculionidae","Scolytinae","Pityogenes","Pityogenes hopkinsi","k__Fungi",NA,NA,NA,NA,NA,NA,"negative"
"Pityogenes hopkinsi","ASV_9407",2.79112770278365,0.008,0.0534625922023182,0.563406009580491,"Coleoptera","Curculionidae","Scolytinae","Pityogenes","Pityogenes hopkinsi","k__Fungi","p__Ascomycota",NA,NA,NA,NA,NA,"positive"
"Pityogenes hopkinsi","ASV_9631",3.20922137612991,0.008,0.0534625922023182,0.563406009580491,"Coleoptera","Curculionidae","Scolytinae","Pityogenes","Pityogenes hopkinsi","k__Fungi","p__Ascomycota","c__Sordariomycetes","o__Diaporthales","f__Valsaceae","g__Cytospora","s__beilinensis","positive"
"Pityogenes hopkinsi","ASV_9669",-2.99100845865802,0.008,0.0534625922023182,0.563406009580491,"Coleoptera","Curculionidae","Scolytinae","Pityogenes","Pityogenes hopkinsi","k__Fungi","p__Basidiomycota","c__Atractiellomycetes","o__Atractiellales","f__Phleogenaceae","g__Helicogloea","s__compressa","negative"
"Pityogenes hopkinsi","ASV_10402",-2.72674009843973,0.008,0.0534625922023182,0.563406009580491,"Coleoptera","Curculionidae","Scolytinae","Pityogenes","Pityogenes hopkinsi","k__Fungi","p__Ascomycota","c__Dothideomycetes","o__Pleosporales","f__Melanommataceae",NA,NA,"negative"
"Pityogenes hopkinsi","ASV_10729",-2.02779238626091,0.008,0.0534625922023182,0.563406009580491,"Coleoptera","Curculionidae","Scolytinae","Pityogenes","Pityogenes hopkinsi","k__Fungi","p__Ascomycota","c__Sordariomycetes","o__Diaporthales","f__Valsaceae","g__Cytospora",NA,"negative"
"Pityogenes hopkinsi","ASV_11670",-2.46505758078681,0.008,0.0534625922023182,0.563406009580491,"Coleoptera","Curculionidae","Scolytinae","Pityogenes","Pityogenes hopkinsi","k__Fungi","p__Ascomycota","c__Dothideomycetes","o__Mycosphaerellales","f__Mycosphaerellaceae","g__Sphaerulina","s__pelargonii","negative"
"Pityogenes hopkinsi","ASV_12490",-3.04248563177074,0.008,0.0534625922023182,0.563406009580491,"Coleoptera","Curculionidae","Scolytinae","Pityogenes","Pityogenes hopkinsi","k__Fungi","p__Ascomycota","c__Dothideomycetes","o__Mycosphaerellales","f__Teratosphaeriaceae","g__Catenulostroma","s__hermanusense","negative"
"Pityogenes hopkinsi","ASV_13228",-2.33852342247055,0.008,0.0534625922023182,0.563406009580491,"Coleoptera","Curculionidae","Scolytinae","Pityogenes","Pityogenes hopkinsi","k__Fungi","p__Ascomycota","c__Eurotiomycetes","o__Chaetothyriales","f__Herpotrichiellaceae","g__Exophiala",NA,"negative"
"Pityogenes hopkinsi","ASV_13670",-3.03312228339073,0.008,0.0534625922023182,0.563406009580491,"Coleoptera","Curculionidae","Scolytinae","Pityogenes","Pityogenes hopkinsi","k__Fungi","p__Ascomycota","c__Arthoniomycetes","o__Arthoniomycetes_ord_Incertae_sedis","f__Arthoniomycetes_fam_Incertae_sedis","g__Arthoniomycetes_gen_Incertae_sedis",NA,"negative"
"Pityogenes hopkinsi","ASV_15098",-2.41882742318514,0.008,0.0534625922023182,0.563406009580491,"Coleoptera","Curculionidae","Scolytinae","Pityogenes","Pityogenes hopkinsi","k__Fungi","p__Basidiomycota","c__Agaricomycetes","o__Russulales","f__Peniophoraceae","g__Peniophoraceae_gen_Incertae_sedis",NA,"negative"
"Pityogenes hopkinsi","ASV_15583",-2.2521329266158,0.008,0.0534625922023182,0.563406009580491,"Coleoptera","Curculionidae","Scolytinae","Pityogenes","Pityogenes hopkinsi","k__Fungi","p__Ascomycota","c__Dothideomycetes","o__Dothideales","f__Saccotheciaceae","g__Aureobasidium","s__pullulans","negative"
"Pityogenes hopkinsi","ASV_15830",-2.31373599780489,0.008,0.0534625922023182,0.563406009580491,"Coleoptera","Curculionidae","Scolytinae","Pityogenes","Pityogenes hopkinsi","k__Fungi","p__Ascomycota","c__Dothideomycetes","o__Dothideales",NA,NA,NA,"negative"
"Pityogenes hopkinsi","ASV_15874",-2.63108279338418,0.008,0.0534625922023182,0.563406009580491,"Coleoptera","Curculionidae","Scolytinae","Pityogenes","Pityogenes hopkinsi","k__Fungi","p__Basidiomycota","c__Cystobasidiomycetes","o__Erythrobasidiales","f__Erythrobasidiaceae","g__Erythrobasidium","s__hasegawae","negative"
"Pityogenes hopkinsi","ASV_16211",-2.87890274606097,0.008,0.0534625922023182,0.563406009580491,"Coleoptera","Curculionidae","Scolytinae","Pityogenes","Pityogenes hopkinsi","k__Fungi","p__Ascomycota","c__Sordariomycetes","o__Diaporthales","f__Erythrogloeaceae","g__Dendrostoma",NA,"negative"
"Pityogenes hopkinsi","ASV_16761",-2.79123072795527,0.008,0.0534625922023182,0.563406009580491,"Coleoptera","Curculionidae","Scolytinae","Pityogenes","Pityogenes hopkinsi","k__Fungi","p__Ascomycota","c__Sordariomycetes","o__Xylariales","f__Xylariales_fam_Incertae_sedis","g__Hansfordia","s__pulvinata","negative"
"Pityogenes hopkinsi","ASV_17184",-2.74572102648273,0.008,0.0534625922023182,0.563406009580491,"Coleoptera","Curculionidae","Scolytinae","Pityogenes","Pityogenes hopkinsi","k__Fungi","p__Ascomycota","c__Dothideomycetes","o__Mycosphaerellales","f__Teratosphaeriaceae",NA,NA,"negative"
"Pityogenes hopkinsi","ASV_17680",-2.44435468862272,0.008,0.0534625922023182,0.563406009580491,"Coleoptera","Curculionidae","Scolytinae","Pityogenes","Pityogenes hopkinsi","k__Fungi","p__Ascomycota","c__Dothideomycetes","o__Pleosporales",NA,NA,NA,"negative"
"Pityogenes hopkinsi","ASV_17719",-2.47161941324194,0.008,0.0534625922023182,0.563406009580491,"Coleoptera","Curculionidae","Scolytinae","Pityogenes","Pityogenes hopkinsi","k__Fungi","p__Ascomycota","c__Dothideomycetes","o__Capnodiales","f__Cladosporiaceae","g__Cladosporium","s__herbarum","negative"
"Pityogenes hopkinsi","ASV_18092",-2.91609890998472,0.008,0.0534625922023182,0.563406009580491,"Coleoptera","Curculionidae","Scolytinae","Pityogenes","Pityogenes hopkinsi","k__Fungi","p__Ascomycota","c__Leotiomycetes","o__Helotiales","f__Helotiales_fam_Incertae_sedis","g__Cryptocline","s__arctostaphyli","negative"
"Pityogenes hopkinsi","ASV_19292",-2.29731598212373,0.008,0.0534625922023182,0.563406009580491,"Coleoptera","Curculionidae","Scolytinae","Pityogenes","Pityogenes hopkinsi","k__Fungi","p__Basidiomycota","c__Agaricostilbomycetes","o__Agaricostilbales","f__Jianyuniaceae","g__Jianyunia",NA,"negative"
"Pityogenes hopkinsi","ASV_19790",-2.5777282417953,0.008,0.0534625922023182,0.563406009580491,"Coleoptera","Curculionidae","Scolytinae","Pityogenes","Pityogenes hopkinsi","k__Fungi","p__Ascomycota","c__Dothideomycetes","o__Dothideales","f__Dothideaceae","g__Rhizosphaera",NA,"negative"
"Pityogenes hopkinsi","ASV_19801",-2.41165172814268,0.008,0.0534625922023182,0.563406009580491,"Coleoptera","Curculionidae","Scolytinae","Pityogenes","Pityogenes hopkinsi","k__Fungi","p__Ascomycota","c__Dothideomycetes","o__Dothideales","f__Dothideales_fam_Incertae_sedis","g__Dothideales_gen_Incertae_sedis",NA,"negative"
"Pityogenes hopkinsi","ASV_20062",-2.50410340132179,0.008,0.0534625922023182,0.563406009580491,"Coleoptera","Curculionidae","Scolytinae","Pityogenes","Pityogenes hopkinsi","k__Fungi","p__Ascomycota","c__Dothideomycetes","o__Capnodiales","f__Cladosporiaceae","g__Cladosporium","s__herbarum","negative"
"Pityogenes hopkinsi","ASV_20266",-2.84552612021488,0.008,0.0534625922023182,0.563406009580491,"Coleoptera","Curculionidae","Scolytinae","Pityogenes","Pityogenes hopkinsi","k__Fungi","p__Basidiomycota","c__Exobasidiomycetes","o__Microstromatales","f__Microstromatales_fam_Incertae_sedis","g__Pseudomicrostroma",NA,"negative"
"Pityogenes hopkinsi","ASV_23819",-2.66946650029751,0.008,0.0534625922023182,0.563406009580491,"Coleoptera","Curculionidae","Scolytinae","Pityogenes","Pityogenes hopkinsi","k__Fungi","p__Ascomycota","c__Dothideomycetes","o__Capnodiales","f__Cladosporiaceae","g__Cladosporium",NA,"negative"
"Pityogenes hopkinsi","ASV_24896",-3.44602022836126,0.008,0.0534625922023182,0.563406009580491,"Coleoptera","Curculionidae","Scolytinae","Pityogenes","Pityogenes hopkinsi","k__Fungi","p__Ascomycota","c__Dothideomycetes","o__Pleosporales","f__Didymosphaeriaceae","g__Spegazzinia","s__radermacherae","negative"
"Pityogenes hopkinsi","ASV_24897",-2.60080124397631,0.008,0.0534625922023182,0.563406009580491,"Coleoptera","Curculionidae","Scolytinae","Pityogenes","Pityogenes hopkinsi","k__Fungi","p__Ascomycota","c__Dothideomycetes","o__Mycosphaerellales","f__Teratosphaeriaceae","g__Neocatenulostroma",NA,"negative"
"Pityogenes hopkinsi","ASV_26055",-2.26756956855623,0.008,0.0534625922023182,0.563406009580491,"Coleoptera","Curculionidae","Scolytinae","Pityogenes","Pityogenes hopkinsi","k__Fungi","p__Ascomycota","c__Leotiomycetes","o__Helotiales","f__Hyaloscyphaceae","g__Unguicularia","s__carestiana","negative"
"Pityogenes hopkinsi","ASV_27540",-2.92326869628948,0.008,0.0534625922023182,0.563406009580491,"Coleoptera","Curculionidae","Scolytinae","Pityogenes","Pityogenes hopkinsi","k__Fungi","p__Ascomycota",NA,NA,NA,NA,NA,"negative"
"Xyleborinus attenuatus","ASV_7",-4.88958709654699,0.001,0.056625,0.371345579793341,"Coleoptera","Curculionidae","Scolytinae","Xyleborinus","Xyleborinus attenuatus","k__Fungi","p__Ascomycota","c__Dothideomycetes","o__Dothideales","f__Dothioraceae","g__Dothiora",NA,"negative"
"Xyleborinus attenuatus","ASV_42",-4.1018849205717,0.001,0.056625,0.371345579793341,"Coleoptera","Curculionidae","Scolytinae","Xyleborinus","Xyleborinus attenuatus","k__Fungi","p__Ascomycota","c__Dothideomycetes","o__Mycosphaerellales","f__Mycosphaerellaceae","g__Ramularia",NA,"negative"
"Xyleborinus attenuatus","ASV_43",-3.77972049049749,0.001,0.056625,0.371345579793341,"Coleoptera","Curculionidae","Scolytinae","Xyleborinus","Xyleborinus attenuatus","k__Fungi","p__Basidiomycota","c__Microbotryomycetes","o__Microbotryomycetes_ord_Incertae_sedis","f__Microbotryomycetes_fam_Incertae_sedis","g__Curvibasidium",NA,"negative"
"Xyleborinus attenuatus","ASV_65",7.54031360499827,0.001,0.056625,0.371345579793341,"Coleoptera","Curculionidae","Scolytinae","Xyleborinus","Xyleborinus attenuatus","k__Fungi",NA,NA,NA,NA,NA,NA,"positive"
"Xyleborinus attenuatus","ASV_68",-7.07631526261644,0.001,0.056625,0.371345579793341,"Coleoptera","Curculionidae","Scolytinae","Xyleborinus","Xyleborinus attenuatus","k__Fungi","p__Ascomycota","c__Leotiomycetes","o__Helotiales","f__Helotiales_fam_Incertae_sedis","g__Cryptocline","s__arctostaphyli","negative"
"Xyleborinus attenuatus","ASV_71",5.38159507925556,0.001,0.056625,0.371345579793341,"Coleoptera","Curculionidae","Scolytinae","Xyleborinus","Xyleborinus attenuatus","k__Fungi","p__Ascomycota","c__Dothideomycetes","o__Pleosporales","f__Didymellaceae",NA,NA,"positive"
"Xyleborinus attenuatus","ASV_90",-5.46317214355103,0.001,0.056625,0.371345579793341,"Coleoptera","Curculionidae","Scolytinae","Xyleborinus","Xyleborinus attenuatus","k__Fungi","p__Ascomycota","c__Taphrinomycetes","o__Taphrinales","f__Taphrinaceae","g__Taphrina",NA,"negative"
"Xyleborinus attenuatus","ASV_105",-5.87134953712027,0.001,0.056625,0.371345579793341,"Coleoptera","Curculionidae","Scolytinae","Xyleborinus","Xyleborinus attenuatus","k__Fungi","p__Basidiomycota","c__Tremellomycetes","o__Tremellales","f__Cryptococcaceae","g__Teunia",NA,"negative"
"Xyleborinus attenuatus","ASV_125",-5.79549254192201,0.001,0.056625,0.371345579793341,"Coleoptera","Curculionidae","Scolytinae","Xyleborinus","Xyleborinus attenuatus","k__Fungi","p__Ascomycota","c__Dothideomycetes","o__Dothideales","f__Dothioraceae","g__Dothiora",NA,"negative"
"Xyleborinus attenuatus","ASV_139",-3.42510497706115,0.001,0.056625,0.371345579793341,"Coleoptera","Curculionidae","Scolytinae","Xyleborinus","Xyleborinus attenuatus","k__Fungi","p__Basidiomycota","c__Tremellomycetes","o__Tremellales","f__Cryptococcaceae","g__Kwoniella","s__pini","negative"
"Xyleborinus attenuatus","ASV_171",-3.95745731735494,0.001,0.056625,0.371345579793341,"Coleoptera","Curculionidae","Scolytinae","Xyleborinus","Xyleborinus attenuatus","k__Fungi","p__Ascomycota","c__Dothideomycetes","o__Dothideales","f__Saccotheciaceae","g__Aureobasidium","s__pullulans","negative"
"Xyleborinus attenuatus","ASV_189",-5.86237176538,0.001,0.056625,0.371345579793341,"Coleoptera","Curculionidae","Scolytinae","Xyleborinus","Xyleborinus attenuatus","k__Fungi","p__Ascomycota","c__Dothideomycetes","o__Dothideales","f__Dothideaceae","g__Rhizosphaera",NA,"negative"
"Xyleborinus attenuatus","ASV_201",-3.66034240693308,0.001,0.056625,0.371345579793341,"Coleoptera","Curculionidae","Scolytinae","Xyleborinus","Xyleborinus attenuatus","k__Fungi","p__Ascomycota","c__Dothideomycetes","o__Dothideales","f__Saccotheciaceae","g__Aureobasidium","s__pullulans","negative"
"Xyleborinus attenuatus","ASV_217",4.13424949456848,0.001,0.056625,0.371345579793341,"Coleoptera","Curculionidae","Scolytinae","Xyleborinus","Xyleborinus attenuatus","k__Fungi","p__Ascomycota","c__Leotiomycetes","o__Helotiales","f__Lachnaceae","g__Proliferodiscus","s__earoleucus","positive"
"Xyleborinus attenuatus","ASV_244",-4.24564509553936,0.001,0.056625,0.371345579793341,"Coleoptera","Curculionidae","Scolytinae","Xyleborinus","Xyleborinus attenuatus","k__Fungi","p__Basidiomycota","c__Tremellomycetes","o__Filobasidiales","f__Filobasidiaceae","g__Filobasidium","s__wieringae","negative"
"Xyleborinus attenuatus","ASV_246",-4.72426852179981,0.001,0.056625,0.371345579793341,"Coleoptera","Curculionidae","Scolytinae","Xyleborinus","Xyleborinus attenuatus","k__Fungi","p__Ascomycota","c__Dothideomycetes","o__Capnodiales","f__Neoantennariellaceae","g__Cippumomyces","s__mortalis","negative"
"Xyleborinus attenuatus","ASV_302",3.8725505264304,0.001,0.056625,0.371345579793341,"Coleoptera","Curculionidae","Scolytinae","Xyleborinus","Xyleborinus attenuatus","k__Fungi","p__Ascomycota","c__Leotiomycetes","o__Helotiales","f__Lachnaceae","g__Proliferodiscus","s__earoleucus","positive"
"Xyleborinus attenuatus","ASV_303",-5.85987476616182,0.001,0.056625,0.371345579793341,"Coleoptera","Curculionidae","Scolytinae","Xyleborinus","Xyleborinus attenuatus","k__Fungi","p__Basidiomycota","c__Tremellomycetes","o__Tremellales","f__Bulleraceae","g__Fonsecazyma",NA,"negative"
"Xyleborinus attenuatus","ASV_305",-3.63927910815158,0.001,0.056625,0.371345579793341,"Coleoptera","Curculionidae","Scolytinae","Xyleborinus","Xyleborinus attenuatus","k__Fungi","p__Ascomycota","c__Sordariomycetes","o__Diaporthales","f__Tubakiaceae","g__Tubakia",NA,"negative"
"Xyleborinus attenuatus","ASV_311",4.06658426972817,0.001,0.056625,0.371345579793341,"Coleoptera","Curculionidae","Scolytinae","Xyleborinus","Xyleborinus attenuatus","k__Fungi","p__Ascomycota","c__Dothideomycetes","o__Pleosporales","f__Didymosphaeriaceae","g__Pseudopithomyces",NA,"positive"
"Xyleborinus attenuatus","ASV_324",-5.96341620532287,0.001,0.056625,0.371345579793341,"Coleoptera","Curculionidae","Scolytinae","Xyleborinus","Xyleborinus attenuatus","k__Fungi","p__Ascomycota","c__Leotiomycetes","o__Helotiales","f__Helotiales_fam_Incertae_sedis","g__Cryptocline","s__arctostaphyli","negative"
"Xyleborinus attenuatus","ASV_333",-4.25759777853455,0.001,0.056625,0.371345579793341,"Coleoptera","Curculionidae","Scolytinae","Xyleborinus","Xyleborinus attenuatus","k__Fungi","p__Ascomycota","c__Dothideomycetes","o__Pleosporales","f__Phaeosphaeriaceae",NA,NA,"negative"
"Xyleborinus attenuatus","ASV_334",-4.72877040062698,0.001,0.056625,0.371345579793341,"Coleoptera","Curculionidae","Scolytinae","Xyleborinus","Xyleborinus attenuatus","k__Fungi","p__Basidiomycota","c__Tremellomycetes","o__Tremellales","f__Cryptococcaceae","g__Teunia",NA,"negative"
"Xyleborinus attenuatus","ASV_338",-5.5324643716551,0.001,0.056625,0.371345579793341,"Coleoptera","Curculionidae","Scolytinae","Xyleborinus","Xyleborinus attenuatus","k__Fungi","p__Ascomycota","c__Leotiomycetes","o__Helotiales","f__Helotiales_fam_Incertae_sedis","g__Cryptocline","s__arctostaphyli","negative"
"Xyleborinus attenuatus","ASV_349",-4.19034306308082,0.001,0.056625,0.371345579793341,"Coleoptera","Curculionidae","Scolytinae","Xyleborinus","Xyleborinus attenuatus","k__Fungi","p__Basidiomycota","c__Tremellomycetes","o__Tremellales",NA,NA,NA,"negative"
"Xyleborinus attenuatus","ASV_374",-4.54852257669599,0.001,0.056625,0.371345579793341,"Coleoptera","Curculionidae","Scolytinae","Xyleborinus","Xyleborinus attenuatus","k__Fungi","p__Basidiomycota","c__Tremellomycetes","o__Cystofilobasidiales","f__Mrakiaceae","g__Udeniomyces","s__pyricola","negative"
"Xyleborinus attenuatus","ASV_387",-4.68534520377283,0.001,0.056625,0.371345579793341,"Coleoptera","Curculionidae","Scolytinae","Xyleborinus","Xyleborinus attenuatus","k__Fungi","p__Ascomycota","c__Dothideomycetes","o__Dothideales","f__Dothioraceae","g__Dothiora",NA,"negative"
"Xyleborinus attenuatus","ASV_394",3.74620478915717,0.001,0.056625,0.371345579793341,"Coleoptera","Curculionidae","Scolytinae","Xyleborinus","Xyleborinus attenuatus","k__Fungi","p__Ascomycota","c__Eurotiomycetes","o__Chaetothyriales","f__Paracladophialophoraceae","g__Paracladophialophora",NA,"positive"
"Xyleborinus attenuatus","ASV_436",-3.18477836375771,0.001,0.056625,0.371345579793341,"Coleoptera","Curculionidae","Scolytinae","Xyleborinus","Xyleborinus attenuatus","k__Fungi","p__Ascomycota","c__Dothideomycetes","o__Dothideales","f__Dothioraceae","g__Dothiora",NA,"negative"
"Xyleborinus attenuatus","ASV_448",-4.80430184466913,0.001,0.056625,0.371345579793341,"Coleoptera","Curculionidae","Scolytinae","Xyleborinus","Xyleborinus attenuatus","k__Fungi","p__Basidiomycota","c__Agaricomycetes","o__Polyporales","f__Polyporaceae","g__Cerioporus","s__mollis","negative"
"Xyleborinus attenuatus","ASV_481",-4.32141892666076,0.001,0.056625,0.371345579793341,"Coleoptera","Curculionidae","Scolytinae","Xyleborinus","Xyleborinus attenuatus","k__Fungi","p__Ascomycota","c__Dothideomycetes","o__Dothideales","f__Dothioraceae","g__Dothiora",NA,"negative"
"Xyleborinus attenuatus","ASV_509",-4.05796574760528,0.001,0.056625,0.371345579793341,"Coleoptera","Curculionidae","Scolytinae","Xyleborinus","Xyleborinus attenuatus","k__Fungi","p__Basidiomycota","c__Tremellomycetes","o__Tremellales","f__Bulleribasidiaceae","g__Vishniacozyma","s__victoriae","negative"
"Xyleborinus attenuatus","ASV_512",-4.01271486831523,0.001,0.056625,0.371345579793341,"Coleoptera","Curculionidae","Scolytinae","Xyleborinus","Xyleborinus attenuatus","k__Fungi","p__Ascomycota","c__Leotiomycetes","o__Helotiales","f__Sclerotiniaceae",NA,NA,"negative"
"Xyleborinus attenuatus","ASV_541",-5.40827023488458,0.001,0.056625,0.371345579793341,"Coleoptera","Curculionidae","Scolytinae","Xyleborinus","Xyleborinus attenuatus","k__Fungi","p__Ascomycota","c__Dothideomycetes","o__Dothideales","f__Dothioraceae","g__Dothiora",NA,"negative"
"Xyleborinus attenuatus","ASV_542",-3.8667143407805,0.001,0.056625,0.371345579793341,"Coleoptera","Curculionidae","Scolytinae","Xyleborinus","Xyleborinus attenuatus","k__Fungi",NA,NA,NA,NA,NA,NA,"negative"
"Xyleborinus attenuatus","ASV_549",3.92176237308196,0.001,0.056625,0.371345579793341,"Coleoptera","Curculionidae","Scolytinae","Xyleborinus","Xyleborinus attenuatus","k__Fungi",NA,NA,NA,NA,NA,NA,"positive"
"Xyleborinus attenuatus","ASV_562",3.5103913641572,0.001,0.056625,0.371345579793341,"Coleoptera","Curculionidae","Scolytinae","Xyleborinus","Xyleborinus attenuatus","k__Fungi","p__Ascomycota","c__Eurotiomycetes","o__Phaeomoniellales","f__Phaeomoniellaceae",NA,NA,"positive"
"Xyleborinus attenuatus","ASV_611",-4.15130919876185,0.001,0.056625,0.371345579793341,"Coleoptera","Curculionidae","Scolytinae","Xyleborinus","Xyleborinus attenuatus","k__Fungi","p__Ascomycota","c__Dothideomycetes","o__Dothideales","f__Dothideaceae","g__Rhizosphaera",NA,"negative"
"Xyleborinus attenuatus","ASV_616",4.01324806723208,0.001,0.056625,0.371345579793341,"Coleoptera","Curculionidae","Scolytinae","Xyleborinus","Xyleborinus attenuatus","k__Fungi","p__Ascomycota","c__Sordariomycetes","o__Diaporthales","f__Valsaceae","g__Cytospora","s__prunicola","positive"
"Xyleborinus attenuatus","ASV_617",4.6578663673473,0.001,0.056625,0.371345579793341,"Coleoptera","Curculionidae","Scolytinae","Xyleborinus","Xyleborinus attenuatus","k__Fungi","p__Ascomycota",NA,NA,NA,NA,NA,"positive"
"Xyleborinus attenuatus","ASV_634",-5.19918586147028,0.001,0.056625,0.371345579793341,"Coleoptera","Curculionidae","Scolytinae","Xyleborinus","Xyleborinus attenuatus","k__Fungi","p__Basidiomycota","c__Tremellomycetes","o__Filobasidiales","f__Filobasidiaceae","g__Filobasidiaceae_gen_Incertae_sedis",NA,"negative"
"Xyleborinus attenuatus","ASV_643",-3.86731851335924,0.001,0.056625,0.371345579793341,"Coleoptera","Curculionidae","Scolytinae","Xyleborinus","Xyleborinus attenuatus","k__Fungi","p__Basidiomycota","c__Tremellomycetes",NA,NA,NA,NA,"negative"
"Xyleborinus attenuatus","ASV_657",4.14514747126039,0.001,0.056625,0.371345579793341,"Coleoptera","Curculionidae","Scolytinae","Xyleborinus","Xyleborinus attenuatus","k__Fungi","p__Ascomycota","c__Eurotiomycetes","o__Phaeomoniellales","f__Phaeomoniellaceae",NA,NA,"positive"
"Xyleborinus attenuatus","ASV_686",-3.68798176477042,0.001,0.056625,0.371345579793341,"Coleoptera","Curculionidae","Scolytinae","Xyleborinus","Xyleborinus attenuatus","k__Fungi","p__Ascomycota",NA,NA,NA,NA,NA,"negative"
"Xyleborinus attenuatus","ASV_728",-4.59958010067207,0.001,0.056625,0.371345579793341,"Coleoptera","Curculionidae","Scolytinae","Xyleborinus","Xyleborinus attenuatus","k__Fungi","p__Basidiomycota","c__Tremellomycetes",NA,NA,NA,NA,"negative"
"Xyleborinus attenuatus","ASV_754",-3.94204844464162,0.001,0.056625,0.371345579793341,"Coleoptera","Curculionidae","Scolytinae","Xyleborinus","Xyleborinus attenuatus","k__Fungi","p__Ascomycota","c__Dothideomycetes","o__Capnodiales","f__Neoantennariellaceae","g__Cippumomyces","s__mortalis","negative"
"Xyleborinus attenuatus","ASV_771",-5.20634192618209,0.001,0.056625,0.371345579793341,"Coleoptera","Curculionidae","Scolytinae","Xyleborinus","Xyleborinus attenuatus","k__Fungi","p__Ascomycota","c__Dothideomycetes","o__Dothideales","f__Dothioraceae","g__Dothiora",NA,"negative"
"Xyleborinus attenuatus","ASV_773",-6.62298379677077,0.001,0.056625,0.371345579793341,"Coleoptera","Curculionidae","Scolytinae","Xyleborinus","Xyleborinus attenuatus","k__Fungi","p__Ascomycota","c__Leotiomycetes","o__Helotiales","f__Helotiales_fam_Incertae_sedis","g__Cryptocline","s__arctostaphyli","negative"
"Xyleborinus attenuatus","ASV_809",-5.50296766170601,0.001,0.056625,0.371345579793341,"Coleoptera","Curculionidae","Scolytinae","Xyleborinus","Xyleborinus attenuatus","k__Fungi","p__Basidiomycota","c__Tremellomycetes","o__Tremellales","f__Bulleraceae","g__Fonsecazyma",NA,"negative"
"Xyleborinus attenuatus","ASV_831",-4.96893722243927,0.001,0.056625,0.371345579793341,"Coleoptera","Curculionidae","Scolytinae","Xyleborinus","Xyleborinus attenuatus","k__Fungi","p__Basidiomycota","c__Tremellomycetes",NA,NA,NA,NA,"negative"
"Xyleborinus attenuatus","ASV_860",-4.90481911880627,0.001,0.056625,0.371345579793341,"Coleoptera","Curculionidae","Scolytinae","Xyleborinus","Xyleborinus attenuatus","k__Fungi","p__Basidiomycota","c__Agaricomycetes","o__Agaricales","f__Entolomataceae","g__Entoloma","s__paraconferendum","negative"
"Xyleborinus attenuatus","ASV_885",-5.21003047997566,0.001,0.056625,0.371345579793341,"Coleoptera","Curculionidae","Scolytinae","Xyleborinus","Xyleborinus attenuatus","k__Fungi","p__Ascomycota","c__Dothideomycetes","o__Dothideales","f__Aureobasidiaceae","g__Kabatiella",NA,"negative"
"Xyleborinus attenuatus","ASV_940",-4.23806930932503,0.001,0.056625,0.371345579793341,"Coleoptera","Curculionidae","Scolytinae","Xyleborinus","Xyleborinus attenuatus","k__Fungi","p__Ascomycota","c__Dothideomycetes","o__Capnodiales","f__Neoantennariellaceae","g__Cippumomyces","s__mortalis","negative"
"Xyleborinus attenuatus","ASV_966",-4.5532864341457,0.001,0.056625,0.371345579793341,"Coleoptera","Curculionidae","Scolytinae","Xyleborinus","Xyleborinus attenuatus","k__Fungi","p__Ascomycota","c__Dothideomycetes",NA,NA,NA,NA,"negative"
"Xyleborinus attenuatus","ASV_969",3.96194937855968,0.001,0.056625,0.371345579793341,"Coleoptera","Curculionidae","Scolytinae","Xyleborinus","Xyleborinus attenuatus","k__Fungi","p__Ascomycota","c__Sordariomycetes","o__Diaporthales","f__Valsaceae","g__Cytospora","s__populina","positive"
"Xyleborinus attenuatus","ASV_986",-4.38054220253661,0.001,0.056625,0.371345579793341,"Coleoptera","Curculionidae","Scolytinae","Xyleborinus","Xyleborinus attenuatus","k__Fungi","p__Ascomycota","c__Dothideomycetes","o__Dothideales","f__Dothioraceae","g__Dothiora",NA,"negative"
"Xyleborinus attenuatus","ASV_993",-4.1763053285128,0.001,0.056625,0.371345579793341,"Coleoptera","Curculionidae","Scolytinae","Xyleborinus","Xyleborinus attenuatus","k__Fungi","p__Ascomycota","c__Dothideomycetes","o__Dothideales","f__Dothioraceae","g__Dothiora",NA,"negative"
"Xyleborinus attenuatus","ASV_1029",4.57580306923114,0.001,0.056625,0.371345579793341,"Coleoptera","Curculionidae","Scolytinae","Xyleborinus","Xyleborinus attenuatus","k__Fungi","p__Ascomycota","c__Leotiomycetes","o__Helotiales","f__Sclerotiniaceae",NA,NA,"positive"
"Xyleborinus attenuatus","ASV_1050",-5.01388409965541,0.001,0.056625,0.371345579793341,"Coleoptera","Curculionidae","Scolytinae","Xyleborinus","Xyleborinus attenuatus","k__Fungi","p__Ascomycota","c__Taphrinomycetes","o__Taphrinales","f__Taphrinaceae","g__Taphrina",NA,"negative"
"Xyleborinus attenuatus","ASV_1113",-3.89293313131055,0.001,0.056625,0.371345579793341,"Coleoptera","Curculionidae","Scolytinae","Xyleborinus","Xyleborinus attenuatus","k__Fungi","p__Ascomycota","c__Dothideomycetes","o__Mycosphaerellales","f__Mycosphaerellaceae","g__Mycosphaerella","s__latebrosa","negative"
"Xyleborinus attenuatus","ASV_1167",5.32427696106998,0.001,0.056625,0.371345579793341,"Coleoptera","Curculionidae","Scolytinae","Xyleborinus","Xyleborinus attenuatus","k__Fungi","p__Ascomycota","c__Sordariomycetes","o__Xylariales","f__Diatrypaceae","g__Diatrype","s__decorticata","positive"
"Xyleborinus attenuatus","ASV_1221",4.37956408333301,0.001,0.056625,0.371345579793341,"Coleoptera","Curculionidae","Scolytinae","Xyleborinus","Xyleborinus attenuatus","k__Fungi","p__Ascomycota","c__Sordariomycetes","o__Diaporthales","f__Valsaceae","g__Cytospora",NA,"positive"
"Xyleborinus attenuatus","ASV_1275",-4.78178351348695,0.001,0.056625,0.371345579793341,"Coleoptera","Curculionidae","Scolytinae","Xyleborinus","Xyleborinus attenuatus","k__Fungi","p__Basidiomycota","c__Tremellomycetes","o__Tremellales","f__Bulleraceae","g__Fonsecazyma",NA,"negative"
"Xyleborinus attenuatus","ASV_1398",3.34847430393475,0.001,0.056625,0.371345579793341,"Coleoptera","Curculionidae","Scolytinae","Xyleborinus","Xyleborinus attenuatus","k__Fungi","p__Ascomycota",NA,NA,NA,NA,NA,"positive"
"Xyleborinus attenuatus","ASV_1530",-5.75871102588767,0.001,0.056625,0.371345579793341,"Coleoptera","Curculionidae","Scolytinae","Xyleborinus","Xyleborinus attenuatus","k__Fungi","p__Basidiomycota","c__Tremellomycetes","o__Tremellales","f__Bulleraceae","g__Fonsecazyma",NA,"negative"
"Xyleborinus attenuatus","ASV_1547",-3.67350598874877,0.001,0.056625,0.371345579793341,"Coleoptera","Curculionidae","Scolytinae","Xyleborinus","Xyleborinus attenuatus","k__Fungi","p__Basidiomycota","c__Tremellomycetes","o__Tremellales","f__Cryptococcaceae","g__Teunia",NA,"negative"
"Xyleborinus attenuatus","ASV_1604",-4.41194159383347,0.001,0.056625,0.371345579793341,"Coleoptera","Curculionidae","Scolytinae","Xyleborinus","Xyleborinus attenuatus","k__Fungi","p__Basidiomycota","c__Tremellomycetes","o__Tremellales","f__Cryptococcaceae","g__Teunia","s__cuniculi","negative"
"Xyleborinus attenuatus","ASV_1632",3.85530073335635,0.001,0.056625,0.371345579793341,"Coleoptera","Curculionidae","Scolytinae","Xyleborinus","Xyleborinus attenuatus","k__Fungi","p__Ascomycota","c__Sordariomycetes","o__Diaporthales","f__Valsaceae","g__Cytospora","s__predappioensis","positive"
"Xyleborinus attenuatus","ASV_1644",-4.70604821249583,0.001,0.056625,0.371345579793341,"Coleoptera","Curculionidae","Scolytinae","Xyleborinus","Xyleborinus attenuatus","k__Fungi","p__Ascomycota","c__Dothideomycetes","o__Dothideales","f__Dothioraceae","g__Dothiora",NA,"negative"
"Xyleborinus attenuatus","ASV_1738",4.50745866202113,0.001,0.056625,0.371345579793341,"Coleoptera","Curculionidae","Scolytinae","Xyleborinus","Xyleborinus attenuatus","k__Fungi","p__Ascomycota","c__Eurotiomycetes","o__Chaetothyriales",NA,NA,NA,"positive"
"Xyleborinus attenuatus","ASV_1763",-3.77743628206946,0.001,0.056625,0.371345579793341,"Coleoptera","Curculionidae","Scolytinae","Xyleborinus","Xyleborinus attenuatus","k__Fungi","p__Basidiomycota","c__Exobasidiomycetes","o__Microstromatales","f__Microstromataceae","g__Microstroma","s__bacarum","negative"
"Xyleborinus attenuatus","ASV_1783",-4.02870965134454,0.001,0.056625,0.371345579793341,"Coleoptera","Curculionidae","Scolytinae","Xyleborinus","Xyleborinus attenuatus","k__Fungi","p__Ascomycota",NA,NA,NA,NA,NA,"negative"
"Xyleborinus attenuatus","ASV_1801",4.20034109230426,0.001,0.056625,0.371345579793341,"Coleoptera","Curculionidae","Scolytinae","Xyleborinus","Xyleborinus attenuatus","k__Fungi","p__Ascomycota","c__Dothideomycetes","o__Capnodiales",NA,NA,NA,"positive"
"Xyleborinus attenuatus","ASV_1814",3.51380270735663,0.001,0.056625,0.371345579793341,"Coleoptera","Curculionidae","Scolytinae","Xyleborinus","Xyleborinus attenuatus","k__Fungi","p__Ascomycota",NA,NA,NA,NA,NA,"positive"
"Xyleborinus attenuatus","ASV_1887",-3.39347438457913,0.001,0.056625,0.371345579793341,"Coleoptera","Curculionidae","Scolytinae","Xyleborinus","Xyleborinus attenuatus","k__Fungi","p__Ascomycota","c__Leotiomycetes","o__Helotiales","f__Helotiales_fam_Incertae_sedis","g__Cryptocline","s__arctostaphyli","negative"
"Xyleborinus attenuatus","ASV_1896",3.36224206196947,0.001,0.056625,0.371345579793341,"Coleoptera","Curculionidae","Scolytinae","Xyleborinus","Xyleborinus attenuatus","k__Fungi","p__Ascomycota","c__Dothideomycetes",NA,NA,NA,NA,"positive"
"Xyleborinus attenuatus","ASV_1905",3.72535755020214,0.001,0.056625,0.371345579793341,"Coleoptera","Curculionidae","Scolytinae","Xyleborinus","Xyleborinus attenuatus","k__Fungi","p__Ascomycota","c__Sordariomycetes","o__Diaporthales","f__Valsaceae","g__Cytospora","s__prunicola","positive"
"Xyleborinus attenuatus","ASV_1908",-4.34248341608144,0.001,0.056625,0.371345579793341,"Coleoptera","Curculionidae","Scolytinae","Xyleborinus","Xyleborinus attenuatus","k__Fungi","p__Ascomycota","c__Taphrinomycetes","o__Taphrinales","f__Taphrinaceae","g__Taphrina",NA,"negative"
"Xyleborinus attenuatus","ASV_2047",-3.95357732326271,0.001,0.056625,0.371345579793341,"Coleoptera","Curculionidae","Scolytinae","Xyleborinus","Xyleborinus attenuatus","k__Fungi","p__Ascomycota","c__Dothideomycetes","o__Dothideales","f__Dothioraceae","g__Dothiora",NA,"negative"
"Xyleborinus attenuatus","ASV_2055",3.13820081554173,0.001,0.056625,0.371345579793341,"Coleoptera","Curculionidae","Scolytinae","Xyleborinus","Xyleborinus attenuatus","k__Fungi","p__Ascomycota","c__Eurotiomycetes","o__Chaetothyriales","f__Herpotrichiellaceae",NA,NA,"positive"
"Xyleborinus attenuatus","ASV_2093",-2.46833769398392,0.001,0.056625,0.371345579793341,"Coleoptera","Curculionidae","Scolytinae","Xyleborinus","Xyleborinus attenuatus","k__Fungi","p__Ascomycota","c__Leotiomycetes","o__Phacidiales","f__Phacidiaceae",NA,NA,"negative"
"Xyleborinus attenuatus","ASV_2106",3.55813751300388,0.001,0.056625,0.371345579793341,"Coleoptera","Curculionidae","Scolytinae","Xyleborinus","Xyleborinus attenuatus","k__Fungi","p__Ascomycota","c__Leotiomycetes","o__Helotiales","f__Lachnaceae","g__Proliferodiscus","s__earoleucus","positive"
"Xyleborinus attenuatus","ASV_2214",-5.43321148453086,0.001,0.056625,0.371345579793341,"Coleoptera","Curculionidae","Scolytinae","Xyleborinus","Xyleborinus attenuatus","k__Fungi","p__Ascomycota","c__Leotiomycetes","o__Helotiales",NA,NA,NA,"negative"
"Xyleborinus attenuatus","ASV_2225",-5.90484588922766,0.001,0.056625,0.371345579793341,"Coleoptera","Curculionidae","Scolytinae","Xyleborinus","Xyleborinus attenuatus","k__Fungi","p__Ascomycota","c__Dothideomycetes","o__Dothideales",NA,NA,NA,"negative"
"Xyleborinus attenuatus","ASV_2233",3.62209490192268,0.001,0.056625,0.371345579793341,"Coleoptera","Curculionidae","Scolytinae","Xyleborinus","Xyleborinus attenuatus","k__Fungi","p__Basidiomycota","c__Agaricomycetes","o__Polyporales","f__Meripilaceae","g__Meripilus","s__sumstinei","positive"
"Xyleborinus attenuatus","ASV_2327",-2.88804878704175,0.001,0.056625,0.371345579793341,"Coleoptera","Curculionidae","Scolytinae","Xyleborinus","Xyleborinus attenuatus","k__Fungi","p__Ascomycota","c__Dothideomycetes","o__Dothideales","f__Dothioraceae","g__Dothiora",NA,"negative"
"Xyleborinus attenuatus","ASV_2337",3.11085832725336,0.001,0.056625,0.371345579793341,"Coleoptera","Curculionidae","Scolytinae","Xyleborinus","Xyleborinus attenuatus","k__Fungi","p__Ascomycota","c__Dothideomycetes",NA,NA,NA,NA,"positive"
"Xyleborinus attenuatus","ASV_2637",3.51627820771631,0.001,0.056625,0.371345579793341,"Coleoptera","Curculionidae","Scolytinae","Xyleborinus","Xyleborinus attenuatus","k__Fungi","p__Ascomycota",NA,NA,NA,NA,NA,"positive"
"Xyleborinus attenuatus","ASV_2794",-4.22535547203119,0.001,0.056625,0.371345579793341,"Coleoptera","Curculionidae","Scolytinae","Xyleborinus","Xyleborinus attenuatus","k__Fungi","p__Ascomycota","c__Dothideomycetes","o__Dothideales","f__Dothioraceae","g__Dothiora",NA,"negative"
"Xyleborinus attenuatus","ASV_2797",-5.68536869886015,0.001,0.056625,0.371345579793341,"Coleoptera","Curculionidae","Scolytinae","Xyleborinus","Xyleborinus attenuatus","k__Fungi","p__Ascomycota","c__Dothideomycetes","o__Dothideales","f__Dothioraceae","g__Dothiora",NA,"negative"
"Xyleborinus attenuatus","ASV_2809",5.5104486575996,0.001,0.056625,0.371345579793341,"Coleoptera","Curculionidae","Scolytinae","Xyleborinus","Xyleborinus attenuatus","k__Fungi","p__Basidiomycota","c__Agaricomycetes","o__Polyporales","f__Ganodermataceae","g__Ganoderma",NA,"positive"
"Xyleborinus attenuatus","ASV_2954",3.44812442976146,0.001,0.056625,0.371345579793341,"Coleoptera","Curculionidae","Scolytinae","Xyleborinus","Xyleborinus attenuatus","k__Fungi","p__Ascomycota","c__Dothideomycetes","o__Pleosporales","f__Didymellaceae",NA,NA,"positive"
"Xyleborinus attenuatus","ASV_2975",4.59386740824132,0.001,0.056625,0.371345579793341,"Coleoptera","Curculionidae","Scolytinae","Xyleborinus","Xyleborinus attenuatus","k__Fungi","p__Ascomycota","c__Lecanoromycetes","o__Lecanorales","f__Parmeliaceae","g__Evernia","s__divaricata","positive"
"Xyleborinus attenuatus","ASV_3022",-4.29165800248492,0.001,0.056625,0.371345579793341,"Coleoptera","Curculionidae","Scolytinae","Xyleborinus","Xyleborinus attenuatus","k__Fungi","p__Basidiomycota","c__Tremellomycetes","o__Tremellales","f__Cryptococcaceae","g__Teunia",NA,"negative"
"Xyleborinus attenuatus","ASV_3118",-3.98511101614171,0.001,0.056625,0.371345579793341,"Coleoptera","Curculionidae","Scolytinae","Xyleborinus","Xyleborinus attenuatus","k__Fungi","p__Basidiomycota","c__Tremellomycetes","o__Tremellales","f__Bulleraceae","g__Fonsecazyma",NA,"negative"
"Xyleborinus attenuatus","ASV_3454",3.17382242381074,0.001,0.056625,0.371345579793341,"Coleoptera","Curculionidae","Scolytinae","Xyleborinus","Xyleborinus attenuatus","k__Fungi","p__Ascomycota","c__Dothideomycetes","o__Capnodiales","f__Neodevriesiaceae","g__Tripospermum","s__infalcatum","positive"
"Xyleborinus attenuatus","ASV_3471",-3.9467684889969,0.001,0.056625,0.371345579793341,"Coleoptera","Curculionidae","Scolytinae","Xyleborinus","Xyleborinus attenuatus","k__Fungi","p__Basidiomycota","c__Tremellomycetes",NA,NA,NA,NA,"negative"
"Xyleborinus attenuatus","ASV_3496",3.22311555645727,0.001,0.056625,0.371345579793341,"Coleoptera","Curculionidae","Scolytinae","Xyleborinus","Xyleborinus attenuatus","k__Fungi",NA,NA,NA,NA,NA,NA,"positive"
"Xyleborinus attenuatus","ASV_3984",3.24075875479387,0.001,0.056625,0.371345579793341,"Coleoptera","Curculionidae","Scolytinae","Xyleborinus","Xyleborinus attenuatus","k__Fungi","p__Ascomycota","c__Leotiomycetes","o__Helotiales","f__Tympanidaceae","g__Vexillomyces",NA,"positive"
"Xyleborinus attenuatus","ASV_4020",-4.03913988896999,0.001,0.056625,0.371345579793341,"Coleoptera","Curculionidae","Scolytinae","Xyleborinus","Xyleborinus attenuatus","k__Fungi","p__Ascomycota","c__Dothideomycetes","o__Dothideales","f__Dothioraceae","g__Dothiora",NA,"negative"
"Xyleborinus attenuatus","ASV_4271",3.96300631656448,0.001,0.056625,0.371345579793341,"Coleoptera","Curculionidae","Scolytinae","Xyleborinus","Xyleborinus attenuatus","k__Fungi","p__Basidiomycota","c__Agaricomycetes","o__Agaricales","f__Crepidotaceae","g__Crepidotus","s__applanatus","positive"
"Xyleborinus attenuatus","ASV_5158",3.58291022742332,0.001,0.056625,0.371345579793341,"Coleoptera","Curculionidae","Scolytinae","Xyleborinus","Xyleborinus attenuatus","k__Fungi","p__Basidiomycota","c__Agaricomycetes","o__Polyporales","f__Steccherinaceae","g__Antrodiella",NA,"positive"
"Xyleborinus attenuatus","ASV_5588",-3.84195340551469,0.001,0.056625,0.371345579793341,"Coleoptera","Curculionidae","Scolytinae","Xyleborinus","Xyleborinus attenuatus","k__Fungi","p__Ascomycota","c__Dothideomycetes","o__Dothideales","f__Aureobasidiaceae","g__Kabatiella",NA,"negative"
"Xyleborinus attenuatus","ASV_5640",4.06738480219512,0.001,0.056625,0.371345579793341,"Coleoptera","Curculionidae","Scolytinae","Xyleborinus","Xyleborinus attenuatus","k__Fungi","p__Ascomycota","c__Leotiomycetes","o__Helotiales","f__Tympanidaceae","g__Tympanis",NA,"positive"
"Xyleborinus attenuatus","ASV_5650",4.33302642623945,0.001,0.056625,0.371345579793341,"Coleoptera","Curculionidae","Scolytinae","Xyleborinus","Xyleborinus attenuatus","k__Fungi","p__Basidiomycota","c__Agaricomycetes","o__Polyporales","f__Ganodermataceae","g__Ganoderma",NA,"positive"
"Xyleborinus attenuatus","ASV_5947",4.18231972795988,0.001,0.056625,0.371345579793341,"Coleoptera","Curculionidae","Scolytinae","Xyleborinus","Xyleborinus attenuatus","k__Fungi","p__Ascomycota","c__Dothideomycetes","o__Mycosphaerellales","f__Teratosphaeriaceae",NA,NA,"positive"
"Xyleborinus attenuatus","ASV_6633",3.63436549625623,0.001,0.056625,0.371345579793341,"Coleoptera","Curculionidae","Scolytinae","Xyleborinus","Xyleborinus attenuatus","k__Fungi","p__Ascomycota","c__Sordariomycetes","o__Xylariales","f__Diatrypaceae",NA,NA,"positive"
"Xyleborinus attenuatus","ASV_7371",3.64999499152327,0.001,0.056625,0.371345579793341,"Coleoptera","Curculionidae","Scolytinae","Xyleborinus","Xyleborinus attenuatus","k__Fungi","p__Ascomycota","c__Sordariomycetes","o__Diaporthales","f__Valsaceae","g__Cytospora",NA,"positive"
"Xyleborinus attenuatus","ASV_9473",3.38127723160623,0.001,0.056625,0.371345579793341,"Coleoptera","Curculionidae","Scolytinae","Xyleborinus","Xyleborinus attenuatus","k__Fungi","p__Ascomycota","c__Sordariomycetes","o__Diaporthales","f__Valsaceae",NA,NA,"positive"
"Xyleborinus attenuatus","ASV_10024",3.89197048089171,0.001,0.056625,0.371345579793341,"Coleoptera","Curculionidae","Scolytinae","Xyleborinus","Xyleborinus attenuatus","k__Fungi","p__Ascomycota","c__Dothideomycetes","o__Venturiales","f__Venturiaceae",NA,NA,"positive"
"Xyleborinus attenuatus","ASV_10602",3.49093876363142,0.001,0.056625,0.371345579793341,"Coleoptera","Curculionidae","Scolytinae","Xyleborinus","Xyleborinus attenuatus","k__Fungi","p__Ascomycota","c__Eurotiomycetes","o__Eurotiales","f__Aspergillaceae","g__Paecilomyces","s__lagunculariae","positive"
"Xyleborinus attenuatus","ASV_16495",3.47926342354245,0.001,0.056625,0.371345579793341,"Coleoptera","Curculionidae","Scolytinae","Xyleborinus","Xyleborinus attenuatus","k__Fungi","p__Ascomycota","c__Leotiomycetes","o__Helotiales",NA,NA,NA,"positive"
"Pityogenes hopkinsi","ASV_143",-2.18296892154918,0.009,0.0567375745526839,0.577727838052395,"Coleoptera","Curculionidae","Scolytinae","Pityogenes","Pityogenes hopkinsi","k__Fungi","p__Ascomycota","c__Dothideomycetes","o__Pleosporales","f__Didymellaceae","g__Neoascochyta","s__rosicola","negative"
"Pityogenes hopkinsi","ASV_229",4.60585059526987,0.009,0.0567375745526839,0.577727838052395,"Coleoptera","Curculionidae","Scolytinae","Pityogenes","Pityogenes hopkinsi","k__Fungi","p__Ascomycota","c__Saccharomycetes","o__Saccharomycetales","f__Debaryomycetaceae","g__Yamadazyma","s__scolyti","positive"
"Pityogenes hopkinsi","ASV_445",2.97373951252411,0.009,0.0567375745526839,0.577727838052395,"Coleoptera","Curculionidae","Scolytinae","Pityogenes","Pityogenes hopkinsi","k__Fungi","p__Ascomycota",NA,NA,NA,NA,NA,"positive"
"Pityogenes hopkinsi","ASV_780",3.88700756683857,0.009,0.0567375745526839,0.577727838052395,"Coleoptera","Curculionidae","Scolytinae","Pityogenes","Pityogenes hopkinsi","k__Fungi","p__Ascomycota","c__Leotiomycetes","o__Phacidiales","f__Phacidiaceae","g__Phacidium","s__lacerum","positive"
"Pityogenes hopkinsi","ASV_792",2.50515476237796,0.009,0.0567375745526839,0.577727838052395,"Coleoptera","Curculionidae","Scolytinae","Pityogenes","Pityogenes hopkinsi","k__Fungi","p__Basidiomycota","c__Agaricomycetes","o__Polyporales","f__Polyporaceae","g__Fomes","s__fomentarius","positive"
"Pityogenes hopkinsi","ASV_882",2.68533260812285,0.009,0.0567375745526839,0.577727838052395,"Coleoptera","Curculionidae","Scolytinae","Pityogenes","Pityogenes hopkinsi","k__Fungi","p__Ascomycota","c__Dothideomycetes","o__Pleosporales","f__Phaeosphaeriaceae","g__Neosetophoma",NA,"positive"
"Pityogenes hopkinsi","ASV_1037",2.76337522636723,0.009,0.0567375745526839,0.577727838052395,"Coleoptera","Curculionidae","Scolytinae","Pityogenes","Pityogenes hopkinsi","k__Fungi","p__Ascomycota","c__Lecanoromycetes","o__Lecanorales",NA,NA,NA,"positive"
"Pityogenes hopkinsi","ASV_1145",2.57846018320631,0.009,0.0567375745526839,0.577727838052395,"Coleoptera","Curculionidae","Scolytinae","Pityogenes","Pityogenes hopkinsi","k__Fungi","p__Basidiomycota","c__Agaricomycetes","o__Polyporales","f__Phanerochaetaceae","g__Bjerkandera","s__adusta","positive"
"Pityogenes hopkinsi","ASV_1276",-2.10011733042162,0.009,0.0567375745526839,0.577727838052395,"Coleoptera","Curculionidae","Scolytinae","Pityogenes","Pityogenes hopkinsi","k__Fungi","p__Ascomycota","c__Dothideomycetes","o__Pleosporales","f__Phaeosphaeriaceae",NA,NA,"negative"
"Pityogenes hopkinsi","ASV_1460",-2.57816235282304,0.009,0.0567375745526839,0.577727838052395,"Coleoptera","Curculionidae","Scolytinae","Pityogenes","Pityogenes hopkinsi","k__Fungi","p__Basidiomycota","c__Exobasidiomycetes","o__Microstromatales","f__Microstromatales_fam_Incertae_sedis","g__Pseudomicrostroma",NA,"negative"
"Pityogenes hopkinsi","ASV_1461",-2.49210066167336,0.009,0.0567375745526839,0.577727838052395,"Coleoptera","Curculionidae","Scolytinae","Pityogenes","Pityogenes hopkinsi","k__Fungi","p__Ascomycota","c__Lecanoromycetes","o__Caliciales","f__Physciaceae","g__Phaeophyscia",NA,"negative"
"Pityogenes hopkinsi","ASV_2005",2.9573735003097,0.009,0.0567375745526839,0.577727838052395,"Coleoptera","Curculionidae","Scolytinae","Pityogenes","Pityogenes hopkinsi","k__Fungi","p__Ascomycota","c__Taphrinomycetes","o__Taphrinales","f__Taphrinaceae","g__Taphrinaceae_gen_Incertae_sedis",NA,"positive"
"Pityogenes hopkinsi","ASV_2249",-2.19342445492737,0.009,0.0567375745526839,0.577727838052395,"Coleoptera","Curculionidae","Scolytinae","Pityogenes","Pityogenes hopkinsi","k__Fungi","p__Ascomycota","c__Dothideomycetes","o__Dothideales","f__Saccotheciaceae","g__Aureobasidium","s__pullulans","negative"
"Pityogenes hopkinsi","ASV_2531",-2.87711969914469,0.009,0.0567375745526839,0.577727838052395,"Coleoptera","Curculionidae","Scolytinae","Pityogenes","Pityogenes hopkinsi","k__Fungi","p__Ascomycota",NA,NA,NA,NA,NA,"negative"
"Pityogenes hopkinsi","ASV_2967",-3.0787880399726,0.009,0.0567375745526839,0.577727838052395,"Coleoptera","Curculionidae","Scolytinae","Pityogenes","Pityogenes hopkinsi","k__Fungi","p__Ascomycota","c__Dothideomycetes","o__Capnodiales","f__Cladosporiaceae","g__Cladosporium","s__domesticum","negative"
"Pityogenes hopkinsi","ASV_3164",-2.79455882513699,0.009,0.0567375745526839,0.577727838052395,"Coleoptera","Curculionidae","Scolytinae","Pityogenes","Pityogenes hopkinsi","k__Fungi","p__Ascomycota","c__Arthoniomycetes","o__Arthoniales","f__Chrysotrichaceae","g__Chrysothrix",NA,"negative"
"Pityogenes hopkinsi","ASV_3693",2.6048707841513,0.009,0.0567375745526839,0.577727838052395,"Coleoptera","Curculionidae","Scolytinae","Pityogenes","Pityogenes hopkinsi","k__Fungi","p__Basidiomycota","c__Agaricomycetes","o__Polyporales","f__Irpicaceae","g__Irpex","s__lacteus","positive"
"Pityogenes hopkinsi","ASV_4385",-1.81387969173162,0.009,0.0567375745526839,0.577727838052395,"Coleoptera","Curculionidae","Scolytinae","Pityogenes","Pityogenes hopkinsi","k__Fungi","p__Ascomycota","c__Sordariomycetes","o__Amphisphaeriales","f__Pestalotiopsidaceae","g__Pestalotiopsis","s__jesteri","negative"
"Pityogenes hopkinsi","ASV_4440",-2.16372152396067,0.009,0.0567375745526839,0.577727838052395,"Coleoptera","Curculionidae","Scolytinae","Pityogenes","Pityogenes hopkinsi","k__Fungi","p__Ascomycota","c__Dothideomycetes","o__Dothideales","f__Saccotheciaceae","g__Aureobasidium","s__pullulans","negative"
"Pityogenes hopkinsi","ASV_5036",2.7200331185377,0.009,0.0567375745526839,0.577727838052395,"Coleoptera","Curculionidae","Scolytinae","Pityogenes","Pityogenes hopkinsi","k__Fungi","p__Basidiomycota",NA,NA,NA,NA,NA,"positive"
"Pityogenes hopkinsi","ASV_5070",-2.4241466508971,0.009,0.0567375745526839,0.577727838052395,"Coleoptera","Curculionidae","Scolytinae","Pityogenes","Pityogenes hopkinsi","k__Fungi","p__Basidiomycota","c__Tremellomycetes","o__Tremellales","f__Bulleraceae","g__Genolevuria",NA,"negative"
"Pityogenes hopkinsi","ASV_5276",-3.05429522919588,0.009,0.0567375745526839,0.577727838052395,"Coleoptera","Curculionidae","Scolytinae","Pityogenes","Pityogenes hopkinsi","k__Fungi","p__Ascomycota","c__Sordariomycetes","o__Hypocreales","f__Cylindriaceae","g__Cylindrium","s__corymbiae","negative"
"Pityogenes hopkinsi","ASV_5508",-2.95463973272004,0.009,0.0567375745526839,0.577727838052395,"Coleoptera","Curculionidae","Scolytinae","Pityogenes","Pityogenes hopkinsi","k__Fungi","p__Basidiomycota","c__Tremellomycetes","o__Tremellales","f__Cryptococcaceae","g__Kwoniella","s__pini","negative"
"Pityogenes hopkinsi","ASV_5930",-2.26994044749095,0.009,0.0567375745526839,0.577727838052395,"Coleoptera","Curculionidae","Scolytinae","Pityogenes","Pityogenes hopkinsi","k__Fungi","p__Ascomycota","c__Dothideomycetes","o__Dothideales","f__Dothioraceae","g__Neodothiora","s__populina","negative"
"Pityogenes hopkinsi","ASV_6188",2.90962620120605,0.009,0.0567375745526839,0.577727838052395,"Coleoptera","Curculionidae","Scolytinae","Pityogenes","Pityogenes hopkinsi","k__Fungi","p__Ascomycota","c__Eurotiomycetes","o__Verrucariales","f__Verrucariaceae","g__Verrucariaceae_gen_Incertae_sedis",NA,"positive"
"Pityogenes hopkinsi","ASV_6390",-2.69059573143288,0.009,0.0567375745526839,0.577727838052395,"Coleoptera","Curculionidae","Scolytinae","Pityogenes","Pityogenes hopkinsi","k__Fungi","p__Basidiomycota","c__Tremellomycetes","o__Tremellales","f__Bulleribasidiaceae","g__Vishniacozyma","s__dimennae","negative"
"Pityogenes hopkinsi","ASV_6510",-2.50686734456739,0.009,0.0567375745526839,0.577727838052395,"Coleoptera","Curculionidae","Scolytinae","Pityogenes","Pityogenes hopkinsi","k__Fungi",NA,NA,NA,NA,NA,NA,"negative"
"Pityogenes hopkinsi","ASV_6820",2.02335557156733,0.009,0.0567375745526839,0.577727838052395,"Coleoptera","Curculionidae","Scolytinae","Pityogenes","Pityogenes hopkinsi","k__Fungi","p__Ascomycota","c__Eurotiomycetes","o__Eurotiales","f__Aspergillaceae","g__Penicillium","s__dierckxii","positive"
"Pityogenes hopkinsi","ASV_7820",-2.44304756292968,0.009,0.0567375745526839,0.577727838052395,"Coleoptera","Curculionidae","Scolytinae","Pityogenes","Pityogenes hopkinsi","k__Fungi","p__Basidiomycota","c__Agaricomycetes","o__Russulales","f__Peniophoraceae","g__Peniophora","s__crassitunicata","negative"
"Pityogenes hopkinsi","ASV_8381",-2.43248102274721,0.009,0.0567375745526839,0.577727838052395,"Coleoptera","Curculionidae","Scolytinae","Pityogenes","Pityogenes hopkinsi","k__Fungi","p__Ascomycota","c__Pezizomycetes","o__Pezizales","f__Pyronemataceae","g__Geopyxis","s__carbonaria","negative"
"Pityogenes hopkinsi","ASV_8747",-2.66426573728233,0.009,0.0567375745526839,0.577727838052395,"Coleoptera","Curculionidae","Scolytinae","Pityogenes","Pityogenes hopkinsi","k__Fungi","p__Basidiomycota","c__Agaricomycetes","o__Russulales","f__Peniophoraceae","g__Peniophora","s__cinerea","negative"
"Pityogenes hopkinsi","ASV_10013",-2.69821384530135,0.009,0.0567375745526839,0.577727838052395,"Coleoptera","Curculionidae","Scolytinae","Pityogenes","Pityogenes hopkinsi","k__Fungi","p__Ascomycota","c__Leotiomycetes","o__Helotiales",NA,NA,NA,"negative"
"Pityogenes hopkinsi","ASV_10425",-2.76347624577727,0.009,0.0567375745526839,0.577727838052395,"Coleoptera","Curculionidae","Scolytinae","Pityogenes","Pityogenes hopkinsi","k__Fungi","p__Ascomycota","c__Taphrinomycetes","o__Taphrinales","f__Taphrinaceae","g__Taphrina","s__inositophila","negative"
"Pityogenes hopkinsi","ASV_10932",-2.6496349415607,0.009,0.0567375745526839,0.577727838052395,"Coleoptera","Curculionidae","Scolytinae","Pityogenes","Pityogenes hopkinsi","k__Fungi","p__Ascomycota","c__Dothideomycetes","o__Pleosporales","f__Phaeosphaeriaceae",NA,NA,"negative"
"Pityogenes hopkinsi","ASV_12223",-2.8570553370039,0.009,0.0567375745526839,0.577727838052395,"Coleoptera","Curculionidae","Scolytinae","Pityogenes","Pityogenes hopkinsi","k__Fungi","p__Ascomycota","c__Dothideomycetes","o__Dothideales","f__Dothioraceae","g__Dothiora",NA,"negative"
"Pityogenes hopkinsi","ASV_12479",-3.11702950966315,0.009,0.0567375745526839,0.577727838052395,"Coleoptera","Curculionidae","Scolytinae","Pityogenes","Pityogenes hopkinsi","k__Fungi","p__Ascomycota","c__Leotiomycetes","o__Helotiales","f__Helotiales_fam_Incertae_sedis","g__Cryptocline","s__arctostaphyli","negative"
"Pityogenes hopkinsi","ASV_13475",-2.76860806584188,0.009,0.0567375745526839,0.577727838052395,"Coleoptera","Curculionidae","Scolytinae","Pityogenes","Pityogenes hopkinsi","k__Fungi","p__Ascomycota","c__Dothideomycetes","o__Mycosphaerellales","f__Mycosphaerellaceae","g__Scolecostigmina","s__chibaensis","negative"
"Pityogenes hopkinsi","ASV_13478",2.84146655231488,0.009,0.0567375745526839,0.577727838052395,"Coleoptera","Curculionidae","Scolytinae","Pityogenes","Pityogenes hopkinsi","k__Fungi","p__Ascomycota","c__Sordariomycetes","o__Xylariales","f__Diatrypaceae","g__Diatrype","s__stigma","positive"
"Pityogenes hopkinsi","ASV_14371",-2.87344813141017,0.009,0.0567375745526839,0.577727838052395,"Coleoptera","Curculionidae","Scolytinae","Pityogenes","Pityogenes hopkinsi","k__Fungi","p__Ascomycota","c__Dothideomycetes","o__Venturiales","f__Sympoventuriaceae","g__Bellamyces","s__quercus","negative"
"Pityogenes hopkinsi","ASV_14555",-2.20875907855959,0.009,0.0567375745526839,0.577727838052395,"Coleoptera","Curculionidae","Scolytinae","Pityogenes","Pityogenes hopkinsi","k__Fungi","p__Basidiomycota","c__Tremellomycetes","o__Tremellales","f__Bulleraceae","g__Genolevuria",NA,"negative"
"Pityogenes hopkinsi","ASV_14624",-2.89260063974254,0.009,0.0567375745526839,0.577727838052395,"Coleoptera","Curculionidae","Scolytinae","Pityogenes","Pityogenes hopkinsi","k__Fungi","p__Ascomycota","c__Dothideomycetes","o__Hysteriales","f__Hysteriaceae",NA,NA,"negative"
"Pityogenes hopkinsi","ASV_15224",-2.63482634755582,0.009,0.0567375745526839,0.577727838052395,"Coleoptera","Curculionidae","Scolytinae","Pityogenes","Pityogenes hopkinsi","k__Fungi","p__Ascomycota","c__Dothideomycetes","o__Dothideales","f__Dothioraceae","g__Dothiora",NA,"negative"
"Pityogenes hopkinsi","ASV_15367",-3.49680823984003,0.009,0.0567375745526839,0.577727838052395,"Coleoptera","Curculionidae","Scolytinae","Pityogenes","Pityogenes hopkinsi","k__Fungi","p__Basidiomycota","c__Tremellomycetes","o__Tremellales","f__Sirobasidiaceae",NA,NA,"negative"
"Pityogenes hopkinsi","ASV_16499",-2.29441387279402,0.009,0.0567375745526839,0.577727838052395,"Coleoptera","Curculionidae","Scolytinae","Pityogenes","Pityogenes hopkinsi","k__Fungi","p__Basidiomycota","c__Tremellomycetes","o__Tremellales","f__Rhynchogastremataceae","g__Rhynchogastrema","s__visegradensis","negative"
"Pityogenes hopkinsi","ASV_18174",-2.49484208292975,0.009,0.0567375745526839,0.577727838052395,"Coleoptera","Curculionidae","Scolytinae","Pityogenes","Pityogenes hopkinsi","k__Fungi","p__Ascomycota","c__Lecanoromycetes","o__Lecanorales","f__Lecanoraceae",NA,NA,"negative"
"Pityogenes hopkinsi","ASV_18462",-2.86664752301875,0.009,0.0567375745526839,0.577727838052395,"Coleoptera","Curculionidae","Scolytinae","Pityogenes","Pityogenes hopkinsi","k__Fungi","p__Ascomycota","c__Dothideomycetes",NA,NA,NA,NA,"negative"
"Pityogenes hopkinsi","ASV_18535",-2.10789713924364,0.009,0.0567375745526839,0.577727838052395,"Coleoptera","Curculionidae","Scolytinae","Pityogenes","Pityogenes hopkinsi","k__Fungi","p__Ascomycota","c__Leotiomycetes",NA,NA,NA,NA,"negative"
"Pityogenes hopkinsi","ASV_18716",-2.47111806517194,0.009,0.0567375745526839,0.577727838052395,"Coleoptera","Curculionidae","Scolytinae","Pityogenes","Pityogenes hopkinsi","k__Fungi","p__Ascomycota","c__Sordariomycetes","o__Calosphaeriales","f__Calosphaeriaceae","g__Jattaea","s__prunicola","negative"
"Pityogenes hopkinsi","ASV_18982",-2.30837388829975,0.009,0.0567375745526839,0.577727838052395,"Coleoptera","Curculionidae","Scolytinae","Pityogenes","Pityogenes hopkinsi","k__Fungi","p__Ascomycota","c__Dothideomycetes","o__Dothideales","f__Saccotheciaceae","g__Aureobasidium",NA,"negative"
"Pityogenes hopkinsi","ASV_20472",-2.40861661834447,0.009,0.0567375745526839,0.577727838052395,"Coleoptera","Curculionidae","Scolytinae","Pityogenes","Pityogenes hopkinsi","k__Fungi","p__Ascomycota","c__Lecanoromycetes","o__Caliciales","f__Physciaceae","g__Physcia","s__millegrana","negative"
"Pityogenes hopkinsi","ASV_22349",-2.53436659376089,0.009,0.0567375745526839,0.577727838052395,"Coleoptera","Curculionidae","Scolytinae","Pityogenes","Pityogenes hopkinsi","k__Fungi","p__Ascomycota","c__Dothideomycetes","o__Dothideales","f__Saccotheciaceae","g__Aureobasidium","s__pullulans","negative"
"Pityogenes hopkinsi","ASV_22583",-2.92325343100579,0.009,0.0567375745526839,0.577727838052395,"Coleoptera","Curculionidae","Scolytinae","Pityogenes","Pityogenes hopkinsi","k__Fungi","p__Ascomycota","c__Dothideomycetes","o__Dothideales","f__Dothideaceae",NA,NA,"negative"
"Pityogenes hopkinsi","ASV_22936",-3.22756336591807,0.009,0.0567375745526839,0.577727838052395,"Coleoptera","Curculionidae","Scolytinae","Pityogenes","Pityogenes hopkinsi","k__Fungi","p__Ascomycota","c__Dothideomycetes","o__Dothideales","f__Saccotheciaceae","g__Aureobasidium",NA,"negative"
"Pityogenes hopkinsi","ASV_23639",-2.6491010945125,0.009,0.0567375745526839,0.577727838052395,"Coleoptera","Curculionidae","Scolytinae","Pityogenes","Pityogenes hopkinsi","k__Fungi","p__Ascomycota","c__Dothideomycetes","o__Dothideales","f__Dothideaceae","g__Rhizosphaera",NA,"negative"
"Pityogenes hopkinsi","ASV_24638",-2.66608580853561,0.009,0.0567375745526839,0.577727838052395,"Coleoptera","Curculionidae","Scolytinae","Pityogenes","Pityogenes hopkinsi","k__Fungi","p__Basidiomycota","c__Agaricomycetes","o__Agaricales","f__Strophariaceae","g__Pholiota","s__highlandensis","negative"
"Pityogenes hopkinsi","ASV_25788",-2.60586207956531,0.009,0.0567375745526839,0.577727838052395,"Coleoptera","Curculionidae","Scolytinae","Pityogenes","Pityogenes hopkinsi","k__Fungi","p__Ascomycota","c__Lecanoromycetes","o__Lecanorales","f__Lecanoraceae","g__Lecanora",NA,"negative"
"Pityogenes hopkinsi","ASV_29916",-2.94657887917932,0.009,0.0567375745526839,0.577727838052395,"Coleoptera","Curculionidae","Scolytinae","Pityogenes","Pityogenes hopkinsi","k__Fungi","p__Ascomycota","c__Sordariomycetes","o__Sordariomycetidae_ord_Incertae_sedis","f__Rhamphoriaceae",NA,NA,"negative"
"Pityogenes hopkinsi","ASV_16",-1.96014578393835,0.01,0.0592156862745098,0.587933834222007,"Coleoptera","Curculionidae","Scolytinae","Pityogenes","Pityogenes hopkinsi","k__Fungi","p__Ascomycota","c__Saccharomycetes","o__Saccharomycetales","f__Dipodascaceae","g__Geotrichum","s__silvicola","negative"
"Pityogenes hopkinsi","ASV_71",2.46140813381195,0.01,0.0592156862745098,0.587933834222007,"Coleoptera","Curculionidae","Scolytinae","Pityogenes","Pityogenes hopkinsi","k__Fungi","p__Ascomycota","c__Dothideomycetes","o__Pleosporales","f__Didymellaceae",NA,NA,"positive"
"Pityogenes hopkinsi","ASV_345",2.80272795792889,0.01,0.0592156862745098,0.587933834222007,"Coleoptera","Curculionidae","Scolytinae","Pityogenes","Pityogenes hopkinsi","k__Fungi","p__Ascomycota","c__Leotiomycetes","o__Helotiales","f__Tympanidaceae","g__Tympanis","s__piceina","positive"
"Pityogenes hopkinsi","ASV_505",-2.55982877871409,0.01,0.0592156862745098,0.587933834222007,"Coleoptera","Curculionidae","Scolytinae","Pityogenes","Pityogenes hopkinsi","k__Fungi",NA,NA,NA,NA,NA,NA,"negative"
"Pityogenes hopkinsi","ASV_545",3.02672627205445,0.01,0.0592156862745098,0.587933834222007,"Coleoptera","Curculionidae","Scolytinae","Pityogenes","Pityogenes hopkinsi","k__Fungi","p__Ascomycota","c__Sordariomycetes","o__Diaporthales","f__Valsaceae","g__Cytospora",NA,"positive"
"Pityogenes hopkinsi","ASV_1467",2.2245207906132,0.01,0.0592156862745098,0.587933834222007,"Coleoptera","Curculionidae","Scolytinae","Pityogenes","Pityogenes hopkinsi","k__Fungi","p__Ascomycota","c__Eurotiomycetes","o__Phaeomoniellales","f__Phaeomoniellaceae","g__Moristroma","s__palatinum","positive"
"Pityogenes hopkinsi","ASV_1679",3.21452586665986,0.01,0.0592156862745098,0.587933834222007,"Coleoptera","Curculionidae","Scolytinae","Pityogenes","Pityogenes hopkinsi","k__Fungi","p__Ascomycota","c__Dothideomycetes","o__Pleosporales",NA,NA,NA,"positive"
"Pityogenes hopkinsi","ASV_1790",-2.68722250660703,0.01,0.0592156862745098,0.587933834222007,"Coleoptera","Curculionidae","Scolytinae","Pityogenes","Pityogenes hopkinsi","k__Fungi","p__Ascomycota",NA,NA,NA,NA,NA,"negative"
"Pityogenes hopkinsi","ASV_1886",-1.84645076675341,0.01,0.0592156862745098,0.587933834222007,"Coleoptera","Curculionidae","Scolytinae","Pityogenes","Pityogenes hopkinsi","k__Fungi","p__Ascomycota","c__Eurotiomycetes","o__Chaetothyriales","f__Herpotrichiellaceae","g__Melanchlenus",NA,"negative"
"Pityogenes hopkinsi","ASV_1887",-2.17135264340134,0.01,0.0592156862745098,0.587933834222007,"Coleoptera","Curculionidae","Scolytinae","Pityogenes","Pityogenes hopkinsi","k__Fungi","p__Ascomycota","c__Leotiomycetes","o__Helotiales","f__Helotiales_fam_Incertae_sedis","g__Cryptocline","s__arctostaphyli","negative"
"Pityogenes hopkinsi","ASV_2075",-2.12426740492658,0.01,0.0592156862745098,0.587933834222007,"Coleoptera","Curculionidae","Scolytinae","Pityogenes","Pityogenes hopkinsi","k__Fungi","p__Ascomycota","c__Saccharomycetes","o__Saccharomycetales","f__Phaffomycetaceae","g__Wickerhamomyces","s__alni","negative"
"Pityogenes hopkinsi","ASV_2153",3.75866199206312,0.01,0.0592156862745098,0.587933834222007,"Coleoptera","Curculionidae","Scolytinae","Pityogenes","Pityogenes hopkinsi","k__Fungi","p__Basidiomycota","c__Agaricomycetes","o__Polyporales","f__Phanerochaetaceae","g__Phlebiopsis","s__gigantea","positive"
"Pityogenes hopkinsi","ASV_2197",-2.3596428127972,0.01,0.0592156862745098,0.587933834222007,"Coleoptera","Curculionidae","Scolytinae","Pityogenes","Pityogenes hopkinsi","k__Fungi","p__Ascomycota","c__Dothideomycetes","o__Dothideales","f__Dothioraceae","g__Hormonema","s__macrosporum","negative"
"Pityogenes hopkinsi","ASV_2456",-2.53820742870597,0.01,0.0592156862745098,0.587933834222007,"Coleoptera","Curculionidae","Scolytinae","Pityogenes","Pityogenes hopkinsi","k__Fungi","p__Chytridiomycota","c__Spizellomycetes","o__Spizellomycetales","f__Spizellomycetales_fam_Incertae_sedis","g__Spizellomycetales_gen_Incertae_sedis",NA,"negative"
"Pityogenes hopkinsi","ASV_2627",-2.53510523853034,0.01,0.0592156862745098,0.587933834222007,"Coleoptera","Curculionidae","Scolytinae","Pityogenes","Pityogenes hopkinsi","k__Fungi","p__Basidiomycota","c__Tremellomycetes","o__Tremellales","f__Cryptococcaceae","g__Teunia","s__cuniculi","negative"
"Pityogenes hopkinsi","ASV_2887",2.57609677381613,0.01,0.0592156862745098,0.587933834222007,"Coleoptera","Curculionidae","Scolytinae","Pityogenes","Pityogenes hopkinsi","k__Fungi","p__Ascomycota",NA,NA,NA,NA,NA,"positive"
"Pityogenes hopkinsi","ASV_3017",2.62305289420158,0.01,0.0592156862745098,0.587933834222007,"Coleoptera","Curculionidae","Scolytinae","Pityogenes","Pityogenes hopkinsi","k__Fungi","p__Ascomycota","c__Sordariomycetes","o__Diaporthales","f__Melanconiellaceae","g__Microascospora",NA,"positive"
"Pityogenes hopkinsi","ASV_3424",-2.0532862298951,0.01,0.0592156862745098,0.587933834222007,"Coleoptera","Curculionidae","Scolytinae","Pityogenes","Pityogenes hopkinsi","k__Fungi","p__Ascomycota","c__Lecanoromycetes","o__Lecanorales","f__Parmeliaceae","g__Flavoparmelia","s__caperata","negative"
"Pityogenes hopkinsi","ASV_3663",3.49965266201153,0.01,0.0592156862745098,0.587933834222007,"Coleoptera","Curculionidae","Scolytinae","Pityogenes","Pityogenes hopkinsi","k__Fungi","p__Ascomycota","c__Sordariomycetes","o__Xylariales","f__Diatrypaceae","g__Diatrype","s__stigma","positive"
"Pityogenes hopkinsi","ASV_3703",3.14832215579101,0.01,0.0592156862745098,0.587933834222007,"Coleoptera","Curculionidae","Scolytinae","Pityogenes","Pityogenes hopkinsi","k__Fungi","p__Basidiomycota","c__Agaricomycetes","o__Polyporales","f__Polyporaceae","g__Perenniporia",NA,"positive"
"Pityogenes hopkinsi","ASV_4003",-2.15949868731522,0.01,0.0592156862745098,0.587933834222007,"Coleoptera","Curculionidae","Scolytinae","Pityogenes","Pityogenes hopkinsi","k__Fungi","p__Ascomycota","c__Dothideomycetes","o__Dothideales","f__Saccotheciaceae","g__Aureobasidium","s__pullulans","negative"
"Pityogenes hopkinsi","ASV_4616",3.00008577017201,0.01,0.0592156862745098,0.587933834222007,"Coleoptera","Curculionidae","Scolytinae","Pityogenes","Pityogenes hopkinsi","k__Fungi","p__Ascomycota","c__Dothideomycetes","o__Pleosporales","f__Lophiostomataceae",NA,NA,"positive"
"Pityogenes hopkinsi","ASV_4669",-2.27749825736008,0.01,0.0592156862745098,0.587933834222007,"Coleoptera","Curculionidae","Scolytinae","Pityogenes","Pityogenes hopkinsi","k__Fungi","p__Basidiomycota","c__Tremellomycetes","o__Tremellales","f__Bulleribasidiaceae","g__Vishniacozyma","s__pseudopenaeus","negative"
"Pityogenes hopkinsi","ASV_4819",3.03368706098183,0.01,0.0592156862745098,0.587933834222007,"Coleoptera","Curculionidae","Scolytinae","Pityogenes","Pityogenes hopkinsi","k__Fungi","p__Ascomycota","c__Eurotiomycetes","o__Chaetothyriales","f__Herpotrichiellaceae","g__Sorocybe",NA,"positive"
"Pityogenes hopkinsi","ASV_5940",-1.79483189780089,0.01,0.0592156862745098,0.587933834222007,"Coleoptera","Curculionidae","Scolytinae","Pityogenes","Pityogenes hopkinsi","k__Fungi","p__Ascomycota","c__Eurotiomycetes","o__Ascosphaerales","f__Ascosphaeraceae","g__Ascosphaera",NA,"negative"
"Pityogenes hopkinsi","ASV_6974",-2.81691969666646,0.01,0.0592156862745098,0.587933834222007,"Coleoptera","Curculionidae","Scolytinae","Pityogenes","Pityogenes hopkinsi","k__Fungi","p__Basidiomycota","c__Agaricomycetes","o__Polyporales","f__Steccherinaceae","g__Steccherinum","s__tenuissimum","negative"
"Pityogenes hopkinsi","ASV_7194",-2.27933592589562,0.01,0.0592156862745098,0.587933834222007,"Coleoptera","Curculionidae","Scolytinae","Pityogenes","Pityogenes hopkinsi","k__Fungi","p__Ascomycota",NA,NA,NA,NA,NA,"negative"
"Pityogenes hopkinsi","ASV_7306",3.71653668261325,0.01,0.0592156862745098,0.587933834222007,"Coleoptera","Curculionidae","Scolytinae","Pityogenes","Pityogenes hopkinsi","k__Fungi","p__Ascomycota","c__Leotiomycetes","o__Helotiales","f__Helotiaceae","g__Claussenomyces","s__olivaceus","positive"
"Pityogenes hopkinsi","ASV_7712",-2.52153689119635,0.01,0.0592156862745098,0.587933834222007,"Coleoptera","Curculionidae","Scolytinae","Pityogenes","Pityogenes hopkinsi","k__Fungi","p__Basidiomycota","c__Tremellomycetes","o__Tremellales","f__Carcinomycetaceae","g__Carcinomycetaceae_gen_Incertae_sedis",NA,"negative"
"Pityogenes hopkinsi","ASV_7861",2.76779422516324,0.01,0.0592156862745098,0.587933834222007,"Coleoptera","Curculionidae","Scolytinae","Pityogenes","Pityogenes hopkinsi","k__Fungi","p__Basidiomycota","c__Agaricomycetes","o__Polyporales","f__Phanerochaetaceae","g__Bjerkandera","s__adusta","positive"
"Pityogenes hopkinsi","ASV_9360",-2.72855965700945,0.01,0.0592156862745098,0.587933834222007,"Coleoptera","Curculionidae","Scolytinae","Pityogenes","Pityogenes hopkinsi","k__Fungi","p__Ascomycota","c__Dothideomycetes","o__Patellariales","f__Patellariaceae","g__Rhizodiscina",NA,"negative"
"Pityogenes hopkinsi","ASV_9516",2.69505680562201,0.01,0.0592156862745098,0.587933834222007,"Coleoptera","Curculionidae","Scolytinae","Pityogenes","Pityogenes hopkinsi","k__Fungi","p__Ascomycota","c__Sordariomycetes","o__Diaporthales","f__Valsaceae","g__Cytospora",NA,"positive"
"Pityogenes hopkinsi","ASV_9575",-3.25802953130291,0.01,0.0592156862745098,0.587933834222007,"Coleoptera","Curculionidae","Scolytinae","Pityogenes","Pityogenes hopkinsi","k__Fungi","p__Basidiomycota","c__Exobasidiomycetes","o__Microstromatales","f__Microstromatales_fam_Incertae_sedis","g__Pseudomicrostroma",NA,"negative"
"Pityogenes hopkinsi","ASV_9737",-2.68229794026339,0.01,0.0592156862745098,0.587933834222007,"Coleoptera","Curculionidae","Scolytinae","Pityogenes","Pityogenes hopkinsi","k__Fungi","p__Ascomycota","c__Dothideomycetes","o__Myriangiales","f__Elsinoaceae","g__Elsinoe","s__heveae","negative"
"Pityogenes hopkinsi","ASV_9839",-2.73471511927156,0.01,0.0592156862745098,0.587933834222007,"Coleoptera","Curculionidae","Scolytinae","Pityogenes","Pityogenes hopkinsi","k__Fungi","p__Ascomycota","c__Dothideomycetes","o__Dothideales",NA,NA,NA,"negative"
"Pityogenes hopkinsi","ASV_11372",-2.66249510132108,0.01,0.0592156862745098,0.587933834222007,"Coleoptera","Curculionidae","Scolytinae","Pityogenes","Pityogenes hopkinsi","k__Fungi","p__Ascomycota","c__Dothideomycetes","o__Pleosporales","f__Didymellaceae","g__Phoma","s__aloes","negative"
"Pityogenes hopkinsi","ASV_11585",-2.73664205067424,0.01,0.0592156862745098,0.587933834222007,"Coleoptera","Curculionidae","Scolytinae","Pityogenes","Pityogenes hopkinsi","k__Fungi","p__Basidiomycota","c__Tremellomycetes","o__Tremellales","f__Tremellaceae","g__Tremella","s__globispora","negative"
"Pityogenes hopkinsi","ASV_12928",-2.56279037381881,0.01,0.0592156862745098,0.587933834222007,"Coleoptera","Curculionidae","Scolytinae","Pityogenes","Pityogenes hopkinsi","k__Fungi",NA,NA,NA,NA,NA,NA,"negative"
"Pityogenes hopkinsi","ASV_13443",-2.53890190280005,0.01,0.0592156862745098,0.587933834222007,"Coleoptera","Curculionidae","Scolytinae","Pityogenes","Pityogenes hopkinsi","k__Fungi","p__Ascomycota",NA,NA,NA,NA,NA,"negative"
"Pityogenes hopkinsi","ASV_13477",-1.88141175240498,0.01,0.0592156862745098,0.587933834222007,"Coleoptera","Curculionidae","Scolytinae","Pityogenes","Pityogenes hopkinsi","k__Fungi","p__Ascomycota","c__Sordariomycetes",NA,NA,NA,NA,"negative"
"Pityogenes hopkinsi","ASV_13609",-3.31256588233428,0.01,0.0592156862745098,0.587933834222007,"Coleoptera","Curculionidae","Scolytinae","Pityogenes","Pityogenes hopkinsi","k__Fungi","p__Basidiomycota","c__Agaricomycetes","o__Hymenochaetales","f__Schizoporaceae","g__Oxyporus","s__corticola","negative"
"Pityogenes hopkinsi","ASV_14219",-3.30530330354904,0.01,0.0592156862745098,0.587933834222007,"Coleoptera","Curculionidae","Scolytinae","Pityogenes","Pityogenes hopkinsi","k__Fungi","p__Ascomycota","c__Dothideomycetes","o__Patellariales","f__Patellariales_fam_Incertae_sedis","g__Hysteropatella","s__elliptica","negative"
"Pityogenes hopkinsi","ASV_14407",-2.10534042169419,0.01,0.0592156862745098,0.587933834222007,"Coleoptera","Curculionidae","Scolytinae","Pityogenes","Pityogenes hopkinsi","k__Fungi","p__Ascomycota","c__Sordariomycetes","o__Xylariales","f__Diatrypaceae","g__Diatrype","s__stigma","negative"
"Pityogenes hopkinsi","ASV_14792",-2.54806531995319,0.01,0.0592156862745098,0.587933834222007,"Coleoptera","Curculionidae","Scolytinae","Pityogenes","Pityogenes hopkinsi","k__Fungi","p__Basidiomycota","c__Agaricomycetes","o__Cantharellales","f__Botryobasidiaceae","g__Botryobasidium","s__candicans","negative"
"Pityogenes hopkinsi","ASV_14947",-2.76750351744615,0.01,0.0592156862745098,0.587933834222007,"Coleoptera","Curculionidae","Scolytinae","Pityogenes","Pityogenes hopkinsi","k__Fungi",NA,NA,NA,NA,NA,NA,"negative"
"Pityogenes hopkinsi","ASV_16147",-2.2391978798563,0.01,0.0592156862745098,0.587933834222007,"Coleoptera","Curculionidae","Scolytinae","Pityogenes","Pityogenes hopkinsi","k__Fungi","p__Basidiomycota","c__Agaricomycetes","o__Polyporales","f__Meripilaceae","g__Meripilaceae_gen_Incertae_sedis",NA,"negative"
"Pityogenes hopkinsi","ASV_16500",-2.69595279454137,0.01,0.0592156862745098,0.587933834222007,"Coleoptera","Curculionidae","Scolytinae","Pityogenes","Pityogenes hopkinsi","k__Fungi","p__Ascomycota","c__Sordariomycetes","o__Xylariales","f__Amphisphaeriaceae","g__Monochaetia",NA,"negative"
"Pityogenes hopkinsi","ASV_17016",-2.79436908388121,0.01,0.0592156862745098,0.587933834222007,"Coleoptera","Curculionidae","Scolytinae","Pityogenes","Pityogenes hopkinsi","k__Fungi",NA,NA,NA,NA,NA,NA,"negative"
"Pityogenes hopkinsi","ASV_18030",-2.58463312827428,0.01,0.0592156862745098,0.587933834222007,"Coleoptera","Curculionidae","Scolytinae","Pityogenes","Pityogenes hopkinsi","k__Fungi","p__Ascomycota","c__Dothideomycetes","o__Dothideales",NA,NA,NA,"negative"
"Pityogenes hopkinsi","ASV_18144",-2.78246930729835,0.01,0.0592156862745098,0.587933834222007,"Coleoptera","Curculionidae","Scolytinae","Pityogenes","Pityogenes hopkinsi","k__Fungi","p__Ascomycota","c__Dothideomycetes","o__Capnodiales","f__Cladosporiaceae","g__Toxicocladosporium","s__glendoranum","negative"
"Pityogenes hopkinsi","ASV_18714",-2.33703916487082,0.01,0.0592156862745098,0.587933834222007,"Coleoptera","Curculionidae","Scolytinae","Pityogenes","Pityogenes hopkinsi","k__Fungi","p__Ascomycota","c__Sordariomycetes","o__Xylariales","f__Diatrypaceae","g__Eutypella",NA,"negative"
"Pityogenes hopkinsi","ASV_19392",-2.78693140091348,0.01,0.0592156862745098,0.587933834222007,"Coleoptera","Curculionidae","Scolytinae","Pityogenes","Pityogenes hopkinsi","k__Fungi","p__Ascomycota","c__Dothideomycetes","o__Botryosphaeriales","f__Melanopsaceae","g__Melanops",NA,"negative"
"Pityogenes hopkinsi","ASV_20141",-2.36112160197207,0.01,0.0592156862745098,0.587933834222007,"Coleoptera","Curculionidae","Scolytinae","Pityogenes","Pityogenes hopkinsi","k__Fungi","p__Ascomycota","c__Dothideomycetes","o__Mycosphaerellales","f__Mycosphaerellaceae",NA,NA,"negative"
"Pityogenes hopkinsi","ASV_20379",-2.42787351171001,0.01,0.0592156862745098,0.587933834222007,"Coleoptera","Curculionidae","Scolytinae","Pityogenes","Pityogenes hopkinsi","k__Fungi","p__Basidiomycota",NA,NA,NA,NA,NA,"negative"
"Pityogenes hopkinsi","ASV_21049",-2.59161100520017,0.01,0.0592156862745098,0.587933834222007,"Coleoptera","Curculionidae","Scolytinae","Pityogenes","Pityogenes hopkinsi","k__Fungi","p__Basidiomycota","c__Tremellomycetes","o__Tremellales","f__Bulleribasidiaceae","g__Hannaella",NA,"negative"
"Pityogenes hopkinsi","ASV_21230",-2.38916048783969,0.01,0.0592156862745098,0.587933834222007,"Coleoptera","Curculionidae","Scolytinae","Pityogenes","Pityogenes hopkinsi","k__Fungi","p__Ascomycota","c__Dothideomycetes","o__Dothideales","f__Dothioraceae","g__Dothiora",NA,"negative"
"Pityogenes hopkinsi","ASV_21584",-2.82958674824029,0.01,0.0592156862745098,0.587933834222007,"Coleoptera","Curculionidae","Scolytinae","Pityogenes","Pityogenes hopkinsi","k__Fungi","p__Ascomycota","c__Dothideomycetes","o__Mycosphaerellales","f__Mycosphaerellaceae","g__Pallidocercospora",NA,"negative"
"Pityogenes hopkinsi","ASV_21809",-2.70170559979428,0.01,0.0592156862745098,0.587933834222007,"Coleoptera","Curculionidae","Scolytinae","Pityogenes","Pityogenes hopkinsi","k__Fungi","p__Ascomycota","c__Dothideomycetes","o__Myriangiales","f__Elsinoaceae","g__Elsinoaceae_gen_Incertae_sedis",NA,"negative"
"Pityogenes hopkinsi","ASV_23204",-2.54036199422744,0.01,0.0592156862745098,0.587933834222007,"Coleoptera","Curculionidae","Scolytinae","Pityogenes","Pityogenes hopkinsi","k__Fungi","p__Basidiomycota",NA,NA,NA,NA,NA,"negative"
"Pityogenes hopkinsi","ASV_23218",-2.69560751242363,0.01,0.0592156862745098,0.587933834222007,"Coleoptera","Curculionidae","Scolytinae","Pityogenes","Pityogenes hopkinsi","k__Fungi","p__Ascomycota","c__Eurotiomycetes","o__Chaetothyriales","f__Trichomeriaceae","g__Trichomerium",NA,"negative"
"Pityogenes hopkinsi","ASV_24332",-2.44872546454209,0.01,0.0592156862745098,0.587933834222007,"Coleoptera","Curculionidae","Scolytinae","Pityogenes","Pityogenes hopkinsi","k__Fungi","p__Basidiomycota","c__Agaricomycetes","o__Polyporales","f__Fomitopsidaceae","g__Fomitopsis","s__rosea","negative"
"Pityogenes hopkinsi","ASV_24936",-2.35522412778814,0.01,0.0592156862745098,0.587933834222007,"Coleoptera","Curculionidae","Scolytinae","Pityogenes","Pityogenes hopkinsi","k__Fungi","p__Ascomycota",NA,NA,NA,NA,NA,"negative"
"Pityogenes hopkinsi","ASV_24943",-2.61029442595035,0.01,0.0592156862745098,0.587933834222007,"Coleoptera","Curculionidae","Scolytinae","Pityogenes","Pityogenes hopkinsi","k__Fungi","p__Ascomycota","c__Leotiomycetes","o__Helotiales","f__Helotiales_fam_Incertae_sedis","g__Cryptocline","s__arctostaphyli","negative"
"Pityogenes hopkinsi","ASV_26943",-2.75755323710289,0.01,0.0592156862745098,0.587933834222007,"Coleoptera","Curculionidae","Scolytinae","Pityogenes","Pityogenes hopkinsi","k__Fungi","p__Basidiomycota","c__Agaricomycetes","o__Hymenochaetales","f__Schizoporaceae","g__Xylodon","s__brevisetus","negative"
"Pityogenes hopkinsi","ASV_29909",-2.88579353072397,0.01,0.0592156862745098,0.587933834222007,"Coleoptera","Curculionidae","Scolytinae","Pityogenes","Pityogenes hopkinsi","k__Fungi","p__Basidiomycota","c__Microbotryomycetes","o__Microbotryomycetes_ord_Incertae_sedis","f__Chrysozymaceae","g__Chrysozyma",NA,"negative"
"Orthoperus scutellaris","ASV_3",3.5009067218684,0.001,0.0621764705882353,0.371345579793341,"Coleoptera","Corylophidae","Corylophinae","Orthoperus","Orthoperus scutellaris","k__Fungi","p__Ascomycota","c__Dothideomycetes","o__Dothideales","f__Saccotheciaceae","g__Aureobasidium","s__pullulans","positive"
"Orthoperus scutellaris","ASV_43",3.65655640504133,0.001,0.0621764705882353,0.371345579793341,"Coleoptera","Corylophidae","Corylophinae","Orthoperus","Orthoperus scutellaris","k__Fungi","p__Basidiomycota","c__Microbotryomycetes","o__Microbotryomycetes_ord_Incertae_sedis","f__Microbotryomycetes_fam_Incertae_sedis","g__Curvibasidium",NA,"positive"
"Orthoperus scutellaris","ASV_58",3.72562844609741,0.001,0.0621764705882353,0.371345579793341,"Coleoptera","Corylophidae","Corylophinae","Orthoperus","Orthoperus scutellaris","k__Fungi","p__Basidiomycota","c__Microbotryomycetes","o__Sporidiobolales","f__Sporidiobolaceae","g__Rhodosporidiobolus","s__colostri","positive"
"Orthoperus scutellaris","ASV_65",-3.9191076719824,0.001,0.0621764705882353,0.371345579793341,"Coleoptera","Corylophidae","Corylophinae","Orthoperus","Orthoperus scutellaris","k__Fungi",NA,NA,NA,NA,NA,NA,"negative"
"Orthoperus scutellaris","ASV_67",3.82291881041396,0.001,0.0621764705882353,0.371345579793341,"Coleoptera","Corylophidae","Corylophinae","Orthoperus","Orthoperus scutellaris","k__Fungi","p__Basidiomycota","c__Microbotryomycetes","o__Microbotryomycetes_ord_Incertae_sedis","f__Microbotryomycetes_fam_Incertae_sedis","g__Curvibasidium",NA,"positive"
"Orthoperus scutellaris","ASV_85",-3.47639865442302,0.001,0.0621764705882353,0.371345579793341,"Coleoptera","Corylophidae","Corylophinae","Orthoperus","Orthoperus scutellaris","k__Fungi","p__Ascomycota","c__Sordariomycetes","o__Diaporthales","f__Valsaceae","g__Cytospora","s__beilinensis","negative"
"Orthoperus scutellaris","ASV_136",3.95226657739344,0.001,0.0621764705882353,0.371345579793341,"Coleoptera","Corylophidae","Corylophinae","Orthoperus","Orthoperus scutellaris","k__Fungi","p__Basidiomycota","c__Tremellomycetes","o__Cystofilobasidiales","f__Cystofilobasidiaceae","g__Cystofilobasidium","s__macerans","positive"
"Orthoperus scutellaris","ASV_147",3.49133453871881,0.001,0.0621764705882353,0.371345579793341,"Coleoptera","Corylophidae","Corylophinae","Orthoperus","Orthoperus scutellaris","k__Fungi","p__Basidiomycota","c__Tremellomycetes","o__Tremellales","f__Rhynchogastremataceae","g__Papiliotrema","s__flavescens","positive"
"Orthoperus scutellaris","ASV_208",-2.45603708662717,0.001,0.0621764705882353,0.371345579793341,"Coleoptera","Corylophidae","Corylophinae","Orthoperus","Orthoperus scutellaris","k__Fungi","p__Ascomycota","c__Dothideomycetes","o__Pleosporales","f__Cucurbitariaceae","g__Pyrenochaetopsis","s__leptospora","negative"
"Orthoperus scutellaris","ASV_212",-3.30882343874316,0.001,0.0621764705882353,0.371345579793341,"Coleoptera","Corylophidae","Corylophinae","Orthoperus","Orthoperus scutellaris","k__Fungi","p__Ascomycota","c__Sordariomycetes","o__Hypocreales","f__Nectriaceae",NA,NA,"negative"
"Orthoperus scutellaris","ASV_214",-4.29634000389111,0.001,0.0621764705882353,0.371345579793341,"Coleoptera","Corylophidae","Corylophinae","Orthoperus","Orthoperus scutellaris","k__Fungi","p__Ascomycota","c__Sordariomycetes","o__Diaporthales","f__Valsaceae","g__Cytospora",NA,"negative"
"Orthoperus scutellaris","ASV_217",-4.1432766282571,0.001,0.0621764705882353,0.371345579793341,"Coleoptera","Corylophidae","Corylophinae","Orthoperus","Orthoperus scutellaris","k__Fungi","p__Ascomycota","c__Leotiomycetes","o__Helotiales","f__Lachnaceae","g__Proliferodiscus","s__earoleucus","negative"
"Orthoperus scutellaris","ASV_272",-4.69733932276027,0.001,0.0621764705882353,0.371345579793341,"Coleoptera","Corylophidae","Corylophinae","Orthoperus","Orthoperus scutellaris","k__Fungi","p__Ascomycota","c__Sordariomycetes","o__Diaporthales","f__Valsaceae","g__Cytospora","s__prunicola","negative"
"Orthoperus scutellaris","ASV_285",-2.91436606879771,0.001,0.0621764705882353,0.371345579793341,"Coleoptera","Corylophidae","Corylophinae","Orthoperus","Orthoperus scutellaris","k__Fungi","p__Ascomycota","c__Eurotiomycetes","o__Phaeomoniellales","f__Phaeomoniellaceae","g__Phaeomoniella",NA,"negative"
"Orthoperus scutellaris","ASV_302",-3.49550960713704,0.001,0.0621764705882353,0.371345579793341,"Coleoptera","Corylophidae","Corylophinae","Orthoperus","Orthoperus scutellaris","k__Fungi","p__Ascomycota","c__Leotiomycetes","o__Helotiales","f__Lachnaceae","g__Proliferodiscus","s__earoleucus","negative"
"Orthoperus scutellaris","ASV_311",-3.45631647963518,0.001,0.0621764705882353,0.371345579793341,"Coleoptera","Corylophidae","Corylophinae","Orthoperus","Orthoperus scutellaris","k__Fungi","p__Ascomycota","c__Dothideomycetes","o__Pleosporales","f__Didymosphaeriaceae","g__Pseudopithomyces",NA,"negative"
"Orthoperus scutellaris","ASV_374",4.1003062461116,0.001,0.0621764705882353,0.371345579793341,"Coleoptera","Corylophidae","Corylophinae","Orthoperus","Orthoperus scutellaris","k__Fungi","p__Basidiomycota","c__Tremellomycetes","o__Cystofilobasidiales","f__Mrakiaceae","g__Udeniomyces","s__pyricola","positive"
"Orthoperus scutellaris","ASV_387",3.02118405800582,0.001,0.0621764705882353,0.371345579793341,"Coleoptera","Corylophidae","Corylophinae","Orthoperus","Orthoperus scutellaris","k__Fungi","p__Ascomycota","c__Dothideomycetes","o__Dothideales","f__Dothioraceae","g__Dothiora",NA,"positive"
"Orthoperus scutellaris","ASV_394",-3.80755602948274,0.001,0.0621764705882353,0.371345579793341,"Coleoptera","Corylophidae","Corylophinae","Orthoperus","Orthoperus scutellaris","k__Fungi","p__Ascomycota","c__Eurotiomycetes","o__Chaetothyriales","f__Paracladophialophoraceae","g__Paracladophialophora",NA,"negative"
"Orthoperus scutellaris","ASV_402",3.93212975335476,0.001,0.0621764705882353,0.371345579793341,"Coleoptera","Corylophidae","Corylophinae","Orthoperus","Orthoperus scutellaris","k__Fungi","p__Basidiomycota","c__Tremellomycetes","o__Filobasidiales","f__Filobasidiaceae","g__Naganishia","s__albida","positive"
"Orthoperus scutellaris","ASV_527",-4.65305578783596,0.001,0.0621764705882353,0.371345579793341,"Coleoptera","Corylophidae","Corylophinae","Orthoperus","Orthoperus scutellaris","k__Fungi","p__Ascomycota","c__Eurotiomycetes","o__Chaetothyriales","f__Epibryaceae","g__Epibryon","s__interlamellare","negative"
"Orthoperus scutellaris","ASV_562",-3.82807967529965,0.001,0.0621764705882353,0.371345579793341,"Coleoptera","Corylophidae","Corylophinae","Orthoperus","Orthoperus scutellaris","k__Fungi","p__Ascomycota","c__Eurotiomycetes","o__Phaeomoniellales","f__Phaeomoniellaceae",NA,NA,"negative"
"Orthoperus scutellaris","ASV_576",-4.04732513482526,0.001,0.0621764705882353,0.371345579793341,"Coleoptera","Corylophidae","Corylophinae","Orthoperus","Orthoperus scutellaris","k__Fungi","p__Ascomycota","c__Dothideomycetes","o__Mycosphaerellales","f__Mycosphaerellaceae","g__Acrodontium","s__crateriforme","negative"
"Orthoperus scutellaris","ASV_657",-2.92583337100405,0.001,0.0621764705882353,0.371345579793341,"Coleoptera","Corylophidae","Corylophinae","Orthoperus","Orthoperus scutellaris","k__Fungi","p__Ascomycota","c__Eurotiomycetes","o__Phaeomoniellales","f__Phaeomoniellaceae",NA,NA,"negative"
"Orthoperus scutellaris","ASV_704",3.22476469511422,0.001,0.0621764705882353,0.371345579793341,"Coleoptera","Corylophidae","Corylophinae","Orthoperus","Orthoperus scutellaris","k__Fungi","p__Ascomycota","c__Dothideomycetes","o__Dothideales","f__Saccotheciaceae","g__Aureobasidium","s__pullulans","positive"
"Orthoperus scutellaris","ASV_744",2.84872464790541,0.001,0.0621764705882353,0.371345579793341,"Coleoptera","Corylophidae","Corylophinae","Orthoperus","Orthoperus scutellaris","k__Fungi","p__Ascomycota","c__Leotiomycetes",NA,NA,NA,NA,"positive"
"Orthoperus scutellaris","ASV_746",-4.90662220276403,0.001,0.0621764705882353,0.371345579793341,"Coleoptera","Corylophidae","Corylophinae","Orthoperus","Orthoperus scutellaris","k__Fungi","p__Ascomycota",NA,NA,NA,NA,NA,"negative"
"Orthoperus scutellaris","ASV_771",3.9748113795522,0.001,0.0621764705882353,0.371345579793341,"Coleoptera","Corylophidae","Corylophinae","Orthoperus","Orthoperus scutellaris","k__Fungi","p__Ascomycota","c__Dothideomycetes","o__Dothideales","f__Dothioraceae","g__Dothiora",NA,"positive"
"Orthoperus scutellaris","ASV_792",-3.57736322247034,0.001,0.0621764705882353,0.371345579793341,"Coleoptera","Corylophidae","Corylophinae","Orthoperus","Orthoperus scutellaris","k__Fungi","p__Basidiomycota","c__Agaricomycetes","o__Polyporales","f__Polyporaceae","g__Fomes","s__fomentarius","negative"
"Orthoperus scutellaris","ASV_866",3.27109774844102,0.001,0.0621764705882353,0.371345579793341,"Coleoptera","Corylophidae","Corylophinae","Orthoperus","Orthoperus scutellaris","k__Fungi","p__Ascomycota","c__Dothideomycetes","o__Dothideales","f__Saccotheciaceae","g__Aureobasidium","s__pullulans","positive"
"Orthoperus scutellaris","ASV_961",-3.60266550440529,0.001,0.0621764705882353,0.371345579793341,"Coleoptera","Corylophidae","Corylophinae","Orthoperus","Orthoperus scutellaris","k__Fungi","p__Ascomycota","c__Sareomycetes","o__Sareales","f__Sareaceae","g__Sarea","s__resinae","negative"
"Orthoperus scutellaris","ASV_982",-4.76286229003335,0.001,0.0621764705882353,0.371345579793341,"Coleoptera","Corylophidae","Corylophinae","Orthoperus","Orthoperus scutellaris","k__Fungi","p__Ascomycota","c__Sordariomycetes","o__Hypocreales","f__Nectriaceae",NA,NA,"negative"
"Orthoperus scutellaris","ASV_1026",-4.01256098805984,0.001,0.0621764705882353,0.371345579793341,"Coleoptera","Corylophidae","Corylophinae","Orthoperus","Orthoperus scutellaris","k__Fungi","p__Ascomycota","c__Sordariomycetes","o__Diaporthales","f__Valsaceae","g__Cytospora",NA,"negative"
"Orthoperus scutellaris","ASV_1029",-4.67605243469793,0.001,0.0621764705882353,0.371345579793341,"Coleoptera","Corylophidae","Corylophinae","Orthoperus","Orthoperus scutellaris","k__Fungi","p__Ascomycota","c__Leotiomycetes","o__Helotiales","f__Sclerotiniaceae",NA,NA,"negative"
"Orthoperus scutellaris","ASV_1030",3.66768024938647,0.001,0.0621764705882353,0.371345579793341,"Coleoptera","Corylophidae","Corylophinae","Orthoperus","Orthoperus scutellaris","k__Fungi","p__Ascomycota","c__Dothideomycetes","o__Dothideales","f__Dothioraceae","g__Dothiora",NA,"positive"
"Orthoperus scutellaris","ASV_1035",4.24586478442039,0.001,0.0621764705882353,0.371345579793341,"Coleoptera","Corylophidae","Corylophinae","Orthoperus","Orthoperus scutellaris","k__Fungi","p__Basidiomycota","c__Tremellomycetes",NA,NA,NA,NA,"positive"
"Orthoperus scutellaris","ASV_1120",-4.04687967280284,0.001,0.0621764705882353,0.371345579793341,"Coleoptera","Corylophidae","Corylophinae","Orthoperus","Orthoperus scutellaris","k__Fungi","p__Ascomycota","c__Dothideomycetes",NA,NA,NA,NA,"negative"
"Orthoperus scutellaris","ASV_1250",4.64677515798348,0.001,0.0621764705882353,0.371345579793341,"Coleoptera","Corylophidae","Corylophinae","Orthoperus","Orthoperus scutellaris","k__Fungi","p__Basidiomycota","c__Tremellomycetes","o__Tremellales","f__Cryptococcaceae","g__Cryptococcus","s__wingfieldii","positive"
"Orthoperus scutellaris","ASV_1322",-4.0038433432384,0.001,0.0621764705882353,0.371345579793341,"Coleoptera","Corylophidae","Corylophinae","Orthoperus","Orthoperus scutellaris","k__Fungi","p__Ascomycota","c__Leotiomycetes",NA,NA,NA,NA,"negative"
"Orthoperus scutellaris","ASV_1438",3.68431285901572,0.001,0.0621764705882353,0.371345579793341,"Coleoptera","Corylophidae","Corylophinae","Orthoperus","Orthoperus scutellaris","k__Fungi","p__Basidiomycota","c__Tremellomycetes","o__Cystofilobasidiales","f__Mrakiaceae","g__Udeniomyces","s__megalosporus","positive"
"Orthoperus scutellaris","ASV_1447",-3.85828903814743,0.001,0.0621764705882353,0.371345579793341,"Coleoptera","Corylophidae","Corylophinae","Orthoperus","Orthoperus scutellaris","k__Fungi","p__Ascomycota","c__Eurotiomycetes","o__Eurotiales","f__Aspergillaceae","g__Penicillium","s__penicillioides","negative"
"Orthoperus scutellaris","ASV_1460",2.77558263053751,0.001,0.0621764705882353,0.371345579793341,"Coleoptera","Corylophidae","Corylophinae","Orthoperus","Orthoperus scutellaris","k__Fungi","p__Basidiomycota","c__Exobasidiomycetes","o__Microstromatales","f__Microstromatales_fam_Incertae_sedis","g__Pseudomicrostroma",NA,"positive"
"Orthoperus scutellaris","ASV_1464",-4.1554289585157,0.001,0.0621764705882353,0.371345579793341,"Coleoptera","Corylophidae","Corylophinae","Orthoperus","Orthoperus scutellaris","k__Fungi","p__Basidiomycota","c__Agaricomycetes","o__Polyporales","f__Polyporaceae","g__Fomes","s__fomentarius","negative"
"Orthoperus scutellaris","ASV_1487",-3.44348195288629,0.001,0.0621764705882353,0.371345579793341,"Coleoptera","Corylophidae","Corylophinae","Orthoperus","Orthoperus scutellaris","k__Fungi","p__Ascomycota","c__Sordariomycetes","o__Diaporthales","f__Valsaceae","g__Cytospora","s__prunicola","negative"
"Orthoperus scutellaris","ASV_1499",-4.90958565780002,0.001,0.0621764705882353,0.371345579793341,"Coleoptera","Corylophidae","Corylophinae","Orthoperus","Orthoperus scutellaris","k__Fungi","p__Mortierellomycota","c__Mortierellomycetes","o__Mortierellales","f__Mortierellaceae","g__Entomortierella","s__parvispora","negative"
"Orthoperus scutellaris","ASV_1566",4.31870825245278,0.001,0.0621764705882353,0.371345579793341,"Coleoptera","Corylophidae","Corylophinae","Orthoperus","Orthoperus scutellaris","k__Fungi","p__Basidiomycota","c__Microbotryomycetes","o__Microbotryomycetes_ord_Incertae_sedis","f__Microbotryomycetes_fam_Incertae_sedis","g__Curvibasidium",NA,"positive"
"Orthoperus scutellaris","ASV_1599",3.88021106794786,0.001,0.0621764705882353,0.371345579793341,"Coleoptera","Corylophidae","Corylophinae","Orthoperus","Orthoperus scutellaris","k__Fungi","p__Basidiomycota","c__Tremellomycetes","o__Tremellales","f__Rhynchogastremataceae","g__Papiliotrema",NA,"positive"
"Orthoperus scutellaris","ASV_1647",-3.35616178933979,0.001,0.0621764705882353,0.371345579793341,"Coleoptera","Corylophidae","Corylophinae","Orthoperus","Orthoperus scutellaris","k__Fungi","p__Ascomycota","c__Eurotiomycetes","o__Phaeomoniellales","f__Phaeomoniellaceae",NA,NA,"negative"
"Orthoperus scutellaris","ASV_1727",3.52918890125509,0.001,0.0621764705882353,0.371345579793341,"Coleoptera","Corylophidae","Corylophinae","Orthoperus","Orthoperus scutellaris","k__Fungi","p__Ascomycota","c__Leotiomycetes","o__Rhytismatales","f__Cudoniaceae",NA,NA,"positive"
"Orthoperus scutellaris","ASV_1799",-3.88888973431642,0.001,0.0621764705882353,0.371345579793341,"Coleoptera","Corylophidae","Corylophinae","Orthoperus","Orthoperus scutellaris","k__Fungi","p__Ascomycota","c__Eurotiomycetes","o__Phaeomoniellales","f__Phaeomoniellaceae","g__Phaeomoniella",NA,"negative"
"Orthoperus scutellaris","ASV_1887",2.50090096873281,0.001,0.0621764705882353,0.371345579793341,"Coleoptera","Corylophidae","Corylophinae","Orthoperus","Orthoperus scutellaris","k__Fungi","p__Ascomycota","c__Leotiomycetes","o__Helotiales","f__Helotiales_fam_Incertae_sedis","g__Cryptocline","s__arctostaphyli","positive"
"Orthoperus scutellaris","ASV_2024",4.23007479412974,0.001,0.0621764705882353,0.371345579793341,"Coleoptera","Corylophidae","Corylophinae","Orthoperus","Orthoperus scutellaris","k__Fungi","p__Basidiomycota","c__Tremellomycetes","o__Tremellales","f__Bulleraceae","g__Fonsecazyma",NA,"positive"
"Orthoperus scutellaris","ASV_2239",3.84230765101059,0.001,0.0621764705882353,0.371345579793341,"Coleoptera","Corylophidae","Corylophinae","Orthoperus","Orthoperus scutellaris","k__Fungi","p__Ascomycota","c__Dothideomycetes","o__Dothideales",NA,NA,NA,"positive"
"Orthoperus scutellaris","ASV_2406",2.27045730822167,0.001,0.0621764705882353,0.371345579793341,"Coleoptera","Corylophidae","Corylophinae","Orthoperus","Orthoperus scutellaris","k__Fungi","p__Basidiomycota","c__Exobasidiomycetes","o__Microstromatales","f__Microstromatales_fam_Incertae_sedis","g__Pseudomicrostroma",NA,"positive"
"Orthoperus scutellaris","ASV_2533",3.16791421395775,0.001,0.0621764705882353,0.371345579793341,"Coleoptera","Corylophidae","Corylophinae","Orthoperus","Orthoperus scutellaris","k__Fungi","p__Ascomycota","c__Dothideomycetes","o__Dothideales","f__Dothioraceae","g__Dothiora",NA,"positive"
"Orthoperus scutellaris","ASV_2704",2.03017901745847,0.001,0.0621764705882353,0.371345579793341,"Coleoptera","Corylophidae","Corylophinae","Orthoperus","Orthoperus scutellaris","k__Fungi","p__Ascomycota","c__Dothideomycetes",NA,NA,NA,NA,"positive"
"Orthoperus scutellaris","ASV_2737",3.2423747541852,0.001,0.0621764705882353,0.371345579793341,"Coleoptera","Corylophidae","Corylophinae","Orthoperus","Orthoperus scutellaris","k__Fungi","p__Ascomycota","c__Dothideomycetes","o__Myriangiales","f__Endosporiaceae","g__Endosporium",NA,"positive"
"Orthoperus scutellaris","ASV_2809",-3.68073368444774,0.001,0.0621764705882353,0.371345579793341,"Coleoptera","Corylophidae","Corylophinae","Orthoperus","Orthoperus scutellaris","k__Fungi","p__Basidiomycota","c__Agaricomycetes","o__Polyporales","f__Ganodermataceae","g__Ganoderma",NA,"negative"
"Orthoperus scutellaris","ASV_2813",3.8093902372438,0.001,0.0621764705882353,0.371345579793341,"Coleoptera","Corylophidae","Corylophinae","Orthoperus","Orthoperus scutellaris","k__Fungi","p__Basidiomycota","c__Tremellomycetes","o__Filobasidiales","f__Filobasidiaceae","g__Filobasidium","s__wieringae","positive"
"Orthoperus scutellaris","ASV_2985",3.81742280105226,0.001,0.0621764705882353,0.371345579793341,"Coleoptera","Corylophidae","Corylophinae","Orthoperus","Orthoperus scutellaris","k__Fungi","p__Ascomycota","c__Taphrinomycetes","o__Taphrinales","f__Taphrinaceae","g__Taphrina",NA,"positive"
"Orthoperus scutellaris","ASV_3224",3.56260174595895,0.001,0.0621764705882353,0.371345579793341,"Coleoptera","Corylophidae","Corylophinae","Orthoperus","Orthoperus scutellaris","k__Fungi","p__Basidiomycota","c__Tremellomycetes","o__Tremellales","f__Bulleribasidiaceae","g__Vishniacozyma","s__victoriae","positive"
"Orthoperus scutellaris","ASV_3466",2.51712252383522,0.001,0.0621764705882353,0.371345579793341,"Coleoptera","Corylophidae","Corylophinae","Orthoperus","Orthoperus scutellaris","k__Fungi","p__Basidiomycota","c__Microbotryomycetes","o__Microbotryomycetes_ord_Incertae_sedis","f__Colacogloeaceae","g__Colacogloeaceae_gen_Incertae_sedis",NA,"positive"
"Orthoperus scutellaris","ASV_3580",3.78334417897805,0.001,0.0621764705882353,0.371345579793341,"Coleoptera","Corylophidae","Corylophinae","Orthoperus","Orthoperus scutellaris","k__Fungi","p__Ascomycota","c__Sordariomycetes","o__Diaporthales","f__Gnomoniaceae","g__Ophiognomonia",NA,"positive"
"Orthoperus scutellaris","ASV_3661",2.74273898051679,0.001,0.0621764705882353,0.371345579793341,"Coleoptera","Corylophidae","Corylophinae","Orthoperus","Orthoperus scutellaris","k__Fungi","p__Ascomycota","c__Leotiomycetes",NA,NA,NA,NA,"positive"
"Orthoperus scutellaris","ASV_3775",-3.9156554458006,0.001,0.0621764705882353,0.371345579793341,"Coleoptera","Corylophidae","Corylophinae","Orthoperus","Orthoperus scutellaris","k__Fungi","p__Ascomycota",NA,NA,NA,NA,NA,"negative"
"Orthoperus scutellaris","ASV_4149",4.19025460976787,0.001,0.0621764705882353,0.371345579793341,"Coleoptera","Corylophidae","Corylophinae","Orthoperus","Orthoperus scutellaris","k__Fungi","p__Basidiomycota","c__Tremellomycetes","o__Filobasidiales","f__Filobasidiaceae","g__Naganishia",NA,"positive"
"Orthoperus scutellaris","ASV_4984",3.85681337984118,0.001,0.0621764705882353,0.371345579793341,"Coleoptera","Corylophidae","Corylophinae","Orthoperus","Orthoperus scutellaris","k__Fungi","p__Ascomycota","c__Leotiomycetes","o__Helotiales",NA,NA,NA,"positive"
"Orthoperus scutellaris","ASV_5267",2.53018136108069,0.001,0.0621764705882353,0.371345579793341,"Coleoptera","Corylophidae","Corylophinae","Orthoperus","Orthoperus scutellaris","k__Fungi","p__Ascomycota","c__Dothideomycetes",NA,NA,NA,NA,"positive"
"Orthoperus scutellaris","ASV_5321",3.41267749327594,0.001,0.0621764705882353,0.371345579793341,"Coleoptera","Corylophidae","Corylophinae","Orthoperus","Orthoperus scutellaris","k__Fungi","p__Ascomycota","c__Dothideomycetes","o__Dothideales","f__Dothioraceae","g__Dothiora",NA,"positive"
"Orthoperus scutellaris","ASV_5338",3.36029695704593,0.001,0.0621764705882353,0.371345579793341,"Coleoptera","Corylophidae","Corylophinae","Orthoperus","Orthoperus scutellaris","k__Fungi","p__Basidiomycota","c__Tremellomycetes","o__Tremellales","f__Tremellales_fam_Incertae_sedis","g__Tremellales_gen_Incertae_sedis",NA,"positive"
"Orthoperus scutellaris","ASV_6054",4.88907946343108,0.001,0.0621764705882353,0.371345579793341,"Coleoptera","Corylophidae","Corylophinae","Orthoperus","Orthoperus scutellaris","k__Fungi","p__Basidiomycota","c__Tremellomycetes","o__Filobasidiales","f__Filobasidiaceae","g__Naganishia","s__albida","positive"
"Orthoperus scutellaris","ASV_6123",3.49812522173833,0.001,0.0621764705882353,0.371345579793341,"Coleoptera","Corylophidae","Corylophinae","Orthoperus","Orthoperus scutellaris","k__Fungi","p__Ascomycota","c__Dothideomycetes","o__Dothideales",NA,NA,NA,"positive"
"Orthoperus scutellaris","ASV_6386",3.06730852589572,0.001,0.0621764705882353,0.371345579793341,"Coleoptera","Corylophidae","Corylophinae","Orthoperus","Orthoperus scutellaris","k__Fungi","p__Ascomycota","c__Taphrinomycetes","o__Taphrinales","f__Taphrinaceae","g__Taphrina","s__sacchari","positive"
"Orthoperus scutellaris","ASV_6652",3.23006250335207,0.001,0.0621764705882353,0.371345579793341,"Coleoptera","Corylophidae","Corylophinae","Orthoperus","Orthoperus scutellaris","k__Fungi","p__Basidiomycota",NA,NA,NA,NA,NA,"positive"
"Orthoperus scutellaris","ASV_7940",4.99033114249772,0.001,0.0621764705882353,0.371345579793341,"Coleoptera","Corylophidae","Corylophinae","Orthoperus","Orthoperus scutellaris","k__Fungi","p__Ascomycota",NA,NA,NA,NA,NA,"positive"
"Orthoperus scutellaris","ASV_8189",2.16198920982345,0.001,0.0621764705882353,0.371345579793341,"Coleoptera","Corylophidae","Corylophinae","Orthoperus","Orthoperus scutellaris","k__Fungi","p__Basidiomycota","c__Tremellomycetes","o__Tremellales","f__Sirobasidiaceae","g__Fibulobasidium","s__inconspicuum","positive"
"Orthoperus scutellaris","ASV_8546",2.5448289382914,0.001,0.0621764705882353,0.371345579793341,"Coleoptera","Corylophidae","Corylophinae","Orthoperus","Orthoperus scutellaris","k__Fungi","p__Basidiomycota","c__Agaricomycetes","o__Agaricales","f__Cortinariaceae","g__Cortinarius","s__subcarabus","positive"
"Orthoperus scutellaris","ASV_8759",3.87743434747717,0.001,0.0621764705882353,0.371345579793341,"Coleoptera","Corylophidae","Corylophinae","Orthoperus","Orthoperus scutellaris","k__Fungi","p__Ascomycota","c__Leotiomycetes","o__Helotiales","f__Dermateaceae","g__Naevala","s__perexigua","positive"
"Orthoperus scutellaris","ASV_8899",3.73348959974652,0.001,0.0621764705882353,0.371345579793341,"Coleoptera","Corylophidae","Corylophinae","Orthoperus","Orthoperus scutellaris","k__Fungi",NA,NA,NA,NA,NA,NA,"positive"
"Orthoperus scutellaris","ASV_9351",2.87449014840371,0.001,0.0621764705882353,0.371345579793341,"Coleoptera","Corylophidae","Corylophinae","Orthoperus","Orthoperus scutellaris","k__Fungi","p__Ascomycota",NA,NA,NA,NA,NA,"positive"
"Orthoperus scutellaris","ASV_9386",2.45733038678223,0.001,0.0621764705882353,0.371345579793341,"Coleoptera","Corylophidae","Corylophinae","Orthoperus","Orthoperus scutellaris","k__Fungi","p__Ascomycota","c__Dothideomycetes","o__Dothideales","f__Saccotheciaceae","g__Aureobasidium","s__pullulans","positive"
"Orthoperus scutellaris","ASV_10965",3.00719394215343,0.001,0.0621764705882353,0.371345579793341,"Coleoptera","Corylophidae","Corylophinae","Orthoperus","Orthoperus scutellaris","k__Fungi","p__Ascomycota","c__Dothideomycetes","o__Pleosporales","f__Cucurbitariaceae","g__Neocucurbitaria","s__populi","positive"
"Orthoperus scutellaris","ASV_11320",2.84367277562715,0.001,0.0621764705882353,0.371345579793341,"Coleoptera","Corylophidae","Corylophinae","Orthoperus","Orthoperus scutellaris","k__Fungi","p__Basidiomycota","c__Microbotryomycetes","o__Microbotryomycetes_ord_Incertae_sedis","f__Microbotryomycetes_fam_Incertae_sedis","g__Curvibasidium",NA,"positive"
"Orthoperus scutellaris","ASV_12223",3.72662705637906,0.001,0.0621764705882353,0.371345579793341,"Coleoptera","Corylophidae","Corylophinae","Orthoperus","Orthoperus scutellaris","k__Fungi","p__Ascomycota","c__Dothideomycetes","o__Dothideales","f__Dothioraceae","g__Dothiora",NA,"positive"
"Orthoperus scutellaris","ASV_12564",4.58415566328574,0.001,0.0621764705882353,0.371345579793341,"Coleoptera","Corylophidae","Corylophinae","Orthoperus","Orthoperus scutellaris","k__Fungi","p__Basidiomycota","c__Tremellomycetes","o__Tremellales","f__Bulleraceae","g__Fonsecazyma",NA,"positive"
"Orthoperus scutellaris","ASV_13946",4.14838097926436,0.001,0.0621764705882353,0.371345579793341,"Coleoptera","Corylophidae","Corylophinae","Orthoperus","Orthoperus scutellaris","k__Fungi","p__Basidiomycota","c__Tremellomycetes","o__Tremellales","f__Cryptococcaceae","g__Teunia",NA,"positive"
"Orthoperus scutellaris","ASV_14140",2.56035429584187,0.001,0.0621764705882353,0.371345579793341,"Coleoptera","Corylophidae","Corylophinae","Orthoperus","Orthoperus scutellaris","k__Fungi","p__Ascomycota","c__Dothideomycetes","o__Myriangiales",NA,NA,NA,"positive"
"Orthoperus scutellaris","ASV_14578",5.15096578301428,0.001,0.0621764705882353,0.371345579793341,"Coleoptera","Corylophidae","Corylophinae","Orthoperus","Orthoperus scutellaris","k__Fungi","p__Basidiomycota","c__Microbotryomycetes","o__Microbotryomycetes_ord_Incertae_sedis","f__Microbotryomycetes_fam_Incertae_sedis","g__Curvibasidium",NA,"positive"
"Orthoperus scutellaris","ASV_15428",3.61661747446244,0.001,0.0621764705882353,0.371345579793341,"Coleoptera","Corylophidae","Corylophinae","Orthoperus","Orthoperus scutellaris","k__Fungi","p__Basidiomycota","c__Tremellomycetes","o__Tremellales","f__Cryptococcaceae","g__Teunia",NA,"positive"
"Orthoperus scutellaris","ASV_16891",3.8411992675078,0.001,0.0621764705882353,0.371345579793341,"Coleoptera","Corylophidae","Corylophinae","Orthoperus","Orthoperus scutellaris","k__Fungi","p__Basidiomycota","c__Tremellomycetes","o__Tremellales",NA,NA,NA,"positive"
"Orthoperus scutellaris","ASV_17035",3.62653879616046,0.001,0.0621764705882353,0.371345579793341,"Coleoptera","Corylophidae","Corylophinae","Orthoperus","Orthoperus scutellaris","k__Fungi","p__Basidiomycota","c__Tremellomycetes","o__Tremellales","f__Cryptococcaceae","g__Teunia",NA,"positive"
"Orthoperus scutellaris","ASV_17212",3.55508909695051,0.001,0.0621764705882353,0.371345579793341,"Coleoptera","Corylophidae","Corylophinae","Orthoperus","Orthoperus scutellaris","k__Fungi","p__Ascomycota","c__Dothideomycetes","o__Dothideales","f__Dothioraceae","g__Dothiora",NA,"positive"
"Orthoperus scutellaris","ASV_17354",4.05713562500476,0.001,0.0621764705882353,0.371345579793341,"Coleoptera","Corylophidae","Corylophinae","Orthoperus","Orthoperus scutellaris","k__Fungi","p__Ascomycota","c__Dothideomycetes","o__Myriangiales",NA,NA,NA,"positive"
"Orthoperus scutellaris","ASV_17785",3.62618100918926,0.001,0.0621764705882353,0.371345579793341,"Coleoptera","Corylophidae","Corylophinae","Orthoperus","Orthoperus scutellaris","k__Fungi","p__Ascomycota","c__Dothideomycetes","o__Myriangiales",NA,NA,NA,"positive"
"Orthoperus scutellaris","ASV_17857",2.41927729798523,0.001,0.0621764705882353,0.371345579793341,"Coleoptera","Corylophidae","Corylophinae","Orthoperus","Orthoperus scutellaris","k__Fungi","p__Basidiomycota","c__Agaricomycetes","o__Sebacinales","f__Sebacinaceae","g__Chaetospermum",NA,"positive"
"Orthoperus scutellaris","ASV_18640",3.45514296887365,0.001,0.0621764705882353,0.371345579793341,"Coleoptera","Corylophidae","Corylophinae","Orthoperus","Orthoperus scutellaris","k__Fungi","p__Ascomycota","c__Dothideomycetes","o__Dothideales","f__Dothideaceae",NA,NA,"positive"
"Orthoperus scutellaris","ASV_18804",3.11292639807122,0.001,0.0621764705882353,0.371345579793341,"Coleoptera","Corylophidae","Corylophinae","Orthoperus","Orthoperus scutellaris","k__Fungi","p__Basidiomycota","c__Tremellomycetes","o__Tremellales","f__Bulleraceae","g__Fonsecazyma",NA,"positive"
"Orthoperus scutellaris","ASV_20040",2.40742076347447,0.001,0.0621764705882353,0.371345579793341,"Coleoptera","Corylophidae","Corylophinae","Orthoperus","Orthoperus scutellaris","k__Fungi","p__Ascomycota","c__Pezizomycotina_cls_Incertae_sedis","o__Pezizomycotina_ord_Incertae_sedis","f__Pezizomycotina_fam_Incertae_sedis","g__Neomelanconium","s__gelatosporum","positive"
"Orthoperus scutellaris","ASV_20484",2.62189886674642,0.001,0.0621764705882353,0.371345579793341,"Coleoptera","Corylophidae","Corylophinae","Orthoperus","Orthoperus scutellaris","k__Fungi","p__Ascomycota","c__Leotiomycetes","o__Helotiales","f__Helotiaceae","g__Fontanospora","s__fusiramosa","positive"
"Orthoperus scutellaris","ASV_20934",4.3678994032109,0.001,0.0621764705882353,0.371345579793341,"Coleoptera","Corylophidae","Corylophinae","Orthoperus","Orthoperus scutellaris","k__Fungi","p__Basidiomycota","c__Tremellomycetes","o__Tremellales",NA,NA,NA,"positive"
"Orthoperus scutellaris","ASV_23886",2.55669055571808,0.001,0.0621764705882353,0.371345579793341,"Coleoptera","Corylophidae","Corylophinae","Orthoperus","Orthoperus scutellaris","k__Fungi","p__Ascomycota","c__Leotiomycetes","o__Helotiales","f__Helotiales_fam_Incertae_sedis","g__Cryptocline","s__arctostaphyli","positive"
"Orthoperus scutellaris","ASV_28273",2.43759185764679,0.001,0.0621764705882353,0.371345579793341,"Coleoptera","Corylophidae","Corylophinae","Orthoperus","Orthoperus scutellaris","k__Fungi","p__Basidiomycota","c__Agaricomycetes","o__Agaricales","f__Entolomataceae","g__Entoloma","s__cetratum","positive"
"Pityogenes hopkinsi","ASV_292",2.64688441029812,0.011,0.0624547896150403,0.598597162245527,"Coleoptera","Curculionidae","Scolytinae","Pityogenes","Pityogenes hopkinsi","k__Fungi","p__Ascomycota","c__Leotiomycetes","o__Rhytismatales","f__Rhytismataceae","g__Coccomyces","s__strobi","positive"
"Pityogenes hopkinsi","ASV_459",2.68683886233271,0.011,0.0624547896150403,0.598597162245527,"Coleoptera","Curculionidae","Scolytinae","Pityogenes","Pityogenes hopkinsi","k__Fungi","p__Ascomycota","c__Lecanoromycetes","o__Ostropales","f__Spirographaceae","g__Spirographa","s__fusisporella","positive"
"Pityogenes hopkinsi","ASV_791",-2.99126189901818,0.011,0.0624547896150403,0.598597162245527,"Coleoptera","Curculionidae","Scolytinae","Pityogenes","Pityogenes hopkinsi","k__Fungi","p__Basidiomycota","c__Agaricomycetes","o__Polyporales","f__Meripilaceae","g__Rigidoporus","s__pouzarii","negative"
"Pityogenes hopkinsi","ASV_1131",2.6860600666918,0.011,0.0624547896150403,0.598597162245527,"Coleoptera","Curculionidae","Scolytinae","Pityogenes","Pityogenes hopkinsi","k__Fungi","p__Basidiomycota","c__Agaricomycetes","o__Hymenochaetales","f__Hymenochaetales_fam_Incertae_sedis","g__Trichaptum","s__biforme","positive"
"Pityogenes hopkinsi","ASV_1441",2.26996199049482,0.011,0.0624547896150403,0.598597162245527,"Coleoptera","Curculionidae","Scolytinae","Pityogenes","Pityogenes hopkinsi","k__Fungi","p__Ascomycota",NA,NA,NA,NA,NA,"positive"
"Pityogenes hopkinsi","ASV_1997",2.44595518011386,0.011,0.0624547896150403,0.598597162245527,"Coleoptera","Curculionidae","Scolytinae","Pityogenes","Pityogenes hopkinsi","k__Fungi","p__Ascomycota","c__Sordariomycetes","o__Xylariales","f__Diatrypaceae","g__Diatrype","s__stigma","positive"
"Pityogenes hopkinsi","ASV_2108",-2.64172416942777,0.011,0.0624547896150403,0.598597162245527,"Coleoptera","Curculionidae","Scolytinae","Pityogenes","Pityogenes hopkinsi","k__Fungi",NA,NA,NA,NA,NA,NA,"negative"
"Pityogenes hopkinsi","ASV_2558",3.64759162599307,0.011,0.0624547896150403,0.598597162245527,"Coleoptera","Curculionidae","Scolytinae","Pityogenes","Pityogenes hopkinsi","k__Fungi",NA,NA,NA,NA,NA,NA,"positive"
"Pityogenes hopkinsi","ASV_2702",2.91959686931228,0.011,0.0624547896150403,0.598597162245527,"Coleoptera","Curculionidae","Scolytinae","Pityogenes","Pityogenes hopkinsi","k__Fungi","p__Ascomycota","c__Sordariomycetes","o__Diaporthales","f__Valsaceae","g__Cytospora",NA,"positive"
"Pityogenes hopkinsi","ASV_2827",3.70053730240929,0.011,0.0624547896150403,0.598597162245527,"Coleoptera","Curculionidae","Scolytinae","Pityogenes","Pityogenes hopkinsi","k__Fungi","p__Ascomycota",NA,NA,NA,NA,NA,"positive"
"Pityogenes hopkinsi","ASV_2832",-2.83132889556586,0.011,0.0624547896150403,0.598597162245527,"Coleoptera","Curculionidae","Scolytinae","Pityogenes","Pityogenes hopkinsi","k__Fungi","p__Ascomycota","c__Dothideomycetes","o__Pleosporales","f__Cucurbitariaceae","g__Parafenestella","s__austriaca","negative"
"Pityogenes hopkinsi","ASV_2930",2.30025545693846,0.011,0.0624547896150403,0.598597162245527,"Coleoptera","Curculionidae","Scolytinae","Pityogenes","Pityogenes hopkinsi","k__Fungi","p__Ascomycota","c__Sordariomycetes","o__Xylariales","f__Diatrypaceae","g__Diatrype","s__stigma","positive"
"Pityogenes hopkinsi","ASV_3024",3.51363085456646,0.011,0.0624547896150403,0.598597162245527,"Coleoptera","Curculionidae","Scolytinae","Pityogenes","Pityogenes hopkinsi","k__Fungi","p__Ascomycota","c__Leotiomycetes","o__Rhytismatales","f__Rhytismataceae","g__Lophodermium","s__macci","positive"
"Pityogenes hopkinsi","ASV_3658",3.05524107428894,0.011,0.0624547896150403,0.598597162245527,"Coleoptera","Curculionidae","Scolytinae","Pityogenes","Pityogenes hopkinsi","k__Fungi","p__Ascomycota","c__Dothideomycetes","o__Pleosporales","f__Lophiotremataceae","g__Atrocalyx",NA,"positive"
"Pityogenes hopkinsi","ASV_4352",2.6045879229766,0.011,0.0624547896150403,0.598597162245527,"Coleoptera","Curculionidae","Scolytinae","Pityogenes","Pityogenes hopkinsi","k__Fungi","p__Ascomycota","c__Sordariomycetes","o__Xylariales","f__Diatrypaceae","g__Diatrype","s__stigma","positive"
"Pityogenes hopkinsi","ASV_4463",-2.98867043154674,0.011,0.0624547896150403,0.598597162245527,"Coleoptera","Curculionidae","Scolytinae","Pityogenes","Pityogenes hopkinsi","k__Fungi","p__Basidiomycota","c__Tremellomycetes","o__Trichosporonales","f__Trichosporonaceae","g__Pascua","s__guehoae","negative"
"Pityogenes hopkinsi","ASV_4592",3.61214817841441,0.011,0.0624547896150403,0.598597162245527,"Coleoptera","Curculionidae","Scolytinae","Pityogenes","Pityogenes hopkinsi","k__Fungi","p__Ascomycota","c__Dothideomycetes","o__Mycosphaerellales",NA,NA,NA,"positive"
"Pityogenes hopkinsi","ASV_4992",-2.4858135648908,0.011,0.0624547896150403,0.598597162245527,"Coleoptera","Curculionidae","Scolytinae","Pityogenes","Pityogenes hopkinsi","k__Fungi","p__Ascomycota","c__Lecanoromycetes","o__Caliciales",NA,NA,NA,"negative"
"Pityogenes hopkinsi","ASV_5102",-2.32352819972057,0.011,0.0624547896150403,0.598597162245527,"Coleoptera","Curculionidae","Scolytinae","Pityogenes","Pityogenes hopkinsi","k__Fungi","p__Ascomycota","c__Dothideomycetes","o__Capnodiales","f__Neoantennariellaceae","g__Cippumomyces","s__mortalis","negative"
"Pityogenes hopkinsi","ASV_5231",-2.11654038226219,0.011,0.0624547896150403,0.598597162245527,"Coleoptera","Curculionidae","Scolytinae","Pityogenes","Pityogenes hopkinsi","k__Fungi","p__Basidiomycota","c__Agaricomycetes","o__Polyporales","f__Steccherinaceae","g__Steccherinum","s__bourdotii","negative"
"Pityogenes hopkinsi","ASV_5361",-2.89547045160917,0.011,0.0624547896150403,0.598597162245527,"Coleoptera","Curculionidae","Scolytinae","Pityogenes","Pityogenes hopkinsi","k__Fungi","p__Ascomycota","c__Taphrinomycetes","o__Taphrinales","f__Taphrinaceae","g__Taphrina","s__confusa","negative"
"Pityogenes hopkinsi","ASV_5630",-2.56832796689539,0.011,0.0624547896150403,0.598597162245527,"Coleoptera","Curculionidae","Scolytinae","Pityogenes","Pityogenes hopkinsi","k__Fungi","p__Basidiomycota","c__Agaricomycetes","o__Russulales","f__Peniophoraceae","g__Peniophora",NA,"negative"
"Pityogenes hopkinsi","ASV_5657",-2.393127645552,0.011,0.0624547896150403,0.598597162245527,"Coleoptera","Curculionidae","Scolytinae","Pityogenes","Pityogenes hopkinsi","k__Fungi","p__Ascomycota","c__Dothideomycetes","o__Pleosporales","f__Lentitheciaceae","g__Lentitheciaceae_gen_Incertae_sedis",NA,"negative"
"Pityogenes hopkinsi","ASV_6042",-1.79522339380007,0.011,0.0624547896150403,0.598597162245527,"Coleoptera","Curculionidae","Scolytinae","Pityogenes","Pityogenes hopkinsi","k__Fungi","p__Ascomycota","c__Leotiomycetes","o__Helotiales","f__Helotiales_fam_Incertae_sedis","g__Cryptocline","s__arctostaphyli","negative"
"Pityogenes hopkinsi","ASV_6896",-2.0823759006829,0.011,0.0624547896150403,0.598597162245527,"Coleoptera","Curculionidae","Scolytinae","Pityogenes","Pityogenes hopkinsi","k__Fungi","p__Chytridiomycota","c__Spizellomycetes","o__Spizellomycetales","f__Spizellomycetales_fam_Incertae_sedis","g__Spizellomycetales_gen_Incertae_sedis",NA,"negative"
"Pityogenes hopkinsi","ASV_7206",-2.59029364881646,0.011,0.0624547896150403,0.598597162245527,"Coleoptera","Curculionidae","Scolytinae","Pityogenes","Pityogenes hopkinsi","k__Fungi","p__Basidiomycota","c__Tremellomycetes","o__Tremellales","f__Tremellales_fam_Incertae_sedis","g__Tremellales_gen_Incertae_sedis",NA,"negative"
"Pityogenes hopkinsi","ASV_7221",-2.48484332397126,0.011,0.0624547896150403,0.598597162245527,"Coleoptera","Curculionidae","Scolytinae","Pityogenes","Pityogenes hopkinsi","k__Fungi","p__Ascomycota","c__Dothideomycetes","o__Pleosporales","f__Didymosphaeriaceae","g__Paracamarosporium",NA,"negative"
"Pityogenes hopkinsi","ASV_7782",-2.45156667404505,0.011,0.0624547896150403,0.598597162245527,"Coleoptera","Curculionidae","Scolytinae","Pityogenes","Pityogenes hopkinsi","k__Fungi","p__Basidiomycota","c__Tremellomycetes","o__Tremellales","f__Tremellaceae","g__Tremella","s__encephala","negative"
"Pityogenes hopkinsi","ASV_8122",-1.56764525482023,0.011,0.0624547896150403,0.598597162245527,"Coleoptera","Curculionidae","Scolytinae","Pityogenes","Pityogenes hopkinsi","k__Fungi","p__Ascomycota","c__Leotiomycetes","o__Helotiales","f__Dermateaceae","g__Cryptosporiopsis",NA,"negative"
"Pityogenes hopkinsi","ASV_8658",-2.56632158857301,0.011,0.0624547896150403,0.598597162245527,"Coleoptera","Curculionidae","Scolytinae","Pityogenes","Pityogenes hopkinsi","k__Fungi","p__Basidiomycota","c__Agaricomycetes","o__Polyporales","f__Irpicaceae",NA,NA,"negative"
"Pityogenes hopkinsi","ASV_8722",-2.62299984803089,0.011,0.0624547896150403,0.598597162245527,"Coleoptera","Curculionidae","Scolytinae","Pityogenes","Pityogenes hopkinsi","k__Fungi","p__Basidiomycota","c__Agaricomycetes","o__Polyporales","f__Meruliaceae","g__Meruliaceae_gen_Incertae_sedis",NA,"negative"
"Pityogenes hopkinsi","ASV_10522",-1.75355697658318,0.011,0.0624547896150403,0.598597162245527,"Coleoptera","Curculionidae","Scolytinae","Pityogenes","Pityogenes hopkinsi","k__Fungi","p__Ascomycota","c__Leotiomycetes",NA,NA,NA,NA,"negative"
"Pityogenes hopkinsi","ASV_10546",-2.53042394181846,0.011,0.0624547896150403,0.598597162245527,"Coleoptera","Curculionidae","Scolytinae","Pityogenes","Pityogenes hopkinsi","k__Fungi","p__Basidiomycota","c__Agaricostilbomycetes","o__Agaricostilbales","f__Chionosphaeraceae","g__Ballistosporomyces","s__sasicola","negative"
"Pityogenes hopkinsi","ASV_10720",-2.68489641080891,0.011,0.0624547896150403,0.598597162245527,"Coleoptera","Curculionidae","Scolytinae","Pityogenes","Pityogenes hopkinsi","k__Fungi","p__Basidiomycota","c__Agaricomycetes","o__Atheliales","f__Byssocorticiaceae","g__Byssocorticiaceae_gen_Incertae_sedis",NA,"negative"
"Pityogenes hopkinsi","ASV_11464",-2.42041519704789,0.011,0.0624547896150403,0.598597162245527,"Coleoptera","Curculionidae","Scolytinae","Pityogenes","Pityogenes hopkinsi","k__Fungi","p__Ascomycota","c__Dothideomycetes","o__Mycosphaerellales","f__Mycosphaerellaceae","g__Ramularia",NA,"negative"
"Pityogenes hopkinsi","ASV_11524",-2.69086644889923,0.011,0.0624547896150403,0.598597162245527,"Coleoptera","Curculionidae","Scolytinae","Pityogenes","Pityogenes hopkinsi","k__Fungi",NA,NA,NA,NA,NA,NA,"negative"
"Pityogenes hopkinsi","ASV_14316",-2.50445936749144,0.011,0.0624547896150403,0.598597162245527,"Coleoptera","Curculionidae","Scolytinae","Pityogenes","Pityogenes hopkinsi","k__Fungi","p__Basidiomycota","c__Agaricomycetes","o__Polyporales","f__Hyphodermataceae","g__Hyphoderma","s__microporoides","negative"
"Pityogenes hopkinsi","ASV_15235",-2.61972466788237,0.011,0.0624547896150403,0.598597162245527,"Coleoptera","Curculionidae","Scolytinae","Pityogenes","Pityogenes hopkinsi","k__Fungi","p__Basidiomycota","c__Agaricomycetes","o__Polyporales","f__Steccherinaceae","g__Steccherinum","s__fimbriatum","negative"
"Pityogenes hopkinsi","ASV_15559",-2.64198975523007,0.011,0.0624547896150403,0.598597162245527,"Coleoptera","Curculionidae","Scolytinae","Pityogenes","Pityogenes hopkinsi","k__Fungi","p__Basidiomycota","c__Tremellomycetes","o__Tremellales","f__Rhynchogastremataceae","g__Papiliotrema","s__flavescens","negative"
"Pityogenes hopkinsi","ASV_16755",-2.52778403406639,0.011,0.0624547896150403,0.598597162245527,"Coleoptera","Curculionidae","Scolytinae","Pityogenes","Pityogenes hopkinsi","k__Fungi","p__Basidiomycota","c__Agaricomycetes","o__Russulales","f__Hericiaceae","g__Hericiaceae_gen_Incertae_sedis",NA,"negative"
"Pityogenes hopkinsi","ASV_17838",-2.15281916757313,0.011,0.0624547896150403,0.598597162245527,"Coleoptera","Curculionidae","Scolytinae","Pityogenes","Pityogenes hopkinsi","k__Fungi","p__Ascomycota","c__Dothideomycetes","o__Mycosphaerellales","f__Mycosphaerellaceae","g__Ramularia",NA,"negative"
"Pityogenes hopkinsi","ASV_20518",-2.96173561971462,0.011,0.0624547896150403,0.598597162245527,"Coleoptera","Curculionidae","Scolytinae","Pityogenes","Pityogenes hopkinsi","k__Fungi","p__Basidiomycota","c__Microbotryomycetes","o__Sporidiobolales","f__Sporidiobolaceae","g__Sporobolomyces","s__cellobiolyticus","negative"
"Pityogenes hopkinsi","ASV_22122",-2.49809553421766,0.011,0.0624547896150403,0.598597162245527,"Coleoptera","Curculionidae","Scolytinae","Pityogenes","Pityogenes hopkinsi","k__Fungi","p__Ascomycota","c__Sordariomycetes","o__Diaporthales","f__Melanconidaceae","g__Melanconiella","s__elegans","negative"
"Pityogenes hopkinsi","ASV_22717",-2.46417344957373,0.011,0.0624547896150403,0.598597162245527,"Coleoptera","Curculionidae","Scolytinae","Pityogenes","Pityogenes hopkinsi","k__Fungi","p__Ascomycota","c__Dothideomycetes","o__Dothideales",NA,NA,NA,"negative"
"Pityogenes hopkinsi","ASV_25048",-2.46969574043518,0.011,0.0624547896150403,0.598597162245527,"Coleoptera","Curculionidae","Scolytinae","Pityogenes","Pityogenes hopkinsi","k__Fungi","p__Ascomycota","c__Lecanoromycetes","o__Caliciales",NA,NA,NA,"negative"
"Pityogenes hopkinsi","ASV_25628",-2.32764258988446,0.011,0.0624547896150403,0.598597162245527,"Coleoptera","Curculionidae","Scolytinae","Pityogenes","Pityogenes hopkinsi","k__Fungi","p__Ascomycota","c__Taphrinomycetes","o__Taphrinales","f__Taphrinaceae","g__Taphrina","s__pruni","negative"
"Asemum striatum","ASV_35",3.30398746712344,0.002,0.06342,0.422156188818795,"Coleoptera","Cerambycidae","Spondylidinae","Asemum","Asemum striatum","k__Fungi","p__Basidiomycota","c__Tremellomycetes","o__Tremellales","f__Rhynchogastremataceae","g__Papiliotrema","s__wisconsinensis","positive"
"Asemum striatum","ASV_96",2.90721704864886,0.002,0.06342,0.422156188818795,"Coleoptera","Cerambycidae","Spondylidinae","Asemum","Asemum striatum","k__Fungi","p__Basidiomycota","c__Tremellomycetes","o__Tremellales","f__Bulleribasidiaceae","g__Vishniacozyma","s__victoriae","positive"
"Asemum striatum","ASV_149",2.40311348055336,0.002,0.06342,0.422156188818795,"Coleoptera","Cerambycidae","Spondylidinae","Asemum","Asemum striatum","k__Fungi","p__Basidiomycota","c__Tremellomycetes","o__Tremellales","f__Cryptococcaceae","g__Kwoniella","s__pini","positive"
"Asemum striatum","ASV_231",2.74942713670467,0.002,0.06342,0.422156188818795,"Coleoptera","Cerambycidae","Spondylidinae","Asemum","Asemum striatum","k__Fungi","p__Ascomycota","c__Dothideomycetes","o__Dothideales","f__Dothideaceae","g__Coniozyma","s__leucospermi","positive"
"Asemum striatum","ASV_245",2.50087334503182,0.002,0.06342,0.422156188818795,"Coleoptera","Cerambycidae","Spondylidinae","Asemum","Asemum striatum","k__Fungi","p__Basidiomycota","c__Tremellomycetes","o__Tremellales","f__Cryptococcaceae","g__Kwoniella",NA,"positive"
"Asemum striatum","ASV_251",2.5059411356602,0.002,0.06342,0.422156188818795,"Coleoptera","Cerambycidae","Spondylidinae","Asemum","Asemum striatum","k__Fungi","p__Basidiomycota","c__Tremellomycetes","o__Tremellales","f__Bulleribasidiaceae","g__Vishniacozyma","s__tephrensis","positive"
"Asemum striatum","ASV_263",3.04609350461777,0.002,0.06342,0.422156188818795,"Coleoptera","Cerambycidae","Spondylidinae","Asemum","Asemum striatum","k__Fungi","p__Ascomycota","c__Dothideomycetes","o__Dothideales","f__Saccotheciaceae","g__Aureobasidium","s__pullulans","positive"
"Asemum striatum","ASV_272",-3.00696715567642,0.002,0.06342,0.422156188818795,"Coleoptera","Cerambycidae","Spondylidinae","Asemum","Asemum striatum","k__Fungi","p__Ascomycota","c__Sordariomycetes","o__Diaporthales","f__Valsaceae","g__Cytospora","s__prunicola","negative"
"Asemum striatum","ASV_381",2.93154636426482,0.002,0.06342,0.422156188818795,"Coleoptera","Cerambycidae","Spondylidinae","Asemum","Asemum striatum","k__Fungi","p__Ascomycota","c__Dothideomycetes","o__Dothideales","f__Dothideaceae","g__Rhizosphaera",NA,"positive"
"Asemum striatum","ASV_385",2.63973429161351,0.002,0.06342,0.422156188818795,"Coleoptera","Cerambycidae","Spondylidinae","Asemum","Asemum striatum","k__Fungi","p__Basidiomycota","c__Tremellomycetes","o__Tremellales","f__Cryptococcaceae","g__Teunia","s__cuniculi","positive"
"Asemum striatum","ASV_387",3.21592865018231,0.002,0.06342,0.422156188818795,"Coleoptera","Cerambycidae","Spondylidinae","Asemum","Asemum striatum","k__Fungi","p__Ascomycota","c__Dothideomycetes","o__Dothideales","f__Dothioraceae","g__Dothiora",NA,"positive"
"Asemum striatum","ASV_493",2.6643600433736,0.002,0.06342,0.422156188818795,"Coleoptera","Cerambycidae","Spondylidinae","Asemum","Asemum striatum","k__Fungi","p__Basidiomycota","c__Tremellomycetes","o__Tremellales","f__Cryptococcaceae","g__Kwoniella","s__pini","positive"
"Asemum striatum","ASV_509",2.69507109592537,0.002,0.06342,0.422156188818795,"Coleoptera","Cerambycidae","Spondylidinae","Asemum","Asemum striatum","k__Fungi","p__Basidiomycota","c__Tremellomycetes","o__Tremellales","f__Bulleribasidiaceae","g__Vishniacozyma","s__victoriae","positive"
"Asemum striatum","ASV_625",2.54856312607782,0.002,0.06342,0.422156188818795,"Coleoptera","Cerambycidae","Spondylidinae","Asemum","Asemum striatum","k__Fungi","p__Basidiomycota","c__Tremellomycetes","o__Tremellales","f__Bulleraceae","g__Genolevuria",NA,"positive"
"Asemum striatum","ASV_704",3.4334125053273,0.002,0.06342,0.422156188818795,"Coleoptera","Cerambycidae","Spondylidinae","Asemum","Asemum striatum","k__Fungi","p__Ascomycota","c__Dothideomycetes","o__Dothideales","f__Saccotheciaceae","g__Aureobasidium","s__pullulans","positive"
"Asemum striatum","ASV_768",-2.95206695447472,0.002,0.06342,0.422156188818795,"Coleoptera","Cerambycidae","Spondylidinae","Asemum","Asemum striatum","k__Fungi","p__Ascomycota","c__Sordariomycetes","o__Xylariales","f__Diatrypaceae","g__Diatrypella","s__atlantica","negative"
"Asemum striatum","ASV_771",3.34130673867317,0.002,0.06342,0.422156188818795,"Coleoptera","Cerambycidae","Spondylidinae","Asemum","Asemum striatum","k__Fungi","p__Ascomycota","c__Dothideomycetes","o__Dothideales","f__Dothioraceae","g__Dothiora",NA,"positive"
"Asemum striatum","ASV_800",-3.24740872253471,0.002,0.06342,0.422156188818795,"Coleoptera","Cerambycidae","Spondylidinae","Asemum","Asemum striatum","k__Fungi","p__Ascomycota","c__Dothideomycetes","o__Pleosporales",NA,NA,NA,"negative"
"Asemum striatum","ASV_911",2.71220715220455,0.002,0.06342,0.422156188818795,"Coleoptera","Cerambycidae","Spondylidinae","Asemum","Asemum striatum","k__Fungi","p__Ascomycota","c__Dothideomycetes","o__Dothideales","f__Saccotheciaceae","g__Aureobasidium","s__pullulans","positive"
"Asemum striatum","ASV_1006",3.18893908559839,0.002,0.06342,0.422156188818795,"Coleoptera","Cerambycidae","Spondylidinae","Asemum","Asemum striatum","k__Fungi","p__Basidiomycota","c__Exobasidiomycetes","o__Microstromatales","f__Microstromatales_fam_Incertae_sedis","g__Pseudomicrostroma",NA,"positive"
"Asemum striatum","ASV_1121",2.59371922277126,0.002,0.06342,0.422156188818795,"Coleoptera","Cerambycidae","Spondylidinae","Asemum","Asemum striatum","k__Fungi","p__Basidiomycota","c__Tremellomycetes","o__Filobasidiales","f__Filobasidiaceae","g__Filobasidiaceae_gen_Incertae_sedis",NA,"positive"
"Asemum striatum","ASV_1126",3.16990528802725,0.002,0.06342,0.422156188818795,"Coleoptera","Cerambycidae","Spondylidinae","Asemum","Asemum striatum","k__Fungi","p__Ascomycota","c__Dothideomycetes","o__Dothideales",NA,NA,NA,"positive"
"Asemum striatum","ASV_1255",3.27434678512408,0.002,0.06342,0.422156188818795,"Coleoptera","Cerambycidae","Spondylidinae","Asemum","Asemum striatum","k__Fungi","p__Basidiomycota","c__Tremellomycetes","o__Tremellales","f__Cryptococcaceae","g__Cryptococcus","s__watticus","positive"
"Asemum striatum","ASV_1256",2.82884054561987,0.002,0.06342,0.422156188818795,"Coleoptera","Cerambycidae","Spondylidinae","Asemum","Asemum striatum","k__Fungi","p__Ascomycota","c__Dothideomycetes","o__Dothideales","f__Saccotheciaceae","g__Aureobasidium","s__pullulans","positive"
"Asemum striatum","ASV_1296",3.14178607783579,0.002,0.06342,0.422156188818795,"Coleoptera","Cerambycidae","Spondylidinae","Asemum","Asemum striatum","k__Fungi","p__Ascomycota","c__Dothideomycetes","o__Dothideales",NA,NA,NA,"positive"
"Asemum striatum","ASV_1319",-3.39735446432895,0.002,0.06342,0.422156188818795,"Coleoptera","Cerambycidae","Spondylidinae","Asemum","Asemum striatum","k__Fungi","p__Ascomycota","c__Eurotiomycetes","o__Phaeomoniellales","f__Phaeomoniellaceae","g__Phaeomoniella",NA,"negative"
"Asemum striatum","ASV_1595",-2.35801666991811,0.002,0.06342,0.422156188818795,"Coleoptera","Cerambycidae","Spondylidinae","Asemum","Asemum striatum","k__Fungi","p__Basidiomycota","c__Agaricomycetes","o__Agaricales","f__Entolomataceae","g__Entoloma","s__calabrum","negative"
"Asemum striatum","ASV_1779",-2.8054119429512,0.002,0.06342,0.422156188818795,"Coleoptera","Cerambycidae","Spondylidinae","Asemum","Asemum striatum","k__Fungi","p__Ascomycota","c__Dothideomycetes","o__Pleosporales","f__Pleosporales_fam_Incertae_sedis","g__Chaetophoma",NA,"negative"
"Asemum striatum","ASV_1908",2.78221479540119,0.002,0.06342,0.422156188818795,"Coleoptera","Cerambycidae","Spondylidinae","Asemum","Asemum striatum","k__Fungi","p__Ascomycota","c__Taphrinomycetes","o__Taphrinales","f__Taphrinaceae","g__Taphrina",NA,"positive"
"Asemum striatum","ASV_2239",3.72813715534559,0.002,0.06342,0.422156188818795,"Coleoptera","Cerambycidae","Spondylidinae","Asemum","Asemum striatum","k__Fungi","p__Ascomycota","c__Dothideomycetes","o__Dothideales",NA,NA,NA,"positive"
"Asemum striatum","ASV_2291",2.5360074537406,0.002,0.06342,0.422156188818795,"Coleoptera","Cerambycidae","Spondylidinae","Asemum","Asemum striatum","k__Fungi","p__Ascomycota","c__Sordariomycetes","o__Diaporthales","f__Gnomoniaceae","g__Ophiognomonia",NA,"positive"
"Asemum striatum","ASV_2919",2.55493831740379,0.002,0.06342,0.422156188818795,"Coleoptera","Cerambycidae","Spondylidinae","Asemum","Asemum striatum","k__Fungi","p__Basidiomycota","c__Tremellomycetes","o__Tremellales","f__Tremellaceae","g__Tremella",NA,"positive"
"Asemum striatum","ASV_2951",5.07780245698371,0.002,0.06342,0.422156188818795,"Coleoptera","Cerambycidae","Spondylidinae","Asemum","Asemum striatum","k__Fungi","p__Basidiomycota","c__Agaricomycetes","o__Polyporales","f__Fomitopsidaceae","g__Laetiporus",NA,"positive"
"Asemum striatum","ASV_3264",3.05356020505209,0.002,0.06342,0.422156188818795,"Coleoptera","Cerambycidae","Spondylidinae","Asemum","Asemum striatum","k__Fungi","p__Ascomycota","c__Dothideomycetes","o__Dothideales","f__Saccotheciaceae","g__Aureobasidium","s__pullulans","positive"
"Asemum striatum","ASV_3295",3.16949798159576,0.002,0.06342,0.422156188818795,"Coleoptera","Cerambycidae","Spondylidinae","Asemum","Asemum striatum","k__Fungi","p__Ascomycota","c__Dothideomycetes","o__Dothideales","f__Saccotheciaceae","g__Aureobasidium","s__pullulans","positive"
"Asemum striatum","ASV_3609",3.60134917284858,0.002,0.06342,0.422156188818795,"Coleoptera","Cerambycidae","Spondylidinae","Asemum","Asemum striatum","k__Fungi","p__Ascomycota","c__Dothideomycetes","o__Dothideales","f__Dothioraceae","g__Dothiora",NA,"positive"
"Asemum striatum","ASV_4003",3.02753217573526,0.002,0.06342,0.422156188818795,"Coleoptera","Cerambycidae","Spondylidinae","Asemum","Asemum striatum","k__Fungi","p__Ascomycota","c__Dothideomycetes","o__Dothideales","f__Saccotheciaceae","g__Aureobasidium","s__pullulans","positive"
"Asemum striatum","ASV_4020",4.40536123509437,0.002,0.06342,0.422156188818795,"Coleoptera","Cerambycidae","Spondylidinae","Asemum","Asemum striatum","k__Fungi","p__Ascomycota","c__Dothideomycetes","o__Dothideales","f__Dothioraceae","g__Dothiora",NA,"positive"
"Asemum striatum","ASV_4963",2.05635681015586,0.002,0.06342,0.422156188818795,"Coleoptera","Cerambycidae","Spondylidinae","Asemum","Asemum striatum","k__Fungi","p__Basidiomycota","c__Microbotryomycetes","o__Microbotryomycetes_ord_Incertae_sedis","f__Microbotryomycetes_fam_Incertae_sedis","g__Curvibasidium",NA,"positive"
"Asemum striatum","ASV_5753",4.22261228829028,0.002,0.06342,0.422156188818795,"Coleoptera","Cerambycidae","Spondylidinae","Asemum","Asemum striatum","k__Fungi","p__Ascomycota","c__Dothideomycetes","o__Dothideales","f__Dothioraceae","g__Dothiora",NA,"positive"
"Asemum striatum","ASV_5915",2.56552969975547,0.002,0.06342,0.422156188818795,"Coleoptera","Cerambycidae","Spondylidinae","Asemum","Asemum striatum","k__Fungi","p__Basidiomycota","c__Tremellomycetes","o__Tremellales","f__Cryptococcaceae","g__Teunia",NA,"positive"
"Asemum striatum","ASV_6045",3.88297092594553,0.002,0.06342,0.422156188818795,"Coleoptera","Cerambycidae","Spondylidinae","Asemum","Asemum striatum","k__Fungi","p__Ascomycota","c__Sordariomycetes","o__Ophiostomatales","f__Ophiostomataceae","g__Sporothrix",NA,"positive"
"Asemum striatum","ASV_7466",2.90438002175346,0.002,0.06342,0.422156188818795,"Coleoptera","Cerambycidae","Spondylidinae","Asemum","Asemum striatum","k__Fungi","p__Basidiomycota","c__Microbotryomycetes","o__Microbotryomycetes_ord_Incertae_sedis","f__Microbotryomycetes_fam_Incertae_sedis","g__Curvibasidium",NA,"positive"
"Asemum striatum","ASV_7562",-2.66100487383406,0.002,0.06342,0.422156188818795,"Coleoptera","Cerambycidae","Spondylidinae","Asemum","Asemum striatum","k__Fungi","p__Basidiomycota","c__Agaricomycetes","o__Russulales","f__Bondarzewiaceae","g__Heterobasidion","s__irregulare","negative"
"Asemum striatum","ASV_8306",2.47179802095689,0.002,0.06342,0.422156188818795,"Coleoptera","Cerambycidae","Spondylidinae","Asemum","Asemum striatum","k__Fungi","p__Ascomycota",NA,NA,NA,NA,NA,"positive"
"Asemum striatum","ASV_13272",2.16293470553155,0.002,0.06342,0.422156188818795,"Coleoptera","Cerambycidae","Spondylidinae","Asemum","Asemum striatum","k__Fungi","p__Ascomycota","c__Leotiomycetes","o__Helotiales",NA,NA,NA,"positive"
"Asemum striatum","ASV_13440",5.03808945075731,0.002,0.06342,0.422156188818795,"Coleoptera","Cerambycidae","Spondylidinae","Asemum","Asemum striatum","k__Fungi","p__Ascomycota","c__Dothideomycetes","o__Venturiales","f__Sympoventuriaceae","g__Bellamyces","s__quercus","positive"
"Asemum striatum","ASV_13779",3.1501920650258,0.002,0.06342,0.422156188818795,"Coleoptera","Cerambycidae","Spondylidinae","Asemum","Asemum striatum","k__Fungi","p__Basidiomycota","c__Tremellomycetes",NA,NA,NA,NA,"positive"
"Asemum striatum","ASV_14580",2.13383318363397,0.002,0.06342,0.422156188818795,"Coleoptera","Cerambycidae","Spondylidinae","Asemum","Asemum striatum","k__Fungi","p__Ascomycota","c__Dothideomycetes","o__Venturiales","f__Venturiaceae","g__Venturia",NA,"positive"
"Asemum striatum","ASV_16730",4.9696816267254,0.002,0.06342,0.422156188818795,"Coleoptera","Cerambycidae","Spondylidinae","Asemum","Asemum striatum","k__Fungi","p__Basidiomycota","c__Agaricomycetes","o__Agaricales","f__Tricholomataceae","g__Megacollybia","s__rodmanii","positive"
"Asemum striatum","ASV_18092",3.30395352004687,0.002,0.06342,0.422156188818795,"Coleoptera","Cerambycidae","Spondylidinae","Asemum","Asemum striatum","k__Fungi","p__Ascomycota","c__Leotiomycetes","o__Helotiales","f__Helotiales_fam_Incertae_sedis","g__Cryptocline","s__arctostaphyli","positive"
"Pityogenes hopkinsi","ASV_84",2.53191910500142,0.012,0.0646044142614601,0.608641053787047,"Coleoptera","Curculionidae","Scolytinae","Pityogenes","Pityogenes hopkinsi","k__Fungi","p__Ascomycota","c__Dothideomycetes","o__Capnodiales","f__Cladosporiaceae","g__Cladosporium","s__herbarum","positive"
"Pityogenes hopkinsi","ASV_100",2.17463386168173,0.012,0.0646044142614601,0.608641053787047,"Coleoptera","Curculionidae","Scolytinae","Pityogenes","Pityogenes hopkinsi","k__Fungi","p__Ascomycota","c__Saccharomycetes","o__Saccharomycetales","f__Debaryomycetaceae","g__Yamadazyma","s__mexicana","positive"
"Pityogenes hopkinsi","ASV_108",2.57049471847275,0.012,0.0646044142614601,0.608641053787047,"Coleoptera","Curculionidae","Scolytinae","Pityogenes","Pityogenes hopkinsi","k__Fungi","p__Basidiomycota","c__Agaricomycetes","o__Polyporales","f__Irpicaceae","g__Irpex","s__lacteus","positive"
"Pityogenes hopkinsi","ASV_491",2.84284792856686,0.012,0.0646044142614601,0.608641053787047,"Coleoptera","Curculionidae","Scolytinae","Pityogenes","Pityogenes hopkinsi","k__Fungi","p__Ascomycota","c__Leotiomycetes",NA,NA,NA,NA,"positive"
"Pityogenes hopkinsi","ASV_607",2.98999860489478,0.012,0.0646044142614601,0.608641053787047,"Coleoptera","Curculionidae","Scolytinae","Pityogenes","Pityogenes hopkinsi","k__Fungi","p__Ascomycota","c__Dothideomycetes","o__Pleosporales","f__Phaeosphaeriaceae","g__Septoriella","s__tridentina","positive"
"Pityogenes hopkinsi","ASV_649",2.72929624864314,0.012,0.0646044142614601,0.608641053787047,"Coleoptera","Curculionidae","Scolytinae","Pityogenes","Pityogenes hopkinsi","k__Fungi",NA,NA,NA,NA,NA,NA,"positive"
"Pityogenes hopkinsi","ASV_678",2.34968914828218,0.012,0.0646044142614601,0.608641053787047,"Coleoptera","Curculionidae","Scolytinae","Pityogenes","Pityogenes hopkinsi","k__Fungi","p__Ascomycota",NA,NA,NA,NA,NA,"positive"
"Pityogenes hopkinsi","ASV_704",-2.11663490259846,0.012,0.0646044142614601,0.608641053787047,"Coleoptera","Curculionidae","Scolytinae","Pityogenes","Pityogenes hopkinsi","k__Fungi","p__Ascomycota","c__Dothideomycetes","o__Dothideales","f__Saccotheciaceae","g__Aureobasidium","s__pullulans","negative"
"Pityogenes hopkinsi","ASV_800",2.43206121659029,0.012,0.0646044142614601,0.608641053787047,"Coleoptera","Curculionidae","Scolytinae","Pityogenes","Pityogenes hopkinsi","k__Fungi","p__Ascomycota","c__Dothideomycetes","o__Pleosporales",NA,NA,NA,"positive"
"Pityogenes hopkinsi","ASV_999",2.73683699632862,0.012,0.0646044142614601,0.608641053787047,"Coleoptera","Curculionidae","Scolytinae","Pityogenes","Pityogenes hopkinsi","k__Fungi","p__Basidiomycota","c__Agaricomycetes","o__Polyporales","f__Irpicaceae","g__Irpex","s__lacteus","positive"
"Pityogenes hopkinsi","ASV_1344",-2.10973252671675,0.012,0.0646044142614601,0.608641053787047,"Coleoptera","Curculionidae","Scolytinae","Pityogenes","Pityogenes hopkinsi","k__Fungi","p__Ascomycota","c__Dothideomycetes","o__Dothideales","f__Saccotheciaceae","g__Aureobasidium",NA,"negative"
"Pityogenes hopkinsi","ASV_1708",2.33760725591697,0.012,0.0646044142614601,0.608641053787047,"Coleoptera","Curculionidae","Scolytinae","Pityogenes","Pityogenes hopkinsi","k__Fungi","p__Basidiomycota","c__Agaricomycetes","o__Polyporales","f__Fomitopsidaceae","g__Neoantrodia","s__angusta","positive"
"Pityogenes hopkinsi","ASV_1799",2.33768649432215,0.012,0.0646044142614601,0.608641053787047,"Coleoptera","Curculionidae","Scolytinae","Pityogenes","Pityogenes hopkinsi","k__Fungi","p__Ascomycota","c__Eurotiomycetes","o__Phaeomoniellales","f__Phaeomoniellaceae","g__Phaeomoniella",NA,"positive"
"Pityogenes hopkinsi","ASV_1804",2.49771388281681,0.012,0.0646044142614601,0.608641053787047,"Coleoptera","Curculionidae","Scolytinae","Pityogenes","Pityogenes hopkinsi","k__Fungi","p__Basidiomycota","c__Cystobasidiomycetes",NA,NA,NA,NA,"positive"
"Pityogenes hopkinsi","ASV_1855",2.41816044430429,0.012,0.0646044142614601,0.608641053787047,"Coleoptera","Curculionidae","Scolytinae","Pityogenes","Pityogenes hopkinsi","k__Fungi","p__Ascomycota","c__Dothideomycetes","o__Pleosporales","f__Didymosphaeriaceae","g__Paraphaeosphaeria","s__michotii","positive"
"Pityogenes hopkinsi","ASV_1975",-2.13595610647273,0.012,0.0646044142614601,0.608641053787047,"Coleoptera","Curculionidae","Scolytinae","Pityogenes","Pityogenes hopkinsi","k__Fungi","p__Basidiomycota","c__Tremellomycetes","o__Tremellales","f__Bulleribasidiaceae","g__Vishniacozyma","s__victoriae","negative"
"Pityogenes hopkinsi","ASV_2403",-2.5230789361552,0.012,0.0646044142614601,0.608641053787047,"Coleoptera","Curculionidae","Scolytinae","Pityogenes","Pityogenes hopkinsi","k__Fungi","p__Ascomycota","c__Dothideomycetes","o__Pleosporales","f__Lentitheciaceae","g__Lentitheciaceae_gen_Incertae_sedis",NA,"negative"
"Pityogenes hopkinsi","ASV_2560",-2.14579800496451,0.012,0.0646044142614601,0.608641053787047,"Coleoptera","Curculionidae","Scolytinae","Pityogenes","Pityogenes hopkinsi","k__Fungi","p__Basidiomycota","c__Exobasidiomycetes","o__Microstromatales","f__Microstromatales_fam_Incertae_sedis","g__Pseudomicrostroma","s__phylloplanum","negative"
"Pityogenes hopkinsi","ASV_2581",3.50612204485474,0.012,0.0646044142614601,0.608641053787047,"Coleoptera","Curculionidae","Scolytinae","Pityogenes","Pityogenes hopkinsi","k__Fungi",NA,NA,NA,NA,NA,NA,"positive"
"Pityogenes hopkinsi","ASV_2886",3.33784506244832,0.012,0.0646044142614601,0.608641053787047,"Coleoptera","Curculionidae","Scolytinae","Pityogenes","Pityogenes hopkinsi","k__Fungi","p__Ascomycota","c__Eurotiomycetes","o__Chaetothyriales","f__Trichomeriaceae","g__Trichomerium",NA,"positive"
"Pityogenes hopkinsi","ASV_3103",2.39280176236496,0.012,0.0646044142614601,0.608641053787047,"Coleoptera","Curculionidae","Scolytinae","Pityogenes","Pityogenes hopkinsi","k__Fungi","p__Ascomycota","c__Dothideomycetes","o__Hysteriales","f__Hysteriaceae","g__Hysterobrevium","s__mori","positive"
"Pityogenes hopkinsi","ASV_3546",-2.45044513121411,0.012,0.0646044142614601,0.608641053787047,"Coleoptera","Curculionidae","Scolytinae","Pityogenes","Pityogenes hopkinsi","k__Fungi","p__Ascomycota","c__Dothideomycetes","o__Pleosporales","f__Didymosphaeriaceae","g__Letendraea",NA,"negative"
"Pityogenes hopkinsi","ASV_5943",3.30371918970534,0.012,0.0646044142614601,0.608641053787047,"Coleoptera","Curculionidae","Scolytinae","Pityogenes","Pityogenes hopkinsi","k__Fungi","p__Ascomycota","c__Dothideomycetes","o__Pleosporales","f__Pleosporales_fam_Incertae_sedis","g__Chaetophoma",NA,"positive"
"Pityogenes hopkinsi","ASV_6523",-2.16020873850796,0.012,0.0646044142614601,0.608641053787047,"Coleoptera","Curculionidae","Scolytinae","Pityogenes","Pityogenes hopkinsi","k__Fungi","p__Ascomycota",NA,NA,NA,NA,NA,"negative"
"Pityogenes hopkinsi","ASV_6645",-1.86727664887819,0.012,0.0646044142614601,0.608641053787047,"Coleoptera","Curculionidae","Scolytinae","Pityogenes","Pityogenes hopkinsi","k__Fungi","p__Ascomycota","c__Leotiomycetes","o__Rhytismatales","f__Rhytismataceae","g__Coccomyces","s__triangularis","negative"
"Pityogenes hopkinsi","ASV_6909",-2.2322236898228,0.012,0.0646044142614601,0.608641053787047,"Coleoptera","Curculionidae","Scolytinae","Pityogenes","Pityogenes hopkinsi","k__Fungi","p__Basidiomycota","c__Microbotryomycetes","o__Sporidiobolales","f__Sporidiobolaceae","g__Rhodosporidiobolus","s__colostri","negative"
"Pityogenes hopkinsi","ASV_7264",4.37229853255155,0.012,0.0646044142614601,0.608641053787047,"Coleoptera","Curculionidae","Scolytinae","Pityogenes","Pityogenes hopkinsi","k__Fungi","p__Basidiomycota","c__Tremellomycetes","o__Tremellales",NA,NA,NA,"positive"
"Pityogenes hopkinsi","ASV_7985",-1.95772217481024,0.012,0.0646044142614601,0.608641053787047,"Coleoptera","Curculionidae","Scolytinae","Pityogenes","Pityogenes hopkinsi","k__Fungi","p__Basidiomycota","c__Microbotryomycetes","o__Microbotryomycetes_ord_Incertae_sedis","f__Chrysozymaceae","g__Trigonosporomyces",NA,"negative"
"Pityogenes hopkinsi","ASV_8174",-2.21429779219576,0.012,0.0646044142614601,0.608641053787047,"Coleoptera","Curculionidae","Scolytinae","Pityogenes","Pityogenes hopkinsi","k__Fungi","p__Basidiomycota","c__Agaricomycetes","o__Polyporales","f__Phanerochaetaceae","g__Phanerochaete","s__rhodella","negative"
"Pityogenes hopkinsi","ASV_8678",-2.12622698280923,0.012,0.0646044142614601,0.608641053787047,"Coleoptera","Curculionidae","Scolytinae","Pityogenes","Pityogenes hopkinsi","k__Fungi",NA,NA,NA,NA,NA,NA,"negative"
"Pityogenes hopkinsi","ASV_8885",-2.70059329497874,0.012,0.0646044142614601,0.608641053787047,"Coleoptera","Curculionidae","Scolytinae","Pityogenes","Pityogenes hopkinsi","k__Fungi","p__Ascomycota","c__Dothideomycetes","o__Dothideales","f__Dothioraceae","g__Hormonema","s__macrosporum","negative"
"Pityogenes hopkinsi","ASV_9113",3.28292974749065,0.012,0.0646044142614601,0.608641053787047,"Coleoptera","Curculionidae","Scolytinae","Pityogenes","Pityogenes hopkinsi","k__Fungi","p__Basidiomycota","c__Agaricomycetes","o__Russulales","f__Gloeocystidiellaceae","g__Gloeocystidiellum","s__kenyense","positive"
"Pityogenes hopkinsi","ASV_9310",-3.22428393844779,0.012,0.0646044142614601,0.608641053787047,"Coleoptera","Curculionidae","Scolytinae","Pityogenes","Pityogenes hopkinsi","k__Fungi","p__Ascomycota","c__Dothideomycetes","o__Pleosporales","f__Massarinaceae","g__Helminthosporium","s__asterinum","negative"
"Pityogenes hopkinsi","ASV_9451",2.98791545088504,0.012,0.0646044142614601,0.608641053787047,"Coleoptera","Curculionidae","Scolytinae","Pityogenes","Pityogenes hopkinsi","k__Fungi","p__Ascomycota","c__Lecanoromycetes","o__Lecanorales","f__Lecanoraceae","g__Lecidella","s__albida","positive"
"Pityogenes hopkinsi","ASV_9869",-2.37406750018869,0.012,0.0646044142614601,0.608641053787047,"Coleoptera","Curculionidae","Scolytinae","Pityogenes","Pityogenes hopkinsi","k__Fungi","p__Ascomycota","c__Sordariomycetes",NA,NA,NA,NA,"negative"
"Pityogenes hopkinsi","ASV_10271",3.13802244927762,0.012,0.0646044142614601,0.608641053787047,"Coleoptera","Curculionidae","Scolytinae","Pityogenes","Pityogenes hopkinsi","k__Fungi","p__Ascomycota","c__Dothideomycetes","o__Mytilinidiales","f__Mytilinidiaceae","g__Mytilinidion","s__insulare","positive"
"Pityogenes hopkinsi","ASV_10807",-2.72303776308816,0.012,0.0646044142614601,0.608641053787047,"Coleoptera","Curculionidae","Scolytinae","Pityogenes","Pityogenes hopkinsi","k__Fungi","p__Basidiomycota","c__Tremellomycetes","o__Tremellales","f__Phaeotremellaceae","g__Phaeotremella",NA,"negative"
"Pityogenes hopkinsi","ASV_11100",2.73459840617532,0.012,0.0646044142614601,0.608641053787047,"Coleoptera","Curculionidae","Scolytinae","Pityogenes","Pityogenes hopkinsi","k__Fungi","p__Ascomycota","c__Leotiomycetes","o__Helotiales","f__Sclerotiniaceae",NA,NA,"positive"
"Pityogenes hopkinsi","ASV_11342",-2.72562573275125,0.012,0.0646044142614601,0.608641053787047,"Coleoptera","Curculionidae","Scolytinae","Pityogenes","Pityogenes hopkinsi","k__Fungi","p__Ascomycota","c__Dothideomycetes","o__Mycosphaerellales","f__Mycosphaerellaceae","g__Sphaerulina","s__pelargonii","negative"
"Pityogenes hopkinsi","ASV_11696",-2.37704577286977,0.012,0.0646044142614601,0.608641053787047,"Coleoptera","Curculionidae","Scolytinae","Pityogenes","Pityogenes hopkinsi","k__Fungi","p__Ascomycota","c__Leotiomycetes",NA,NA,NA,NA,"negative"
"Pityogenes hopkinsi","ASV_11950",-2.86967542895284,0.012,0.0646044142614601,0.608641053787047,"Coleoptera","Curculionidae","Scolytinae","Pityogenes","Pityogenes hopkinsi","k__Fungi","p__Basidiomycota","c__Agaricomycetes","o__Polyporales","f__Meripilaceae","g__Meripilaceae_gen_Incertae_sedis",NA,"negative"
"Pityogenes hopkinsi","ASV_12331",-2.61647245073794,0.012,0.0646044142614601,0.608641053787047,"Coleoptera","Curculionidae","Scolytinae","Pityogenes","Pityogenes hopkinsi","k__Fungi","p__Ascomycota","c__Dothideomycetes","o__Dothideales","f__Saccotheciaceae","g__Aureobasidium","s__pullulans","negative"
"Pityogenes hopkinsi","ASV_13038",-2.06605599067269,0.012,0.0646044142614601,0.608641053787047,"Coleoptera","Curculionidae","Scolytinae","Pityogenes","Pityogenes hopkinsi","k__Fungi","p__Ascomycota",NA,NA,NA,NA,NA,"negative"
"Pityogenes hopkinsi","ASV_15471",-2.362801377757,0.012,0.0646044142614601,0.608641053787047,"Coleoptera","Curculionidae","Scolytinae","Pityogenes","Pityogenes hopkinsi","k__Fungi","p__Ascomycota",NA,NA,NA,NA,NA,"negative"
"Pityogenes hopkinsi","ASV_16140",-2.43236612198522,0.012,0.0646044142614601,0.608641053787047,"Coleoptera","Curculionidae","Scolytinae","Pityogenes","Pityogenes hopkinsi","k__Fungi","p__Basidiomycota","c__Cystobasidiomycetes","o__Erythrobasidiales","f__Erythrobasidiaceae","g__Erythrobasidium",NA,"negative"
"Pityogenes hopkinsi","ASV_16228",-2.39272720388015,0.012,0.0646044142614601,0.608641053787047,"Coleoptera","Curculionidae","Scolytinae","Pityogenes","Pityogenes hopkinsi","k__Fungi","p__Ascomycota","c__Dothideomycetes","o__Pleosporales","f__Didymosphaeriaceae",NA,NA,"negative"
"Pityogenes hopkinsi","ASV_16734",-2.06834552736901,0.012,0.0646044142614601,0.608641053787047,"Coleoptera","Curculionidae","Scolytinae","Pityogenes","Pityogenes hopkinsi","k__Fungi","p__Chytridiomycota","c__Spizellomycetes","o__Spizellomycetales","f__Spizellomycetales_fam_Incertae_sedis","g__Spizellomycetales_gen_Incertae_sedis",NA,"negative"
"Pityogenes hopkinsi","ASV_16789",-3.06778672864921,0.012,0.0646044142614601,0.608641053787047,"Coleoptera","Curculionidae","Scolytinae","Pityogenes","Pityogenes hopkinsi","k__Fungi","p__Ascomycota","c__Leotiomycetes","o__Helotiales","f__Tympanidaceae","g__Tympanis","s__conspersa","negative"
"Pityogenes hopkinsi","ASV_17009",-2.54769042093591,0.012,0.0646044142614601,0.608641053787047,"Coleoptera","Curculionidae","Scolytinae","Pityogenes","Pityogenes hopkinsi","k__Fungi","p__Ascomycota","c__Sordariomycetes","o__Xylariales","f__Amphisphaeriaceae","g__Monochaetia",NA,"negative"
"Pityogenes hopkinsi","ASV_18126",-2.07469008620683,0.012,0.0646044142614601,0.608641053787047,"Coleoptera","Curculionidae","Scolytinae","Pityogenes","Pityogenes hopkinsi","k__Fungi","p__Ascomycota","c__Dothideomycetes","o__Dothideales","f__Saccotheciaceae","g__Aureobasidium",NA,"negative"
"Pityogenes hopkinsi","ASV_18508",-2.8884046736051,0.012,0.0646044142614601,0.608641053787047,"Coleoptera","Curculionidae","Scolytinae","Pityogenes","Pityogenes hopkinsi","k__Fungi","p__Ascomycota","c__Sordariomycetes","o__Togniniales","f__Togniniaceae","g__Phaeoacremonium",NA,"negative"
"Pityogenes hopkinsi","ASV_19029",-2.37587902235231,0.012,0.0646044142614601,0.608641053787047,"Coleoptera","Curculionidae","Scolytinae","Pityogenes","Pityogenes hopkinsi","k__Fungi","p__Basidiomycota","c__Exobasidiomycetes","o__Entylomatales","f__Entylomataceae","g__Tilletiopsis","s__lilacina","negative"
"Pityogenes hopkinsi","ASV_19628",-2.39773745463876,0.012,0.0646044142614601,0.608641053787047,"Coleoptera","Curculionidae","Scolytinae","Pityogenes","Pityogenes hopkinsi","k__Fungi",NA,NA,NA,NA,NA,NA,"negative"
"Pityogenes hopkinsi","ASV_19798",-2.30734321669733,0.012,0.0646044142614601,0.608641053787047,"Coleoptera","Curculionidae","Scolytinae","Pityogenes","Pityogenes hopkinsi","k__Fungi","p__Ascomycota","c__Dothideomycetes","o__Mycosphaerellales","f__Mycosphaerellaceae","g__Ramularia",NA,"negative"
"Pityogenes hopkinsi","ASV_21793",-2.20089767623623,0.012,0.0646044142614601,0.608641053787047,"Coleoptera","Curculionidae","Scolytinae","Pityogenes","Pityogenes hopkinsi","k__Fungi","p__Ascomycota","c__Lecanoromycetes","o__Caliciales","f__Caliciaceae","g__Buellia","s__erubescens","negative"
"Pityogenes hopkinsi","ASV_22460",-2.04241214101901,0.012,0.0646044142614601,0.608641053787047,"Coleoptera","Curculionidae","Scolytinae","Pityogenes","Pityogenes hopkinsi","k__Fungi","p__Ascomycota","c__Dothideomycetes","o__Pleosporales",NA,NA,NA,"negative"
"Pityogenes hopkinsi","ASV_22577",-2.86086514251273,0.012,0.0646044142614601,0.608641053787047,"Coleoptera","Curculionidae","Scolytinae","Pityogenes","Pityogenes hopkinsi","k__Fungi","p__Ascomycota","c__Dothideomycetes","o__Capnodiales","f__Cladosporiaceae","g__Rachicladosporium","s__cboliae","negative"
"Pityogenes hopkinsi","ASV_22977",-2.99621605922758,0.012,0.0646044142614601,0.608641053787047,"Coleoptera","Curculionidae","Scolytinae","Pityogenes","Pityogenes hopkinsi","k__Fungi","p__Ascomycota","c__Leotiomycetes","o__Helotiales","f__Dermateaceae","g__Neofabraea","s__actinidiae","negative"
"Pityogenes hopkinsi","ASV_23866",-2.30633633078698,0.012,0.0646044142614601,0.608641053787047,"Coleoptera","Curculionidae","Scolytinae","Pityogenes","Pityogenes hopkinsi","k__Fungi",NA,NA,NA,NA,NA,NA,"negative"
"Pityogenes hopkinsi","ASV_24540",-2.7857049344863,0.012,0.0646044142614601,0.608641053787047,"Coleoptera","Curculionidae","Scolytinae","Pityogenes","Pityogenes hopkinsi","k__Fungi","p__Basidiomycota","c__Agaricomycetes","o__Russulales","f__Stereaceae","g__Aleurodiscus","s__canadensis","negative"
"Pityogenes hopkinsi","ASV_26196",-3.03129710754593,0.012,0.0646044142614601,0.608641053787047,"Coleoptera","Curculionidae","Scolytinae","Pityogenes","Pityogenes hopkinsi","k__Fungi","p__Ascomycota","c__Dothideomycetes","o__Capnodiales","f__Capnodiales_fam_Incertae_sedis","g__Microcyclospora","s__pomicola","negative"
"Pityogenes hopkinsi","ASV_26",3.03890347651871,0.013,0.0678009868421053,0.616652229174814,"Coleoptera","Curculionidae","Scolytinae","Pityogenes","Pityogenes hopkinsi","k__Fungi","p__Ascomycota","c__Dothideomycetes","o__Capnodiales","f__Cladosporiaceae","g__Cladosporium","s__cladosporioides","positive"
"Pityogenes hopkinsi","ASV_153",3.38273226089384,0.013,0.0678009868421053,0.616652229174814,"Coleoptera","Curculionidae","Scolytinae","Pityogenes","Pityogenes hopkinsi","k__Fungi","p__Ascomycota","c__Dothideomycetes","o__Mytilinidiales","f__Mytilinidiaceae","g__Mytilinidion","s__insulare","positive"
"Pityogenes hopkinsi","ASV_383",2.49000824545891,0.013,0.0678009868421053,0.616652229174814,"Coleoptera","Curculionidae","Scolytinae","Pityogenes","Pityogenes hopkinsi","k__Fungi","p__Ascomycota","c__Dothideomycetes","o__Pleosporales","f__Lophiostomataceae","g__Lophiostomataceae_gen_Incertae_sedis",NA,"positive"
"Pityogenes hopkinsi","ASV_450",2.38403096009995,0.013,0.0678009868421053,0.616652229174814,"Coleoptera","Curculionidae","Scolytinae","Pityogenes","Pityogenes hopkinsi","k__Fungi","p__Basidiomycota","c__Agaricomycetes","o__Hymenochaetales","f__Hymenochaetales_fam_Incertae_sedis","g__Trichaptum","s__biforme","positive"
"Pityogenes hopkinsi","ASV_485",2.31258762757431,0.013,0.0678009868421053,0.616652229174814,"Coleoptera","Curculionidae","Scolytinae","Pityogenes","Pityogenes hopkinsi","k__Fungi","p__Basidiomycota","c__Agaricomycetes","o__Russulales","f__Peniophoraceae","g__Peniophora","s__cinerea","positive"
"Pityogenes hopkinsi","ASV_725",-2.28259846003189,0.013,0.0678009868421053,0.616652229174814,"Coleoptera","Curculionidae","Scolytinae","Pityogenes","Pityogenes hopkinsi","k__Fungi","p__Ascomycota","c__Dothideomycetes","o__Dothideales","f__Saccotheciaceae","g__Aureobasidium","s__pullulans","negative"
"Pityogenes hopkinsi","ASV_772",2.67180945621708,0.013,0.0678009868421053,0.616652229174814,"Coleoptera","Curculionidae","Scolytinae","Pityogenes","Pityogenes hopkinsi","k__Fungi","p__Ascomycota","c__Eurotiomycetes","o__Chaetothyriales","f__Herpotrichiellaceae","g__Exophiala",NA,"positive"
"Pityogenes hopkinsi","ASV_911",-2.04114548478964,0.013,0.0678009868421053,0.616652229174814,"Coleoptera","Curculionidae","Scolytinae","Pityogenes","Pityogenes hopkinsi","k__Fungi","p__Ascomycota","c__Dothideomycetes","o__Dothideales","f__Saccotheciaceae","g__Aureobasidium","s__pullulans","negative"
"Pityogenes hopkinsi","ASV_1154",-3.18045382127145,0.013,0.0678009868421053,0.616652229174814,"Coleoptera","Curculionidae","Scolytinae","Pityogenes","Pityogenes hopkinsi","k__Fungi",NA,NA,NA,NA,NA,NA,"negative"
"Pityogenes hopkinsi","ASV_1632",3.30216958375296,0.013,0.0678009868421053,0.616652229174814,"Coleoptera","Curculionidae","Scolytinae","Pityogenes","Pityogenes hopkinsi","k__Fungi","p__Ascomycota","c__Sordariomycetes","o__Diaporthales","f__Valsaceae","g__Cytospora","s__predappioensis","positive"
"Pityogenes hopkinsi","ASV_2555",3.13589758513123,0.013,0.0678009868421053,0.616652229174814,"Coleoptera","Curculionidae","Scolytinae","Pityogenes","Pityogenes hopkinsi","k__Fungi","p__Ascomycota",NA,NA,NA,NA,NA,"positive"
"Pityogenes hopkinsi","ASV_2864",3.68440218003363,0.013,0.0678009868421053,0.616652229174814,"Coleoptera","Curculionidae","Scolytinae","Pityogenes","Pityogenes hopkinsi","k__Fungi","p__Ascomycota","c__Leotiomycetes","o__Helotiales","f__Dermateaceae","g__Dermea","s__pinicola","positive"
"Pityogenes hopkinsi","ASV_3003",-2.06053807546513,0.013,0.0678009868421053,0.616652229174814,"Coleoptera","Curculionidae","Scolytinae","Pityogenes","Pityogenes hopkinsi","k__Fungi","p__Ascomycota","c__Dothideomycetes","o__Dothideales","f__Saccotheciaceae","g__Aureobasidium","s__pullulans","negative"
"Pityogenes hopkinsi","ASV_3143",2.31888261354467,0.013,0.0678009868421053,0.616652229174814,"Coleoptera","Curculionidae","Scolytinae","Pityogenes","Pityogenes hopkinsi","k__Fungi","p__Basidiomycota","c__Agaricomycetes","o__Polyporales","f__Polyporaceae","g__Perenniporia","s__subacida","positive"
"Pityogenes hopkinsi","ASV_3727",-1.91562886955148,0.013,0.0678009868421053,0.616652229174814,"Coleoptera","Curculionidae","Scolytinae","Pityogenes","Pityogenes hopkinsi","k__Fungi","p__Ascomycota","c__Dothideomycetes","o__Dothideales","f__Saccotheciaceae","g__Aureobasidium","s__pullulans","negative"
"Pityogenes hopkinsi","ASV_3819",2.70589392560408,0.013,0.0678009868421053,0.616652229174814,"Coleoptera","Curculionidae","Scolytinae","Pityogenes","Pityogenes hopkinsi","k__Fungi","p__Ascomycota","c__Taphrinomycetes","o__Taphrinales","f__Taphrinaceae","g__Taphrina",NA,"positive"
"Pityogenes hopkinsi","ASV_5335",-2.45307902879681,0.013,0.0678009868421053,0.616652229174814,"Coleoptera","Curculionidae","Scolytinae","Pityogenes","Pityogenes hopkinsi","k__Fungi","p__Ascomycota","c__Dothideomycetes","o__Mycosphaerellales","f__Teratosphaeriaceae",NA,NA,"negative"
"Pityogenes hopkinsi","ASV_5685",-2.53219985987828,0.013,0.0678009868421053,0.616652229174814,"Coleoptera","Curculionidae","Scolytinae","Pityogenes","Pityogenes hopkinsi","k__Fungi","p__Basidiomycota","c__Agaricomycetes","o__Russulales","f__Peniophoraceae","g__Peniophora",NA,"negative"
"Pityogenes hopkinsi","ASV_5719",-2.23410786923507,0.013,0.0678009868421053,0.616652229174814,"Coleoptera","Curculionidae","Scolytinae","Pityogenes","Pityogenes hopkinsi","k__Fungi","p__Basidiomycota","c__Tremellomycetes","o__Tremellales","f__Cuniculitremaceae","g__Fellomyces","s__horovitziae","negative"
"Pityogenes hopkinsi","ASV_6293",-2.60857074042597,0.013,0.0678009868421053,0.616652229174814,"Coleoptera","Curculionidae","Scolytinae","Pityogenes","Pityogenes hopkinsi","k__Fungi","p__Ascomycota","c__Dothideomycetes","o__Pleosporales","f__Pleosporaceae","g__Pyrenophora",NA,"negative"
"Pityogenes hopkinsi","ASV_7193",-2.19513907945422,0.013,0.0678009868421053,0.616652229174814,"Coleoptera","Curculionidae","Scolytinae","Pityogenes","Pityogenes hopkinsi","k__Fungi","p__Ascomycota","c__Dothideomycetes","o__Pleosporales","f__Didymosphaeriaceae","g__Tremateia","s__chromolaenae","negative"
"Pityogenes hopkinsi","ASV_7376",-1.9229899916324,0.013,0.0678009868421053,0.616652229174814,"Coleoptera","Curculionidae","Scolytinae","Pityogenes","Pityogenes hopkinsi","k__Fungi","p__Ascomycota","c__Dothideomycetes","o__Pleosporales",NA,NA,NA,"negative"
"Pityogenes hopkinsi","ASV_7880",-2.44714326955222,0.013,0.0678009868421053,0.616652229174814,"Coleoptera","Curculionidae","Scolytinae","Pityogenes","Pityogenes hopkinsi","k__Fungi","p__Ascomycota",NA,NA,NA,NA,NA,"negative"
"Pityogenes hopkinsi","ASV_8078",-2.8078482166521,0.013,0.0678009868421053,0.616652229174814,"Coleoptera","Curculionidae","Scolytinae","Pityogenes","Pityogenes hopkinsi","k__Fungi","p__Ascomycota","c__Dothideomycetes","o__Pleosporales","f__Cucurbitariaceae","g__Parafenestella",NA,"negative"
"Pityogenes hopkinsi","ASV_8181",-2.42983242742603,0.013,0.0678009868421053,0.616652229174814,"Coleoptera","Curculionidae","Scolytinae","Pityogenes","Pityogenes hopkinsi","k__Fungi","p__Ascomycota","c__Sordariomycetes","o__Xylariales","f__Diatrypaceae","g__Eutypella","s__cerviculata","negative"
"Pityogenes hopkinsi","ASV_8458",-1.86027935186478,0.013,0.0678009868421053,0.616652229174814,"Coleoptera","Curculionidae","Scolytinae","Pityogenes","Pityogenes hopkinsi","k__Fungi","p__Ascomycota","c__Dothideomycetes","o__Dothideales","f__Saccotheciaceae","g__Aureobasidium",NA,"negative"
"Pityogenes hopkinsi","ASV_9623",-1.48534101788964,0.013,0.0678009868421053,0.616652229174814,"Coleoptera","Curculionidae","Scolytinae","Pityogenes","Pityogenes hopkinsi","k__Fungi","p__Basidiomycota","c__Tremellomycetes","o__Tremellales","f__Phaeotremellaceae","g__Phaeotremella",NA,"negative"
"Pityogenes hopkinsi","ASV_11241",-1.75750466361226,0.013,0.0678009868421053,0.616652229174814,"Coleoptera","Curculionidae","Scolytinae","Pityogenes","Pityogenes hopkinsi","k__Fungi","p__Mucoromycota","c__Mucoromycetes","o__Mucorales","f__Mucoraceae","g__Mucor","s__luteus","negative"
"Pityogenes hopkinsi","ASV_12332",-2.07476172747584,0.013,0.0678009868421053,0.616652229174814,"Coleoptera","Curculionidae","Scolytinae","Pityogenes","Pityogenes hopkinsi","k__Fungi","p__Ascomycota","c__Dothideomycetes","o__Pleosporales","f__Didymellaceae",NA,NA,"negative"
"Pityogenes hopkinsi","ASV_14033",-3.12973573476116,0.013,0.0678009868421053,0.616652229174814,"Coleoptera","Curculionidae","Scolytinae","Pityogenes","Pityogenes hopkinsi","k__Fungi",NA,NA,NA,NA,NA,NA,"negative"
"Pityogenes hopkinsi","ASV_15575",-2.28222031396333,0.013,0.0678009868421053,0.616652229174814,"Coleoptera","Curculionidae","Scolytinae","Pityogenes","Pityogenes hopkinsi","k__Fungi","p__Ascomycota","c__Lecanoromycetes","o__Ostropales","f__Ostropales_fam_Incertae_sedis","g__Mulderomyces","s__natalis","negative"
"Pityogenes hopkinsi","ASV_15682",-2.39850104847455,0.013,0.0678009868421053,0.616652229174814,"Coleoptera","Curculionidae","Scolytinae","Pityogenes","Pityogenes hopkinsi","k__Fungi","p__Basidiomycota","c__Tremellomycetes","o__Tremellales","f__Phaeotremellaceae","g__Phaeotremella",NA,"negative"
"Pityogenes hopkinsi","ASV_15835",-1.73489548763082,0.013,0.0678009868421053,0.616652229174814,"Coleoptera","Curculionidae","Scolytinae","Pityogenes","Pityogenes hopkinsi","k__Fungi","p__Ascomycota","c__Leotiomycetes","o__Helotiales",NA,NA,NA,"negative"
"Pityogenes hopkinsi","ASV_19390",-2.93737787365606,0.013,0.0678009868421053,0.616652229174814,"Coleoptera","Curculionidae","Scolytinae","Pityogenes","Pityogenes hopkinsi","k__Fungi","p__Ascomycota","c__Lecanoromycetes","o__Lecanorales",NA,NA,NA,"negative"
"Pityogenes hopkinsi","ASV_22321",-2.54729795602485,0.013,0.0678009868421053,0.616652229174814,"Coleoptera","Curculionidae","Scolytinae","Pityogenes","Pityogenes hopkinsi","k__Fungi","p__Ascomycota","c__Dothideomycetes","o__Dothideales","f__Dothioraceae","g__Dothiora",NA,"negative"
"Pityogenes hopkinsi","ASV_22593",-3.14975817498522,0.013,0.0678009868421053,0.616652229174814,"Coleoptera","Curculionidae","Scolytinae","Pityogenes","Pityogenes hopkinsi","k__Fungi",NA,NA,NA,NA,NA,NA,"negative"
"Pityogenes hopkinsi","ASV_23001",-2.21504100997735,0.013,0.0678009868421053,0.616652229174814,"Coleoptera","Curculionidae","Scolytinae","Pityogenes","Pityogenes hopkinsi","k__Fungi","p__Ascomycota","c__Dothideomycetes","o__Dothideales",NA,NA,NA,"negative"
"Pityogenes hopkinsi","ASV_27955",-2.30453906372481,0.013,0.0678009868421053,0.616652229174814,"Coleoptera","Curculionidae","Scolytinae","Pityogenes","Pityogenes hopkinsi","k__Fungi","p__Ascomycota","c__Sordariomycetes","o__Diaporthales","f__Coryneaceae","g__Coryneum","s__lanciforme","negative"
"Pityogenes hopkinsi","ASV_24",-2.4073474790079,0.014,0.0703549920760697,0.625526730211355,"Coleoptera","Curculionidae","Scolytinae","Pityogenes","Pityogenes hopkinsi","k__Fungi","p__Basidiomycota","c__Tremellomycetes","o__Trichosporonales","f__Trichosporonaceae","g__Apiotrichum","s__laibachii","negative"
"Pityogenes hopkinsi","ASV_72",2.16900312111965,0.014,0.0703549920760697,0.625526730211355,"Coleoptera","Curculionidae","Scolytinae","Pityogenes","Pityogenes hopkinsi","k__Fungi","p__Ascomycota","c__Sordariomycetes","o__Hypocreales","f__Nectriaceae","g__Thyronectria",NA,"positive"
"Pityogenes hopkinsi","ASV_285",2.7668581893129,0.014,0.0703549920760697,0.625526730211355,"Coleoptera","Curculionidae","Scolytinae","Pityogenes","Pityogenes hopkinsi","k__Fungi","p__Ascomycota","c__Eurotiomycetes","o__Phaeomoniellales","f__Phaeomoniellaceae","g__Phaeomoniella",NA,"positive"
"Pityogenes hopkinsi","ASV_947",-1.97580781649835,0.014,0.0703549920760697,0.625526730211355,"Coleoptera","Curculionidae","Scolytinae","Pityogenes","Pityogenes hopkinsi","k__Fungi","p__Ascomycota","c__Dothideomycetes","o__Pleosporales","f__Lentitheciaceae","g__Lentitheciaceae_gen_Incertae_sedis",NA,"negative"
"Pityogenes hopkinsi","ASV_1202",-2.14268924042461,0.014,0.0703549920760697,0.625526730211355,"Coleoptera","Curculionidae","Scolytinae","Pityogenes","Pityogenes hopkinsi","k__Fungi","p__Ascomycota","c__Dothideomycetes","o__Dothideales","f__Saccotheciaceae","g__Aureobasidium","s__pullulans","negative"
"Pityogenes hopkinsi","ASV_1759",-2.44456938351846,0.014,0.0703549920760697,0.625526730211355,"Coleoptera","Curculionidae","Scolytinae","Pityogenes","Pityogenes hopkinsi","k__Fungi","p__Ascomycota","c__Lecanoromycetes","o__Caliciales","f__Physciaceae","g__Physcia",NA,"negative"
"Pityogenes hopkinsi","ASV_1841",2.45819759399863,0.014,0.0703549920760697,0.625526730211355,"Coleoptera","Curculionidae","Scolytinae","Pityogenes","Pityogenes hopkinsi","k__Fungi","p__Basidiomycota","c__Agaricomycetes","o__Hymenochaetales","f__Schizoporaceae","g__Hyphodontia","s__pallidula","positive"
"Pityogenes hopkinsi","ASV_2043",-1.96787899640786,0.014,0.0703549920760697,0.625526730211355,"Coleoptera","Curculionidae","Scolytinae","Pityogenes","Pityogenes hopkinsi","k__Fungi","p__Ascomycota","c__Dothideomycetes","o__Dothideales","f__Dothioraceae","g__Dothiora",NA,"negative"
"Pityogenes hopkinsi","ASV_2123",2.35532710414874,0.014,0.0703549920760697,0.625526730211355,"Coleoptera","Curculionidae","Scolytinae","Pityogenes","Pityogenes hopkinsi","k__Fungi","p__Ascomycota","c__Dothideomycetes","o__Pleosporales","f__Melanommataceae","g__Alpinaria",NA,"positive"
"Pityogenes hopkinsi","ASV_2533",-2.38472656523206,0.014,0.0703549920760697,0.625526730211355,"Coleoptera","Curculionidae","Scolytinae","Pityogenes","Pityogenes hopkinsi","k__Fungi","p__Ascomycota","c__Dothideomycetes","o__Dothideales","f__Dothioraceae","g__Dothiora",NA,"negative"
"Pityogenes hopkinsi","ASV_2669",2.74049699554964,0.014,0.0703549920760697,0.625526730211355,"Coleoptera","Curculionidae","Scolytinae","Pityogenes","Pityogenes hopkinsi","k__Fungi","p__Ascomycota","c__Sordariomycetes","o__Xylariales","f__Diatrypaceae","g__Diatrypella","s__betulae","positive"
"Pityogenes hopkinsi","ASV_2913",3.09060855395113,0.014,0.0703549920760697,0.625526730211355,"Coleoptera","Curculionidae","Scolytinae","Pityogenes","Pityogenes hopkinsi","k__Fungi","p__Ascomycota","c__Arthoniomycetes","o__Lichenostigmatales","f__Phaeococcomycetaceae","g__Phaeococcomyces",NA,"positive"
"Pityogenes hopkinsi","ASV_3287",2.48383895753036,0.014,0.0703549920760697,0.625526730211355,"Coleoptera","Curculionidae","Scolytinae","Pityogenes","Pityogenes hopkinsi","k__Fungi","p__Basidiomycota","c__Agaricomycetes","o__Polyporales","f__Irpicaceae","g__Trametopsis","s__aborigena","positive"
"Pityogenes hopkinsi","ASV_3913",-2.70044469646643,0.014,0.0703549920760697,0.625526730211355,"Coleoptera","Curculionidae","Scolytinae","Pityogenes","Pityogenes hopkinsi","k__Fungi","p__Ascomycota","c__Leotiomycetes","o__Helotiales","f__Chaetomellaceae","g__Pilidium",NA,"negative"
"Pityogenes hopkinsi","ASV_4137",-2.55452095361133,0.014,0.0703549920760697,0.625526730211355,"Coleoptera","Curculionidae","Scolytinae","Pityogenes","Pityogenes hopkinsi","k__Fungi","p__Ascomycota","c__Sordariomycetes",NA,NA,NA,NA,"negative"
"Pityogenes hopkinsi","ASV_4211",-2.2823947324691,0.014,0.0703549920760697,0.625526730211355,"Coleoptera","Curculionidae","Scolytinae","Pityogenes","Pityogenes hopkinsi","k__Fungi","p__Ascomycota","c__Dothideomycetes","o__Mycosphaerellales","f__Mycosphaerellaceae",NA,NA,"negative"
"Pityogenes hopkinsi","ASV_4504",2.53915850130817,0.014,0.0703549920760697,0.625526730211355,"Coleoptera","Curculionidae","Scolytinae","Pityogenes","Pityogenes hopkinsi","k__Fungi","p__Basidiomycota","c__Agaricomycetes","o__Agaricales","f__Radulomycetaceae","g__Radulomyces","s__paumanokensis","positive"
"Pityogenes hopkinsi","ASV_4714",-2.52218537329973,0.014,0.0703549920760697,0.625526730211355,"Coleoptera","Curculionidae","Scolytinae","Pityogenes","Pityogenes hopkinsi","k__Fungi","p__Ascomycota",NA,NA,NA,NA,NA,"negative"
"Pityogenes hopkinsi","ASV_5353",-2.89309816018523,0.014,0.0703549920760697,0.625526730211355,"Coleoptera","Curculionidae","Scolytinae","Pityogenes","Pityogenes hopkinsi","k__Fungi","p__Ascomycota","c__Dothideomycetes",NA,NA,NA,NA,"negative"
"Pityogenes hopkinsi","ASV_6065",-2.12078402237027,0.014,0.0703549920760697,0.625526730211355,"Coleoptera","Curculionidae","Scolytinae","Pityogenes","Pityogenes hopkinsi","k__Fungi","p__Ascomycota","c__Sordariomycetes","o__Hypocreales","f__Cordycipitaceae","g__Beauveria","s__bassiana","negative"
"Pityogenes hopkinsi","ASV_6151",3.3327645370449,0.014,0.0703549920760697,0.625526730211355,"Coleoptera","Curculionidae","Scolytinae","Pityogenes","Pityogenes hopkinsi","k__Fungi","p__Ascomycota",NA,NA,NA,NA,NA,"positive"
"Pityogenes hopkinsi","ASV_6175",-2.4936747959864,0.014,0.0703549920760697,0.625526730211355,"Coleoptera","Curculionidae","Scolytinae","Pityogenes","Pityogenes hopkinsi","k__Fungi","p__Basidiomycota","c__Exobasidiomycetes","o__Microstromatales","f__Microstromatales_fam_Incertae_sedis","g__Pseudomicrostroma","s__phylloplanum","negative"
"Pityogenes hopkinsi","ASV_6362",-2.9235117024099,0.014,0.0703549920760697,0.625526730211355,"Coleoptera","Curculionidae","Scolytinae","Pityogenes","Pityogenes hopkinsi","k__Fungi","p__Ascomycota","c__Dothideomycetes","o__Pleosporales","f__Cucurbitariaceae","g__Pyrenochaetopsis","s__microspora","negative"
"Pityogenes hopkinsi","ASV_6448",2.54334355056253,0.014,0.0703549920760697,0.625526730211355,"Coleoptera","Curculionidae","Scolytinae","Pityogenes","Pityogenes hopkinsi","k__Fungi","p__Basidiomycota","c__Agaricomycetes",NA,NA,NA,NA,"positive"
"Pityogenes hopkinsi","ASV_7058",-2.77321215732063,0.014,0.0703549920760697,0.625526730211355,"Coleoptera","Curculionidae","Scolytinae","Pityogenes","Pityogenes hopkinsi","k__Fungi","p__Ascomycota","c__Sordariomycetes","o__Amphisphaeriales","f__Pestalotiopsidaceae","g__Pestalotiopsis","s__eleutherococci","negative"
"Pityogenes hopkinsi","ASV_7208",2.43674666002959,0.014,0.0703549920760697,0.625526730211355,"Coleoptera","Curculionidae","Scolytinae","Pityogenes","Pityogenes hopkinsi","k__Fungi","p__Basidiomycota","c__Agaricomycetes","o__Hymenochaetales","f__Hymenochaetaceae","g__Phellinus","s__pomaceoides","positive"
"Pityogenes hopkinsi","ASV_8465",-2.31958839072882,0.014,0.0703549920760697,0.625526730211355,"Coleoptera","Curculionidae","Scolytinae","Pityogenes","Pityogenes hopkinsi","k__Fungi",NA,NA,NA,NA,NA,NA,"negative"
"Pityogenes hopkinsi","ASV_8936",-1.84721444909039,0.014,0.0703549920760697,0.625526730211355,"Coleoptera","Curculionidae","Scolytinae","Pityogenes","Pityogenes hopkinsi","k__Fungi","p__Ascomycota","c__Dothideomycetes","o__Venturiales",NA,NA,NA,"negative"
"Pityogenes hopkinsi","ASV_9852",-2.24319353823443,0.014,0.0703549920760697,0.625526730211355,"Coleoptera","Curculionidae","Scolytinae","Pityogenes","Pityogenes hopkinsi","k__Fungi","p__Basidiomycota","c__Atractiellomycetes","o__Atractiellales","f__Phleogenaceae","g__Helicogloea","s__burdsallii","negative"
"Pityogenes hopkinsi","ASV_10922",-2.51521079217713,0.014,0.0703549920760697,0.625526730211355,"Coleoptera","Curculionidae","Scolytinae","Pityogenes","Pityogenes hopkinsi","k__Fungi","p__Ascomycota","c__Dothideomycetes",NA,NA,NA,NA,"negative"
"Pityogenes hopkinsi","ASV_11409",-2.70668253112892,0.014,0.0703549920760697,0.625526730211355,"Coleoptera","Curculionidae","Scolytinae","Pityogenes","Pityogenes hopkinsi","k__Fungi","p__Basidiomycota","c__Agaricomycetes","o__Russulales","f__Peniophoraceae","g__Peniophora","s__cinerea","negative"
"Pityogenes hopkinsi","ASV_11732",-2.16966415600267,0.014,0.0703549920760697,0.625526730211355,"Coleoptera","Curculionidae","Scolytinae","Pityogenes","Pityogenes hopkinsi","k__Fungi","p__Ascomycota","c__Sordariomycetes","o__Hypocreales","f__Nectriaceae","g__Fusarium","s__avenaceum","negative"
"Pityogenes hopkinsi","ASV_12636",-1.99985411610467,0.014,0.0703549920760697,0.625526730211355,"Coleoptera","Curculionidae","Scolytinae","Pityogenes","Pityogenes hopkinsi","k__Fungi","p__Ascomycota","c__Leotiomycetes","o__Helotiales","f__Tricladiaceae","g__Tricladium","s__angustum","negative"
"Pityogenes hopkinsi","ASV_13757",-3.19698628124407,0.014,0.0703549920760697,0.625526730211355,"Coleoptera","Curculionidae","Scolytinae","Pityogenes","Pityogenes hopkinsi","k__Fungi","p__Ascomycota","c__Dothideomycetes","o__Mycosphaerellales","f__Mycosphaerellaceae","g__Zymoseptoria",NA,"negative"
"Pityogenes hopkinsi","ASV_14682",-2.23614041783117,0.014,0.0703549920760697,0.625526730211355,"Coleoptera","Curculionidae","Scolytinae","Pityogenes","Pityogenes hopkinsi","k__Fungi","p__Ascomycota","c__Sordariomycetes","o__Diaporthales","f__Gnomoniaceae","g__Gnomoniaceae_gen_Incertae_sedis",NA,"negative"
"Pityogenes hopkinsi","ASV_14833",-2.59405539377293,0.014,0.0703549920760697,0.625526730211355,"Coleoptera","Curculionidae","Scolytinae","Pityogenes","Pityogenes hopkinsi","k__Fungi","p__Basidiomycota","c__Agaricomycetes","o__Russulales","f__Stereaceae","g__Stereum",NA,"negative"
"Pityogenes hopkinsi","ASV_15146",-2.54981647713671,0.014,0.0703549920760697,0.625526730211355,"Coleoptera","Curculionidae","Scolytinae","Pityogenes","Pityogenes hopkinsi","k__Fungi","p__Basidiomycota","c__Agaricomycetes","o__Polyporales","f__Irpicaceae","g__Irpex","s__lacteus","negative"
"Pityogenes hopkinsi","ASV_16122",-2.81565765584281,0.014,0.0703549920760697,0.625526730211355,"Coleoptera","Curculionidae","Scolytinae","Pityogenes","Pityogenes hopkinsi","k__Fungi","p__Basidiomycota","c__Agaricomycetes","o__Russulales","f__Peniophoraceae","g__Peniophora",NA,"negative"
"Pityogenes hopkinsi","ASV_17013",-2.12547062140621,0.014,0.0703549920760697,0.625526730211355,"Coleoptera","Curculionidae","Scolytinae","Pityogenes","Pityogenes hopkinsi","k__Fungi","p__Ascomycota","c__Dothideomycetes","o__Mycosphaerellales","f__Mycosphaerellaceae","g__Ramularia",NA,"negative"
"Pityogenes hopkinsi","ASV_17697",2.53253191255671,0.014,0.0703549920760697,0.625526730211355,"Coleoptera","Curculionidae","Scolytinae","Pityogenes","Pityogenes hopkinsi","k__Fungi","p__Ascomycota","c__Sordariomycetes",NA,NA,NA,NA,"positive"
"Pityogenes hopkinsi","ASV_17939",-2.46421554069431,0.014,0.0703549920760697,0.625526730211355,"Coleoptera","Curculionidae","Scolytinae","Pityogenes","Pityogenes hopkinsi","k__Fungi","p__Ascomycota","c__Dothideomycetes","o__Myriangiales","f__Elsinoaceae","g__Elsinoe",NA,"negative"
"Pityogenes hopkinsi","ASV_18008",-2.44332191868335,0.014,0.0703549920760697,0.625526730211355,"Coleoptera","Curculionidae","Scolytinae","Pityogenes","Pityogenes hopkinsi","k__Fungi","p__Ascomycota","c__Dothideomycetes","o__Capnodiales","f__Cladosporiaceae","g__Cladosporium",NA,"negative"
"Pityogenes hopkinsi","ASV_18118",-2.76044049229076,0.014,0.0703549920760697,0.625526730211355,"Coleoptera","Curculionidae","Scolytinae","Pityogenes","Pityogenes hopkinsi","k__Fungi","p__Ascomycota","c__Dothideomycetes","o__Myriangiales","f__Elsinoaceae","g__Elsinoe","s__heveae","negative"
"Pityogenes hopkinsi","ASV_18169",-2.21026975884006,0.014,0.0703549920760697,0.625526730211355,"Coleoptera","Curculionidae","Scolytinae","Pityogenes","Pityogenes hopkinsi","k__Fungi","p__Ascomycota","c__Saccharomycetes","o__Saccharomycetales","f__Trichomonascaceae","g__Spencermartinsiella","s__europaea","negative"
"Pityogenes hopkinsi","ASV_18311",-2.32400304211482,0.014,0.0703549920760697,0.625526730211355,"Coleoptera","Curculionidae","Scolytinae","Pityogenes","Pityogenes hopkinsi","k__Fungi","p__Ascomycota","c__Dothideomycetes","o__Pleosporales","f__Massarinaceae","g__Helminthosporium",NA,"negative"
"Pityogenes hopkinsi","ASV_24901",-3.11598861332115,0.014,0.0703549920760697,0.625526730211355,"Coleoptera","Curculionidae","Scolytinae","Pityogenes","Pityogenes hopkinsi","k__Fungi","p__Ascomycota","c__Leotiomycetes","o__Helotiales","f__Sclerotiniaceae",NA,NA,"negative"
"Pityogenes hopkinsi","ASV_975",2.49309399621099,0.015,0.0735730858468678,0.633840961546836,"Coleoptera","Curculionidae","Scolytinae","Pityogenes","Pityogenes hopkinsi","k__Fungi","p__Ascomycota",NA,NA,NA,NA,NA,"positive"
"Pityogenes hopkinsi","ASV_1491",2.71601795935098,0.015,0.0735730858468678,0.633840961546836,"Coleoptera","Curculionidae","Scolytinae","Pityogenes","Pityogenes hopkinsi","k__Fungi","p__Ascomycota","c__Sordariomycetes","o__Diaporthales",NA,NA,NA,"positive"
"Pityogenes hopkinsi","ASV_1736",2.81612064879186,0.015,0.0735730858468678,0.633840961546836,"Coleoptera","Curculionidae","Scolytinae","Pityogenes","Pityogenes hopkinsi","k__Fungi","p__Ascomycota","c__Lecanoromycetes","o__Lecanorales","f__Cladoniaceae","g__Cladonia","s__macilenta","positive"
"Pityogenes hopkinsi","ASV_1858",-2.09888376364898,0.015,0.0735730858468678,0.633840961546836,"Coleoptera","Curculionidae","Scolytinae","Pityogenes","Pityogenes hopkinsi","k__Fungi","p__Ascomycota","c__Dothideomycetes","o__Dothideales","f__Dothideaceae","g__Coniozyma","s__leucospermi","negative"
"Pityogenes hopkinsi","ASV_1867",2.02741518006879,0.015,0.0735730858468678,0.633840961546836,"Coleoptera","Curculionidae","Scolytinae","Pityogenes","Pityogenes hopkinsi","k__Fungi","p__Basidiomycota","c__Tremellomycetes","o__Tremellales","f__Phaeotremellaceae","g__Phaeotremella",NA,"positive"
"Pityogenes hopkinsi","ASV_1943",2.9256354720838,0.015,0.0735730858468678,0.633840961546836,"Coleoptera","Curculionidae","Scolytinae","Pityogenes","Pityogenes hopkinsi","k__Fungi","p__Basidiomycota","c__Agaricomycetes","o__Polyporales","f__Phanerochaetaceae","g__Bjerkandera","s__adusta","positive"
"Pityogenes hopkinsi","ASV_2277",-1.83557890862775,0.015,0.0735730858468678,0.633840961546836,"Coleoptera","Curculionidae","Scolytinae","Pityogenes","Pityogenes hopkinsi","k__Fungi","p__Ascomycota","c__Leotiomycetes","o__Helotiales","f__Mollisiaceae","g__Phialocephala",NA,"negative"
"Pityogenes hopkinsi","ASV_2596",-2.05572870595779,0.015,0.0735730858468678,0.633840961546836,"Coleoptera","Curculionidae","Scolytinae","Pityogenes","Pityogenes hopkinsi","k__Fungi","p__Basidiomycota","c__Tremellomycetes","o__Tremellales","f__Bulleribasidiaceae","g__Vishniacozyma","s__victoriae","negative"
"Pityogenes hopkinsi","ASV_2867",2.89675217367502,0.015,0.0735730858468678,0.633840961546836,"Coleoptera","Curculionidae","Scolytinae","Pityogenes","Pityogenes hopkinsi","k__Fungi","p__Ascomycota","c__Leotiomycetes",NA,NA,NA,NA,"positive"
"Pityogenes hopkinsi","ASV_2920",2.51500172021468,0.015,0.0735730858468678,0.633840961546836,"Coleoptera","Curculionidae","Scolytinae","Pityogenes","Pityogenes hopkinsi","k__Fungi","p__Ascomycota","c__Arthoniomycetes","o__Lichenostigmatales","f__Lichenostigmatales_fam_Incertae_sedis","g__Lichenostigmatales_gen_Incertae_sedis",NA,"positive"
"Pityogenes hopkinsi","ASV_4413",2.74735938118646,0.015,0.0735730858468678,0.633840961546836,"Coleoptera","Curculionidae","Scolytinae","Pityogenes","Pityogenes hopkinsi","k__Fungi",NA,NA,NA,NA,NA,NA,"positive"
"Pityogenes hopkinsi","ASV_4495",-2.41073726614283,0.015,0.0735730858468678,0.633840961546836,"Coleoptera","Curculionidae","Scolytinae","Pityogenes","Pityogenes hopkinsi","k__Fungi","p__Ascomycota","c__Sordariomycetes","o__Xylariales","f__Xylariaceae","g__Nemania","s__caries","negative"
"Pityogenes hopkinsi","ASV_5229",2.37168534449778,0.015,0.0735730858468678,0.633840961546836,"Coleoptera","Curculionidae","Scolytinae","Pityogenes","Pityogenes hopkinsi","k__Fungi","p__Ascomycota","c__Leotiomycetes","o__Helotiales",NA,NA,NA,"positive"
"Pityogenes hopkinsi","ASV_5559",2.28864472033803,0.015,0.0735730858468678,0.633840961546836,"Coleoptera","Curculionidae","Scolytinae","Pityogenes","Pityogenes hopkinsi","k__Fungi","p__Ascomycota","c__Lecanoromycetes",NA,NA,NA,NA,"positive"
"Pityogenes hopkinsi","ASV_5828",2.79397725213208,0.015,0.0735730858468678,0.633840961546836,"Coleoptera","Curculionidae","Scolytinae","Pityogenes","Pityogenes hopkinsi","k__Fungi","p__Ascomycota",NA,NA,NA,NA,NA,"positive"
"Pityogenes hopkinsi","ASV_5948",-2.20388204826243,0.015,0.0735730858468678,0.633840961546836,"Coleoptera","Curculionidae","Scolytinae","Pityogenes","Pityogenes hopkinsi","k__Fungi","p__Ascomycota","c__Leotiomycetes","o__Helotiales","f__Sclerotiniaceae","g__Monilinia","s__ssiori","negative"
"Pityogenes hopkinsi","ASV_7347",-2.53808366420979,0.015,0.0735730858468678,0.633840961546836,"Coleoptera","Curculionidae","Scolytinae","Pityogenes","Pityogenes hopkinsi","k__Fungi","p__Ascomycota",NA,NA,NA,NA,NA,"negative"
"Pityogenes hopkinsi","ASV_8098",2.73684159411675,0.015,0.0735730858468678,0.633840961546836,"Coleoptera","Curculionidae","Scolytinae","Pityogenes","Pityogenes hopkinsi","k__Fungi",NA,NA,NA,NA,NA,NA,"positive"
"Pityogenes hopkinsi","ASV_8154",-2.32188406111688,0.015,0.0735730858468678,0.633840961546836,"Coleoptera","Curculionidae","Scolytinae","Pityogenes","Pityogenes hopkinsi","k__Fungi","p__Basidiomycota","c__Exobasidiomycetes","o__Entylomatales","f__Entylomataceae","g__Tilletiopsis","s__washingtonensis","negative"
"Pityogenes hopkinsi","ASV_9443",3.42236482830726,0.015,0.0735730858468678,0.633840961546836,"Coleoptera","Curculionidae","Scolytinae","Pityogenes","Pityogenes hopkinsi","k__Fungi","p__Ascomycota","c__Eurotiomycetes","o__Verrucariales","f__Verrucariaceae","g__Verrucariaceae_gen_Incertae_sedis",NA,"positive"
"Pityogenes hopkinsi","ASV_10627",2.7068911097498,0.015,0.0735730858468678,0.633840961546836,"Coleoptera","Curculionidae","Scolytinae","Pityogenes","Pityogenes hopkinsi","k__Fungi","p__Basidiomycota","c__Agaricomycetes","o__Hymenochaetales","f__Tubulicrinaceae","g__Tubulicrinis","s__subulatus","positive"
"Pityogenes hopkinsi","ASV_10865",-1.90309518219853,0.015,0.0735730858468678,0.633840961546836,"Coleoptera","Curculionidae","Scolytinae","Pityogenes","Pityogenes hopkinsi","k__Fungi","p__Ascomycota","c__Leotiomycetes","o__Rhytismatales","f__Rhytismataceae","g__Coccomyces","s__triangularis","negative"
"Pityogenes hopkinsi","ASV_13110",-2.47101506444144,0.015,0.0735730858468678,0.633840961546836,"Coleoptera","Curculionidae","Scolytinae","Pityogenes","Pityogenes hopkinsi","k__Fungi","p__Ascomycota","c__Dothideomycetes","o__Mycosphaerellales","f__Mycosphaerellaceae","g__Ramularia",NA,"negative"
"Pityogenes hopkinsi","ASV_14560",-2.18581136743754,0.015,0.0735730858468678,0.633840961546836,"Coleoptera","Curculionidae","Scolytinae","Pityogenes","Pityogenes hopkinsi","k__Fungi","p__Ascomycota","c__Dothideomycetes","o__Dothideales","f__Dothideaceae",NA,NA,"negative"
"Pityogenes hopkinsi","ASV_16098",-2.08300118137871,0.015,0.0735730858468678,0.633840961546836,"Coleoptera","Curculionidae","Scolytinae","Pityogenes","Pityogenes hopkinsi","k__Fungi",NA,NA,NA,NA,NA,NA,"negative"
"Pityogenes hopkinsi","ASV_17212",-2.88649721050074,0.015,0.0735730858468678,0.633840961546836,"Coleoptera","Curculionidae","Scolytinae","Pityogenes","Pityogenes hopkinsi","k__Fungi","p__Ascomycota","c__Dothideomycetes","o__Dothideales","f__Dothioraceae","g__Dothiora",NA,"negative"
"Pityogenes hopkinsi","ASV_17504",-2.50525969350299,0.015,0.0735730858468678,0.633840961546836,"Coleoptera","Curculionidae","Scolytinae","Pityogenes","Pityogenes hopkinsi","k__Fungi","p__Basidiomycota","c__Dacrymycetes","o__Dacrymycetales","f__Dacrymycetaceae","g__Dacrymyces","s__chrysospermus","negative"
"Pityogenes hopkinsi","ASV_22353",-2.3667433663151,0.015,0.0735730858468678,0.633840961546836,"Coleoptera","Curculionidae","Scolytinae","Pityogenes","Pityogenes hopkinsi","k__Fungi","p__Basidiomycota","c__Agaricomycetes","o__Polyporales","f__Hyphodermataceae","g__Hyphoderma",NA,"negative"
"Pityogenes hopkinsi","ASV_25057",-3.21397244911481,0.015,0.0735730858468678,0.633840961546836,"Coleoptera","Curculionidae","Scolytinae","Pityogenes","Pityogenes hopkinsi","k__Fungi","p__Ascomycota","c__Lecanoromycetes","o__Caliciales","f__Caliciaceae",NA,NA,"negative"
"Pityogenes hopkinsi","ASV_25426",-1.84250423613632,0.015,0.0735730858468678,0.633840961546836,"Coleoptera","Curculionidae","Scolytinae","Pityogenes","Pityogenes hopkinsi","k__Fungi","p__Basidiomycota","c__Tremellomycetes","o__Tremellales",NA,NA,NA,"negative"
"Pityogenes hopkinsi","ASV_26434",-2.83730105450724,0.015,0.0735730858468678,0.633840961546836,"Coleoptera","Curculionidae","Scolytinae","Pityogenes","Pityogenes hopkinsi","k__Fungi","p__Ascomycota","c__Leotiomycetes","o__Thelebolales","f__Pseudeurotiaceae","g__Hyphozyma","s__roseonigra","negative"
"Xyleborinus attenuatus","ASV_3",-4.40524677047533,0.002,0.0746117647058823,0.422156188818795,"Coleoptera","Curculionidae","Scolytinae","Xyleborinus","Xyleborinus attenuatus","k__Fungi","p__Ascomycota","c__Dothideomycetes","o__Dothideales","f__Saccotheciaceae","g__Aureobasidium","s__pullulans","negative"
"Xyleborinus attenuatus","ASV_35",-4.26167158062081,0.002,0.0746117647058823,0.422156188818795,"Coleoptera","Curculionidae","Scolytinae","Xyleborinus","Xyleborinus attenuatus","k__Fungi","p__Basidiomycota","c__Tremellomycetes","o__Tremellales","f__Rhynchogastremataceae","g__Papiliotrema","s__wisconsinensis","negative"
"Xyleborinus attenuatus","ASV_51",3.83579072131496,0.002,0.0746117647058823,0.422156188818795,"Coleoptera","Curculionidae","Scolytinae","Xyleborinus","Xyleborinus attenuatus","k__Fungi","p__Ascomycota","c__Dothideomycetes","o__Pleosporales","f__Pleosporaceae","g__Alternaria",NA,"positive"
"Xyleborinus attenuatus","ASV_58",-3.60882659083174,0.002,0.0746117647058823,0.422156188818795,"Coleoptera","Curculionidae","Scolytinae","Xyleborinus","Xyleborinus attenuatus","k__Fungi","p__Basidiomycota","c__Microbotryomycetes","o__Sporidiobolales","f__Sporidiobolaceae","g__Rhodosporidiobolus","s__colostri","negative"
"Xyleborinus attenuatus","ASV_67",-3.43312478734912,0.002,0.0746117647058823,0.422156188818795,"Coleoptera","Curculionidae","Scolytinae","Xyleborinus","Xyleborinus attenuatus","k__Fungi","p__Basidiomycota","c__Microbotryomycetes","o__Microbotryomycetes_ord_Incertae_sedis","f__Microbotryomycetes_fam_Incertae_sedis","g__Curvibasidium",NA,"negative"
"Xyleborinus attenuatus","ASV_88",2.46591037307249,0.002,0.0746117647058823,0.422156188818795,"Coleoptera","Curculionidae","Scolytinae","Xyleborinus","Xyleborinus attenuatus","k__Fungi","p__Ascomycota","c__Sordariomycetes","o__Diaporthales","f__Valsaceae","g__Valsa",NA,"positive"
"Xyleborinus attenuatus","ASV_136",-3.99644121371102,0.002,0.0746117647058823,0.422156188818795,"Coleoptera","Curculionidae","Scolytinae","Xyleborinus","Xyleborinus attenuatus","k__Fungi","p__Basidiomycota","c__Tremellomycetes","o__Cystofilobasidiales","f__Cystofilobasidiaceae","g__Cystofilobasidium","s__macerans","negative"
"Xyleborinus attenuatus","ASV_149",-3.23114509140145,0.002,0.0746117647058823,0.422156188818795,"Coleoptera","Curculionidae","Scolytinae","Xyleborinus","Xyleborinus attenuatus","k__Fungi","p__Basidiomycota","c__Tremellomycetes","o__Tremellales","f__Cryptococcaceae","g__Kwoniella","s__pini","negative"
"Xyleborinus attenuatus","ASV_214",4.14308758815934,0.002,0.0746117647058823,0.422156188818795,"Coleoptera","Curculionidae","Scolytinae","Xyleborinus","Xyleborinus attenuatus","k__Fungi","p__Ascomycota","c__Sordariomycetes","o__Diaporthales","f__Valsaceae","g__Cytospora",NA,"positive"
"Xyleborinus attenuatus","ASV_215",-3.43977691575492,0.002,0.0746117647058823,0.422156188818795,"Coleoptera","Curculionidae","Scolytinae","Xyleborinus","Xyleborinus attenuatus","k__Fungi","p__Ascomycota","c__Taphrinomycetes","o__Taphrinales","f__Taphrinaceae","g__Taphrina",NA,"negative"
"Xyleborinus attenuatus","ASV_272",3.62994750565339,0.002,0.0746117647058823,0.422156188818795,"Coleoptera","Curculionidae","Scolytinae","Xyleborinus","Xyleborinus attenuatus","k__Fungi","p__Ascomycota","c__Sordariomycetes","o__Diaporthales","f__Valsaceae","g__Cytospora","s__prunicola","positive"
"Xyleborinus attenuatus","ASV_282",-3.86714038510201,0.002,0.0746117647058823,0.422156188818795,"Coleoptera","Curculionidae","Scolytinae","Xyleborinus","Xyleborinus attenuatus","k__Fungi","p__Ascomycota","c__Leotiomycetes","o__Helotiales","f__Helotiales_fam_Incertae_sedis","g__Cryptocline","s__arctostaphyli","negative"
"Xyleborinus attenuatus","ASV_323",3.19917605866306,0.002,0.0746117647058823,0.422156188818795,"Coleoptera","Curculionidae","Scolytinae","Xyleborinus","Xyleborinus attenuatus","k__Fungi","p__Ascomycota","c__Lecanoromycetes","o__Caliciales","f__Physciaceae","g__Phaeophyscia","s__sciastra","positive"
"Xyleborinus attenuatus","ASV_428",-3.09896021909108,0.002,0.0746117647058823,0.422156188818795,"Coleoptera","Curculionidae","Scolytinae","Xyleborinus","Xyleborinus attenuatus","k__Fungi","p__Basidiomycota","c__Tremellomycetes","o__Cystofilobasidiales","f__Cystofilobasidiaceae","g__Cystofilobasidium",NA,"negative"
"Xyleborinus attenuatus","ASV_435",-2.96453220905852,0.002,0.0746117647058823,0.422156188818795,"Coleoptera","Curculionidae","Scolytinae","Xyleborinus","Xyleborinus attenuatus","k__Fungi","p__Ascomycota","c__Dothideomycetes","o__Dothideales","f__Saccotheciaceae","g__Aureobasidium","s__pullulans","negative"
"Xyleborinus attenuatus","ASV_527",3.69291400491743,0.002,0.0746117647058823,0.422156188818795,"Coleoptera","Curculionidae","Scolytinae","Xyleborinus","Xyleborinus attenuatus","k__Fungi","p__Ascomycota","c__Eurotiomycetes","o__Chaetothyriales","f__Epibryaceae","g__Epibryon","s__interlamellare","positive"
"Xyleborinus attenuatus","ASV_586",3.0033048748656,0.002,0.0746117647058823,0.422156188818795,"Coleoptera","Curculionidae","Scolytinae","Xyleborinus","Xyleborinus attenuatus","k__Fungi","p__Ascomycota","c__Sordariomycetes","o__Diaporthales","f__Valsaceae","g__Cytospora","s__populina","positive"
"Xyleborinus attenuatus","ASV_632",-4.35527368934091,0.002,0.0746117647058823,0.422156188818795,"Coleoptera","Curculionidae","Scolytinae","Xyleborinus","Xyleborinus attenuatus","k__Fungi","p__Ascomycota","c__Dothideomycetes","o__Dothideales","f__Dothioraceae","g__Dothiora",NA,"negative"
"Xyleborinus attenuatus","ASV_684",-3.64784256677555,0.002,0.0746117647058823,0.422156188818795,"Coleoptera","Curculionidae","Scolytinae","Xyleborinus","Xyleborinus attenuatus","k__Fungi","p__Basidiomycota","c__Exobasidiomycetes","o__Microstromatales","f__Microstromatales_fam_Incertae_sedis","g__Pseudomicrostroma",NA,"negative"
"Xyleborinus attenuatus","ASV_709",-4.40543511980505,0.002,0.0746117647058823,0.422156188818795,"Coleoptera","Curculionidae","Scolytinae","Xyleborinus","Xyleborinus attenuatus","k__Fungi","p__Ascomycota","c__Dothideomycetes","o__Dothideales","f__Dothideaceae","g__Rhizosphaera",NA,"negative"
"Xyleborinus attenuatus","ASV_834",2.59018788831424,0.002,0.0746117647058823,0.422156188818795,"Coleoptera","Curculionidae","Scolytinae","Xyleborinus","Xyleborinus attenuatus","k__Fungi","p__Ascomycota","c__Leotiomycetes","o__Helotiales","f__Tympanidaceae","g__Tympanis",NA,"positive"
"Xyleborinus attenuatus","ASV_866",-3.44178612962207,0.002,0.0746117647058823,0.422156188818795,"Coleoptera","Curculionidae","Scolytinae","Xyleborinus","Xyleborinus attenuatus","k__Fungi","p__Ascomycota","c__Dothideomycetes","o__Dothideales","f__Saccotheciaceae","g__Aureobasidium","s__pullulans","negative"
"Xyleborinus attenuatus","ASV_1035",-3.42848849244141,0.002,0.0746117647058823,0.422156188818795,"Coleoptera","Curculionidae","Scolytinae","Xyleborinus","Xyleborinus attenuatus","k__Fungi","p__Basidiomycota","c__Tremellomycetes",NA,NA,NA,NA,"negative"
"Xyleborinus attenuatus","ASV_1042",3.15778628489886,0.002,0.0746117647058823,0.422156188818795,"Coleoptera","Curculionidae","Scolytinae","Xyleborinus","Xyleborinus attenuatus","k__Fungi",NA,NA,NA,NA,NA,NA,"positive"
"Xyleborinus attenuatus","ASV_1086",4.09349585613174,0.002,0.0746117647058823,0.422156188818795,"Coleoptera","Curculionidae","Scolytinae","Xyleborinus","Xyleborinus attenuatus","k__Fungi","p__Ascomycota","c__Dothideomycetes","o__Capnodiales","f__Neodevriesiaceae","g__Tripospermum","s__infalcatum","positive"
"Xyleborinus attenuatus","ASV_1119",-4.19114511545531,0.002,0.0746117647058823,0.422156188818795,"Coleoptera","Curculionidae","Scolytinae","Xyleborinus","Xyleborinus attenuatus","k__Fungi","p__Ascomycota","c__Taphrinomycetes","o__Taphrinales","f__Taphrinaceae","g__Taphrina",NA,"negative"
"Xyleborinus attenuatus","ASV_1250",-3.11234106635795,0.002,0.0746117647058823,0.422156188818795,"Coleoptera","Curculionidae","Scolytinae","Xyleborinus","Xyleborinus attenuatus","k__Fungi","p__Basidiomycota","c__Tremellomycetes","o__Tremellales","f__Cryptococcaceae","g__Cryptococcus","s__wingfieldii","negative"
"Xyleborinus attenuatus","ASV_1271",-2.84121609364827,0.002,0.0746117647058823,0.422156188818795,"Coleoptera","Curculionidae","Scolytinae","Xyleborinus","Xyleborinus attenuatus","k__Fungi","p__Ascomycota","c__Dothideomycetes","o__Dothideales","f__Saccotheciaceae","g__Aureobasidium",NA,"negative"
"Xyleborinus attenuatus","ASV_1300",3.69132901272135,0.002,0.0746117647058823,0.422156188818795,"Coleoptera","Curculionidae","Scolytinae","Xyleborinus","Xyleborinus attenuatus","k__Fungi","p__Ascomycota","c__Dothideomycetes","o__Pleosporales","f__Pleosporaceae","g__Curvularia","s__trifolii","positive"
"Xyleborinus attenuatus","ASV_1387",-3.1457128890048,0.002,0.0746117647058823,0.422156188818795,"Coleoptera","Curculionidae","Scolytinae","Xyleborinus","Xyleborinus attenuatus","k__Fungi","p__Ascomycota","c__Dothideomycetes","o__Mytilinidiales","f__Mytilinidiaceae","g__Mytilinidion","s__insulare","negative"
"Xyleborinus attenuatus","ASV_1416",-3.42525759459683,0.002,0.0746117647058823,0.422156188818795,"Coleoptera","Curculionidae","Scolytinae","Xyleborinus","Xyleborinus attenuatus","k__Fungi","p__Ascomycota","c__Dothideomycetes","o__Dothideales","f__Aureobasidiaceae","g__Kabatiella",NA,"negative"
"Xyleborinus attenuatus","ASV_1429",2.64304359185315,0.002,0.0746117647058823,0.422156188818795,"Coleoptera","Curculionidae","Scolytinae","Xyleborinus","Xyleborinus attenuatus","k__Fungi","p__Ascomycota",NA,NA,NA,NA,NA,"positive"
"Xyleborinus attenuatus","ASV_1438",-4.19238403195328,0.002,0.0746117647058823,0.422156188818795,"Coleoptera","Curculionidae","Scolytinae","Xyleborinus","Xyleborinus attenuatus","k__Fungi","p__Basidiomycota","c__Tremellomycetes","o__Cystofilobasidiales","f__Mrakiaceae","g__Udeniomyces","s__megalosporus","negative"
"Xyleborinus attenuatus","ASV_1447",3.76736294719725,0.002,0.0746117647058823,0.422156188818795,"Coleoptera","Curculionidae","Scolytinae","Xyleborinus","Xyleborinus attenuatus","k__Fungi","p__Ascomycota","c__Eurotiomycetes","o__Eurotiales","f__Aspergillaceae","g__Penicillium","s__penicillioides","positive"
"Xyleborinus attenuatus","ASV_1526",-3.10816562153786,0.002,0.0746117647058823,0.422156188818795,"Coleoptera","Curculionidae","Scolytinae","Xyleborinus","Xyleborinus attenuatus","k__Fungi","p__Ascomycota","c__Dothideomycetes","o__Mycosphaerellales","f__Mycosphaerellaceae","g__Ramularia",NA,"negative"
"Xyleborinus attenuatus","ASV_1634",-4.14411440004256,0.002,0.0746117647058823,0.422156188818795,"Coleoptera","Curculionidae","Scolytinae","Xyleborinus","Xyleborinus attenuatus","k__Fungi","p__Ascomycota",NA,NA,NA,NA,NA,"negative"
"Xyleborinus attenuatus","ASV_1637",-3.50864329866875,0.002,0.0746117647058823,0.422156188818795,"Coleoptera","Curculionidae","Scolytinae","Xyleborinus","Xyleborinus attenuatus","k__Fungi","p__Ascomycota","c__Sordariomycetes","o__Xylariales","f__Diatrypaceae","g__Diatrype","s__stigma","negative"
"Xyleborinus attenuatus","ASV_2033",3.17585563790216,0.002,0.0746117647058823,0.422156188818795,"Coleoptera","Curculionidae","Scolytinae","Xyleborinus","Xyleborinus attenuatus","k__Fungi","p__Ascomycota","c__Dothideomycetes","o__Myriangiales","f__Myriangiaceae","g__Myriangium",NA,"positive"
"Xyleborinus attenuatus","ASV_2213",3.43377637182253,0.002,0.0746117647058823,0.422156188818795,"Coleoptera","Curculionidae","Scolytinae","Xyleborinus","Xyleborinus attenuatus","k__Fungi","p__Ascomycota",NA,NA,NA,NA,NA,"positive"
"Xyleborinus attenuatus","ASV_2527",-3.22374208803561,0.002,0.0746117647058823,0.422156188818795,"Coleoptera","Curculionidae","Scolytinae","Xyleborinus","Xyleborinus attenuatus","k__Fungi","p__Ascomycota",NA,NA,NA,NA,NA,"negative"
"Xyleborinus attenuatus","ASV_2537",-3.58521276673492,0.002,0.0746117647058823,0.422156188818795,"Coleoptera","Curculionidae","Scolytinae","Xyleborinus","Xyleborinus attenuatus","k__Fungi","p__Ascomycota","c__Sordariomycetes","o__Xylariales","f__Sporocadaceae","g__Xenoseimatosporium",NA,"negative"
"Xyleborinus attenuatus","ASV_2706",-3.53795804581478,0.002,0.0746117647058823,0.422156188818795,"Coleoptera","Curculionidae","Scolytinae","Xyleborinus","Xyleborinus attenuatus","k__Fungi","p__Basidiomycota","c__Exobasidiomycetes","o__Microstromatales","f__Microstromatales_fam_Incertae_sedis","g__Pseudomicrostroma",NA,"negative"
"Xyleborinus attenuatus","ASV_3193",-3.75041539823158,0.002,0.0746117647058823,0.422156188818795,"Coleoptera","Curculionidae","Scolytinae","Xyleborinus","Xyleborinus attenuatus","k__Fungi","p__Ascomycota","c__Dothideomycetes","o__Myriangiales",NA,NA,NA,"negative"
"Xyleborinus attenuatus","ASV_3241",3.99298058672063,0.002,0.0746117647058823,0.422156188818795,"Coleoptera","Curculionidae","Scolytinae","Xyleborinus","Xyleborinus attenuatus","k__Fungi","p__Ascomycota","c__Orbiliomycetes","o__Orbiliales","f__Orbiliaceae","g__Orbilia",NA,"positive"
"Xyleborinus attenuatus","ASV_3380",3.6231324639893,0.002,0.0746117647058823,0.422156188818795,"Coleoptera","Curculionidae","Scolytinae","Xyleborinus","Xyleborinus attenuatus","k__Fungi","p__Ascomycota","c__Leotiomycetes","o__Helotiales","f__Sclerotiniaceae",NA,NA,"positive"
"Xyleborinus attenuatus","ASV_3413",-3.52413815013419,0.002,0.0746117647058823,0.422156188818795,"Coleoptera","Curculionidae","Scolytinae","Xyleborinus","Xyleborinus attenuatus","k__Fungi","p__Basidiomycota","c__Tremellomycetes",NA,NA,NA,NA,"negative"
"Xyleborinus attenuatus","ASV_3690",-3.93076010318265,0.002,0.0746117647058823,0.422156188818795,"Coleoptera","Curculionidae","Scolytinae","Xyleborinus","Xyleborinus attenuatus","k__Fungi","p__Ascomycota",NA,NA,NA,NA,NA,"negative"
"Xyleborinus attenuatus","ASV_3972",4.35048872687684,0.002,0.0746117647058823,0.422156188818795,"Coleoptera","Curculionidae","Scolytinae","Xyleborinus","Xyleborinus attenuatus","k__Fungi","p__Ascomycota","c__Dothideomycetes","o__Capnodiales","f__Cladosporiaceae","g__Cladosporium","s__herbarum","positive"
"Xyleborinus attenuatus","ASV_4476",2.8810235981629,0.002,0.0746117647058823,0.422156188818795,"Coleoptera","Curculionidae","Scolytinae","Xyleborinus","Xyleborinus attenuatus","k__Fungi","p__Ascomycota","c__Sordariomycetes","o__Sordariomycetes_ord_Incertae_sedis","f__Sordariomycetes_fam_Incertae_sedis","g__Oncopodiella","s__trigonella","positive"
"Xyleborinus attenuatus","ASV_4925",-2.94317084044874,0.002,0.0746117647058823,0.422156188818795,"Coleoptera","Curculionidae","Scolytinae","Xyleborinus","Xyleborinus attenuatus","k__Fungi","p__Ascomycota","c__Dothideomycetes","o__Dothideales","f__Dothioraceae","g__Dothiora",NA,"negative"
"Xyleborinus attenuatus","ASV_5130",-3.72142995639523,0.002,0.0746117647058823,0.422156188818795,"Coleoptera","Curculionidae","Scolytinae","Xyleborinus","Xyleborinus attenuatus","k__Fungi","p__Ascomycota","c__Dothideomycetes",NA,NA,NA,NA,"negative"
"Xyleborinus attenuatus","ASV_5787",3.97336532532925,0.002,0.0746117647058823,0.422156188818795,"Coleoptera","Curculionidae","Scolytinae","Xyleborinus","Xyleborinus attenuatus","k__Fungi","p__Ascomycota","c__Sordariomycetes",NA,NA,NA,NA,"positive"
"Xyleborinus attenuatus","ASV_5915",-3.19409047100397,0.002,0.0746117647058823,0.422156188818795,"Coleoptera","Curculionidae","Scolytinae","Xyleborinus","Xyleborinus attenuatus","k__Fungi","p__Basidiomycota","c__Tremellomycetes","o__Tremellales","f__Cryptococcaceae","g__Teunia",NA,"negative"
"Xyleborinus attenuatus","ASV_6065",2.73626786907217,0.002,0.0746117647058823,0.422156188818795,"Coleoptera","Curculionidae","Scolytinae","Xyleborinus","Xyleborinus attenuatus","k__Fungi","p__Ascomycota","c__Sordariomycetes","o__Hypocreales","f__Cordycipitaceae","g__Beauveria","s__bassiana","positive"
"Xyleborinus attenuatus","ASV_7354",3.33112740502874,0.002,0.0746117647058823,0.422156188818795,"Coleoptera","Curculionidae","Scolytinae","Xyleborinus","Xyleborinus attenuatus","k__Fungi","p__Ascomycota","c__Sordariomycetes","o__Diaporthales","f__Valsaceae","g__Cytospora",NA,"positive"
"Xyleborinus attenuatus","ASV_8306",-3.94484521835401,0.002,0.0746117647058823,0.422156188818795,"Coleoptera","Curculionidae","Scolytinae","Xyleborinus","Xyleborinus attenuatus","k__Fungi","p__Ascomycota",NA,NA,NA,NA,NA,"negative"
"Xyleborinus attenuatus","ASV_9163",2.78757212696409,0.002,0.0746117647058823,0.422156188818795,"Coleoptera","Curculionidae","Scolytinae","Xyleborinus","Xyleborinus attenuatus","k__Fungi","p__Ascomycota","c__Sordariomycetes","o__Hypocreales","f__Nectriaceae","g__Thyronectria",NA,"positive"
"Xyleborinus attenuatus","ASV_16355",2.82141885337602,0.002,0.0746117647058823,0.422156188818795,"Coleoptera","Curculionidae","Scolytinae","Xyleborinus","Xyleborinus attenuatus","k__Fungi","p__Basidiomycota","c__Agaricomycetes","o__Russulales","f__Lachnocladiaceae","g__Lachnocladiaceae_gen_Incertae_sedis",NA,"positive"
"Pityogenes hopkinsi","ASV_211",2.12055133366842,0.016,0.0762947368421053,0.640637781629116,"Coleoptera","Curculionidae","Scolytinae","Pityogenes","Pityogenes hopkinsi","k__Fungi","p__Ascomycota","c__Taphrinomycetes","o__Taphrinales","f__Taphrinaceae","g__Taphrina","s__caerulescens","positive"
"Pityogenes hopkinsi","ASV_224",3.06653670570013,0.016,0.0762947368421053,0.640637781629116,"Coleoptera","Curculionidae","Scolytinae","Pityogenes","Pityogenes hopkinsi","k__Fungi","p__Ascomycota","c__Sordariomycetes","o__Diaporthales","f__Valsaceae","g__Cytospora",NA,"positive"
"Pityogenes hopkinsi","ASV_235",-2.25919695547173,0.016,0.0762947368421053,0.640637781629116,"Coleoptera","Curculionidae","Scolytinae","Pityogenes","Pityogenes hopkinsi","k__Fungi","p__Basidiomycota","c__Cystobasidiomycetes","o__Cystobasidiales",NA,NA,NA,"negative"
"Pityogenes hopkinsi","ASV_377",3.52252048713552,0.016,0.0762947368421053,0.640637781629116,"Coleoptera","Curculionidae","Scolytinae","Pityogenes","Pityogenes hopkinsi","k__Fungi","p__Ascomycota","c__Dothideomycetes","o__Pleosporales","f__Phaeosphaeriaceae","g__Neostagonospora",NA,"positive"
"Pityogenes hopkinsi","ASV_687",2.35313157061641,0.016,0.0762947368421053,0.640637781629116,"Coleoptera","Curculionidae","Scolytinae","Pityogenes","Pityogenes hopkinsi","k__Fungi","p__Ascomycota","c__Eurotiomycetes","o__Chaetothyriales",NA,NA,NA,"positive"
"Pityogenes hopkinsi","ASV_896",2.74963201076813,0.016,0.0762947368421053,0.640637781629116,"Coleoptera","Curculionidae","Scolytinae","Pityogenes","Pityogenes hopkinsi","k__Fungi","p__Ascomycota","c__Dothideomycetes","o__Pleosporales","f__Cucurbitariaceae",NA,NA,"positive"
"Pityogenes hopkinsi","ASV_1090",-2.70044371944725,0.016,0.0762947368421053,0.640637781629116,"Coleoptera","Curculionidae","Scolytinae","Pityogenes","Pityogenes hopkinsi","k__Fungi","p__Basidiomycota","c__Tremellomycetes","o__Tremellomycetes_ord_Incertae_sedis","f__Tremellomycetes_fam_Incertae_sedis","g__Tremellomycetes_gen_Incertae_sedis",NA,"negative"
"Pityogenes hopkinsi","ASV_1153",3.08062411496123,0.016,0.0762947368421053,0.640637781629116,"Coleoptera","Curculionidae","Scolytinae","Pityogenes","Pityogenes hopkinsi","k__Fungi","p__Ascomycota",NA,NA,NA,NA,NA,"positive"
"Pityogenes hopkinsi","ASV_1332",3.31881716782562,0.016,0.0762947368421053,0.640637781629116,"Coleoptera","Curculionidae","Scolytinae","Pityogenes","Pityogenes hopkinsi","k__Fungi","p__Ascomycota","c__Sordariomycetes","o__Diaporthales","f__Valsaceae","g__Cytospora",NA,"positive"
"Pityogenes hopkinsi","ASV_1397",2.22479745928553,0.016,0.0762947368421053,0.640637781629116,"Coleoptera","Curculionidae","Scolytinae","Pityogenes","Pityogenes hopkinsi","k__Fungi","p__Ascomycota","c__Dothideomycetes","o__Pleosporales","f__Teichosporaceae","g__Teichospora","s__quercus","positive"
"Pityogenes hopkinsi","ASV_1616",3.00427544464739,0.016,0.0762947368421053,0.640637781629116,"Coleoptera","Curculionidae","Scolytinae","Pityogenes","Pityogenes hopkinsi","k__Fungi","p__Ascomycota","c__Leotiomycetes","o__Rhytismatales","f__Rhytismataceae","g__Coccomyces","s__strobi","positive"
"Pityogenes hopkinsi","ASV_2200",2.48321689139505,0.016,0.0762947368421053,0.640637781629116,"Coleoptera","Curculionidae","Scolytinae","Pityogenes","Pityogenes hopkinsi","k__Fungi","p__Ascomycota","c__Eurotiomycetes","o__Chaetothyriales","f__Herpotrichiellaceae","g__Exophiala","s__lignicola","positive"
"Pityogenes hopkinsi","ASV_2849",-2.15644907660527,0.016,0.0762947368421053,0.640637781629116,"Coleoptera","Curculionidae","Scolytinae","Pityogenes","Pityogenes hopkinsi","k__Fungi","p__Ascomycota","c__Sordariomycetes","o__Diaporthales","f__Valsaceae",NA,NA,"negative"
"Pityogenes hopkinsi","ASV_4046",2.43226283217856,0.016,0.0762947368421053,0.640637781629116,"Coleoptera","Curculionidae","Scolytinae","Pityogenes","Pityogenes hopkinsi","k__Fungi","p__Ascomycota","c__Dothideomycetes","o__Dothideales","f__Dothideales_fam_Incertae_sedis","g__Dothideales_gen_Incertae_sedis",NA,"positive"
"Pityogenes hopkinsi","ASV_4344",-3.20197215187246,0.016,0.0762947368421053,0.640637781629116,"Coleoptera","Curculionidae","Scolytinae","Pityogenes","Pityogenes hopkinsi","k__Fungi","p__Ascomycota",NA,NA,NA,NA,NA,"negative"
"Pityogenes hopkinsi","ASV_4860",-2.62032176344601,0.016,0.0762947368421053,0.640637781629116,"Coleoptera","Curculionidae","Scolytinae","Pityogenes","Pityogenes hopkinsi","k__Fungi","p__Basidiomycota","c__Tremellomycetes","o__Tremellales","f__Bulleribasidiaceae","g__Dioszegia",NA,"negative"
"Pityogenes hopkinsi","ASV_5681",2.2516039470888,0.016,0.0762947368421053,0.640637781629116,"Coleoptera","Curculionidae","Scolytinae","Pityogenes","Pityogenes hopkinsi","k__Fungi","p__Ascomycota",NA,NA,NA,NA,NA,"positive"
"Pityogenes hopkinsi","ASV_7138",-2.64535605617964,0.016,0.0762947368421053,0.640637781629116,"Coleoptera","Curculionidae","Scolytinae","Pityogenes","Pityogenes hopkinsi","k__Fungi","p__Basidiomycota","c__Agaricomycetes","o__Corticiales","f__Corticiaceae","g__Mycobernardia","s__incrustans","negative"
"Pityogenes hopkinsi","ASV_7689",-2.22202131975667,0.016,0.0762947368421053,0.640637781629116,"Coleoptera","Curculionidae","Scolytinae","Pityogenes","Pityogenes hopkinsi","k__Fungi",NA,NA,NA,NA,NA,NA,"negative"
"Pityogenes hopkinsi","ASV_9468",-2.13006461314534,0.016,0.0762947368421053,0.640637781629116,"Coleoptera","Curculionidae","Scolytinae","Pityogenes","Pityogenes hopkinsi","k__Fungi","p__Basidiomycota","c__Microbotryomycetes","o__Microbotryomycetes_ord_Incertae_sedis","f__Microbotryomycetes_fam_Incertae_sedis","g__Curvibasidium",NA,"negative"
"Pityogenes hopkinsi","ASV_10009",-2.14846534936536,0.016,0.0762947368421053,0.640637781629116,"Coleoptera","Curculionidae","Scolytinae","Pityogenes","Pityogenes hopkinsi","k__Fungi","p__Ascomycota","c__Dothideomycetes","o__Mycosphaerellales","f__Mycosphaerellaceae","g__Ramularia",NA,"negative"
"Pityogenes hopkinsi","ASV_10146",-2.32591500960066,0.016,0.0762947368421053,0.640637781629116,"Coleoptera","Curculionidae","Scolytinae","Pityogenes","Pityogenes hopkinsi","k__Fungi","p__Basidiomycota","c__Agaricomycetes","o__Russulales","f__Peniophoraceae","g__Peniophora",NA,"negative"
"Pityogenes hopkinsi","ASV_11795",3.59507951414261,0.016,0.0762947368421053,0.640637781629116,"Coleoptera","Curculionidae","Scolytinae","Pityogenes","Pityogenes hopkinsi","k__Fungi","p__Basidiomycota","c__Agaricomycetes","o__Sebacinales","f__Sebacinaceae",NA,NA,"positive"
"Pityogenes hopkinsi","ASV_12230",-2.35947281449656,0.016,0.0762947368421053,0.640637781629116,"Coleoptera","Curculionidae","Scolytinae","Pityogenes","Pityogenes hopkinsi","k__Fungi","p__Basidiomycota","c__Tremellomycetes","o__Tremellales","f__Phaeotremellaceae","g__Phaeotremella",NA,"negative"
"Pityogenes hopkinsi","ASV_12907",-2.17064689685785,0.016,0.0762947368421053,0.640637781629116,"Coleoptera","Curculionidae","Scolytinae","Pityogenes","Pityogenes hopkinsi","k__Fungi","p__Ascomycota","c__Taphrinomycetes","o__Taphrinales","f__Taphrinaceae","g__Taphrina","s__deformans","negative"
"Pityogenes hopkinsi","ASV_13526",-2.41870109846783,0.016,0.0762947368421053,0.640637781629116,"Coleoptera","Curculionidae","Scolytinae","Pityogenes","Pityogenes hopkinsi","k__Fungi","p__Basidiomycota","c__Agaricomycetes","o__Russulales","f__Peniophoraceae","g__Peniophora","s__cinerea","negative"
"Pityogenes hopkinsi","ASV_14806",-3.25640269807893,0.016,0.0762947368421053,0.640637781629116,"Coleoptera","Curculionidae","Scolytinae","Pityogenes","Pityogenes hopkinsi","k__Fungi","p__Basidiomycota","c__Tremellomycetes","o__Filobasidiales","f__Piskurozymaceae","g__Piskurozyma","s__cylindrica","negative"
"Pityogenes hopkinsi","ASV_15966",-2.08923632195619,0.016,0.0762947368421053,0.640637781629116,"Coleoptera","Curculionidae","Scolytinae","Pityogenes","Pityogenes hopkinsi","k__Fungi","p__Ascomycota","c__Taphrinomycetes","o__Taphrinales","f__Taphrinaceae","g__Taphrina",NA,"negative"
"Pityogenes hopkinsi","ASV_17394",-2.1359438845815,0.016,0.0762947368421053,0.640637781629116,"Coleoptera","Curculionidae","Scolytinae","Pityogenes","Pityogenes hopkinsi","k__Fungi","p__Ascomycota","c__Dothideomycetes","o__Mycosphaerellales","f__Mycosphaerellaceae","g__Sphaerulina","s__pelargonii","negative"
"Pityogenes hopkinsi","ASV_17795",-2.56117219738048,0.016,0.0762947368421053,0.640637781629116,"Coleoptera","Curculionidae","Scolytinae","Pityogenes","Pityogenes hopkinsi","k__Fungi",NA,NA,NA,NA,NA,NA,"negative"
"Pityogenes hopkinsi","ASV_20934",-2.10806298482457,0.016,0.0762947368421053,0.640637781629116,"Coleoptera","Curculionidae","Scolytinae","Pityogenes","Pityogenes hopkinsi","k__Fungi","p__Basidiomycota","c__Tremellomycetes","o__Tremellales",NA,NA,NA,"negative"
"Pityogenes hopkinsi","ASV_20962",-2.44059235285706,0.016,0.0762947368421053,0.640637781629116,"Coleoptera","Curculionidae","Scolytinae","Pityogenes","Pityogenes hopkinsi","k__Fungi","p__Basidiomycota","c__Agaricomycetes","o__Sebacinales","f__Sebacinaceae","g__Chaetospermum",NA,"negative"
"Pityogenes hopkinsi","ASV_21587",-2.46674536469104,0.016,0.0762947368421053,0.640637781629116,"Coleoptera","Curculionidae","Scolytinae","Pityogenes","Pityogenes hopkinsi","k__Fungi","p__Ascomycota","c__Sordariomycetes","o__Xylariales","f__Diatrypaceae","g__Eutypa","s__tetragona","negative"
"Pityogenes hopkinsi","ASV_21890",-2.03446033871005,0.016,0.0762947368421053,0.640637781629116,"Coleoptera","Curculionidae","Scolytinae","Pityogenes","Pityogenes hopkinsi","k__Fungi","p__Ascomycota","c__Sordariomycetes","o__Glomerellales","f__Plectosphaerellaceae","g__Nigrocephalum","s__collariferum","negative"
"Pityogenes hopkinsi","ASV_22335",-2.52432430791498,0.016,0.0762947368421053,0.640637781629116,"Coleoptera","Curculionidae","Scolytinae","Pityogenes","Pityogenes hopkinsi","k__Fungi","p__Ascomycota","c__Lecanoromycetes","o__Ostropales","f__Stictidaceae","g__Cryptodiscus","s__pallidus","negative"
"Pityogenes hopkinsi","ASV_26069",-2.49503687628645,0.016,0.0762947368421053,0.640637781629116,"Coleoptera","Curculionidae","Scolytinae","Pityogenes","Pityogenes hopkinsi","k__Fungi","p__Basidiomycota","c__Agaricomycetes","o__Cantharellales","f__Botryobasidiaceae","g__Botryobasidium",NA,"negative"
"Pityogenes hopkinsi","ASV_28463",-2.62142332486255,0.016,0.0762947368421053,0.640637781629116,"Coleoptera","Curculionidae","Scolytinae","Pityogenes","Pityogenes hopkinsi","k__Fungi","p__Basidiomycota","c__Tremellomycetes","o__Tremellales","f__Tremellaceae","g__Tremella",NA,"negative"
"Pityogenes hopkinsi","ASV_223",2.27848788564541,0.017,0.0789267935578331,0.646301061787408,"Coleoptera","Curculionidae","Scolytinae","Pityogenes","Pityogenes hopkinsi","k__Fungi","p__Ascomycota","c__Eurotiomycetes","o__Chaetothyriales","f__Herpotrichiellaceae","g__Exophiala","s__jeanselmei","positive"
"Pityogenes hopkinsi","ASV_281",2.74483421612082,0.017,0.0789267935578331,0.646301061787408,"Coleoptera","Curculionidae","Scolytinae","Pityogenes","Pityogenes hopkinsi","k__Fungi","p__Ascomycota",NA,NA,NA,NA,NA,"positive"
"Pityogenes hopkinsi","ASV_376",2.88794558457608,0.017,0.0789267935578331,0.646301061787408,"Coleoptera","Curculionidae","Scolytinae","Pityogenes","Pityogenes hopkinsi","k__Fungi","p__Ascomycota","c__Leotiomycetes","o__Rhytismatales","f__Rhytismataceae","g__Coccomyces","s__triangularis","positive"
"Pityogenes hopkinsi","ASV_616",2.78424570181553,0.017,0.0789267935578331,0.646301061787408,"Coleoptera","Curculionidae","Scolytinae","Pityogenes","Pityogenes hopkinsi","k__Fungi","p__Ascomycota","c__Sordariomycetes","o__Diaporthales","f__Valsaceae","g__Cytospora","s__prunicola","positive"
"Pityogenes hopkinsi","ASV_669",3.98452582042772,0.017,0.0789267935578331,0.646301061787408,"Coleoptera","Curculionidae","Scolytinae","Pityogenes","Pityogenes hopkinsi","k__Fungi","p__Ascomycota","c__Dothideomycetes","o__Pleosporales","f__Cucurbitariaceae","g__Parafenestella","s__ontariensis","positive"
"Pityogenes hopkinsi","ASV_1143",2.22336077746878,0.017,0.0789267935578331,0.646301061787408,"Coleoptera","Curculionidae","Scolytinae","Pityogenes","Pityogenes hopkinsi","k__Fungi","p__Ascomycota","c__Dothideomycetes","o__Pleosporales","f__Didymellaceae",NA,NA,"positive"
"Pityogenes hopkinsi","ASV_1169",2.55587208969892,0.017,0.0789267935578331,0.646301061787408,"Coleoptera","Curculionidae","Scolytinae","Pityogenes","Pityogenes hopkinsi","k__Fungi","p__Ascomycota","c__Dothideomycetes","o__Pleosporales","f__Lentitheciaceae","g__Lentitheciaceae_gen_Incertae_sedis",NA,"positive"
"Pityogenes hopkinsi","ASV_1533",-2.59496629637984,0.017,0.0789267935578331,0.646301061787408,"Coleoptera","Curculionidae","Scolytinae","Pityogenes","Pityogenes hopkinsi","k__Fungi","p__Basidiomycota","c__Agaricomycetes","o__Polyporales","f__Ganodermataceae","g__Ganoderma","s__lobatum","negative"
"Pityogenes hopkinsi","ASV_1584",3.35922495536332,0.017,0.0789267935578331,0.646301061787408,"Coleoptera","Curculionidae","Scolytinae","Pityogenes","Pityogenes hopkinsi","k__Fungi","p__Ascomycota","c__Sordariomycetes","o__Diaporthales","f__Valsaceae","g__Cryptosphaeria","s__eunomia","positive"
"Pityogenes hopkinsi","ASV_1659",2.0938110740589,0.017,0.0789267935578331,0.646301061787408,"Coleoptera","Curculionidae","Scolytinae","Pityogenes","Pityogenes hopkinsi","k__Fungi","p__Ascomycota","c__Pezizomycotina_cls_Incertae_sedis","o__Pezizomycotina_ord_Incertae_sedis","f__Pezizomycotina_fam_Incertae_sedis","g__Ordus","s__tribrachiatus","positive"
"Pityogenes hopkinsi","ASV_2274",1.7772110034031,0.017,0.0789267935578331,0.646301061787408,"Coleoptera","Curculionidae","Scolytinae","Pityogenes","Pityogenes hopkinsi","k__Fungi","p__Ascomycota","c__Dothideomycetes","o__Pleosporales","f__Cucurbitariaceae","g__Neocucurbitaria","s__quercina","positive"
"Pityogenes hopkinsi","ASV_2547",2.43832459623617,0.017,0.0789267935578331,0.646301061787408,"Coleoptera","Curculionidae","Scolytinae","Pityogenes","Pityogenes hopkinsi","k__Fungi","p__Ascomycota","c__Sordariomycetes","o__Calosphaeriales","f__Calosphaeriaceae","g__Jattaea","s__taediosa","positive"
"Pityogenes hopkinsi","ASV_2768",-1.93143196033309,0.017,0.0789267935578331,0.646301061787408,"Coleoptera","Curculionidae","Scolytinae","Pityogenes","Pityogenes hopkinsi","k__Fungi","p__Ascomycota","c__Saccharomycetes","o__Saccharomycetales","f__Saccharomycetales_fam_Incertae_sedis","g__Teunomyces","s__kruisii","negative"
"Pityogenes hopkinsi","ASV_3199",2.11732943474169,0.017,0.0789267935578331,0.646301061787408,"Coleoptera","Curculionidae","Scolytinae","Pityogenes","Pityogenes hopkinsi","k__Fungi","p__Basidiomycota","c__Agaricomycetes","o__Polyporales","f__Irpicaceae","g__Cytidiella",NA,"positive"
"Pityogenes hopkinsi","ASV_5096",2.119780766198,0.017,0.0789267935578331,0.646301061787408,"Coleoptera","Curculionidae","Scolytinae","Pityogenes","Pityogenes hopkinsi","k__Fungi","p__Ascomycota","c__Sordariomycetes","o__Xylariales","f__Diatrypaceae","g__Diatrype","s__stigma","positive"
"Pityogenes hopkinsi","ASV_5213",-2.75904167593391,0.017,0.0789267935578331,0.646301061787408,"Coleoptera","Curculionidae","Scolytinae","Pityogenes","Pityogenes hopkinsi","k__Fungi","p__Ascomycota","c__Sordariomycetes","o__Xylariales","f__Graphostromataceae","g__Biscogniauxia",NA,"negative"
"Pityogenes hopkinsi","ASV_6470",-2.57911286261894,0.017,0.0789267935578331,0.646301061787408,"Coleoptera","Curculionidae","Scolytinae","Pityogenes","Pityogenes hopkinsi","k__Fungi","p__Basidiomycota","c__Agaricomycetes","o__Hymenochaetales","f__Schizoporaceae","g__Xylodon",NA,"negative"
"Pityogenes hopkinsi","ASV_6598",-2.87015780096631,0.017,0.0789267935578331,0.646301061787408,"Coleoptera","Curculionidae","Scolytinae","Pityogenes","Pityogenes hopkinsi","k__Fungi","p__Basidiomycota","c__Tremellomycetes","o__Tremellales","f__Bulleraceae","g__Pseudotremella","s__moriformis","negative"
"Pityogenes hopkinsi","ASV_6671",2.46958246660004,0.017,0.0789267935578331,0.646301061787408,"Coleoptera","Curculionidae","Scolytinae","Pityogenes","Pityogenes hopkinsi","k__Fungi","p__Basidiomycota","c__Agaricostilbomycetes","o__Agaricostilbales","f__Chionosphaeraceae",NA,NA,"positive"
"Pityogenes hopkinsi","ASV_6715",-2.45882331135131,0.017,0.0789267935578331,0.646301061787408,"Coleoptera","Curculionidae","Scolytinae","Pityogenes","Pityogenes hopkinsi","k__Fungi","p__Ascomycota","c__Leotiomycetes","o__Helotiales",NA,NA,NA,"negative"
"Pityogenes hopkinsi","ASV_7129",-2.17263137755936,0.017,0.0789267935578331,0.646301061787408,"Coleoptera","Curculionidae","Scolytinae","Pityogenes","Pityogenes hopkinsi","k__Fungi","p__Ascomycota","c__Eurotiomycetes","o__Eurotiales","f__Elaphomycetaceae","g__Elaphomyces",NA,"negative"
"Pityogenes hopkinsi","ASV_7806",-2.52690045500368,0.017,0.0789267935578331,0.646301061787408,"Coleoptera","Curculionidae","Scolytinae","Pityogenes","Pityogenes hopkinsi","k__Fungi","p__Ascomycota",NA,NA,NA,NA,NA,"negative"
"Pityogenes hopkinsi","ASV_8061",-2.28096634294202,0.017,0.0789267935578331,0.646301061787408,"Coleoptera","Curculionidae","Scolytinae","Pityogenes","Pityogenes hopkinsi","k__Fungi","p__Basidiomycota","c__Agaricomycetes","o__Agaricales","f__Radulomycetaceae","g__Radulomyces","s__molaris","negative"
"Pityogenes hopkinsi","ASV_10160",-2.47394347593297,0.017,0.0789267935578331,0.646301061787408,"Coleoptera","Curculionidae","Scolytinae","Pityogenes","Pityogenes hopkinsi","k__Fungi","p__Ascomycota",NA,NA,NA,NA,NA,"negative"
"Pityogenes hopkinsi","ASV_11647",-2.9377248162012,0.017,0.0789267935578331,0.646301061787408,"Coleoptera","Curculionidae","Scolytinae","Pityogenes","Pityogenes hopkinsi","k__Fungi","p__Ascomycota","c__Eurotiomycetes","o__Chaetothyriales","f__Herpotrichiellaceae","g__Phialophora","s__macrospora","negative"
"Pityogenes hopkinsi","ASV_13211",-2.45728919674825,0.017,0.0789267935578331,0.646301061787408,"Coleoptera","Curculionidae","Scolytinae","Pityogenes","Pityogenes hopkinsi","k__Fungi",NA,NA,NA,NA,NA,NA,"negative"
"Pityogenes hopkinsi","ASV_13248",-1.79212489567766,0.017,0.0789267935578331,0.646301061787408,"Coleoptera","Curculionidae","Scolytinae","Pityogenes","Pityogenes hopkinsi","k__Fungi","p__Ascomycota","c__Dothideomycetes","o__Mycosphaerellales","f__Teratosphaeriaceae",NA,NA,"negative"
"Pityogenes hopkinsi","ASV_13362",-2.03782885709313,0.017,0.0789267935578331,0.646301061787408,"Coleoptera","Curculionidae","Scolytinae","Pityogenes","Pityogenes hopkinsi","k__Fungi","p__Ascomycota","c__Dothideomycetes","o__Mycosphaerellales","f__Teratosphaeriaceae",NA,NA,"negative"
"Pityogenes hopkinsi","ASV_13952",-2.4391054634568,0.017,0.0789267935578331,0.646301061787408,"Coleoptera","Curculionidae","Scolytinae","Pityogenes","Pityogenes hopkinsi","k__Fungi","p__Ascomycota",NA,NA,NA,NA,NA,"negative"
"Pityogenes hopkinsi","ASV_15428",-2.04604682570239,0.017,0.0789267935578331,0.646301061787408,"Coleoptera","Curculionidae","Scolytinae","Pityogenes","Pityogenes hopkinsi","k__Fungi","p__Basidiomycota","c__Tremellomycetes","o__Tremellales","f__Cryptococcaceae","g__Teunia",NA,"negative"
"Pityogenes hopkinsi","ASV_17953",-2.02826713360923,0.017,0.0789267935578331,0.646301061787408,"Coleoptera","Curculionidae","Scolytinae","Pityogenes","Pityogenes hopkinsi","k__Fungi","p__Ascomycota",NA,NA,NA,NA,NA,"negative"
"Pityogenes hopkinsi","ASV_20282",-2.19107902591775,0.017,0.0789267935578331,0.646301061787408,"Coleoptera","Curculionidae","Scolytinae","Pityogenes","Pityogenes hopkinsi","k__Fungi","p__Ascomycota","c__Sareomycetes","o__Sareales","f__Sareaceae","g__Sarea",NA,"negative"
"Pityogenes hopkinsi","ASV_20985",-2.56939741613521,0.017,0.0789267935578331,0.646301061787408,"Coleoptera","Curculionidae","Scolytinae","Pityogenes","Pityogenes hopkinsi","k__Fungi",NA,NA,NA,NA,NA,NA,"negative"
"Pityogenes hopkinsi","ASV_21514",-2.32505487790005,0.017,0.0789267935578331,0.646301061787408,"Coleoptera","Curculionidae","Scolytinae","Pityogenes","Pityogenes hopkinsi","k__Fungi","p__Ascomycota","c__Dothideomycetes","o__Hysteriales","f__Hysteriaceae",NA,NA,"negative"
"Pityogenes hopkinsi","ASV_24716",-2.37048712449259,0.017,0.0789267935578331,0.646301061787408,"Coleoptera","Curculionidae","Scolytinae","Pityogenes","Pityogenes hopkinsi","k__Fungi","p__Ascomycota","c__Lecanoromycetes","o__Lecanorales","f__Lecanoraceae","g__Lecanora","s__hybocarpa","negative"
"Pityogenes hopkinsi","ASV_25276",-2.19483211803048,0.017,0.0789267935578331,0.646301061787408,"Coleoptera","Curculionidae","Scolytinae","Pityogenes","Pityogenes hopkinsi","k__Fungi","p__Ascomycota","c__Dothideomycetes","o__Dothideales","f__Dothideales_fam_Incertae_sedis","g__Dothideales_gen_Incertae_sedis",NA,"negative"
"Pityogenes hopkinsi","ASV_411",2.12618540497607,0.018,0.0815982844889207,0.653369295226695,"Coleoptera","Curculionidae","Scolytinae","Pityogenes","Pityogenes hopkinsi","k__Fungi","p__Ascomycota","c__Leotiomycetes","o__Rhytismatales","f__Rhytismataceae","g__Coccomyces","s__strobi","positive"
"Pityogenes hopkinsi","ASV_933",2.18490784484896,0.018,0.0815982844889207,0.653369295226695,"Coleoptera","Curculionidae","Scolytinae","Pityogenes","Pityogenes hopkinsi","k__Fungi","p__Ascomycota","c__Eurotiomycetes","o__Chaetothyriales","f__Chaetothyriaceae","g__Ceramothyrium","s__carniolicum","positive"
"Pityogenes hopkinsi","ASV_1151",2.99926230617448,0.018,0.0815982844889207,0.653369295226695,"Coleoptera","Curculionidae","Scolytinae","Pityogenes","Pityogenes hopkinsi","k__Fungi","p__Ascomycota","c__Dothideomycetes","o__Pleosporales","f__Melanommataceae",NA,NA,"positive"
"Pityogenes hopkinsi","ASV_1937",-2.02170641141129,0.018,0.0815982844889207,0.653369295226695,"Coleoptera","Curculionidae","Scolytinae","Pityogenes","Pityogenes hopkinsi","k__Fungi","p__Basidiomycota","c__Microbotryomycetes","o__Microbotryomycetes_ord_Incertae_sedis","f__Microbotryomycetes_fam_Incertae_sedis","g__Curvibasidium",NA,"negative"
"Pityogenes hopkinsi","ASV_2360",3.00906774864332,0.018,0.0815982844889207,0.653369295226695,"Coleoptera","Curculionidae","Scolytinae","Pityogenes","Pityogenes hopkinsi","k__Fungi","p__Basidiomycota","c__Tremellomycetes","o__Tremellales","f__Trimorphomycetaceae","g__Trimorphomyces",NA,"positive"
"Pityogenes hopkinsi","ASV_2562",2.47799320463852,0.018,0.0815982844889207,0.653369295226695,"Coleoptera","Curculionidae","Scolytinae","Pityogenes","Pityogenes hopkinsi","k__Fungi","p__Ascomycota","c__Sordariomycetes","o__Xylariales","f__Diatrypaceae","g__Diatrype","s__stigma","positive"
"Pityogenes hopkinsi","ASV_2943",-2.22254254871071,0.018,0.0815982844889207,0.653369295226695,"Coleoptera","Curculionidae","Scolytinae","Pityogenes","Pityogenes hopkinsi","k__Fungi","p__Ascomycota","c__Dothideomycetes","o__Pleosporales","f__Pleosporaceae","g__Alternaria","s__metachromatica","negative"
"Pityogenes hopkinsi","ASV_3054",-2.57822899264546,0.018,0.0815982844889207,0.653369295226695,"Coleoptera","Curculionidae","Scolytinae","Pityogenes","Pityogenes hopkinsi","k__Fungi","p__Ascomycota","c__Eurotiomycetes","o__Chaetothyriales","f__Strelitzianaceae","g__Strelitziana","s__albiziae","negative"
"Pityogenes hopkinsi","ASV_3380",2.95877698785876,0.018,0.0815982844889207,0.653369295226695,"Coleoptera","Curculionidae","Scolytinae","Pityogenes","Pityogenes hopkinsi","k__Fungi","p__Ascomycota","c__Leotiomycetes","o__Helotiales","f__Sclerotiniaceae",NA,NA,"positive"
"Pityogenes hopkinsi","ASV_4141",2.68897986043628,0.018,0.0815982844889207,0.653369295226695,"Coleoptera","Curculionidae","Scolytinae","Pityogenes","Pityogenes hopkinsi","k__Fungi","p__Ascomycota",NA,NA,NA,NA,NA,"positive"
"Pityogenes hopkinsi","ASV_4617",2.52221108525396,0.018,0.0815982844889207,0.653369295226695,"Coleoptera","Curculionidae","Scolytinae","Pityogenes","Pityogenes hopkinsi","k__Fungi","p__Ascomycota","c__Lecanoromycetes","o__Caliciales",NA,NA,NA,"positive"
"Pityogenes hopkinsi","ASV_4971",-2.23389919067038,0.018,0.0815982844889207,0.653369295226695,"Coleoptera","Curculionidae","Scolytinae","Pityogenes","Pityogenes hopkinsi","k__Fungi","p__Basidiomycota","c__Tremellomycetes","o__Tremellales","f__Trimorphomycetaceae","g__Saitozyma",NA,"negative"
"Pityogenes hopkinsi","ASV_5811",2.51672301597026,0.018,0.0815982844889207,0.653369295226695,"Coleoptera","Curculionidae","Scolytinae","Pityogenes","Pityogenes hopkinsi","k__Fungi","p__Ascomycota","c__Sordariomycetes","o__Xylariales","f__Diatrypaceae","g__Diatrype","s__stigma","positive"
"Pityogenes hopkinsi","ASV_7510",-2.4559581035144,0.018,0.0815982844889207,0.653369295226695,"Coleoptera","Curculionidae","Scolytinae","Pityogenes","Pityogenes hopkinsi","k__Fungi","p__Ascomycota","c__Dothideomycetes","o__Dothideales","f__Dothideales_fam_Incertae_sedis","g__Dothideales_gen_Incertae_sedis",NA,"negative"
"Pityogenes hopkinsi","ASV_7981",-2.08261251496115,0.018,0.0815982844889207,0.653369295226695,"Coleoptera","Curculionidae","Scolytinae","Pityogenes","Pityogenes hopkinsi","k__Fungi","p__Ascomycota","c__Taphrinomycetes","o__Taphrinales","f__Taphrinaceae","g__Taphrina",NA,"negative"
"Pityogenes hopkinsi","ASV_8655",-1.96618415029631,0.018,0.0815982844889207,0.653369295226695,"Coleoptera","Curculionidae","Scolytinae","Pityogenes","Pityogenes hopkinsi","k__Fungi","p__Basidiomycota","c__Tremellomycetes","o__Tremellales","f__Naemateliaceae","g__Dimennazyma","s__cisti-albidi","negative"
"Pityogenes hopkinsi","ASV_10023",2.98866104860581,0.018,0.0815982844889207,0.653369295226695,"Coleoptera","Curculionidae","Scolytinae","Pityogenes","Pityogenes hopkinsi","k__Fungi","p__Ascomycota","c__Orbiliomycetes","o__Orbiliales","f__Orbiliaceae","g__Orbilia","s__obtusispora","positive"
"Pityogenes hopkinsi","ASV_10382",-2.55026243674002,0.018,0.0815982844889207,0.653369295226695,"Coleoptera","Curculionidae","Scolytinae","Pityogenes","Pityogenes hopkinsi","k__Fungi","p__Basidiomycota","c__Agaricomycetes","o__Russulales","f__Lachnocladiaceae","g__Dichostereum","s__pallescens","negative"
"Pityogenes hopkinsi","ASV_10906",2.63813747841931,0.018,0.0815982844889207,0.653369295226695,"Coleoptera","Curculionidae","Scolytinae","Pityogenes","Pityogenes hopkinsi","k__Fungi","p__Ascomycota","c__Sordariomycetes","o__Diaporthales","f__Valsaceae","g__Cytospora",NA,"positive"
"Pityogenes hopkinsi","ASV_12567",-2.66206963403659,0.018,0.0815982844889207,0.653369295226695,"Coleoptera","Curculionidae","Scolytinae","Pityogenes","Pityogenes hopkinsi","k__Fungi","p__Ascomycota",NA,NA,NA,NA,NA,"negative"
"Pityogenes hopkinsi","ASV_13977",3.03990574177719,0.018,0.0815982844889207,0.653369295226695,"Coleoptera","Curculionidae","Scolytinae","Pityogenes","Pityogenes hopkinsi","k__Fungi","p__Ascomycota","c__Lecanoromycetes","o__Lecanorales","f__Catillariaceae","g__Catillaria","s__chalybeia","positive"
"Pityogenes hopkinsi","ASV_14111",-2.23751785852011,0.018,0.0815982844889207,0.653369295226695,"Coleoptera","Curculionidae","Scolytinae","Pityogenes","Pityogenes hopkinsi","k__Fungi",NA,NA,NA,NA,NA,NA,"negative"
"Pityogenes hopkinsi","ASV_14630",-2.37227676658282,0.018,0.0815982844889207,0.653369295226695,"Coleoptera","Curculionidae","Scolytinae","Pityogenes","Pityogenes hopkinsi","k__Fungi","p__Basidiomycota","c__Agaricomycetes","o__Russulales","f__Peniophoraceae","g__Peniophora","s__cinerea","negative"
"Pityogenes hopkinsi","ASV_15992",-2.47156644175455,0.018,0.0815982844889207,0.653369295226695,"Coleoptera","Curculionidae","Scolytinae","Pityogenes","Pityogenes hopkinsi","k__Fungi","p__Basidiomycota","c__Exobasidiomycetes","o__Exobasidiales","f__Exobasidiaceae","g__Exobasidium","s__kishianum","negative"
"Pityogenes hopkinsi","ASV_16087",-2.44556504555782,0.018,0.0815982844889207,0.653369295226695,"Coleoptera","Curculionidae","Scolytinae","Pityogenes","Pityogenes hopkinsi","k__Fungi","p__Basidiomycota","c__Agaricomycetes","o__Auriculariales","f__Exidiaceae","g__Basidiodendron","s__robenae","negative"
"Pityogenes hopkinsi","ASV_17218",-2.38661763297491,0.018,0.0815982844889207,0.653369295226695,"Coleoptera","Curculionidae","Scolytinae","Pityogenes","Pityogenes hopkinsi","k__Fungi","p__Ascomycota","c__Eurotiomycetes","o__Chaetothyriales","f__Herpotrichiellaceae","g__Neocladophialophora","s__quercina","negative"
"Pityogenes hopkinsi","ASV_17935",-2.38220635166063,0.018,0.0815982844889207,0.653369295226695,"Coleoptera","Curculionidae","Scolytinae","Pityogenes","Pityogenes hopkinsi","k__Fungi","p__Ascomycota","c__Dothideomycetes","o__Dothideales","f__Dothioraceae","g__Pringsheimia","s__smilacis","negative"
"Pityogenes hopkinsi","ASV_18183",-2.3475073898805,0.018,0.0815982844889207,0.653369295226695,"Coleoptera","Curculionidae","Scolytinae","Pityogenes","Pityogenes hopkinsi","k__Fungi","p__Ascomycota","c__Eurotiomycetes",NA,NA,NA,NA,"negative"
"Pityogenes hopkinsi","ASV_20302",-2.05854317019403,0.018,0.0815982844889207,0.653369295226695,"Coleoptera","Curculionidae","Scolytinae","Pityogenes","Pityogenes hopkinsi","k__Fungi","p__Ascomycota","c__Sordariomycetes","o__Xylariales","f__Amphisphaeriaceae","g__Monochaetia","s__monochaeta","negative"
"Pityogenes hopkinsi","ASV_21608",-2.46560364336966,0.018,0.0815982844889207,0.653369295226695,"Coleoptera","Curculionidae","Scolytinae","Pityogenes","Pityogenes hopkinsi","k__Fungi","p__Basidiomycota","c__Tremellomycetes","o__Tremellales","f__Sirobasidiaceae",NA,NA,"negative"
"Pityogenes hopkinsi","ASV_22182",-2.75567408474553,0.018,0.0815982844889207,0.653369295226695,"Coleoptera","Curculionidae","Scolytinae","Pityogenes","Pityogenes hopkinsi","k__Fungi","p__Ascomycota","c__Sordariomycetes","o__Glomerellales","f__Plectosphaerellaceae","g__Nigrocephalum","s__collariferum","negative"
"Pityogenes hopkinsi","ASV_23291",-2.24021505640063,0.018,0.0815982844889207,0.653369295226695,"Coleoptera","Curculionidae","Scolytinae","Pityogenes","Pityogenes hopkinsi","k__Fungi","p__Ascomycota","c__Lecanoromycetes","o__Caliciales","f__Physciaceae","g__Physcia","s__aipolia","negative"
"Pityogenes hopkinsi","ASV_27962",-2.93030556956729,0.018,0.0815982844889207,0.653369295226695,"Coleoptera","Curculionidae","Scolytinae","Pityogenes","Pityogenes hopkinsi","k__Fungi","p__Ascomycota","c__Dothideomycetes","o__Myriangiales",NA,NA,NA,"negative"
"Orthoperus scutellaris","ASV_162",4.11913660527875,0.002,0.0818322580645161,0.422156188818795,"Coleoptera","Corylophidae","Corylophinae","Orthoperus","Orthoperus scutellaris","k__Fungi","p__Basidiomycota","c__Tremellomycetes","o__Tremellales","f__Bulleribasidiaceae","g__Vishniacozyma","s__victoriae","positive"
"Orthoperus scutellaris","ASV_171",3.24501209793283,0.002,0.0818322580645161,0.422156188818795,"Coleoptera","Corylophidae","Corylophinae","Orthoperus","Orthoperus scutellaris","k__Fungi","p__Ascomycota","c__Dothideomycetes","o__Dothideales","f__Saccotheciaceae","g__Aureobasidium","s__pullulans","positive"
"Orthoperus scutellaris","ASV_249",-3.83959348855628,0.002,0.0818322580645161,0.422156188818795,"Coleoptera","Corylophidae","Corylophinae","Orthoperus","Orthoperus scutellaris","k__Fungi","p__Ascomycota","c__Sordariomycetes","o__Diaporthales","f__Valsaceae","g__Cytospora",NA,"negative"
"Orthoperus scutellaris","ASV_318",-3.63182989845961,0.002,0.0818322580645161,0.422156188818795,"Coleoptera","Corylophidae","Corylophinae","Orthoperus","Orthoperus scutellaris","k__Fungi","p__Ascomycota","c__Lecanoromycetes","o__Lecanorales",NA,NA,NA,"negative"
"Orthoperus scutellaris","ASV_335",-3.44987243657371,0.002,0.0818322580645161,0.422156188818795,"Coleoptera","Corylophidae","Corylophinae","Orthoperus","Orthoperus scutellaris","k__Fungi","p__Ascomycota","c__Sordariomycetes","o__Diaporthales","f__Valsaceae","g__Cytospora",NA,"negative"
"Orthoperus scutellaris","ASV_425",3.45733912322425,0.002,0.0818322580645161,0.422156188818795,"Coleoptera","Corylophidae","Corylophinae","Orthoperus","Orthoperus scutellaris","k__Fungi","p__Ascomycota","c__Dothideomycetes","o__Dothideales","f__Saccotheciaceae","g__Aureobasidium","s__pullulans","positive"
"Orthoperus scutellaris","ASV_446",-3.31116464377577,0.002,0.0818322580645161,0.422156188818795,"Coleoptera","Corylophidae","Corylophinae","Orthoperus","Orthoperus scutellaris","k__Fungi","p__Ascomycota","c__Dothideomycetes","o__Capnodiales",NA,NA,NA,"negative"
"Orthoperus scutellaris","ASV_493",3.29572681962368,0.002,0.0818322580645161,0.422156188818795,"Coleoptera","Corylophidae","Corylophinae","Orthoperus","Orthoperus scutellaris","k__Fungi","p__Basidiomycota","c__Tremellomycetes","o__Tremellales","f__Cryptococcaceae","g__Kwoniella","s__pini","positive"
"Orthoperus scutellaris","ASV_575",-2.91592797979883,0.002,0.0818322580645161,0.422156188818795,"Coleoptera","Corylophidae","Corylophinae","Orthoperus","Orthoperus scutellaris","k__Fungi","p__Ascomycota","c__Dothideomycetes","o__Pleosporales",NA,NA,NA,"negative"
"Orthoperus scutellaris","ASV_592",-3.0977212034975,0.002,0.0818322580645161,0.422156188818795,"Coleoptera","Corylophidae","Corylophinae","Orthoperus","Orthoperus scutellaris","k__Fungi","p__Ascomycota","c__Eurotiomycetes","o__Chaetothyriales","f__Herpotrichiellaceae","g__Capronia","s__acutiseta","negative"
"Orthoperus scutellaris","ASV_605",-3.40997218994507,0.002,0.0818322580645161,0.422156188818795,"Coleoptera","Corylophidae","Corylophinae","Orthoperus","Orthoperus scutellaris","k__Fungi","p__Basidiomycota","c__Agaricomycetes",NA,NA,NA,NA,"negative"
"Orthoperus scutellaris","ASV_607",-3.64940653119671,0.002,0.0818322580645161,0.422156188818795,"Coleoptera","Corylophidae","Corylophinae","Orthoperus","Orthoperus scutellaris","k__Fungi","p__Ascomycota","c__Dothideomycetes","o__Pleosporales","f__Phaeosphaeriaceae","g__Septoriella","s__tridentina","negative"
"Orthoperus scutellaris","ASV_709",3.200492613262,0.002,0.0818322580645161,0.422156188818795,"Coleoptera","Corylophidae","Corylophinae","Orthoperus","Orthoperus scutellaris","k__Fungi","p__Ascomycota","c__Dothideomycetes","o__Dothideales","f__Dothideaceae","g__Rhizosphaera",NA,"positive"
"Orthoperus scutellaris","ASV_731",-3.3365718923607,0.002,0.0818322580645161,0.422156188818795,"Coleoptera","Corylophidae","Corylophinae","Orthoperus","Orthoperus scutellaris","k__Fungi","p__Ascomycota","c__Lecanoromycetes","o__Lecanorales","f__Lecanoraceae",NA,NA,"negative"
"Orthoperus scutellaris","ASV_745",-3.66325646917626,0.002,0.0818322580645161,0.422156188818795,"Coleoptera","Corylophidae","Corylophinae","Orthoperus","Orthoperus scutellaris","k__Fungi","p__Ascomycota","c__Sordariomycetes","o__Calosphaeriales","f__Calosphaeriaceae","g__Jattaea","s__taediosa","negative"
"Orthoperus scutellaris","ASV_834",-2.68064757039975,0.002,0.0818322580645161,0.422156188818795,"Coleoptera","Corylophidae","Corylophinae","Orthoperus","Orthoperus scutellaris","k__Fungi","p__Ascomycota","c__Leotiomycetes","o__Helotiales","f__Tympanidaceae","g__Tympanis",NA,"negative"
"Orthoperus scutellaris","ASV_928",-2.87716242884234,0.002,0.0818322580645161,0.422156188818795,"Coleoptera","Corylophidae","Corylophinae","Orthoperus","Orthoperus scutellaris","k__Fungi","p__Ascomycota",NA,NA,NA,NA,NA,"negative"
"Orthoperus scutellaris","ASV_1086",-3.25826067067833,0.002,0.0818322580645161,0.422156188818795,"Coleoptera","Corylophidae","Corylophinae","Orthoperus","Orthoperus scutellaris","k__Fungi","p__Ascomycota","c__Dothideomycetes","o__Capnodiales","f__Neodevriesiaceae","g__Tripospermum","s__infalcatum","negative"
"Orthoperus scutellaris","ASV_1282",-3.06792142000433,0.002,0.0818322580645161,0.422156188818795,"Coleoptera","Corylophidae","Corylophinae","Orthoperus","Orthoperus scutellaris","k__Fungi","p__Ascomycota","c__Sordariomycetes","o__Togniniales","f__Togniniaceae","g__Phaeoacremonium","s__hungaricum","negative"
"Orthoperus scutellaris","ASV_1319",-2.77846776189377,0.002,0.0818322580645161,0.422156188818795,"Coleoptera","Corylophidae","Corylophinae","Orthoperus","Orthoperus scutellaris","k__Fungi","p__Ascomycota","c__Eurotiomycetes","o__Phaeomoniellales","f__Phaeomoniellaceae","g__Phaeomoniella",NA,"negative"
"Orthoperus scutellaris","ASV_1342",-4.48999389109814,0.002,0.0818322580645161,0.422156188818795,"Coleoptera","Corylophidae","Corylophinae","Orthoperus","Orthoperus scutellaris","k__Fungi","p__Ascomycota","c__Lecanoromycetes","o__Lecanorales",NA,NA,NA,"negative"
"Orthoperus scutellaris","ASV_1347",-4.77187073378571,0.002,0.0818322580645161,0.422156188818795,"Coleoptera","Corylophidae","Corylophinae","Orthoperus","Orthoperus scutellaris","k__Fungi","p__Ascomycota",NA,NA,NA,NA,NA,"negative"
"Orthoperus scutellaris","ASV_1526",3.27481830152245,0.002,0.0818322580645161,0.422156188818795,"Coleoptera","Corylophidae","Corylophinae","Orthoperus","Orthoperus scutellaris","k__Fungi","p__Ascomycota","c__Dothideomycetes","o__Mycosphaerellales","f__Mycosphaerellaceae","g__Ramularia",NA,"positive"
"Orthoperus scutellaris","ASV_2000",3.13918809398661,0.002,0.0818322580645161,0.422156188818795,"Coleoptera","Corylophidae","Corylophinae","Orthoperus","Orthoperus scutellaris","k__Fungi","p__Ascomycota","c__Dothideomycetes","o__Mycosphaerellales","f__Mycosphaerellaceae",NA,NA,"positive"
"Orthoperus scutellaris","ASV_2115",-2.89740864734615,0.002,0.0818322580645161,0.422156188818795,"Coleoptera","Corylophidae","Corylophinae","Orthoperus","Orthoperus scutellaris","k__Fungi","p__Ascomycota","c__Leotiomycetes","o__Helotiales","f__Tympanidaceae","g__Tympanis",NA,"negative"
"Orthoperus scutellaris","ASV_2168",-4.0309551298917,0.002,0.0818322580645161,0.422156188818795,"Coleoptera","Corylophidae","Corylophinae","Orthoperus","Orthoperus scutellaris","k__Fungi","p__Ascomycota","c__Lecanoromycetes","o__Umbilicariales","f__Ropalosporaceae","g__Ropalospora","s__viridis","negative"
"Orthoperus scutellaris","ASV_2214",3.16869474681195,0.002,0.0818322580645161,0.422156188818795,"Coleoptera","Corylophidae","Corylophinae","Orthoperus","Orthoperus scutellaris","k__Fungi","p__Ascomycota","c__Leotiomycetes","o__Helotiales",NA,NA,NA,"positive"
"Orthoperus scutellaris","ASV_2225",2.88047585342752,0.002,0.0818322580645161,0.422156188818795,"Coleoptera","Corylophidae","Corylophinae","Orthoperus","Orthoperus scutellaris","k__Fungi","p__Ascomycota","c__Dothideomycetes","o__Dothideales",NA,NA,NA,"positive"
"Orthoperus scutellaris","ASV_2478",2.68982159109424,0.002,0.0818322580645161,0.422156188818795,"Coleoptera","Corylophidae","Corylophinae","Orthoperus","Orthoperus scutellaris","k__Fungi","p__Basidiomycota","c__Tremellomycetes","o__Tremellales","f__Tremellaceae","g__Bulleromyces",NA,"positive"
"Orthoperus scutellaris","ASV_2967",3.22821906475944,0.002,0.0818322580645161,0.422156188818795,"Coleoptera","Corylophidae","Corylophinae","Orthoperus","Orthoperus scutellaris","k__Fungi","p__Ascomycota","c__Dothideomycetes","o__Capnodiales","f__Cladosporiaceae","g__Cladosporium","s__domesticum","positive"
"Orthoperus scutellaris","ASV_3092",4.98247861085695,0.002,0.0818322580645161,0.422156188818795,"Coleoptera","Corylophidae","Corylophinae","Orthoperus","Orthoperus scutellaris","k__Fungi","p__Basidiomycota","c__Tremellomycetes","o__Cystofilobasidiales","f__Cystofilobasidiaceae","g__Cystofilobasidium",NA,"positive"
"Orthoperus scutellaris","ASV_3596",-4.25202620718616,0.002,0.0818322580645161,0.422156188818795,"Coleoptera","Corylophidae","Corylophinae","Orthoperus","Orthoperus scutellaris","k__Fungi","p__Ascomycota","c__Leotiomycetes","o__Helotiales","f__Hyaloscyphaceae","g__Haplographium",NA,"negative"
"Orthoperus scutellaris","ASV_3655",3.11476999467487,0.002,0.0818322580645161,0.422156188818795,"Coleoptera","Corylophidae","Corylophinae","Orthoperus","Orthoperus scutellaris","k__Fungi","p__Ascomycota","c__Dothideomycetes","o__Dothideales","f__Dothideaceae",NA,NA,"positive"
"Orthoperus scutellaris","ASV_4065",2.00914356260398,0.002,0.0818322580645161,0.422156188818795,"Coleoptera","Corylophidae","Corylophinae","Orthoperus","Orthoperus scutellaris","k__Fungi","p__Basidiomycota","c__Agaricomycetes","o__Agaricales","f__Pleurotaceae","g__Pleurotus","s__populinus","positive"
"Orthoperus scutellaris","ASV_4211",4.23661779729058,0.002,0.0818322580645161,0.422156188818795,"Coleoptera","Corylophidae","Corylophinae","Orthoperus","Orthoperus scutellaris","k__Fungi","p__Ascomycota","c__Dothideomycetes","o__Mycosphaerellales","f__Mycosphaerellaceae",NA,NA,"positive"
"Orthoperus scutellaris","ASV_4645",3.38674261098585,0.002,0.0818322580645161,0.422156188818795,"Coleoptera","Corylophidae","Corylophinae","Orthoperus","Orthoperus scutellaris","k__Fungi","p__Basidiomycota","c__Tremellomycetes","o__Tremellales","f__Bulleraceae","g__Fonsecazyma",NA,"positive"
"Orthoperus scutellaris","ASV_5753",3.21204889116086,0.002,0.0818322580645161,0.422156188818795,"Coleoptera","Corylophidae","Corylophinae","Orthoperus","Orthoperus scutellaris","k__Fungi","p__Ascomycota","c__Dothideomycetes","o__Dothideales","f__Dothioraceae","g__Dothiora",NA,"positive"
"Orthoperus scutellaris","ASV_5930",2.60558977283766,0.002,0.0818322580645161,0.422156188818795,"Coleoptera","Corylophidae","Corylophinae","Orthoperus","Orthoperus scutellaris","k__Fungi","p__Ascomycota","c__Dothideomycetes","o__Dothideales","f__Dothioraceae","g__Neodothiora","s__populina","positive"
"Orthoperus scutellaris","ASV_6143",2.20823523535307,0.002,0.0818322580645161,0.422156188818795,"Coleoptera","Corylophidae","Corylophinae","Orthoperus","Orthoperus scutellaris","k__Fungi","p__Basidiomycota","c__Exobasidiomycetes","o__Microstromatales","f__Microstromatales_fam_Incertae_sedis","g__Pseudomicrostroma","s__phylloplanum","positive"
"Orthoperus scutellaris","ASV_6747",3.48274423644242,0.002,0.0818322580645161,0.422156188818795,"Coleoptera","Corylophidae","Corylophinae","Orthoperus","Orthoperus scutellaris","k__Fungi","p__Basidiomycota","c__Tremellomycetes","o__Tremellales","f__Bulleraceae","g__Fonsecazyma",NA,"positive"
"Orthoperus scutellaris","ASV_7558",3.3466395233521,0.002,0.0818322580645161,0.422156188818795,"Coleoptera","Corylophidae","Corylophinae","Orthoperus","Orthoperus scutellaris","k__Fungi",NA,NA,NA,NA,NA,NA,"positive"
"Orthoperus scutellaris","ASV_7979",-3.10513522149422,0.002,0.0818322580645161,0.422156188818795,"Coleoptera","Corylophidae","Corylophinae","Orthoperus","Orthoperus scutellaris","k__Fungi","p__Ascomycota",NA,NA,NA,NA,NA,"negative"
"Orthoperus scutellaris","ASV_8173",3.25569601127591,0.002,0.0818322580645161,0.422156188818795,"Coleoptera","Corylophidae","Corylophinae","Orthoperus","Orthoperus scutellaris","k__Fungi","p__Basidiomycota","c__Agaricomycetes","o__Hymenochaetales","f__Rickenellaceae","g__Peniophorella","s__pubera","positive"
"Orthoperus scutellaris","ASV_10224",3.99062522945549,0.002,0.0818322580645161,0.422156188818795,"Coleoptera","Corylophidae","Corylophinae","Orthoperus","Orthoperus scutellaris","k__Fungi","p__Basidiomycota","c__Tremellomycetes","o__Tremellales","f__Tremellaceae","g__Bulleromyces",NA,"positive"
"Orthoperus scutellaris","ASV_13272",3.76253808242541,0.002,0.0818322580645161,0.422156188818795,"Coleoptera","Corylophidae","Corylophinae","Orthoperus","Orthoperus scutellaris","k__Fungi","p__Ascomycota","c__Leotiomycetes","o__Helotiales",NA,NA,NA,"positive"
"Orthoperus scutellaris","ASV_13779",3.07927380109618,0.002,0.0818322580645161,0.422156188818795,"Coleoptera","Corylophidae","Corylophinae","Orthoperus","Orthoperus scutellaris","k__Fungi","p__Basidiomycota","c__Tremellomycetes",NA,NA,NA,NA,"positive"
"Orthoperus scutellaris","ASV_15312",2.90940190293559,0.002,0.0818322580645161,0.422156188818795,"Coleoptera","Corylophidae","Corylophinae","Orthoperus","Orthoperus scutellaris","k__Fungi","p__Ascomycota","c__Leotiomycetes","o__Helotiales","f__Helotiales_fam_Incertae_sedis","g__Cryptocline","s__arctostaphyli","positive"
"Orthoperus scutellaris","ASV_16147",3.87764721363273,0.002,0.0818322580645161,0.422156188818795,"Coleoptera","Corylophidae","Corylophinae","Orthoperus","Orthoperus scutellaris","k__Fungi","p__Basidiomycota","c__Agaricomycetes","o__Polyporales","f__Meripilaceae","g__Meripilaceae_gen_Incertae_sedis",NA,"positive"
"Orthoperus scutellaris","ASV_16236",2.61524380700956,0.002,0.0818322580645161,0.422156188818795,"Coleoptera","Corylophidae","Corylophinae","Orthoperus","Orthoperus scutellaris","k__Fungi","p__Basidiomycota","c__Agaricomycetes","o__Hymenochaetales","f__Rickenellaceae","g__Peniophorella","s__pubera","positive"
"Orthoperus scutellaris","ASV_18839",4.4692605484549,0.002,0.0818322580645161,0.422156188818795,"Coleoptera","Corylophidae","Corylophinae","Orthoperus","Orthoperus scutellaris","k__Fungi","p__Ascomycota","c__Dothideomycetes","o__Dothideales","f__Dothideales_fam_Incertae_sedis","g__Dothideales_gen_Incertae_sedis",NA,"positive"
"Orthoperus scutellaris","ASV_19790",4.37140797447516,0.002,0.0818322580645161,0.422156188818795,"Coleoptera","Corylophidae","Corylophinae","Orthoperus","Orthoperus scutellaris","k__Fungi","p__Ascomycota","c__Dothideomycetes","o__Dothideales","f__Dothideaceae","g__Rhizosphaera",NA,"positive"
"Orthoperus scutellaris","ASV_22325",2.75285324554729,0.002,0.0818322580645161,0.422156188818795,"Coleoptera","Corylophidae","Corylophinae","Orthoperus","Orthoperus scutellaris","k__Fungi","p__Ascomycota","c__Dothideomycetes","o__Dothideales",NA,NA,NA,"positive"
"Orthoperus scutellaris","ASV_22717",3.17894961278847,0.002,0.0818322580645161,0.422156188818795,"Coleoptera","Corylophidae","Corylophinae","Orthoperus","Orthoperus scutellaris","k__Fungi","p__Ascomycota","c__Dothideomycetes","o__Dothideales",NA,NA,NA,"positive"
"Asemum striatum","ASV_7",3.40035908823733,0.003,0.0820086206896552,0.46206,"Coleoptera","Cerambycidae","Spondylidinae","Asemum","Asemum striatum","k__Fungi","p__Ascomycota","c__Dothideomycetes","o__Dothideales","f__Dothioraceae","g__Dothiora",NA,"positive"
"Asemum striatum","ASV_71",-2.81235907270385,0.003,0.0820086206896552,0.46206,"Coleoptera","Cerambycidae","Spondylidinae","Asemum","Asemum striatum","k__Fungi","p__Ascomycota","c__Dothideomycetes","o__Pleosporales","f__Didymellaceae",NA,NA,"negative"
"Asemum striatum","ASV_77",2.71457516655553,0.003,0.0820086206896552,0.46206,"Coleoptera","Cerambycidae","Spondylidinae","Asemum","Asemum striatum","k__Fungi","p__Basidiomycota","c__Tremellomycetes","o__Tremellales","f__Bulleribasidiaceae","g__Vishniacozyma",NA,"positive"
"Asemum striatum","ASV_139",2.85451257363109,0.003,0.0820086206896552,0.46206,"Coleoptera","Cerambycidae","Spondylidinae","Asemum","Asemum striatum","k__Fungi","p__Basidiomycota","c__Tremellomycetes","o__Tremellales","f__Cryptococcaceae","g__Kwoniella","s__pini","positive"
"Asemum striatum","ASV_160",3.05488330077708,0.003,0.0820086206896552,0.46206,"Coleoptera","Cerambycidae","Spondylidinae","Asemum","Asemum striatum","k__Fungi","p__Ascomycota","c__Taphrinomycetes","o__Taphrinales","f__Taphrinaceae","g__Taphrina","s__sacchari","positive"
"Asemum striatum","ASV_192",-3.02651348242539,0.003,0.0820086206896552,0.46206,"Coleoptera","Cerambycidae","Spondylidinae","Asemum","Asemum striatum","k__Fungi","p__Ascomycota","c__Sordariomycetes","o__Diaporthales","f__Valsaceae","g__Cytospora",NA,"negative"
"Asemum striatum","ASV_215",2.75548579022214,0.003,0.0820086206896552,0.46206,"Coleoptera","Cerambycidae","Spondylidinae","Asemum","Asemum striatum","k__Fungi","p__Ascomycota","c__Taphrinomycetes","o__Taphrinales","f__Taphrinaceae","g__Taphrina",NA,"positive"
"Asemum striatum","ASV_476",3.15384114851764,0.003,0.0820086206896552,0.46206,"Coleoptera","Cerambycidae","Spondylidinae","Asemum","Asemum striatum","k__Fungi","p__Basidiomycota","c__Tremellomycetes","o__Tremellales","f__Rhynchogastremataceae","g__Papiliotrema","s__fonsecae","positive"
"Asemum striatum","ASV_799",2.3281484337326,0.003,0.0820086206896552,0.46206,"Coleoptera","Cerambycidae","Spondylidinae","Asemum","Asemum striatum","k__Fungi","p__Basidiomycota","c__Tremellomycetes","o__Tremellales","f__Rhynchogastremataceae","g__Papiliotrema","s__frias","positive"
"Asemum striatum","ASV_866",2.68444055148151,0.003,0.0820086206896552,0.46206,"Coleoptera","Cerambycidae","Spondylidinae","Asemum","Asemum striatum","k__Fungi","p__Ascomycota","c__Dothideomycetes","o__Dothideales","f__Saccotheciaceae","g__Aureobasidium","s__pullulans","positive"
"Asemum striatum","ASV_975",-2.96026350388704,0.003,0.0820086206896552,0.46206,"Coleoptera","Cerambycidae","Spondylidinae","Asemum","Asemum striatum","k__Fungi","p__Ascomycota",NA,NA,NA,NA,NA,"negative"
"Asemum striatum","ASV_982",-2.77809350498737,0.003,0.0820086206896552,0.46206,"Coleoptera","Cerambycidae","Spondylidinae","Asemum","Asemum striatum","k__Fungi","p__Ascomycota","c__Sordariomycetes","o__Hypocreales","f__Nectriaceae",NA,NA,"negative"
"Asemum striatum","ASV_1072",2.50909671713786,0.003,0.0820086206896552,0.46206,"Coleoptera","Cerambycidae","Spondylidinae","Asemum","Asemum striatum","k__Fungi","p__Ascomycota","c__Taphrinomycetes","o__Taphrinales","f__Taphrinaceae","g__Taphrina","s__letifera","positive"
"Asemum striatum","ASV_1140",2.21157195155568,0.003,0.0820086206896552,0.46206,"Coleoptera","Cerambycidae","Spondylidinae","Asemum","Asemum striatum","k__Fungi","p__Ascomycota","c__Dothideomycetes","o__Mycosphaerellales","f__Mycosphaerellaceae","g__Sphaerulina","s__pelargonii","positive"
"Asemum striatum","ASV_1634",2.62355125916947,0.003,0.0820086206896552,0.46206,"Coleoptera","Cerambycidae","Spondylidinae","Asemum","Asemum striatum","k__Fungi","p__Ascomycota",NA,NA,NA,NA,NA,"positive"
"Asemum striatum","ASV_1817",-4.20746873227711,0.003,0.0820086206896552,0.46206,"Coleoptera","Cerambycidae","Spondylidinae","Asemum","Asemum striatum","k__Fungi","p__Ascomycota","c__Saccharomycetes","o__Saccharomycetales","f__Debaryomycetaceae","g__Yamadazyma","s__mexicana","negative"
"Asemum striatum","ASV_1876",3.0683881412155,0.003,0.0820086206896552,0.46206,"Coleoptera","Cerambycidae","Spondylidinae","Asemum","Asemum striatum","k__Fungi","p__Basidiomycota","c__Tremellomycetes","o__Filobasidiales","f__Filobasidiaceae","g__Naganishia","s__albida","positive"
"Asemum striatum","ASV_2442",3.68398160939785,0.003,0.0820086206896552,0.46206,"Coleoptera","Cerambycidae","Spondylidinae","Asemum","Asemum striatum","k__Fungi","p__Ascomycota","c__Dothideomycetes","o__Pleosporales","f__Didymosphaeriaceae","g__Paraconiothyrium",NA,"positive"
"Asemum striatum","ASV_3471",2.38131540550808,0.003,0.0820086206896552,0.46206,"Coleoptera","Cerambycidae","Spondylidinae","Asemum","Asemum striatum","k__Fungi","p__Basidiomycota","c__Tremellomycetes",NA,NA,NA,NA,"positive"
"Asemum striatum","ASV_3715",4.5144026863075,0.003,0.0820086206896552,0.46206,"Coleoptera","Cerambycidae","Spondylidinae","Asemum","Asemum striatum","k__Fungi","p__Ascomycota","c__Leotiomycetes","o__Rhytismatales","f__Rhytismataceae","g__Coccomyces","s__triangularis","positive"
"Asemum striatum","ASV_3800",3.23363505254438,0.003,0.0820086206896552,0.46206,"Coleoptera","Cerambycidae","Spondylidinae","Asemum","Asemum striatum","k__Fungi","p__Ascomycota","c__Dothideomycetes","o__Dothideales","f__Saccotheciaceae","g__Aureobasidium","s__pullulans","positive"
"Asemum striatum","ASV_4141",-2.36163431483752,0.003,0.0820086206896552,0.46206,"Coleoptera","Cerambycidae","Spondylidinae","Asemum","Asemum striatum","k__Fungi","p__Ascomycota",NA,NA,NA,NA,NA,"negative"
"Asemum striatum","ASV_4233",2.99793801370736,0.003,0.0820086206896552,0.46206,"Coleoptera","Cerambycidae","Spondylidinae","Asemum","Asemum striatum","k__Fungi","p__Ascomycota","c__Dothideomycetes","o__Dothideales","f__Dothioraceae","g__Dothiora",NA,"positive"
"Asemum striatum","ASV_4473",3.15511595174837,0.003,0.0820086206896552,0.46206,"Coleoptera","Cerambycidae","Spondylidinae","Asemum","Asemum striatum","k__Fungi","p__Ascomycota","c__Leotiomycetes","o__Helotiales","f__Vibrisseaceae","g__Vibrissea","s__flavovirens","positive"
"Asemum striatum","ASV_4645",2.70615181189119,0.003,0.0820086206896552,0.46206,"Coleoptera","Cerambycidae","Spondylidinae","Asemum","Asemum striatum","k__Fungi","p__Basidiomycota","c__Tremellomycetes","o__Tremellales","f__Bulleraceae","g__Fonsecazyma",NA,"positive"
"Asemum striatum","ASV_4925",2.8455969673399,0.003,0.0820086206896552,0.46206,"Coleoptera","Cerambycidae","Spondylidinae","Asemum","Asemum striatum","k__Fungi","p__Ascomycota","c__Dothideomycetes","o__Dothideales","f__Dothioraceae","g__Dothiora",NA,"positive"
"Asemum striatum","ASV_6669",2.15615594126199,0.003,0.0820086206896552,0.46206,"Coleoptera","Cerambycidae","Spondylidinae","Asemum","Asemum striatum","k__Fungi","p__Ascomycota","c__Sordariomycetes","o__Diaporthales","f__Gnomoniaceae","g__Plagiostoma",NA,"positive"
"Asemum striatum","ASV_8456",2.85043883021515,0.003,0.0820086206896552,0.46206,"Coleoptera","Cerambycidae","Spondylidinae","Asemum","Asemum striatum","k__Fungi","p__Basidiomycota","c__Agaricomycetes","o__Russulales","f__Peniophoraceae","g__Peniophora","s__cinerea","positive"
"Asemum striatum","ASV_9208",3.59494268929338,0.003,0.0820086206896552,0.46206,"Coleoptera","Cerambycidae","Spondylidinae","Asemum","Asemum striatum","k__Fungi","p__Ascomycota","c__Leotiomycetes","o__Rhytismatales","f__Rhytismataceae","g__Coccomyces","s__triangularis","positive"
"Asemum striatum","ASV_9563",3.02819605973949,0.003,0.0820086206896552,0.46206,"Coleoptera","Cerambycidae","Spondylidinae","Asemum","Asemum striatum","k__Fungi","p__Ascomycota",NA,NA,NA,NA,NA,"positive"
"Asemum striatum","ASV_10628",2.67080529370393,0.003,0.0820086206896552,0.46206,"Coleoptera","Cerambycidae","Spondylidinae","Asemum","Asemum striatum","k__Fungi","p__Basidiomycota","c__Tremellomycetes","o__Tremellales","f__Bulleraceae","g__Fonsecazyma",NA,"positive"
"Asemum striatum","ASV_11423",2.25722361840265,0.003,0.0820086206896552,0.46206,"Coleoptera","Cerambycidae","Spondylidinae","Asemum","Asemum striatum","k__Fungi","p__Ascomycota","c__Dothideomycetes","o__Dothideales","f__Dothioraceae","g__Dothiora",NA,"positive"
"Hylastes opacus","ASV_193",3.77237976595359,0.001,0.0834473684210526,0.371345579793341,"Coleoptera","Curculionidae","Scolytinae","Hylastes","Hylastes opacus","k__Fungi","p__Ascomycota","c__Dothideomycetes","o__Mycosphaerellales","f__Mycosphaerellaceae","g__Mycocentrospora",NA,"positive"
"Hylastes opacus","ASV_194",3.28611093187187,0.001,0.0834473684210526,0.371345579793341,"Coleoptera","Curculionidae","Scolytinae","Hylastes","Hylastes opacus","k__Fungi","p__Ascomycota","c__Sordariomycetes","o__Xylariales","f__Amphisphaeriaceae","g__Monochaetia","s__monochaeta","positive"
"Hylastes opacus","ASV_213",4.02285375235605,0.001,0.0834473684210526,0.371345579793341,"Coleoptera","Curculionidae","Scolytinae","Hylastes","Hylastes opacus","k__Fungi","p__Ascomycota","c__Eurotiomycetes","o__Coryneliales","f__Coryneliaceae","g__Caliciopsis",NA,"positive"
"Hylastes opacus","ASV_248",-2.04779003670718,0.001,0.0834473684210526,0.371345579793341,"Coleoptera","Curculionidae","Scolytinae","Hylastes","Hylastes opacus","k__Fungi","p__Ascomycota","c__Saccharomycetes","o__Saccharomycetales","f__Phaffomycetaceae","g__Cyberlindnera","s__maritima","negative"
"Hylastes opacus","ASV_319",-2.22876798180359,0.001,0.0834473684210526,0.371345579793341,"Coleoptera","Curculionidae","Scolytinae","Hylastes","Hylastes opacus","k__Fungi","p__Ascomycota","c__Dothideomycetes","o__Pleosporales","f__Cucurbitariaceae",NA,NA,"negative"
"Hylastes opacus","ASV_589",3.31811641191623,0.001,0.0834473684210526,0.371345579793341,"Coleoptera","Curculionidae","Scolytinae","Hylastes","Hylastes opacus","k__Fungi","p__Ascomycota","c__Sordariomycetes","o__Xylariales","f__Diatrypaceae","g__Diatrype","s__stigma","positive"
"Hylastes opacus","ASV_599",-3.05099893303318,0.001,0.0834473684210526,0.371345579793341,"Coleoptera","Curculionidae","Scolytinae","Hylastes","Hylastes opacus","k__Fungi","p__Ascomycota","c__Dothideomycetes","o__Dothideales","f__Dothideaceae","g__Rhizosphaera",NA,"negative"
"Hylastes opacus","ASV_742",4.94009981708173,0.001,0.0834473684210526,0.371345579793341,"Coleoptera","Curculionidae","Scolytinae","Hylastes","Hylastes opacus","k__Fungi","p__Ascomycota","c__Saccharomycetes","o__Saccharomycetales","f__Pichiaceae","g__Nakazawaea","s__ishiwadae","positive"
"Hylastes opacus","ASV_804",3.45139795031721,0.001,0.0834473684210526,0.371345579793341,"Coleoptera","Curculionidae","Scolytinae","Hylastes","Hylastes opacus","k__Fungi",NA,NA,NA,NA,NA,NA,"positive"
"Hylastes opacus","ASV_886",-2.14073948205628,0.001,0.0834473684210526,0.371345579793341,"Coleoptera","Curculionidae","Scolytinae","Hylastes","Hylastes opacus","k__Fungi","p__Ascomycota","c__Lecanoromycetes","o__Lecanorales",NA,NA,NA,"negative"
"Hylastes opacus","ASV_930",-2.44969128106545,0.001,0.0834473684210526,0.371345579793341,"Coleoptera","Curculionidae","Scolytinae","Hylastes","Hylastes opacus","k__Fungi","p__Basidiomycota","c__Microbotryomycetes","o__Sporidiobolales","f__Sporidiobolaceae","g__Sporobolomyces","s__cellobiolyticus","negative"
"Hylastes opacus","ASV_959",3.41191250654613,0.001,0.0834473684210526,0.371345579793341,"Coleoptera","Curculionidae","Scolytinae","Hylastes","Hylastes opacus","k__Fungi","p__Ascomycota","c__Sordariomycetes","o__Sordariomycetes_ord_Incertae_sedis","f__Thyridiaceae","g__Thyridium",NA,"positive"
"Hylastes opacus","ASV_1026",3.22478772474121,0.001,0.0834473684210526,0.371345579793341,"Coleoptera","Curculionidae","Scolytinae","Hylastes","Hylastes opacus","k__Fungi","p__Ascomycota","c__Sordariomycetes","o__Diaporthales","f__Valsaceae","g__Cytospora",NA,"positive"
"Hylastes opacus","ASV_1129",-2.82401071641802,0.001,0.0834473684210526,0.371345579793341,"Coleoptera","Curculionidae","Scolytinae","Hylastes","Hylastes opacus","k__Fungi","p__Basidiomycota","c__Microbotryomycetes",NA,NA,NA,NA,"negative"
"Hylastes opacus","ASV_1171",3.54999694038886,0.001,0.0834473684210526,0.371345579793341,"Coleoptera","Curculionidae","Scolytinae","Hylastes","Hylastes opacus","k__Fungi","p__Ascomycota","c__Dothideomycetes","o__Pleosporales","f__Fenestellaceae","g__Fenestella",NA,"positive"
"Hylastes opacus","ASV_1196",-2.73025509850123,0.001,0.0834473684210526,0.371345579793341,"Coleoptera","Curculionidae","Scolytinae","Hylastes","Hylastes opacus","k__Fungi","p__Ascomycota","c__Dothideomycetes","o__Mycosphaerellales",NA,NA,NA,"negative"
"Hylastes opacus","ASV_1398",-3.2442863894472,0.001,0.0834473684210526,0.371345579793341,"Coleoptera","Curculionidae","Scolytinae","Hylastes","Hylastes opacus","k__Fungi","p__Ascomycota",NA,NA,NA,NA,NA,"negative"
"Hylastes opacus","ASV_1436",3.92169643890225,0.001,0.0834473684210526,0.371345579793341,"Coleoptera","Curculionidae","Scolytinae","Hylastes","Hylastes opacus","k__Fungi","p__Ascomycota","c__Dothideomycetes","o__Pleosporales","f__Didymosphaeriaceae","g__Paracamarosporium",NA,"positive"
"Hylastes opacus","ASV_1750",4.69246924598412,0.001,0.0834473684210526,0.371345579793341,"Coleoptera","Curculionidae","Scolytinae","Hylastes","Hylastes opacus","k__Fungi","p__Ascomycota","c__Dothideomycetes",NA,NA,NA,NA,"positive"
"Hylastes opacus","ASV_1755",-3.51003366233316,0.001,0.0834473684210526,0.371345579793341,"Coleoptera","Curculionidae","Scolytinae","Hylastes","Hylastes opacus","k__Fungi","p__Basidiomycota","c__Microbotryomycetes","o__Sporidiobolales","f__Sporidiobolaceae","g__Sporobolomyces","s__roseus","negative"
"Hylastes opacus","ASV_1785",-2.12333803713277,0.001,0.0834473684210526,0.371345579793341,"Coleoptera","Curculionidae","Scolytinae","Hylastes","Hylastes opacus","k__Fungi",NA,NA,NA,NA,NA,NA,"negative"
"Hylastes opacus","ASV_1793",4.41855678881333,0.001,0.0834473684210526,0.371345579793341,"Coleoptera","Curculionidae","Scolytinae","Hylastes","Hylastes opacus","k__Fungi","p__Ascomycota","c__Dothideomycetes","o__Mycosphaerellales","f__Mycosphaerellaceae","g__Mycosphaerella","s__latebrosa","positive"
"Hylastes opacus","ASV_1814",-2.79412110037159,0.001,0.0834473684210526,0.371345579793341,"Coleoptera","Curculionidae","Scolytinae","Hylastes","Hylastes opacus","k__Fungi","p__Ascomycota",NA,NA,NA,NA,NA,"negative"
"Hylastes opacus","ASV_1834",3.29234537945692,0.001,0.0834473684210526,0.371345579793341,"Coleoptera","Curculionidae","Scolytinae","Hylastes","Hylastes opacus","k__Fungi","p__Ascomycota","c__Lecanoromycetes","o__Lecanorales","f__Lecanoraceae","g__Lecanora","s__sarcopidoides","positive"
"Hylastes opacus","ASV_1848",3.62017864743332,0.001,0.0834473684210526,0.371345579793341,"Coleoptera","Curculionidae","Scolytinae","Hylastes","Hylastes opacus","k__Fungi","p__Ascomycota","c__Sordariomycetes","o__Xylariales","f__Graphostromataceae","g__Biscogniauxia",NA,"positive"
"Hylastes opacus","ASV_2014",-2.12114364394358,0.001,0.0834473684210526,0.371345579793341,"Coleoptera","Curculionidae","Scolytinae","Hylastes","Hylastes opacus","k__Fungi","p__Ascomycota","c__Taphrinomycetes","o__Taphrinales","f__Taphrinaceae","g__Taphrina",NA,"negative"
"Hylastes opacus","ASV_2191",4.38915595282662,0.001,0.0834473684210526,0.371345579793341,"Coleoptera","Curculionidae","Scolytinae","Hylastes","Hylastes opacus","k__Fungi","p__Ascomycota","c__Sordariomycetes","o__Diaporthales","f__Valsaceae","g__Cytospora",NA,"positive"
"Hylastes opacus","ASV_2373",3.36275951809844,0.001,0.0834473684210526,0.371345579793341,"Coleoptera","Curculionidae","Scolytinae","Hylastes","Hylastes opacus","k__Fungi","p__Basidiomycota","c__Agaricomycetes","o__Polyporales","f__Fomitopsidaceae","g__Cinereomyces","s__lindbladii","positive"
"Hylastes opacus","ASV_2414",-0.934156486046388,0.001,0.0834473684210526,0.371345579793341,"Coleoptera","Curculionidae","Scolytinae","Hylastes","Hylastes opacus","k__Fungi","p__Basidiomycota","c__Agaricomycetes","o__Agaricales","f__Hygrophoraceae","g__Hygrophorus","s__pudorinus","negative"
"Hylastes opacus","ASV_2694",-2.917821249417,0.001,0.0834473684210526,0.371345579793341,"Coleoptera","Curculionidae","Scolytinae","Hylastes","Hylastes opacus","k__Fungi","p__Basidiomycota",NA,NA,NA,NA,NA,"negative"
"Hylastes opacus","ASV_2911",5.18792676590641,0.001,0.0834473684210526,0.371345579793341,"Coleoptera","Curculionidae","Scolytinae","Hylastes","Hylastes opacus","k__Fungi","p__Ascomycota","c__Eurotiomycetes","o__Chaetothyriales","f__Herpotrichiellaceae",NA,NA,"positive"
"Hylastes opacus","ASV_2969",3.31565353265756,0.001,0.0834473684210526,0.371345579793341,"Coleoptera","Curculionidae","Scolytinae","Hylastes","Hylastes opacus","k__Fungi",NA,NA,NA,NA,NA,NA,"positive"
"Hylastes opacus","ASV_4041",4.31342002275987,0.001,0.0834473684210526,0.371345579793341,"Coleoptera","Curculionidae","Scolytinae","Hylastes","Hylastes opacus","k__Fungi","p__Ascomycota","c__Dothideomycetes","o__Mycosphaerellales","f__Mycosphaerellaceae","g__Mycosphaerella","s__latebrosa","positive"
"Hylastes opacus","ASV_4270",5.90165702571749,0.001,0.0834473684210526,0.371345579793341,"Coleoptera","Curculionidae","Scolytinae","Hylastes","Hylastes opacus","k__Fungi","p__Ascomycota","c__Leotiomycetes","o__Rhytismatales","f__Rhytismataceae","g__Coccomyces","s__strobi","positive"
"Hylastes opacus","ASV_5013",3.93444297174358,0.001,0.0834473684210526,0.371345579793341,"Coleoptera","Curculionidae","Scolytinae","Hylastes","Hylastes opacus","k__Fungi","p__Ascomycota","c__Sordariomycetes","o__Xylariales","f__Diatrypaceae","g__Diatrype","s__stigma","positive"
"Hylastes opacus","ASV_5229",5.93876215554011,0.001,0.0834473684210526,0.371345579793341,"Coleoptera","Curculionidae","Scolytinae","Hylastes","Hylastes opacus","k__Fungi","p__Ascomycota","c__Leotiomycetes","o__Helotiales",NA,NA,NA,"positive"
"Hylastes opacus","ASV_5690",4.8941249953115,0.001,0.0834473684210526,0.371345579793341,"Coleoptera","Curculionidae","Scolytinae","Hylastes","Hylastes opacus","k__Fungi","p__Ascomycota","c__Sordariomycetes","o__Diaporthales","f__Sydowiaceae","g__Cainiella","s__borealis","positive"
"Hylastes opacus","ASV_5861",4.4888271765697,0.001,0.0834473684210526,0.371345579793341,"Coleoptera","Curculionidae","Scolytinae","Hylastes","Hylastes opacus","k__Fungi","p__Ascomycota","c__Dothideomycetes","o__Mycosphaerellales","f__Mycosphaerellaceae","g__Mycosphaerella","s__latebrosa","positive"
"Hylastes opacus","ASV_6422",5.88712063916651,0.001,0.0834473684210526,0.371345579793341,"Coleoptera","Curculionidae","Scolytinae","Hylastes","Hylastes opacus","k__Fungi","p__Basidiomycota","c__Agaricomycetes","o__Polyporales","f__Irpicaceae","g__Irpex","s__lacteus","positive"
"Hylastes opacus","ASV_6557",-2.4339959589455,0.001,0.0834473684210526,0.371345579793341,"Coleoptera","Curculionidae","Scolytinae","Hylastes","Hylastes opacus","k__Fungi","p__Basidiomycota","c__Tremellomycetes","o__Cystofilobasidiales","f__Mrakiaceae","g__Krasilnikovozyma","s__huempii","negative"
"Hylastes opacus","ASV_6558",-2.88257268835547,0.001,0.0834473684210526,0.371345579793341,"Coleoptera","Curculionidae","Scolytinae","Hylastes","Hylastes opacus","k__Fungi","p__Ascomycota","c__Dothideomycetes","o__Mycosphaerellales","f__Mycosphaerellaceae","g__Acrodontium","s__luzulae","negative"
"Hylastes opacus","ASV_6559",-2.81029776653179,0.001,0.0834473684210526,0.371345579793341,"Coleoptera","Curculionidae","Scolytinae","Hylastes","Hylastes opacus","k__Fungi","p__Ascomycota","c__Eurotiomycetes","o__Chaetothyriales","f__Herpotrichiellaceae",NA,NA,"negative"
"Hylastes opacus","ASV_6606",-2.2940763810342,0.001,0.0834473684210526,0.371345579793341,"Coleoptera","Curculionidae","Scolytinae","Hylastes","Hylastes opacus","k__Fungi","p__Basidiomycota","c__Tremellomycetes","o__Tremellales","f__Bulleraceae","g__Genolevuria",NA,"negative"
"Hylastes opacus","ASV_6674",2.7141665868877,0.001,0.0834473684210526,0.371345579793341,"Coleoptera","Curculionidae","Scolytinae","Hylastes","Hylastes opacus","k__Fungi","p__Ascomycota","c__Eurotiomycetes","o__Eurotiales","f__Aspergillaceae","g__Penicillium","s__atrosanguineum","positive"
"Hylastes opacus","ASV_6773",-2.78664891075906,0.001,0.0834473684210526,0.371345579793341,"Coleoptera","Curculionidae","Scolytinae","Hylastes","Hylastes opacus","k__Fungi","p__Ascomycota","c__Sordariomycetes","o__Xylariales",NA,NA,NA,"negative"
"Hylastes opacus","ASV_7486",4.08793900052074,0.001,0.0834473684210526,0.371345579793341,"Coleoptera","Curculionidae","Scolytinae","Hylastes","Hylastes opacus","k__Fungi","p__Ascomycota","c__Sordariomycetes","o__Xylariales","f__Diatrypaceae","g__Diatrype","s__stigma","positive"
"Hylastes opacus","ASV_8004",3.4548586957242,0.001,0.0834473684210526,0.371345579793341,"Coleoptera","Curculionidae","Scolytinae","Hylastes","Hylastes opacus","k__Fungi","p__Ascomycota","c__Sordariomycetes","o__Togniniales","f__Togniniaceae","g__Phaeoacremonium",NA,"positive"
"Hylastes opacus","ASV_8703",-2.15099893320382,0.001,0.0834473684210526,0.371345579793341,"Coleoptera","Curculionidae","Scolytinae","Hylastes","Hylastes opacus","k__Fungi","p__Ascomycota",NA,NA,NA,NA,NA,"negative"
"Hylastes opacus","ASV_8772",-3.47221653818388,0.001,0.0834473684210526,0.371345579793341,"Coleoptera","Curculionidae","Scolytinae","Hylastes","Hylastes opacus","k__Fungi","p__Basidiomycota","c__Dacrymycetes","o__Dacrymycetales","f__Dacrymycetaceae","g__Dacrymyces","s__chrysospermus","negative"
"Hylastes opacus","ASV_9132",-2.06645112541083,0.001,0.0834473684210526,0.371345579793341,"Coleoptera","Curculionidae","Scolytinae","Hylastes","Hylastes opacus","k__Fungi","p__Ascomycota","c__Leotiomycetes","o__Helotiales","f__Dermateaceae","g__Pyrenopeziza","s__caespiticia","negative"
"Hylastes opacus","ASV_9385",2.48277645631686,0.001,0.0834473684210526,0.371345579793341,"Coleoptera","Curculionidae","Scolytinae","Hylastes","Hylastes opacus","k__Fungi","p__Ascomycota","c__Sordariomycetes","o__Diaporthales","f__Valsaceae","g__Cytospora","s__beilinensis","positive"
"Hylastes opacus","ASV_10024",-1.71425434465304,0.001,0.0834473684210526,0.371345579793341,"Coleoptera","Curculionidae","Scolytinae","Hylastes","Hylastes opacus","k__Fungi","p__Ascomycota","c__Dothideomycetes","o__Venturiales","f__Venturiaceae",NA,NA,"negative"
"Hylastes opacus","ASV_10293",-3.15374925371932,0.001,0.0834473684210526,0.371345579793341,"Coleoptera","Curculionidae","Scolytinae","Hylastes","Hylastes opacus","k__Fungi","p__Basidiomycota","c__Microbotryomycetes","o__Microbotryomycetes_ord_Incertae_sedis","f__Colacogloeaceae","g__Colacogloeaceae_gen_Incertae_sedis",NA,"negative"
"Hylastes opacus","ASV_10374",-1.83028968711031,0.001,0.0834473684210526,0.371345579793341,"Coleoptera","Curculionidae","Scolytinae","Hylastes","Hylastes opacus","k__Fungi","p__Ascomycota","c__Leotiomycetes","o__Helotiales","f__Helotiales_fam_Incertae_sedis","g__Chalara",NA,"negative"
"Hylastes opacus","ASV_10762",5.4907374620761,0.001,0.0834473684210526,0.371345579793341,"Coleoptera","Curculionidae","Scolytinae","Hylastes","Hylastes opacus","k__Fungi","p__Basidiomycota","c__Agaricomycetes","o__Polyporales","f__Cerrenaceae","g__Radulodon","s__americanus","positive"
"Hylastes opacus","ASV_10841",3.35432274127093,0.001,0.0834473684210526,0.371345579793341,"Coleoptera","Curculionidae","Scolytinae","Hylastes","Hylastes opacus","k__Fungi","p__Ascomycota","c__Dothideomycetes","o__Venturiales","f__Venturiaceae","g__Venturia",NA,"positive"
"Hylastes opacus","ASV_10926",3.53173744710258,0.001,0.0834473684210526,0.371345579793341,"Coleoptera","Curculionidae","Scolytinae","Hylastes","Hylastes opacus","k__Fungi","p__Ascomycota","c__Dothideomycetes","o__Pleosporales","f__Phaeosphaeriaceae","g__Leptospora","s__rubella","positive"
"Hylastes opacus","ASV_11070",-2.29990558139129,0.001,0.0834473684210526,0.371345579793341,"Coleoptera","Curculionidae","Scolytinae","Hylastes","Hylastes opacus","k__Fungi","p__Ascomycota","c__Dothideomycetes","o__Pleosporales","f__Cucurbitariaceae","g__Parafenestella","s__ontariensis","negative"
"Hylastes opacus","ASV_11336",-2.04399520840167,0.001,0.0834473684210526,0.371345579793341,"Coleoptera","Curculionidae","Scolytinae","Hylastes","Hylastes opacus","k__Fungi","p__Ascomycota","c__Dothideomycetes","o__Dothideomycetidae_ord_Incertae_sedis","f__Pseudoperisporiaceae","g__Eudimeriolum",NA,"negative"
"Hylastes opacus","ASV_11466",-1.93386022269899,0.001,0.0834473684210526,0.371345579793341,"Coleoptera","Curculionidae","Scolytinae","Hylastes","Hylastes opacus","k__Fungi","p__Ascomycota","c__Eurotiomycetes","o__Phaeomoniellales","f__Phaeomoniellaceae",NA,NA,"negative"
"Hylastes opacus","ASV_11995",-2.28020541902409,0.001,0.0834473684210526,0.371345579793341,"Coleoptera","Curculionidae","Scolytinae","Hylastes","Hylastes opacus","k__Fungi","p__Ascomycota","c__Dothideomycetes","o__Pleosporales","f__Pleosporaceae","g__Alternaria","s__elegans","negative"
"Hylastes opacus","ASV_12276",3.38363204169633,0.001,0.0834473684210526,0.371345579793341,"Coleoptera","Curculionidae","Scolytinae","Hylastes","Hylastes opacus","k__Fungi","p__Basidiomycota","c__Agaricomycetes","o__Cantharellales","f__Hydnaceae","g__Sistotrema","s__porulosum","positive"
"Hylastes opacus","ASV_12408",-3.35036290887435,0.001,0.0834473684210526,0.371345579793341,"Coleoptera","Curculionidae","Scolytinae","Hylastes","Hylastes opacus","k__Fungi",NA,NA,NA,NA,NA,NA,"negative"
"Hylastes opacus","ASV_12446",-2.25797897994394,0.001,0.0834473684210526,0.371345579793341,"Coleoptera","Curculionidae","Scolytinae","Hylastes","Hylastes opacus","k__Fungi","p__Ascomycota","c__Dothideomycetes","o__Pleosporales","f__Phaeosphaeriaceae","g__Xenophoma","s__puncteliae","negative"
"Hylastes opacus","ASV_12729",5.81325586933696,0.001,0.0834473684210526,0.371345579793341,"Coleoptera","Curculionidae","Scolytinae","Hylastes","Hylastes opacus","k__Fungi","p__Basidiomycota","c__Agaricomycetes","o__Sebacinales","f__Sebacinaceae","g__Chaetospermum",NA,"positive"
"Hylastes opacus","ASV_13151",-2.23604371333317,0.001,0.0834473684210526,0.371345579793341,"Coleoptera","Curculionidae","Scolytinae","Hylastes","Hylastes opacus","k__Fungi",NA,NA,NA,NA,NA,NA,"negative"
"Hylastes opacus","ASV_13474",-2.15259645291823,0.001,0.0834473684210526,0.371345579793341,"Coleoptera","Curculionidae","Scolytinae","Hylastes","Hylastes opacus","k__Fungi","p__Ascomycota","c__Sordariomycetes","o__Hypocreales","f__Nectriaceae","g__Thyronectria",NA,"negative"
"Hylastes opacus","ASV_13755",-2.40198722625379,0.001,0.0834473684210526,0.371345579793341,"Coleoptera","Curculionidae","Scolytinae","Hylastes","Hylastes opacus","k__Fungi","p__Ascomycota",NA,NA,NA,NA,NA,"negative"
"Hylastes opacus","ASV_13777",-2.74490221975436,0.001,0.0834473684210526,0.371345579793341,"Coleoptera","Curculionidae","Scolytinae","Hylastes","Hylastes opacus","k__Fungi","p__Ascomycota","c__Leotiomycetes","o__Helotiales","f__Ploettnerulaceae","g__Cadophora",NA,"negative"
"Hylastes opacus","ASV_15341",-2.21534801798212,0.001,0.0834473684210526,0.371345579793341,"Coleoptera","Curculionidae","Scolytinae","Hylastes","Hylastes opacus","k__Fungi","p__Ascomycota","c__Sordariomycetes","o__Sporidesmiales","f__Sporidesmiaceae","g__Sporidesmium","s__pachyanthicola","negative"
"Hylastes opacus","ASV_15953",-1.86543665346843,0.001,0.0834473684210526,0.371345579793341,"Coleoptera","Curculionidae","Scolytinae","Hylastes","Hylastes opacus","k__Fungi","p__Ascomycota","c__Sordariomycetes","o__Diaporthales","f__Valsaceae","g__Cytospora",NA,"negative"
"Hylastes opacus","ASV_16138",3.48702413132624,0.001,0.0834473684210526,0.371345579793341,"Coleoptera","Curculionidae","Scolytinae","Hylastes","Hylastes opacus","k__Fungi","p__Ascomycota","c__Leotiomycetes","o__Helotiales","f__Hyaloscyphaceae","g__Fuscolachnum","s__inopinatum","positive"
"Hylastes opacus","ASV_16214",3.45465698993704,0.001,0.0834473684210526,0.371345579793341,"Coleoptera","Curculionidae","Scolytinae","Hylastes","Hylastes opacus","k__Fungi","p__Ascomycota","c__Eurotiomycetes","o__Verrucariales","f__Verrucariaceae","g__Verrucariaceae_gen_Incertae_sedis",NA,"positive"
"Hylastes opacus","ASV_16526",5.93602035143282,0.001,0.0834473684210526,0.371345579793341,"Coleoptera","Curculionidae","Scolytinae","Hylastes","Hylastes opacus","k__Fungi","p__Ascomycota","c__Eurotiomycetes","o__Coryneliales","f__Coryneliaceae","g__Caliciopsis","s__orientalis","positive"
"Hylastes opacus","ASV_20031",5.46733177109588,0.001,0.0834473684210526,0.371345579793341,"Coleoptera","Curculionidae","Scolytinae","Hylastes","Hylastes opacus","k__Fungi","p__Ascomycota","c__Eurotiomycetes","o__Verrucariales","f__Verrucariaceae","g__Verrucariaceae_gen_Incertae_sedis",NA,"positive"
"Hylastes opacus","ASV_20804",3.55004109380868,0.001,0.0834473684210526,0.371345579793341,"Coleoptera","Curculionidae","Scolytinae","Hylastes","Hylastes opacus","k__Fungi",NA,NA,NA,NA,NA,NA,"positive"
"Pityogenes hopkinsi","ASV_531",2.40392499342794,0.019,0.0846193820224719,0.660345786023855,"Coleoptera","Curculionidae","Scolytinae","Pityogenes","Pityogenes hopkinsi","k__Fungi","p__Ascomycota","c__Sordariomycetes","o__Xylariales","f__Diatrypaceae","g__Diatrype","s__stigma","positive"
"Pityogenes hopkinsi","ASV_681",2.86924881417585,0.019,0.0846193820224719,0.660345786023855,"Coleoptera","Curculionidae","Scolytinae","Pityogenes","Pityogenes hopkinsi","k__Fungi","p__Ascomycota","c__Eurotiomycetes",NA,NA,NA,NA,"positive"
"Pityogenes hopkinsi","ASV_1308",-2.33240707460742,0.019,0.0846193820224719,0.660345786023855,"Coleoptera","Curculionidae","Scolytinae","Pityogenes","Pityogenes hopkinsi","k__Fungi","p__Basidiomycota","c__Agaricomycetes","o__Russulales","f__Peniophoraceae","g__Peniophora","s__laxitexta","negative"
"Pityogenes hopkinsi","ASV_1596",2.42597585729939,0.019,0.0846193820224719,0.660345786023855,"Coleoptera","Curculionidae","Scolytinae","Pityogenes","Pityogenes hopkinsi","k__Fungi","p__Ascomycota","c__Eurotiomycetes","o__Chaetothyriales","f__Herpotrichiellaceae","g__Sorocybe",NA,"positive"
"Pityogenes hopkinsi","ASV_1606",2.46121161592338,0.019,0.0846193820224719,0.660345786023855,"Coleoptera","Curculionidae","Scolytinae","Pityogenes","Pityogenes hopkinsi","k__Fungi","p__Ascomycota","c__Dothideomycetes","o__Pleosporales",NA,NA,NA,"positive"
"Pityogenes hopkinsi","ASV_1625",2.76159729623189,0.019,0.0846193820224719,0.660345786023855,"Coleoptera","Curculionidae","Scolytinae","Pityogenes","Pityogenes hopkinsi","k__Fungi","p__Basidiomycota","c__Agaricomycetes","o__Polyporales","f__Phanerochaetaceae","g__Bjerkandera","s__adusta","positive"
"Pityogenes hopkinsi","ASV_1638",2.62897914366854,0.019,0.0846193820224719,0.660345786023855,"Coleoptera","Curculionidae","Scolytinae","Pityogenes","Pityogenes hopkinsi","k__Fungi","p__Ascomycota","c__Leotiomycetes","o__Rhytismatales","f__Rhytismataceae","g__Lophodermium",NA,"positive"
"Pityogenes hopkinsi","ASV_2119",2.73146603005309,0.019,0.0846193820224719,0.660345786023855,"Coleoptera","Curculionidae","Scolytinae","Pityogenes","Pityogenes hopkinsi","k__Fungi","p__Ascomycota","c__Dothideomycetes","o__Mytilinidiales","f__Mytilinidiaceae","g__Mytilinidion","s__insulare","positive"
"Pityogenes hopkinsi","ASV_4676",-1.93944076534319,0.019,0.0846193820224719,0.660345786023855,"Coleoptera","Curculionidae","Scolytinae","Pityogenes","Pityogenes hopkinsi","k__Fungi","p__Ascomycota","c__Taphrinomycetes","o__Taphrinales","f__Taphrinaceae","g__Taphrina",NA,"negative"
"Pityogenes hopkinsi","ASV_5101",-2.49848771715146,0.019,0.0846193820224719,0.660345786023855,"Coleoptera","Curculionidae","Scolytinae","Pityogenes","Pityogenes hopkinsi","k__Fungi","p__Ascomycota","c__Dothideomycetes","o__Dothideales","f__Dothioraceae","g__Dothiora",NA,"negative"
"Pityogenes hopkinsi","ASV_5696",-2.80519330116051,0.019,0.0846193820224719,0.660345786023855,"Coleoptera","Curculionidae","Scolytinae","Pityogenes","Pityogenes hopkinsi","k__Fungi","p__Ascomycota","c__Eurotiomycetes","o__Chaetothyriales","f__Herpotrichiellaceae","g__Exophiala","s__quercina","negative"
"Pityogenes hopkinsi","ASV_5771",-2.05662928283783,0.019,0.0846193820224719,0.660345786023855,"Coleoptera","Curculionidae","Scolytinae","Pityogenes","Pityogenes hopkinsi","k__Fungi","p__Basidiomycota","c__Tremellomycetes","o__Tremellales","f__Rhynchogastremataceae","g__Papiliotrema","s__pseudoalba","negative"
"Pityogenes hopkinsi","ASV_6332",-2.1042084759191,0.019,0.0846193820224719,0.660345786023855,"Coleoptera","Curculionidae","Scolytinae","Pityogenes","Pityogenes hopkinsi","k__Fungi","p__Ascomycota","c__Lecanoromycetes","o__Caliciales","f__Physciaceae","g__Physcia",NA,"negative"
"Pityogenes hopkinsi","ASV_6698",-2.2296766529208,0.019,0.0846193820224719,0.660345786023855,"Coleoptera","Curculionidae","Scolytinae","Pityogenes","Pityogenes hopkinsi","k__Fungi","p__Ascomycota","c__Lecanoromycetes","o__Lecanorales",NA,NA,NA,"negative"
"Pityogenes hopkinsi","ASV_6751",-2.121326531272,0.019,0.0846193820224719,0.660345786023855,"Coleoptera","Curculionidae","Scolytinae","Pityogenes","Pityogenes hopkinsi","k__Fungi","p__Basidiomycota","c__Exobasidiomycetes","o__Microstromatales","f__Microstromatales_fam_Incertae_sedis","g__Pseudomicrostroma",NA,"negative"
"Pityogenes hopkinsi","ASV_8888",-2.22013428762315,0.019,0.0846193820224719,0.660345786023855,"Coleoptera","Curculionidae","Scolytinae","Pityogenes","Pityogenes hopkinsi","k__Fungi","p__Ascomycota","c__Taphrinomycetes","o__Taphrinales","f__Taphrinaceae","g__Taphrina",NA,"negative"
"Pityogenes hopkinsi","ASV_9188",-2.73639705006623,0.019,0.0846193820224719,0.660345786023855,"Coleoptera","Curculionidae","Scolytinae","Pityogenes","Pityogenes hopkinsi","k__Fungi","p__Ascomycota","c__Leotiomycetes","o__Helotiales","f__Sclerotiniaceae","g__Monilinia",NA,"negative"
"Pityogenes hopkinsi","ASV_9583",-2.91849582648676,0.019,0.0846193820224719,0.660345786023855,"Coleoptera","Curculionidae","Scolytinae","Pityogenes","Pityogenes hopkinsi","k__Fungi","p__Ascomycota","c__Sordariomycetes","o__Diaporthales","f__Valsaceae","g__Valsa",NA,"negative"
"Pityogenes hopkinsi","ASV_10147",-2.23587190096518,0.019,0.0846193820224719,0.660345786023855,"Coleoptera","Curculionidae","Scolytinae","Pityogenes","Pityogenes hopkinsi","k__Fungi","p__Basidiomycota","c__Agaricomycetes","o__Russulales","f__Peniophoraceae","g__Peniophora","s__versiformis","negative"
"Pityogenes hopkinsi","ASV_12983",-2.93754282519052,0.019,0.0846193820224719,0.660345786023855,"Coleoptera","Curculionidae","Scolytinae","Pityogenes","Pityogenes hopkinsi","k__Fungi","p__Ascomycota","c__Dothideomycetes",NA,NA,NA,NA,"negative"
"Pityogenes hopkinsi","ASV_13214",-2.16843464367771,0.019,0.0846193820224719,0.660345786023855,"Coleoptera","Curculionidae","Scolytinae","Pityogenes","Pityogenes hopkinsi","k__Fungi",NA,NA,NA,NA,NA,NA,"negative"
"Pityogenes hopkinsi","ASV_17684",-2.08799684187042,0.019,0.0846193820224719,0.660345786023855,"Coleoptera","Curculionidae","Scolytinae","Pityogenes","Pityogenes hopkinsi","k__Fungi","p__Ascomycota","c__Sordariomycetes","o__Glomerellales","f__Plectosphaerellaceae","g__Gibellulopsis","s__piscis","negative"
"Pityogenes hopkinsi","ASV_18456",-2.23780276476757,0.019,0.0846193820224719,0.660345786023855,"Coleoptera","Curculionidae","Scolytinae","Pityogenes","Pityogenes hopkinsi","k__Fungi","p__Basidiomycota","c__Agaricomycetes","o__Cantharellales","f__Clavulinaceae","g__Clavulinaceae_gen_Incertae_sedis",NA,"negative"
"Pityogenes hopkinsi","ASV_25019",-2.43805806369887,0.019,0.0846193820224719,0.660345786023855,"Coleoptera","Curculionidae","Scolytinae","Pityogenes","Pityogenes hopkinsi","k__Fungi",NA,NA,NA,NA,NA,NA,"negative"
"Pityogenes hopkinsi","ASV_25451",-2.33687776815181,0.019,0.0846193820224719,0.660345786023855,"Coleoptera","Curculionidae","Scolytinae","Pityogenes","Pityogenes hopkinsi","k__Fungi","p__Ascomycota","c__Lecanoromycetes","o__Lecanorales","f__Lecanoraceae","g__Lecanora",NA,"negative"
"Pityogenes hopkinsi","ASV_29",-2.45179412680428,0.02,0.0871752577319588,0.665929586164299,"Coleoptera","Curculionidae","Scolytinae","Pityogenes","Pityogenes hopkinsi","k__Fungi","p__Ascomycota","c__Dothideomycetes","o__Dothideales","f__Saccotheciaceae","g__Aureobasidium","s__pullulans","negative"
"Pityogenes hopkinsi","ASV_185",2.32245508085104,0.02,0.0871752577319588,0.665929586164299,"Coleoptera","Curculionidae","Scolytinae","Pityogenes","Pityogenes hopkinsi","k__Fungi","p__Ascomycota",NA,NA,NA,NA,NA,"positive"
"Pityogenes hopkinsi","ASV_397",2.29834623485363,0.02,0.0871752577319588,0.665929586164299,"Coleoptera","Curculionidae","Scolytinae","Pityogenes","Pityogenes hopkinsi","k__Fungi","p__Ascomycota","c__Eurotiomycetes","o__Phaeomoniellales","f__Phaeomoniellaceae","g__Phaeomoniella",NA,"positive"
"Pityogenes hopkinsi","ASV_478",-2.40213602186971,0.02,0.0871752577319588,0.665929586164299,"Coleoptera","Curculionidae","Scolytinae","Pityogenes","Pityogenes hopkinsi","k__Fungi","p__Ascomycota","c__Dothideomycetes","o__Dothideales","f__Dothioraceae","g__Dothiora",NA,"negative"
"Pityogenes hopkinsi","ASV_871",2.1537689257157,0.02,0.0871752577319588,0.665929586164299,"Coleoptera","Curculionidae","Scolytinae","Pityogenes","Pityogenes hopkinsi","k__Fungi","p__Ascomycota","c__Dothideomycetes","o__Mycosphaerellales","f__Mycosphaerellaceae","g__Geastrumia","s__polystigmatis","positive"
"Pityogenes hopkinsi","ASV_2011",2.65162132043855,0.02,0.0871752577319588,0.665929586164299,"Coleoptera","Curculionidae","Scolytinae","Pityogenes","Pityogenes hopkinsi","k__Fungi","p__Basidiomycota","c__Cystobasidiomycetes","o__Cystobasidiomycetes_ord_Incertae_sedis","f__Microsporomycetaceae",NA,NA,"positive"
"Pityogenes hopkinsi","ASV_2552",2.1205248807163,0.02,0.0871752577319588,0.665929586164299,"Coleoptera","Curculionidae","Scolytinae","Pityogenes","Pityogenes hopkinsi","k__Fungi","p__Ascomycota","c__Leotiomycetes","o__Helotiales","f__Dermateaceae","g__Naevala","s__perexigua","positive"
"Pityogenes hopkinsi","ASV_2626",-2.08597165266205,0.02,0.0871752577319588,0.665929586164299,"Coleoptera","Curculionidae","Scolytinae","Pityogenes","Pityogenes hopkinsi","k__Fungi","p__Ascomycota","c__Lecanoromycetes","o__Lecanorales",NA,NA,NA,"negative"
"Pityogenes hopkinsi","ASV_2918",-1.93298474934166,0.02,0.0871752577319588,0.665929586164299,"Coleoptera","Curculionidae","Scolytinae","Pityogenes","Pityogenes hopkinsi","k__Fungi","p__Ascomycota","c__Dothideomycetes","o__Dothideales","f__Saccotheciaceae","g__Aureobasidium","s__pullulans","negative"
"Pityogenes hopkinsi","ASV_3184",3.10245305184279,0.02,0.0871752577319588,0.665929586164299,"Coleoptera","Curculionidae","Scolytinae","Pityogenes","Pityogenes hopkinsi","k__Fungi","p__Ascomycota","c__Dothideomycetes","o__Capnodiales",NA,NA,NA,"positive"
"Pityogenes hopkinsi","ASV_3299",-2.2215339463067,0.02,0.0871752577319588,0.665929586164299,"Coleoptera","Curculionidae","Scolytinae","Pityogenes","Pityogenes hopkinsi","k__Fungi","p__Ascomycota","c__Dothideomycetes","o__Dothideales","f__Dothideaceae","g__Rhizosphaera",NA,"negative"
"Pityogenes hopkinsi","ASV_3343",-1.957762427696,0.02,0.0871752577319588,0.665929586164299,"Coleoptera","Curculionidae","Scolytinae","Pityogenes","Pityogenes hopkinsi","k__Fungi","p__Basidiomycota","c__Tremellomycetes","o__Tremellales","f__Tremellaceae","g__Tremella","s__globispora","negative"
"Pityogenes hopkinsi","ASV_3649",-2.47529507258737,0.02,0.0871752577319588,0.665929586164299,"Coleoptera","Curculionidae","Scolytinae","Pityogenes","Pityogenes hopkinsi","k__Fungi","p__Ascomycota",NA,NA,NA,NA,NA,"negative"
"Pityogenes hopkinsi","ASV_4081",2.1882049884057,0.02,0.0871752577319588,0.665929586164299,"Coleoptera","Curculionidae","Scolytinae","Pityogenes","Pityogenes hopkinsi","k__Fungi","p__Ascomycota","c__Leotiomycetes","o__Helotiales","f__Sclerotiniaceae","g__Pycnopeziza",NA,"positive"
"Pityogenes hopkinsi","ASV_4570",-2.01598120556553,0.02,0.0871752577319588,0.665929586164299,"Coleoptera","Curculionidae","Scolytinae","Pityogenes","Pityogenes hopkinsi","k__Fungi","p__Ascomycota","c__Dothideomycetes","o__Patellariales","f__Patellariaceae","g__Rhizodiscina",NA,"negative"
"Pityogenes hopkinsi","ASV_7460",-2.09711484421265,0.02,0.0871752577319588,0.665929586164299,"Coleoptera","Curculionidae","Scolytinae","Pityogenes","Pityogenes hopkinsi","k__Fungi","p__Ascomycota","c__Dothideomycetes","o__Capnodiales","f__Cladosporiaceae",NA,NA,"negative"
"Pityogenes hopkinsi","ASV_9879",-2.14889530725554,0.02,0.0871752577319588,0.665929586164299,"Coleoptera","Curculionidae","Scolytinae","Pityogenes","Pityogenes hopkinsi","k__Fungi","p__Basidiomycota","c__Agaricomycetes","o__Agaricales","f__Schizophyllaceae","g__Schizophyllum","s__commune","negative"
"Pityogenes hopkinsi","ASV_10026",-2.29461366041418,0.02,0.0871752577319588,0.665929586164299,"Coleoptera","Curculionidae","Scolytinae","Pityogenes","Pityogenes hopkinsi","k__Fungi","p__Ascomycota",NA,NA,NA,NA,NA,"negative"
"Pityogenes hopkinsi","ASV_10352",-1.87613530940526,0.02,0.0871752577319588,0.665929586164299,"Coleoptera","Curculionidae","Scolytinae","Pityogenes","Pityogenes hopkinsi","k__Fungi","p__Ascomycota","c__Dothideomycetes","o__Dothideales","f__Dothideaceae","g__Rhizosphaera",NA,"negative"
"Pityogenes hopkinsi","ASV_12032",-2.46022142271286,0.02,0.0871752577319588,0.665929586164299,"Coleoptera","Curculionidae","Scolytinae","Pityogenes","Pityogenes hopkinsi","k__Fungi",NA,NA,NA,NA,NA,NA,"negative"
"Pityogenes hopkinsi","ASV_12277",-2.16465922732254,0.02,0.0871752577319588,0.665929586164299,"Coleoptera","Curculionidae","Scolytinae","Pityogenes","Pityogenes hopkinsi","k__Fungi","p__Basidiomycota","c__Agaricomycetes","o__Agaricales","f__Mycenaceae","g__Mycena","s__niveipes","negative"
"Pityogenes hopkinsi","ASV_14948",-2.37725176682422,0.02,0.0871752577319588,0.665929586164299,"Coleoptera","Curculionidae","Scolytinae","Pityogenes","Pityogenes hopkinsi","k__Fungi","p__Ascomycota","c__Saccharomycetes","o__Saccharomycetales","f__Lipomycetaceae","g__Myxozyma","s__melibiosi","negative"
"Pityogenes hopkinsi","ASV_15932",-2.16937027661069,0.02,0.0871752577319588,0.665929586164299,"Coleoptera","Curculionidae","Scolytinae","Pityogenes","Pityogenes hopkinsi","k__Fungi","p__Ascomycota","c__Lecanoromycetes","o__Caliciales","f__Physciaceae","g__Physcia","s__millegrana","negative"
"Pityogenes hopkinsi","ASV_16730",-2.96220279842487,0.02,0.0871752577319588,0.665929586164299,"Coleoptera","Curculionidae","Scolytinae","Pityogenes","Pityogenes hopkinsi","k__Fungi","p__Basidiomycota","c__Agaricomycetes","o__Agaricales","f__Tricholomataceae","g__Megacollybia","s__rodmanii","negative"
"Pityogenes hopkinsi","ASV_16945",-1.93293073265493,0.02,0.0871752577319588,0.665929586164299,"Coleoptera","Curculionidae","Scolytinae","Pityogenes","Pityogenes hopkinsi","k__Fungi","p__Ascomycota","c__Sordariomycetes",NA,NA,NA,NA,"negative"
"Pityogenes hopkinsi","ASV_18379",-1.74800160001694,0.02,0.0871752577319588,0.665929586164299,"Coleoptera","Curculionidae","Scolytinae","Pityogenes","Pityogenes hopkinsi","k__Fungi","p__Ascomycota",NA,NA,NA,NA,NA,"negative"
"Pityogenes hopkinsi","ASV_20136",-2.21046968641362,0.02,0.0871752577319588,0.665929586164299,"Coleoptera","Curculionidae","Scolytinae","Pityogenes","Pityogenes hopkinsi","k__Fungi","p__Basidiomycota",NA,NA,NA,NA,NA,"negative"
"Pityogenes hopkinsi","ASV_21751",-2.37700893289675,0.02,0.0871752577319588,0.665929586164299,"Coleoptera","Curculionidae","Scolytinae","Pityogenes","Pityogenes hopkinsi","k__Fungi","p__Ascomycota","c__Leotiomycetes","o__Helotiales","f__Discinellaceae","g__Varicosporium",NA,"negative"
"Pityogenes hopkinsi","ASV_24152",-2.43710590780858,0.02,0.0871752577319588,0.665929586164299,"Coleoptera","Curculionidae","Scolytinae","Pityogenes","Pityogenes hopkinsi","k__Fungi","p__Basidiomycota","c__Tremellomycetes","o__Tremellales","f__Cryptococcaceae","g__Teunia","s__globosa","negative"
"Pityogenes hopkinsi","ASV_24684",-2.36386292305837,0.02,0.0871752577319588,0.665929586164299,"Coleoptera","Curculionidae","Scolytinae","Pityogenes","Pityogenes hopkinsi","k__Fungi","p__Basidiomycota","c__Tremellomycetes","o__Tremellales","f__Rhynchogastremataceae","g__Papiliotrema","s__fusca","negative"
"Pityogenes hopkinsi","ASV_27056",-2.35780011379154,0.02,0.0871752577319588,0.665929586164299,"Coleoptera","Curculionidae","Scolytinae","Pityogenes","Pityogenes hopkinsi","k__Fungi","p__Ascomycota","c__Dothideomycetes",NA,NA,NA,NA,"negative"
"Xyleborinus attenuatus","ASV_97",3.24833853657337,0.003,0.0893239436619718,0.46206,"Coleoptera","Curculionidae","Scolytinae","Xyleborinus","Xyleborinus attenuatus","k__Fungi","p__Ascomycota","c__Lecanoromycetes","o__Lecanorales","f__Parmeliaceae","g__Parmelia","s__sulcata","positive"
"Xyleborinus attenuatus","ASV_160",-3.24818097448853,0.003,0.0893239436619718,0.46206,"Coleoptera","Curculionidae","Scolytinae","Xyleborinus","Xyleborinus attenuatus","k__Fungi","p__Ascomycota","c__Taphrinomycetes","o__Taphrinales","f__Taphrinaceae","g__Taphrina","s__sacchari","negative"
"Xyleborinus attenuatus","ASV_162",-3.54541301390925,0.003,0.0893239436619718,0.46206,"Coleoptera","Curculionidae","Scolytinae","Xyleborinus","Xyleborinus attenuatus","k__Fungi","p__Basidiomycota","c__Tremellomycetes","o__Tremellales","f__Bulleribasidiaceae","g__Vishniacozyma","s__victoriae","negative"
"Xyleborinus attenuatus","ASV_173",-3.28990011060054,0.003,0.0893239436619718,0.46206,"Coleoptera","Curculionidae","Scolytinae","Xyleborinus","Xyleborinus attenuatus","k__Fungi","p__Basidiomycota","c__Tremellomycetes","o__Filobasidiales","f__Filobasidiaceae","g__Naganishia","s__globosa","negative"
"Xyleborinus attenuatus","ASV_181",3.40754071204084,0.003,0.0893239436619718,0.46206,"Coleoptera","Curculionidae","Scolytinae","Xyleborinus","Xyleborinus attenuatus","k__Fungi","p__Ascomycota","c__Lecanoromycetes","o__Lecanorales","f__Parmeliaceae","g__Flavoparmelia","s__caperata","positive"
"Xyleborinus attenuatus","ASV_192",3.00177773192369,0.003,0.0893239436619718,0.46206,"Coleoptera","Curculionidae","Scolytinae","Xyleborinus","Xyleborinus attenuatus","k__Fungi","p__Ascomycota","c__Sordariomycetes","o__Diaporthales","f__Valsaceae","g__Cytospora",NA,"positive"
"Xyleborinus attenuatus","ASV_263",-3.34742925212523,0.003,0.0893239436619718,0.46206,"Coleoptera","Curculionidae","Scolytinae","Xyleborinus","Xyleborinus attenuatus","k__Fungi","p__Ascomycota","c__Dothideomycetes","o__Dothideales","f__Saccotheciaceae","g__Aureobasidium","s__pullulans","negative"
"Xyleborinus attenuatus","ASV_318",2.84847702292603,0.003,0.0893239436619718,0.46206,"Coleoptera","Curculionidae","Scolytinae","Xyleborinus","Xyleborinus attenuatus","k__Fungi","p__Ascomycota","c__Lecanoromycetes","o__Lecanorales",NA,NA,NA,"positive"
"Xyleborinus attenuatus","ASV_328",-3.90616373231319,0.003,0.0893239436619718,0.46206,"Coleoptera","Curculionidae","Scolytinae","Xyleborinus","Xyleborinus attenuatus","k__Fungi","p__Basidiomycota","c__Tremellomycetes","o__Tremellales","f__Cryptococcaceae","g__Teunia","s__cuniculi","negative"
"Xyleborinus attenuatus","ASV_356",-3.64317492561932,0.003,0.0893239436619718,0.46206,"Coleoptera","Curculionidae","Scolytinae","Xyleborinus","Xyleborinus attenuatus","k__Fungi","p__Ascomycota",NA,NA,NA,NA,NA,"negative"
"Xyleborinus attenuatus","ASV_402",-2.90680193365383,0.003,0.0893239436619718,0.46206,"Coleoptera","Curculionidae","Scolytinae","Xyleborinus","Xyleborinus attenuatus","k__Fungi","p__Basidiomycota","c__Tremellomycetes","o__Filobasidiales","f__Filobasidiaceae","g__Naganishia","s__albida","negative"
"Xyleborinus attenuatus","ASV_493",-2.76048765384592,0.003,0.0893239436619718,0.46206,"Coleoptera","Curculionidae","Scolytinae","Xyleborinus","Xyleborinus attenuatus","k__Fungi","p__Basidiomycota","c__Tremellomycetes","o__Tremellales","f__Cryptococcaceae","g__Kwoniella","s__pini","negative"
"Xyleborinus attenuatus","ASV_569",-3.03909877121848,0.003,0.0893239436619718,0.46206,"Coleoptera","Curculionidae","Scolytinae","Xyleborinus","Xyleborinus attenuatus","k__Fungi","p__Ascomycota","c__Dothideomycetes","o__Myriangiales","f__Elsinoaceae","g__Elsinoaceae_gen_Incertae_sedis",NA,"negative"
"Xyleborinus attenuatus","ASV_687",3.55517699847731,0.003,0.0893239436619718,0.46206,"Coleoptera","Curculionidae","Scolytinae","Xyleborinus","Xyleborinus attenuatus","k__Fungi","p__Ascomycota","c__Eurotiomycetes","o__Chaetothyriales",NA,NA,NA,"positive"
"Xyleborinus attenuatus","ASV_704",-3.48896801753442,0.003,0.0893239436619718,0.46206,"Coleoptera","Curculionidae","Scolytinae","Xyleborinus","Xyleborinus attenuatus","k__Fungi","p__Ascomycota","c__Dothideomycetes","o__Dothideales","f__Saccotheciaceae","g__Aureobasidium","s__pullulans","negative"
"Xyleborinus attenuatus","ASV_738",-3.94117871496738,0.003,0.0893239436619718,0.46206,"Coleoptera","Curculionidae","Scolytinae","Xyleborinus","Xyleborinus attenuatus","k__Fungi","p__Ascomycota","c__Sordariomycetes","o__Diaporthales","f__Gnomoniaceae","g__Plagiostoma",NA,"negative"
"Xyleborinus attenuatus","ASV_768",3.16113370480158,0.003,0.0893239436619718,0.46206,"Coleoptera","Curculionidae","Scolytinae","Xyleborinus","Xyleborinus attenuatus","k__Fungi","p__Ascomycota","c__Sordariomycetes","o__Xylariales","f__Diatrypaceae","g__Diatrypella","s__atlantica","positive"
"Xyleborinus attenuatus","ASV_906",2.77020093171531,0.003,0.0893239436619718,0.46206,"Coleoptera","Curculionidae","Scolytinae","Xyleborinus","Xyleborinus attenuatus","k__Fungi","p__Ascomycota","c__Dothideomycetes","o__Capnodiales","f__Capnodiales_fam_Incertae_sedis","g__Capnodiales_gen_Incertae_sedis",NA,"positive"
"Xyleborinus attenuatus","ASV_982",2.81192000519967,0.003,0.0893239436619718,0.46206,"Coleoptera","Curculionidae","Scolytinae","Xyleborinus","Xyleborinus attenuatus","k__Fungi","p__Ascomycota","c__Sordariomycetes","o__Hypocreales","f__Nectriaceae",NA,NA,"positive"
"Xyleborinus attenuatus","ASV_1030",-3.58219593263176,0.003,0.0893239436619718,0.46206,"Coleoptera","Curculionidae","Scolytinae","Xyleborinus","Xyleborinus attenuatus","k__Fungi","p__Ascomycota","c__Dothideomycetes","o__Dothideales","f__Dothioraceae","g__Dothiora",NA,"negative"
"Xyleborinus attenuatus","ASV_1058",3.37527119059591,0.003,0.0893239436619718,0.46206,"Coleoptera","Curculionidae","Scolytinae","Xyleborinus","Xyleborinus attenuatus","k__Fungi","p__Ascomycota","c__Dothideomycetes","o__Pleosporales","f__Didymellaceae",NA,NA,"positive"
"Xyleborinus attenuatus","ASV_1202",-3.22784413035198,0.003,0.0893239436619718,0.46206,"Coleoptera","Curculionidae","Scolytinae","Xyleborinus","Xyleborinus attenuatus","k__Fungi","p__Ascomycota","c__Dothideomycetes","o__Dothideales","f__Saccotheciaceae","g__Aureobasidium","s__pullulans","negative"
"Xyleborinus attenuatus","ASV_1232",-3.74876658007317,0.003,0.0893239436619718,0.46206,"Coleoptera","Curculionidae","Scolytinae","Xyleborinus","Xyleborinus attenuatus","k__Fungi","p__Ascomycota",NA,NA,NA,NA,NA,"negative"
"Xyleborinus attenuatus","ASV_1235",3.46647364807764,0.003,0.0893239436619718,0.46206,"Coleoptera","Curculionidae","Scolytinae","Xyleborinus","Xyleborinus attenuatus","k__Fungi","p__Ascomycota","c__Sordariomycetes","o__Diaporthales","f__Valsaceae",NA,NA,"positive"
"Xyleborinus attenuatus","ASV_1311",-3.13546027141132,0.003,0.0893239436619718,0.46206,"Coleoptera","Curculionidae","Scolytinae","Xyleborinus","Xyleborinus attenuatus","k__Fungi","p__Ascomycota","c__Dothideomycetes","o__Dothideales","f__Dothideaceae","g__Endoconidioma",NA,"negative"
"Xyleborinus attenuatus","ASV_1441",3.40170142363638,0.003,0.0893239436619718,0.46206,"Coleoptera","Curculionidae","Scolytinae","Xyleborinus","Xyleborinus attenuatus","k__Fungi","p__Ascomycota",NA,NA,NA,NA,NA,"positive"
"Xyleborinus attenuatus","ASV_1656",-3.69952799381229,0.003,0.0893239436619718,0.46206,"Coleoptera","Curculionidae","Scolytinae","Xyleborinus","Xyleborinus attenuatus","k__Fungi","p__Basidiomycota","c__Cystobasidiomycetes",NA,NA,NA,NA,"negative"
"Xyleborinus attenuatus","ASV_1778",-3.62059848192617,0.003,0.0893239436619718,0.46206,"Coleoptera","Curculionidae","Scolytinae","Xyleborinus","Xyleborinus attenuatus","k__Fungi","p__Basidiomycota","c__Tremellomycetes","o__Filobasidiales","f__Filobasidiaceae","g__Filobasidium","s__dingjieense","negative"
"Xyleborinus attenuatus","ASV_1785",2.94100803932717,0.003,0.0893239436619718,0.46206,"Coleoptera","Curculionidae","Scolytinae","Xyleborinus","Xyleborinus attenuatus","k__Fungi",NA,NA,NA,NA,NA,NA,"positive"
"Xyleborinus attenuatus","ASV_1973",-2.89301559622006,0.003,0.0893239436619718,0.46206,"Coleoptera","Curculionidae","Scolytinae","Xyleborinus","Xyleborinus attenuatus","k__Fungi","p__Ascomycota","c__Leotiomycetes","o__Helotiales","f__Sclerotiniaceae",NA,NA,"negative"
"Xyleborinus attenuatus","ASV_2532",3.01269939529533,0.003,0.0893239436619718,0.46206,"Coleoptera","Curculionidae","Scolytinae","Xyleborinus","Xyleborinus attenuatus","k__Fungi","p__Ascomycota","c__Dothideomycetes","o__Pleosporales","f__Pseudopyrenochaetaceae","g__Pseudopyrenochaeta","s__terrestris","positive"
"Xyleborinus attenuatus","ASV_2854",-3.23090085933735,0.003,0.0893239436619718,0.46206,"Coleoptera","Curculionidae","Scolytinae","Xyleborinus","Xyleborinus attenuatus","k__Fungi","p__Ascomycota","c__Taphrinomycetes","o__Taphrinales","f__Taphrinaceae","g__Taphrina",NA,"negative"
"Xyleborinus attenuatus","ASV_2856",3.0425094843882,0.003,0.0893239436619718,0.46206,"Coleoptera","Curculionidae","Scolytinae","Xyleborinus","Xyleborinus attenuatus","k__Fungi","p__Ascomycota","c__Sordariomycetes","o__Hypocreales","f__Ophiocordycipitaceae","g__Tolypocladium","s__pustulatum","positive"
"Xyleborinus attenuatus","ASV_2895",-3.45212030111861,0.003,0.0893239436619718,0.46206,"Coleoptera","Curculionidae","Scolytinae","Xyleborinus","Xyleborinus attenuatus","k__Fungi","p__Ascomycota","c__Dothideomycetes","o__Dothideales","f__Dothideaceae",NA,NA,"negative"
"Xyleborinus attenuatus","ASV_3134",-3.27370343987697,0.003,0.0893239436619718,0.46206,"Coleoptera","Curculionidae","Scolytinae","Xyleborinus","Xyleborinus attenuatus","k__Fungi","p__Basidiomycota","c__Tremellomycetes","o__Tremellales","f__Bulleraceae","g__Fonsecazyma",NA,"negative"
"Xyleborinus attenuatus","ASV_3580",-3.10661225091661,0.003,0.0893239436619718,0.46206,"Coleoptera","Curculionidae","Scolytinae","Xyleborinus","Xyleborinus attenuatus","k__Fungi","p__Ascomycota","c__Sordariomycetes","o__Diaporthales","f__Gnomoniaceae","g__Ophiognomonia",NA,"negative"
"Xyleborinus attenuatus","ASV_4208",-2.53017781500185,0.003,0.0893239436619718,0.46206,"Coleoptera","Curculionidae","Scolytinae","Xyleborinus","Xyleborinus attenuatus","k__Fungi","p__Ascomycota","c__Leotiomycetes","o__Helotiales","f__Vibrisseaceae","g__Vibrissea","s__truncorum","negative"
"Xyleborinus attenuatus","ASV_5695",-3.28475566660422,0.003,0.0893239436619718,0.46206,"Coleoptera","Curculionidae","Scolytinae","Xyleborinus","Xyleborinus attenuatus","k__Fungi","p__Ascomycota","c__Dothideomycetes","o__Capnodiales",NA,NA,NA,"negative"
"Xyleborinus attenuatus","ASV_7123",2.24622322868908,0.003,0.0893239436619718,0.46206,"Coleoptera","Curculionidae","Scolytinae","Xyleborinus","Xyleborinus attenuatus","k__Fungi","p__Ascomycota","c__Dothideomycetes","o__Pleosporales","f__Pleosporaceae","g__Comoclathris","s__typhicola","positive"
"Xyleborinus attenuatus","ASV_7263",3.17675447437236,0.003,0.0893239436619718,0.46206,"Coleoptera","Curculionidae","Scolytinae","Xyleborinus","Xyleborinus attenuatus","k__Fungi",NA,NA,NA,NA,NA,NA,"positive"
"Xyleborinus attenuatus","ASV_7619",3.28700241008381,0.003,0.0893239436619718,0.46206,"Coleoptera","Curculionidae","Scolytinae","Xyleborinus","Xyleborinus attenuatus","k__Fungi","p__Ascomycota","c__Saccharomycetes","o__Saccharomycetales","f__Debaryomycetaceae","g__Debaryomyces",NA,"positive"
"Xyleborinus attenuatus","ASV_12424",2.59857276501447,0.003,0.0893239436619718,0.46206,"Coleoptera","Curculionidae","Scolytinae","Xyleborinus","Xyleborinus attenuatus","k__Fungi","p__Ascomycota","c__Dothideomycetes","o__Pleosporales","f__Pleosporaceae","g__Curvularia","s__protuberata","positive"
"Xyleborinus attenuatus","ASV_19693",4.08784550334782,0.003,0.0893239436619718,0.46206,"Coleoptera","Curculionidae","Scolytinae","Xyleborinus","Xyleborinus attenuatus","k__Fungi",NA,NA,NA,NA,NA,NA,"positive"
"Pityogenes hopkinsi","ASV_702",2.46889714847522,0.021,0.0896848484848485,0.670401250205626,"Coleoptera","Curculionidae","Scolytinae","Pityogenes","Pityogenes hopkinsi","k__Fungi","p__Ascomycota","c__Dothideomycetes","o__Pleosporales","f__Phaeosphaeriaceae","g__Acericola","s__italica","positive"
"Pityogenes hopkinsi","ASV_742",2.35285993805788,0.021,0.0896848484848485,0.670401250205626,"Coleoptera","Curculionidae","Scolytinae","Pityogenes","Pityogenes hopkinsi","k__Fungi","p__Ascomycota","c__Saccharomycetes","o__Saccharomycetales","f__Pichiaceae","g__Nakazawaea","s__ishiwadae","positive"
"Pityogenes hopkinsi","ASV_744",-2.3898540796901,0.021,0.0896848484848485,0.670401250205626,"Coleoptera","Curculionidae","Scolytinae","Pityogenes","Pityogenes hopkinsi","k__Fungi","p__Ascomycota","c__Leotiomycetes",NA,NA,NA,NA,"negative"
"Pityogenes hopkinsi","ASV_1157",-1.95522384051819,0.021,0.0896848484848485,0.670401250205626,"Coleoptera","Curculionidae","Scolytinae","Pityogenes","Pityogenes hopkinsi","k__Fungi","p__Ascomycota","c__Taphrinomycetes","o__Taphrinales","f__Taphrinaceae","g__Taphrina","s__betulina","negative"
"Pityogenes hopkinsi","ASV_1163",1.92733943601146,0.021,0.0896848484848485,0.670401250205626,"Coleoptera","Curculionidae","Scolytinae","Pityogenes","Pityogenes hopkinsi","k__Fungi","p__Ascomycota","c__Eurotiomycetes","o__Chaetothyriales","f__Herpotrichiellaceae","g__Capronia","s__epimyces","positive"
"Pityogenes hopkinsi","ASV_1482",-2.22381296329333,0.021,0.0896848484848485,0.670401250205626,"Coleoptera","Curculionidae","Scolytinae","Pityogenes","Pityogenes hopkinsi","k__Fungi","p__Ascomycota","c__Eurotiomycetes","o__Chaetothyriales","f__Herpotrichiellaceae","g__Exophiala",NA,"negative"
"Pityogenes hopkinsi","ASV_1637",2.22417309616881,0.021,0.0896848484848485,0.670401250205626,"Coleoptera","Curculionidae","Scolytinae","Pityogenes","Pityogenes hopkinsi","k__Fungi","p__Ascomycota","c__Sordariomycetes","o__Xylariales","f__Diatrypaceae","g__Diatrype","s__stigma","positive"
"Pityogenes hopkinsi","ASV_2056",-2.23893033335082,0.021,0.0896848484848485,0.670401250205626,"Coleoptera","Curculionidae","Scolytinae","Pityogenes","Pityogenes hopkinsi","k__Fungi","p__Ascomycota","c__Sordariomycetes","o__Hypocreales","f__Nectriaceae","g__Fusarium","s__avenaceum","negative"
"Pityogenes hopkinsi","ASV_2286",2.71090660692291,0.021,0.0896848484848485,0.670401250205626,"Coleoptera","Curculionidae","Scolytinae","Pityogenes","Pityogenes hopkinsi","k__Fungi","p__Ascomycota","c__Dothideomycetes","o__Mycosphaerellales","f__Teratosphaeriaceae",NA,NA,"positive"
"Pityogenes hopkinsi","ASV_4055",2.16115306551435,0.021,0.0896848484848485,0.670401250205626,"Coleoptera","Curculionidae","Scolytinae","Pityogenes","Pityogenes hopkinsi","k__Fungi","p__Ascomycota","c__Leotiomycetes",NA,NA,NA,NA,"positive"
"Pityogenes hopkinsi","ASV_4061",3.01717527696328,0.021,0.0896848484848485,0.670401250205626,"Coleoptera","Curculionidae","Scolytinae","Pityogenes","Pityogenes hopkinsi","k__Fungi","p__Ascomycota","c__Dothideomycetes","o__Pleosporales","f__Pleosporales_fam_Incertae_sedis","g__Antealophiotrema","s__brunneosporum","positive"
"Pityogenes hopkinsi","ASV_4353",-1.91328977097033,0.021,0.0896848484848485,0.670401250205626,"Coleoptera","Curculionidae","Scolytinae","Pityogenes","Pityogenes hopkinsi","k__Fungi","p__Ascomycota","c__Sordariomycetes","o__Xylariales","f__Diatrypaceae",NA,NA,"negative"
"Pityogenes hopkinsi","ASV_5170",-2.45117223075775,0.021,0.0896848484848485,0.670401250205626,"Coleoptera","Curculionidae","Scolytinae","Pityogenes","Pityogenes hopkinsi","k__Fungi","p__Ascomycota","c__Dothideomycetes","o__Dothideales","f__Dothideaceae","g__Coniozyma","s__leucospermi","negative"
"Pityogenes hopkinsi","ASV_5593",2.285682521852,0.021,0.0896848484848485,0.670401250205626,"Coleoptera","Curculionidae","Scolytinae","Pityogenes","Pityogenes hopkinsi","k__Fungi",NA,NA,NA,NA,NA,NA,"positive"
"Pityogenes hopkinsi","ASV_6320",2.15626842575442,0.021,0.0896848484848485,0.670401250205626,"Coleoptera","Curculionidae","Scolytinae","Pityogenes","Pityogenes hopkinsi","k__Fungi","p__Basidiomycota","c__Agaricomycetes","o__Agaricales","f__Radulomycetaceae","g__Aphanobasidium","s__pseudotsugae","positive"
"Pityogenes hopkinsi","ASV_6786",-2.37428458493618,0.021,0.0896848484848485,0.670401250205626,"Coleoptera","Curculionidae","Scolytinae","Pityogenes","Pityogenes hopkinsi","k__Fungi","p__Ascomycota",NA,NA,NA,NA,NA,"negative"
"Pityogenes hopkinsi","ASV_7348",-2.63351005104341,0.021,0.0896848484848485,0.670401250205626,"Coleoptera","Curculionidae","Scolytinae","Pityogenes","Pityogenes hopkinsi","k__Fungi","p__Ascomycota",NA,NA,NA,NA,NA,"negative"
"Pityogenes hopkinsi","ASV_7891",-2.64798852927633,0.021,0.0896848484848485,0.670401250205626,"Coleoptera","Curculionidae","Scolytinae","Pityogenes","Pityogenes hopkinsi","k__Fungi","p__Basidiomycota","c__Agaricomycetes","o__Russulales","f__Peniophoraceae","g__Peniophora","s__cinerea","negative"
"Pityogenes hopkinsi","ASV_8220",2.38019785628921,0.021,0.0896848484848485,0.670401250205626,"Coleoptera","Curculionidae","Scolytinae","Pityogenes","Pityogenes hopkinsi","k__Fungi","p__Ascomycota","c__Eurotiomycetes","o__Phaeomoniellales","f__Phaeomoniellaceae","g__Xenocylindrosporium",NA,"positive"
"Pityogenes hopkinsi","ASV_8758",-1.96394036453487,0.021,0.0896848484848485,0.670401250205626,"Coleoptera","Curculionidae","Scolytinae","Pityogenes","Pityogenes hopkinsi","k__Fungi","p__Basidiomycota","c__Tremellomycetes","o__Tremellales","f__Sirobasidiaceae","g__Sirobasidium","s__brefeldianum","negative"
"Pityogenes hopkinsi","ASV_8773",-2.28175593748187,0.021,0.0896848484848485,0.670401250205626,"Coleoptera","Curculionidae","Scolytinae","Pityogenes","Pityogenes hopkinsi","k__Fungi","p__Ascomycota","c__Leotiomycetes","o__Helotiales","f__Dermateaceae",NA,NA,"negative"
"Pityogenes hopkinsi","ASV_9124",-2.3832711312087,0.021,0.0896848484848485,0.670401250205626,"Coleoptera","Curculionidae","Scolytinae","Pityogenes","Pityogenes hopkinsi","k__Fungi","p__Basidiomycota","c__Agaricomycetes","o__Polyporales","f__Phanerochaetaceae","g__Hapalopilus","s__rutilans","negative"
"Pityogenes hopkinsi","ASV_9875",-2.17239209789547,0.021,0.0896848484848485,0.670401250205626,"Coleoptera","Curculionidae","Scolytinae","Pityogenes","Pityogenes hopkinsi","k__Fungi","p__Basidiomycota","c__Agaricomycetes","o__Polyporales","f__Irpicaceae","g__Irpex","s__lacteus","negative"
"Pityogenes hopkinsi","ASV_10719",-2.30318289080866,0.021,0.0896848484848485,0.670401250205626,"Coleoptera","Curculionidae","Scolytinae","Pityogenes","Pityogenes hopkinsi","k__Fungi","p__Basidiomycota","c__Agaricomycetes","o__Polyporales","f__Fomitopsidaceae",NA,NA,"negative"
"Pityogenes hopkinsi","ASV_10841",2.55273159404576,0.021,0.0896848484848485,0.670401250205626,"Coleoptera","Curculionidae","Scolytinae","Pityogenes","Pityogenes hopkinsi","k__Fungi","p__Ascomycota","c__Dothideomycetes","o__Venturiales","f__Venturiaceae","g__Venturia",NA,"positive"
"Pityogenes hopkinsi","ASV_13272",-2.28519494934941,0.021,0.0896848484848485,0.670401250205626,"Coleoptera","Curculionidae","Scolytinae","Pityogenes","Pityogenes hopkinsi","k__Fungi","p__Ascomycota","c__Leotiomycetes","o__Helotiales",NA,NA,NA,"negative"
"Pityogenes hopkinsi","ASV_13349",-1.89569839748356,0.021,0.0896848484848485,0.670401250205626,"Coleoptera","Curculionidae","Scolytinae","Pityogenes","Pityogenes hopkinsi","k__Fungi","p__Ascomycota","c__Dothideomycetes","o__Dothideales","f__Saccotheciaceae","g__Aureobasidium","s__pullulans","negative"
"Pityogenes hopkinsi","ASV_19456",-2.26183673249392,0.021,0.0896848484848485,0.670401250205626,"Coleoptera","Curculionidae","Scolytinae","Pityogenes","Pityogenes hopkinsi","k__Fungi","p__Ascomycota","c__Sordariomycetes",NA,NA,NA,NA,"negative"
"Pityogenes hopkinsi","ASV_25227",-3.36831762175898,0.021,0.0896848484848485,0.670401250205626,"Coleoptera","Curculionidae","Scolytinae","Pityogenes","Pityogenes hopkinsi","k__Fungi","p__Ascomycota","c__Dothideomycetes","o__Pleosporales",NA,NA,NA,"negative"
"Pityogenes hopkinsi","ASV_25714",-2.38979041238613,0.021,0.0896848484848485,0.670401250205626,"Coleoptera","Curculionidae","Scolytinae","Pityogenes","Pityogenes hopkinsi","k__Fungi","p__Basidiomycota","c__Atractiellomycetes","o__Atractiellales","f__Phleogenaceae","g__Helicogloea","s__insularis","negative"
"Pityogenes hopkinsi","ASV_82",2.06720697393979,0.022,0.0920950495049505,0.676721255349501,"Coleoptera","Curculionidae","Scolytinae","Pityogenes","Pityogenes hopkinsi","k__Fungi",NA,NA,NA,NA,NA,NA,"positive"
"Pityogenes hopkinsi","ASV_425",-2.06217335604841,0.022,0.0920950495049505,0.676721255349501,"Coleoptera","Curculionidae","Scolytinae","Pityogenes","Pityogenes hopkinsi","k__Fungi","p__Ascomycota","c__Dothideomycetes","o__Dothideales","f__Saccotheciaceae","g__Aureobasidium","s__pullulans","negative"
"Pityogenes hopkinsi","ASV_518",-1.88798550454109,0.022,0.0920950495049505,0.676721255349501,"Coleoptera","Curculionidae","Scolytinae","Pityogenes","Pityogenes hopkinsi","k__Fungi","p__Ascomycota","c__Saccharomycetes","o__Saccharomycetales","f__Phaffomycetaceae","g__Wickerhamomyces","s__alni","negative"
"Pityogenes hopkinsi","ASV_699",2.5279438893363,0.022,0.0920950495049505,0.676721255349501,"Coleoptera","Curculionidae","Scolytinae","Pityogenes","Pityogenes hopkinsi","k__Fungi","p__Ascomycota","c__Eurotiomycetes","o__Coryneliales","f__Coryneliaceae","g__Coryneliaceae_gen_Incertae_sedis",NA,"positive"
"Pityogenes hopkinsi","ASV_856",2.20754045762702,0.022,0.0920950495049505,0.676721255349501,"Coleoptera","Curculionidae","Scolytinae","Pityogenes","Pityogenes hopkinsi","k__Fungi","p__Ascomycota","c__Lecanoromycetes","o__Lecanorales",NA,NA,NA,"positive"
"Pityogenes hopkinsi","ASV_1464",2.12256117290023,0.022,0.0920950495049505,0.676721255349501,"Coleoptera","Curculionidae","Scolytinae","Pityogenes","Pityogenes hopkinsi","k__Fungi","p__Basidiomycota","c__Agaricomycetes","o__Polyporales","f__Polyporaceae","g__Fomes","s__fomentarius","positive"
"Pityogenes hopkinsi","ASV_1550",2.06348810072111,0.022,0.0920950495049505,0.676721255349501,"Coleoptera","Curculionidae","Scolytinae","Pityogenes","Pityogenes hopkinsi","k__Fungi","p__Basidiomycota","c__Agaricomycetes","o__Polyporales","f__Fomitopsidaceae","g__Fomitopsis","s__pinicola","positive"
"Pityogenes hopkinsi","ASV_2354",-2.34867026071864,0.022,0.0920950495049505,0.676721255349501,"Coleoptera","Curculionidae","Scolytinae","Pityogenes","Pityogenes hopkinsi","k__Fungi","p__Ascomycota","c__Dothideomycetes","o__Botryosphaeriales","f__Botryosphaeriaceae","g__Diplodia",NA,"negative"
"Pityogenes hopkinsi","ASV_2836",-2.46028830005696,0.022,0.0920950495049505,0.676721255349501,"Coleoptera","Curculionidae","Scolytinae","Pityogenes","Pityogenes hopkinsi","k__Fungi","p__Ascomycota","c__Dothideomycetes","o__Myriangiales","f__Elsinoaceae","g__Elsinoe","s__heveae","negative"
"Pityogenes hopkinsi","ASV_3363",2.0362933938366,0.022,0.0920950495049505,0.676721255349501,"Coleoptera","Curculionidae","Scolytinae","Pityogenes","Pityogenes hopkinsi","k__Fungi","p__Ascomycota","c__Dothideomycetes","o__Mycosphaerellales","f__Teratosphaeriaceae","g__Teratosphaeria","s__combreti","positive"
"Pityogenes hopkinsi","ASV_3669",2.71688627442113,0.022,0.0920950495049505,0.676721255349501,"Coleoptera","Curculionidae","Scolytinae","Pityogenes","Pityogenes hopkinsi","k__Fungi","p__Ascomycota",NA,NA,NA,NA,NA,"positive"
"Pityogenes hopkinsi","ASV_3996",3.74041571097958,0.022,0.0920950495049505,0.676721255349501,"Coleoptera","Curculionidae","Scolytinae","Pityogenes","Pityogenes hopkinsi","k__Fungi","p__Ascomycota","c__Leotiomycetes","o__Rhytismatales","f__Rhytismataceae","g__Coccomyces","s__strobi","positive"
"Pityogenes hopkinsi","ASV_6440",2.39789372800397,0.022,0.0920950495049505,0.676721255349501,"Coleoptera","Curculionidae","Scolytinae","Pityogenes","Pityogenes hopkinsi","k__Fungi","p__Ascomycota","c__Leotiomycetes","o__Helotiales","f__Sclerotiniaceae",NA,NA,"positive"
"Pityogenes hopkinsi","ASV_7450",-2.82611127441708,0.022,0.0920950495049505,0.676721255349501,"Coleoptera","Curculionidae","Scolytinae","Pityogenes","Pityogenes hopkinsi","k__Fungi","p__Ascomycota",NA,NA,NA,NA,NA,"negative"
"Pityogenes hopkinsi","ASV_7949",-1.83062661086083,0.022,0.0920950495049505,0.676721255349501,"Coleoptera","Curculionidae","Scolytinae","Pityogenes","Pityogenes hopkinsi","k__Fungi","p__Ascomycota",NA,NA,NA,NA,NA,"negative"
"Pityogenes hopkinsi","ASV_8091",-2.2482926344818,0.022,0.0920950495049505,0.676721255349501,"Coleoptera","Curculionidae","Scolytinae","Pityogenes","Pityogenes hopkinsi","k__Fungi","p__Ascomycota","c__Dothideomycetes","o__Mycosphaerellales","f__Mycosphaerellaceae","g__Ramularia",NA,"negative"
"Pityogenes hopkinsi","ASV_8288",-1.75712421265159,0.022,0.0920950495049505,0.676721255349501,"Coleoptera","Curculionidae","Scolytinae","Pityogenes","Pityogenes hopkinsi","k__Fungi","p__Ascomycota","c__Leotiomycetes","o__Helotiales","f__Cordieritidaceae","g__Rhymbocarpus","s__pertusariae","negative"
"Pityogenes hopkinsi","ASV_8340",-2.40490005730766,0.022,0.0920950495049505,0.676721255349501,"Coleoptera","Curculionidae","Scolytinae","Pityogenes","Pityogenes hopkinsi","k__Fungi","p__Basidiomycota","c__Cystobasidiomycetes","o__Cystobasidiales","f__Cystobasidiaceae","g__Cystobasidium","s__pinicola","negative"
"Pityogenes hopkinsi","ASV_8708",-2.59702827429275,0.022,0.0920950495049505,0.676721255349501,"Coleoptera","Curculionidae","Scolytinae","Pityogenes","Pityogenes hopkinsi","k__Fungi","p__Basidiomycota","c__Agaricomycetes","o__Polyporales","f__Ganodermataceae","g__Ganoderma",NA,"negative"
"Pityogenes hopkinsi","ASV_8937",-2.04938576343842,0.022,0.0920950495049505,0.676721255349501,"Coleoptera","Curculionidae","Scolytinae","Pityogenes","Pityogenes hopkinsi","k__Fungi","p__Ascomycota",NA,NA,NA,NA,NA,"negative"
"Pityogenes hopkinsi","ASV_9715",-2.3153276034653,0.022,0.0920950495049505,0.676721255349501,"Coleoptera","Curculionidae","Scolytinae","Pityogenes","Pityogenes hopkinsi","k__Fungi","p__Basidiomycota","c__Tremellomycetes","o__Filobasidiales","f__Filobasidiales_fam_Incertae_sedis","g__Filobasidiales_gen_Incertae_sedis",NA,"negative"
"Pityogenes hopkinsi","ASV_9769",-2.13158110461504,0.022,0.0920950495049505,0.676721255349501,"Coleoptera","Curculionidae","Scolytinae","Pityogenes","Pityogenes hopkinsi","k__Fungi","p__Ascomycota","c__Taphrinomycetes","o__Taphrinales","f__Taphrinaceae","g__Taphrina","s__inositophila","negative"
"Pityogenes hopkinsi","ASV_10323",-2.33745596237925,0.022,0.0920950495049505,0.676721255349501,"Coleoptera","Curculionidae","Scolytinae","Pityogenes","Pityogenes hopkinsi","k__Fungi",NA,NA,NA,NA,NA,NA,"negative"
"Pityogenes hopkinsi","ASV_11609",-2.21951527301684,0.022,0.0920950495049505,0.676721255349501,"Coleoptera","Curculionidae","Scolytinae","Pityogenes","Pityogenes hopkinsi","k__Fungi","p__Ascomycota","c__Dothideomycetes","o__Capnodiales","f__Cladosporiaceae","g__Cladosporium","s__herbarum","negative"
"Pityogenes hopkinsi","ASV_12348",-1.62130697144477,0.022,0.0920950495049505,0.676721255349501,"Coleoptera","Curculionidae","Scolytinae","Pityogenes","Pityogenes hopkinsi","k__Fungi","p__Ascomycota","c__Taphrinomycetes","o__Taphrinales","f__Taphrinaceae","g__Taphrina","s__caerulescens","negative"
"Pityogenes hopkinsi","ASV_12584",-2.23531467972434,0.022,0.0920950495049505,0.676721255349501,"Coleoptera","Curculionidae","Scolytinae","Pityogenes","Pityogenes hopkinsi","k__Fungi",NA,NA,NA,NA,NA,NA,"negative"
"Pityogenes hopkinsi","ASV_13847",-2.46861793925748,0.022,0.0920950495049505,0.676721255349501,"Coleoptera","Curculionidae","Scolytinae","Pityogenes","Pityogenes hopkinsi","k__Fungi","p__Basidiomycota","c__Agaricomycetes","o__Agaricomycetes_ord_Incertae_sedis","f__Xenasmataceae","g__Xenasma","s__pruinosum","negative"
"Pityogenes hopkinsi","ASV_15987",-1.98725670624156,0.022,0.0920950495049505,0.676721255349501,"Coleoptera","Curculionidae","Scolytinae","Pityogenes","Pityogenes hopkinsi","k__Fungi","p__Basidiomycota","c__Tremellomycetes","o__Tremellales",NA,NA,NA,"negative"
"Pityogenes hopkinsi","ASV_19809",-2.35840671511708,0.022,0.0920950495049505,0.676721255349501,"Coleoptera","Curculionidae","Scolytinae","Pityogenes","Pityogenes hopkinsi","k__Fungi","p__Basidiomycota","c__Spiculogloeomycetes","o__Spiculogloeales","f__Spiculogloeaceae","g__Phyllozyma","s__novozealandica","negative"
"Pityogenes hopkinsi","ASV_21046",-2.08266609102,0.022,0.0920950495049505,0.676721255349501,"Coleoptera","Curculionidae","Scolytinae","Pityogenes","Pityogenes hopkinsi","k__Fungi","p__Ascomycota","c__Dothideomycetes","o__Pleosporales","f__Didymellaceae",NA,NA,"negative"
"Pityogenes hopkinsi","ASV_3",-2.45631040720778,0.023,0.0944727979274611,0.682137665433872,"Coleoptera","Curculionidae","Scolytinae","Pityogenes","Pityogenes hopkinsi","k__Fungi","p__Ascomycota","c__Dothideomycetes","o__Dothideales","f__Saccotheciaceae","g__Aureobasidium","s__pullulans","negative"
"Pityogenes hopkinsi","ASV_461",2.13701558264441,0.023,0.0944727979274611,0.682137665433872,"Coleoptera","Curculionidae","Scolytinae","Pityogenes","Pityogenes hopkinsi","k__Fungi","p__Ascomycota",NA,NA,NA,NA,NA,"positive"
"Pityogenes hopkinsi","ASV_703",2.02891927087344,0.023,0.0944727979274611,0.682137665433872,"Coleoptera","Curculionidae","Scolytinae","Pityogenes","Pityogenes hopkinsi","k__Fungi","p__Ascomycota","c__Sordariomycetes","o__Xylariales","f__Diatrypaceae","g__Diatrype","s__stigma","positive"
"Pityogenes hopkinsi","ASV_762",2.13355863629961,0.023,0.0944727979274611,0.682137665433872,"Coleoptera","Curculionidae","Scolytinae","Pityogenes","Pityogenes hopkinsi","k__Fungi","p__Basidiomycota","c__Cystobasidiomycetes",NA,NA,NA,NA,"positive"
"Pityogenes hopkinsi","ASV_816",2.30965050317678,0.023,0.0944727979274611,0.682137665433872,"Coleoptera","Curculionidae","Scolytinae","Pityogenes","Pityogenes hopkinsi","k__Fungi","p__Ascomycota","c__Eurotiomycetes","o__Chaetothyriales",NA,NA,NA,"positive"
"Pityogenes hopkinsi","ASV_1331",2.19881609041796,0.023,0.0944727979274611,0.682137665433872,"Coleoptera","Curculionidae","Scolytinae","Pityogenes","Pityogenes hopkinsi","k__Fungi","p__Ascomycota",NA,NA,NA,NA,NA,"positive"
"Pityogenes hopkinsi","ASV_1452",-1.93765644578938,0.023,0.0944727979274611,0.682137665433872,"Coleoptera","Curculionidae","Scolytinae","Pityogenes","Pityogenes hopkinsi","k__Fungi","p__Ascomycota","c__Lecanoromycetes","o__Pertusariales","f__Pertusariaceae","g__Pertusaria","s__corallina","negative"
"Pityogenes hopkinsi","ASV_1714",-2.22613846332375,0.023,0.0944727979274611,0.682137665433872,"Coleoptera","Curculionidae","Scolytinae","Pityogenes","Pityogenes hopkinsi","k__Fungi","p__Ascomycota","c__Lecanoromycetes","o__Lecanorales","f__Catillariaceae","g__Catillaria","s__chalybeia","negative"
"Pityogenes hopkinsi","ASV_2164",2.04396895216092,0.023,0.0944727979274611,0.682137665433872,"Coleoptera","Curculionidae","Scolytinae","Pityogenes","Pityogenes hopkinsi","k__Fungi","p__Ascomycota","c__Lecanoromycetes","o__Lecanorales","f__Stereocaulaceae",NA,NA,"positive"
"Pityogenes hopkinsi","ASV_2234",3.39296139629094,0.023,0.0944727979274611,0.682137665433872,"Coleoptera","Curculionidae","Scolytinae","Pityogenes","Pityogenes hopkinsi","k__Fungi","p__Basidiomycota","c__Agaricomycetes","o__Agaricales","f__Pleurotaceae","g__Hohenbuehelia","s__atrocoerulea","positive"
"Pityogenes hopkinsi","ASV_2284",-1.76205660825819,0.023,0.0944727979274611,0.682137665433872,"Coleoptera","Curculionidae","Scolytinae","Pityogenes","Pityogenes hopkinsi","k__Fungi","p__Basidiomycota","c__Cystobasidiomycetes","o__Cystobasidiomycetes_ord_Incertae_sedis","f__Symmetrosporaceae","g__Symmetrospora","s__foliicola","negative"
"Pityogenes hopkinsi","ASV_2315",2.1799116367017,0.023,0.0944727979274611,0.682137665433872,"Coleoptera","Curculionidae","Scolytinae","Pityogenes","Pityogenes hopkinsi","k__Fungi","p__Ascomycota","c__Lecanoromycetes","o__Ostropales","f__Spirographaceae","g__Spirographa","s__fusisporella","positive"
"Pityogenes hopkinsi","ASV_3637",1.9614341679957,0.023,0.0944727979274611,0.682137665433872,"Coleoptera","Curculionidae","Scolytinae","Pityogenes","Pityogenes hopkinsi","k__Fungi","p__Ascomycota",NA,NA,NA,NA,NA,"positive"
"Pityogenes hopkinsi","ASV_3982",2.77842057072136,0.023,0.0944727979274611,0.682137665433872,"Coleoptera","Curculionidae","Scolytinae","Pityogenes","Pityogenes hopkinsi","k__Fungi","p__Ascomycota",NA,NA,NA,NA,NA,"positive"
"Pityogenes hopkinsi","ASV_4230",2.08220107905837,0.023,0.0944727979274611,0.682137665433872,"Coleoptera","Curculionidae","Scolytinae","Pityogenes","Pityogenes hopkinsi","k__Fungi","p__Ascomycota","c__Lecanoromycetes","o__Ostropales","f__Stictidaceae","g__Cryptodiscus","s__microstomus","positive"
"Pityogenes hopkinsi","ASV_7112",-1.90957488403665,0.023,0.0944727979274611,0.682137665433872,"Coleoptera","Curculionidae","Scolytinae","Pityogenes","Pityogenes hopkinsi","k__Fungi","p__Basidiomycota","c__Agaricomycetes","o__Hymenochaetales","f__Hymenochaetales_fam_Incertae_sedis","g__Trichaptum","s__abietinum","negative"
"Pityogenes hopkinsi","ASV_9313",-1.73304687663183,0.023,0.0944727979274611,0.682137665433872,"Coleoptera","Curculionidae","Scolytinae","Pityogenes","Pityogenes hopkinsi","k__Fungi","p__Ascomycota","c__Eurotiomycetes","o__Chaetothyriales","f__Trichomeriaceae","g__Knufia",NA,"negative"
"Pityogenes hopkinsi","ASV_9834",-2.33818111233278,0.023,0.0944727979274611,0.682137665433872,"Coleoptera","Curculionidae","Scolytinae","Pityogenes","Pityogenes hopkinsi","k__Fungi","p__Basidiomycota","c__Tremellomycetes","o__Tremellales","f__Bulleraceae","g__Genolevuria","s__amylolytica","negative"
"Pityogenes hopkinsi","ASV_10118",-2.27359622490385,0.023,0.0944727979274611,0.682137665433872,"Coleoptera","Curculionidae","Scolytinae","Pityogenes","Pityogenes hopkinsi","k__Fungi","p__Basidiomycota","c__Exobasidiomycetes","o__Exobasidiales","f__Exobasidiaceae","g__Exobasidium","s__dubium","negative"
"Pityogenes hopkinsi","ASV_11645",-2.83898527875127,0.023,0.0944727979274611,0.682137665433872,"Coleoptera","Curculionidae","Scolytinae","Pityogenes","Pityogenes hopkinsi","k__Fungi","p__Ascomycota","c__Lecanoromycetes","o__Lecanorales","f__Lecanoraceae","g__Lecanora",NA,"negative"
"Pityogenes hopkinsi","ASV_12356",2.32847540243253,0.023,0.0944727979274611,0.682137665433872,"Coleoptera","Curculionidae","Scolytinae","Pityogenes","Pityogenes hopkinsi","k__Fungi","p__Ascomycota","c__Sordariomycetes","o__Sordariomycetes_ord_Incertae_sedis","f__Sordariomycetes_fam_Incertae_sedis","g__Lentomitella","s__obscura","positive"
"Pityogenes hopkinsi","ASV_12488",-2.23639016524144,0.023,0.0944727979274611,0.682137665433872,"Coleoptera","Curculionidae","Scolytinae","Pityogenes","Pityogenes hopkinsi","k__Fungi","p__Basidiomycota","c__Agaricomycetes","o__Russulales","f__Lachnocladiaceae","g__Dichostereum","s__pallescens","negative"
"Pityogenes hopkinsi","ASV_15059",2.58806383812793,0.023,0.0944727979274611,0.682137665433872,"Coleoptera","Curculionidae","Scolytinae","Pityogenes","Pityogenes hopkinsi","k__Fungi","p__Ascomycota","c__Lecanoromycetes","o__Lecanorales","f__Lecanoraceae","g__Lecidella","s__albida","positive"
"Pityogenes hopkinsi","ASV_17028",-2.46955405793799,0.023,0.0944727979274611,0.682137665433872,"Coleoptera","Curculionidae","Scolytinae","Pityogenes","Pityogenes hopkinsi","k__Fungi","p__Basidiomycota","c__Agaricomycetes","o__Hymenochaetales","f__Hymenochaetaceae","g__Phellinus","s__viticola","negative"
"Pityogenes hopkinsi","ASV_20030",-2.54269638098203,0.023,0.0944727979274611,0.682137665433872,"Coleoptera","Curculionidae","Scolytinae","Pityogenes","Pityogenes hopkinsi","k__Fungi","p__Ascomycota",NA,NA,NA,NA,NA,"negative"
"Pityogenes hopkinsi","ASV_20484",-2.65846084263182,0.023,0.0944727979274611,0.682137665433872,"Coleoptera","Curculionidae","Scolytinae","Pityogenes","Pityogenes hopkinsi","k__Fungi","p__Ascomycota","c__Leotiomycetes","o__Helotiales","f__Helotiaceae","g__Fontanospora","s__fusiramosa","negative"
"Pityogenes hopkinsi","ASV_22919",-2.60975969680365,0.023,0.0944727979274611,0.682137665433872,"Coleoptera","Curculionidae","Scolytinae","Pityogenes","Pityogenes hopkinsi","k__Fungi","p__Ascomycota","c__Leotiomycetes","o__Helotiales","f__Mollisiaceae","g__Mollisia","s__diesbachiana","negative"
"Pityogenes hopkinsi","ASV_24281",-2.27741141168767,0.023,0.0944727979274611,0.682137665433872,"Coleoptera","Curculionidae","Scolytinae","Pityogenes","Pityogenes hopkinsi","k__Fungi","p__Basidiomycota","c__Agaricomycetes","o__Russulales","f__Gloeocystidiellaceae","g__Gloeocystidiellum","s__kenyense","negative"
"Pityogenes hopkinsi","ASV_24563",-2.35114557853435,0.023,0.0944727979274611,0.682137665433872,"Coleoptera","Curculionidae","Scolytinae","Pityogenes","Pityogenes hopkinsi","k__Fungi","p__Ascomycota","c__Dothideomycetes","o__Tubeufiales","f__Tubeufiaceae","g__Acanthostigma",NA,"negative"
"Hylastes opacus","ASV_10",3.77416814459807,0.002,0.0953684210526316,0.422156188818795,"Coleoptera","Curculionidae","Scolytinae","Hylastes","Hylastes opacus","k__Fungi","p__Ascomycota","c__Saccharomycetes","o__Saccharomycetales","f__Saccharomycetales_fam_Incertae_sedis","g__Candida","s__oregonensis","positive"
"Hylastes opacus","ASV_454",-2.39899060588085,0.002,0.0953684210526316,0.422156188818795,"Coleoptera","Curculionidae","Scolytinae","Hylastes","Hylastes opacus","k__Fungi","p__Ascomycota","c__Dothideomycetes","o__Dothideales","f__Dothideaceae","g__Rhizosphaera",NA,"negative"
"Hylastes opacus","ASV_525",3.62873315930316,0.002,0.0953684210526316,0.422156188818795,"Coleoptera","Curculionidae","Scolytinae","Hylastes","Hylastes opacus","k__Fungi","p__Basidiomycota","c__Agaricomycetes","o__Amylocorticiales","f__Amylocorticiaceae","g__Plicaturopsis","s__crispa","positive"
"Hylastes opacus","ASV_790",3.37181312837133,0.002,0.0953684210526316,0.422156188818795,"Coleoptera","Curculionidae","Scolytinae","Hylastes","Hylastes opacus","k__Fungi","p__Ascomycota","c__Dothideomycetes","o__Pleosporales","f__Pleosporales_fam_Incertae_sedis","g__Chaetophoma",NA,"positive"
"Hylastes opacus","ASV_792",3.23667012583937,0.002,0.0953684210526316,0.422156188818795,"Coleoptera","Curculionidae","Scolytinae","Hylastes","Hylastes opacus","k__Fungi","p__Basidiomycota","c__Agaricomycetes","o__Polyporales","f__Polyporaceae","g__Fomes","s__fomentarius","positive"
"Hylastes opacus","ASV_882",5.59812237826114,0.002,0.0953684210526316,0.422156188818795,"Coleoptera","Curculionidae","Scolytinae","Hylastes","Hylastes opacus","k__Fungi","p__Ascomycota","c__Dothideomycetes","o__Pleosporales","f__Phaeosphaeriaceae","g__Neosetophoma",NA,"positive"
"Hylastes opacus","ASV_1089",4.33619536952458,0.002,0.0953684210526316,0.422156188818795,"Coleoptera","Curculionidae","Scolytinae","Hylastes","Hylastes opacus","k__Fungi","p__Ascomycota","c__Leotiomycetes","o__Helotiales","f__Hyaloscyphaceae","g__Brunnipila",NA,"positive"
"Hylastes opacus","ASV_1262",3.21821176586446,0.002,0.0953684210526316,0.422156188818795,"Coleoptera","Curculionidae","Scolytinae","Hylastes","Hylastes opacus","k__Fungi","p__Ascomycota","c__Sordariomycetes","o__Xylariales","f__Diatrypaceae","g__Diatrypaceae_gen_Incertae_sedis",NA,"positive"
"Hylastes opacus","ASV_1464",3.10910596561989,0.002,0.0953684210526316,0.422156188818795,"Coleoptera","Curculionidae","Scolytinae","Hylastes","Hylastes opacus","k__Fungi","p__Basidiomycota","c__Agaricomycetes","o__Polyporales","f__Polyporaceae","g__Fomes","s__fomentarius","positive"
"Hylastes opacus","ASV_1584",3.67512448828496,0.002,0.0953684210526316,0.422156188818795,"Coleoptera","Curculionidae","Scolytinae","Hylastes","Hylastes opacus","k__Fungi","p__Ascomycota","c__Sordariomycetes","o__Diaporthales","f__Valsaceae","g__Cryptosphaeria","s__eunomia","positive"
"Hylastes opacus","ASV_2089",3.53283409905253,0.002,0.0953684210526316,0.422156188818795,"Coleoptera","Curculionidae","Scolytinae","Hylastes","Hylastes opacus","k__Fungi","p__Ascomycota","c__Sordariomycetes","o__Xylariales","f__Diatrypaceae","g__Diatrype","s__stigma","positive"
"Hylastes opacus","ASV_2192",2.71079693086327,0.002,0.0953684210526316,0.422156188818795,"Coleoptera","Curculionidae","Scolytinae","Hylastes","Hylastes opacus","k__Fungi","p__Basidiomycota","c__Agaricomycetes","o__Polyporales","f__Irpicaceae","g__Gloeoporus","s__dichrous","positive"
"Hylastes opacus","ASV_2325",-1.56167471005219,0.002,0.0953684210526316,0.422156188818795,"Coleoptera","Curculionidae","Scolytinae","Hylastes","Hylastes opacus","k__Fungi","p__Ascomycota","c__Sordariomycetes","o__Hypocreales","f__Hypocreales_fam_Incertae_sedis","g__Barbatosphaeria","s__varioseptata","negative"
"Hylastes opacus","ASV_2406",-2.03797137363297,0.002,0.0953684210526316,0.422156188818795,"Coleoptera","Curculionidae","Scolytinae","Hylastes","Hylastes opacus","k__Fungi","p__Basidiomycota","c__Exobasidiomycetes","o__Microstromatales","f__Microstromatales_fam_Incertae_sedis","g__Pseudomicrostroma",NA,"negative"
"Hylastes opacus","ASV_2438",-3.55064171968868,0.002,0.0953684210526316,0.422156188818795,"Coleoptera","Curculionidae","Scolytinae","Hylastes","Hylastes opacus","k__Fungi","p__Basidiomycota","c__Tremellomycetes","o__Tremellales","f__Bulleribasidiaceae","g__Vishniacozyma",NA,"negative"
"Hylastes opacus","ASV_2497",-1.63384591963442,0.002,0.0953684210526316,0.422156188818795,"Coleoptera","Curculionidae","Scolytinae","Hylastes","Hylastes opacus","k__Fungi","p__Ascomycota","c__Sordariomycetes","o__Xylariales","f__Sporocadaceae","g__Heterotruncatella",NA,"negative"
"Hylastes opacus","ASV_2552",3.51094902508188,0.002,0.0953684210526316,0.422156188818795,"Coleoptera","Curculionidae","Scolytinae","Hylastes","Hylastes opacus","k__Fungi","p__Ascomycota","c__Leotiomycetes","o__Helotiales","f__Dermateaceae","g__Naevala","s__perexigua","positive"
"Hylastes opacus","ASV_3019",5.32049900522169,0.002,0.0953684210526316,0.422156188818795,"Coleoptera","Curculionidae","Scolytinae","Hylastes","Hylastes opacus","k__Fungi","p__Ascomycota","c__Lecanoromycetes","o__Lecanorales",NA,NA,NA,"positive"
"Hylastes opacus","ASV_3108",4.27505509615986,0.002,0.0953684210526316,0.422156188818795,"Coleoptera","Curculionidae","Scolytinae","Hylastes","Hylastes opacus","k__Fungi","p__Basidiomycota","c__Agaricomycetes","o__Polyporales","f__Phanerochaetaceae","g__Bjerkandera","s__adusta","positive"
"Hylastes opacus","ASV_3208",3.66384177077955,0.002,0.0953684210526316,0.422156188818795,"Coleoptera","Curculionidae","Scolytinae","Hylastes","Hylastes opacus","k__Fungi","p__Ascomycota","c__Leotiomycetes","o__Helotiales",NA,NA,NA,"positive"
"Hylastes opacus","ASV_3381",3.94456803616181,0.002,0.0953684210526316,0.422156188818795,"Coleoptera","Curculionidae","Scolytinae","Hylastes","Hylastes opacus","k__Fungi","p__Ascomycota","c__Dothideomycetes","o__Pleosporales","f__Pleosporales_fam_Incertae_sedis","g__Chaetophoma",NA,"positive"
"Hylastes opacus","ASV_3693",3.04189625411031,0.002,0.0953684210526316,0.422156188818795,"Coleoptera","Curculionidae","Scolytinae","Hylastes","Hylastes opacus","k__Fungi","p__Basidiomycota","c__Agaricomycetes","o__Polyporales","f__Irpicaceae","g__Irpex","s__lacteus","positive"
"Hylastes opacus","ASV_3744",4.08631589670522,0.002,0.0953684210526316,0.422156188818795,"Coleoptera","Curculionidae","Scolytinae","Hylastes","Hylastes opacus","k__Fungi","p__Basidiomycota","c__Agaricomycetes","o__Agaricales","f__Tricholomataceae","g__Clitocybe","s__foetens","positive"
"Hylastes opacus","ASV_3896",3.44698528398565,0.002,0.0953684210526316,0.422156188818795,"Coleoptera","Curculionidae","Scolytinae","Hylastes","Hylastes opacus","k__Fungi","p__Basidiomycota","c__Agaricomycetes","o__Agaricales","f__Mycenaceae","g__Mycena","s__alcalina","positive"
"Hylastes opacus","ASV_4266",-2.27359051166004,0.002,0.0953684210526316,0.422156188818795,"Coleoptera","Curculionidae","Scolytinae","Hylastes","Hylastes opacus","k__Fungi","p__Ascomycota","c__Taphrinomycetes","o__Taphrinales","f__Taphrinaceae","g__Taphrina","s__confusa","negative"
"Hylastes opacus","ASV_4307",3.09908966328649,0.002,0.0953684210526316,0.422156188818795,"Coleoptera","Curculionidae","Scolytinae","Hylastes","Hylastes opacus","k__Fungi","p__Ascomycota","c__Leotiomycetes","o__Helotiales","f__Hyaloscyphaceae","g__Ciliolarina",NA,"positive"
"Hylastes opacus","ASV_4504",4.40207235697195,0.002,0.0953684210526316,0.422156188818795,"Coleoptera","Curculionidae","Scolytinae","Hylastes","Hylastes opacus","k__Fungi","p__Basidiomycota","c__Agaricomycetes","o__Agaricales","f__Radulomycetaceae","g__Radulomyces","s__paumanokensis","positive"
"Hylastes opacus","ASV_4507",3.72816079573475,0.002,0.0953684210526316,0.422156188818795,"Coleoptera","Curculionidae","Scolytinae","Hylastes","Hylastes opacus","k__Fungi","p__Basidiomycota","c__Agaricomycetes","o__Hymenochaetales","f__Schizoporaceae","g__Hyphodontia","s__alienata","positive"
"Hylastes opacus","ASV_4567",2.04052126034921,0.002,0.0953684210526316,0.422156188818795,"Coleoptera","Curculionidae","Scolytinae","Hylastes","Hylastes opacus","k__Fungi","p__Ascomycota","c__Dothideomycetes","o__Venturiales","f__Sympoventuriaceae","g__Neofusicladium",NA,"positive"
"Hylastes opacus","ASV_4640",4.82420029851037,0.002,0.0953684210526316,0.422156188818795,"Coleoptera","Curculionidae","Scolytinae","Hylastes","Hylastes opacus","k__Fungi","p__Ascomycota","c__Leotiomycetes","o__Helotiales",NA,NA,NA,"positive"
"Hylastes opacus","ASV_4851",2.96315036195065,0.002,0.0953684210526316,0.422156188818795,"Coleoptera","Curculionidae","Scolytinae","Hylastes","Hylastes opacus","k__Fungi","p__Ascomycota",NA,NA,NA,NA,NA,"positive"
"Hylastes opacus","ASV_4857",-2.55434940124184,0.002,0.0953684210526316,0.422156188818795,"Coleoptera","Curculionidae","Scolytinae","Hylastes","Hylastes opacus","k__Fungi","p__Basidiomycota","c__Tremellomycetes","o__Tremellales","f__Bulleraceae","g__Genolevuria",NA,"negative"
"Hylastes opacus","ASV_4931",3.62623943542956,0.002,0.0953684210526316,0.422156188818795,"Coleoptera","Curculionidae","Scolytinae","Hylastes","Hylastes opacus","k__Fungi","p__Ascomycota","c__Dothideomycetes","o__Pleosporales",NA,NA,NA,"positive"
"Hylastes opacus","ASV_5575",4.17334533455498,0.002,0.0953684210526316,0.422156188818795,"Coleoptera","Curculionidae","Scolytinae","Hylastes","Hylastes opacus","k__Fungi","p__Basidiomycota","c__Agaricomycetes","o__Polyporales","f__Polyporaceae","g__Daedaleopsis","s__confragosa","positive"
"Hylastes opacus","ASV_5578",4.29302507947104,0.002,0.0953684210526316,0.422156188818795,"Coleoptera","Curculionidae","Scolytinae","Hylastes","Hylastes opacus","k__Fungi","p__Basidiomycota","c__Agaricomycetes","o__Hymenochaetales","f__Hymenochaetaceae","g__Phellinus","s__piceicola","positive"
"Hylastes opacus","ASV_5953",5.38339126312381,0.002,0.0953684210526316,0.422156188818795,"Coleoptera","Curculionidae","Scolytinae","Hylastes","Hylastes opacus","k__Fungi","p__Ascomycota","c__Dothideomycetes","o__Botryosphaeriales","f__Phyllostictaceae","g__Phyllosticta",NA,"positive"
"Hylastes opacus","ASV_5957",5.00406421408303,0.002,0.0953684210526316,0.422156188818795,"Coleoptera","Curculionidae","Scolytinae","Hylastes","Hylastes opacus","k__Fungi","p__Basidiomycota","c__Agaricomycetes","o__Polyporales","f__Fomitopsidaceae","g__Piptoporus","s__betulinus","positive"
"Hylastes opacus","ASV_6402",-2.43896696641611,0.002,0.0953684210526316,0.422156188818795,"Coleoptera","Curculionidae","Scolytinae","Hylastes","Hylastes opacus","k__Fungi","p__Ascomycota","c__Dothideomycetes",NA,NA,NA,NA,"negative"
"Hylastes opacus","ASV_6403",6.79589661302337,0.002,0.0953684210526316,0.422156188818795,"Coleoptera","Curculionidae","Scolytinae","Hylastes","Hylastes opacus","k__Fungi","p__Ascomycota","c__Sordariomycetes","o__Hypocreales","f__Nectriaceae","g__Microcera","s__rubra","positive"
"Hylastes opacus","ASV_6604",4.35380090169294,0.002,0.0953684210526316,0.422156188818795,"Coleoptera","Curculionidae","Scolytinae","Hylastes","Hylastes opacus","k__Fungi","p__Ascomycota","c__Leotiomycetes","o__Helotiales","f__Sclerotiniaceae","g__Mycopappus",NA,"positive"
"Hylastes opacus","ASV_7743",5.77878992476564,0.002,0.0953684210526316,0.422156188818795,"Coleoptera","Curculionidae","Scolytinae","Hylastes","Hylastes opacus","k__Fungi","p__Ascomycota","c__Dothideomycetes","o__Capnodiales","f__Capnodiales_fam_Incertae_sedis","g__Capnodiales_gen_Incertae_sedis",NA,"positive"
"Hylastes opacus","ASV_8510",-2.33148780573266,0.002,0.0953684210526316,0.422156188818795,"Coleoptera","Curculionidae","Scolytinae","Hylastes","Hylastes opacus","k__Fungi","p__Basidiomycota","c__Cystobasidiomycetes","o__Cystobasidiomycetes_ord_Incertae_sedis","f__Symmetrosporaceae","g__Symmetrospora",NA,"negative"
"Hylastes opacus","ASV_8814",-2.44732384442658,0.002,0.0953684210526316,0.422156188818795,"Coleoptera","Curculionidae","Scolytinae","Hylastes","Hylastes opacus","k__Fungi","p__Ascomycota","c__Leotiomycetes",NA,NA,NA,NA,"negative"
"Hylastes opacus","ASV_9528",-2.32740568375349,0.002,0.0953684210526316,0.422156188818795,"Coleoptera","Curculionidae","Scolytinae","Hylastes","Hylastes opacus","k__Fungi","p__Ascomycota","c__Lecanoromycetes","o__Ostropales",NA,NA,NA,"negative"
"Hylastes opacus","ASV_9569",3.59678947562176,0.002,0.0953684210526316,0.422156188818795,"Coleoptera","Curculionidae","Scolytinae","Hylastes","Hylastes opacus","k__Fungi","p__Basidiomycota","c__Agaricomycetes","o__Polyporales","f__Steccherinaceae","g__Junghuhnia","s__nitida","positive"
"Hylastes opacus","ASV_11229",-2.19201330146476,0.002,0.0953684210526316,0.422156188818795,"Coleoptera","Curculionidae","Scolytinae","Hylastes","Hylastes opacus","k__Fungi","p__Ascomycota","c__Dothideomycetes","o__Tubeufiales","f__Wiesneriomycetaceae","g__Spissiomyces",NA,"negative"
"Hylastes opacus","ASV_11314",-2.70127162056706,0.002,0.0953684210526316,0.422156188818795,"Coleoptera","Curculionidae","Scolytinae","Hylastes","Hylastes opacus","k__Fungi","p__Ascomycota","c__Dothideomycetes","o__Dothideales","f__Dothioraceae","g__Dothiora",NA,"negative"
"Hylastes opacus","ASV_11400",-2.24385639214721,0.002,0.0953684210526316,0.422156188818795,"Coleoptera","Curculionidae","Scolytinae","Hylastes","Hylastes opacus","k__Fungi",NA,NA,NA,NA,NA,NA,"negative"
"Hylastes opacus","ASV_14167",-3.02836041535559,0.002,0.0953684210526316,0.422156188818795,"Coleoptera","Curculionidae","Scolytinae","Hylastes","Hylastes opacus","k__Fungi","p__Ascomycota","c__Leotiomycetes","o__Helotiales","f__Tympanidaceae","g__Vexillomyces",NA,"negative"
"Hylastes opacus","ASV_15679",-2.8411913185309,0.002,0.0953684210526316,0.422156188818795,"Coleoptera","Curculionidae","Scolytinae","Hylastes","Hylastes opacus","k__Fungi","p__Ascomycota","c__Orbiliomycetes","o__Orbiliales","f__Orbiliaceae","g__Retiarius","s__revayae","negative"
"Hylastes opacus","ASV_16263",4.14022332424563,0.002,0.0953684210526316,0.422156188818795,"Coleoptera","Curculionidae","Scolytinae","Hylastes","Hylastes opacus","k__Fungi","p__Ascomycota","c__Leotiomycetes","o__Helotiales",NA,NA,NA,"positive"
"Hylastes opacus","ASV_17320",-2.69360583369033,0.002,0.0953684210526316,0.422156188818795,"Coleoptera","Curculionidae","Scolytinae","Hylastes","Hylastes opacus","k__Fungi","p__Basidiomycota","c__Tremellomycetes","o__Tremellales","f__Trimorphomycetaceae","g__Sugitazyma","s__miyagiana","negative"
"Hylastes opacus","ASV_18536",-1.91751271922643,0.002,0.0953684210526316,0.422156188818795,"Coleoptera","Curculionidae","Scolytinae","Hylastes","Hylastes opacus","k__Fungi","p__Ascomycota",NA,NA,NA,NA,NA,"negative"
"Hylastes opacus","ASV_18814",-1.96725759388948,0.002,0.0953684210526316,0.422156188818795,"Coleoptera","Curculionidae","Scolytinae","Hylastes","Hylastes opacus","k__Fungi","p__Ascomycota","c__Sordariomycetes","o__Boliniales","f__Boliniaceae","g__Pseudovalsaria",NA,"negative"
"Hylastes opacus","ASV_19489",-1.7455530560474,0.002,0.0953684210526316,0.422156188818795,"Coleoptera","Curculionidae","Scolytinae","Hylastes","Hylastes opacus","k__Fungi","p__Ascomycota","c__Leotiomycetes","o__Helotiales","f__Helotiales_fam_Incertae_sedis","g__Cryptocline","s__arctostaphyli","negative"
"Hylastes opacus","ASV_20258",-2.46368701196538,0.002,0.0953684210526316,0.422156188818795,"Coleoptera","Curculionidae","Scolytinae","Hylastes","Hylastes opacus","k__Fungi","p__Ascomycota","c__Dothideomycetes","o__Pleosporales",NA,NA,NA,"negative"
"Hylastes opacus","ASV_21564",-2.61032457674311,0.002,0.0953684210526316,0.422156188818795,"Coleoptera","Curculionidae","Scolytinae","Hylastes","Hylastes opacus","k__Fungi","p__Ascomycota","c__Dothideomycetes","o__Hysteriales","f__Hysteriaceae","g__Hysterium","s__pulicare","negative"
"Asemum striatum","ASV_29",2.46440079670098,0.004,0.0953684210526316,0.490869356266599,"Coleoptera","Cerambycidae","Spondylidinae","Asemum","Asemum striatum","k__Fungi","p__Ascomycota","c__Dothideomycetes","o__Dothideales","f__Saccotheciaceae","g__Aureobasidium","s__pullulans","positive"
"Asemum striatum","ASV_51",-3.06231575981914,0.004,0.0953684210526316,0.490869356266599,"Coleoptera","Cerambycidae","Spondylidinae","Asemum","Asemum striatum","k__Fungi","p__Ascomycota","c__Dothideomycetes","o__Pleosporales","f__Pleosporaceae","g__Alternaria",NA,"negative"
"Asemum striatum","ASV_125",2.51589842254269,0.004,0.0953684210526316,0.490869356266599,"Coleoptera","Cerambycidae","Spondylidinae","Asemum","Asemum striatum","k__Fungi","p__Ascomycota","c__Dothideomycetes","o__Dothideales","f__Dothioraceae","g__Dothiora",NA,"positive"
"Asemum striatum","ASV_212",-2.4308758994468,0.004,0.0953684210526316,0.490869356266599,"Coleoptera","Cerambycidae","Spondylidinae","Asemum","Asemum striatum","k__Fungi","p__Ascomycota","c__Sordariomycetes","o__Hypocreales","f__Nectriaceae",NA,NA,"negative"
"Asemum striatum","ASV_335",-2.7992256726064,0.004,0.0953684210526316,0.490869356266599,"Coleoptera","Cerambycidae","Spondylidinae","Asemum","Asemum striatum","k__Fungi","p__Ascomycota","c__Sordariomycetes","o__Diaporthales","f__Valsaceae","g__Cytospora",NA,"negative"
"Asemum striatum","ASV_343",2.71910235449865,0.004,0.0953684210526316,0.490869356266599,"Coleoptera","Cerambycidae","Spondylidinae","Asemum","Asemum striatum","k__Fungi","p__Ascomycota","c__Taphrinomycetes","o__Taphrinales","f__Taphrinaceae","g__Taphrina","s__inositophila","positive"
"Asemum striatum","ASV_425",2.84418838526228,0.004,0.0953684210526316,0.490869356266599,"Coleoptera","Cerambycidae","Spondylidinae","Asemum","Asemum striatum","k__Fungi","p__Ascomycota","c__Dothideomycetes","o__Dothideales","f__Saccotheciaceae","g__Aureobasidium","s__pullulans","positive"
"Asemum striatum","ASV_435",2.32673351792901,0.004,0.0953684210526316,0.490869356266599,"Coleoptera","Cerambycidae","Spondylidinae","Asemum","Asemum striatum","k__Fungi","p__Ascomycota","c__Dothideomycetes","o__Dothideales","f__Saccotheciaceae","g__Aureobasidium","s__pullulans","positive"
"Asemum striatum","ASV_582",-3.07663520991048,0.004,0.0953684210526316,0.490869356266599,"Coleoptera","Cerambycidae","Spondylidinae","Asemum","Asemum striatum","k__Fungi","p__Ascomycota","c__Dothideomycetes","o__Pleosporales","f__Cucurbitariaceae","g__Parafenestella","s__ontariensis","negative"
"Asemum striatum","ASV_601",-2.97184966689213,0.004,0.0953684210526316,0.490869356266599,"Coleoptera","Cerambycidae","Spondylidinae","Asemum","Asemum striatum","k__Fungi",NA,NA,NA,NA,NA,NA,"negative"
"Asemum striatum","ASV_738",2.37964867979938,0.004,0.0953684210526316,0.490869356266599,"Coleoptera","Cerambycidae","Spondylidinae","Asemum","Asemum striatum","k__Fungi","p__Ascomycota","c__Sordariomycetes","o__Diaporthales","f__Gnomoniaceae","g__Plagiostoma",NA,"positive"
"Asemum striatum","ASV_1009",2.71237539455006,0.004,0.0953684210526316,0.490869356266599,"Coleoptera","Cerambycidae","Spondylidinae","Asemum","Asemum striatum","k__Fungi","p__Basidiomycota","c__Tremellomycetes","o__Cystofilobasidiales","f__Mrakiaceae","g__Udeniomyces","s__puniceus","positive"
"Asemum striatum","ASV_1026",-2.39533059564968,0.004,0.0953684210526316,0.490869356266599,"Coleoptera","Cerambycidae","Spondylidinae","Asemum","Asemum striatum","k__Fungi","p__Ascomycota","c__Sordariomycetes","o__Diaporthales","f__Valsaceae","g__Cytospora",NA,"negative"
"Asemum striatum","ASV_1143",-2.31978712116623,0.004,0.0953684210526316,0.490869356266599,"Coleoptera","Cerambycidae","Spondylidinae","Asemum","Asemum striatum","k__Fungi","p__Ascomycota","c__Dothideomycetes","o__Pleosporales","f__Didymellaceae",NA,NA,"negative"
"Asemum striatum","ASV_1332",-3.28579621730745,0.004,0.0953684210526316,0.490869356266599,"Coleoptera","Cerambycidae","Spondylidinae","Asemum","Asemum striatum","k__Fungi","p__Ascomycota","c__Sordariomycetes","o__Diaporthales","f__Valsaceae","g__Cytospora",NA,"negative"
"Asemum striatum","ASV_1792",-2.53698311023804,0.004,0.0953684210526316,0.490869356266599,"Coleoptera","Cerambycidae","Spondylidinae","Asemum","Asemum striatum","k__Fungi","p__Basidiomycota","c__Agaricomycetes","o__Polyporales","f__Steccherinaceae","g__Steccherinum","s__tenuissimum","negative"
"Asemum striatum","ASV_1830",-2.36898895254963,0.004,0.0953684210526316,0.490869356266599,"Coleoptera","Cerambycidae","Spondylidinae","Asemum","Asemum striatum","k__Fungi","p__Ascomycota","c__Sordariomycetes","o__Diaporthales","f__Harknessiaceae","g__Harknessia",NA,"negative"
"Asemum striatum","ASV_2637",-2.03310474054907,0.004,0.0953684210526316,0.490869356266599,"Coleoptera","Cerambycidae","Spondylidinae","Asemum","Asemum striatum","k__Fungi","p__Ascomycota",NA,NA,NA,NA,NA,"negative"
"Asemum striatum","ASV_3299",2.35567015712517,0.004,0.0953684210526316,0.490869356266599,"Coleoptera","Cerambycidae","Spondylidinae","Asemum","Asemum striatum","k__Fungi","p__Ascomycota","c__Dothideomycetes","o__Dothideales","f__Dothideaceae","g__Rhizosphaera",NA,"positive"
"Asemum striatum","ASV_3399",2.26265216624322,0.004,0.0953684210526316,0.490869356266599,"Coleoptera","Cerambycidae","Spondylidinae","Asemum","Asemum striatum","k__Fungi","p__Basidiomycota","c__Tremellomycetes","o__Tremellales","f__Cryptococcaceae","g__Teunia","s__cuniculi","positive"
"Asemum striatum","ASV_3583",2.15279590445816,0.004,0.0953684210526316,0.490869356266599,"Coleoptera","Cerambycidae","Spondylidinae","Asemum","Asemum striatum","k__Fungi","p__Basidiomycota","c__Agaricomycetes","o__Corticiales","f__Punctulariaceae","g__Dendrocorticium",NA,"positive"
"Asemum striatum","ASV_3595",1.93261731139443,0.004,0.0953684210526316,0.490869356266599,"Coleoptera","Cerambycidae","Spondylidinae","Asemum","Asemum striatum","k__Fungi","p__Basidiomycota","c__Tremellomycetes","o__Tremellales","f__Tremellaceae","g__Tremella",NA,"positive"
"Asemum striatum","ASV_4065",2.18712580627957,0.004,0.0953684210526316,0.490869356266599,"Coleoptera","Cerambycidae","Spondylidinae","Asemum","Asemum striatum","k__Fungi","p__Basidiomycota","c__Agaricomycetes","o__Agaricales","f__Pleurotaceae","g__Pleurotus","s__populinus","positive"
"Asemum striatum","ASV_4157",2.98114268928155,0.004,0.0953684210526316,0.490869356266599,"Coleoptera","Cerambycidae","Spondylidinae","Asemum","Asemum striatum","k__Fungi","p__Ascomycota","c__Sordariomycetes","o__Diaporthales","f__Erythrogloeaceae","g__Dendrostoma","s__shandongense","positive"
"Asemum striatum","ASV_4290",2.5645611006005,0.004,0.0953684210526316,0.490869356266599,"Coleoptera","Cerambycidae","Spondylidinae","Asemum","Asemum striatum","k__Fungi","p__Ascomycota","c__Dothideomycetes","o__Dothideales",NA,NA,NA,"positive"
"Asemum striatum","ASV_5009",2.26131207788145,0.004,0.0953684210526316,0.490869356266599,"Coleoptera","Cerambycidae","Spondylidinae","Asemum","Asemum striatum","k__Fungi","p__Ascomycota","c__Dothideomycetes","o__Dothideales","f__Saccotheciaceae","g__Aureobasidium","s__pullulans","positive"
"Asemum striatum","ASV_6054",2.84463414299288,0.004,0.0953684210526316,0.490869356266599,"Coleoptera","Cerambycidae","Spondylidinae","Asemum","Asemum striatum","k__Fungi","p__Basidiomycota","c__Tremellomycetes","o__Filobasidiales","f__Filobasidiaceae","g__Naganishia","s__albida","positive"
"Asemum striatum","ASV_9386",3.4479688988219,0.004,0.0953684210526316,0.490869356266599,"Coleoptera","Cerambycidae","Spondylidinae","Asemum","Asemum striatum","k__Fungi","p__Ascomycota","c__Dothideomycetes","o__Dothideales","f__Saccotheciaceae","g__Aureobasidium","s__pullulans","positive"
"Asemum striatum","ASV_9473",-2.53269805662499,0.004,0.0953684210526316,0.490869356266599,"Coleoptera","Cerambycidae","Spondylidinae","Asemum","Asemum striatum","k__Fungi","p__Ascomycota","c__Sordariomycetes","o__Diaporthales","f__Valsaceae",NA,NA,"negative"
"Asemum striatum","ASV_11314",2.87420564292161,0.004,0.0953684210526316,0.490869356266599,"Coleoptera","Cerambycidae","Spondylidinae","Asemum","Asemum striatum","k__Fungi","p__Ascomycota","c__Dothideomycetes","o__Dothideales","f__Dothioraceae","g__Dothiora",NA,"positive"
"Asemum striatum","ASV_13619",2.29403555285441,0.004,0.0953684210526316,0.490869356266599,"Coleoptera","Cerambycidae","Spondylidinae","Asemum","Asemum striatum","k__Fungi","p__Ascomycota","c__Dothideomycetes","o__Dothideales","f__Saccotheciaceae","g__Aureobasidium",NA,"positive"
"Asemum striatum","ASV_15494",2.66658219772677,0.004,0.0953684210526316,0.490869356266599,"Coleoptera","Cerambycidae","Spondylidinae","Asemum","Asemum striatum","k__Fungi","p__Ascomycota","c__Leotiomycetes","o__Helotiales","f__Hyaloscyphaceae","g__Lachnellula",NA,"positive"
"Asemum striatum","ASV_16147",2.75861354853219,0.004,0.0953684210526316,0.490869356266599,"Coleoptera","Cerambycidae","Spondylidinae","Asemum","Asemum striatum","k__Fungi","p__Basidiomycota","c__Agaricomycetes","o__Polyporales","f__Meripilaceae","g__Meripilaceae_gen_Incertae_sedis",NA,"positive"
"Asemum striatum","ASV_17035",2.82509002891974,0.004,0.0953684210526316,0.490869356266599,"Coleoptera","Cerambycidae","Spondylidinae","Asemum","Asemum striatum","k__Fungi","p__Basidiomycota","c__Tremellomycetes","o__Tremellales","f__Cryptococcaceae","g__Teunia",NA,"positive"
"Orthoperus scutellaris","ASV_139",3.46419026429329,0.003,0.0960909090909091,0.46206,"Coleoptera","Corylophidae","Corylophinae","Orthoperus","Orthoperus scutellaris","k__Fungi","p__Basidiomycota","c__Tremellomycetes","o__Tremellales","f__Cryptococcaceae","g__Kwoniella","s__pini","positive"
"Orthoperus scutellaris","ASV_189",3.06295325723869,0.003,0.0960909090909091,0.46206,"Coleoptera","Corylophidae","Corylophinae","Orthoperus","Orthoperus scutellaris","k__Fungi","p__Ascomycota","c__Dothideomycetes","o__Dothideales","f__Dothideaceae","g__Rhizosphaera",NA,"positive"
"Orthoperus scutellaris","ASV_223",-3.14755154851731,0.003,0.0960909090909091,0.46206,"Coleoptera","Corylophidae","Corylophinae","Orthoperus","Orthoperus scutellaris","k__Fungi","p__Ascomycota","c__Eurotiomycetes","o__Chaetothyriales","f__Herpotrichiellaceae","g__Exophiala","s__jeanselmei","negative"
"Orthoperus scutellaris","ASV_347",3.04279545130484,0.003,0.0960909090909091,0.46206,"Coleoptera","Corylophidae","Corylophinae","Orthoperus","Orthoperus scutellaris","k__Fungi","p__Ascomycota","c__Dothideomycetes","o__Dothideales","f__Saccotheciaceae","g__Aureobasidium","s__pullulans","positive"
"Orthoperus scutellaris","ASV_375",2.96770534809713,0.003,0.0960909090909091,0.46206,"Coleoptera","Corylophidae","Corylophinae","Orthoperus","Orthoperus scutellaris","k__Fungi","p__Ascomycota","c__Dothideomycetes","o__Dothideales","f__Saccotheciaceae","g__Aureobasidium","s__pullulans","positive"
"Orthoperus scutellaris","ASV_513",-2.80875171946282,0.003,0.0960909090909091,0.46206,"Coleoptera","Corylophidae","Corylophinae","Orthoperus","Orthoperus scutellaris","k__Fungi","p__Ascomycota","c__Eurotiomycetes","o__Phaeomoniellales",NA,NA,NA,"negative"
"Orthoperus scutellaris","ASV_551",-3.25249628535546,0.003,0.0960909090909091,0.46206,"Coleoptera","Corylophidae","Corylophinae","Orthoperus","Orthoperus scutellaris","k__Fungi","p__Ascomycota","c__Sordariomycetes","o__Diaporthales","f__Valsaceae","g__Cytospora",NA,"negative"
"Orthoperus scutellaris","ASV_559",3.3119918849611,0.003,0.0960909090909091,0.46206,"Coleoptera","Corylophidae","Corylophinae","Orthoperus","Orthoperus scutellaris","k__Fungi","p__Ascomycota","c__Dothideomycetes","o__Dothideales","f__Saccotheciaceae","g__Aureobasidium","s__pullulans","positive"
"Orthoperus scutellaris","ASV_615",-3.12456330519364,0.003,0.0960909090909091,0.46206,"Coleoptera","Corylophidae","Corylophinae","Orthoperus","Orthoperus scutellaris","k__Fungi","p__Ascomycota","c__Eurotiomycetes","o__Phaeomoniellales","f__Phaeomoniellaceae","g__Phaeomoniella",NA,"negative"
"Orthoperus scutellaris","ASV_634",3.07207603486285,0.003,0.0960909090909091,0.46206,"Coleoptera","Corylophidae","Corylophinae","Orthoperus","Orthoperus scutellaris","k__Fungi","p__Basidiomycota","c__Tremellomycetes","o__Filobasidiales","f__Filobasidiaceae","g__Filobasidiaceae_gen_Incertae_sedis",NA,"positive"
"Orthoperus scutellaris","ASV_687",-4.00537853393628,0.003,0.0960909090909091,0.46206,"Coleoptera","Corylophidae","Corylophinae","Orthoperus","Orthoperus scutellaris","k__Fungi","p__Ascomycota","c__Eurotiomycetes","o__Chaetothyriales",NA,NA,NA,"negative"
"Orthoperus scutellaris","ASV_1062",3.59247465307008,0.003,0.0960909090909091,0.46206,"Coleoptera","Corylophidae","Corylophinae","Orthoperus","Orthoperus scutellaris","k__Fungi","p__Ascomycota","c__Dothideomycetes","o__Dothideales","f__Dothioraceae","g__Dothiora",NA,"positive"
"Orthoperus scutellaris","ASV_1135",1.91591118899976,0.003,0.0960909090909091,0.46206,"Coleoptera","Corylophidae","Corylophinae","Orthoperus","Orthoperus scutellaris","k__Fungi","p__Ascomycota",NA,NA,NA,NA,NA,"positive"
"Orthoperus scutellaris","ASV_1183",-2.87378879095786,0.003,0.0960909090909091,0.46206,"Coleoptera","Corylophidae","Corylophinae","Orthoperus","Orthoperus scutellaris","k__Fungi","p__Ascomycota","c__Eurotiomycetes","o__Chaetothyriales","f__Herpotrichiellaceae",NA,NA,"negative"
"Orthoperus scutellaris","ASV_1441",-3.61396134910804,0.003,0.0960909090909091,0.46206,"Coleoptera","Corylophidae","Corylophinae","Orthoperus","Orthoperus scutellaris","k__Fungi","p__Ascomycota",NA,NA,NA,NA,NA,"negative"
"Orthoperus scutellaris","ASV_1453",3.11073521965829,0.003,0.0960909090909091,0.46206,"Coleoptera","Corylophidae","Corylophinae","Orthoperus","Orthoperus scutellaris","k__Fungi","p__Basidiomycota","c__Tremellomycetes","o__Tremellales","f__Bulleribasidiaceae","g__Vishniacozyma","s__victoriae","positive"
"Orthoperus scutellaris","ASV_1934",-2.71622342830766,0.003,0.0960909090909091,0.46206,"Coleoptera","Corylophidae","Corylophinae","Orthoperus","Orthoperus scutellaris","k__Fungi","p__Ascomycota","c__Leotiomycetes","o__Helotiales",NA,NA,NA,"negative"
"Orthoperus scutellaris","ASV_2527",2.07082074707528,0.003,0.0960909090909091,0.46206,"Coleoptera","Corylophidae","Corylophinae","Orthoperus","Orthoperus scutellaris","k__Fungi","p__Ascomycota",NA,NA,NA,NA,NA,"positive"
"Orthoperus scutellaris","ASV_2681",3.11890489596479,0.003,0.0960909090909091,0.46206,"Coleoptera","Corylophidae","Corylophinae","Orthoperus","Orthoperus scutellaris","k__Fungi","p__Basidiomycota","c__Agaricomycetes","o__Agaricales","f__Strophariaceae","g__Kuehneromyces","s__rostratus","positive"
"Orthoperus scutellaris","ASV_3506",3.79779996035704,0.003,0.0960909090909091,0.46206,"Coleoptera","Corylophidae","Corylophinae","Orthoperus","Orthoperus scutellaris","k__Fungi","p__Basidiomycota","c__Tremellomycetes","o__Tremellales","f__Cryptococcaceae","g__Teunia",NA,"positive"
"Orthoperus scutellaris","ASV_4290",3.74656216095309,0.003,0.0960909090909091,0.46206,"Coleoptera","Corylophidae","Corylophinae","Orthoperus","Orthoperus scutellaris","k__Fungi","p__Ascomycota","c__Dothideomycetes","o__Dothideales",NA,NA,NA,"positive"
"Orthoperus scutellaris","ASV_4759",3.30614605470614,0.003,0.0960909090909091,0.46206,"Coleoptera","Corylophidae","Corylophinae","Orthoperus","Orthoperus scutellaris","k__Fungi","p__Ascomycota","c__Dothideomycetes","o__Capnodiales","f__Capnodiales_fam_Incertae_sedis","g__Microcyclospora",NA,"positive"
"Orthoperus scutellaris","ASV_4963",4.9118302933723,0.003,0.0960909090909091,0.46206,"Coleoptera","Corylophidae","Corylophinae","Orthoperus","Orthoperus scutellaris","k__Fungi","p__Basidiomycota","c__Microbotryomycetes","o__Microbotryomycetes_ord_Incertae_sedis","f__Microbotryomycetes_fam_Incertae_sedis","g__Curvibasidium",NA,"positive"
"Orthoperus scutellaris","ASV_6226",2.49138283748275,0.003,0.0960909090909091,0.46206,"Coleoptera","Corylophidae","Corylophinae","Orthoperus","Orthoperus scutellaris","k__Fungi","p__Ascomycota",NA,NA,NA,NA,NA,"positive"
"Orthoperus scutellaris","ASV_7033",2.8838947832186,0.003,0.0960909090909091,0.46206,"Coleoptera","Corylophidae","Corylophinae","Orthoperus","Orthoperus scutellaris","k__Fungi","p__Basidiomycota","c__Tremellomycetes","o__Tremellales","f__Sirobasidiaceae","g__Sirobasidiaceae_gen_Incertae_sedis",NA,"positive"
"Orthoperus scutellaris","ASV_8130",2.06219920764462,0.003,0.0960909090909091,0.46206,"Coleoptera","Corylophidae","Corylophinae","Orthoperus","Orthoperus scutellaris","k__Fungi","p__Ascomycota","c__Dothideomycetes","o__Pleosporales","f__Phaeosphaeriaceae","g__Neosetophoma","s__samarorum","positive"
"Orthoperus scutellaris","ASV_8753",3.63503102890423,0.003,0.0960909090909091,0.46206,"Coleoptera","Corylophidae","Corylophinae","Orthoperus","Orthoperus scutellaris","k__Fungi","p__Ascomycota","c__Dothideomycetes",NA,NA,NA,NA,"positive"
"Orthoperus scutellaris","ASV_10628",4.09345628419508,0.003,0.0960909090909091,0.46206,"Coleoptera","Corylophidae","Corylophinae","Orthoperus","Orthoperus scutellaris","k__Fungi","p__Basidiomycota","c__Tremellomycetes","o__Tremellales","f__Bulleraceae","g__Fonsecazyma",NA,"positive"
"Orthoperus scutellaris","ASV_11071",3.40844514266004,0.003,0.0960909090909091,0.46206,"Coleoptera","Corylophidae","Corylophinae","Orthoperus","Orthoperus scutellaris","k__Fungi","p__Basidiomycota","c__Microbotryomycetes","o__Microbotryomycetes_ord_Incertae_sedis","f__Microbotryomycetes_fam_Incertae_sedis","g__Curvibasidium",NA,"positive"
"Orthoperus scutellaris","ASV_11671",3.05424659419487,0.003,0.0960909090909091,0.46206,"Coleoptera","Corylophidae","Corylophinae","Orthoperus","Orthoperus scutellaris","k__Fungi","p__Basidiomycota","c__Tremellomycetes","o__Filobasidiales","f__Filobasidiales_fam_Incertae_sedis","g__Filobasidiales_gen_Incertae_sedis",NA,"positive"
"Orthoperus scutellaris","ASV_12336",4.08503244907772,0.003,0.0960909090909091,0.46206,"Coleoptera","Corylophidae","Corylophinae","Orthoperus","Orthoperus scutellaris","k__Fungi","p__Ascomycota","c__Dothideomycetes","o__Dothideales","f__Aureobasidiaceae","g__Kabatiella",NA,"positive"
"Orthoperus scutellaris","ASV_12365",2.53454863482528,0.003,0.0960909090909091,0.46206,"Coleoptera","Corylophidae","Corylophinae","Orthoperus","Orthoperus scutellaris","k__Fungi","p__Basidiomycota","c__Tremellomycetes",NA,NA,NA,NA,"positive"
"Orthoperus scutellaris","ASV_13319",2.5854563867449,0.003,0.0960909090909091,0.46206,"Coleoptera","Corylophidae","Corylophinae","Orthoperus","Orthoperus scutellaris","k__Fungi","p__Ascomycota",NA,NA,NA,NA,NA,"positive"
"Orthoperus scutellaris","ASV_14564",2.70346269229387,0.003,0.0960909090909091,0.46206,"Coleoptera","Corylophidae","Corylophinae","Orthoperus","Orthoperus scutellaris","k__Fungi","p__Basidiomycota",NA,NA,NA,NA,NA,"positive"
"Orthoperus scutellaris","ASV_14996",2.68801087311759,0.003,0.0960909090909091,0.46206,"Coleoptera","Corylophidae","Corylophinae","Orthoperus","Orthoperus scutellaris","k__Fungi","p__Ascomycota","c__Dothideomycetes",NA,NA,NA,NA,"positive"
"Orthoperus scutellaris","ASV_15232",3.23544862628123,0.003,0.0960909090909091,0.46206,"Coleoptera","Corylophidae","Corylophinae","Orthoperus","Orthoperus scutellaris","k__Fungi","p__Basidiomycota","c__Tremellomycetes","o__Tremellales","f__Cryptococcaceae","g__Kwoniella","s__pini","positive"
"Orthoperus scutellaris","ASV_15474",2.9920126498094,0.003,0.0960909090909091,0.46206,"Coleoptera","Corylophidae","Corylophinae","Orthoperus","Orthoperus scutellaris","k__Fungi","p__Ascomycota","c__Lecanoromycetes","o__Ostropales","f__Stictidaceae",NA,NA,"positive"
"Orthoperus scutellaris","ASV_15706",2.75134748869225,0.003,0.0960909090909091,0.46206,"Coleoptera","Corylophidae","Corylophinae","Orthoperus","Orthoperus scutellaris","k__Fungi","p__Basidiomycota","c__Tremellomycetes","o__Tremellales","f__Bulleraceae","g__Genolevuria","s__pseudoamylolytica","positive"
"Orthoperus scutellaris","ASV_16952",3.66448204128264,0.003,0.0960909090909091,0.46206,"Coleoptera","Corylophidae","Corylophinae","Orthoperus","Orthoperus scutellaris","k__Fungi","p__Basidiomycota","c__Microbotryomycetes","o__Sporidiobolales","f__Sporidiobolaceae","g__Rhodosporidiobolus","s__colostri","positive"
"Orthoperus scutellaris","ASV_19801",3.28664548664402,0.003,0.0960909090909091,0.46206,"Coleoptera","Corylophidae","Corylophinae","Orthoperus","Orthoperus scutellaris","k__Fungi","p__Ascomycota","c__Dothideomycetes","o__Dothideales","f__Dothideales_fam_Incertae_sedis","g__Dothideales_gen_Incertae_sedis",NA,"positive"
"Orthoperus scutellaris","ASV_19907",2.69434208032165,0.003,0.0960909090909091,0.46206,"Coleoptera","Corylophidae","Corylophinae","Orthoperus","Orthoperus scutellaris","k__Fungi","p__Rozellomycota","c__Microsporidea","o__Amblyosporida","f__Caudosporidae","g__Caudospora","s__taleola","positive"
"Orthoperus scutellaris","ASV_21336",2.88900326703043,0.003,0.0960909090909091,0.46206,"Coleoptera","Corylophidae","Corylophinae","Orthoperus","Orthoperus scutellaris","k__Fungi",NA,NA,NA,NA,NA,NA,"positive"
"Orthoperus scutellaris","ASV_23639",3.46324237940251,0.003,0.0960909090909091,0.46206,"Coleoptera","Corylophidae","Corylophinae","Orthoperus","Orthoperus scutellaris","k__Fungi","p__Ascomycota","c__Dothideomycetes","o__Dothideales","f__Dothideaceae","g__Rhizosphaera",NA,"positive"
"Pityogenes hopkinsi","ASV_231",-2.13038191897729,0.024,0.0973196930946292,0.687686746987952,"Coleoptera","Curculionidae","Scolytinae","Pityogenes","Pityogenes hopkinsi","k__Fungi","p__Ascomycota","c__Dothideomycetes","o__Dothideales","f__Dothideaceae","g__Coniozyma","s__leucospermi","negative"
"Pityogenes hopkinsi","ASV_472",2.01799125849414,0.024,0.0973196930946292,0.687686746987952,"Coleoptera","Curculionidae","Scolytinae","Pityogenes","Pityogenes hopkinsi","k__Fungi","p__Ascomycota","c__Sordariomycetes","o__Xylariales","f__Amphisphaeriaceae","g__Monochaetia",NA,"positive"
"Pityogenes hopkinsi","ASV_639",2.21034393988422,0.024,0.0973196930946292,0.687686746987952,"Coleoptera","Curculionidae","Scolytinae","Pityogenes","Pityogenes hopkinsi","k__Fungi","p__Basidiomycota","c__Agaricomycetes","o__Agaricales","f__Schizophyllaceae","g__Schizophyllum","s__commune","positive"
"Pityogenes hopkinsi","ASV_1896",2.81105757153343,0.024,0.0973196930946292,0.687686746987952,"Coleoptera","Curculionidae","Scolytinae","Pityogenes","Pityogenes hopkinsi","k__Fungi","p__Ascomycota","c__Dothideomycetes",NA,NA,NA,NA,"positive"
"Pityogenes hopkinsi","ASV_2451",2.44430550610302,0.024,0.0973196930946292,0.687686746987952,"Coleoptera","Curculionidae","Scolytinae","Pityogenes","Pityogenes hopkinsi","k__Fungi","p__Ascomycota","c__Leotiomycetes","o__Helotiales","f__Sclerotiniaceae","g__Sclerencoelia","s__fraxinicola","positive"
"Pityogenes hopkinsi","ASV_2988",2.53108128497055,0.024,0.0973196930946292,0.687686746987952,"Coleoptera","Curculionidae","Scolytinae","Pityogenes","Pityogenes hopkinsi","k__Fungi","p__Basidiomycota","c__Agaricomycetes","o__Polyporales","f__Phanerochaetaceae","g__Bjerkandera","s__adusta","positive"
"Pityogenes hopkinsi","ASV_3231",2.09593666695246,0.024,0.0973196930946292,0.687686746987952,"Coleoptera","Curculionidae","Scolytinae","Pityogenes","Pityogenes hopkinsi","k__Fungi","p__Ascomycota","c__Sordariomycetes","o__Calosphaeriales","f__Calosphaeriaceae","g__Jattaea","s__taediosa","positive"
"Pityogenes hopkinsi","ASV_3966",-2.53682802300688,0.024,0.0973196930946292,0.687686746987952,"Coleoptera","Curculionidae","Scolytinae","Pityogenes","Pityogenes hopkinsi","k__Fungi","p__Ascomycota","c__Sordariomycetes","o__Diaporthales","f__Valsaceae","g__Cytospora","s__prunicola","negative"
"Pityogenes hopkinsi","ASV_5941",-1.6781251713979,0.024,0.0973196930946292,0.687686746987952,"Coleoptera","Curculionidae","Scolytinae","Pityogenes","Pityogenes hopkinsi","k__Fungi","p__Ascomycota","c__Dothideomycetes","o__Mycosphaerellales",NA,NA,NA,"negative"
"Pityogenes hopkinsi","ASV_8077",-2.08727493180715,0.024,0.0973196930946292,0.687686746987952,"Coleoptera","Curculionidae","Scolytinae","Pityogenes","Pityogenes hopkinsi","k__Fungi","p__Ascomycota","c__Taphrinomycetes","o__Taphrinales","f__Taphrinaceae","g__Taphrina","s__inositophila","negative"
"Pityogenes hopkinsi","ASV_8820",2.56394571456838,0.024,0.0973196930946292,0.687686746987952,"Coleoptera","Curculionidae","Scolytinae","Pityogenes","Pityogenes hopkinsi","k__Fungi","p__Basidiomycota","c__Agaricomycetes","o__Hymenochaetales","f__Hymenochaetaceae","g__Hydnoporia","s__tabacina","positive"
"Pityogenes hopkinsi","ASV_10185",-2.2499240011145,0.024,0.0973196930946292,0.687686746987952,"Coleoptera","Curculionidae","Scolytinae","Pityogenes","Pityogenes hopkinsi","k__Fungi","p__Basidiomycota","c__Tremellomycetes","o__Tremellales","f__Rhynchogastremataceae","g__Papiliotrema",NA,"negative"
"Pityogenes hopkinsi","ASV_11336",-2.47004140738686,0.024,0.0973196930946292,0.687686746987952,"Coleoptera","Curculionidae","Scolytinae","Pityogenes","Pityogenes hopkinsi","k__Fungi","p__Ascomycota","c__Dothideomycetes","o__Dothideomycetidae_ord_Incertae_sedis","f__Pseudoperisporiaceae","g__Eudimeriolum",NA,"negative"
"Pityogenes hopkinsi","ASV_12174",-2.74446072913018,0.024,0.0973196930946292,0.687686746987952,"Coleoptera","Curculionidae","Scolytinae","Pityogenes","Pityogenes hopkinsi","k__Fungi","p__Ascomycota","c__Eurotiomycetes","o__Mycocaliciales","f__Mycocaliciaceae",NA,NA,"negative"
"Pityogenes hopkinsi","ASV_15342",3.39234776114048,0.024,0.0973196930946292,0.687686746987952,"Coleoptera","Curculionidae","Scolytinae","Pityogenes","Pityogenes hopkinsi","k__Fungi","p__Ascomycota","c__Eurotiomycetes","o__Verrucariales","f__Verrucariaceae","g__Verrucariaceae_gen_Incertae_sedis",NA,"positive"
"Pityogenes hopkinsi","ASV_15869",-2.29355106492102,0.024,0.0973196930946292,0.687686746987952,"Coleoptera","Curculionidae","Scolytinae","Pityogenes","Pityogenes hopkinsi","k__Fungi","p__Ascomycota",NA,NA,NA,NA,NA,"negative"
"Pityogenes hopkinsi","ASV_17401",-1.91062164890007,0.024,0.0973196930946292,0.687686746987952,"Coleoptera","Curculionidae","Scolytinae","Pityogenes","Pityogenes hopkinsi","k__Fungi","p__Ascomycota","c__Dothideomycetes","o__Pleosporales","f__Didymosphaeriaceae","g__Paraphaeosphaeria","s__viridescens","negative"
"Pityogenes hopkinsi","ASV_18329",-2.17263406269547,0.024,0.0973196930946292,0.687686746987952,"Coleoptera","Curculionidae","Scolytinae","Pityogenes","Pityogenes hopkinsi","k__Fungi","p__Ascomycota","c__Eurotiomycetes","o__Chaetothyriales","f__Herpotrichiellaceae","g__Rhinocladiella","s__coryli","negative"
"Pityogenes hopkinsi","ASV_19012",-2.16884922600296,0.024,0.0973196930946292,0.687686746987952,"Coleoptera","Curculionidae","Scolytinae","Pityogenes","Pityogenes hopkinsi","k__Fungi","p__Ascomycota","c__Sordariomycetes","o__Xylariales","f__Sporocadaceae","g__Magnohelicospora","s__iberica","negative"
"Pityogenes hopkinsi","ASV_21320",-2.32139869501842,0.024,0.0973196930946292,0.687686746987952,"Coleoptera","Curculionidae","Scolytinae","Pityogenes","Pityogenes hopkinsi","k__Fungi","p__Ascomycota","c__Sordariomycetes","o__Xylariales","f__Sporocadaceae","g__Seimatosporium",NA,"negative"
"Pityogenes hopkinsi","ASV_418",2.23340270455722,0.025,0.0995917085427136,0.692219780846935,"Coleoptera","Curculionidae","Scolytinae","Pityogenes","Pityogenes hopkinsi","k__Fungi","p__Ascomycota","c__Sordariomycetes","o__Hypocreales","f__Nectriaceae","g__Microcera","s__physciae","positive"
"Pityogenes hopkinsi","ASV_513",2.47820970340746,0.025,0.0995917085427136,0.692219780846935,"Coleoptera","Curculionidae","Scolytinae","Pityogenes","Pityogenes hopkinsi","k__Fungi","p__Ascomycota","c__Eurotiomycetes","o__Phaeomoniellales",NA,NA,NA,"positive"
"Pityogenes hopkinsi","ASV_566",2.56999667222491,0.025,0.0995917085427136,0.692219780846935,"Coleoptera","Curculionidae","Scolytinae","Pityogenes","Pityogenes hopkinsi","k__Fungi","p__Ascomycota","c__Sordariomycetes","o__Xylariales","f__Sporocadaceae","g__Seimatosporium","s__lichenicola","positive"
"Pityogenes hopkinsi","ASV_1040",2.05215521765572,0.025,0.0995917085427136,0.692219780846935,"Coleoptera","Curculionidae","Scolytinae","Pityogenes","Pityogenes hopkinsi","k__Fungi","p__Ascomycota","c__Leotiomycetes",NA,NA,NA,NA,"positive"
"Pityogenes hopkinsi","ASV_1089",1.99266266190235,0.025,0.0995917085427136,0.692219780846935,"Coleoptera","Curculionidae","Scolytinae","Pityogenes","Pityogenes hopkinsi","k__Fungi","p__Ascomycota","c__Leotiomycetes","o__Helotiales","f__Hyaloscyphaceae","g__Brunnipila",NA,"positive"
"Pityogenes hopkinsi","ASV_1685",-1.96550196129363,0.025,0.0995917085427136,0.692219780846935,"Coleoptera","Curculionidae","Scolytinae","Pityogenes","Pityogenes hopkinsi","k__Fungi","p__Basidiomycota","c__Cystobasidiomycetes","o__Cystobasidiales","f__Cystobasidiaceae","g__Occultifur","s__kilbournensis","negative"
"Pityogenes hopkinsi","ASV_1870",2.03639459385143,0.025,0.0995917085427136,0.692219780846935,"Coleoptera","Curculionidae","Scolytinae","Pityogenes","Pityogenes hopkinsi","k__Fungi","p__Ascomycota","c__Lecanoromycetes","o__Lecanorales","f__Lecanoraceae",NA,NA,"positive"
"Pityogenes hopkinsi","ASV_2195",1.99685816398144,0.025,0.0995917085427136,0.692219780846935,"Coleoptera","Curculionidae","Scolytinae","Pityogenes","Pityogenes hopkinsi","k__Fungi",NA,NA,NA,NA,NA,NA,"positive"
"Pityogenes hopkinsi","ASV_4331",-2.24010264367005,0.025,0.0995917085427136,0.692219780846935,"Coleoptera","Curculionidae","Scolytinae","Pityogenes","Pityogenes hopkinsi","k__Fungi","p__Ascomycota","c__Dothideomycetes","o__Dothideales","f__Dothioraceae","g__Dothiora",NA,"negative"
"Pityogenes hopkinsi","ASV_5342",-2.37131917142022,0.025,0.0995917085427136,0.692219780846935,"Coleoptera","Curculionidae","Scolytinae","Pityogenes","Pityogenes hopkinsi","k__Fungi","p__Ascomycota","c__Dothideomycetes","o__Mycosphaerellales","f__Mycosphaerellaceae","g__Ramularia",NA,"negative"
"Pityogenes hopkinsi","ASV_6164",-2.14994306409322,0.025,0.0995917085427136,0.692219780846935,"Coleoptera","Curculionidae","Scolytinae","Pityogenes","Pityogenes hopkinsi","k__Fungi","p__Ascomycota","c__Lecanoromycetes","o__Lecanorales",NA,NA,NA,"negative"
"Pityogenes hopkinsi","ASV_8173",-2.4389744995524,0.025,0.0995917085427136,0.692219780846935,"Coleoptera","Curculionidae","Scolytinae","Pityogenes","Pityogenes hopkinsi","k__Fungi","p__Basidiomycota","c__Agaricomycetes","o__Hymenochaetales","f__Rickenellaceae","g__Peniophorella","s__pubera","negative"
"Pityogenes hopkinsi","ASV_8430",3.04898819948758,0.025,0.0995917085427136,0.692219780846935,"Coleoptera","Curculionidae","Scolytinae","Pityogenes","Pityogenes hopkinsi","k__Fungi",NA,NA,NA,NA,NA,NA,"positive"
"Pityogenes hopkinsi","ASV_8616",-2.00797632041375,0.025,0.0995917085427136,0.692219780846935,"Coleoptera","Curculionidae","Scolytinae","Pityogenes","Pityogenes hopkinsi","k__Fungi","p__Ascomycota","c__Dothideomycetes","o__Mycosphaerellales","f__Mycosphaerellaceae","g__Zymoseptoria",NA,"negative"
"Pityogenes hopkinsi","ASV_9383",2.33093550664172,0.025,0.0995917085427136,0.692219780846935,"Coleoptera","Curculionidae","Scolytinae","Pityogenes","Pityogenes hopkinsi","k__Fungi","p__Ascomycota","c__Leotiomycetes","o__Helotiales","f__Hyaloscyphaceae","g__Arachnopeziza","s__trabinelloides","positive"
"Pityogenes hopkinsi","ASV_9677",2.88855934108559,0.025,0.0995917085427136,0.692219780846935,"Coleoptera","Curculionidae","Scolytinae","Pityogenes","Pityogenes hopkinsi","k__Fungi","p__Ascomycota","c__Sordariomycetes","o__Hypocreales","f__Clavicipitaceae","g__Metarhiziopsis","s__microspora","positive"
"Pityogenes hopkinsi","ASV_9878",-2.73212444656188,0.025,0.0995917085427136,0.692219780846935,"Coleoptera","Curculionidae","Scolytinae","Pityogenes","Pityogenes hopkinsi","k__Fungi","p__Ascomycota","c__Lecanoromycetes","o__Caliciales",NA,NA,NA,"negative"
"Pityogenes hopkinsi","ASV_10783",-2.21835193471434,0.025,0.0995917085427136,0.692219780846935,"Coleoptera","Curculionidae","Scolytinae","Pityogenes","Pityogenes hopkinsi","k__Fungi","p__Basidiomycota","c__Cystobasidiomycetes","o__Cystobasidiomycetes_ord_Incertae_sedis","f__Symmetrosporaceae","g__Symmetrospora",NA,"negative"
"Pityogenes hopkinsi","ASV_11367",2.30260931722506,0.025,0.0995917085427136,0.692219780846935,"Coleoptera","Curculionidae","Scolytinae","Pityogenes","Pityogenes hopkinsi","k__Fungi","p__Ascomycota","c__Sordariomycetes","o__Xylariales","f__Diatrypaceae","g__Diatrype","s__stigma","positive"
"Pityogenes hopkinsi","ASV_11977",-2.16199639519122,0.025,0.0995917085427136,0.692219780846935,"Coleoptera","Curculionidae","Scolytinae","Pityogenes","Pityogenes hopkinsi","k__Fungi","p__Basidiomycota","c__Agaricomycetes","o__Russulales","f__Peniophoraceae","g__Peniophora","s__cinerea","negative"
"Pityogenes hopkinsi","ASV_12006",-2.59965547934095,0.025,0.0995917085427136,0.692219780846935,"Coleoptera","Curculionidae","Scolytinae","Pityogenes","Pityogenes hopkinsi","k__Fungi","p__Basidiomycota","c__Agaricomycetes","o__Polyporales","f__Meruliaceae","g__Scopuloides","s__hydnoides","negative"
"Pityogenes hopkinsi","ASV_12564",-2.11958704680104,0.025,0.0995917085427136,0.692219780846935,"Coleoptera","Curculionidae","Scolytinae","Pityogenes","Pityogenes hopkinsi","k__Fungi","p__Basidiomycota","c__Tremellomycetes","o__Tremellales","f__Bulleraceae","g__Fonsecazyma",NA,"negative"
"Pityogenes hopkinsi","ASV_15844",-2.00776112899869,0.025,0.0995917085427136,0.692219780846935,"Coleoptera","Curculionidae","Scolytinae","Pityogenes","Pityogenes hopkinsi","k__Fungi","p__Basidiomycota","c__Agaricomycetes","o__Polyporales","f__Fomitopsidaceae","g__Fomitopsidaceae_gen_Incertae_sedis",NA,"negative"
"Pityogenes hopkinsi","ASV_18184",-2.04386583694545,0.025,0.0995917085427136,0.692219780846935,"Coleoptera","Curculionidae","Scolytinae","Pityogenes","Pityogenes hopkinsi","k__Fungi","p__Basidiomycota","c__Tremellomycetes","o__Tremellales",NA,NA,NA,"negative"
"Pityogenes hopkinsi","ASV_18355",-2.29473062277154,0.025,0.0995917085427136,0.692219780846935,"Coleoptera","Curculionidae","Scolytinae","Pityogenes","Pityogenes hopkinsi","k__Fungi","p__Ascomycota","c__Lecanoromycetes","o__Caliciales","f__Caliciaceae","g__Amandinea","s__lecideina","negative"
"Pityogenes hopkinsi","ASV_18804",-2.39035403756116,0.025,0.0995917085427136,0.692219780846935,"Coleoptera","Curculionidae","Scolytinae","Pityogenes","Pityogenes hopkinsi","k__Fungi","p__Basidiomycota","c__Tremellomycetes","o__Tremellales","f__Bulleraceae","g__Fonsecazyma",NA,"negative"
"Pityogenes hopkinsi","ASV_20243",-2.05675800291564,0.025,0.0995917085427136,0.692219780846935,"Coleoptera","Curculionidae","Scolytinae","Pityogenes","Pityogenes hopkinsi","k__Fungi","p__Ascomycota","c__Sordariomycetes","o__Chaetosphaeriales","f__Chaetosphaeriaceae","g__Pyrigemmula","s__aurantiaca","negative"
"Pityogenes hopkinsi","ASV_20588",-3.0648027417229,0.025,0.0995917085427136,0.692219780846935,"Coleoptera","Curculionidae","Scolytinae","Pityogenes","Pityogenes hopkinsi","k__Fungi","p__Ascomycota","c__Dothideomycetes","o__Dothideales",NA,NA,NA,"negative"
