"insect_taxon","fungal_taxon","t_stat","p_perm","q_value_within_insect","q_value_global","insect_family","insect_subfamily","insect_genus","insect_species","fungal_kingdom","fungal_phylum","fungal_class","fungal_order","fungal_family","fungal_genus","fungal_species","direction"
"Pityogenes hopkinsi","ASV_164",3.11021593235453,0.001,0.042,0.668481081081081,"Curculionidae","Scolytinae","Pityogenes","Pityogenes hopkinsi","k__Fungi","p__Ascomycota","c__Dothideomycetes","o__Pleosporales","f__Cucurbitariaceae","g__Parafenestella","s__ontariensis","positive"
"Pityogenes hopkinsi","ASV_398",-3.34714220325622,0.001,0.042,0.668481081081081,"Curculionidae","Scolytinae","Pityogenes","Pityogenes hopkinsi","k__Fungi",NA,NA,NA,NA,NA,NA,"negative"
"Pityogenes hopkinsi","ASV_508",3.56862908079855,0.001,0.042,0.668481081081081,"Curculionidae","Scolytinae","Pityogenes","Pityogenes hopkinsi","k__Fungi","p__Ascomycota","c__Dothideomycetes","o__Pleosporales",NA,NA,NA,"positive"
"Pityogenes hopkinsi","ASV_554",3.66251281324551,0.001,0.042,0.668481081081081,"Curculionidae","Scolytinae","Pityogenes","Pityogenes hopkinsi","k__Fungi","p__Ascomycota","c__Dothideomycetes","o__Dothideales","f__Dothideales_fam_Incertae_sedis","g__Dothideales_gen_Incertae_sedis",NA,"positive"
"Pityogenes hopkinsi","ASV_586",3.37565988546131,0.001,0.042,0.668481081081081,"Curculionidae","Scolytinae","Pityogenes","Pityogenes hopkinsi","k__Fungi","p__Ascomycota","c__Sordariomycetes","o__Diaporthales","f__Valsaceae","g__Cytospora","s__populina","positive"
"Pityogenes hopkinsi","ASV_587",3.35430082307284,0.001,0.042,0.668481081081081,"Curculionidae","Scolytinae","Pityogenes","Pityogenes hopkinsi","k__Fungi","p__Ascomycota","c__Leotiomycetes","o__Helotiales","f__Tympanidaceae","g__Tympanis",NA,"positive"
"Pityogenes hopkinsi","ASV_665",3.20319561189053,0.001,0.042,0.668481081081081,"Curculionidae","Scolytinae","Pityogenes","Pityogenes hopkinsi","k__Fungi","p__Basidiomycota","c__Agaricomycetes","o__Polyporales","f__Fomitopsidaceae","g__Piptoporus","s__betulinus","positive"
"Pityogenes hopkinsi","ASV_667",3.55526677238677,0.001,0.042,0.668481081081081,"Curculionidae","Scolytinae","Pityogenes","Pityogenes hopkinsi","k__Fungi","p__Ascomycota","c__Sordariomycetes","o__Hypocreales","f__Nectriaceae","g__Nectria","s__cinnabarina","positive"
"Pityogenes hopkinsi","ASV_1010",-3.17618932403178,0.001,0.042,0.668481081081081,"Curculionidae","Scolytinae","Pityogenes","Pityogenes hopkinsi","k__Fungi","p__Ascomycota","c__Dothideomycetes","o__Pleosporales","f__Phaeosphaeriaceae","g__Setophaeosphaeria","s__badalingensis","negative"
"Pityogenes hopkinsi","ASV_1025",2.83388474352734,0.001,0.042,0.668481081081081,"Curculionidae","Scolytinae","Pityogenes","Pityogenes hopkinsi","k__Fungi","p__Ascomycota","c__Dothideomycetes","o__Capnodiales","f__Cladosporiaceae","g__Cladosporium","s__domesticum","positive"
"Pityogenes hopkinsi","ASV_1142",5.26504012039391,0.001,0.042,0.668481081081081,"Curculionidae","Scolytinae","Pityogenes","Pityogenes hopkinsi","k__Fungi","p__Ascomycota",NA,NA,NA,NA,NA,"positive"
"Pityogenes hopkinsi","ASV_1162",3.36960420876248,0.001,0.042,0.668481081081081,"Curculionidae","Scolytinae","Pityogenes","Pityogenes hopkinsi","k__Fungi","p__Ascomycota",NA,NA,NA,NA,NA,"positive"
"Pityogenes hopkinsi","ASV_1251",3.1966231814717,0.001,0.042,0.668481081081081,"Curculionidae","Scolytinae","Pityogenes","Pityogenes hopkinsi","k__Fungi","p__Ascomycota","c__Lecanoromycetes","o__Lecanorales","f__Catillariaceae","g__Catillaria","s__chalybeia","positive"
"Pityogenes hopkinsi","ASV_1274",4.87661260593424,0.001,0.042,0.668481081081081,"Curculionidae","Scolytinae","Pityogenes","Pityogenes hopkinsi","k__Fungi","p__Ascomycota","c__Dothideomycetes",NA,NA,NA,NA,"positive"
"Pityogenes hopkinsi","ASV_1337",4.54896993792295,0.001,0.042,0.668481081081081,"Curculionidae","Scolytinae","Pityogenes","Pityogenes hopkinsi","k__Fungi","p__Ascomycota","c__Dothideomycetes","o__Pleosporales","f__Pleomonodictydaceae","g__Pleomonodictys","s__descalsii","positive"
"Pityogenes hopkinsi","ASV_1387",4.08722512655897,0.001,0.042,0.668481081081081,"Curculionidae","Scolytinae","Pityogenes","Pityogenes hopkinsi","k__Fungi","p__Ascomycota","c__Dothideomycetes","o__Mytilinidiales","f__Mytilinidiaceae","g__Mytilinidion","s__insulare","positive"
"Pityogenes hopkinsi","ASV_1452",-3.19306691561331,0.001,0.042,0.668481081081081,"Curculionidae","Scolytinae","Pityogenes","Pityogenes hopkinsi","k__Fungi","p__Ascomycota","c__Lecanoromycetes","o__Pertusariales","f__Pertusariaceae","g__Pertusaria","s__corallina","negative"
"Pityogenes hopkinsi","ASV_1477",2.997025134787,0.001,0.042,0.668481081081081,"Curculionidae","Scolytinae","Pityogenes","Pityogenes hopkinsi","k__Fungi","p__Basidiomycota","c__Exobasidiomycetes","o__Exobasidiales","f__Exobasidiaceae","g__Exobasidium",NA,"positive"
"Pityogenes hopkinsi","ASV_1494",3.79692176919254,0.001,0.042,0.668481081081081,"Curculionidae","Scolytinae","Pityogenes","Pityogenes hopkinsi","k__Fungi","p__Basidiomycota","c__Agaricomycetes","o__Polyporales","f__Polyporaceae","g__Trametes","s__gibbosa","positive"
"Pityogenes hopkinsi","ASV_1681",5.63499122434616,0.001,0.042,0.668481081081081,"Curculionidae","Scolytinae","Pityogenes","Pityogenes hopkinsi","k__Fungi","p__Ascomycota","c__Leotiomycetes","o__Rhytismatales","f__Rhytismataceae","g__Lophodermium","s__nitens","positive"
"Pityogenes hopkinsi","ASV_1698",3.96488039039815,0.001,0.042,0.668481081081081,"Curculionidae","Scolytinae","Pityogenes","Pityogenes hopkinsi","k__Fungi","p__Ascomycota",NA,NA,NA,NA,NA,"positive"
"Pityogenes hopkinsi","ASV_1718",3.2976377111287,0.001,0.042,0.668481081081081,"Curculionidae","Scolytinae","Pityogenes","Pityogenes hopkinsi","k__Fungi","p__Basidiomycota","c__Cystobasidiomycetes","o__Cystobasidiomycetes_ord_Incertae_sedis","f__Cystobasidiomycetes_fam_Incertae_sedis","g__Cystobasidiomycetes_gen_Incertae_sedis",NA,"positive"
"Pityogenes hopkinsi","ASV_1728",3.03197845364174,0.001,0.042,0.668481081081081,"Curculionidae","Scolytinae","Pityogenes","Pityogenes hopkinsi","k__Fungi","p__Basidiomycota","c__Exobasidiomycetes","o__Exobasidiales","f__Exobasidiaceae","g__Exobasidium",NA,"positive"
"Pityogenes hopkinsi","ASV_1784",4.87019281342613,0.001,0.042,0.668481081081081,"Curculionidae","Scolytinae","Pityogenes","Pityogenes hopkinsi","k__Fungi","p__Ascomycota","c__Leotiomycetes","o__Helotiales","f__Lachnaceae","g__Proliferodiscus","s__tricolor","positive"
"Pityogenes hopkinsi","ASV_1820",4.69587753881502,0.001,0.042,0.668481081081081,"Curculionidae","Scolytinae","Pityogenes","Pityogenes hopkinsi","k__Fungi","p__Basidiomycota","c__Agaricomycetes","o__Hymenochaetales","f__Rickenellaceae","g__Resinicium","s__bicolor","positive"
"Pityogenes hopkinsi","ASV_1822",-3.79584054968702,0.001,0.042,0.668481081081081,"Curculionidae","Scolytinae","Pityogenes","Pityogenes hopkinsi","k__Fungi","p__Ascomycota","c__Dothideomycetes","o__Pleosporales","f__Phaeosphaeriaceae","g__Leptospora","s__rubella","negative"
"Pityogenes hopkinsi","ASV_1826",3.265430502737,0.001,0.042,0.668481081081081,"Curculionidae","Scolytinae","Pityogenes","Pityogenes hopkinsi","k__Fungi","p__Basidiomycota","c__Agaricomycetes","o__Polyporales","f__Phanerochaetaceae","g__Bjerkandera","s__adusta","positive"
"Pityogenes hopkinsi","ASV_1886",-2.81237832420516,0.001,0.042,0.668481081081081,"Curculionidae","Scolytinae","Pityogenes","Pityogenes hopkinsi","k__Fungi","p__Ascomycota","c__Eurotiomycetes","o__Chaetothyriales","f__Herpotrichiellaceae","g__Melanchlenus",NA,"negative"
"Pityogenes hopkinsi","ASV_1923",4.20253500146313,0.001,0.042,0.668481081081081,"Curculionidae","Scolytinae","Pityogenes","Pityogenes hopkinsi","k__Fungi","p__Ascomycota","c__Leotiomycetes","o__Helotiales","f__Helotiaceae","g__Claussenomyces","s__olivaceus","positive"
"Pityogenes hopkinsi","ASV_2013",3.92540939060549,0.001,0.042,0.668481081081081,"Curculionidae","Scolytinae","Pityogenes","Pityogenes hopkinsi","k__Fungi",NA,NA,NA,NA,NA,NA,"positive"
"Pityogenes hopkinsi","ASV_2110",4.74545054856308,0.001,0.042,0.668481081081081,"Curculionidae","Scolytinae","Pityogenes","Pityogenes hopkinsi","k__Fungi","p__Ascomycota","c__Eurotiomycetes","o__Chaetothyriales","f__Trichomeriaceae","g__Alatosessilispora",NA,"positive"
"Pityogenes hopkinsi","ASV_2144",4.65542178573751,0.001,0.042,0.668481081081081,"Curculionidae","Scolytinae","Pityogenes","Pityogenes hopkinsi","k__Fungi","p__Basidiomycota","c__Tremellomycetes","o__Tremellales",NA,NA,NA,"positive"
"Pityogenes hopkinsi","ASV_2272",2.9790672762366,0.001,0.042,0.668481081081081,"Curculionidae","Scolytinae","Pityogenes","Pityogenes hopkinsi","k__Fungi","p__Ascomycota","c__Sordariomycetes","o__Xylariales","f__Lopadostomataceae","g__Lopadostoma",NA,"positive"
"Pityogenes hopkinsi","ASV_2323",2.8817185560276,0.001,0.042,0.668481081081081,"Curculionidae","Scolytinae","Pityogenes","Pityogenes hopkinsi","k__Fungi","p__Ascomycota","c__Lecanoromycetes","o__Lecanorales","f__Catillariaceae","g__Catillaria","s__chalybeia","positive"
"Pityogenes hopkinsi","ASV_2380",3.58448201217239,0.001,0.042,0.668481081081081,"Curculionidae","Scolytinae","Pityogenes","Pityogenes hopkinsi","k__Fungi","p__Basidiomycota","c__Agaricomycetes","o__Polyporales","f__Fomitopsidaceae","g__Fomitopsis","s__pinicola","positive"
"Pityogenes hopkinsi","ASV_2432",4.21649179797018,0.001,0.042,0.668481081081081,"Curculionidae","Scolytinae","Pityogenes","Pityogenes hopkinsi","k__Fungi","p__Ascomycota","c__Dothideomycetes","o__Dothideales","f__Dothideaceae","g__Celosporium",NA,"positive"
"Pityogenes hopkinsi","ASV_2521",-3.86062290819035,0.001,0.042,0.668481081081081,"Curculionidae","Scolytinae","Pityogenes","Pityogenes hopkinsi","k__Fungi","p__Ascomycota","c__Eurotiomycetes","o__Chaetothyriales","f__Herpotrichiellaceae","g__Melanchlenus",NA,"negative"
"Pityogenes hopkinsi","ASV_2529",-3.19159107508755,0.001,0.042,0.668481081081081,"Curculionidae","Scolytinae","Pityogenes","Pityogenes hopkinsi","k__Fungi","p__Basidiomycota","c__Tremellomycetes","o__Tremellales","f__Tremellales_fam_Incertae_sedis","g__Tremellales_gen_Incertae_sedis",NA,"negative"
"Pityogenes hopkinsi","ASV_2687",-3.08123959878889,0.001,0.042,0.668481081081081,"Curculionidae","Scolytinae","Pityogenes","Pityogenes hopkinsi","k__Fungi","p__Basidiomycota","c__Tremellomycetes","o__Tremellales","f__Trimorphomycetaceae","g__Trimorphomyces",NA,"negative"
"Pityogenes hopkinsi","ASV_2741",4.1124114833868,0.001,0.042,0.668481081081081,"Curculionidae","Scolytinae","Pityogenes","Pityogenes hopkinsi","k__Fungi","p__Ascomycota","c__Sordariomycetes","o__Diaporthales","f__Valsaceae","g__Cytospora",NA,"positive"
"Pityogenes hopkinsi","ASV_2886",4.36755165840525,0.001,0.042,0.668481081081081,"Curculionidae","Scolytinae","Pityogenes","Pityogenes hopkinsi","k__Fungi","p__Ascomycota","c__Eurotiomycetes","o__Chaetothyriales","f__Trichomeriaceae","g__Trichomerium",NA,"positive"
"Pityogenes hopkinsi","ASV_2892",4.57243423184393,0.001,0.042,0.668481081081081,"Curculionidae","Scolytinae","Pityogenes","Pityogenes hopkinsi","k__Fungi","p__Ascomycota","c__Dothideomycetes","o__Pleosporales","f__Lentitheciaceae","g__Pleurophoma",NA,"positive"
"Pityogenes hopkinsi","ASV_3169",5.00707615738462,0.001,0.042,0.668481081081081,"Curculionidae","Scolytinae","Pityogenes","Pityogenes hopkinsi","k__Fungi","p__Ascomycota","c__Arthoniomycetes","o__Lichenostigmatales","f__Phaeococcomycetaceae","g__Phaeococcomycetaceae_gen_Incertae_sedis",NA,"positive"
"Pityogenes hopkinsi","ASV_3208",5.65507282760035,0.001,0.042,0.668481081081081,"Curculionidae","Scolytinae","Pityogenes","Pityogenes hopkinsi","k__Fungi","p__Ascomycota","c__Leotiomycetes","o__Helotiales",NA,NA,NA,"positive"
"Pityogenes hopkinsi","ASV_3239",6.24856328325207,0.001,0.042,0.668481081081081,"Curculionidae","Scolytinae","Pityogenes","Pityogenes hopkinsi","k__Fungi","p__Basidiomycota",NA,NA,NA,NA,NA,"positive"
"Pityogenes hopkinsi","ASV_3582",2.85996316479749,0.001,0.042,0.668481081081081,"Curculionidae","Scolytinae","Pityogenes","Pityogenes hopkinsi","k__Fungi","p__Basidiomycota","c__Agaricomycetes","o__Gloeophyllales","f__Gloeophyllaceae","g__Gloeophyllum","s__sepiarium","positive"
"Pityogenes hopkinsi","ASV_3677",-3.64921296234053,0.001,0.042,0.668481081081081,"Curculionidae","Scolytinae","Pityogenes","Pityogenes hopkinsi","k__Fungi","p__Ascomycota",NA,NA,NA,NA,NA,"negative"
"Pityogenes hopkinsi","ASV_3713",3.10487537053429,0.001,0.042,0.668481081081081,"Curculionidae","Scolytinae","Pityogenes","Pityogenes hopkinsi","k__Fungi","p__Ascomycota","c__Sordariomycetes","o__Calosphaeriales","f__Calosphaeriaceae","g__Jattaea",NA,"positive"
"Pityogenes hopkinsi","ASV_3834",3.12018598538334,0.001,0.042,0.668481081081081,"Curculionidae","Scolytinae","Pityogenes","Pityogenes hopkinsi","k__Fungi","p__Basidiomycota","c__Agaricomycetes","o__Auriculariales","f__Hyaloriaceae","g__Stypella","s__grilletii","positive"
"Pityogenes hopkinsi","ASV_3987",3.90260353298134,0.001,0.042,0.668481081081081,"Curculionidae","Scolytinae","Pityogenes","Pityogenes hopkinsi","k__Fungi","p__Basidiomycota","c__Agaricomycetes","o__Hymenochaetales","f__Tubulicrinaceae","g__Tubulicrinis","s__subulatus","positive"
"Pityogenes hopkinsi","ASV_3997",-3.17320247118506,0.001,0.042,0.668481081081081,"Curculionidae","Scolytinae","Pityogenes","Pityogenes hopkinsi","k__Fungi","p__Ascomycota",NA,NA,NA,NA,NA,"negative"
"Pityogenes hopkinsi","ASV_4216",-2.84078427412953,0.001,0.042,0.668481081081081,"Curculionidae","Scolytinae","Pityogenes","Pityogenes hopkinsi","k__Fungi","p__Ascomycota","c__Dothideomycetes","o__Pleosporales","f__Didymosphaeriaceae","g__Paracamarosporium",NA,"negative"
"Pityogenes hopkinsi","ASV_4296",-3.28424274484814,0.001,0.042,0.668481081081081,"Curculionidae","Scolytinae","Pityogenes","Pityogenes hopkinsi","k__Fungi",NA,NA,NA,NA,NA,NA,"negative"
"Pityogenes hopkinsi","ASV_4336",-3.66555026909094,0.001,0.042,0.668481081081081,"Curculionidae","Scolytinae","Pityogenes","Pityogenes hopkinsi","k__Fungi","p__Ascomycota","c__Saccharomycetes","o__Saccharomycetales","f__Saccharomycodaceae","g__Hanseniaspora",NA,"negative"
"Pityogenes hopkinsi","ASV_4376",-3.86342376172743,0.001,0.042,0.668481081081081,"Curculionidae","Scolytinae","Pityogenes","Pityogenes hopkinsi","k__Fungi","p__Ascomycota",NA,NA,NA,NA,NA,"negative"
"Pityogenes hopkinsi","ASV_4505",3.20352444997204,0.001,0.042,0.668481081081081,"Curculionidae","Scolytinae","Pityogenes","Pityogenes hopkinsi","k__Fungi",NA,NA,NA,NA,NA,NA,"positive"
"Pityogenes hopkinsi","ASV_4708",4.02805924359144,0.001,0.042,0.668481081081081,"Curculionidae","Scolytinae","Pityogenes","Pityogenes hopkinsi","k__Fungi","p__Ascomycota","c__Eurotiomycetes","o__Chaetothyriales","f__Epibryaceae","g__Epibryon","s__interlamellare","positive"
"Pityogenes hopkinsi","ASV_4856",-3.53890070150512,0.001,0.042,0.668481081081081,"Curculionidae","Scolytinae","Pityogenes","Pityogenes hopkinsi","k__Fungi","p__Ascomycota","c__Dothideomycetes","o__Pleosporales","f__Pleosporaceae","g__Stemphylium","s__globuliferum","negative"
"Pityogenes hopkinsi","ASV_5285",-3.53183103169637,0.001,0.042,0.668481081081081,"Curculionidae","Scolytinae","Pityogenes","Pityogenes hopkinsi","k__Fungi","p__Ascomycota","c__Taphrinomycetes","o__Taphrinales","f__Taphrinaceae","g__Taphrina",NA,"negative"
"Pityogenes hopkinsi","ASV_5297",-3.30941140457082,0.001,0.042,0.668481081081081,"Curculionidae","Scolytinae","Pityogenes","Pityogenes hopkinsi","k__Fungi","p__Ascomycota",NA,NA,NA,NA,NA,"negative"
"Pityogenes hopkinsi","ASV_5562",-3.05960293211688,0.001,0.042,0.668481081081081,"Curculionidae","Scolytinae","Pityogenes","Pityogenes hopkinsi","k__Fungi",NA,NA,NA,NA,NA,NA,"negative"
"Pityogenes hopkinsi","ASV_5575",2.87455994438954,0.001,0.042,0.668481081081081,"Curculionidae","Scolytinae","Pityogenes","Pityogenes hopkinsi","k__Fungi","p__Basidiomycota","c__Agaricomycetes","o__Polyporales","f__Polyporaceae","g__Daedaleopsis","s__confragosa","positive"
"Pityogenes hopkinsi","ASV_5578",3.95681700957451,0.001,0.042,0.668481081081081,"Curculionidae","Scolytinae","Pityogenes","Pityogenes hopkinsi","k__Fungi","p__Basidiomycota","c__Agaricomycetes","o__Hymenochaetales","f__Hymenochaetaceae","g__Phellinus","s__piceicola","positive"
"Pityogenes hopkinsi","ASV_5641",-2.53045818570775,0.001,0.042,0.668481081081081,"Curculionidae","Scolytinae","Pityogenes","Pityogenes hopkinsi","k__Fungi","p__Ascomycota","c__Dothideomycetes","o__Pleosporales","f__Didymosphaeriaceae","g__Paracamarosporium",NA,"negative"
"Pityogenes hopkinsi","ASV_5760",-3.21615801876506,0.001,0.042,0.668481081081081,"Curculionidae","Scolytinae","Pityogenes","Pityogenes hopkinsi","k__Fungi","p__Basidiomycota","c__Tremellomycetes","o__Tremellales","f__Bulleribasidiaceae","g__Dioszegia","s__changbaiensis","negative"
"Pityogenes hopkinsi","ASV_5855",3.14714638138081,0.001,0.042,0.668481081081081,"Curculionidae","Scolytinae","Pityogenes","Pityogenes hopkinsi","k__Fungi","p__Ascomycota","c__Dothideomycetes","o__Pleosporales",NA,NA,NA,"positive"
"Pityogenes hopkinsi","ASV_6125",2.87517205988412,0.001,0.042,0.668481081081081,"Curculionidae","Scolytinae","Pityogenes","Pityogenes hopkinsi","k__Fungi","p__Ascomycota","c__Dothideomycetes","o__Venturiales","f__Venturiaceae","g__Venturia",NA,"positive"
"Pityogenes hopkinsi","ASV_6148",3.05755266344422,0.001,0.042,0.668481081081081,"Curculionidae","Scolytinae","Pityogenes","Pityogenes hopkinsi","k__Fungi","p__Ascomycota","c__Dothideomycetes","o__Pleosporales","f__Lophiotremataceae","g__Atrocalyx","s__nordicus","positive"
"Pityogenes hopkinsi","ASV_6326",-3.40643993914211,0.001,0.042,0.668481081081081,"Curculionidae","Scolytinae","Pityogenes","Pityogenes hopkinsi","k__Fungi","p__Ascomycota","c__Dothideomycetes","o__Pleosporales","f__Didymosphaeriaceae","g__Paracamarosporium",NA,"negative"
"Pityogenes hopkinsi","ASV_6331",5.85071399045068,0.001,0.042,0.668481081081081,"Curculionidae","Scolytinae","Pityogenes","Pityogenes hopkinsi","k__Fungi","p__Ascomycota","c__Sordariomycetes","o__Xylariales","f__Graphostromataceae","g__Graphostroma",NA,"positive"
"Pityogenes hopkinsi","ASV_6464",-2.14037173212311,0.001,0.042,0.668481081081081,"Curculionidae","Scolytinae","Pityogenes","Pityogenes hopkinsi","k__Fungi","p__Ascomycota",NA,NA,NA,NA,NA,"negative"
"Pityogenes hopkinsi","ASV_6690",-2.46871614081308,0.001,0.042,0.668481081081081,"Curculionidae","Scolytinae","Pityogenes","Pityogenes hopkinsi","k__Fungi","p__Ascomycota",NA,NA,NA,NA,NA,"negative"
"Pityogenes hopkinsi","ASV_7092",-3.20104992849874,0.001,0.042,0.668481081081081,"Curculionidae","Scolytinae","Pityogenes","Pityogenes hopkinsi","k__Fungi","p__Ascomycota","c__Eurotiomycetes","o__Mycocaliciales","f__Mycocaliciaceae","g__Chaenothecopsis",NA,"negative"
"Pityogenes hopkinsi","ASV_7183",-3.50840562570629,0.001,0.042,0.668481081081081,"Curculionidae","Scolytinae","Pityogenes","Pityogenes hopkinsi","k__Fungi","p__Basidiomycota","c__Agaricomycetes","o__Polyporales","f__Irpicaceae","g__Irpex","s__lacteus","negative"
"Pityogenes hopkinsi","ASV_7334",-3.44230404063878,0.001,0.042,0.668481081081081,"Curculionidae","Scolytinae","Pityogenes","Pityogenes hopkinsi","k__Fungi","p__Basidiomycota","c__Agaricomycetes","o__Agaricales","f__Mycenaceae","g__Mycena",NA,"negative"
"Pityogenes hopkinsi","ASV_7449",-3.38726137169096,0.001,0.042,0.668481081081081,"Curculionidae","Scolytinae","Pityogenes","Pityogenes hopkinsi","k__Fungi","p__Ascomycota","c__Dothideomycetes","o__Mycosphaerellales","f__Teratosphaeriaceae",NA,NA,"negative"
"Pityogenes hopkinsi","ASV_7659",3.99496774393643,0.001,0.042,0.668481081081081,"Curculionidae","Scolytinae","Pityogenes","Pityogenes hopkinsi","k__Fungi","p__Ascomycota","c__Sordariomycetes","o__Togniniales","f__Togniniaceae","g__Phaeoacremonium","s__angustius","positive"
"Pityogenes hopkinsi","ASV_7916",-2.30360702001892,0.001,0.042,0.668481081081081,"Curculionidae","Scolytinae","Pityogenes","Pityogenes hopkinsi","k__Fungi","p__Ascomycota",NA,NA,NA,NA,NA,"negative"
"Pityogenes hopkinsi","ASV_8076",-3.37038960169643,0.001,0.042,0.668481081081081,"Curculionidae","Scolytinae","Pityogenes","Pityogenes hopkinsi","k__Fungi","p__Basidiomycota","c__Agaricomycetes","o__Agaricales","f__Pleurotaceae","g__Hohenbuehelia","s__canadensis","negative"
"Pityogenes hopkinsi","ASV_8751",-3.88780319568577,0.001,0.042,0.668481081081081,"Curculionidae","Scolytinae","Pityogenes","Pityogenes hopkinsi","k__Fungi","p__Ascomycota","c__Sordariomycetes","o__Hypocreales","f__Nectriaceae","g__Cosmospora","s__viridescens","negative"
"Pityogenes hopkinsi","ASV_9146",3.66506015690679,0.001,0.042,0.668481081081081,"Curculionidae","Scolytinae","Pityogenes","Pityogenes hopkinsi","k__Fungi","p__Ascomycota","c__Sordariomycetes","o__Sordariomycetes_ord_Incertae_sedis","f__Sordariomycetes_fam_Incertae_sedis","g__Rhamphoria","s__pyriformis","positive"
"Pityogenes hopkinsi","ASV_9152",-3.04182803359717,0.001,0.042,0.668481081081081,"Curculionidae","Scolytinae","Pityogenes","Pityogenes hopkinsi","k__Fungi","p__Ascomycota","c__Sordariomycetes",NA,NA,NA,NA,"negative"
"Pityogenes hopkinsi","ASV_9153",-3.77746035080678,0.001,0.042,0.668481081081081,"Curculionidae","Scolytinae","Pityogenes","Pityogenes hopkinsi","k__Fungi","p__Ascomycota","c__Dothideomycetes","o__Dothideales","f__Dothioraceae","g__Sydowia","s__polyspora","negative"
"Pityogenes hopkinsi","ASV_9355",-3.36009996985736,0.001,0.042,0.668481081081081,"Curculionidae","Scolytinae","Pityogenes","Pityogenes hopkinsi","k__Fungi","p__Ascomycota","c__Dothideomycetes","o__Pleosporales","f__Lentitheciaceae","g__Pleurophoma",NA,"negative"
"Pityogenes hopkinsi","ASV_9406",-2.79300601576327,0.001,0.042,0.668481081081081,"Curculionidae","Scolytinae","Pityogenes","Pityogenes hopkinsi","k__Fungi","p__Basidiomycota","c__Tremellomycetes","o__Filobasidiales","f__Filobasidiales_fam_Incertae_sedis","g__Filobasidiales_gen_Incertae_sedis",NA,"negative"
"Pityogenes hopkinsi","ASV_9415",-3.99402687364415,0.001,0.042,0.668481081081081,"Curculionidae","Scolytinae","Pityogenes","Pityogenes hopkinsi","k__Fungi",NA,NA,NA,NA,NA,NA,"negative"
"Pityogenes hopkinsi","ASV_9574",-3.66003798309102,0.001,0.042,0.668481081081081,"Curculionidae","Scolytinae","Pityogenes","Pityogenes hopkinsi","k__Fungi","p__Basidiomycota","c__Agaricomycetes","o__Russulales","f__Peniophoraceae","g__Peniophora",NA,"negative"
"Pityogenes hopkinsi","ASV_9910",-3.42487194445519,0.001,0.042,0.668481081081081,"Curculionidae","Scolytinae","Pityogenes","Pityogenes hopkinsi","k__Fungi","p__Ascomycota","c__Sordariomycetes","o__Hypocreales","f__Nectriaceae","g__Fusarium",NA,"negative"
"Pityogenes hopkinsi","ASV_10210",-3.36379106440711,0.001,0.042,0.668481081081081,"Curculionidae","Scolytinae","Pityogenes","Pityogenes hopkinsi","k__Fungi","p__Ascomycota","c__Dothideomycetes","o__Pleosporales","f__Cucurbitariaceae","g__Neocucurbitaria",NA,"negative"
"Pityogenes hopkinsi","ASV_10756",-3.18571880288148,0.001,0.042,0.668481081081081,"Curculionidae","Scolytinae","Pityogenes","Pityogenes hopkinsi","k__Fungi","p__Ascomycota","c__Dothideomycetes","o__Pleosporales",NA,NA,NA,"negative"
"Pityogenes hopkinsi","ASV_10890",-3.36008833871638,0.001,0.042,0.668481081081081,"Curculionidae","Scolytinae","Pityogenes","Pityogenes hopkinsi","k__Fungi","p__Basidiomycota","c__Agaricomycetes","o__Polyporales","f__Meruliaceae","g__Scopuloides","s__hydnoides","negative"
"Pityogenes hopkinsi","ASV_11115",-3.69763676901575,0.001,0.042,0.668481081081081,"Curculionidae","Scolytinae","Pityogenes","Pityogenes hopkinsi","k__Fungi","p__Ascomycota","c__Sordariomycetes","o__Xylariales",NA,NA,NA,"negative"
"Pityogenes hopkinsi","ASV_11266",-3.00761500727666,0.001,0.042,0.668481081081081,"Curculionidae","Scolytinae","Pityogenes","Pityogenes hopkinsi","k__Fungi","p__Ascomycota",NA,NA,NA,NA,NA,"negative"
"Pityogenes hopkinsi","ASV_12101",-2.76599410274225,0.001,0.042,0.668481081081081,"Curculionidae","Scolytinae","Pityogenes","Pityogenes hopkinsi","k__Fungi","p__Ascomycota","c__Eurotiomycetes","o__Chaetothyriales","f__Chaetothyriaceae","g__Ceramothyrium","s__carniolicum","negative"
"Pityogenes hopkinsi","ASV_12187",-3.75445477339884,0.001,0.042,0.668481081081081,"Curculionidae","Scolytinae","Pityogenes","Pityogenes hopkinsi","k__Fungi","p__Ascomycota","c__Leotiomycetes","o__Helotiales","f__Helotiales_fam_Incertae_sedis",NA,NA,"negative"
"Pityogenes hopkinsi","ASV_12228",-3.86954952344873,0.001,0.042,0.668481081081081,"Curculionidae","Scolytinae","Pityogenes","Pityogenes hopkinsi","k__Fungi","p__Ascomycota","c__Dothideomycetes","o__Dothideales","f__Dothioraceae","g__Dothiora",NA,"negative"
"Pityogenes hopkinsi","ASV_12404",-3.18164542268447,0.001,0.042,0.668481081081081,"Curculionidae","Scolytinae","Pityogenes","Pityogenes hopkinsi","k__Fungi","p__Basidiomycota","c__Cystobasidiomycetes","o__Cystobasidiales","f__Cystobasidiaceae","g__Cystobasidium","s__pinicola","negative"
"Pityogenes hopkinsi","ASV_12783",-3.20055710679271,0.001,0.042,0.668481081081081,"Curculionidae","Scolytinae","Pityogenes","Pityogenes hopkinsi","k__Fungi","p__Basidiomycota","c__Agaricomycetes","o__Hymenochaetales","f__Schizoporaceae","g__Xylodon","s__erastii","negative"
"Pityogenes hopkinsi","ASV_13124",-3.66589989552561,0.001,0.042,0.668481081081081,"Curculionidae","Scolytinae","Pityogenes","Pityogenes hopkinsi","k__Fungi","p__Ascomycota","c__Lecanoromycetes","o__Lecanorales","f__Parmeliaceae","g__Flavoparmelia","s__caperata","negative"
"Pityogenes hopkinsi","ASV_13290",-3.27175476939778,0.001,0.042,0.668481081081081,"Curculionidae","Scolytinae","Pityogenes","Pityogenes hopkinsi","k__Fungi","p__Basidiomycota","c__Agaricomycetes","o__Russulales","f__Peniophoraceae","g__Peniophora","s__cinerea","negative"
"Pityogenes hopkinsi","ASV_13402",-2.73347759606571,0.001,0.042,0.668481081081081,"Curculionidae","Scolytinae","Pityogenes","Pityogenes hopkinsi","k__Fungi","p__Ascomycota","c__Saccharomycetes","o__Saccharomycetales","f__Lipomycetaceae","g__Myxozyma",NA,"negative"
"Pityogenes hopkinsi","ASV_13615",-3.7434145864814,0.001,0.042,0.668481081081081,"Curculionidae","Scolytinae","Pityogenes","Pityogenes hopkinsi","k__Fungi","p__Basidiomycota","c__Agaricomycetes","o__Russulales","f__Peniophoraceae","g__Peniophora","s__cinerea","negative"
"Pityogenes hopkinsi","ASV_13669",-3.92052098255352,0.001,0.042,0.668481081081081,"Curculionidae","Scolytinae","Pityogenes","Pityogenes hopkinsi","k__Fungi","p__Ascomycota","c__Dothideomycetes","o__Pleosporales","f__Phaeosphaeriaceae","g__Leptospora","s__rubella","negative"
"Pityogenes hopkinsi","ASV_13789",-3.2640419864884,0.001,0.042,0.668481081081081,"Curculionidae","Scolytinae","Pityogenes","Pityogenes hopkinsi","k__Fungi","p__Ascomycota","c__Sordariomycetes","o__Coronophorales","f__Scortechiniaceae","g__Yuxiensis","s__granularis","negative"
"Pityogenes hopkinsi","ASV_14129",-3.339741218435,0.001,0.042,0.668481081081081,"Curculionidae","Scolytinae","Pityogenes","Pityogenes hopkinsi","k__Fungi","p__Ascomycota",NA,NA,NA,NA,NA,"negative"
"Pityogenes hopkinsi","ASV_14474",-3.49138771000876,0.001,0.042,0.668481081081081,"Curculionidae","Scolytinae","Pityogenes","Pityogenes hopkinsi","k__Fungi","p__Ascomycota","c__Dothideomycetes","o__Pleosporales","f__Cucurbitariaceae","g__Neocucurbitaria","s__populi","negative"
"Pityogenes hopkinsi","ASV_14988",-3.21082768992035,0.001,0.042,0.668481081081081,"Curculionidae","Scolytinae","Pityogenes","Pityogenes hopkinsi","k__Fungi","p__Ascomycota","c__Lecanoromycetes","o__Ostropales","f__Spirographaceae","g__Spirographa","s__fusisporella","negative"
"Pityogenes hopkinsi","ASV_15002",-2.60921460516204,0.001,0.042,0.668481081081081,"Curculionidae","Scolytinae","Pityogenes","Pityogenes hopkinsi","k__Fungi","p__Basidiomycota","c__Agaricomycetes","o__Polyporales","f__Meripilaceae","g__Meripilaceae_gen_Incertae_sedis",NA,"negative"
"Pityogenes hopkinsi","ASV_15932",-2.42577717012912,0.001,0.042,0.668481081081081,"Curculionidae","Scolytinae","Pityogenes","Pityogenes hopkinsi","k__Fungi","p__Ascomycota","c__Lecanoromycetes","o__Caliciales","f__Physciaceae","g__Physcia","s__millegrana","negative"
"Pityogenes hopkinsi","ASV_16224",-2.74828897401252,0.001,0.042,0.668481081081081,"Curculionidae","Scolytinae","Pityogenes","Pityogenes hopkinsi","k__Fungi",NA,NA,NA,NA,NA,NA,"negative"
"Pityogenes hopkinsi","ASV_16585",-3.58970415417574,0.001,0.042,0.668481081081081,"Curculionidae","Scolytinae","Pityogenes","Pityogenes hopkinsi","k__Fungi","p__Ascomycota","c__Dothideomycetes","o__Mycosphaerellales","f__Mycosphaerellaceae","g__Ramularia",NA,"negative"
"Pityogenes hopkinsi","ASV_17245",-2.46867119014334,0.001,0.042,0.668481081081081,"Curculionidae","Scolytinae","Pityogenes","Pityogenes hopkinsi","k__Fungi","p__Ascomycota","c__Lecanoromycetes","o__Lecanoromycetes_ord_Incertae_sedis","f__Lecanoromycetes_fam_Incertae_sedis","g__Lecanoromycetes_gen_Incertae_sedis",NA,"negative"
"Pityogenes hopkinsi","ASV_17316",-3.57134003447738,0.001,0.042,0.668481081081081,"Curculionidae","Scolytinae","Pityogenes","Pityogenes hopkinsi","k__Fungi","p__Ascomycota","c__Leotiomycetes","o__Helotiales",NA,NA,NA,"negative"
"Pityogenes hopkinsi","ASV_17393",-3.34114223384961,0.001,0.042,0.668481081081081,"Curculionidae","Scolytinae","Pityogenes","Pityogenes hopkinsi","k__Fungi","p__Ascomycota","c__Taphrinomycetes","o__Taphrinales","f__Taphrinaceae","g__Taphrina","s__inositophila","negative"
"Pityogenes hopkinsi","ASV_17711",-2.96135128166284,0.001,0.042,0.668481081081081,"Curculionidae","Scolytinae","Pityogenes","Pityogenes hopkinsi","k__Fungi","p__Ascomycota","c__Dothideomycetes","o__Dothideales","f__Dothideales_fam_Incertae_sedis","g__Dothideales_gen_Incertae_sedis",NA,"negative"
"Pityogenes hopkinsi","ASV_17717",-2.78545051467267,0.001,0.042,0.668481081081081,"Curculionidae","Scolytinae","Pityogenes","Pityogenes hopkinsi","k__Fungi","p__Basidiomycota","c__Tremellomycetes","o__Tremellales","f__Bulleribasidiaceae","g__Vishniacozyma","s__victoriae","negative"
"Pityogenes hopkinsi","ASV_17953",-2.46821782869542,0.001,0.042,0.668481081081081,"Curculionidae","Scolytinae","Pityogenes","Pityogenes hopkinsi","k__Fungi","p__Ascomycota",NA,NA,NA,NA,NA,"negative"
"Pityogenes hopkinsi","ASV_17985",-4.10358955126419,0.001,0.042,0.668481081081081,"Curculionidae","Scolytinae","Pityogenes","Pityogenes hopkinsi","k__Fungi","p__Ascomycota","c__Dothideomycetes","o__Dothideales","f__Dothioraceae","g__Hormonema","s__macrosporum","negative"
"Pityogenes hopkinsi","ASV_18716",-3.01246390108061,0.001,0.042,0.668481081081081,"Curculionidae","Scolytinae","Pityogenes","Pityogenes hopkinsi","k__Fungi","p__Ascomycota","c__Sordariomycetes","o__Calosphaeriales","f__Calosphaeriaceae","g__Jattaea","s__prunicola","negative"
"Pityogenes hopkinsi","ASV_20727",-3.03265900470682,0.001,0.042,0.668481081081081,"Curculionidae","Scolytinae","Pityogenes","Pityogenes hopkinsi","k__Fungi","p__Ascomycota","c__Leotiomycetes","o__Helotiales","f__Sclerotiniaceae","g__Monilinia","s__kusanoi","negative"
"Pityogenes hopkinsi","ASV_20741",-3.57817821967057,0.001,0.042,0.668481081081081,"Curculionidae","Scolytinae","Pityogenes","Pityogenes hopkinsi","k__Fungi","p__Ascomycota","c__Dothideomycetes","o__Mycosphaerellales","f__Mycosphaerellaceae",NA,NA,"negative"
"Pityogenes hopkinsi","ASV_21001",-3.0586062317439,0.001,0.042,0.668481081081081,"Curculionidae","Scolytinae","Pityogenes","Pityogenes hopkinsi","k__Fungi","p__Ascomycota","c__Dothideomycetes","o__Myriangiales","f__Elsinoaceae","g__Elsinoe",NA,"negative"
"Pityogenes hopkinsi","ASV_21735",-3.20756647323382,0.001,0.042,0.668481081081081,"Curculionidae","Scolytinae","Pityogenes","Pityogenes hopkinsi","k__Fungi","p__Ascomycota","c__Dothideomycetes","o__Dothideales","f__Saccotheciaceae","g__Aureobasidium",NA,"negative"
"Pityogenes hopkinsi","ASV_21812",-3.37980788968958,0.001,0.042,0.668481081081081,"Curculionidae","Scolytinae","Pityogenes","Pityogenes hopkinsi","k__Fungi","p__Ascomycota","c__Dothideomycetes","o__Venturiales","f__Venturiaceae","g__Sympodiella",NA,"negative"
"Pityogenes hopkinsi","ASV_22117",-3.03509871121666,0.001,0.042,0.668481081081081,"Curculionidae","Scolytinae","Pityogenes","Pityogenes hopkinsi","k__Fungi","p__Ascomycota","c__Dothideomycetes","o__Dothideales","f__Saccotheciaceae",NA,NA,"negative"
"Pityogenes hopkinsi","ASV_22926",-2.80643028036483,0.001,0.042,0.668481081081081,"Curculionidae","Scolytinae","Pityogenes","Pityogenes hopkinsi","k__Fungi","p__Ascomycota","c__Leotiomycetes",NA,NA,NA,NA,"negative"
"Pityogenes hopkinsi","ASV_23004",-2.86416702807668,0.001,0.042,0.668481081081081,"Curculionidae","Scolytinae","Pityogenes","Pityogenes hopkinsi","k__Fungi","p__Ascomycota","c__Leotiomycetes","o__Helotiales","f__Discinellaceae","g__Varicosporium",NA,"negative"
"Pityogenes hopkinsi","ASV_23006",-2.89733162804584,0.001,0.042,0.668481081081081,"Curculionidae","Scolytinae","Pityogenes","Pityogenes hopkinsi","k__Fungi","p__Ascomycota","c__Dothideomycetes","o__Mycosphaerellales","f__Mycosphaerellaceae","g__Sphaerulina","s__pelargonii","negative"
"Pityogenes hopkinsi","ASV_23835",-3.32343081060358,0.001,0.042,0.668481081081081,"Curculionidae","Scolytinae","Pityogenes","Pityogenes hopkinsi","k__Fungi","p__Basidiomycota","c__Tremellomycetes","o__Tremellales","f__Cryptococcaceae","g__Kwoniella",NA,"negative"
"Pityogenes hopkinsi","ASV_23863",-3.63372937146597,0.001,0.042,0.668481081081081,"Curculionidae","Scolytinae","Pityogenes","Pityogenes hopkinsi","k__Fungi","p__Ascomycota","c__Dothideomycetes","o__Dothideales","f__Saccotheciaceae","g__Aureobasidium","s__pullulans","negative"
"Pityogenes hopkinsi","ASV_23902",-2.87931712171375,0.001,0.042,0.668481081081081,"Curculionidae","Scolytinae","Pityogenes","Pityogenes hopkinsi","k__Fungi","p__Basidiomycota","c__Microbotryomycetes","o__Sporidiobolales","f__Sporidiobolaceae","g__Rhodotorula",NA,"negative"
"Pityogenes hopkinsi","ASV_23952",-3.37842957492687,0.001,0.042,0.668481081081081,"Curculionidae","Scolytinae","Pityogenes","Pityogenes hopkinsi","k__Fungi","p__Ascomycota","c__Eurotiomycetes","o__Coryneliales","f__Coryneliaceae","g__Caliciopsis",NA,"negative"
"Pityogenes hopkinsi","ASV_23986",-3.44793124920385,0.001,0.042,0.668481081081081,"Curculionidae","Scolytinae","Pityogenes","Pityogenes hopkinsi","k__Fungi","p__Basidiomycota","c__Agaricomycetes",NA,NA,NA,NA,"negative"
"Pityogenes hopkinsi","ASV_24283",-2.82663675664033,0.001,0.042,0.668481081081081,"Curculionidae","Scolytinae","Pityogenes","Pityogenes hopkinsi","k__Fungi","p__Ascomycota","c__Dothideomycetes","o__Dothideales","f__Dothioraceae","g__Dothiora",NA,"negative"
"Pityogenes hopkinsi","ASV_24325",-3.34504599033863,0.001,0.042,0.668481081081081,"Curculionidae","Scolytinae","Pityogenes","Pityogenes hopkinsi","k__Fungi","p__Ascomycota",NA,NA,NA,NA,NA,"negative"
"Pityogenes hopkinsi","ASV_24330",-4.08343682657709,0.001,0.042,0.668481081081081,"Curculionidae","Scolytinae","Pityogenes","Pityogenes hopkinsi","k__Fungi","p__Ascomycota",NA,NA,NA,NA,NA,"negative"
"Pityogenes hopkinsi","ASV_24694",-3.54173318429639,0.001,0.042,0.668481081081081,"Curculionidae","Scolytinae","Pityogenes","Pityogenes hopkinsi","k__Fungi","p__Ascomycota","c__Dothideomycetes","o__Dothideales","f__Dothideaceae","g__Rhizosphaera",NA,"negative"
"Pityogenes hopkinsi","ASV_24909",-3.02743571735392,0.001,0.042,0.668481081081081,"Curculionidae","Scolytinae","Pityogenes","Pityogenes hopkinsi","k__Fungi","p__Ascomycota","c__Sordariomycetes","o__Diaporthales","f__Valsaceae",NA,NA,"negative"
"Pityogenes hopkinsi","ASV_25043",-3.07697887912569,0.001,0.042,0.668481081081081,"Curculionidae","Scolytinae","Pityogenes","Pityogenes hopkinsi","k__Fungi",NA,NA,NA,NA,NA,NA,"negative"
"Pityogenes hopkinsi","ASV_25266",-3.49638375095059,0.001,0.042,0.668481081081081,"Curculionidae","Scolytinae","Pityogenes","Pityogenes hopkinsi","k__Fungi","p__Ascomycota","c__Dothideomycetes","o__Mycosphaerellales","f__Mycosphaerellaceae","g__Acrodontium","s__crateriforme","negative"
"Pityogenes hopkinsi","ASV_25636",-3.59640172497783,0.001,0.042,0.668481081081081,"Curculionidae","Scolytinae","Pityogenes","Pityogenes hopkinsi","k__Fungi","p__Ascomycota","c__Leotiomycetes","o__Helotiales","f__Leotiaceae",NA,NA,"negative"
"Pityogenes hopkinsi","ASV_25814",-3.32610066257088,0.001,0.042,0.668481081081081,"Curculionidae","Scolytinae","Pityogenes","Pityogenes hopkinsi","k__Fungi","p__Ascomycota","c__Dothideomycetes","o__Dothideales",NA,NA,NA,"negative"
"Pityogenes hopkinsi","ASV_26057",-3.23751478386657,0.001,0.042,0.668481081081081,"Curculionidae","Scolytinae","Pityogenes","Pityogenes hopkinsi","k__Fungi",NA,NA,NA,NA,NA,NA,"negative"
"Pityogenes hopkinsi","ASV_26853",-3.24641760038748,0.001,0.042,0.668481081081081,"Curculionidae","Scolytinae","Pityogenes","Pityogenes hopkinsi","k__Fungi","p__Ascomycota","c__Dothideomycetes","o__Mycosphaerellales","f__Mycosphaerellaceae","g__Acrodontium","s__neolitseae","negative"
"Pityogenes hopkinsi","ASV_26961",-3.66654382412049,0.001,0.042,0.668481081081081,"Curculionidae","Scolytinae","Pityogenes","Pityogenes hopkinsi","k__Fungi","p__Ascomycota",NA,NA,NA,NA,NA,"negative"
"Pityogenes hopkinsi","ASV_27050",-2.87951762513626,0.001,0.042,0.668481081081081,"Curculionidae","Scolytinae","Pityogenes","Pityogenes hopkinsi","k__Fungi","p__Basidiomycota","c__Pucciniomycetes","o__Pucciniales","f__Melampsoraceae","g__Melampsora","s__epitea","negative"
"Pityogenes hopkinsi","ASV_27074",-3.32722649478274,0.001,0.042,0.668481081081081,"Curculionidae","Scolytinae","Pityogenes","Pityogenes hopkinsi","k__Fungi","p__Basidiomycota","c__Agaricomycetes","o__Polyporales","f__Meruliaceae","g__Scopuloides","s__hydnoides","negative"
"Pityogenes hopkinsi","ASV_27534",-3.82493318258724,0.001,0.042,0.668481081081081,"Curculionidae","Scolytinae","Pityogenes","Pityogenes hopkinsi","k__Fungi","p__Basidiomycota","c__Exobasidiomycetes","o__Microstromatales","f__Microstromatales_fam_Incertae_sedis","g__Pseudomicrostroma",NA,"negative"
"Pityogenes hopkinsi","ASV_27973",-3.24224872975881,0.001,0.042,0.668481081081081,"Curculionidae","Scolytinae","Pityogenes","Pityogenes hopkinsi","k__Fungi","p__Ascomycota","c__Lecanoromycetes","o__Caliciales","f__Caliciaceae","g__Buellia","s__erubescens","negative"
"Pityogenes hopkinsi","ASV_28306",-3.50715230198848,0.001,0.042,0.668481081081081,"Curculionidae","Scolytinae","Pityogenes","Pityogenes hopkinsi","k__Fungi","p__Ascomycota","c__Sordariomycetes","o__Calosphaeriales","f__Calosphaeriaceae","g__Jattaea",NA,"negative"
"Pityogenes hopkinsi","ASV_28447",-3.18776662587268,0.001,0.042,0.668481081081081,"Curculionidae","Scolytinae","Pityogenes","Pityogenes hopkinsi","k__Fungi","p__Ascomycota","c__Dothideomycetes","o__Dothideales","f__Saccotheciaceae","g__Aureobasidium","s__pullulans","negative"
"Pityogenes hopkinsi","ASV_81",3.56480851757622,0.002,0.0542051282051282,0.766939534883721,"Curculionidae","Scolytinae","Pityogenes","Pityogenes hopkinsi","k__Fungi","p__Ascomycota","c__Sordariomycetes","o__Diaporthales","f__Valsaceae","g__Cytospora","s__beilinensis","positive"
"Pityogenes hopkinsi","ASV_307",3.47028802346437,0.002,0.0542051282051282,0.766939534883721,"Curculionidae","Scolytinae","Pityogenes","Pityogenes hopkinsi","k__Fungi","p__Basidiomycota","c__Agaricomycetes","o__Polyporales","f__Irpicaceae","g__Irpex","s__lacteus","positive"
"Pityogenes hopkinsi","ASV_315",3.72722105791427,0.002,0.0542051282051282,0.766939534883721,"Curculionidae","Scolytinae","Pityogenes","Pityogenes hopkinsi","k__Fungi","p__Ascomycota",NA,NA,NA,NA,NA,"positive"
"Pityogenes hopkinsi","ASV_658",3.0312972886838,0.002,0.0542051282051282,0.766939534883721,"Curculionidae","Scolytinae","Pityogenes","Pityogenes hopkinsi","k__Fungi","p__Ascomycota","c__Sordariomycetes","o__Xylariales","f__Diatrypaceae",NA,NA,"positive"
"Pityogenes hopkinsi","ASV_778",4.02852926324824,0.002,0.0542051282051282,0.766939534883721,"Curculionidae","Scolytinae","Pityogenes","Pityogenes hopkinsi","k__Fungi","p__Basidiomycota","c__Agaricomycetes","o__Polyporales","f__Cerrenaceae","g__Cerrena","s__aurantiopora","positive"
"Pityogenes hopkinsi","ASV_835",2.70096124956761,0.002,0.0542051282051282,0.766939534883721,"Curculionidae","Scolytinae","Pityogenes","Pityogenes hopkinsi","k__Fungi","p__Ascomycota","c__Leotiomycetes",NA,NA,NA,NA,"positive"
"Pityogenes hopkinsi","ASV_974",4.50570753209369,0.002,0.0542051282051282,0.766939534883721,"Curculionidae","Scolytinae","Pityogenes","Pityogenes hopkinsi","k__Fungi","p__Basidiomycota","c__Tremellomycetes","o__Tremellales","f__Phaeotremellaceae","g__Phaeotremella",NA,"positive"
"Pityogenes hopkinsi","ASV_1522",3.97536873814919,0.002,0.0542051282051282,0.766939534883721,"Curculionidae","Scolytinae","Pityogenes","Pityogenes hopkinsi","k__Fungi","p__Ascomycota",NA,NA,NA,NA,NA,"positive"
"Pityogenes hopkinsi","ASV_1542",3.81290790346023,0.002,0.0542051282051282,0.766939534883721,"Curculionidae","Scolytinae","Pityogenes","Pityogenes hopkinsi","k__Fungi","p__Basidiomycota","c__Cystobasidiomycetes","o__Cystobasidiomycetes_ord_Incertae_sedis","f__Symmetrosporaceae","g__Symmetrospora",NA,"positive"
"Pityogenes hopkinsi","ASV_1631",3.52356480608468,0.002,0.0542051282051282,0.766939534883721,"Curculionidae","Scolytinae","Pityogenes","Pityogenes hopkinsi","k__Fungi",NA,NA,NA,NA,NA,NA,"positive"
"Pityogenes hopkinsi","ASV_1723",-3.36440269911898,0.002,0.0542051282051282,0.766939534883721,"Curculionidae","Scolytinae","Pityogenes","Pityogenes hopkinsi","k__Fungi","p__Basidiomycota","c__Exobasidiomycetes","o__Microstromatales","f__Microstromatales_fam_Incertae_sedis","g__Pseudomicrostroma",NA,"negative"
"Pityogenes hopkinsi","ASV_1912",2.81901595954386,0.002,0.0542051282051282,0.766939534883721,"Curculionidae","Scolytinae","Pityogenes","Pityogenes hopkinsi","k__Fungi",NA,NA,NA,NA,NA,NA,"positive"
"Pityogenes hopkinsi","ASV_2613",-2.47595614349398,0.002,0.0542051282051282,0.766939534883721,"Curculionidae","Scolytinae","Pityogenes","Pityogenes hopkinsi","k__Fungi","p__Ascomycota","c__Dothideomycetes","o__Pleosporales","f__Cucurbitariaceae","g__Parafenestella","s__salicis","negative"
"Pityogenes hopkinsi","ASV_2746",2.87173182871254,0.002,0.0542051282051282,0.766939534883721,"Curculionidae","Scolytinae","Pityogenes","Pityogenes hopkinsi","k__Fungi","p__Basidiomycota","c__Exobasidiomycetes","o__Exobasidiales","f__Exobasidiaceae","g__Exobasidium",NA,"positive"
"Pityogenes hopkinsi","ASV_3108",3.09138961406446,0.002,0.0542051282051282,0.766939534883721,"Curculionidae","Scolytinae","Pityogenes","Pityogenes hopkinsi","k__Fungi","p__Basidiomycota","c__Agaricomycetes","o__Polyporales","f__Phanerochaetaceae","g__Bjerkandera","s__adusta","positive"
"Pityogenes hopkinsi","ASV_3305",-2.54181765586232,0.002,0.0542051282051282,0.766939534883721,"Curculionidae","Scolytinae","Pityogenes","Pityogenes hopkinsi","k__Fungi","p__Ascomycota","c__Dothideomycetes","o__Pleosporales","f__Didymosphaeriaceae","g__Paracamarosporium",NA,"negative"
"Pityogenes hopkinsi","ASV_3414",-3.6728124943985,0.002,0.0542051282051282,0.766939534883721,"Curculionidae","Scolytinae","Pityogenes","Pityogenes hopkinsi","k__Fungi","p__Ascomycota","c__Dothideomycetes","o__Pleosporales","f__Sporormiaceae","g__Preussia","s__tetramera","negative"
"Pityogenes hopkinsi","ASV_3546",-3.22843299483264,0.002,0.0542051282051282,0.766939534883721,"Curculionidae","Scolytinae","Pityogenes","Pityogenes hopkinsi","k__Fungi","p__Ascomycota","c__Dothideomycetes","o__Pleosporales","f__Didymosphaeriaceae","g__Letendraea",NA,"negative"
"Pityogenes hopkinsi","ASV_3702",3.73898526481547,0.002,0.0542051282051282,0.766939534883721,"Curculionidae","Scolytinae","Pityogenes","Pityogenes hopkinsi","k__Fungi","p__Basidiomycota","c__Tremellomycetes","o__Tremellales","f__Tremellaceae","g__Sirotrema","s__translucens","positive"
"Pityogenes hopkinsi","ASV_4432",2.9359873765268,0.002,0.0542051282051282,0.766939534883721,"Curculionidae","Scolytinae","Pityogenes","Pityogenes hopkinsi","k__Fungi","p__Ascomycota","c__Sordariomycetes","o__Diaporthales","f__Valsaceae","g__Cytospora",NA,"positive"
"Pityogenes hopkinsi","ASV_4537",-2.62894973282906,0.002,0.0542051282051282,0.766939534883721,"Curculionidae","Scolytinae","Pityogenes","Pityogenes hopkinsi","k__Fungi","p__Ascomycota","c__Dothideomycetes","o__Capnodiales","f__Neoantennariellaceae","g__Cippumomyces","s__mortalis","negative"
"Pityogenes hopkinsi","ASV_4832",-2.29914438637747,0.002,0.0542051282051282,0.766939534883721,"Curculionidae","Scolytinae","Pityogenes","Pityogenes hopkinsi","k__Fungi","p__Ascomycota","c__Dothideomycetes","o__Dothideales","f__Saccotheciaceae","g__Aureobasidium","s__pullulans","negative"
"Pityogenes hopkinsi","ASV_4975",2.82155718876624,0.002,0.0542051282051282,0.766939534883721,"Curculionidae","Scolytinae","Pityogenes","Pityogenes hopkinsi","k__Fungi","p__Ascomycota","c__Sordariomycetes","o__Diaporthales","f__Gnomoniaceae","g__Ophiognomonia","s__rosae","positive"
"Pityogenes hopkinsi","ASV_5022",-2.66107603443632,0.002,0.0542051282051282,0.766939534883721,"Curculionidae","Scolytinae","Pityogenes","Pityogenes hopkinsi","k__Fungi","p__Ascomycota","c__Sordariomycetes","o__Xylariales","f__Xylariaceae","g__Virgaria","s__nigra","negative"
"Pityogenes hopkinsi","ASV_5115",-2.98975038241743,0.002,0.0542051282051282,0.766939534883721,"Curculionidae","Scolytinae","Pityogenes","Pityogenes hopkinsi","k__Fungi","p__Ascomycota","c__Saccharomycetes","o__Saccharomycetales","f__Phaffomycetaceae","g__Wickerhamomyces","s__alni","negative"
"Pityogenes hopkinsi","ASV_5162",-3.28050749068824,0.002,0.0542051282051282,0.766939534883721,"Curculionidae","Scolytinae","Pityogenes","Pityogenes hopkinsi","k__Fungi","p__Ascomycota","c__Sordariomycetes","o__Ophiostomatales","f__Ophiostomataceae","g__Sporothrix",NA,"negative"
"Pityogenes hopkinsi","ASV_5213",-3.21860933085151,0.002,0.0542051282051282,0.766939534883721,"Curculionidae","Scolytinae","Pityogenes","Pityogenes hopkinsi","k__Fungi","p__Ascomycota","c__Sordariomycetes","o__Xylariales","f__Graphostromataceae","g__Biscogniauxia",NA,"negative"
"Pityogenes hopkinsi","ASV_5304",-3.32345836244321,0.002,0.0542051282051282,0.766939534883721,"Curculionidae","Scolytinae","Pityogenes","Pityogenes hopkinsi","k__Fungi","p__Ascomycota","c__Sordariomycetes","o__Sordariomycetes_ord_Incertae_sedis","f__Sordariomycetes_fam_Incertae_sedis","g__Rhamphoria","s__pyriformis","negative"
"Pityogenes hopkinsi","ASV_5503",2.98465911781755,0.002,0.0542051282051282,0.766939534883721,"Curculionidae","Scolytinae","Pityogenes","Pityogenes hopkinsi","k__Fungi","p__Ascomycota","c__Lecanoromycetes","o__Lecanorales","f__Lecanoraceae","g__Lecidella","s__albida","positive"
"Pityogenes hopkinsi","ASV_5719",-2.98693663715666,0.002,0.0542051282051282,0.766939534883721,"Curculionidae","Scolytinae","Pityogenes","Pityogenes hopkinsi","k__Fungi","p__Basidiomycota","c__Tremellomycetes","o__Tremellales","f__Cuniculitremaceae","g__Fellomyces","s__horovitziae","negative"
"Pityogenes hopkinsi","ASV_5826",-2.60639089352493,0.002,0.0542051282051282,0.766939534883721,"Curculionidae","Scolytinae","Pityogenes","Pityogenes hopkinsi","k__Fungi","p__Ascomycota","c__Dothideomycetes","o__Pleosporales","f__Didymosphaeriaceae","g__Paracamarosporium",NA,"negative"
"Pityogenes hopkinsi","ASV_6210",-2.86957854692593,0.002,0.0542051282051282,0.766939534883721,"Curculionidae","Scolytinae","Pityogenes","Pityogenes hopkinsi","k__Fungi","p__Ascomycota","c__Eurotiomycetes","o__Chaetothyriales","f__Herpotrichiellaceae","g__Nadsoniella","s__nigra","negative"
"Pityogenes hopkinsi","ASV_6245",-3.02843601116203,0.002,0.0542051282051282,0.766939534883721,"Curculionidae","Scolytinae","Pityogenes","Pityogenes hopkinsi","k__Fungi","p__Ascomycota",NA,NA,NA,NA,NA,"negative"
"Pityogenes hopkinsi","ASV_6362",-3.20126333963353,0.002,0.0542051282051282,0.766939534883721,"Curculionidae","Scolytinae","Pityogenes","Pityogenes hopkinsi","k__Fungi","p__Ascomycota","c__Dothideomycetes","o__Pleosporales","f__Cucurbitariaceae","g__Pyrenochaetopsis","s__microspora","negative"
"Pityogenes hopkinsi","ASV_6388",-3.87715890537104,0.002,0.0542051282051282,0.766939534883721,"Curculionidae","Scolytinae","Pityogenes","Pityogenes hopkinsi","k__Fungi","p__Ascomycota","c__Dothideomycetes","o__Pleosporales","f__Didymellaceae","g__Phoma","s__laundoniae","negative"
"Pityogenes hopkinsi","ASV_6453",3.07254492674748,0.002,0.0542051282051282,0.766939534883721,"Curculionidae","Scolytinae","Pityogenes","Pityogenes hopkinsi","k__Fungi","p__Ascomycota","c__Dothideomycetes","o__Pleosporales","f__Lophiostomataceae","g__Lophiostomataceae_gen_Incertae_sedis",NA,"positive"
"Pityogenes hopkinsi","ASV_6661",-3.57577555194225,0.002,0.0542051282051282,0.766939534883721,"Curculionidae","Scolytinae","Pityogenes","Pityogenes hopkinsi","k__Fungi","p__Basidiomycota","c__Agaricomycetes","o__Russulales","f__Peniophoraceae","g__Peniophora","s__cinerea","negative"
"Pityogenes hopkinsi","ASV_7704",-3.45515359321707,0.002,0.0542051282051282,0.766939534883721,"Curculionidae","Scolytinae","Pityogenes","Pityogenes hopkinsi","k__Fungi","p__Ascomycota","c__Eurotiomycetes","o__Chaetothyriales","f__Herpotrichiellaceae","g__Rhinocladiella","s__quercus","negative"
"Pityogenes hopkinsi","ASV_7712",-3.11044994036897,0.002,0.0542051282051282,0.766939534883721,"Curculionidae","Scolytinae","Pityogenes","Pityogenes hopkinsi","k__Fungi","p__Basidiomycota","c__Tremellomycetes","o__Tremellales","f__Carcinomycetaceae","g__Carcinomycetaceae_gen_Incertae_sedis",NA,"negative"
"Pityogenes hopkinsi","ASV_7926",-3.61517513599716,0.002,0.0542051282051282,0.766939534883721,"Curculionidae","Scolytinae","Pityogenes","Pityogenes hopkinsi","k__Fungi","p__Basidiomycota","c__Agaricomycetes","o__Polyporales","f__Fomitopsidaceae","g__Brunneoporus","s__cyclopis","negative"
"Pityogenes hopkinsi","ASV_8239",5.0067326585626,0.002,0.0542051282051282,0.766939534883721,"Curculionidae","Scolytinae","Pityogenes","Pityogenes hopkinsi","k__Fungi","p__Ascomycota","c__Sordariomycetes","o__Sordariomycetes_ord_Incertae_sedis","f__Sordariomycetes_fam_Incertae_sedis","g__Rhamphoria","s__pyriformis","positive"
"Pityogenes hopkinsi","ASV_8465",-2.85729934883523,0.002,0.0542051282051282,0.766939534883721,"Curculionidae","Scolytinae","Pityogenes","Pityogenes hopkinsi","k__Fungi",NA,NA,NA,NA,NA,NA,"negative"
"Pityogenes hopkinsi","ASV_8474",-2.94818343515564,0.002,0.0542051282051282,0.766939534883721,"Curculionidae","Scolytinae","Pityogenes","Pityogenes hopkinsi","k__Fungi",NA,NA,NA,NA,NA,NA,"negative"
"Pityogenes hopkinsi","ASV_8639",-4.62471827996338,0.002,0.0542051282051282,0.766939534883721,"Curculionidae","Scolytinae","Pityogenes","Pityogenes hopkinsi","k__Fungi","p__Ascomycota","c__Dothideomycetes","o__Pleosporales","f__Lophiotremataceae","g__Lophiotrema","s__nucula","negative"
"Pityogenes hopkinsi","ASV_8780",-3.40273183479103,0.002,0.0542051282051282,0.766939534883721,"Curculionidae","Scolytinae","Pityogenes","Pityogenes hopkinsi","k__Fungi","p__Basidiomycota","c__Agaricomycetes","o__Polyporales","f__Ganodermataceae","g__Ganoderma",NA,"negative"
"Pityogenes hopkinsi","ASV_8841",3.89587971166223,0.002,0.0542051282051282,0.766939534883721,"Curculionidae","Scolytinae","Pityogenes","Pityogenes hopkinsi","k__Fungi","p__Basidiomycota","c__Agaricomycetes","o__Hymenochaetales","f__Tubulicrinaceae","g__Tubulicrinis","s__accedens","positive"
"Pityogenes hopkinsi","ASV_8959",-3.55424813173961,0.002,0.0542051282051282,0.766939534883721,"Curculionidae","Scolytinae","Pityogenes","Pityogenes hopkinsi","k__Fungi","p__Basidiomycota","c__Exobasidiomycetes","o__Microstromatales","f__Microstromatales_fam_Incertae_sedis","g__Pseudomicrostroma","s__phylloplanum","negative"
"Pityogenes hopkinsi","ASV_9039",-3.48508090422425,0.002,0.0542051282051282,0.766939534883721,"Curculionidae","Scolytinae","Pityogenes","Pityogenes hopkinsi","k__Fungi","p__Mucoromycota","c__Mucoromycetes","o__Mucorales","f__Mucoraceae","g__Mucor","s__hiemalis","negative"
"Pityogenes hopkinsi","ASV_9934",-2.83394795234781,0.002,0.0542051282051282,0.766939534883721,"Curculionidae","Scolytinae","Pityogenes","Pityogenes hopkinsi","k__Fungi","p__Basidiomycota","c__Exobasidiomycetes","o__Microstromatales","f__Microstromataceae","g__Microstroma",NA,"negative"
"Pityogenes hopkinsi","ASV_10004",4.00939920114073,0.002,0.0542051282051282,0.766939534883721,"Curculionidae","Scolytinae","Pityogenes","Pityogenes hopkinsi","k__Fungi","p__Ascomycota","c__Eurotiomycetes","o__Verrucariales","f__Verrucariaceae","g__Verrucariaceae_gen_Incertae_sedis",NA,"positive"
"Pityogenes hopkinsi","ASV_10083",3.14915923307503,0.002,0.0542051282051282,0.766939534883721,"Curculionidae","Scolytinae","Pityogenes","Pityogenes hopkinsi","k__Fungi","p__Basidiomycota","c__Agaricomycetes","o__Hymenochaetales","f__Tubulicrinaceae","g__Tubulicrinis","s__accedens","positive"
"Pityogenes hopkinsi","ASV_10164",-3.46284752931675,0.002,0.0542051282051282,0.766939534883721,"Curculionidae","Scolytinae","Pityogenes","Pityogenes hopkinsi","k__Fungi","p__Ascomycota","c__Leotiomycetes","o__Helotiales","f__Helotiaceae","g__Claussenomyces","s__kirschsteinianus","negative"
"Pityogenes hopkinsi","ASV_10396",-3.77115460616212,0.002,0.0542051282051282,0.766939534883721,"Curculionidae","Scolytinae","Pityogenes","Pityogenes hopkinsi","k__Fungi","p__Ascomycota","c__Saccharomycetes","o__Saccharomycetales","f__Saccharomycetaceae","g__Ogataea","s__populi-albae","negative"
"Pityogenes hopkinsi","ASV_10397",-3.07193044546118,0.002,0.0542051282051282,0.766939534883721,"Curculionidae","Scolytinae","Pityogenes","Pityogenes hopkinsi","k__Fungi","p__Ascomycota","c__Saccharomycetes","o__Saccharomycetales","f__Debaryomycetaceae","g__Yamadazyma","s__mexicana","negative"
"Pityogenes hopkinsi","ASV_10591",-2.88027307831621,0.002,0.0542051282051282,0.766939534883721,"Curculionidae","Scolytinae","Pityogenes","Pityogenes hopkinsi","k__Fungi","p__Basidiomycota","c__Tremellomycetes","o__Tremellales","f__Bulleribasidiaceae","g__Vishniacozyma","s__taibaiensis","negative"
"Pityogenes hopkinsi","ASV_10697",5.00547289108724,0.002,0.0542051282051282,0.766939534883721,"Curculionidae","Scolytinae","Pityogenes","Pityogenes hopkinsi","k__Fungi","p__Ascomycota","c__Lecanoromycetes","o__Lecanorales","f__Lecanoraceae","g__Lecidella","s__albida","positive"
"Pityogenes hopkinsi","ASV_10729",-2.81865864794915,0.002,0.0542051282051282,0.766939534883721,"Curculionidae","Scolytinae","Pityogenes","Pityogenes hopkinsi","k__Fungi","p__Ascomycota","c__Sordariomycetes","o__Diaporthales","f__Valsaceae","g__Cytospora",NA,"negative"
"Pityogenes hopkinsi","ASV_11167",-3.20733438953182,0.002,0.0542051282051282,0.766939534883721,"Curculionidae","Scolytinae","Pityogenes","Pityogenes hopkinsi","k__Fungi","p__Basidiomycota","c__Exobasidiomycetes","o__Microstromatales","f__Microstromatales_fam_Incertae_sedis","g__Pseudomicrostroma",NA,"negative"
"Pityogenes hopkinsi","ASV_11176",-3.46715499424295,0.002,0.0542051282051282,0.766939534883721,"Curculionidae","Scolytinae","Pityogenes","Pityogenes hopkinsi","k__Fungi","p__Ascomycota","c__Dothideomycetes","o__Pleosporales","f__Cucurbitariaceae","g__Neocucurbitaria","s__populi","negative"
"Pityogenes hopkinsi","ASV_11976",5.76544155755059,0.002,0.0542051282051282,0.766939534883721,"Curculionidae","Scolytinae","Pityogenes","Pityogenes hopkinsi","k__Fungi",NA,NA,NA,NA,NA,NA,"positive"
"Pityogenes hopkinsi","ASV_12130",-4.0449669375381,0.002,0.0542051282051282,0.766939534883721,"Curculionidae","Scolytinae","Pityogenes","Pityogenes hopkinsi","k__Fungi","p__Mucoromycota","c__Mucoromycetes","o__Mucorales","f__Mucoraceae","g__Mucor","s__hiemalis","negative"
"Pityogenes hopkinsi","ASV_12447",-3.26914327817183,0.002,0.0542051282051282,0.766939534883721,"Curculionidae","Scolytinae","Pityogenes","Pityogenes hopkinsi","k__Fungi","p__Ascomycota","c__Eurotiomycetes","o__Chaetothyriales","f__Herpotrichiellaceae","g__Exophiala","s__moniliae","negative"
"Pityogenes hopkinsi","ASV_12835",-3.1437888543698,0.002,0.0542051282051282,0.766939534883721,"Curculionidae","Scolytinae","Pityogenes","Pityogenes hopkinsi","k__Fungi",NA,NA,NA,NA,NA,NA,"negative"
"Pityogenes hopkinsi","ASV_13482",-2.0804662538226,0.002,0.0542051282051282,0.766939534883721,"Curculionidae","Scolytinae","Pityogenes","Pityogenes hopkinsi","k__Fungi","p__Ascomycota","c__Leotiomycetes","o__Rhytismatales","f__Rhytismataceae","g__Coccomyces","s__triangularis","negative"
"Pityogenes hopkinsi","ASV_13565",-3.0317739271633,0.002,0.0542051282051282,0.766939534883721,"Curculionidae","Scolytinae","Pityogenes","Pityogenes hopkinsi","k__Fungi","p__Ascomycota","c__Leotiomycetes","o__Helotiales","f__Tympanidaceae","g__Tympanis","s__piceina","negative"
"Pityogenes hopkinsi","ASV_15312",-2.93365674586073,0.002,0.0542051282051282,0.766939534883721,"Curculionidae","Scolytinae","Pityogenes","Pityogenes hopkinsi","k__Fungi","p__Ascomycota","c__Leotiomycetes","o__Helotiales","f__Helotiales_fam_Incertae_sedis","g__Cryptocline","s__arctostaphyli","negative"
"Pityogenes hopkinsi","ASV_15582",-2.76339721694534,0.002,0.0542051282051282,0.766939534883721,"Curculionidae","Scolytinae","Pityogenes","Pityogenes hopkinsi","k__Fungi","p__Ascomycota","c__Dothideomycetes","o__Dothideomycetidae_ord_Incertae_sedis","f__Pseudoperisporiaceae","g__Eudimeriolum","s__septentrionale","negative"
"Pityogenes hopkinsi","ASV_15958",-3.34016116163858,0.002,0.0542051282051282,0.766939534883721,"Curculionidae","Scolytinae","Pityogenes","Pityogenes hopkinsi","k__Fungi","p__Ascomycota","c__Eurotiomycetes","o__Chaetothyriales","f__Trichomeriaceae","g__Trichomerium",NA,"negative"
"Pityogenes hopkinsi","ASV_17321",-2.94937044181843,0.002,0.0542051282051282,0.766939534883721,"Curculionidae","Scolytinae","Pityogenes","Pityogenes hopkinsi","k__Fungi","p__Ascomycota","c__Leotiomycetes","o__Helotiales","f__Helotiales_fam_Incertae_sedis","g__Cryptocline","s__arctostaphyli","negative"
"Pityogenes hopkinsi","ASV_17709",-3.50806875889209,0.002,0.0542051282051282,0.766939534883721,"Curculionidae","Scolytinae","Pityogenes","Pityogenes hopkinsi","k__Fungi","p__Ascomycota","c__Eurotiomycetes","o__Eurotiales","f__Aspergillaceae","g__Penicillium","s__catalonicum","negative"
"Pityogenes hopkinsi","ASV_17965",-2.50122047933331,0.002,0.0542051282051282,0.766939534883721,"Curculionidae","Scolytinae","Pityogenes","Pityogenes hopkinsi","k__Fungi","p__Ascomycota","c__Dothideomycetes",NA,NA,NA,NA,"negative"
"Pityogenes hopkinsi","ASV_18369",-2.8695322143212,0.002,0.0542051282051282,0.766939534883721,"Curculionidae","Scolytinae","Pityogenes","Pityogenes hopkinsi","k__Fungi","p__Ascomycota","c__Dothideomycetes","o__Dothideales","f__Dothioraceae","g__Dothiora",NA,"negative"
"Pityogenes hopkinsi","ASV_19604",-3.3335813053415,0.002,0.0542051282051282,0.766939534883721,"Curculionidae","Scolytinae","Pityogenes","Pityogenes hopkinsi","k__Fungi","p__Basidiomycota","c__Tremellomycetes","o__Tremellales","f__Bulleribasidiaceae","g__Vishniacozyma","s__victoriae","negative"
"Pityogenes hopkinsi","ASV_20139",-2.78662190628336,0.002,0.0542051282051282,0.766939534883721,"Curculionidae","Scolytinae","Pityogenes","Pityogenes hopkinsi","k__Fungi","p__Basidiomycota","c__Tremellomycetes","o__Tremellales","f__Cryptococcaceae","g__Teunia",NA,"negative"
"Pityogenes hopkinsi","ASV_20290",-2.78138555797514,0.002,0.0542051282051282,0.766939534883721,"Curculionidae","Scolytinae","Pityogenes","Pityogenes hopkinsi","k__Fungi","p__Ascomycota","c__Dothideomycetes","o__Dothideales","f__Saccotheciaceae","g__Aureobasidium","s__pullulans","negative"
"Pityogenes hopkinsi","ASV_20567",-3.42600809789026,0.002,0.0542051282051282,0.766939534883721,"Curculionidae","Scolytinae","Pityogenes","Pityogenes hopkinsi","k__Fungi","p__Ascomycota","c__Leotiomycetes","o__Helotiales","f__Mollisiaceae","g__Phialocephala",NA,"negative"
"Pityogenes hopkinsi","ASV_20592",-2.98231130032559,0.002,0.0542051282051282,0.766939534883721,"Curculionidae","Scolytinae","Pityogenes","Pityogenes hopkinsi","k__Fungi","p__Basidiomycota","c__Agaricomycetes","o__Agaricales","f__Psathyrellaceae","g__Psathyrella","s__typhae","negative"
"Pityogenes hopkinsi","ASV_21764",-2.88603581693947,0.002,0.0542051282051282,0.766939534883721,"Curculionidae","Scolytinae","Pityogenes","Pityogenes hopkinsi","k__Fungi","p__Basidiomycota","c__Tremellomycetes","o__Tremellales","f__Bulleribasidiaceae","g__Vishniacozyma","s__victoriae","negative"
"Pityogenes hopkinsi","ASV_22864",-2.89946867195406,0.002,0.0542051282051282,0.766939534883721,"Curculionidae","Scolytinae","Pityogenes","Pityogenes hopkinsi","k__Fungi","p__Ascomycota","c__Leotiomycetes","o__Helotiales","f__Helotiales_fam_Incertae_sedis","g__Cryptocline","s__arctostaphyli","negative"
"Pityogenes hopkinsi","ASV_23817",-3.87310066657514,0.002,0.0542051282051282,0.766939534883721,"Curculionidae","Scolytinae","Pityogenes","Pityogenes hopkinsi","k__Fungi","p__Ascomycota",NA,NA,NA,NA,NA,"negative"
"Pityogenes hopkinsi","ASV_25414",-3.27602385399237,0.002,0.0542051282051282,0.766939534883721,"Curculionidae","Scolytinae","Pityogenes","Pityogenes hopkinsi","k__Fungi","p__Ascomycota","c__Sordariomycetes","o__Hypocreales","f__Nectriaceae","g__Calcarisporium","s__arbuscula","negative"
"Pityogenes hopkinsi","ASV_26187",-3.17191418760513,0.002,0.0542051282051282,0.766939534883721,"Curculionidae","Scolytinae","Pityogenes","Pityogenes hopkinsi","k__Fungi","p__Basidiomycota","c__Exobasidiomycetes","o__Microstromatales","f__Microstromataceae","g__Microstroma",NA,"negative"
"Pityogenes hopkinsi","ASV_26409",-2.80158681668051,0.002,0.0542051282051282,0.766939534883721,"Curculionidae","Scolytinae","Pityogenes","Pityogenes hopkinsi","k__Fungi","p__Ascomycota","c__Dothideomycetes","o__Dothideales","f__Saccotheciaceae","g__Aureobasidium",NA,"negative"
"Pityogenes hopkinsi","ASV_23",-3.2774321563782,0.003,0.0627920792079208,0.806536956521739,"Curculionidae","Scolytinae","Pityogenes","Pityogenes hopkinsi","k__Fungi","p__Ascomycota",NA,NA,NA,NA,NA,"negative"
"Pityogenes hopkinsi","ASV_85",3.14947619585012,0.003,0.0627920792079208,0.806536956521739,"Curculionidae","Scolytinae","Pityogenes","Pityogenes hopkinsi","k__Fungi","p__Ascomycota","c__Sordariomycetes","o__Diaporthales","f__Valsaceae","g__Cytospora","s__beilinensis","positive"
"Pityogenes hopkinsi","ASV_89",-3.37393211550168,0.003,0.0627920792079208,0.806536956521739,"Curculionidae","Scolytinae","Pityogenes","Pityogenes hopkinsi","k__Fungi","p__Ascomycota","c__Saccharomycetes","o__Saccharomycetales","f__Debaryomycetaceae","g__Yamadazyma","s__mexicana","negative"
"Pityogenes hopkinsi","ASV_167",-2.3716714542034,0.003,0.0627920792079208,0.806536956521739,"Curculionidae","Scolytinae","Pityogenes","Pityogenes hopkinsi","k__Fungi","p__Ascomycota","c__Saccharomycetes","o__Saccharomycetales","f__Saccharomycetales_fam_Incertae_sedis","g__Candida","s__sake","negative"
"Pityogenes hopkinsi","ASV_355",3.35255539757651,0.003,0.0627920792079208,0.806536956521739,"Curculionidae","Scolytinae","Pityogenes","Pityogenes hopkinsi","k__Fungi","p__Ascomycota","c__Dothideomycetes","o__Pleosporales","f__Cucurbitariaceae","g__Neocucurbitaria","s__populi","positive"
"Pityogenes hopkinsi","ASV_406",3.24592793452459,0.003,0.0627920792079208,0.806536956521739,"Curculionidae","Scolytinae","Pityogenes","Pityogenes hopkinsi","k__Fungi","p__Ascomycota","c__Sordariomycetes","o__Diaporthales","f__Valsaceae","g__Cytospora","s__beilinensis","positive"
"Pityogenes hopkinsi","ASV_571",2.9408917422516,0.003,0.0627920792079208,0.806536956521739,"Curculionidae","Scolytinae","Pityogenes","Pityogenes hopkinsi","k__Fungi","p__Ascomycota","c__Dothideomycetes","o__Capnodiales",NA,NA,NA,"positive"
"Pityogenes hopkinsi","ASV_575",2.53465968029633,0.003,0.0627920792079208,0.806536956521739,"Curculionidae","Scolytinae","Pityogenes","Pityogenes hopkinsi","k__Fungi","p__Ascomycota","c__Dothideomycetes","o__Pleosporales",NA,NA,NA,"positive"
"Pityogenes hopkinsi","ASV_807",3.26861926308512,0.003,0.0627920792079208,0.806536956521739,"Curculionidae","Scolytinae","Pityogenes","Pityogenes hopkinsi","k__Fungi","p__Ascomycota","c__Sordariomycetes","o__Xylariales","f__Diatrypaceae","g__Diatrype","s__stigma","positive"
"Pityogenes hopkinsi","ASV_826",2.62463409842826,0.003,0.0627920792079208,0.806536956521739,"Curculionidae","Scolytinae","Pityogenes","Pityogenes hopkinsi","k__Fungi",NA,NA,NA,NA,NA,NA,"positive"
"Pityogenes hopkinsi","ASV_1186",2.99293754003767,0.003,0.0627920792079208,0.806536956521739,"Curculionidae","Scolytinae","Pityogenes","Pityogenes hopkinsi","k__Fungi","p__Ascomycota","c__Sordariomycetes","o__Xylariales","f__Diatrypaceae","g__Diatrype","s__stigma","positive"
"Pityogenes hopkinsi","ASV_1207",3.03665963128523,0.003,0.0627920792079208,0.806536956521739,"Curculionidae","Scolytinae","Pityogenes","Pityogenes hopkinsi","k__Fungi","p__Ascomycota","c__Dothideomycetes","o__Pleosporales","f__Lophiotremataceae","g__Atrocalyx",NA,"positive"
"Pityogenes hopkinsi","ASV_1475",2.94555291101869,0.003,0.0627920792079208,0.806536956521739,"Curculionidae","Scolytinae","Pityogenes","Pityogenes hopkinsi","k__Fungi","p__Ascomycota","c__Sordariomycetes","o__Hypocreales","f__Nectriaceae","g__Thyronectria",NA,"positive"
"Pityogenes hopkinsi","ASV_1590",-3.16966229017743,0.003,0.0627920792079208,0.806536956521739,"Curculionidae","Scolytinae","Pityogenes","Pityogenes hopkinsi","k__Fungi","p__Ascomycota","c__Dothideomycetes","o__Mycosphaerellales","f__Teratosphaeriaceae","g__Teratosphaeria","s__agapanthi","negative"
"Pityogenes hopkinsi","ASV_1772",3.27031102958627,0.003,0.0627920792079208,0.806536956521739,"Curculionidae","Scolytinae","Pityogenes","Pityogenes hopkinsi","k__Fungi","p__Ascomycota","c__Dothideomycetes","o__Capnodiales","f__Capnodiales_fam_Incertae_sedis","g__Arthrocatena",NA,"positive"
"Pityogenes hopkinsi","ASV_2390",-3.67332679953956,0.003,0.0627920792079208,0.806536956521739,"Curculionidae","Scolytinae","Pityogenes","Pityogenes hopkinsi","k__Fungi","p__Basidiomycota","c__Agaricomycetes","o__Hymenochaetales","f__Schizoporaceae","g__Xylodon","s__flaviporus","negative"
"Pityogenes hopkinsi","ASV_2450",3.81225563543093,0.003,0.0627920792079208,0.806536956521739,"Curculionidae","Scolytinae","Pityogenes","Pityogenes hopkinsi","k__Fungi","p__Basidiomycota","c__Agaricomycetes","o__Auriculariales","f__Exidiaceae","g__Exidia",NA,"positive"
"Pityogenes hopkinsi","ASV_3095",3.26528841286818,0.003,0.0627920792079208,0.806536956521739,"Curculionidae","Scolytinae","Pityogenes","Pityogenes hopkinsi","k__Fungi","p__Ascomycota","c__Sordariomycetes","o__Xylariales","f__Diatrypaceae",NA,NA,"positive"
"Pityogenes hopkinsi","ASV_3651",2.98286599140211,0.003,0.0627920792079208,0.806536956521739,"Curculionidae","Scolytinae","Pityogenes","Pityogenes hopkinsi","k__Fungi","p__Ascomycota","c__Eurotiomycetes","o__Verrucariales","f__Verrucariaceae","g__Verrucariaceae_gen_Incertae_sedis",NA,"positive"
"Pityogenes hopkinsi","ASV_4990",-2.88622146092475,0.003,0.0627920792079208,0.806536956521739,"Curculionidae","Scolytinae","Pityogenes","Pityogenes hopkinsi","k__Fungi","p__Ascomycota","c__Dothideomycetes","o__Dothideales","f__Saccotheciaceae","g__Aureobasidium","s__pullulans","negative"
"Pityogenes hopkinsi","ASV_5102",-2.61024918381522,0.003,0.0627920792079208,0.806536956521739,"Curculionidae","Scolytinae","Pityogenes","Pityogenes hopkinsi","k__Fungi","p__Ascomycota","c__Dothideomycetes","o__Capnodiales","f__Neoantennariellaceae","g__Cippumomyces","s__mortalis","negative"
"Pityogenes hopkinsi","ASV_5511",-2.91161356072983,0.003,0.0627920792079208,0.806536956521739,"Curculionidae","Scolytinae","Pityogenes","Pityogenes hopkinsi","k__Fungi","p__Ascomycota","c__Dothideomycetes","o__Dothideales","f__Saccotheciaceae","g__Aureobasidium","s__pullulans","negative"
"Pityogenes hopkinsi","ASV_5727",-3.84758180082256,0.003,0.0627920792079208,0.806536956521739,"Curculionidae","Scolytinae","Pityogenes","Pityogenes hopkinsi","k__Fungi","p__Ascomycota","c__Dothideomycetes","o__Pleosporales","f__Cucurbitariaceae","g__Allocucurbitaria","s__botulispora","negative"
"Pityogenes hopkinsi","ASV_5967",-2.68040728445278,0.003,0.0627920792079208,0.806536956521739,"Curculionidae","Scolytinae","Pityogenes","Pityogenes hopkinsi","k__Fungi","p__Basidiomycota","c__Agaricomycetes","o__Polyporales","f__Phanerochaetaceae","g__Phanerochaete","s__sordida","negative"
"Pityogenes hopkinsi","ASV_6014",-3.06987796046396,0.003,0.0627920792079208,0.806536956521739,"Curculionidae","Scolytinae","Pityogenes","Pityogenes hopkinsi","k__Fungi","p__Chytridiomycota","c__Spizellomycetes","o__Spizellomycetales","f__Powellomycetaceae","g__Thoreauomyces",NA,"negative"
"Pityogenes hopkinsi","ASV_6163",-1.93484490555531,0.003,0.0627920792079208,0.806536956521739,"Curculionidae","Scolytinae","Pityogenes","Pityogenes hopkinsi","k__Fungi","p__Ascomycota","c__Dothideomycetes","o__Botryosphaeriales","f__Melanopsaceae","g__Melanops","s__fagicola","negative"
"Pityogenes hopkinsi","ASV_6200",-3.69377385560824,0.003,0.0627920792079208,0.806536956521739,"Curculionidae","Scolytinae","Pityogenes","Pityogenes hopkinsi","k__Fungi","p__Basidiomycota","c__Agaricomycetes","o__Hymenochaetales","f__Schizoporaceae","g__Xylodon","s__rimosissimus","negative"
"Pityogenes hopkinsi","ASV_6349",3.02369636986633,0.003,0.0627920792079208,0.806536956521739,"Curculionidae","Scolytinae","Pityogenes","Pityogenes hopkinsi","k__Fungi","p__Ascomycota","c__Sordariomycetes","o__Diaporthales","f__Melanconiellaceae","g__Microascospora",NA,"positive"
"Pityogenes hopkinsi","ASV_7099",-3.01303648390167,0.003,0.0627920792079208,0.806536956521739,"Curculionidae","Scolytinae","Pityogenes","Pityogenes hopkinsi","k__Fungi","p__Ascomycota",NA,NA,NA,NA,NA,"negative"
"Pityogenes hopkinsi","ASV_8002",-2.55999787828828,0.003,0.0627920792079208,0.806536956521739,"Curculionidae","Scolytinae","Pityogenes","Pityogenes hopkinsi","k__Fungi","p__Basidiomycota","c__Agaricomycetes","o__Agaricales","f__Tricholomataceae","g__Resupinatus","s__americanus","negative"
"Pityogenes hopkinsi","ASV_8409",-3.33675630948208,0.003,0.0627920792079208,0.806536956521739,"Curculionidae","Scolytinae","Pityogenes","Pityogenes hopkinsi","k__Fungi","p__Ascomycota","c__Dothideomycetes","o__Myriangiales","f__Myriangiaceae","g__Myriangium","s__duriaei","negative"
"Pityogenes hopkinsi","ASV_8415",4.20490654478435,0.003,0.0627920792079208,0.806536956521739,"Curculionidae","Scolytinae","Pityogenes","Pityogenes hopkinsi","k__Fungi","p__Ascomycota","c__Sordariomycetes","o__Coronophorales","f__Scortechiniaceae","g__Yuxiensis","s__granularis","positive"
"Pityogenes hopkinsi","ASV_8768",-2.30469090985681,0.003,0.0627920792079208,0.806536956521739,"Curculionidae","Scolytinae","Pityogenes","Pityogenes hopkinsi","k__Fungi",NA,NA,NA,NA,NA,NA,"negative"
"Pityogenes hopkinsi","ASV_8888",-2.31401683398867,0.003,0.0627920792079208,0.806536956521739,"Curculionidae","Scolytinae","Pityogenes","Pityogenes hopkinsi","k__Fungi","p__Ascomycota","c__Taphrinomycetes","o__Taphrinales","f__Taphrinaceae","g__Taphrina",NA,"negative"
"Pityogenes hopkinsi","ASV_9053",-3.0849974617473,0.003,0.0627920792079208,0.806536956521739,"Curculionidae","Scolytinae","Pityogenes","Pityogenes hopkinsi","k__Fungi","p__Ascomycota","c__Lecanoromycetes","o__Ostropales","f__Spirographaceae","g__Spirographa","s__fusisporella","negative"
"Pityogenes hopkinsi","ASV_9241",-2.38920520751306,0.003,0.0627920792079208,0.806536956521739,"Curculionidae","Scolytinae","Pityogenes","Pityogenes hopkinsi","k__Fungi","p__Ascomycota","c__Eurotiomycetes","o__Chaetothyriales","f__Chaetothyriaceae","g__Camptophora","s__hylomeconis","negative"
"Pityogenes hopkinsi","ASV_9311",-2.9390760807897,0.003,0.0627920792079208,0.806536956521739,"Curculionidae","Scolytinae","Pityogenes","Pityogenes hopkinsi","k__Fungi","p__Ascomycota","c__Dothideomycetes","o__Dothideales","f__Dothideales_fam_Incertae_sedis","g__Dothideales_gen_Incertae_sedis",NA,"negative"
"Pityogenes hopkinsi","ASV_9496",-2.43007602119882,0.003,0.0627920792079208,0.806536956521739,"Curculionidae","Scolytinae","Pityogenes","Pityogenes hopkinsi","k__Fungi","p__Ascomycota","c__Leotiomycetes","o__Helotiales","f__Helotiales_fam_Incertae_sedis","g__Chalara","s__microspora","negative"
"Pityogenes hopkinsi","ASV_10027",-2.87305246675919,0.003,0.0627920792079208,0.806536956521739,"Curculionidae","Scolytinae","Pityogenes","Pityogenes hopkinsi","k__Fungi","p__Basidiomycota","c__Agaricomycetes","o__Hymenochaetales","f__Schizoporaceae","g__Lyomyces",NA,"negative"
"Pityogenes hopkinsi","ASV_10442",-3.17614242871196,0.003,0.0627920792079208,0.806536956521739,"Curculionidae","Scolytinae","Pityogenes","Pityogenes hopkinsi","k__Fungi","p__Basidiomycota","c__Agaricomycetes","o__Agaricales","f__Pleurotaceae","g__Hohenbuehelia",NA,"negative"
"Pityogenes hopkinsi","ASV_10464",-2.84767011231742,0.003,0.0627920792079208,0.806536956521739,"Curculionidae","Scolytinae","Pityogenes","Pityogenes hopkinsi","k__Fungi","p__Basidiomycota","c__Agaricomycetes","o__Polyporales","f__Steccherinaceae","g__Steccherinaceae_gen_Incertae_sedis",NA,"negative"
"Pityogenes hopkinsi","ASV_10925",-2.99279304057793,0.003,0.0627920792079208,0.806536956521739,"Curculionidae","Scolytinae","Pityogenes","Pityogenes hopkinsi","k__Fungi","p__Ascomycota",NA,NA,NA,NA,NA,"negative"
"Pityogenes hopkinsi","ASV_11294",2.46982486634277,0.003,0.0627920792079208,0.806536956521739,"Curculionidae","Scolytinae","Pityogenes","Pityogenes hopkinsi","k__Fungi","p__Ascomycota","c__Lecanoromycetes","o__Lecanorales",NA,NA,NA,"positive"
"Pityogenes hopkinsi","ASV_11483",-4.07928519831736,0.003,0.0627920792079208,0.806536956521739,"Curculionidae","Scolytinae","Pityogenes","Pityogenes hopkinsi","k__Fungi","p__Ascomycota","c__Leotiomycetes","o__Helotiales","f__Tympanidaceae","g__Tympanis",NA,"negative"
"Pityogenes hopkinsi","ASV_11720",-3.29562786232291,0.003,0.0627920792079208,0.806536956521739,"Curculionidae","Scolytinae","Pityogenes","Pityogenes hopkinsi","k__Fungi","p__Basidiomycota","c__Agaricostilbomycetes","o__Agaricostilbales","f__Jianyuniaceae","g__Jianyunia",NA,"negative"
"Pityogenes hopkinsi","ASV_12103",-2.65088308807356,0.003,0.0627920792079208,0.806536956521739,"Curculionidae","Scolytinae","Pityogenes","Pityogenes hopkinsi","k__Fungi","p__Basidiomycota","c__Microbotryomycetes","o__Microbotryomycetes_ord_Incertae_sedis","f__Colacogloeaceae",NA,NA,"negative"
"Pityogenes hopkinsi","ASV_12516",-2.36300901005418,0.003,0.0627920792079208,0.806536956521739,"Curculionidae","Scolytinae","Pityogenes","Pityogenes hopkinsi","k__Fungi","p__Basidiomycota","c__Exobasidiomycetes","o__Microstromatales","f__Microstromatales_fam_Incertae_sedis","g__Pseudomicrostroma",NA,"negative"
"Pityogenes hopkinsi","ASV_13131",-2.59657518770875,0.003,0.0627920792079208,0.806536956521739,"Curculionidae","Scolytinae","Pityogenes","Pityogenes hopkinsi","k__Fungi","p__Ascomycota",NA,NA,NA,NA,NA,"negative"
"Pityogenes hopkinsi","ASV_13213",-2.48243152713411,0.003,0.0627920792079208,0.806536956521739,"Curculionidae","Scolytinae","Pityogenes","Pityogenes hopkinsi","k__Fungi","p__Basidiomycota","c__Microbotryomycetes","o__Microbotryomycetes_ord_Incertae_sedis","f__Colacogloeaceae",NA,NA,"negative"
"Pityogenes hopkinsi","ASV_13228",-2.46254721938385,0.003,0.0627920792079208,0.806536956521739,"Curculionidae","Scolytinae","Pityogenes","Pityogenes hopkinsi","k__Fungi","p__Ascomycota","c__Eurotiomycetes","o__Chaetothyriales","f__Herpotrichiellaceae","g__Exophiala",NA,"negative"
"Pityogenes hopkinsi","ASV_13321",-2.989993462649,0.003,0.0627920792079208,0.806536956521739,"Curculionidae","Scolytinae","Pityogenes","Pityogenes hopkinsi","k__Fungi","p__Basidiomycota","c__Microbotryomycetes","o__Sporidiobolales","f__Sporidiobolaceae","g__Rhodosporidiobolus","s__colostri","negative"
"Pityogenes hopkinsi","ASV_13361",-3.36664799582389,0.003,0.0627920792079208,0.806536956521739,"Curculionidae","Scolytinae","Pityogenes","Pityogenes hopkinsi","k__Fungi",NA,NA,NA,NA,NA,NA,"negative"
"Pityogenes hopkinsi","ASV_13832",-2.91276244016102,0.003,0.0627920792079208,0.806536956521739,"Curculionidae","Scolytinae","Pityogenes","Pityogenes hopkinsi","k__Fungi",NA,NA,NA,NA,NA,NA,"negative"
"Pityogenes hopkinsi","ASV_15436",-2.56869903722574,0.003,0.0627920792079208,0.806536956521739,"Curculionidae","Scolytinae","Pityogenes","Pityogenes hopkinsi","k__Fungi","p__Ascomycota","c__Dothideomycetes","o__Mycosphaerellales","f__Mycosphaerellaceae","g__Ramularia",NA,"negative"
"Pityogenes hopkinsi","ASV_17991",-3.0350988311936,0.003,0.0627920792079208,0.806536956521739,"Curculionidae","Scolytinae","Pityogenes","Pityogenes hopkinsi","k__Fungi","p__Ascomycota","c__Dothideomycetes","o__Pleosporales",NA,NA,NA,"negative"
"Pityogenes hopkinsi","ASV_20243",-2.89579175084512,0.003,0.0627920792079208,0.806536956521739,"Curculionidae","Scolytinae","Pityogenes","Pityogenes hopkinsi","k__Fungi","p__Ascomycota","c__Sordariomycetes","o__Chaetosphaeriales","f__Chaetosphaeriaceae","g__Pyrigemmula","s__aurantiaca","negative"
"Pityogenes hopkinsi","ASV_20703",-2.80419234998408,0.003,0.0627920792079208,0.806536956521739,"Curculionidae","Scolytinae","Pityogenes","Pityogenes hopkinsi","k__Fungi","p__Ascomycota","c__Eurotiomycetes","o__Chaetothyriales","f__Trichomeriaceae","g__Trichomerium","s__lapideum","negative"
"Pityogenes hopkinsi","ASV_20740",-2.37002441637483,0.003,0.0627920792079208,0.806536956521739,"Curculionidae","Scolytinae","Pityogenes","Pityogenes hopkinsi","k__Fungi","p__Basidiomycota","c__Tremellomycetes","o__Tremellales","f__Bulleribasidiaceae","g__Bulleribasidiaceae_gen_Incertae_sedis",NA,"negative"
"Pityogenes hopkinsi","ASV_21763",-2.50137541548875,0.003,0.0627920792079208,0.806536956521739,"Curculionidae","Scolytinae","Pityogenes","Pityogenes hopkinsi","k__Fungi","p__Basidiomycota","c__Tremellomycetes","o__Tremellales","f__Bulleribasidiaceae","g__Vishniacozyma",NA,"negative"
"Pityogenes hopkinsi","ASV_22577",-3.12229908100739,0.003,0.0627920792079208,0.806536956521739,"Curculionidae","Scolytinae","Pityogenes","Pityogenes hopkinsi","k__Fungi","p__Ascomycota","c__Dothideomycetes","o__Capnodiales","f__Cladosporiaceae","g__Rachicladosporium","s__cboliae","negative"
"Pityogenes hopkinsi","ASV_23277",-3.65692150575968,0.003,0.0627920792079208,0.806536956521739,"Curculionidae","Scolytinae","Pityogenes","Pityogenes hopkinsi","k__Fungi","p__Ascomycota","c__Sordariomycetes","o__Hypocreales","f__Hypocreales_fam_Incertae_sedis","g__Acremonium","s__rutilum","negative"
"Pityogenes hopkinsi","ASV_23295",-3.14904226732838,0.003,0.0627920792079208,0.806536956521739,"Curculionidae","Scolytinae","Pityogenes","Pityogenes hopkinsi","k__Fungi","p__Ascomycota","c__Lecanoromycetes","o__Ostropales","f__Spirographaceae","g__Spirographa","s__fusisporella","negative"
"Pityogenes hopkinsi","ASV_24232",-3.63363084192531,0.003,0.0627920792079208,0.806536956521739,"Curculionidae","Scolytinae","Pityogenes","Pityogenes hopkinsi","k__Fungi","p__Basidiomycota","c__Agaricomycetes","o__Hymenochaetales","f__Schizoporaceae","g__Xylodon",NA,"negative"
"Pityogenes hopkinsi","ASV_24620",-2.74829993166175,0.003,0.0627920792079208,0.806536956521739,"Curculionidae","Scolytinae","Pityogenes","Pityogenes hopkinsi","k__Fungi","p__Ascomycota","c__Dothideomycetes","o__Dothideales","f__Saccotheciaceae","g__Aureobasidium",NA,"negative"
"Pityogenes hopkinsi","ASV_25245",-3.60580150167547,0.003,0.0627920792079208,0.806536956521739,"Curculionidae","Scolytinae","Pityogenes","Pityogenes hopkinsi","k__Fungi","p__Basidiomycota","c__Exobasidiomycetes","o__Microstromatales","f__Microstromatales_fam_Incertae_sedis","g__Pseudomicrostroma",NA,"negative"
"Pityogenes hopkinsi","ASV_26943",-3.2605655682467,0.003,0.0627920792079208,0.806536956521739,"Curculionidae","Scolytinae","Pityogenes","Pityogenes hopkinsi","k__Fungi","p__Basidiomycota","c__Agaricomycetes","o__Hymenochaetales","f__Schizoporaceae","g__Xylodon","s__brevisetus","negative"
"Pityogenes hopkinsi","ASV_27051",-2.80588653182376,0.003,0.0627920792079208,0.806536956521739,"Curculionidae","Scolytinae","Pityogenes","Pityogenes hopkinsi","k__Fungi","p__Ascomycota","c__Dothideomycetes","o__Pleosporales",NA,NA,NA,"negative"
"Pityogenes hopkinsi","ASV_28899",-3.54744491776724,0.003,0.0627920792079208,0.806536956521739,"Curculionidae","Scolytinae","Pityogenes","Pityogenes hopkinsi","k__Fungi","p__Basidiomycota","c__Agaricomycetes","o__Polyporales","f__Podoscyphaceae","g__Hypochnicium","s__geogenium","negative"
"Pityogenes hopkinsi","ASV_29425",-3.47977695685422,0.003,0.0627920792079208,0.806536956521739,"Curculionidae","Scolytinae","Pityogenes","Pityogenes hopkinsi","k__Fungi","p__Ascomycota","c__Leotiomycetes","o__Helotiales","f__Mollisiaceae","g__Mollisia","s__asteliae","negative"
"Pityogenes hopkinsi","ASV_360",-1.83032926963467,0.004,0.0693114754098361,0.830550705171256,"Curculionidae","Scolytinae","Pityogenes","Pityogenes hopkinsi","k__Fungi","p__Ascomycota","c__Dothideomycetes","o__Pleosporales","f__Lophiotremataceae","g__Atrocalyx",NA,"negative"
"Pityogenes hopkinsi","ASV_550",2.64268993176827,0.004,0.0693114754098361,0.830550705171256,"Curculionidae","Scolytinae","Pityogenes","Pityogenes hopkinsi","k__Fungi","p__Ascomycota","c__Sordariomycetes","o__Diaporthales","f__Cryphonectriaceae","g__Cryphonectriaceae_gen_Incertae_sedis",NA,"positive"
"Pityogenes hopkinsi","ASV_602",2.40107718142477,0.004,0.0693114754098361,0.830550705171256,"Curculionidae","Scolytinae","Pityogenes","Pityogenes hopkinsi","k__Fungi",NA,NA,NA,NA,NA,NA,"positive"
"Pityogenes hopkinsi","ASV_1024",2.63422590306878,0.004,0.0693114754098361,0.830550705171256,"Curculionidae","Scolytinae","Pityogenes","Pityogenes hopkinsi","k__Fungi","p__Basidiomycota","c__Agaricomycetes","o__Polyporales","f__Polyporaceae","g__Trametes",NA,"positive"
"Pityogenes hopkinsi","ASV_1083",2.99825619326836,0.004,0.0693114754098361,0.830550705171256,"Curculionidae","Scolytinae","Pityogenes","Pityogenes hopkinsi","k__Fungi","p__Ascomycota","c__Dothideomycetes",NA,NA,NA,NA,"positive"
"Pityogenes hopkinsi","ASV_1222",3.98436290200783,0.004,0.0693114754098361,0.830550705171256,"Curculionidae","Scolytinae","Pityogenes","Pityogenes hopkinsi","k__Fungi","p__Ascomycota","c__Leotiomycetes","o__Rhytismatales","f__Rhytismataceae","g__Lophodermium","s__macci","positive"
"Pityogenes hopkinsi","ASV_1341",2.73621909555559,0.004,0.0693114754098361,0.830550705171256,"Curculionidae","Scolytinae","Pityogenes","Pityogenes hopkinsi","k__Fungi","p__Ascomycota","c__Dothideomycetes","o__Pleosporales",NA,NA,NA,"positive"
"Pityogenes hopkinsi","ASV_1563",2.9815000425556,0.004,0.0693114754098361,0.830550705171256,"Curculionidae","Scolytinae","Pityogenes","Pityogenes hopkinsi","k__Fungi","p__Ascomycota","c__Sordariomycetes","o__Calosphaeriales","f__Calosphaeriaceae","g__Jattaea",NA,"positive"
"Pityogenes hopkinsi","ASV_1678",2.79135530835991,0.004,0.0693114754098361,0.830550705171256,"Curculionidae","Scolytinae","Pityogenes","Pityogenes hopkinsi","k__Fungi","p__Ascomycota","c__Dothideomycetes","o__Pleosporales",NA,NA,NA,"positive"
"Pityogenes hopkinsi","ASV_1853",3.14059581316286,0.004,0.0693114754098361,0.830550705171256,"Curculionidae","Scolytinae","Pityogenes","Pityogenes hopkinsi","k__Fungi","p__Ascomycota","c__Dothideomycetes","o__Pleosporales","f__Cucurbitariaceae","g__Pyrenochaetopsis","s__microspora","positive"
"Pityogenes hopkinsi","ASV_2005",3.02395210702102,0.004,0.0693114754098361,0.830550705171256,"Curculionidae","Scolytinae","Pityogenes","Pityogenes hopkinsi","k__Fungi","p__Ascomycota","c__Taphrinomycetes","o__Taphrinales","f__Taphrinaceae","g__Taphrinaceae_gen_Incertae_sedis",NA,"positive"
"Pityogenes hopkinsi","ASV_2051",-2.80971370093032,0.004,0.0693114754098361,0.830550705171256,"Curculionidae","Scolytinae","Pityogenes","Pityogenes hopkinsi","k__Fungi","p__Ascomycota","c__Leotiomycetes","o__Rhytismatales",NA,NA,NA,"negative"
"Pityogenes hopkinsi","ASV_2319",3.3696081562754,0.004,0.0693114754098361,0.830550705171256,"Curculionidae","Scolytinae","Pityogenes","Pityogenes hopkinsi","k__Fungi","p__Ascomycota","c__Dothideomycetes","o__Pleosporales",NA,NA,NA,"positive"
"Pityogenes hopkinsi","ASV_4344",-3.2909410304799,0.004,0.0693114754098361,0.830550705171256,"Curculionidae","Scolytinae","Pityogenes","Pityogenes hopkinsi","k__Fungi","p__Ascomycota",NA,NA,NA,NA,NA,"negative"
"Pityogenes hopkinsi","ASV_4795",-3.55410063815454,0.004,0.0693114754098361,0.830550705171256,"Curculionidae","Scolytinae","Pityogenes","Pityogenes hopkinsi","k__Fungi","p__Ascomycota",NA,NA,NA,NA,NA,"negative"
"Pityogenes hopkinsi","ASV_5396",-2.62431482489477,0.004,0.0693114754098361,0.830550705171256,"Curculionidae","Scolytinae","Pityogenes","Pityogenes hopkinsi","k__Fungi","p__Ascomycota","c__Dothideomycetes","o__Capnodiales","f__Cladosporiaceae","g__Rachicladosporium",NA,"negative"
"Pityogenes hopkinsi","ASV_6671",2.742351276752,0.004,0.0693114754098361,0.830550705171256,"Curculionidae","Scolytinae","Pityogenes","Pityogenes hopkinsi","k__Fungi","p__Basidiomycota","c__Agaricostilbomycetes","o__Agaricostilbales","f__Chionosphaeraceae",NA,NA,"positive"
"Pityogenes hopkinsi","ASV_6739",-2.97098480228212,0.004,0.0693114754098361,0.830550705171256,"Curculionidae","Scolytinae","Pityogenes","Pityogenes hopkinsi","k__Fungi","p__Ascomycota","c__Dothideomycetes","o__Dothideales","f__Dothioraceae","g__Dothiora",NA,"negative"
"Pityogenes hopkinsi","ASV_6747",-2.4944950041048,0.004,0.0693114754098361,0.830550705171256,"Curculionidae","Scolytinae","Pityogenes","Pityogenes hopkinsi","k__Fungi","p__Basidiomycota","c__Tremellomycetes","o__Tremellales","f__Bulleraceae","g__Fonsecazyma",NA,"negative"
"Pityogenes hopkinsi","ASV_6977",-3.09788542760752,0.004,0.0693114754098361,0.830550705171256,"Curculionidae","Scolytinae","Pityogenes","Pityogenes hopkinsi","k__Fungi","p__Ascomycota","c__Leotiomycetes","o__Phacidiales","f__Phacidiaceae","g__Phacidium","s__lacerum","negative"
"Pityogenes hopkinsi","ASV_7548",-2.60723831330386,0.004,0.0693114754098361,0.830550705171256,"Curculionidae","Scolytinae","Pityogenes","Pityogenes hopkinsi","k__Fungi","p__Ascomycota","c__Dothideomycetes","o__Dothideales","f__Saccotheciaceae","g__Aureobasidium","s__pullulans","negative"
"Pityogenes hopkinsi","ASV_7623",-2.94161867164784,0.004,0.0693114754098361,0.830550705171256,"Curculionidae","Scolytinae","Pityogenes","Pityogenes hopkinsi","k__Fungi","p__Ascomycota","c__Dothideomycetes","o__Patellariales","f__Patellariaceae","g__Rhizodiscina","s__lignyota","negative"
"Pityogenes hopkinsi","ASV_7782",-2.51522399407508,0.004,0.0693114754098361,0.830550705171256,"Curculionidae","Scolytinae","Pityogenes","Pityogenes hopkinsi","k__Fungi","p__Basidiomycota","c__Tremellomycetes","o__Tremellales","f__Tremellaceae","g__Tremella","s__encephala","negative"
"Pityogenes hopkinsi","ASV_8210",-3.15507595082578,0.004,0.0693114754098361,0.830550705171256,"Curculionidae","Scolytinae","Pityogenes","Pityogenes hopkinsi","k__Fungi","p__Basidiomycota","c__Agaricomycetes","o__Polyporales","f__Incrustoporiaceae","g__Skeletocutis","s__kuehneri","negative"
"Pityogenes hopkinsi","ASV_8396",-3.76450397128714,0.004,0.0693114754098361,0.830550705171256,"Curculionidae","Scolytinae","Pityogenes","Pityogenes hopkinsi","k__Fungi","p__Ascomycota","c__Sordariomycetes","o__Diaporthales","f__Valsaceae","g__Valsa",NA,"negative"
"Pityogenes hopkinsi","ASV_9252",-3.11848867252658,0.004,0.0693114754098361,0.830550705171256,"Curculionidae","Scolytinae","Pityogenes","Pityogenes hopkinsi","k__Fungi","p__Basidiomycota","c__Agaricomycetes","o__Polyporales","f__Phanerochaetaceae","g__Phanerochaete","s__bambusicola","negative"
"Pityogenes hopkinsi","ASV_9310",-3.39103693180483,0.004,0.0693114754098361,0.830550705171256,"Curculionidae","Scolytinae","Pityogenes","Pityogenes hopkinsi","k__Fungi","p__Ascomycota","c__Dothideomycetes","o__Pleosporales","f__Massarinaceae","g__Helminthosporium","s__asterinum","negative"
"Pityogenes hopkinsi","ASV_9575",-2.76394161659183,0.004,0.0693114754098361,0.830550705171256,"Curculionidae","Scolytinae","Pityogenes","Pityogenes hopkinsi","k__Fungi","p__Basidiomycota","c__Exobasidiomycetes","o__Microstromatales","f__Microstromatales_fam_Incertae_sedis","g__Pseudomicrostroma",NA,"negative"
"Pityogenes hopkinsi","ASV_9610",-3.00130614197653,0.004,0.0693114754098361,0.830550705171256,"Curculionidae","Scolytinae","Pityogenes","Pityogenes hopkinsi","k__Fungi","p__Ascomycota","c__Eurotiomycetes","o__Phaeomoniellales","f__Phaeomoniellaceae",NA,NA,"negative"
"Pityogenes hopkinsi","ASV_9669",-3.32231024458948,0.004,0.0693114754098361,0.830550705171256,"Curculionidae","Scolytinae","Pityogenes","Pityogenes hopkinsi","k__Fungi","p__Basidiomycota","c__Atractiellomycetes","o__Atractiellales","f__Phleogenaceae","g__Helicogloea","s__compressa","negative"
"Pityogenes hopkinsi","ASV_10278",-3.13055983740903,0.004,0.0693114754098361,0.830550705171256,"Curculionidae","Scolytinae","Pityogenes","Pityogenes hopkinsi","k__Fungi","p__Ascomycota","c__Lecanoromycetes","o__Ostropales","f__Spirographaceae","g__Spirographa","s__fusisporella","negative"
"Pityogenes hopkinsi","ASV_10412",-2.48520628002462,0.004,0.0693114754098361,0.830550705171256,"Curculionidae","Scolytinae","Pityogenes","Pityogenes hopkinsi","k__Fungi","p__Ascomycota","c__Dothideomycetes","o__Dothideales","f__Saccotheciaceae","g__Aureobasidium","s__pullulans","negative"
"Pityogenes hopkinsi","ASV_11372",-2.39019084107637,0.004,0.0693114754098361,0.830550705171256,"Curculionidae","Scolytinae","Pityogenes","Pityogenes hopkinsi","k__Fungi","p__Ascomycota","c__Dothideomycetes","o__Pleosporales","f__Didymellaceae","g__Phoma","s__aloes","negative"
"Pityogenes hopkinsi","ASV_11601",-3.19160774245866,0.004,0.0693114754098361,0.830550705171256,"Curculionidae","Scolytinae","Pityogenes","Pityogenes hopkinsi","k__Fungi","p__Basidiomycota","c__Agaricomycetes","o__Russulales","f__Peniophoraceae","g__Peniophora","s__cinerea","negative"
"Pityogenes hopkinsi","ASV_11736",-3.09370275805996,0.004,0.0693114754098361,0.830550705171256,"Curculionidae","Scolytinae","Pityogenes","Pityogenes hopkinsi","k__Fungi","p__Ascomycota","c__Dothideomycetes","o__Capnodiales","f__Cladosporiaceae",NA,NA,"negative"
"Pityogenes hopkinsi","ASV_11977",-2.58782648939901,0.004,0.0693114754098361,0.830550705171256,"Curculionidae","Scolytinae","Pityogenes","Pityogenes hopkinsi","k__Fungi","p__Basidiomycota","c__Agaricomycetes","o__Russulales","f__Peniophoraceae","g__Peniophora","s__cinerea","negative"
"Pityogenes hopkinsi","ASV_12239",-3.11206439124578,0.004,0.0693114754098361,0.830550705171256,"Curculionidae","Scolytinae","Pityogenes","Pityogenes hopkinsi","k__Fungi","p__Basidiomycota","c__Exobasidiomycetes","o__Microstromatales","f__Microstromatales_fam_Incertae_sedis","g__Pseudomicrostroma","s__phylloplanum","negative"
"Pityogenes hopkinsi","ASV_12290",-3.31668429482509,0.004,0.0693114754098361,0.830550705171256,"Curculionidae","Scolytinae","Pityogenes","Pityogenes hopkinsi","k__Fungi","p__Basidiomycota","c__Cystobasidiomycetes","o__Erythrobasidiales",NA,NA,NA,"negative"
"Pityogenes hopkinsi","ASV_13292",-2.68913071146853,0.004,0.0693114754098361,0.830550705171256,"Curculionidae","Scolytinae","Pityogenes","Pityogenes hopkinsi","k__Fungi","p__Ascomycota","c__Dothideomycetes","o__Pleosporales","f__Phaeoseptaceae","g__Pleopunctum",NA,"negative"
"Pityogenes hopkinsi","ASV_13670",-2.96854073579633,0.004,0.0693114754098361,0.830550705171256,"Curculionidae","Scolytinae","Pityogenes","Pityogenes hopkinsi","k__Fungi","p__Ascomycota","c__Arthoniomycetes","o__Arthoniomycetes_ord_Incertae_sedis","f__Arthoniomycetes_fam_Incertae_sedis","g__Arthoniomycetes_gen_Incertae_sedis",NA,"negative"
"Pityogenes hopkinsi","ASV_14143",-3.37064549462068,0.004,0.0693114754098361,0.830550705171256,"Curculionidae","Scolytinae","Pityogenes","Pityogenes hopkinsi","k__Fungi",NA,NA,NA,NA,NA,NA,"negative"
"Pityogenes hopkinsi","ASV_15837",-3.0343261550528,0.004,0.0693114754098361,0.830550705171256,"Curculionidae","Scolytinae","Pityogenes","Pityogenes hopkinsi","k__Fungi","p__Ascomycota",NA,NA,NA,NA,NA,"negative"
"Pityogenes hopkinsi","ASV_15874",-2.69173992565061,0.004,0.0693114754098361,0.830550705171256,"Curculionidae","Scolytinae","Pityogenes","Pityogenes hopkinsi","k__Fungi","p__Basidiomycota","c__Cystobasidiomycetes","o__Erythrobasidiales","f__Erythrobasidiaceae","g__Erythrobasidium","s__hasegawae","negative"
"Pityogenes hopkinsi","ASV_15883",-2.46475252174045,0.004,0.0693114754098361,0.830550705171256,"Curculionidae","Scolytinae","Pityogenes","Pityogenes hopkinsi","k__Fungi","p__Ascomycota",NA,NA,NA,NA,NA,"negative"
"Pityogenes hopkinsi","ASV_16233",-2.81771507411078,0.004,0.0693114754098361,0.830550705171256,"Curculionidae","Scolytinae","Pityogenes","Pityogenes hopkinsi","k__Fungi","p__Basidiomycota","c__Agaricomycetes","o__Hymenochaetales","f__Tubulicrinaceae","g__Tubulicrinis","s__angustus","negative"
"Pityogenes hopkinsi","ASV_16271",-2.67763487811558,0.004,0.0693114754098361,0.830550705171256,"Curculionidae","Scolytinae","Pityogenes","Pityogenes hopkinsi","k__Fungi","p__Basidiomycota","c__Microbotryomycetes","o__Microbotryomycetes_ord_Incertae_sedis","f__Microbotryomycetes_fam_Incertae_sedis","g__Curvibasidium",NA,"negative"
"Pityogenes hopkinsi","ASV_16755",-2.7671579459895,0.004,0.0693114754098361,0.830550705171256,"Curculionidae","Scolytinae","Pityogenes","Pityogenes hopkinsi","k__Fungi","p__Basidiomycota","c__Agaricomycetes","o__Russulales","f__Hericiaceae","g__Hericiaceae_gen_Incertae_sedis",NA,"negative"
"Pityogenes hopkinsi","ASV_16760",-2.8170554622187,0.004,0.0693114754098361,0.830550705171256,"Curculionidae","Scolytinae","Pityogenes","Pityogenes hopkinsi","k__Fungi","p__Basidiomycota","c__Agaricomycetes","o__Hymenochaetales","f__Schizoporaceae","g__Xylodon","s__ussuriensis","negative"
"Pityogenes hopkinsi","ASV_17173",-2.47088046829684,0.004,0.0693114754098361,0.830550705171256,"Curculionidae","Scolytinae","Pityogenes","Pityogenes hopkinsi","k__Fungi","p__Ascomycota","c__Dothideomycetes","o__Pleosporales","f__Cucurbitariaceae","g__Neocucurbitaria",NA,"negative"
"Pityogenes hopkinsi","ASV_19061",-3.21623574928965,0.004,0.0693114754098361,0.830550705171256,"Curculionidae","Scolytinae","Pityogenes","Pityogenes hopkinsi","k__Fungi","p__Basidiomycota","c__Microbotryomycetes","o__Microbotryomycetes_ord_Incertae_sedis","f__Chrysozymaceae",NA,NA,"negative"
"Pityogenes hopkinsi","ASV_19280",-2.24020788582134,0.004,0.0693114754098361,0.830550705171256,"Curculionidae","Scolytinae","Pityogenes","Pityogenes hopkinsi","k__Fungi","p__Ascomycota","c__Dothideomycetes","o__Mycosphaerellales","f__Teratosphaeriaceae","g__Xenoteratosphaeria","s__jonkershoekensis","negative"
"Pityogenes hopkinsi","ASV_19397",-2.36777480797996,0.004,0.0693114754098361,0.830550705171256,"Curculionidae","Scolytinae","Pityogenes","Pityogenes hopkinsi","k__Fungi","p__Ascomycota",NA,NA,NA,NA,NA,"negative"
"Pityogenes hopkinsi","ASV_19487",-4.41709338583294,0.004,0.0693114754098361,0.830550705171256,"Curculionidae","Scolytinae","Pityogenes","Pityogenes hopkinsi","k__Fungi","p__Ascomycota","c__Eurotiomycetes","o__Chaetothyriales","f__Herpotrichiellaceae","g__Phialophora","s__phaeophora","negative"
"Pityogenes hopkinsi","ASV_20140",-2.89514211288633,0.004,0.0693114754098361,0.830550705171256,"Curculionidae","Scolytinae","Pityogenes","Pityogenes hopkinsi","k__Fungi","p__Basidiomycota","c__Tremellomycetes","o__Tremellales","f__Bulleraceae","g__Fonsecazyma","s__mujuensis","negative"
"Pityogenes hopkinsi","ASV_22186",-2.76951784477107,0.004,0.0693114754098361,0.830550705171256,"Curculionidae","Scolytinae","Pityogenes","Pityogenes hopkinsi","k__Fungi","p__Basidiomycota",NA,NA,NA,NA,NA,"negative"
"Pityogenes hopkinsi","ASV_22584",-3.09011422768278,0.004,0.0693114754098361,0.830550705171256,"Curculionidae","Scolytinae","Pityogenes","Pityogenes hopkinsi","k__Fungi","p__Ascomycota","c__Dothideomycetes","o__Capnodiales","f__Neoantennariellaceae","g__Cippumomyces","s__mortalis","negative"
"Pityogenes hopkinsi","ASV_23278",-2.76540809424615,0.004,0.0693114754098361,0.830550705171256,"Curculionidae","Scolytinae","Pityogenes","Pityogenes hopkinsi","k__Fungi","p__Basidiomycota","c__Tremellomycetes","o__Tremellales","f__Bulleribasidiaceae","g__Vishniacozyma","s__dimennae","negative"
"Pityogenes hopkinsi","ASV_24675",-2.45370786993102,0.004,0.0693114754098361,0.830550705171256,"Curculionidae","Scolytinae","Pityogenes","Pityogenes hopkinsi","k__Fungi","p__Ascomycota","c__Leotiomycetes","o__Helotiales","f__Helotiales_fam_Incertae_sedis","g__Cryptocline","s__arctostaphyli","negative"
"Pityogenes hopkinsi","ASV_24716",-2.61600919391236,0.004,0.0693114754098361,0.830550705171256,"Curculionidae","Scolytinae","Pityogenes","Pityogenes hopkinsi","k__Fungi","p__Ascomycota","c__Lecanoromycetes","o__Lecanorales","f__Lecanoraceae","g__Lecanora","s__hybocarpa","negative"
"Pityogenes hopkinsi","ASV_25048",-2.32644078637087,0.004,0.0693114754098361,0.830550705171256,"Curculionidae","Scolytinae","Pityogenes","Pityogenes hopkinsi","k__Fungi","p__Ascomycota","c__Lecanoromycetes","o__Caliciales",NA,NA,NA,"negative"
"Pityogenes hopkinsi","ASV_25429",-2.90988897574231,0.004,0.0693114754098361,0.830550705171256,"Curculionidae","Scolytinae","Pityogenes","Pityogenes hopkinsi","k__Fungi","p__Ascomycota","c__Dothideomycetes","o__Mycosphaerellales","f__Mycosphaerellaceae","g__Ramularia",NA,"negative"
"Pityogenes hopkinsi","ASV_27056",-2.3843973744349,0.004,0.0693114754098361,0.830550705171256,"Curculionidae","Scolytinae","Pityogenes","Pityogenes hopkinsi","k__Fungi","p__Ascomycota","c__Dothideomycetes",NA,NA,NA,NA,"negative"
"Pityogenes hopkinsi","ASV_29438",-2.91986504997076,0.004,0.0693114754098361,0.830550705171256,"Curculionidae","Scolytinae","Pityogenes","Pityogenes hopkinsi","k__Fungi","p__Ascomycota","c__Dothideomycetes","o__Dothideales","f__Saccotheciaceae","g__Aureobasidium",NA,"negative"
"Pityogenes hopkinsi","ASV_551",2.42559401281184,0.005,0.0737441860465116,0.830550705171256,"Curculionidae","Scolytinae","Pityogenes","Pityogenes hopkinsi","k__Fungi","p__Ascomycota","c__Sordariomycetes","o__Diaporthales","f__Valsaceae","g__Cytospora",NA,"positive"
"Pityogenes hopkinsi","ASV_649",2.4909132594725,0.005,0.0737441860465116,0.830550705171256,"Curculionidae","Scolytinae","Pityogenes","Pityogenes hopkinsi","k__Fungi",NA,NA,NA,NA,NA,NA,"positive"
"Pityogenes hopkinsi","ASV_789",3.81535011296624,0.005,0.0737441860465116,0.830550705171256,"Curculionidae","Scolytinae","Pityogenes","Pityogenes hopkinsi","k__Fungi","p__Basidiomycota","c__Agaricomycetes","o__Agaricales","f__Psathyrellaceae","g__Coprinellus","s__micaceus","positive"
"Pityogenes hopkinsi","ASV_896",2.93033970863526,0.005,0.0737441860465116,0.830550705171256,"Curculionidae","Scolytinae","Pityogenes","Pityogenes hopkinsi","k__Fungi","p__Ascomycota","c__Dothideomycetes","o__Pleosporales","f__Cucurbitariaceae",NA,NA,"positive"
"Pityogenes hopkinsi","ASV_1034",2.88906804936343,0.005,0.0737441860465116,0.830550705171256,"Curculionidae","Scolytinae","Pityogenes","Pityogenes hopkinsi","k__Fungi","p__Ascomycota","c__Dothideomycetes","o__Pleosporales","f__Cucurbitariaceae","g__Parafenestella",NA,"positive"
"Pityogenes hopkinsi","ASV_1172",2.87279620665257,0.005,0.0737441860465116,0.830550705171256,"Curculionidae","Scolytinae","Pityogenes","Pityogenes hopkinsi","k__Fungi","p__Basidiomycota","c__Agaricomycetes","o__Hymenochaetales","f__Rickenellaceae","g__Sidera","s__vulgaris","positive"
"Pityogenes hopkinsi","ASV_1306",3.15317901360244,0.005,0.0737441860465116,0.830550705171256,"Curculionidae","Scolytinae","Pityogenes","Pityogenes hopkinsi","k__Fungi","p__Ascomycota","c__Dothideomycetes","o__Pleosporales","f__Massarinaceae","g__Helminthosporium",NA,"positive"
"Pityogenes hopkinsi","ASV_1779",2.33397989351802,0.005,0.0737441860465116,0.830550705171256,"Curculionidae","Scolytinae","Pityogenes","Pityogenes hopkinsi","k__Fungi","p__Ascomycota","c__Dothideomycetes","o__Pleosporales","f__Pleosporales_fam_Incertae_sedis","g__Chaetophoma",NA,"positive"
"Pityogenes hopkinsi","ASV_2252",3.20769234591668,0.005,0.0737441860465116,0.830550705171256,"Curculionidae","Scolytinae","Pityogenes","Pityogenes hopkinsi","k__Fungi","p__Basidiomycota","c__Tremellomycetes","o__Tremellales","f__Tremellaceae","g__Sirotrema","s__translucens","positive"
"Pityogenes hopkinsi","ASV_2360",3.76760679435973,0.005,0.0737441860465116,0.830550705171256,"Curculionidae","Scolytinae","Pityogenes","Pityogenes hopkinsi","k__Fungi","p__Basidiomycota","c__Tremellomycetes","o__Tremellales","f__Trimorphomycetaceae","g__Trimorphomyces",NA,"positive"
"Pityogenes hopkinsi","ASV_2547",3.1044001639959,0.005,0.0737441860465116,0.830550705171256,"Curculionidae","Scolytinae","Pityogenes","Pityogenes hopkinsi","k__Fungi","p__Ascomycota","c__Sordariomycetes","o__Calosphaeriales","f__Calosphaeriaceae","g__Jattaea","s__taediosa","positive"
"Pityogenes hopkinsi","ASV_2676",3.3678689135811,0.005,0.0737441860465116,0.830550705171256,"Curculionidae","Scolytinae","Pityogenes","Pityogenes hopkinsi","k__Fungi","p__Ascomycota","c__Lecanoromycetes","o__Ostropales","f__Spirographaceae","g__Spirographa","s__fusisporella","positive"
"Pityogenes hopkinsi","ASV_2737",-2.16620072557464,0.005,0.0737441860465116,0.830550705171256,"Curculionidae","Scolytinae","Pityogenes","Pityogenes hopkinsi","k__Fungi","p__Ascomycota","c__Dothideomycetes","o__Myriangiales","f__Endosporiaceae","g__Endosporium",NA,"negative"
"Pityogenes hopkinsi","ASV_3163",-2.9766162505703,0.005,0.0737441860465116,0.830550705171256,"Curculionidae","Scolytinae","Pityogenes","Pityogenes hopkinsi","k__Fungi","p__Basidiomycota","c__Cystobasidiomycetes","o__Cystobasidiales","f__Cystobasidiaceae","g__Cystobasidium",NA,"negative"
"Pityogenes hopkinsi","ASV_3806",2.50996780889645,0.005,0.0737441860465116,0.830550705171256,"Curculionidae","Scolytinae","Pityogenes","Pityogenes hopkinsi","k__Fungi","p__Basidiomycota","c__Agaricomycetes","o__Corticiales","f__Corticiaceae","g__Mycobernardia","s__incrustans","positive"
"Pityogenes hopkinsi","ASV_3891",-3.01702832077093,0.005,0.0737441860465116,0.830550705171256,"Curculionidae","Scolytinae","Pityogenes","Pityogenes hopkinsi","k__Fungi","p__Ascomycota",NA,NA,NA,NA,NA,"negative"
"Pityogenes hopkinsi","ASV_3923",-3.41265392299693,0.005,0.0737441860465116,0.830550705171256,"Curculionidae","Scolytinae","Pityogenes","Pityogenes hopkinsi","k__Fungi","p__Ascomycota","c__Eurotiomycetes","o__Phaeomoniellales","f__Phaeomoniellaceae","g__Pseudophaeomoniella","s__oleicola","negative"
"Pityogenes hopkinsi","ASV_3982",2.95640027090277,0.005,0.0737441860465116,0.830550705171256,"Curculionidae","Scolytinae","Pityogenes","Pityogenes hopkinsi","k__Fungi","p__Ascomycota",NA,NA,NA,NA,NA,"positive"
"Pityogenes hopkinsi","ASV_4066",-2.37947507515787,0.005,0.0737441860465116,0.830550705171256,"Curculionidae","Scolytinae","Pityogenes","Pityogenes hopkinsi","k__Fungi","p__Ascomycota",NA,NA,NA,NA,NA,"negative"
"Pityogenes hopkinsi","ASV_4288",2.72380816010001,0.005,0.0737441860465116,0.830550705171256,"Curculionidae","Scolytinae","Pityogenes","Pityogenes hopkinsi","k__Fungi","p__Ascomycota","c__Sordariomycetes","o__Calosphaeriales","f__Calosphaeriaceae","g__Jattaea","s__taediosa","positive"
"Pityogenes hopkinsi","ASV_5687",-4.16353647996442,0.005,0.0737441860465116,0.830550705171256,"Curculionidae","Scolytinae","Pityogenes","Pityogenes hopkinsi","k__Fungi","p__Ascomycota","c__Eurotiomycetes","o__Chaetothyriales","f__Herpotrichiellaceae",NA,NA,"negative"
"Pityogenes hopkinsi","ASV_6244",2.44087692515038,0.005,0.0737441860465116,0.830550705171256,"Curculionidae","Scolytinae","Pityogenes","Pityogenes hopkinsi","k__Fungi","p__Ascomycota","c__Dothideomycetes","o__Pleosporales","f__Pleosporales_fam_Incertae_sedis","g__Chaetophoma",NA,"positive"
"Pityogenes hopkinsi","ASV_6312",-2.56169250514719,0.005,0.0737441860465116,0.830550705171256,"Curculionidae","Scolytinae","Pityogenes","Pityogenes hopkinsi","k__Fungi","p__Ascomycota","c__Leotiomycetes","o__Helotiales","f__Helotiales_fam_Incertae_sedis","g__Cryptocline","s__arctostaphyli","negative"
"Pityogenes hopkinsi","ASV_6926",2.27344960199995,0.005,0.0737441860465116,0.830550705171256,"Curculionidae","Scolytinae","Pityogenes","Pityogenes hopkinsi","k__Fungi","p__Basidiomycota","c__Agaricomycetes","o__Polyporales","f__Polyporales_fam_Incertae_sedis","g__Diplomitoporus","s__crustulinus","positive"
"Pityogenes hopkinsi","ASV_7660",-2.42031101197583,0.005,0.0737441860465116,0.830550705171256,"Curculionidae","Scolytinae","Pityogenes","Pityogenes hopkinsi","k__Fungi","p__Ascomycota","c__Eurotiomycetes","o__Sclerococcales","f__Dactylosporaceae","g__Dactylospora",NA,"negative"
"Pityogenes hopkinsi","ASV_8039",-3.15391268073551,0.005,0.0737441860465116,0.830550705171256,"Curculionidae","Scolytinae","Pityogenes","Pityogenes hopkinsi","k__Fungi","p__Basidiomycota","c__Agaricomycetes","o__Russulales","f__Peniophoraceae","g__Peniophora",NA,"negative"
"Pityogenes hopkinsi","ASV_8486",-2.68913882367973,0.005,0.0737441860465116,0.830550705171256,"Curculionidae","Scolytinae","Pityogenes","Pityogenes hopkinsi","k__Fungi","p__Ascomycota",NA,NA,NA,NA,NA,"negative"
"Pityogenes hopkinsi","ASV_8948",3.30958041473872,0.005,0.0737441860465116,0.830550705171256,"Curculionidae","Scolytinae","Pityogenes","Pityogenes hopkinsi","k__Fungi","p__Ascomycota",NA,NA,NA,NA,NA,"positive"
"Pityogenes hopkinsi","ASV_9006",-3.41594742146073,0.005,0.0737441860465116,0.830550705171256,"Curculionidae","Scolytinae","Pityogenes","Pityogenes hopkinsi","k__Fungi","p__Ascomycota","c__Dothideomycetes","o__Pleosporales","f__Melanommataceae",NA,NA,"negative"
"Pityogenes hopkinsi","ASV_9407",3.13416033571817,0.005,0.0737441860465116,0.830550705171256,"Curculionidae","Scolytinae","Pityogenes","Pityogenes hopkinsi","k__Fungi","p__Ascomycota",NA,NA,NA,NA,NA,"positive"
"Pityogenes hopkinsi","ASV_9467",-2.89637358085161,0.005,0.0737441860465116,0.830550705171256,"Curculionidae","Scolytinae","Pityogenes","Pityogenes hopkinsi","k__Fungi","p__Basidiomycota","c__Exobasidiomycetes","o__Exobasidiales","f__Exobasidiaceae","g__Exobasidium","s__miyabei","negative"
"Pityogenes hopkinsi","ASV_9944",-2.42771503105996,0.005,0.0737441860465116,0.830550705171256,"Curculionidae","Scolytinae","Pityogenes","Pityogenes hopkinsi","k__Fungi","p__Ascomycota","c__Saccharomycetes","o__Saccharomycetales","f__Debaryomycetaceae","g__Debaryomyces","s__udenii","negative"
"Pityogenes hopkinsi","ASV_10138",-2.55208125795062,0.005,0.0737441860465116,0.830550705171256,"Curculionidae","Scolytinae","Pityogenes","Pityogenes hopkinsi","k__Fungi","p__Basidiomycota","c__Agaricomycetes","o__Polyporales","f__Irpicaceae","g__Irpex","s__lacteus","negative"
"Pityogenes hopkinsi","ASV_10884",-2.23934866874963,0.005,0.0737441860465116,0.830550705171256,"Curculionidae","Scolytinae","Pityogenes","Pityogenes hopkinsi","k__Fungi","p__Basidiomycota","c__Tremellomycetes","o__Tremellales","f__Cryptococcaceae","g__Cryptococcus","s__aureus","negative"
"Pityogenes hopkinsi","ASV_10943",-3.22528919446663,0.005,0.0737441860465116,0.830550705171256,"Curculionidae","Scolytinae","Pityogenes","Pityogenes hopkinsi","k__Fungi","p__Ascomycota","c__Eurotiomycetes","o__Phaeomoniellales","f__Phaeomoniellaceae",NA,NA,"negative"
"Pityogenes hopkinsi","ASV_11441",-3.55475979919497,0.005,0.0737441860465116,0.830550705171256,"Curculionidae","Scolytinae","Pityogenes","Pityogenes hopkinsi","k__Fungi","p__Ascomycota","c__Sordariomycetes","o__Diaporthales","f__Valsaceae","g__Valsa",NA,"negative"
"Pityogenes hopkinsi","ASV_11883",-3.16973391228732,0.005,0.0737441860465116,0.830550705171256,"Curculionidae","Scolytinae","Pityogenes","Pityogenes hopkinsi","k__Fungi","p__Ascomycota","c__Eurotiomycetes","o__Chaetothyriales","f__Herpotrichiellaceae","g__Phialophora","s__phaeophora","negative"
"Pityogenes hopkinsi","ASV_13443",-2.65056347749086,0.005,0.0737441860465116,0.830550705171256,"Curculionidae","Scolytinae","Pityogenes","Pityogenes hopkinsi","k__Fungi","p__Ascomycota",NA,NA,NA,NA,NA,"negative"
"Pityogenes hopkinsi","ASV_13597",-2.78047061440847,0.005,0.0737441860465116,0.830550705171256,"Curculionidae","Scolytinae","Pityogenes","Pityogenes hopkinsi","k__Fungi","p__Ascomycota","c__Leotiomycetes","o__Helotiales","f__Vibrisseaceae","g__Vibrissea",NA,"negative"
"Pityogenes hopkinsi","ASV_14394",-2.13100395791742,0.005,0.0737441860465116,0.830550705171256,"Curculionidae","Scolytinae","Pityogenes","Pityogenes hopkinsi","k__Fungi","p__Ascomycota","c__Dothideomycetes","o__Dothideales","f__Saccotheciaceae","g__Aureobasidium",NA,"negative"
"Pityogenes hopkinsi","ASV_14630",-2.8326016881913,0.005,0.0737441860465116,0.830550705171256,"Curculionidae","Scolytinae","Pityogenes","Pityogenes hopkinsi","k__Fungi","p__Basidiomycota","c__Agaricomycetes","o__Russulales","f__Peniophoraceae","g__Peniophora","s__cinerea","negative"
"Pityogenes hopkinsi","ASV_16099",-2.55409872610507,0.005,0.0737441860465116,0.830550705171256,"Curculionidae","Scolytinae","Pityogenes","Pityogenes hopkinsi","k__Fungi","p__Ascomycota","c__Dothideomycetes","o__Pleosporales","f__Cucurbitariaceae","g__Neocucurbitaria","s__quercina","negative"
"Pityogenes hopkinsi","ASV_16122",-2.8945990358946,0.005,0.0737441860465116,0.830550705171256,"Curculionidae","Scolytinae","Pityogenes","Pityogenes hopkinsi","k__Fungi","p__Basidiomycota","c__Agaricomycetes","o__Russulales","f__Peniophoraceae","g__Peniophora",NA,"negative"
"Pityogenes hopkinsi","ASV_16211",-2.69464703203533,0.005,0.0737441860465116,0.830550705171256,"Curculionidae","Scolytinae","Pityogenes","Pityogenes hopkinsi","k__Fungi","p__Ascomycota","c__Sordariomycetes","o__Diaporthales","f__Erythrogloeaceae","g__Dendrostoma",NA,"negative"
"Pityogenes hopkinsi","ASV_16500",-2.67072573320729,0.005,0.0737441860465116,0.830550705171256,"Curculionidae","Scolytinae","Pityogenes","Pityogenes hopkinsi","k__Fungi","p__Ascomycota","c__Sordariomycetes","o__Xylariales","f__Amphisphaeriaceae","g__Monochaetia",NA,"negative"
"Pityogenes hopkinsi","ASV_16761",-2.72403197311286,0.005,0.0737441860465116,0.830550705171256,"Curculionidae","Scolytinae","Pityogenes","Pityogenes hopkinsi","k__Fungi","p__Ascomycota","c__Sordariomycetes","o__Xylariales","f__Xylariales_fam_Incertae_sedis","g__Hansfordia","s__pulvinata","negative"
"Pityogenes hopkinsi","ASV_16965",-2.55836442240234,0.005,0.0737441860465116,0.830550705171256,"Curculionidae","Scolytinae","Pityogenes","Pityogenes hopkinsi","k__Fungi","p__Ascomycota","c__Dothideomycetes","o__Mycosphaerellales","f__Mycosphaerellaceae","g__Acrodontium","s__crateriforme","negative"
"Pityogenes hopkinsi","ASV_17009",-2.64052452692007,0.005,0.0737441860465116,0.830550705171256,"Curculionidae","Scolytinae","Pityogenes","Pityogenes hopkinsi","k__Fungi","p__Ascomycota","c__Sordariomycetes","o__Xylariales","f__Amphisphaeriaceae","g__Monochaetia",NA,"negative"
"Pityogenes hopkinsi","ASV_17169",-2.59782411486936,0.005,0.0737441860465116,0.830550705171256,"Curculionidae","Scolytinae","Pityogenes","Pityogenes hopkinsi","k__Fungi","p__Ascomycota","c__Leotiomycetes",NA,NA,NA,NA,"negative"
"Pityogenes hopkinsi","ASV_17529",-3.0930054872034,0.005,0.0737441860465116,0.830550705171256,"Curculionidae","Scolytinae","Pityogenes","Pityogenes hopkinsi","k__Fungi",NA,NA,NA,NA,NA,NA,"negative"
"Pityogenes hopkinsi","ASV_17719",-2.55710687267722,0.005,0.0737441860465116,0.830550705171256,"Curculionidae","Scolytinae","Pityogenes","Pityogenes hopkinsi","k__Fungi","p__Ascomycota","c__Dothideomycetes","o__Capnodiales","f__Cladosporiaceae","g__Cladosporium","s__herbarum","negative"
"Pityogenes hopkinsi","ASV_17939",-2.38364228350756,0.005,0.0737441860465116,0.830550705171256,"Curculionidae","Scolytinae","Pityogenes","Pityogenes hopkinsi","k__Fungi","p__Ascomycota","c__Dothideomycetes","o__Myriangiales","f__Elsinoaceae","g__Elsinoe",NA,"negative"
"Pityogenes hopkinsi","ASV_18633",-3.15619978343176,0.005,0.0737441860465116,0.830550705171256,"Curculionidae","Scolytinae","Pityogenes","Pityogenes hopkinsi","k__Fungi","p__Ascomycota","c__Dothideomycetes","o__Dothideales","f__Saccotheciaceae","g__Aureobasidium","s__pullulans","negative"
"Pityogenes hopkinsi","ASV_19897",-3.13628194615397,0.005,0.0737441860465116,0.830550705171256,"Curculionidae","Scolytinae","Pityogenes","Pityogenes hopkinsi","k__Fungi","p__Basidiomycota","c__Tremellomycetes","o__Cystofilobasidiales","f__Mrakiaceae","g__Mrakia","s__aquatica","negative"
"Pityogenes hopkinsi","ASV_20272",-2.56069422164954,0.005,0.0737441860465116,0.830550705171256,"Curculionidae","Scolytinae","Pityogenes","Pityogenes hopkinsi","k__Fungi","p__Basidiomycota","c__Agaricomycetes","o__Hymenochaetales","f__Tubulicrinaceae","g__Tubulicrinis","s__chaetophorus","negative"
"Pityogenes hopkinsi","ASV_20472",-2.12867680441857,0.005,0.0737441860465116,0.830550705171256,"Curculionidae","Scolytinae","Pityogenes","Pityogenes hopkinsi","k__Fungi","p__Ascomycota","c__Lecanoromycetes","o__Caliciales","f__Physciaceae","g__Physcia","s__millegrana","negative"
"Pityogenes hopkinsi","ASV_21235",-2.75271007772339,0.005,0.0737441860465116,0.830550705171256,"Curculionidae","Scolytinae","Pityogenes","Pityogenes hopkinsi","k__Fungi","p__Ascomycota","c__Dothideomycetes","o__Dothideales","f__Dothioraceae","g__Dothiora",NA,"negative"
"Pityogenes hopkinsi","ASV_21485",-3.54224613033612,0.005,0.0737441860465116,0.830550705171256,"Curculionidae","Scolytinae","Pityogenes","Pityogenes hopkinsi","k__Fungi","p__Ascomycota",NA,NA,NA,NA,NA,"negative"
"Pityogenes hopkinsi","ASV_22906",-2.87826445887373,0.005,0.0737441860465116,0.830550705171256,"Curculionidae","Scolytinae","Pityogenes","Pityogenes hopkinsi","k__Fungi","p__Basidiomycota","c__Tremellomycetes","o__Tremellales","f__Rhynchogastremataceae","g__Papiliotrema",NA,"negative"
"Pityogenes hopkinsi","ASV_24638",-3.01953844949854,0.005,0.0737441860465116,0.830550705171256,"Curculionidae","Scolytinae","Pityogenes","Pityogenes hopkinsi","k__Fungi","p__Basidiomycota","c__Agaricomycetes","o__Agaricales","f__Strophariaceae","g__Pholiota","s__highlandensis","negative"
"Pityogenes hopkinsi","ASV_25451",-2.43783199888192,0.005,0.0737441860465116,0.830550705171256,"Curculionidae","Scolytinae","Pityogenes","Pityogenes hopkinsi","k__Fungi","p__Ascomycota","c__Lecanoromycetes","o__Lecanorales","f__Lecanoraceae","g__Lecanora",NA,"negative"
"Pityogenes hopkinsi","ASV_25620",-2.86127908814334,0.005,0.0737441860465116,0.830550705171256,"Curculionidae","Scolytinae","Pityogenes","Pityogenes hopkinsi","k__Fungi","p__Ascomycota","c__Dothideomycetes","o__Dothideales","f__Dothideaceae","g__Rhizosphaera",NA,"negative"
"Pityogenes hopkinsi","ASV_26201",-3.36902152953792,0.005,0.0737441860465116,0.830550705171256,"Curculionidae","Scolytinae","Pityogenes","Pityogenes hopkinsi","k__Fungi","p__Basidiomycota","c__Agaricomycetes","o__Hymenochaetales","f__Hyphodontiaceae","g__Kneiffiella",NA,"negative"
"Pityogenes hopkinsi","ASV_28214",-3.10372662067377,0.005,0.0737441860465116,0.830550705171256,"Curculionidae","Scolytinae","Pityogenes","Pityogenes hopkinsi","k__Fungi","p__Ascomycota","c__Dothideomycetes","o__Capnodiales","f__Cladosporiaceae","g__Cladosporium",NA,"negative"
"Pityogenes hopkinsi","ASV_34",-2.51747340270198,0.006,0.0779754098360656,0.838907857546637,"Curculionidae","Scolytinae","Pityogenes","Pityogenes hopkinsi","k__Fungi","p__Ascomycota",NA,NA,NA,NA,NA,"negative"
"Pityogenes hopkinsi","ASV_150",3.042508328673,0.006,0.0779754098360656,0.838907857546637,"Curculionidae","Scolytinae","Pityogenes","Pityogenes hopkinsi","k__Fungi","p__Ascomycota","c__Dothideomycetes","o__Pleosporales","f__Nigrogranaceae","g__Nigrograna",NA,"positive"
"Pityogenes hopkinsi","ASV_819",4.16654160893481,0.006,0.0779754098360656,0.838907857546637,"Curculionidae","Scolytinae","Pityogenes","Pityogenes hopkinsi","k__Fungi","p__Basidiomycota","c__Tremellomycetes","o__Tremellales",NA,NA,NA,"positive"
"Pityogenes hopkinsi","ASV_888",3.73723862053325,0.006,0.0779754098360656,0.838907857546637,"Curculionidae","Scolytinae","Pityogenes","Pityogenes hopkinsi","k__Fungi","p__Ascomycota","c__Leotiomycetes","o__Phacidiales","f__Phacidiaceae","g__Phacidium","s__lacerum","positive"
"Pityogenes hopkinsi","ASV_933",2.70510975248227,0.006,0.0779754098360656,0.838907857546637,"Curculionidae","Scolytinae","Pityogenes","Pityogenes hopkinsi","k__Fungi","p__Ascomycota","c__Eurotiomycetes","o__Chaetothyriales","f__Chaetothyriaceae","g__Ceramothyrium","s__carniolicum","positive"
"Pityogenes hopkinsi","ASV_961",3.88887540681534,0.006,0.0779754098360656,0.838907857546637,"Curculionidae","Scolytinae","Pityogenes","Pityogenes hopkinsi","k__Fungi","p__Ascomycota","c__Sareomycetes","o__Sareales","f__Sareaceae","g__Sarea","s__resinae","positive"
"Pityogenes hopkinsi","ASV_1147",-2.87198065943006,0.006,0.0779754098360656,0.838907857546637,"Curculionidae","Scolytinae","Pityogenes","Pityogenes hopkinsi","k__Fungi","p__Basidiomycota","c__Agaricomycetes","o__Polyporales","f__Irpicaceae","g__Ceriporia","s__lacerata","negative"
"Pityogenes hopkinsi","ASV_1476",3.10604053211085,0.006,0.0779754098360656,0.838907857546637,"Curculionidae","Scolytinae","Pityogenes","Pityogenes hopkinsi","k__Fungi","p__Basidiomycota","c__Agaricomycetes","o__Polyporales","f__Phanerochaetaceae","g__Bjerkandera","s__adusta","positive"
"Pityogenes hopkinsi","ASV_1642",2.70414868993453,0.006,0.0779754098360656,0.838907857546637,"Curculionidae","Scolytinae","Pityogenes","Pityogenes hopkinsi","k__Fungi","p__Ascomycota","c__Dothideomycetes","o__Mycosphaerellales","f__Mycosphaerellaceae","g__Pseudocercospora","s__sphaerellae-eugeniae","positive"
"Pityogenes hopkinsi","ASV_1920",3.52749127161462,0.006,0.0779754098360656,0.838907857546637,"Curculionidae","Scolytinae","Pityogenes","Pityogenes hopkinsi","k__Fungi","p__Ascomycota","c__Pezizomycetes","o__Pezizales","f__Pyronemataceae","g__Otidea","s__kunmingensis","positive"
"Pityogenes hopkinsi","ASV_2011",2.6012012191634,0.006,0.0779754098360656,0.838907857546637,"Curculionidae","Scolytinae","Pityogenes","Pityogenes hopkinsi","k__Fungi","p__Basidiomycota","c__Cystobasidiomycetes","o__Cystobasidiomycetes_ord_Incertae_sedis","f__Microsporomycetaceae",NA,NA,"positive"
"Pityogenes hopkinsi","ASV_2515",3.83927970759655,0.006,0.0779754098360656,0.838907857546637,"Curculionidae","Scolytinae","Pityogenes","Pityogenes hopkinsi","k__Fungi","p__Ascomycota","c__Eurotiomycetes","o__Coryneliales","f__Coryneliales_fam_Incertae_sedis","g__Coryneliales_gen_Incertae_sedis",NA,"positive"
"Pityogenes hopkinsi","ASV_2955",3.11480014593103,0.006,0.0779754098360656,0.838907857546637,"Curculionidae","Scolytinae","Pityogenes","Pityogenes hopkinsi","k__Fungi","p__Ascomycota","c__Sordariomycetes","o__Diaporthales","f__Valsaceae","g__Cytospora",NA,"positive"
"Pityogenes hopkinsi","ASV_3153",-2.39809737295915,0.006,0.0779754098360656,0.838907857546637,"Curculionidae","Scolytinae","Pityogenes","Pityogenes hopkinsi","k__Fungi","p__Ascomycota","c__Dothideomycetes","o__Pleosporales","f__Teichosporaceae","g__Teichospora","s__kingiae","negative"
"Pityogenes hopkinsi","ASV_3238",-2.2090002826942,0.006,0.0779754098360656,0.838907857546637,"Curculionidae","Scolytinae","Pityogenes","Pityogenes hopkinsi","k__Fungi","p__Ascomycota","c__Dothideomycetes","o__Dothideales","f__Dothioraceae","g__Dothiora",NA,"negative"
"Pityogenes hopkinsi","ASV_3540",-2.62322020851096,0.006,0.0779754098360656,0.838907857546637,"Curculionidae","Scolytinae","Pityogenes","Pityogenes hopkinsi","k__Fungi","p__Ascomycota",NA,NA,NA,NA,NA,"negative"
"Pityogenes hopkinsi","ASV_3584",-2.26546419188312,0.006,0.0779754098360656,0.838907857546637,"Curculionidae","Scolytinae","Pityogenes","Pityogenes hopkinsi","k__Fungi","p__Ascomycota","c__Dothideomycetes","o__Mycosphaerellales","f__Mycosphaerellaceae","g__Paramycosphaerella",NA,"negative"
"Pityogenes hopkinsi","ASV_4089",2.7563894158097,0.006,0.0779754098360656,0.838907857546637,"Curculionidae","Scolytinae","Pityogenes","Pityogenes hopkinsi","k__Fungi","p__Basidiomycota","c__Tremellomycetes","o__Tremellales",NA,NA,NA,"positive"
"Pityogenes hopkinsi","ASV_4587",-2.67039933199174,0.006,0.0779754098360656,0.838907857546637,"Curculionidae","Scolytinae","Pityogenes","Pityogenes hopkinsi","k__Fungi","p__Ascomycota","c__Leotiomycetes",NA,NA,NA,NA,"negative"
"Pityogenes hopkinsi","ASV_4933",-2.53182868036741,0.006,0.0779754098360656,0.838907857546637,"Curculionidae","Scolytinae","Pityogenes","Pityogenes hopkinsi","k__Fungi","p__Ascomycota","c__Dothideomycetes","o__Pleosporales",NA,NA,NA,"negative"
"Pityogenes hopkinsi","ASV_5218",-2.58974491022299,0.006,0.0779754098360656,0.838907857546637,"Curculionidae","Scolytinae","Pityogenes","Pityogenes hopkinsi","k__Fungi","p__Ascomycota","c__Arthoniomycetes","o__Lichenostigmatales","f__Phaeococcomycetaceae","g__Phaeococcomyces","s__eucalypti","negative"
"Pityogenes hopkinsi","ASV_5508",-2.60233149595818,0.006,0.0779754098360656,0.838907857546637,"Curculionidae","Scolytinae","Pityogenes","Pityogenes hopkinsi","k__Fungi","p__Basidiomycota","c__Tremellomycetes","o__Tremellales","f__Cryptococcaceae","g__Kwoniella","s__pini","negative"
"Pityogenes hopkinsi","ASV_5782",-2.88174881520396,0.006,0.0779754098360656,0.838907857546637,"Curculionidae","Scolytinae","Pityogenes","Pityogenes hopkinsi","k__Fungi","p__Ascomycota","c__Eurotiomycetes","o__Eurotiales","f__Aspergillaceae","g__Penicillium","s__lividum","negative"
"Pityogenes hopkinsi","ASV_6044",-2.9083657772674,0.006,0.0779754098360656,0.838907857546637,"Curculionidae","Scolytinae","Pityogenes","Pityogenes hopkinsi","k__Fungi","p__Ascomycota","c__Sareomycetes","o__Sareales","f__Sareaceae","g__Sarea","s__difformis","negative"
"Pityogenes hopkinsi","ASV_6237",4.330276943425,0.006,0.0779754098360656,0.838907857546637,"Curculionidae","Scolytinae","Pityogenes","Pityogenes hopkinsi","k__Fungi","p__Ascomycota","c__Dothideomycetes",NA,NA,NA,NA,"positive"
"Pityogenes hopkinsi","ASV_6510",-2.64077151284397,0.006,0.0779754098360656,0.838907857546637,"Curculionidae","Scolytinae","Pityogenes","Pityogenes hopkinsi","k__Fungi",NA,NA,NA,NA,NA,NA,"negative"
"Pityogenes hopkinsi","ASV_6589",-2.60438484911323,0.006,0.0779754098360656,0.838907857546637,"Curculionidae","Scolytinae","Pityogenes","Pityogenes hopkinsi","k__Fungi","p__Basidiomycota","c__Agaricomycetes","o__Russulales","f__Peniophoraceae","g__Peniophora",NA,"negative"
"Pityogenes hopkinsi","ASV_7473",-2.93390708098205,0.006,0.0779754098360656,0.838907857546637,"Curculionidae","Scolytinae","Pityogenes","Pityogenes hopkinsi","k__Fungi","p__Ascomycota","c__Eurotiomycetes","o__Chaetothyriales","f__Herpotrichiellaceae","g__Capronia","s__acutiseta","negative"
"Pityogenes hopkinsi","ASV_7806",-2.4181904510089,0.006,0.0779754098360656,0.838907857546637,"Curculionidae","Scolytinae","Pityogenes","Pityogenes hopkinsi","k__Fungi","p__Ascomycota",NA,NA,NA,NA,NA,"negative"
"Pityogenes hopkinsi","ASV_8591",-2.75866068847707,0.006,0.0779754098360656,0.838907857546637,"Curculionidae","Scolytinae","Pityogenes","Pityogenes hopkinsi","k__Fungi","p__Ascomycota","c__Dothideomycetes","o__Capnodiales","f__Neoantennariellaceae","g__Cippumomyces","s__mortalis","negative"
"Pityogenes hopkinsi","ASV_8844",-2.16424064506466,0.006,0.0779754098360656,0.838907857546637,"Curculionidae","Scolytinae","Pityogenes","Pityogenes hopkinsi","k__Fungi","p__Ascomycota","c__Leotiomycetes","o__Helotiales","f__Hamatocanthoscyphaceae","g__Xenopolyscytalum","s__pinea","negative"
"Pityogenes hopkinsi","ASV_9124",-3.11678141229593,0.006,0.0779754098360656,0.838907857546637,"Curculionidae","Scolytinae","Pityogenes","Pityogenes hopkinsi","k__Fungi","p__Basidiomycota","c__Agaricomycetes","o__Polyporales","f__Phanerochaetaceae","g__Hapalopilus","s__rutilans","negative"
"Pityogenes hopkinsi","ASV_9156",-1.76846048861279,0.006,0.0779754098360656,0.838907857546637,"Curculionidae","Scolytinae","Pityogenes","Pityogenes hopkinsi","k__Fungi","p__Ascomycota","c__Pezizomycotina_cls_Incertae_sedis","o__Pezizomycotina_ord_Incertae_sedis","f__Pezizomycotina_fam_Incertae_sedis","g__Neomelanconium","s__gelatosporum","negative"
"Pityogenes hopkinsi","ASV_9831",-2.32520329458411,0.006,0.0779754098360656,0.838907857546637,"Curculionidae","Scolytinae","Pityogenes","Pityogenes hopkinsi","k__Fungi","p__Ascomycota","c__Dothideomycetes",NA,NA,NA,NA,"negative"
"Pityogenes hopkinsi","ASV_10143",-3.38656264368038,0.006,0.0779754098360656,0.838907857546637,"Curculionidae","Scolytinae","Pityogenes","Pityogenes hopkinsi","k__Fungi","p__Basidiomycota","c__Agaricomycetes","o__Agaricales","f__Tricholomataceae","g__Resupinatus","s__americanus","negative"
"Pityogenes hopkinsi","ASV_10173",-2.49934712437765,0.006,0.0779754098360656,0.838907857546637,"Curculionidae","Scolytinae","Pityogenes","Pityogenes hopkinsi","k__Fungi","p__Ascomycota","c__Eurotiomycetes","o__Mycocaliciales","f__Mycocaliciaceae","g__Phaeocalicium","s__curtisii","negative"
"Pityogenes hopkinsi","ASV_10291",-2.46726364833383,0.006,0.0779754098360656,0.838907857546637,"Curculionidae","Scolytinae","Pityogenes","Pityogenes hopkinsi","k__Fungi","p__Basidiomycota","c__Agaricomycetes","o__Agaricales","f__Pleurotaceae","g__Hohenbuehelia","s__carlothornii","negative"
"Pityogenes hopkinsi","ASV_10312",-3.09709437952299,0.006,0.0779754098360656,0.838907857546637,"Curculionidae","Scolytinae","Pityogenes","Pityogenes hopkinsi","k__Fungi","p__Ascomycota","c__Dothideomycetes","o__Mycosphaerellales","f__Mycosphaerellaceae","g__Sphaerulina",NA,"negative"
"Pityogenes hopkinsi","ASV_12800",-2.781073030636,0.006,0.0779754098360656,0.838907857546637,"Curculionidae","Scolytinae","Pityogenes","Pityogenes hopkinsi","k__Fungi","p__Basidiomycota","c__Agaricomycetes","o__Russulales","f__Stereaceae","g__Stereum",NA,"negative"
"Pityogenes hopkinsi","ASV_13666",-2.56148832532036,0.006,0.0779754098360656,0.838907857546637,"Curculionidae","Scolytinae","Pityogenes","Pityogenes hopkinsi","k__Fungi","p__Basidiomycota","c__Agaricostilbomycetes","o__Agaricostilbales",NA,NA,NA,"negative"
"Pityogenes hopkinsi","ASV_14052",-2.90561468780338,0.006,0.0779754098360656,0.838907857546637,"Curculionidae","Scolytinae","Pityogenes","Pityogenes hopkinsi","k__Fungi","p__Ascomycota","c__Dothideomycetes","o__Dothideales","f__Saccotheciaceae","g__Aureobasidium","s__pullulans","negative"
"Pityogenes hopkinsi","ASV_14209",-3.3098244310938,0.006,0.0779754098360656,0.838907857546637,"Curculionidae","Scolytinae","Pityogenes","Pityogenes hopkinsi","k__Fungi","p__Basidiomycota","c__Agaricomycetes","o__Russulales","f__Peniophoraceae","g__Peniophora","s__cinerea","negative"
"Pityogenes hopkinsi","ASV_14316",-2.67368160368366,0.006,0.0779754098360656,0.838907857546637,"Curculionidae","Scolytinae","Pityogenes","Pityogenes hopkinsi","k__Fungi","p__Basidiomycota","c__Agaricomycetes","o__Polyporales","f__Hyphodermataceae","g__Hyphoderma","s__microporoides","negative"
"Pityogenes hopkinsi","ASV_15146",-3.02434869733597,0.006,0.0779754098360656,0.838907857546637,"Curculionidae","Scolytinae","Pityogenes","Pityogenes hopkinsi","k__Fungi","p__Basidiomycota","c__Agaricomycetes","o__Polyporales","f__Irpicaceae","g__Irpex","s__lacteus","negative"
"Pityogenes hopkinsi","ASV_15988",-2.23684121772037,0.006,0.0779754098360656,0.838907857546637,"Curculionidae","Scolytinae","Pityogenes","Pityogenes hopkinsi","k__Fungi","p__Ascomycota","c__Lecanoromycetes","o__Lecanorales",NA,NA,NA,"negative"
"Pityogenes hopkinsi","ASV_16482",-1.91595334251779,0.006,0.0779754098360656,0.838907857546637,"Curculionidae","Scolytinae","Pityogenes","Pityogenes hopkinsi","k__Fungi","p__Ascomycota",NA,NA,NA,NA,NA,"negative"
"Pityogenes hopkinsi","ASV_17215",-2.22715305597641,0.006,0.0779754098360656,0.838907857546637,"Curculionidae","Scolytinae","Pityogenes","Pityogenes hopkinsi","k__Fungi","p__Ascomycota","c__Dothideomycetes","o__Dothideales","f__Saccotheciaceae","g__Aureobasidium",NA,"negative"
"Pityogenes hopkinsi","ASV_17697",2.65441162570219,0.006,0.0779754098360656,0.838907857546637,"Curculionidae","Scolytinae","Pityogenes","Pityogenes hopkinsi","k__Fungi","p__Ascomycota","c__Sordariomycetes",NA,NA,NA,NA,"positive"
"Pityogenes hopkinsi","ASV_18126",-2.34472734610253,0.006,0.0779754098360656,0.838907857546637,"Curculionidae","Scolytinae","Pityogenes","Pityogenes hopkinsi","k__Fungi","p__Ascomycota","c__Dothideomycetes","o__Dothideales","f__Saccotheciaceae","g__Aureobasidium",NA,"negative"
"Pityogenes hopkinsi","ASV_18169",-2.44574884578635,0.006,0.0779754098360656,0.838907857546637,"Curculionidae","Scolytinae","Pityogenes","Pityogenes hopkinsi","k__Fungi","p__Ascomycota","c__Saccharomycetes","o__Saccharomycetales","f__Trichomonascaceae","g__Spencermartinsiella","s__europaea","negative"
"Pityogenes hopkinsi","ASV_18375",-2.61139068499092,0.006,0.0779754098360656,0.838907857546637,"Curculionidae","Scolytinae","Pityogenes","Pityogenes hopkinsi","k__Fungi","p__Mortierellomycota","c__Mortierellomycetes","o__Mortierellales","f__Mortierellaceae","g__Mortierella","s__calciphila","negative"
"Pityogenes hopkinsi","ASV_19273",-3.06350470508946,0.006,0.0779754098360656,0.838907857546637,"Curculionidae","Scolytinae","Pityogenes","Pityogenes hopkinsi","k__Fungi","p__Basidiomycota","c__Agaricomycetes","o__Russulales","f__Peniophoraceae","g__Peniophora","s__cinerea","negative"
"Pityogenes hopkinsi","ASV_19786",-3.19585353573482,0.006,0.0779754098360656,0.838907857546637,"Curculionidae","Scolytinae","Pityogenes","Pityogenes hopkinsi","k__Fungi","p__Ascomycota","c__Dothideomycetes","o__Capnodiales","f__Cladosporiaceae","g__Cladosporium","s__herbarum","negative"
"Pityogenes hopkinsi","ASV_21321",-2.18239925488389,0.006,0.0779754098360656,0.838907857546637,"Curculionidae","Scolytinae","Pityogenes","Pityogenes hopkinsi","k__Fungi","p__Ascomycota","c__Dothideomycetes","o__Dothideales","f__Dothioraceae","g__Perusta",NA,"negative"
"Pityogenes hopkinsi","ASV_23284",-2.24774808235127,0.006,0.0779754098360656,0.838907857546637,"Curculionidae","Scolytinae","Pityogenes","Pityogenes hopkinsi","k__Fungi","p__Ascomycota","c__Lecanoromycetes","o__Lecanorales","f__Lecanoraceae",NA,NA,"negative"
"Pityogenes hopkinsi","ASV_24655",-3.08622841112183,0.006,0.0779754098360656,0.838907857546637,"Curculionidae","Scolytinae","Pityogenes","Pityogenes hopkinsi","k__Fungi","p__Ascomycota","c__Sordariomycetes","o__Pisorisporiales","f__Pisorisporiaceae","g__Achroceratosphaeria",NA,"negative"
"Pityogenes hopkinsi","ASV_24676",-2.32857830503765,0.006,0.0779754098360656,0.838907857546637,"Curculionidae","Scolytinae","Pityogenes","Pityogenes hopkinsi","k__Fungi","p__Ascomycota","c__Dothideomycetes","o__Dothideales","f__Saccotheciaceae","g__Aureobasidium",NA,"negative"
"Pityogenes hopkinsi","ASV_24700",-2.81766124048375,0.006,0.0779754098360656,0.838907857546637,"Curculionidae","Scolytinae","Pityogenes","Pityogenes hopkinsi","k__Fungi","p__Ascomycota","c__Sordariomycetes","o__Sordariomycetes_ord_Incertae_sedis","f__Sordariomycetes_fam_Incertae_sedis","g__Rhamphoria","s__pyriformis","negative"
"Pityogenes hopkinsi","ASV_127",2.91510820939465,0.007,0.0832908067542214,0.844156996587031,"Curculionidae","Scolytinae","Pityogenes","Pityogenes hopkinsi","k__Fungi","p__Ascomycota","c__Leotiomycetes","o__Thelebolales","f__Pseudeurotiaceae","g__Hyphozyma","s__roseonigra","positive"
"Pityogenes hopkinsi","ASV_153",3.37052641947485,0.007,0.0832908067542214,0.844156996587031,"Curculionidae","Scolytinae","Pityogenes","Pityogenes hopkinsi","k__Fungi","p__Ascomycota","c__Dothideomycetes","o__Mytilinidiales","f__Mytilinidiaceae","g__Mytilinidion","s__insulare","positive"
"Pityogenes hopkinsi","ASV_408",2.61531226752018,0.007,0.0832908067542214,0.844156996587031,"Curculionidae","Scolytinae","Pityogenes","Pityogenes hopkinsi","k__Fungi","p__Ascomycota","c__Dothideomycetes","o__Mycosphaerellales","f__Teratosphaeriaceae","g__Capnobotryella","s__renispora","positive"
"Pityogenes hopkinsi","ASV_430",-2.8507312776303,0.007,0.0832908067542214,0.844156996587031,"Curculionidae","Scolytinae","Pityogenes","Pityogenes hopkinsi","k__Fungi","p__Ascomycota","c__Dothideomycetes","o__Mycosphaerellales","f__Teratosphaeriaceae",NA,NA,"negative"
"Pityogenes hopkinsi","ASV_462",2.24712143445927,0.007,0.0832908067542214,0.844156996587031,"Curculionidae","Scolytinae","Pityogenes","Pityogenes hopkinsi","k__Fungi","p__Ascomycota","c__Dothideomycetes","o__Dothideales","f__Dothioraceae","g__Sydowia","s__polyspora","positive"
"Pityogenes hopkinsi","ASV_726",2.75253779794306,0.007,0.0832908067542214,0.844156996587031,"Curculionidae","Scolytinae","Pityogenes","Pityogenes hopkinsi","k__Fungi","p__Ascomycota","c__Dothideomycetes","o__Mycosphaerellales","f__Mycosphaerellaceae","g__Pachyramichloridium","s__pini","positive"
"Pityogenes hopkinsi","ASV_736",2.70007080511398,0.007,0.0832908067542214,0.844156996587031,"Curculionidae","Scolytinae","Pityogenes","Pityogenes hopkinsi","k__Fungi","p__Ascomycota","c__Leotiomycetes","o__Helotiales","f__Dermateaceae",NA,NA,"positive"
"Pityogenes hopkinsi","ASV_1238",-2.43910267198883,0.007,0.0832908067542214,0.844156996587031,"Curculionidae","Scolytinae","Pityogenes","Pityogenes hopkinsi","k__Fungi","p__Ascomycota","c__Dothideomycetes","o__Pleosporales","f__Cucurbitariaceae",NA,NA,"negative"
"Pityogenes hopkinsi","ASV_1609",-2.4055003469707,0.007,0.0832908067542214,0.844156996587031,"Curculionidae","Scolytinae","Pityogenes","Pityogenes hopkinsi","k__Fungi","p__Ascomycota","c__Dothideomycetes","o__Pleosporales","f__Phaeosphaeriaceae","g__Neosetophoma","s__samarorum","negative"
"Pityogenes hopkinsi","ASV_1720",-2.77942454092057,0.007,0.0832908067542214,0.844156996587031,"Curculionidae","Scolytinae","Pityogenes","Pityogenes hopkinsi","k__Fungi","p__Ascomycota","c__Leotiomycetes","o__Rhytismatales",NA,NA,NA,"negative"
"Pityogenes hopkinsi","ASV_1814",-2.73976856886377,0.007,0.0832908067542214,0.844156996587031,"Curculionidae","Scolytinae","Pityogenes","Pityogenes hopkinsi","k__Fungi","p__Ascomycota",NA,NA,NA,NA,NA,"negative"
"Pityogenes hopkinsi","ASV_2227",-2.57987592030376,0.007,0.0832908067542214,0.844156996587031,"Curculionidae","Scolytinae","Pityogenes","Pityogenes hopkinsi","k__Fungi","p__Ascomycota","c__Saccharomycetes","o__Saccharomycetales","f__Saccharomycetales_fam_Incertae_sedis","g__Candida","s__piceae","negative"
"Pityogenes hopkinsi","ASV_2617",-2.8981131700461,0.007,0.0832908067542214,0.844156996587031,"Curculionidae","Scolytinae","Pityogenes","Pityogenes hopkinsi","k__Fungi","p__Basidiomycota","c__Cystobasidiomycetes","o__Erythrobasidiales","f__Erythrobasidiaceae","g__Erythrobasidium",NA,"negative"
"Pityogenes hopkinsi","ASV_2729",-2.58178076060381,0.007,0.0832908067542214,0.844156996587031,"Curculionidae","Scolytinae","Pityogenes","Pityogenes hopkinsi","k__Fungi","p__Ascomycota","c__Dothideomycetes","o__Mycosphaerellales","f__Mycosphaerellaceae",NA,NA,"negative"
"Pityogenes hopkinsi","ASV_2789",3.53827050497279,0.007,0.0832908067542214,0.844156996587031,"Curculionidae","Scolytinae","Pityogenes","Pityogenes hopkinsi","k__Fungi","p__Basidiomycota","c__Agaricomycetes","o__Polyporales","f__Meruliaceae","g__Phlebia","s__radiata","positive"
"Pityogenes hopkinsi","ASV_2920",2.75905922394811,0.007,0.0832908067542214,0.844156996587031,"Curculionidae","Scolytinae","Pityogenes","Pityogenes hopkinsi","k__Fungi","p__Ascomycota","c__Arthoniomycetes","o__Lichenostigmatales","f__Lichenostigmatales_fam_Incertae_sedis","g__Lichenostigmatales_gen_Incertae_sedis",NA,"positive"
"Pityogenes hopkinsi","ASV_3009",-2.15919578724359,0.007,0.0832908067542214,0.844156996587031,"Curculionidae","Scolytinae","Pityogenes","Pityogenes hopkinsi","k__Fungi","p__Ascomycota","c__Dothideomycetes","o__Pleosporales","f__Cucurbitariaceae","g__Parafenestella","s__salicis","negative"
"Pityogenes hopkinsi","ASV_3253",2.93670293036796,0.007,0.0832908067542214,0.844156996587031,"Curculionidae","Scolytinae","Pityogenes","Pityogenes hopkinsi","k__Fungi","p__Basidiomycota",NA,NA,NA,NA,NA,"positive"
"Pityogenes hopkinsi","ASV_3658",2.72384906061764,0.007,0.0832908067542214,0.844156996587031,"Curculionidae","Scolytinae","Pityogenes","Pityogenes hopkinsi","k__Fungi","p__Ascomycota","c__Dothideomycetes","o__Pleosporales","f__Lophiotremataceae","g__Atrocalyx",NA,"positive"
"Pityogenes hopkinsi","ASV_4039",-2.51314993860158,0.007,0.0832908067542214,0.844156996587031,"Curculionidae","Scolytinae","Pityogenes","Pityogenes hopkinsi","k__Fungi","p__Basidiomycota","c__Exobasidiomycetes","o__Microstromatales","f__Microstromatales_fam_Incertae_sedis","g__Pseudomicrostroma","s__phylloplanum","negative"
"Pityogenes hopkinsi","ASV_4311",-2.95412437210813,0.007,0.0832908067542214,0.844156996587031,"Curculionidae","Scolytinae","Pityogenes","Pityogenes hopkinsi","k__Fungi","p__Ascomycota",NA,NA,NA,NA,NA,"negative"
"Pityogenes hopkinsi","ASV_4461",2.95974222995653,0.007,0.0832908067542214,0.844156996587031,"Curculionidae","Scolytinae","Pityogenes","Pityogenes hopkinsi","k__Fungi","p__Basidiomycota","c__Agaricomycetes","o__Trechisporales","f__Trechisporales_fam_Incertae_sedis","g__Sertulicium","s__jacksonii","positive"
"Pityogenes hopkinsi","ASV_5622",-3.2338576917468,0.007,0.0832908067542214,0.844156996587031,"Curculionidae","Scolytinae","Pityogenes","Pityogenes hopkinsi","k__Fungi","p__Basidiomycota","c__Agaricomycetes","o__Russulales","f__Peniophoraceae","g__Peniophora",NA,"negative"
"Pityogenes hopkinsi","ASV_6322",4.21093980286596,0.007,0.0832908067542214,0.844156996587031,"Curculionidae","Scolytinae","Pityogenes","Pityogenes hopkinsi","k__Fungi","p__Ascomycota","c__Dothideomycetes","o__Mytilinidiales","f__Mytilinidiaceae","g__Mytilinidion","s__insulare","positive"
"Pityogenes hopkinsi","ASV_6377",-2.6431113027827,0.007,0.0832908067542214,0.844156996587031,"Curculionidae","Scolytinae","Pityogenes","Pityogenes hopkinsi","k__Fungi","p__Basidiomycota","c__Agaricomycetes","o__Agaricales","f__Schizophyllaceae","g__Schizophyllum","s__commune","negative"
"Pityogenes hopkinsi","ASV_6496",2.09296165716389,0.007,0.0832908067542214,0.844156996587031,"Curculionidae","Scolytinae","Pityogenes","Pityogenes hopkinsi","k__Fungi","p__Basidiomycota","c__Agaricomycetes","o__Agaricales","f__Crepidotaceae",NA,NA,"positive"
"Pityogenes hopkinsi","ASV_6523",-2.61230649213326,0.007,0.0832908067542214,0.844156996587031,"Curculionidae","Scolytinae","Pityogenes","Pityogenes hopkinsi","k__Fungi","p__Ascomycota",NA,NA,NA,NA,NA,"negative"
"Pityogenes hopkinsi","ASV_7046",-3.03654518336473,0.007,0.0832908067542214,0.844156996587031,"Curculionidae","Scolytinae","Pityogenes","Pityogenes hopkinsi","k__Fungi","p__Ascomycota",NA,NA,NA,NA,NA,"negative"
"Pityogenes hopkinsi","ASV_7527",-2.8134246295617,0.007,0.0832908067542214,0.844156996587031,"Curculionidae","Scolytinae","Pityogenes","Pityogenes hopkinsi","k__Fungi","p__Ascomycota","c__Sordariomycetes","o__Togniniales","f__Togniniaceae","g__Phaeoacremonium","s__subulatum","negative"
"Pityogenes hopkinsi","ASV_8783",-2.701488060709,0.007,0.0832908067542214,0.844156996587031,"Curculionidae","Scolytinae","Pityogenes","Pityogenes hopkinsi","k__Fungi","p__Ascomycota","c__Saccharomycetes","o__Saccharomycetales","f__Saccharomycopsidaceae",NA,NA,"negative"
"Pityogenes hopkinsi","ASV_10510",-2.97681130535631,0.007,0.0832908067542214,0.844156996587031,"Curculionidae","Scolytinae","Pityogenes","Pityogenes hopkinsi","k__Fungi","p__Ascomycota","c__Sordariomycetes","o__Diaporthales","f__Valsaceae","g__Valsa",NA,"negative"
"Pityogenes hopkinsi","ASV_10518",-3.36523338682278,0.007,0.0832908067542214,0.844156996587031,"Curculionidae","Scolytinae","Pityogenes","Pityogenes hopkinsi","k__Fungi","p__Ascomycota","c__Dothideomycetes","o__Dothideales","f__Saccotheciaceae","g__Aureobasidium","s__pullulans","negative"
"Pityogenes hopkinsi","ASV_10910",-2.18670242483215,0.007,0.0832908067542214,0.844156996587031,"Curculionidae","Scolytinae","Pityogenes","Pityogenes hopkinsi","k__Fungi","p__Ascomycota","c__Dothideomycetes",NA,NA,NA,NA,"negative"
"Pityogenes hopkinsi","ASV_12368",-2.68139511353442,0.007,0.0832908067542214,0.844156996587031,"Curculionidae","Scolytinae","Pityogenes","Pityogenes hopkinsi","k__Fungi","p__Basidiomycota","c__Tremellomycetes","o__Tremellales","f__Carcinomycetaceae","g__Carcinomyces","s__polyporinus","negative"
"Pityogenes hopkinsi","ASV_13609",-2.94039332915811,0.007,0.0832908067542214,0.844156996587031,"Curculionidae","Scolytinae","Pityogenes","Pityogenes hopkinsi","k__Fungi","p__Basidiomycota","c__Agaricomycetes","o__Hymenochaetales","f__Schizoporaceae","g__Oxyporus","s__corticola","negative"
"Pityogenes hopkinsi","ASV_15972",-3.03724623685179,0.007,0.0832908067542214,0.844156996587031,"Curculionidae","Scolytinae","Pityogenes","Pityogenes hopkinsi","k__Fungi","p__Ascomycota","c__Dothideomycetes","o__Dothideales","f__Dothideaceae","g__Dothidea",NA,"negative"
"Pityogenes hopkinsi","ASV_17214",-2.80076380660549,0.007,0.0832908067542214,0.844156996587031,"Curculionidae","Scolytinae","Pityogenes","Pityogenes hopkinsi","k__Fungi","p__Ascomycota","c__Lecanoromycetes","o__Lecanorales",NA,NA,NA,"negative"
"Pityogenes hopkinsi","ASV_17680",-2.19322069447543,0.007,0.0832908067542214,0.844156996587031,"Curculionidae","Scolytinae","Pityogenes","Pityogenes hopkinsi","k__Fungi","p__Ascomycota","c__Dothideomycetes","o__Pleosporales",NA,NA,NA,"negative"
"Pityogenes hopkinsi","ASV_18329",-2.20341917662453,0.007,0.0832908067542214,0.844156996587031,"Curculionidae","Scolytinae","Pityogenes","Pityogenes hopkinsi","k__Fungi","p__Ascomycota","c__Eurotiomycetes","o__Chaetothyriales","f__Herpotrichiellaceae","g__Rhinocladiella","s__coryli","negative"
"Pityogenes hopkinsi","ASV_21247",-2.36087730029747,0.007,0.0832908067542214,0.844156996587031,"Curculionidae","Scolytinae","Pityogenes","Pityogenes hopkinsi","k__Fungi","p__Ascomycota","c__Sordariomycetes","o__Hypocreales","f__Hypocreaceae","g__Trichoderma","s__minutisporum","negative"
"Pityogenes hopkinsi","ASV_22460",-2.02981810136643,0.007,0.0832908067542214,0.844156996587031,"Curculionidae","Scolytinae","Pityogenes","Pityogenes hopkinsi","k__Fungi","p__Ascomycota","c__Dothideomycetes","o__Pleosporales",NA,NA,NA,"negative"
"Pityogenes hopkinsi","ASV_23819",-2.93887066386985,0.007,0.0832908067542214,0.844156996587031,"Curculionidae","Scolytinae","Pityogenes","Pityogenes hopkinsi","k__Fungi","p__Ascomycota","c__Dothideomycetes","o__Capnodiales","f__Cladosporiaceae","g__Cladosporium",NA,"negative"
"Pityogenes hopkinsi","ASV_27506",-2.63329897610711,0.007,0.0832908067542214,0.844156996587031,"Curculionidae","Scolytinae","Pityogenes","Pityogenes hopkinsi","k__Fungi","p__Ascomycota","c__Dothideomycetes","o__Dothideales","f__Saccotheciaceae","g__Aureobasidium",NA,"negative"
"Pityogenes hopkinsi","ASV_27540",-2.70282704468678,0.007,0.0832908067542214,0.844156996587031,"Curculionidae","Scolytinae","Pityogenes","Pityogenes hopkinsi","k__Fungi","p__Ascomycota",NA,NA,NA,NA,NA,"negative"
"Pityogenes hopkinsi","ASV_29916",-2.73522879722577,0.007,0.0832908067542214,0.844156996587031,"Curculionidae","Scolytinae","Pityogenes","Pityogenes hopkinsi","k__Fungi","p__Ascomycota","c__Sordariomycetes","o__Sordariomycetidae_ord_Incertae_sedis","f__Rhamphoriaceae",NA,NA,"negative"
"Pityogenes hopkinsi","ASV_221",3.01516170419266,0.008,0.0879306759098787,0.854731749460043,"Curculionidae","Scolytinae","Pityogenes","Pityogenes hopkinsi","k__Fungi","p__Ascomycota","c__Dothideomycetes","o__Mycosphaerellales","f__Teratosphaeriaceae","g__Capnobotryella","s__renispora","positive"
"Pityogenes hopkinsi","ASV_669",4.17690325870465,0.008,0.0879306759098787,0.854731749460043,"Curculionidae","Scolytinae","Pityogenes","Pityogenes hopkinsi","k__Fungi","p__Ascomycota","c__Dothideomycetes","o__Pleosporales","f__Cucurbitariaceae","g__Parafenestella","s__ontariensis","positive"
"Pityogenes hopkinsi","ASV_681",3.11089943376181,0.008,0.0879306759098787,0.854731749460043,"Curculionidae","Scolytinae","Pityogenes","Pityogenes hopkinsi","k__Fungi","p__Ascomycota","c__Eurotiomycetes",NA,NA,NA,NA,"positive"
"Pityogenes hopkinsi","ASV_729",2.41389270806393,0.008,0.0879306759098787,0.854731749460043,"Curculionidae","Scolytinae","Pityogenes","Pityogenes hopkinsi","k__Fungi","p__Ascomycota","c__Dothideomycetes",NA,NA,NA,NA,"positive"
"Pityogenes hopkinsi","ASV_816",2.6787872355626,0.008,0.0879306759098787,0.854731749460043,"Curculionidae","Scolytinae","Pityogenes","Pityogenes hopkinsi","k__Fungi","p__Ascomycota","c__Eurotiomycetes","o__Chaetothyriales",NA,NA,NA,"positive"
"Pityogenes hopkinsi","ASV_998",2.70009339559513,0.008,0.0879306759098787,0.854731749460043,"Curculionidae","Scolytinae","Pityogenes","Pityogenes hopkinsi","k__Fungi","p__Basidiomycota","c__Agaricomycetes","o__Polyporales","f__Irpicaceae","g__Irpex","s__lacteus","positive"
"Pityogenes hopkinsi","ASV_1070",3.24407625361279,0.008,0.0879306759098787,0.854731749460043,"Curculionidae","Scolytinae","Pityogenes","Pityogenes hopkinsi","k__Fungi","p__Ascomycota","c__Dothideomycetes","o__Pleosporales","f__Pleosporales_fam_Incertae_sedis","g__Chaetophoma",NA,"positive"
"Pityogenes hopkinsi","ASV_1555",2.65903620471799,0.008,0.0879306759098787,0.854731749460043,"Curculionidae","Scolytinae","Pityogenes","Pityogenes hopkinsi","k__Fungi","p__Ascomycota","c__Leotiomycetes","o__Erysiphales","f__Erysiphaceae","g__Podosphaera","s__leucotricha","positive"
"Pityogenes hopkinsi","ASV_1556",2.51297383351116,0.008,0.0879306759098787,0.854731749460043,"Curculionidae","Scolytinae","Pityogenes","Pityogenes hopkinsi","k__Fungi","p__Chytridiomycota","c__Spizellomycetes","o__Spizellomycetales","f__Powellomycetaceae","g__Thoreauomyces",NA,"positive"
"Pityogenes hopkinsi","ASV_1646",-2.33109675852517,0.008,0.0879306759098787,0.854731749460043,"Curculionidae","Scolytinae","Pityogenes","Pityogenes hopkinsi","k__Fungi","p__Ascomycota","c__Sordariomycetes","o__Ophiostomatales","f__Ophiostomataceae","g__Raffaelea","s__arxii","negative"
"Pityogenes hopkinsi","ASV_1876",-2.12299812771501,0.008,0.0879306759098787,0.854731749460043,"Curculionidae","Scolytinae","Pityogenes","Pityogenes hopkinsi","k__Fungi","p__Basidiomycota","c__Tremellomycetes","o__Filobasidiales","f__Filobasidiaceae","g__Naganishia","s__albida","negative"
"Pityogenes hopkinsi","ASV_2345",2.48947305509447,0.008,0.0879306759098787,0.854731749460043,"Curculionidae","Scolytinae","Pityogenes","Pityogenes hopkinsi","k__Fungi","p__Basidiomycota","c__Tremellomycetes","o__Tremellales",NA,NA,NA,"positive"
"Pityogenes hopkinsi","ASV_2832",-2.7963455529035,0.008,0.0879306759098787,0.854731749460043,"Curculionidae","Scolytinae","Pityogenes","Pityogenes hopkinsi","k__Fungi","p__Ascomycota","c__Dothideomycetes","o__Pleosporales","f__Cucurbitariaceae","g__Parafenestella","s__austriaca","negative"
"Pityogenes hopkinsi","ASV_2871",-2.84241649530198,0.008,0.0879306759098787,0.854731749460043,"Curculionidae","Scolytinae","Pityogenes","Pityogenes hopkinsi","k__Fungi","p__Basidiomycota","c__Agaricomycetes","o__Agaricales","f__Mycenaceae","g__Mycena","s__abramsii","negative"
"Pityogenes hopkinsi","ASV_3257",-1.63296774680973,0.008,0.0879306759098787,0.854731749460043,"Curculionidae","Scolytinae","Pityogenes","Pityogenes hopkinsi","k__Fungi","p__Ascomycota","c__Leotiomycetes","o__Helotiales","f__Chaetomellaceae","g__Chaetomella","s__oblonga","negative"
"Pityogenes hopkinsi","ASV_3275",2.40163848382859,0.008,0.0879306759098787,0.854731749460043,"Curculionidae","Scolytinae","Pityogenes","Pityogenes hopkinsi","k__Fungi","p__Basidiomycota","c__Agaricomycetes","o__Hymenochaetales","f__Schizoporaceae","g__Hyphodontia","s__subalutacea","positive"
"Pityogenes hopkinsi","ASV_3422",3.28014476348729,0.008,0.0879306759098787,0.854731749460043,"Curculionidae","Scolytinae","Pityogenes","Pityogenes hopkinsi","k__Fungi","p__Ascomycota","c__Eurotiomycetes","o__Coryneliales","f__Coryneliaceae","g__Caliciopsis","s__pinea","positive"
"Pityogenes hopkinsi","ASV_3687",-2.73521332739081,0.008,0.0879306759098787,0.854731749460043,"Curculionidae","Scolytinae","Pityogenes","Pityogenes hopkinsi","k__Fungi","p__Basidiomycota","c__Agaricomycetes","o__Polyporales","f__Meruliaceae","g__Scopuloides",NA,"negative"
"Pityogenes hopkinsi","ASV_3820",3.21343473939446,0.008,0.0879306759098787,0.854731749460043,"Curculionidae","Scolytinae","Pityogenes","Pityogenes hopkinsi","k__Fungi","p__Ascomycota",NA,NA,NA,NA,NA,"positive"
"Pityogenes hopkinsi","ASV_4137",-2.81333718294468,0.008,0.0879306759098787,0.854731749460043,"Curculionidae","Scolytinae","Pityogenes","Pityogenes hopkinsi","k__Fungi","p__Ascomycota","c__Sordariomycetes",NA,NA,NA,NA,"negative"
"Pityogenes hopkinsi","ASV_4784",3.76449183989421,0.008,0.0879306759098787,0.854731749460043,"Curculionidae","Scolytinae","Pityogenes","Pityogenes hopkinsi","k__Fungi","p__Ascomycota",NA,NA,NA,NA,NA,"positive"
"Pityogenes hopkinsi","ASV_4831",-2.81278025649635,0.008,0.0879306759098787,0.854731749460043,"Curculionidae","Scolytinae","Pityogenes","Pityogenes hopkinsi","k__Fungi","p__Basidiomycota","c__Cystobasidiomycetes","o__Cystobasidiales",NA,NA,NA,"negative"
"Pityogenes hopkinsi","ASV_5036",2.59308946429185,0.008,0.0879306759098787,0.854731749460043,"Curculionidae","Scolytinae","Pityogenes","Pityogenes hopkinsi","k__Fungi","p__Basidiomycota",NA,NA,NA,NA,NA,"positive"
"Pityogenes hopkinsi","ASV_8177",-3.42290486235025,0.008,0.0879306759098787,0.854731749460043,"Curculionidae","Scolytinae","Pityogenes","Pityogenes hopkinsi","k__Fungi","p__Basidiomycota","c__Agaricomycetes","o__Agaricales","f__Psathyrellaceae","g__Coprinopsis","s__cinerea","negative"
"Pityogenes hopkinsi","ASV_9342",-2.65021079221147,0.008,0.0879306759098787,0.854731749460043,"Curculionidae","Scolytinae","Pityogenes","Pityogenes hopkinsi","k__Fungi","p__Ascomycota",NA,NA,NA,NA,NA,"negative"
"Pityogenes hopkinsi","ASV_9624",-3.19880585069427,0.008,0.0879306759098787,0.854731749460043,"Curculionidae","Scolytinae","Pityogenes","Pityogenes hopkinsi","k__Fungi","p__Basidiomycota","c__Agaricostilbomycetes","o__Agaricostilbales","f__Agaricostilbales_fam_Incertae_sedis","g__Agaricostilbales_gen_Incertae_sedis",NA,"negative"
"Pityogenes hopkinsi","ASV_9635",-2.89131960571305,0.008,0.0879306759098787,0.854731749460043,"Curculionidae","Scolytinae","Pityogenes","Pityogenes hopkinsi","k__Fungi",NA,NA,NA,NA,NA,NA,"negative"
"Pityogenes hopkinsi","ASV_9981",-2.32370948623007,0.008,0.0879306759098787,0.854731749460043,"Curculionidae","Scolytinae","Pityogenes","Pityogenes hopkinsi","k__Fungi","p__Ascomycota","c__Dothideomycetes","o__Pleosporales","f__Cucurbitariaceae",NA,NA,"negative"
"Pityogenes hopkinsi","ASV_10013",-2.42444119647417,0.008,0.0879306759098787,0.854731749460043,"Curculionidae","Scolytinae","Pityogenes","Pityogenes hopkinsi","k__Fungi","p__Ascomycota","c__Leotiomycetes","o__Helotiales",NA,NA,NA,"negative"
"Pityogenes hopkinsi","ASV_10321",-3.23744120245729,0.008,0.0879306759098787,0.854731749460043,"Curculionidae","Scolytinae","Pityogenes","Pityogenes hopkinsi","k__Fungi","p__Ascomycota",NA,NA,NA,NA,NA,"negative"
"Pityogenes hopkinsi","ASV_10720",-2.71478648932257,0.008,0.0879306759098787,0.854731749460043,"Curculionidae","Scolytinae","Pityogenes","Pityogenes hopkinsi","k__Fungi","p__Basidiomycota","c__Agaricomycetes","o__Atheliales","f__Byssocorticiaceae","g__Byssocorticiaceae_gen_Incertae_sedis",NA,"negative"
"Pityogenes hopkinsi","ASV_13398",-1.59824549225447,0.008,0.0879306759098787,0.854731749460043,"Curculionidae","Scolytinae","Pityogenes","Pityogenes hopkinsi","k__Fungi","p__Basidiomycota","c__Tremellomycetes","o__Tremellales","f__Bulleribasidiaceae","g__Vishniacozyma","s__victoriae","negative"
"Pityogenes hopkinsi","ASV_14127",-3.1579995796617,0.008,0.0879306759098787,0.854731749460043,"Curculionidae","Scolytinae","Pityogenes","Pityogenes hopkinsi","k__Fungi","p__Ascomycota","c__Dothideomycetes","o__Pleosporales","f__Lophiostomataceae","g__Neovaginatispora","s__clematidis","negative"
"Pityogenes hopkinsi","ASV_17203",-2.72826312244588,0.008,0.0879306759098787,0.854731749460043,"Curculionidae","Scolytinae","Pityogenes","Pityogenes hopkinsi","k__Fungi","p__Basidiomycota","c__Agaricomycetes","o__Agaricales","f__Psathyrellaceae","g__Coprinopsis","s__clastophylla","negative"
"Pityogenes hopkinsi","ASV_18355",-2.66824205183303,0.008,0.0879306759098787,0.854731749460043,"Curculionidae","Scolytinae","Pityogenes","Pityogenes hopkinsi","k__Fungi","p__Ascomycota","c__Lecanoromycetes","o__Caliciales","f__Caliciaceae","g__Amandinea","s__lecideina","negative"
"Pityogenes hopkinsi","ASV_20518",-2.66297696621425,0.008,0.0879306759098787,0.854731749460043,"Curculionidae","Scolytinae","Pityogenes","Pityogenes hopkinsi","k__Fungi","p__Basidiomycota","c__Microbotryomycetes","o__Sporidiobolales","f__Sporidiobolaceae","g__Sporobolomyces","s__cellobiolyticus","negative"
"Pityogenes hopkinsi","ASV_21793",-2.50880600721191,0.008,0.0879306759098787,0.854731749460043,"Curculionidae","Scolytinae","Pityogenes","Pityogenes hopkinsi","k__Fungi","p__Ascomycota","c__Lecanoromycetes","o__Caliciales","f__Caliciaceae","g__Buellia","s__erubescens","negative"
"Pityogenes hopkinsi","ASV_23492",-2.38854900217564,0.008,0.0879306759098787,0.854731749460043,"Curculionidae","Scolytinae","Pityogenes","Pityogenes hopkinsi","k__Fungi","p__Ascomycota","c__Dothideomycetes","o__Dothideales","f__Saccotheciaceae","g__Aureobasidium","s__pullulans","negative"
"Pityogenes hopkinsi","ASV_23561",-2.41027793261658,0.008,0.0879306759098787,0.854731749460043,"Curculionidae","Scolytinae","Pityogenes","Pityogenes hopkinsi","k__Fungi","p__Basidiomycota","c__Spiculogloeomycetes","o__Spiculogloeales","f__Spiculogloeaceae","g__Phyllozyma","s__jiayinensis","negative"
"Pityogenes hopkinsi","ASV_23889",-2.24154823616502,0.008,0.0879306759098787,0.854731749460043,"Curculionidae","Scolytinae","Pityogenes","Pityogenes hopkinsi","k__Fungi","p__Ascomycota","c__Dothideomycetes","o__Dothideales","f__Dothideaceae","g__Coniozyma","s__leucospermi","negative"
"Pityogenes hopkinsi","ASV_24975",-2.74472203350576,0.008,0.0879306759098787,0.854731749460043,"Curculionidae","Scolytinae","Pityogenes","Pityogenes hopkinsi","k__Fungi","p__Ascomycota","c__Sordariomycetes","o__Hypocreales","f__Sarocladiaceae","g__Parasarocladium","s__fusiforme","negative"
"Pityogenes hopkinsi","ASV_25425",-2.85889313406034,0.008,0.0879306759098787,0.854731749460043,"Curculionidae","Scolytinae","Pityogenes","Pityogenes hopkinsi","k__Fungi","p__Basidiomycota","c__Dacrymycetes","o__Dacrymycetales","f__Dacrymycetaceae","g__Dacrymyces","s__chrysospermus","negative"
"Pityogenes hopkinsi","ASV_27514",-2.77339246214221,0.008,0.0879306759098787,0.854731749460043,"Curculionidae","Scolytinae","Pityogenes","Pityogenes hopkinsi","k__Fungi","p__Ascomycota","c__Dothideomycetes","o__Mycosphaerellales","f__Mycosphaerellaceae","g__Ramularia",NA,"negative"
"Pityogenes hopkinsi","ASV_29419",-2.7496854389602,0.008,0.0879306759098787,0.854731749460043,"Curculionidae","Scolytinae","Pityogenes","Pityogenes hopkinsi","k__Fungi","p__Ascomycota","c__Dothideomycetes","o__Capnodiales","f__Capnodiaceae","g__Scorias","s__mangiferae","negative"
"Pityogenes hopkinsi","ASV_176",2.59114253220558,0.009,0.0898866141732283,0.860139876352396,"Curculionidae","Scolytinae","Pityogenes","Pityogenes hopkinsi","k__Fungi","p__Ascomycota","c__Eurotiomycetes","o__Coryneliales","f__Coryneliaceae","g__Coryneliaceae_gen_Incertae_sedis",NA,"positive"
"Pityogenes hopkinsi","ASV_263",2.56281465587384,0.009,0.0898866141732283,0.860139876352396,"Curculionidae","Scolytinae","Pityogenes","Pityogenes hopkinsi","k__Fungi","p__Ascomycota","c__Dothideomycetes","o__Dothideales","f__Saccotheciaceae","g__Aureobasidium","s__pullulans","positive"
"Pityogenes hopkinsi","ASV_279",2.26189963965948,0.009,0.0898866141732283,0.860139876352396,"Curculionidae","Scolytinae","Pityogenes","Pityogenes hopkinsi","k__Fungi","p__Basidiomycota","c__Exobasidiomycetes","o__Microstromatales","f__Microstromatales_fam_Incertae_sedis","g__Pseudomicrostroma","s__phylloplanum","positive"
"Pityogenes hopkinsi","ASV_298",2.83033331225898,0.009,0.0898866141732283,0.860139876352396,"Curculionidae","Scolytinae","Pityogenes","Pityogenes hopkinsi","k__Fungi","p__Ascomycota","c__Leotiomycetes","o__Thelebolales","f__Pseudeurotiaceae","g__Hyphozyma","s__roseonigra","positive"
"Pityogenes hopkinsi","ASV_505",-2.69467158004504,0.009,0.0898866141732283,0.860139876352396,"Curculionidae","Scolytinae","Pityogenes","Pityogenes hopkinsi","k__Fungi",NA,NA,NA,NA,NA,NA,"negative"
"Pityogenes hopkinsi","ASV_548",-2.81253056459704,0.009,0.0898866141732283,0.860139876352396,"Curculionidae","Scolytinae","Pityogenes","Pityogenes hopkinsi","k__Fungi","p__Ascomycota","c__Saccharomycetes","o__Saccharomycetales","f__Debaryomycetaceae","g__Peterozyma","s__xylosa","negative"
"Pityogenes hopkinsi","ASV_1077",2.41011877854327,0.009,0.0898866141732283,0.860139876352396,"Curculionidae","Scolytinae","Pityogenes","Pityogenes hopkinsi","k__Fungi","p__Ascomycota","c__Dothideomycetes","o__Capnodiales","f__Capnodiales_fam_Incertae_sedis","g__Microcyclospora","s__malicola","positive"
"Pityogenes hopkinsi","ASV_1154",-3.42779365120791,0.009,0.0898866141732283,0.860139876352396,"Curculionidae","Scolytinae","Pityogenes","Pityogenes hopkinsi","k__Fungi",NA,NA,NA,NA,NA,NA,"negative"
"Pityogenes hopkinsi","ASV_1232",2.69024294127875,0.009,0.0898866141732283,0.860139876352396,"Curculionidae","Scolytinae","Pityogenes","Pityogenes hopkinsi","k__Fungi","p__Ascomycota",NA,NA,NA,NA,NA,"positive"
"Pityogenes hopkinsi","ASV_1316",4.45433620665154,0.009,0.0898866141732283,0.860139876352396,"Curculionidae","Scolytinae","Pityogenes","Pityogenes hopkinsi","k__Fungi","p__Ascomycota","c__Sareomycetes","o__Sareales","f__Sareaceae","g__Sarea","s__resinae","positive"
"Pityogenes hopkinsi","ASV_1324",2.79853975805784,0.009,0.0898866141732283,0.860139876352396,"Curculionidae","Scolytinae","Pityogenes","Pityogenes hopkinsi","k__Fungi","p__Basidiomycota","c__Tremellomycetes","o__Tremellales","f__Phaeotremellaceae","g__Phaeotremella",NA,"positive"
"Pityogenes hopkinsi","ASV_1370",-3.62712365020641,0.009,0.0898866141732283,0.860139876352396,"Curculionidae","Scolytinae","Pityogenes","Pityogenes hopkinsi","k__Fungi","p__Ascomycota","c__Dothideomycetes","o__Pleosporales",NA,NA,NA,"negative"
"Pityogenes hopkinsi","ASV_1482",-2.48660580078985,0.009,0.0898866141732283,0.860139876352396,"Curculionidae","Scolytinae","Pityogenes","Pityogenes hopkinsi","k__Fungi","p__Ascomycota","c__Eurotiomycetes","o__Chaetothyriales","f__Herpotrichiellaceae","g__Exophiala",NA,"negative"
"Pityogenes hopkinsi","ASV_1671",2.88380481508468,0.009,0.0898866141732283,0.860139876352396,"Curculionidae","Scolytinae","Pityogenes","Pityogenes hopkinsi","k__Fungi","p__Ascomycota","c__Sordariomycetes","o__Xylariales","f__Diatrypaceae",NA,NA,"positive"
"Pityogenes hopkinsi","ASV_1836",-2.56584708529911,0.009,0.0898866141732283,0.860139876352396,"Curculionidae","Scolytinae","Pityogenes","Pityogenes hopkinsi","k__Fungi","p__Ascomycota","c__Sordariomycetes","o__Diaporthales","f__Valsaceae","g__Cytospora",NA,"negative"
"Pityogenes hopkinsi","ASV_2081",-2.23612282328292,0.009,0.0898866141732283,0.860139876352396,"Curculionidae","Scolytinae","Pityogenes","Pityogenes hopkinsi","k__Fungi",NA,NA,NA,NA,NA,NA,"negative"
"Pityogenes hopkinsi","ASV_2102",-3.43516512983822,0.009,0.0898866141732283,0.860139876352396,"Curculionidae","Scolytinae","Pityogenes","Pityogenes hopkinsi","k__Fungi","p__Basidiomycota","c__Tremellomycetes","o__Tremellales","f__Tremellaceae","g__Tremella","s__globispora","negative"
"Pityogenes hopkinsi","ASV_2108",-2.58826373490137,0.009,0.0898866141732283,0.860139876352396,"Curculionidae","Scolytinae","Pityogenes","Pityogenes hopkinsi","k__Fungi",NA,NA,NA,NA,NA,NA,"negative"
"Pityogenes hopkinsi","ASV_2182",3.31620912630426,0.009,0.0898866141732283,0.860139876352396,"Curculionidae","Scolytinae","Pityogenes","Pityogenes hopkinsi","k__Fungi","p__Ascomycota","c__Leotiomycetes","o__Helotiales",NA,NA,NA,"positive"
"Pityogenes hopkinsi","ASV_2274",1.80907753531314,0.009,0.0898866141732283,0.860139876352396,"Curculionidae","Scolytinae","Pityogenes","Pityogenes hopkinsi","k__Fungi","p__Ascomycota","c__Dothideomycetes","o__Pleosporales","f__Cucurbitariaceae","g__Neocucurbitaria","s__quercina","positive"
"Pityogenes hopkinsi","ASV_2354",-2.716964577494,0.009,0.0898866141732283,0.860139876352396,"Curculionidae","Scolytinae","Pityogenes","Pityogenes hopkinsi","k__Fungi","p__Ascomycota","c__Dothideomycetes","o__Botryosphaeriales","f__Botryosphaeriaceae","g__Diplodia",NA,"negative"
"Pityogenes hopkinsi","ASV_2593",3.06698577416857,0.009,0.0898866141732283,0.860139876352396,"Curculionidae","Scolytinae","Pityogenes","Pityogenes hopkinsi","k__Fungi","p__Ascomycota","c__Sordariomycetes","o__Diaporthales","f__Valsaceae","g__Valsa",NA,"positive"
"Pityogenes hopkinsi","ASV_2827",3.27784051583677,0.009,0.0898866141732283,0.860139876352396,"Curculionidae","Scolytinae","Pityogenes","Pityogenes hopkinsi","k__Fungi","p__Ascomycota",NA,NA,NA,NA,NA,"positive"
"Pityogenes hopkinsi","ASV_3550",3.28121054552424,0.009,0.0898866141732283,0.860139876352396,"Curculionidae","Scolytinae","Pityogenes","Pityogenes hopkinsi","k__Fungi","p__Ascomycota","c__Leotiomycetes",NA,NA,NA,NA,"positive"
"Pityogenes hopkinsi","ASV_4255",2.9467382836789,0.009,0.0898866141732283,0.860139876352396,"Curculionidae","Scolytinae","Pityogenes","Pityogenes hopkinsi","k__Fungi","p__Ascomycota",NA,NA,NA,NA,NA,"positive"
"Pityogenes hopkinsi","ASV_4291",-2.10332720695893,0.009,0.0898866141732283,0.860139876352396,"Curculionidae","Scolytinae","Pityogenes","Pityogenes hopkinsi","k__Fungi","p__Ascomycota","c__Dothideomycetes","o__Pleosporales","f__Cucurbitariaceae","g__Neocucurbitaria","s__quercina","negative"
"Pityogenes hopkinsi","ASV_4646",-3.21954635357513,0.009,0.0898866141732283,0.860139876352396,"Curculionidae","Scolytinae","Pityogenes","Pityogenes hopkinsi","k__Fungi","p__Ascomycota","c__Eurotiomycetes","o__Chaetothyriales","f__Herpotrichiellaceae","g__Exophiala",NA,"negative"
"Pityogenes hopkinsi","ASV_4669",-1.84575514837426,0.009,0.0898866141732283,0.860139876352396,"Curculionidae","Scolytinae","Pityogenes","Pityogenes hopkinsi","k__Fungi","p__Basidiomycota","c__Tremellomycetes","o__Tremellales","f__Bulleribasidiaceae","g__Vishniacozyma","s__pseudopenaeus","negative"
"Pityogenes hopkinsi","ASV_4937",4.30584064008315,0.009,0.0898866141732283,0.860139876352396,"Curculionidae","Scolytinae","Pityogenes","Pityogenes hopkinsi","k__Fungi","p__Basidiomycota","c__Agaricomycetes","o__Russulales","f__Stereaceae","g__Stereum","s__sanguinolentum","positive"
"Pityogenes hopkinsi","ASV_4992",-2.73154916409116,0.009,0.0898866141732283,0.860139876352396,"Curculionidae","Scolytinae","Pityogenes","Pityogenes hopkinsi","k__Fungi","p__Ascomycota","c__Lecanoromycetes","o__Caliciales",NA,NA,NA,"negative"
"Pityogenes hopkinsi","ASV_5089",2.56011021037801,0.009,0.0898866141732283,0.860139876352396,"Curculionidae","Scolytinae","Pityogenes","Pityogenes hopkinsi","k__Fungi","p__Ascomycota","c__Leotiomycetes",NA,NA,NA,NA,"positive"
"Pityogenes hopkinsi","ASV_5684",-2.35813031670295,0.009,0.0898866141732283,0.860139876352396,"Curculionidae","Scolytinae","Pityogenes","Pityogenes hopkinsi","k__Fungi",NA,NA,NA,NA,NA,NA,"negative"
"Pityogenes hopkinsi","ASV_5689",-2.28169402462927,0.009,0.0898866141732283,0.860139876352396,"Curculionidae","Scolytinae","Pityogenes","Pityogenes hopkinsi","k__Fungi","p__Ascomycota","c__Taphrinomycetes","o__Taphrinales","f__Taphrinaceae","g__Taphrina","s__letifera","negative"
"Pityogenes hopkinsi","ASV_6033",-2.62428521711665,0.009,0.0898866141732283,0.860139876352396,"Curculionidae","Scolytinae","Pityogenes","Pityogenes hopkinsi","k__Fungi","p__Basidiomycota","c__Tremellomycetes","o__Tremellales","f__Tremellaceae","g__Tremella","s__nivalis","negative"
"Pityogenes hopkinsi","ASV_6296",-2.65726845103142,0.009,0.0898866141732283,0.860139876352396,"Curculionidae","Scolytinae","Pityogenes","Pityogenes hopkinsi","k__Fungi","p__Basidiomycota","c__Pucciniomycetes",NA,NA,NA,NA,"negative"
"Pityogenes hopkinsi","ASV_7414",4.20116216163928,0.009,0.0898866141732283,0.860139876352396,"Curculionidae","Scolytinae","Pityogenes","Pityogenes hopkinsi","k__Fungi","p__Basidiomycota","c__Agaricomycetes","o__Polyporales","f__Polyporaceae","g__Rhodonia","s__placenta","positive"
"Pityogenes hopkinsi","ASV_8116",2.06003086698523,0.009,0.0898866141732283,0.860139876352396,"Curculionidae","Scolytinae","Pityogenes","Pityogenes hopkinsi","k__Fungi","p__Basidiomycota","c__Agaricomycetes","o__Polyporales","f__Meruliaceae","g__Phlebia","s__subserialis","positive"
"Pityogenes hopkinsi","ASV_8205",-2.53336698787494,0.009,0.0898866141732283,0.860139876352396,"Curculionidae","Scolytinae","Pityogenes","Pityogenes hopkinsi","k__Fungi","p__Ascomycota","c__Dothideomycetes","o__Capnodiales","f__Cladosporiaceae","g__Cladosporium","s__cladosporioides","negative"
"Pityogenes hopkinsi","ASV_8248",-2.28620414649882,0.009,0.0898866141732283,0.860139876352396,"Curculionidae","Scolytinae","Pityogenes","Pityogenes hopkinsi","k__Fungi","p__Ascomycota","c__Dothideomycetes","o__Mycosphaerellales","f__Mycosphaerellaceae","g__Ramularia",NA,"negative"
"Pityogenes hopkinsi","ASV_8753",-2.81048178475032,0.009,0.0898866141732283,0.860139876352396,"Curculionidae","Scolytinae","Pityogenes","Pityogenes hopkinsi","k__Fungi","p__Ascomycota","c__Dothideomycetes",NA,NA,NA,NA,"negative"
"Pityogenes hopkinsi","ASV_10719",-2.75344755106956,0.009,0.0898866141732283,0.860139876352396,"Curculionidae","Scolytinae","Pityogenes","Pityogenes hopkinsi","k__Fungi","p__Basidiomycota","c__Agaricomycetes","o__Polyporales","f__Fomitopsidaceae",NA,NA,"negative"
"Pityogenes hopkinsi","ASV_11734",-2.86978202096856,0.009,0.0898866141732283,0.860139876352396,"Curculionidae","Scolytinae","Pityogenes","Pityogenes hopkinsi","k__Fungi","p__Ascomycota",NA,NA,NA,NA,NA,"negative"
"Pityogenes hopkinsi","ASV_12370",-2.42911355943774,0.009,0.0898866141732283,0.860139876352396,"Curculionidae","Scolytinae","Pityogenes","Pityogenes hopkinsi","k__Fungi","p__Ascomycota","c__Dothideomycetes","o__Dothideales","f__Aureobasidiaceae","g__Kabatiella",NA,"negative"
"Pityogenes hopkinsi","ASV_12734",-2.03067187761905,0.009,0.0898866141732283,0.860139876352396,"Curculionidae","Scolytinae","Pityogenes","Pityogenes hopkinsi","k__Fungi","p__Basidiomycota","c__Agaricomycetes","o__Corticiales","f__Corticiaceae","g__Mycobernardia","s__incrustans","negative"
"Pityogenes hopkinsi","ASV_13634",-2.63200832936195,0.009,0.0898866141732283,0.860139876352396,"Curculionidae","Scolytinae","Pityogenes","Pityogenes hopkinsi","k__Fungi","p__Basidiomycota","c__Cystobasidiomycetes","o__Erythrobasidiales","f__Erythrobasidiaceae","g__Erythrobasidium",NA,"negative"
"Pityogenes hopkinsi","ASV_15150",-2.48988807405948,0.009,0.0898866141732283,0.860139876352396,"Curculionidae","Scolytinae","Pityogenes","Pityogenes hopkinsi","k__Fungi",NA,NA,NA,NA,NA,NA,"negative"
"Pityogenes hopkinsi","ASV_15485",-2.39786088506999,0.009,0.0898866141732283,0.860139876352396,"Curculionidae","Scolytinae","Pityogenes","Pityogenes hopkinsi","k__Fungi","p__Ascomycota","c__Dothideomycetes","o__Dothideales","f__Saccotheciaceae","g__Aureobasidium","s__pullulans","negative"
"Pityogenes hopkinsi","ASV_15701",-2.43567230803446,0.009,0.0898866141732283,0.860139876352396,"Curculionidae","Scolytinae","Pityogenes","Pityogenes hopkinsi","k__Fungi","p__Ascomycota",NA,NA,NA,NA,NA,"negative"
"Pityogenes hopkinsi","ASV_15790",-2.38291785618505,0.009,0.0898866141732283,0.860139876352396,"Curculionidae","Scolytinae","Pityogenes","Pityogenes hopkinsi","k__Fungi","p__Ascomycota","c__Dothideomycetes","o__Mycosphaerellales","f__Mycosphaerellaceae","g__Ramularia",NA,"negative"
"Pityogenes hopkinsi","ASV_15798",-2.72938185972746,0.009,0.0898866141732283,0.860139876352396,"Curculionidae","Scolytinae","Pityogenes","Pityogenes hopkinsi","k__Fungi","p__Ascomycota","c__Taphrinomycetes","o__Taphrinales","f__Taphrinaceae","g__Taphrina",NA,"negative"
"Pityogenes hopkinsi","ASV_16223",-2.71604802755041,0.009,0.0898866141732283,0.860139876352396,"Curculionidae","Scolytinae","Pityogenes","Pityogenes hopkinsi","k__Fungi","p__Ascomycota","c__Dothideomycetes",NA,NA,NA,NA,"negative"
"Pityogenes hopkinsi","ASV_17354",-2.33866618946374,0.009,0.0898866141732283,0.860139876352396,"Curculionidae","Scolytinae","Pityogenes","Pityogenes hopkinsi","k__Fungi","p__Ascomycota","c__Dothideomycetes","o__Myriangiales",NA,NA,NA,"negative"
"Pityogenes hopkinsi","ASV_18535",-2.18591808544316,0.009,0.0898866141732283,0.860139876352396,"Curculionidae","Scolytinae","Pityogenes","Pityogenes hopkinsi","k__Fungi","p__Ascomycota","c__Leotiomycetes",NA,NA,NA,NA,"negative"
"Pityogenes hopkinsi","ASV_20375",-2.93544554668174,0.009,0.0898866141732283,0.860139876352396,"Curculionidae","Scolytinae","Pityogenes","Pityogenes hopkinsi","k__Fungi",NA,NA,NA,NA,NA,NA,"negative"
"Pityogenes hopkinsi","ASV_20815",-2.76316064266896,0.009,0.0898866141732283,0.860139876352396,"Curculionidae","Scolytinae","Pityogenes","Pityogenes hopkinsi","k__Fungi","p__Basidiomycota","c__Tremellomycetes","o__Tremellales","f__Rhynchogastremataceae","g__Papiliotrema","s__wisconsinensis","negative"
"Pityogenes hopkinsi","ASV_21306",-2.7131467222141,0.009,0.0898866141732283,0.860139876352396,"Curculionidae","Scolytinae","Pityogenes","Pityogenes hopkinsi","k__Fungi","p__Ascomycota","c__Dothideomycetes","o__Hysteriales","f__Hysteriaceae","g__Hysterium",NA,"negative"
"Pityogenes hopkinsi","ASV_24281",-2.58083168888757,0.009,0.0898866141732283,0.860139876352396,"Curculionidae","Scolytinae","Pityogenes","Pityogenes hopkinsi","k__Fungi","p__Basidiomycota","c__Agaricomycetes","o__Russulales","f__Gloeocystidiellaceae","g__Gloeocystidiellum","s__kenyense","negative"
"Pityogenes hopkinsi","ASV_26197",-2.25101042518856,0.009,0.0898866141732283,0.860139876352396,"Curculionidae","Scolytinae","Pityogenes","Pityogenes hopkinsi","k__Fungi",NA,NA,NA,NA,NA,NA,"negative"
"Pityogenes hopkinsi","ASV_41",-2.46720652025901,0.01,0.094375,0.861204735376045,"Curculionidae","Scolytinae","Pityogenes","Pityogenes hopkinsi","k__Fungi","p__Ascomycota","c__Saccharomycetes","o__Saccharomycetales","f__Debaryomycetaceae","g__Peterozyma","s__xylosa","negative"
"Pityogenes hopkinsi","ASV_864",3.80604745528434,0.01,0.094375,0.861204735376045,"Curculionidae","Scolytinae","Pityogenes","Pityogenes hopkinsi","k__Fungi","p__Ascomycota","c__Lecanoromycetes","o__Lecanorales",NA,NA,NA,"positive"
"Pityogenes hopkinsi","ASV_1169",2.4535709973334,0.01,0.094375,0.861204735376045,"Curculionidae","Scolytinae","Pityogenes","Pityogenes hopkinsi","k__Fungi","p__Ascomycota","c__Dothideomycetes","o__Pleosporales","f__Lentitheciaceae","g__Lentitheciaceae_gen_Incertae_sedis",NA,"positive"
"Pityogenes hopkinsi","ASV_1451",-2.18172923761479,0.01,0.094375,0.861204735376045,"Curculionidae","Scolytinae","Pityogenes","Pityogenes hopkinsi","k__Fungi","p__Basidiomycota","c__Tremellomycetes","o__Tremellales","f__Bulleribasidiaceae","g__Vishniacozyma",NA,"negative"
"Pityogenes hopkinsi","ASV_1495",-2.79909405130021,0.01,0.094375,0.861204735376045,"Curculionidae","Scolytinae","Pityogenes","Pityogenes hopkinsi","k__Fungi","p__Ascomycota","c__Leotiomycetes","o__Rhytismatales","f__Rhytismataceae","g__Colpoma",NA,"negative"
"Pityogenes hopkinsi","ASV_1775",2.62517755770326,0.01,0.094375,0.861204735376045,"Curculionidae","Scolytinae","Pityogenes","Pityogenes hopkinsi","k__Fungi","p__Basidiomycota","c__Tremellomycetes","o__Tremellales","f__Bulleraceae","g__Fonsecazyma","s__tronadorensis","positive"
"Pityogenes hopkinsi","ASV_2075",-2.84867840409946,0.01,0.094375,0.861204735376045,"Curculionidae","Scolytinae","Pityogenes","Pityogenes hopkinsi","k__Fungi","p__Ascomycota","c__Saccharomycetes","o__Saccharomycetales","f__Phaffomycetaceae","g__Wickerhamomyces","s__alni","negative"
"Pityogenes hopkinsi","ASV_2338",2.81906486327645,0.01,0.094375,0.861204735376045,"Curculionidae","Scolytinae","Pityogenes","Pityogenes hopkinsi","k__Fungi","p__Ascomycota",NA,NA,NA,NA,NA,"positive"
"Pityogenes hopkinsi","ASV_2350",3.47723830579612,0.01,0.094375,0.861204735376045,"Curculionidae","Scolytinae","Pityogenes","Pityogenes hopkinsi","k__Fungi","p__Ascomycota","c__Eurotiomycetes","o__Chaetothyriales","f__Herpotrichiellaceae","g__Sorocybe",NA,"positive"
"Pityogenes hopkinsi","ASV_2514",2.18529460194934,0.01,0.094375,0.861204735376045,"Curculionidae","Scolytinae","Pityogenes","Pityogenes hopkinsi","k__Fungi","p__Ascomycota","c__Eurotiomycetes","o__Chaetothyriales","f__Cyphellophoraceae","g__Cyphellophora","s__sessilis","positive"
"Pityogenes hopkinsi","ASV_3273",-2.02897407232507,0.01,0.094375,0.861204735376045,"Curculionidae","Scolytinae","Pityogenes","Pityogenes hopkinsi","k__Fungi","p__Ascomycota","c__Dothideomycetes","o__Pleosporales","f__Dothidotthiaceae","g__Dothidotthia","s__negundinicola","negative"
"Pityogenes hopkinsi","ASV_3916",-2.0738171287587,0.01,0.094375,0.861204735376045,"Curculionidae","Scolytinae","Pityogenes","Pityogenes hopkinsi","k__Fungi","p__Basidiomycota",NA,NA,NA,NA,NA,"negative"
"Pityogenes hopkinsi","ASV_3948",3.44583622943214,0.01,0.094375,0.861204735376045,"Curculionidae","Scolytinae","Pityogenes","Pityogenes hopkinsi","k__Fungi","p__Ascomycota","c__Sordariomycetes","o__Diaporthales","f__Valsaceae","g__Cytospora",NA,"positive"
"Pityogenes hopkinsi","ASV_4660",-2.28933288030206,0.01,0.094375,0.861204735376045,"Curculionidae","Scolytinae","Pityogenes","Pityogenes hopkinsi","k__Fungi","p__Ascomycota","c__Lecanoromycetes","o__Lecanorales","f__Catillariaceae","g__Catillaria","s__nigroclavata","negative"
"Pityogenes hopkinsi","ASV_5279",-2.37339151133991,0.01,0.094375,0.861204735376045,"Curculionidae","Scolytinae","Pityogenes","Pityogenes hopkinsi","k__Fungi",NA,NA,NA,NA,NA,NA,"negative"
"Pityogenes hopkinsi","ASV_5533",-4.04181471539763,0.01,0.094375,0.861204735376045,"Curculionidae","Scolytinae","Pityogenes","Pityogenes hopkinsi","k__Fungi","p__Ascomycota","c__Dothideomycetes","o__Pleosporales",NA,NA,NA,"negative"
"Pityogenes hopkinsi","ASV_5728",3.75036462871452,0.01,0.094375,0.861204735376045,"Curculionidae","Scolytinae","Pityogenes","Pityogenes hopkinsi","k__Fungi","p__Ascomycota","c__Sordariomycetes","o__Diaporthales","f__Valsaceae","g__Cytospora","s__populina","positive"
"Pityogenes hopkinsi","ASV_6065",-2.34052674200525,0.01,0.094375,0.861204735376045,"Curculionidae","Scolytinae","Pityogenes","Pityogenes hopkinsi","k__Fungi","p__Ascomycota","c__Sordariomycetes","o__Hypocreales","f__Cordycipitaceae","g__Beauveria","s__bassiana","negative"
"Pityogenes hopkinsi","ASV_6390",-2.37262106975822,0.01,0.094375,0.861204735376045,"Curculionidae","Scolytinae","Pityogenes","Pityogenes hopkinsi","k__Fungi","p__Basidiomycota","c__Tremellomycetes","o__Tremellales","f__Bulleribasidiaceae","g__Vishniacozyma","s__dimennae","negative"
"Pityogenes hopkinsi","ASV_6646",-2.29017079883962,0.01,0.094375,0.861204735376045,"Curculionidae","Scolytinae","Pityogenes","Pityogenes hopkinsi","k__Fungi","p__Ascomycota","c__Dothideomycetes","o__Dothideales","f__Dothioraceae","g__Kabatina",NA,"negative"
"Pityogenes hopkinsi","ASV_8154",-2.31366690793921,0.01,0.094375,0.861204735376045,"Curculionidae","Scolytinae","Pityogenes","Pityogenes hopkinsi","k__Fungi","p__Basidiomycota","c__Exobasidiomycetes","o__Entylomatales","f__Entylomataceae","g__Tilletiopsis","s__washingtonensis","negative"
"Pityogenes hopkinsi","ASV_8381",-2.36849026219731,0.01,0.094375,0.861204735376045,"Curculionidae","Scolytinae","Pityogenes","Pityogenes hopkinsi","k__Fungi","p__Ascomycota","c__Pezizomycetes","o__Pezizales","f__Pyronemataceae","g__Geopyxis","s__carbonaria","negative"
"Pityogenes hopkinsi","ASV_10059",2.50831154534719,0.01,0.094375,0.861204735376045,"Curculionidae","Scolytinae","Pityogenes","Pityogenes hopkinsi","k__Fungi","p__Ascomycota","c__Sordariomycetes","o__Xylariales",NA,NA,NA,"positive"
"Pityogenes hopkinsi","ASV_11320",-2.40627042309916,0.01,0.094375,0.861204735376045,"Curculionidae","Scolytinae","Pityogenes","Pityogenes hopkinsi","k__Fungi","p__Basidiomycota","c__Microbotryomycetes","o__Microbotryomycetes_ord_Incertae_sedis","f__Microbotryomycetes_fam_Incertae_sedis","g__Curvibasidium",NA,"negative"
"Pityogenes hopkinsi","ASV_14624",-2.93096603385963,0.01,0.094375,0.861204735376045,"Curculionidae","Scolytinae","Pityogenes","Pityogenes hopkinsi","k__Fungi","p__Ascomycota","c__Dothideomycetes","o__Hysteriales","f__Hysteriaceae",NA,NA,"negative"
"Pityogenes hopkinsi","ASV_14991",-2.74286960233925,0.01,0.094375,0.861204735376045,"Curculionidae","Scolytinae","Pityogenes","Pityogenes hopkinsi","k__Fungi","p__Basidiomycota","c__Agaricomycetes","o__Russulales","f__Peniophoraceae","g__Peniophoraceae_gen_Incertae_sedis",NA,"negative"
"Pityogenes hopkinsi","ASV_15235",-3.05428119674316,0.01,0.094375,0.861204735376045,"Curculionidae","Scolytinae","Pityogenes","Pityogenes hopkinsi","k__Fungi","p__Basidiomycota","c__Agaricomycetes","o__Polyporales","f__Steccherinaceae","g__Steccherinum","s__fimbriatum","negative"
"Pityogenes hopkinsi","ASV_15992",-2.69108779740051,0.01,0.094375,0.861204735376045,"Curculionidae","Scolytinae","Pityogenes","Pityogenes hopkinsi","k__Fungi","p__Basidiomycota","c__Exobasidiomycetes","o__Exobasidiales","f__Exobasidiaceae","g__Exobasidium","s__kishianum","negative"
"Pityogenes hopkinsi","ASV_17531",-2.33171035974387,0.01,0.094375,0.861204735376045,"Curculionidae","Scolytinae","Pityogenes","Pityogenes hopkinsi","k__Fungi",NA,NA,NA,NA,NA,NA,"negative"
"Pityogenes hopkinsi","ASV_18174",-2.40194752069014,0.01,0.094375,0.861204735376045,"Curculionidae","Scolytinae","Pityogenes","Pityogenes hopkinsi","k__Fungi","p__Ascomycota","c__Lecanoromycetes","o__Lecanorales","f__Lecanoraceae",NA,NA,"negative"
"Pityogenes hopkinsi","ASV_19456",-2.59712371882893,0.01,0.094375,0.861204735376045,"Curculionidae","Scolytinae","Pityogenes","Pityogenes hopkinsi","k__Fungi","p__Ascomycota","c__Sordariomycetes",NA,NA,NA,NA,"negative"
"Pityogenes hopkinsi","ASV_19628",-2.34853033599158,0.01,0.094375,0.861204735376045,"Curculionidae","Scolytinae","Pityogenes","Pityogenes hopkinsi","k__Fungi",NA,NA,NA,NA,NA,NA,"negative"
"Pityogenes hopkinsi","ASV_20302",-2.18692621446053,0.01,0.094375,0.861204735376045,"Curculionidae","Scolytinae","Pityogenes","Pityogenes hopkinsi","k__Fungi","p__Ascomycota","c__Sordariomycetes","o__Xylariales","f__Amphisphaeriaceae","g__Monochaetia","s__monochaeta","negative"
"Pityogenes hopkinsi","ASV_21208",-2.64524037420779,0.01,0.094375,0.861204735376045,"Curculionidae","Scolytinae","Pityogenes","Pityogenes hopkinsi","k__Fungi","p__Ascomycota","c__Lecanoromycetes","o__Lecanorales","f__Ramalinaceae",NA,NA,"negative"
"Pityogenes hopkinsi","ASV_23168",-2.38980320896875,0.01,0.094375,0.861204735376045,"Curculionidae","Scolytinae","Pityogenes","Pityogenes hopkinsi","k__Fungi","p__Ascomycota","c__Dothideomycetes","o__Capnodiales","f__Cladosporiaceae","g__Cladosporium",NA,"negative"
"Pityogenes hopkinsi","ASV_23965",-2.80839494673704,0.01,0.094375,0.861204735376045,"Curculionidae","Scolytinae","Pityogenes","Pityogenes hopkinsi","k__Fungi","p__Basidiomycota","c__Exobasidiomycetes","o__Microstromatales","f__Microstromatales_fam_Incertae_sedis","g__Pseudomicrostroma","s__glucosiphilum","negative"
"Pityogenes hopkinsi","ASV_25418",-2.58222169999951,0.01,0.094375,0.861204735376045,"Curculionidae","Scolytinae","Pityogenes","Pityogenes hopkinsi","k__Fungi","p__Ascomycota","c__Dothideomycetes","o__Pleosporales","f__Cucurbitariaceae","g__Parafenestella","s__ontariensis","negative"
"Pityogenes hopkinsi","ASV_82",2.59933598842619,0.011,0.0972970711297071,0.865093163751987,"Curculionidae","Scolytinae","Pityogenes","Pityogenes hopkinsi","k__Fungi",NA,NA,NA,NA,NA,NA,"positive"
"Pityogenes hopkinsi","ASV_671",2.23773157508267,0.011,0.0972970711297071,0.865093163751987,"Curculionidae","Scolytinae","Pityogenes","Pityogenes hopkinsi","k__Fungi","p__Ascomycota","c__Dothideomycetes","o__Pleosporales","f__Phaeosphaeriaceae","g__Muriphaeosphaeria","s__viburni","positive"
"Pityogenes hopkinsi","ASV_1081",2.87593038780419,0.011,0.0972970711297071,0.865093163751987,"Curculionidae","Scolytinae","Pityogenes","Pityogenes hopkinsi","k__Fungi","p__Basidiomycota","c__Tremellomycetes","o__Tremellales","f__Bulleraceae","g__Fonsecazyma",NA,"positive"
"Pityogenes hopkinsi","ASV_1170",2.66787726782469,0.011,0.0972970711297071,0.865093163751987,"Curculionidae","Scolytinae","Pityogenes","Pityogenes hopkinsi","k__Fungi","p__Basidiomycota","c__Tremellomycetes","o__Tremellales","f__Tremellaceae","g__Tremella","s__globispora","positive"
"Pityogenes hopkinsi","ASV_1570",2.61589564955879,0.011,0.0972970711297071,0.865093163751987,"Curculionidae","Scolytinae","Pityogenes","Pityogenes hopkinsi","k__Fungi","p__Ascomycota","c__Sordariomycetes","o__Xylariales","f__Graphostromataceae","g__Graphostroma","s__platystoma","positive"
"Pityogenes hopkinsi","ASV_1714",-2.81205665571908,0.011,0.0972970711297071,0.865093163751987,"Curculionidae","Scolytinae","Pityogenes","Pityogenes hopkinsi","k__Fungi","p__Ascomycota","c__Lecanoromycetes","o__Lecanorales","f__Catillariaceae","g__Catillaria","s__chalybeia","negative"
"Pityogenes hopkinsi","ASV_2163",2.35025534545514,0.011,0.0972970711297071,0.865093163751987,"Curculionidae","Scolytinae","Pityogenes","Pityogenes hopkinsi","k__Fungi","p__Ascomycota","c__Lecanoromycetes","o__Lecanorales","f__Lecanoraceae","g__Lecidella",NA,"positive"
"Pityogenes hopkinsi","ASV_2170",2.38939495981794,0.011,0.0972970711297071,0.865093163751987,"Curculionidae","Scolytinae","Pityogenes","Pityogenes hopkinsi","k__Fungi","p__Ascomycota","c__Sordariomycetes","o__Xylariales","f__Diatrypaceae",NA,NA,"positive"
"Pityogenes hopkinsi","ASV_2558",3.92120328330015,0.011,0.0972970711297071,0.865093163751987,"Curculionidae","Scolytinae","Pityogenes","Pityogenes hopkinsi","k__Fungi",NA,NA,NA,NA,NA,NA,"positive"
"Pityogenes hopkinsi","ASV_3663",3.53799702580973,0.011,0.0972970711297071,0.865093163751987,"Curculionidae","Scolytinae","Pityogenes","Pityogenes hopkinsi","k__Fungi","p__Ascomycota","c__Sordariomycetes","o__Xylariales","f__Diatrypaceae","g__Diatrype","s__stigma","positive"
"Pityogenes hopkinsi","ASV_3990",-2.60892131206937,0.011,0.0972970711297071,0.865093163751987,"Curculionidae","Scolytinae","Pityogenes","Pityogenes hopkinsi","k__Fungi","p__Ascomycota","c__Dothideomycetes",NA,NA,NA,NA,"negative"
"Pityogenes hopkinsi","ASV_4592",3.24834294237154,0.011,0.0972970711297071,0.865093163751987,"Curculionidae","Scolytinae","Pityogenes","Pityogenes hopkinsi","k__Fungi","p__Ascomycota","c__Dothideomycetes","o__Mycosphaerellales",NA,NA,NA,"positive"
"Pityogenes hopkinsi","ASV_5711",3.87139683870012,0.011,0.0972970711297071,0.865093163751987,"Curculionidae","Scolytinae","Pityogenes","Pityogenes hopkinsi","k__Fungi","p__Ascomycota","c__Sordariomycetes","o__Diaporthales","f__Valsaceae","g__Cytospora","s__beilinensis","positive"
"Pityogenes hopkinsi","ASV_5900",-2.52945671826456,0.011,0.0972970711297071,0.865093163751987,"Curculionidae","Scolytinae","Pityogenes","Pityogenes hopkinsi","k__Fungi","p__Ascomycota","c__Leotiomycetes",NA,NA,NA,NA,"negative"
"Pityogenes hopkinsi","ASV_6079",-2.73951749484144,0.011,0.0972970711297071,0.865093163751987,"Curculionidae","Scolytinae","Pityogenes","Pityogenes hopkinsi","k__Fungi","p__Basidiomycota","c__Agaricomycetes","o__Russulales","f__Peniophoraceae","g__Peniophora","s__cinerea","negative"
"Pityogenes hopkinsi","ASV_6164",-2.41854982039186,0.011,0.0972970711297071,0.865093163751987,"Curculionidae","Scolytinae","Pityogenes","Pityogenes hopkinsi","k__Fungi","p__Ascomycota","c__Lecanoromycetes","o__Lecanorales",NA,NA,NA,"negative"
"Pityogenes hopkinsi","ASV_6583",-2.56598492481144,0.011,0.0972970711297071,0.865093163751987,"Curculionidae","Scolytinae","Pityogenes","Pityogenes hopkinsi","k__Fungi","p__Chytridiomycota","c__Spizellomycetes","o__Spizellomycetales","f__Spizellomycetales_fam_Incertae_sedis","g__Spizellomycetales_gen_Incertae_sedis",NA,"negative"
"Pityogenes hopkinsi","ASV_6996",2.18245424018011,0.011,0.0972970711297071,0.865093163751987,"Curculionidae","Scolytinae","Pityogenes","Pityogenes hopkinsi","k__Fungi","p__Basidiomycota","c__Agaricomycetes","o__Hymenochaetales","f__Hymenochaetaceae","g__Phellinus","s__piceicola","positive"
"Pityogenes hopkinsi","ASV_7445",-2.98918249740148,0.011,0.0972970711297071,0.865093163751987,"Curculionidae","Scolytinae","Pityogenes","Pityogenes hopkinsi","k__Fungi","p__Ascomycota","c__Dothideomycetes","o__Myriangiales","f__Endosporiaceae","g__Endosporium",NA,"negative"
"Pityogenes hopkinsi","ASV_7689",-2.15354447554945,0.011,0.0972970711297071,0.865093163751987,"Curculionidae","Scolytinae","Pityogenes","Pityogenes hopkinsi","k__Fungi",NA,NA,NA,NA,NA,NA,"negative"
"Pityogenes hopkinsi","ASV_7820",-2.36813459776504,0.011,0.0972970711297071,0.865093163751987,"Curculionidae","Scolytinae","Pityogenes","Pityogenes hopkinsi","k__Fungi","p__Basidiomycota","c__Agaricomycetes","o__Russulales","f__Peniophoraceae","g__Peniophora","s__crassitunicata","negative"
"Pityogenes hopkinsi","ASV_7949",-2.27147353222077,0.011,0.0972970711297071,0.865093163751987,"Curculionidae","Scolytinae","Pityogenes","Pityogenes hopkinsi","k__Fungi","p__Ascomycota",NA,NA,NA,NA,NA,"negative"
"Pityogenes hopkinsi","ASV_8078",-2.78108989308369,0.011,0.0972970711297071,0.865093163751987,"Curculionidae","Scolytinae","Pityogenes","Pityogenes hopkinsi","k__Fungi","p__Ascomycota","c__Dothideomycetes","o__Pleosporales","f__Cucurbitariaceae","g__Parafenestella",NA,"negative"
"Pityogenes hopkinsi","ASV_8482",-2.92215175068018,0.011,0.0972970711297071,0.865093163751987,"Curculionidae","Scolytinae","Pityogenes","Pityogenes hopkinsi","k__Fungi","p__Basidiomycota","c__Agaricomycetes","o__Russulales","f__Peniophoraceae","g__Peniophora","s__cinerea","negative"
"Pityogenes hopkinsi","ASV_9451",2.57687198351756,0.011,0.0972970711297071,0.865093163751987,"Curculionidae","Scolytinae","Pityogenes","Pityogenes hopkinsi","k__Fungi","p__Ascomycota","c__Lecanoromycetes","o__Lecanorales","f__Lecanoraceae","g__Lecidella","s__albida","positive"
"Pityogenes hopkinsi","ASV_9577",-2.76502418818019,0.011,0.0972970711297071,0.865093163751987,"Curculionidae","Scolytinae","Pityogenes","Pityogenes hopkinsi","k__Fungi","p__Basidiomycota","c__Cystobasidiomycetes",NA,NA,NA,NA,"negative"
"Pityogenes hopkinsi","ASV_10395",-2.37405298496463,0.011,0.0972970711297071,0.865093163751987,"Curculionidae","Scolytinae","Pityogenes","Pityogenes hopkinsi","k__Fungi","p__Basidiomycota","c__Agaricomycetes","o__Polyporales","f__Ganodermataceae","g__Ganoderma","s__applanatum","negative"
"Pityogenes hopkinsi","ASV_10786",-2.28854999798578,0.011,0.0972970711297071,0.865093163751987,"Curculionidae","Scolytinae","Pityogenes","Pityogenes hopkinsi","k__Fungi",NA,NA,NA,NA,NA,NA,"negative"
"Pityogenes hopkinsi","ASV_10922",-2.41681420828046,0.011,0.0972970711297071,0.865093163751987,"Curculionidae","Scolytinae","Pityogenes","Pityogenes hopkinsi","k__Fungi","p__Ascomycota","c__Dothideomycetes",NA,NA,NA,NA,"negative"
"Pityogenes hopkinsi","ASV_11925",4.18365729665737,0.011,0.0972970711297071,0.865093163751987,"Curculionidae","Scolytinae","Pityogenes","Pityogenes hopkinsi","k__Fungi","p__Ascomycota","c__Eurotiomycetes","o__Coryneliales","f__Coryneliales_fam_Incertae_sedis","g__Coryneliales_gen_Incertae_sedis",NA,"positive"
"Pityogenes hopkinsi","ASV_12221",-1.9097038090871,0.011,0.0972970711297071,0.865093163751987,"Curculionidae","Scolytinae","Pityogenes","Pityogenes hopkinsi","k__Fungi","p__Basidiomycota","c__Exobasidiomycetes","o__Microstromatales","f__Microstromatales_fam_Incertae_sedis","g__Pseudomicrostroma",NA,"negative"
"Pityogenes hopkinsi","ASV_12307",-2.31634904540809,0.011,0.0972970711297071,0.865093163751987,"Curculionidae","Scolytinae","Pityogenes","Pityogenes hopkinsi","k__Fungi","p__Ascomycota","c__Dothideomycetes","o__Tubeufiales","f__Tubeufiaceae",NA,NA,"negative"
"Pityogenes hopkinsi","ASV_12541",-1.99658475389656,0.011,0.0972970711297071,0.865093163751987,"Curculionidae","Scolytinae","Pityogenes","Pityogenes hopkinsi","k__Fungi","p__Ascomycota","c__Dothideomycetes","o__Pleosporales","f__Didymellaceae",NA,NA,"negative"
"Pityogenes hopkinsi","ASV_14806",-3.01538704791789,0.011,0.0972970711297071,0.865093163751987,"Curculionidae","Scolytinae","Pityogenes","Pityogenes hopkinsi","k__Fungi","p__Basidiomycota","c__Tremellomycetes","o__Filobasidiales","f__Piskurozymaceae","g__Piskurozyma","s__cylindrica","negative"
"Pityogenes hopkinsi","ASV_15495",-2.15045479249887,0.011,0.0972970711297071,0.865093163751987,"Curculionidae","Scolytinae","Pityogenes","Pityogenes hopkinsi","k__Fungi","p__Ascomycota","c__Dothideomycetes","o__Tubeufiales","f__Tubeufiaceae","g__Helicoma","s__conicodentatum","negative"
"Pityogenes hopkinsi","ASV_15944",-2.27557348603228,0.011,0.0972970711297071,0.865093163751987,"Curculionidae","Scolytinae","Pityogenes","Pityogenes hopkinsi","k__Fungi","p__Basidiomycota","c__Microbotryomycetes","o__Microbotryomycetes_ord_Incertae_sedis","f__Colacogloeaceae",NA,NA,"negative"
"Pityogenes hopkinsi","ASV_15997",-2.56546076215146,0.011,0.0972970711297071,0.865093163751987,"Curculionidae","Scolytinae","Pityogenes","Pityogenes hopkinsi","k__Fungi","p__Ascomycota","c__Dothideomycetes","o__Dothideales","f__Dothioraceae","g__Pringsheimia","s__smilacis","negative"
"Pityogenes hopkinsi","ASV_17515",-2.06191784723236,0.011,0.0972970711297071,0.865093163751987,"Curculionidae","Scolytinae","Pityogenes","Pityogenes hopkinsi","k__Fungi","p__Ascomycota","c__Dothideomycetes","o__Pleosporales",NA,NA,NA,"negative"
"Pityogenes hopkinsi","ASV_18094",-2.6568172524926,0.011,0.0972970711297071,0.865093163751987,"Curculionidae","Scolytinae","Pityogenes","Pityogenes hopkinsi","k__Fungi","p__Ascomycota","c__Dothideomycetes","o__Mycosphaerellales","f__Mycosphaerellaceae","g__Ramularia",NA,"negative"
"Pityogenes hopkinsi","ASV_20812",-2.40511898447617,0.011,0.0972970711297071,0.865093163751987,"Curculionidae","Scolytinae","Pityogenes","Pityogenes hopkinsi","k__Fungi","p__Ascomycota","c__Sordariomycetes","o__Coronophorales","f__Scortechiniaceae","g__Yuxiensis","s__granularis","negative"
"Pityogenes hopkinsi","ASV_21497",-2.43773562641014,0.011,0.0972970711297071,0.865093163751987,"Curculionidae","Scolytinae","Pityogenes","Pityogenes hopkinsi","k__Fungi","p__Ascomycota","c__Dothideomycetes","o__Dothideales",NA,NA,NA,"negative"
"Pityogenes hopkinsi","ASV_23512",-2.63956276087045,0.011,0.0972970711297071,0.865093163751987,"Curculionidae","Scolytinae","Pityogenes","Pityogenes hopkinsi","k__Fungi","p__Ascomycota","c__Sordariomycetes","o__Sordariales","f__Sordariales_fam_Incertae_sedis","g__Papulaspora","s__byssina","negative"
"Pityogenes hopkinsi","ASV_24684",-2.2681317440087,0.011,0.0972970711297071,0.865093163751987,"Curculionidae","Scolytinae","Pityogenes","Pityogenes hopkinsi","k__Fungi","p__Basidiomycota","c__Tremellomycetes","o__Tremellales","f__Rhynchogastremataceae","g__Papiliotrema","s__fusca","negative"
"Pityogenes hopkinsi","ASV_25809",-2.67486625310474,0.011,0.0972970711297071,0.865093163751987,"Curculionidae","Scolytinae","Pityogenes","Pityogenes hopkinsi","k__Fungi","p__Basidiomycota",NA,NA,NA,NA,NA,"negative"
"Pityogenes hopkinsi","ASV_26844",-2.59967561388432,0.011,0.0972970711297071,0.865093163751987,"Curculionidae","Scolytinae","Pityogenes","Pityogenes hopkinsi","k__Fungi","p__Ascomycota","c__Lecanoromycetes","o__Lecanorales","f__Lecanoraceae",NA,NA,"negative"
