"insect_taxon","fungal_taxon","t_stat","p_perm","q_value_within_insect","q_value_global","insect_family","insect_subfamily","insect_genus","insect_species","fungal_kingdom","fungal_phylum","fungal_class","fungal_order","fungal_family","fungal_genus","fungal_species","direction"
"Pityogenes hopkinsi","ASV_81",3.38437161022821,0.001,0.0224893617021277,0.281706150341686,"Curculionidae","Scolytinae","Pityogenes","Pityogenes hopkinsi","k__Fungi","p__Ascomycota","c__Sordariomycetes","o__Diaporthales","f__Valsaceae","g__Cytospora","s__beilinensis","positive"
"Pityogenes hopkinsi","ASV_85",3.76117275464461,0.001,0.0224893617021277,0.281706150341686,"Curculionidae","Scolytinae","Pityogenes","Pityogenes hopkinsi","k__Fungi","p__Ascomycota","c__Sordariomycetes","o__Diaporthales","f__Valsaceae","g__Cytospora","s__beilinensis","positive"
"Pityogenes hopkinsi","ASV_158",3.25746121664688,0.001,0.0224893617021277,0.281706150341686,"Curculionidae","Scolytinae","Pityogenes","Pityogenes hopkinsi","k__Fungi","p__Ascomycota","c__Sareomycetes","o__Sareales","f__Sareaceae","g__Sarea","s__coeloplata","positive"
"Pityogenes hopkinsi","ASV_221",3.45611170178896,0.001,0.0224893617021277,0.281706150341686,"Curculionidae","Scolytinae","Pityogenes","Pityogenes hopkinsi","k__Fungi","p__Ascomycota","c__Dothideomycetes","o__Mycosphaerellales","f__Teratosphaeriaceae","g__Capnobotryella","s__renispora","positive"
"Pityogenes hopkinsi","ASV_307",3.86245864311419,0.001,0.0224893617021277,0.281706150341686,"Curculionidae","Scolytinae","Pityogenes","Pityogenes hopkinsi","k__Fungi","p__Basidiomycota","c__Agaricomycetes","o__Polyporales","f__Irpicaceae","g__Irpex","s__lacteus","positive"
"Pityogenes hopkinsi","ASV_315",3.98498711851889,0.001,0.0224893617021277,0.281706150341686,"Curculionidae","Scolytinae","Pityogenes","Pityogenes hopkinsi","k__Fungi","p__Ascomycota",NA,NA,NA,NA,NA,"positive"
"Pityogenes hopkinsi","ASV_406",3.90150945705246,0.001,0.0224893617021277,0.281706150341686,"Curculionidae","Scolytinae","Pityogenes","Pityogenes hopkinsi","k__Fungi","p__Ascomycota","c__Sordariomycetes","o__Diaporthales","f__Valsaceae","g__Cytospora","s__beilinensis","positive"
"Pityogenes hopkinsi","ASV_430",-3.68726256735656,0.001,0.0224893617021277,0.281706150341686,"Curculionidae","Scolytinae","Pityogenes","Pityogenes hopkinsi","k__Fungi","p__Ascomycota","c__Dothideomycetes","o__Mycosphaerellales","f__Teratosphaeriaceae",NA,NA,"negative"
"Pityogenes hopkinsi","ASV_466",2.80866038150205,0.001,0.0224893617021277,0.281706150341686,"Curculionidae","Scolytinae","Pityogenes","Pityogenes hopkinsi","k__Fungi","p__Ascomycota","c__Dothideomycetes","o__Mycosphaerellales","f__Teratosphaeriaceae","g__Neocatenulostroma",NA,"positive"
"Pityogenes hopkinsi","ASV_508",3.77306316080317,0.001,0.0224893617021277,0.281706150341686,"Curculionidae","Scolytinae","Pityogenes","Pityogenes hopkinsi","k__Fungi","p__Ascomycota","c__Dothideomycetes","o__Pleosporales",NA,NA,NA,"positive"
"Pityogenes hopkinsi","ASV_554",3.77378681495039,0.001,0.0224893617021277,0.281706150341686,"Curculionidae","Scolytinae","Pityogenes","Pityogenes hopkinsi","k__Fungi","p__Ascomycota","c__Dothideomycetes","o__Dothideales","f__Dothideales_fam_Incertae_sedis","g__Dothideales_gen_Incertae_sedis",NA,"positive"
"Pityogenes hopkinsi","ASV_558",3.02704885000633,0.001,0.0224893617021277,0.281706150341686,"Curculionidae","Scolytinae","Pityogenes","Pityogenes hopkinsi","k__Fungi","p__Basidiomycota","c__Agaricomycetes","o__Auriculariales","f__Exidiaceae","g__Exidia",NA,"positive"
"Pityogenes hopkinsi","ASV_586",3.85121871809477,0.001,0.0224893617021277,0.281706150341686,"Curculionidae","Scolytinae","Pityogenes","Pityogenes hopkinsi","k__Fungi","p__Ascomycota","c__Sordariomycetes","o__Diaporthales","f__Valsaceae","g__Cytospora","s__populina","positive"
"Pityogenes hopkinsi","ASV_587",4.19344803285857,0.001,0.0224893617021277,0.281706150341686,"Curculionidae","Scolytinae","Pityogenes","Pityogenes hopkinsi","k__Fungi","p__Ascomycota","c__Leotiomycetes","o__Helotiales","f__Tympanidaceae","g__Tympanis",NA,"positive"
"Pityogenes hopkinsi","ASV_590",-2.8842269748335,0.001,0.0224893617021277,0.281706150341686,"Curculionidae","Scolytinae","Pityogenes","Pityogenes hopkinsi","k__Fungi","p__Ascomycota","c__Leotiomycetes","o__Helotiales","f__Calloriaceae","g__Calloriaceae_gen_Incertae_sedis",NA,"negative"
"Pityogenes hopkinsi","ASV_605",3.05866338728399,0.001,0.0224893617021277,0.281706150341686,"Curculionidae","Scolytinae","Pityogenes","Pityogenes hopkinsi","k__Fungi","p__Basidiomycota","c__Agaricomycetes",NA,NA,NA,NA,"positive"
"Pityogenes hopkinsi","ASV_658",3.80637035080947,0.001,0.0224893617021277,0.281706150341686,"Curculionidae","Scolytinae","Pityogenes","Pityogenes hopkinsi","k__Fungi","p__Ascomycota","c__Sordariomycetes","o__Xylariales","f__Diatrypaceae",NA,NA,"positive"
"Pityogenes hopkinsi","ASV_665",4.48801002359432,0.001,0.0224893617021277,0.281706150341686,"Curculionidae","Scolytinae","Pityogenes","Pityogenes hopkinsi","k__Fungi","p__Basidiomycota","c__Agaricomycetes","o__Polyporales","f__Fomitopsidaceae","g__Piptoporus","s__betulinus","positive"
"Pityogenes hopkinsi","ASV_667",3.9439594712245,0.001,0.0224893617021277,0.281706150341686,"Curculionidae","Scolytinae","Pityogenes","Pityogenes hopkinsi","k__Fungi","p__Ascomycota","c__Sordariomycetes","o__Hypocreales","f__Nectriaceae","g__Nectria","s__cinnabarina","positive"
"Pityogenes hopkinsi","ASV_680",3.1190824978875,0.001,0.0224893617021277,0.281706150341686,"Curculionidae","Scolytinae","Pityogenes","Pityogenes hopkinsi","k__Fungi","p__Ascomycota","c__Dothideomycetes","o__Pleosporales","f__Didymosphaeriaceae","g__Paracamarosporium",NA,"positive"
"Pityogenes hopkinsi","ASV_726",3.44692893153752,0.001,0.0224893617021277,0.281706150341686,"Curculionidae","Scolytinae","Pityogenes","Pityogenes hopkinsi","k__Fungi","p__Ascomycota","c__Dothideomycetes","o__Mycosphaerellales","f__Mycosphaerellaceae","g__Pachyramichloridium","s__pini","positive"
"Pityogenes hopkinsi","ASV_729",3.0982527968997,0.001,0.0224893617021277,0.281706150341686,"Curculionidae","Scolytinae","Pityogenes","Pityogenes hopkinsi","k__Fungi","p__Ascomycota","c__Dothideomycetes",NA,NA,NA,NA,"positive"
"Pityogenes hopkinsi","ASV_734",3.83504050669726,0.001,0.0224893617021277,0.281706150341686,"Curculionidae","Scolytinae","Pityogenes","Pityogenes hopkinsi","k__Fungi","p__Ascomycota",NA,NA,NA,NA,NA,"positive"
"Pityogenes hopkinsi","ASV_736",3.32160939372402,0.001,0.0224893617021277,0.281706150341686,"Curculionidae","Scolytinae","Pityogenes","Pityogenes hopkinsi","k__Fungi","p__Ascomycota","c__Leotiomycetes","o__Helotiales","f__Dermateaceae",NA,NA,"positive"
"Pityogenes hopkinsi","ASV_755",3.43153077968174,0.001,0.0224893617021277,0.281706150341686,"Curculionidae","Scolytinae","Pityogenes","Pityogenes hopkinsi","k__Fungi","p__Ascomycota","c__Leotiomycetes","o__Rhytismatales","f__Rhytismataceae","g__Lophodermium","s__nitens","positive"
"Pityogenes hopkinsi","ASV_778",5.1086912052192,0.001,0.0224893617021277,0.281706150341686,"Curculionidae","Scolytinae","Pityogenes","Pityogenes hopkinsi","k__Fungi","p__Basidiomycota","c__Agaricomycetes","o__Polyporales","f__Cerrenaceae","g__Cerrena","s__aurantiopora","positive"
"Pityogenes hopkinsi","ASV_789",4.79436751753155,0.001,0.0224893617021277,0.281706150341686,"Curculionidae","Scolytinae","Pityogenes","Pityogenes hopkinsi","k__Fungi","p__Basidiomycota","c__Agaricomycetes","o__Agaricales","f__Psathyrellaceae","g__Coprinellus","s__micaceus","positive"
"Pityogenes hopkinsi","ASV_806",3.0624378267788,0.001,0.0224893617021277,0.281706150341686,"Curculionidae","Scolytinae","Pityogenes","Pityogenes hopkinsi","k__Fungi","p__Basidiomycota","c__Agaricomycetes","o__Auriculariales","f__Exidiaceae","g__Exidia","s__glandulosa","positive"
"Pityogenes hopkinsi","ASV_807",3.88493455483187,0.001,0.0224893617021277,0.281706150341686,"Curculionidae","Scolytinae","Pityogenes","Pityogenes hopkinsi","k__Fungi","p__Ascomycota","c__Sordariomycetes","o__Xylariales","f__Diatrypaceae","g__Diatrype","s__stigma","positive"
"Pityogenes hopkinsi","ASV_826",3.75927455369674,0.001,0.0224893617021277,0.281706150341686,"Curculionidae","Scolytinae","Pityogenes","Pityogenes hopkinsi","k__Fungi",NA,NA,NA,NA,NA,NA,"positive"
"Pityogenes hopkinsi","ASV_835",3.36200630769092,0.001,0.0224893617021277,0.281706150341686,"Curculionidae","Scolytinae","Pityogenes","Pityogenes hopkinsi","k__Fungi","p__Ascomycota","c__Leotiomycetes",NA,NA,NA,NA,"positive"
"Pityogenes hopkinsi","ASV_937",3.62891789559711,0.001,0.0224893617021277,0.281706150341686,"Curculionidae","Scolytinae","Pityogenes","Pityogenes hopkinsi","k__Fungi","p__Ascomycota",NA,NA,NA,NA,NA,"positive"
"Pityogenes hopkinsi","ASV_961",4.50256469756438,0.001,0.0224893617021277,0.281706150341686,"Curculionidae","Scolytinae","Pityogenes","Pityogenes hopkinsi","k__Fungi","p__Ascomycota","c__Sareomycetes","o__Sareales","f__Sareaceae","g__Sarea","s__resinae","positive"
"Pityogenes hopkinsi","ASV_998",3.48650285041549,0.001,0.0224893617021277,0.281706150341686,"Curculionidae","Scolytinae","Pityogenes","Pityogenes hopkinsi","k__Fungi","p__Basidiomycota","c__Agaricomycetes","o__Polyporales","f__Irpicaceae","g__Irpex","s__lacteus","positive"
"Pityogenes hopkinsi","ASV_1016",3.21643197900976,0.001,0.0224893617021277,0.281706150341686,"Curculionidae","Scolytinae","Pityogenes","Pityogenes hopkinsi","k__Fungi","p__Basidiomycota","c__Agaricomycetes","o__Polyporales","f__Fomitopsidaceae","g__Piptoporus","s__betulinus","positive"
"Pityogenes hopkinsi","ASV_1024",3.23879465723628,0.001,0.0224893617021277,0.281706150341686,"Curculionidae","Scolytinae","Pityogenes","Pityogenes hopkinsi","k__Fungi","p__Basidiomycota","c__Agaricomycetes","o__Polyporales","f__Polyporaceae","g__Trametes",NA,"positive"
"Pityogenes hopkinsi","ASV_1025",2.88615653736058,0.001,0.0224893617021277,0.281706150341686,"Curculionidae","Scolytinae","Pityogenes","Pityogenes hopkinsi","k__Fungi","p__Ascomycota","c__Dothideomycetes","o__Capnodiales","f__Cladosporiaceae","g__Cladosporium","s__domesticum","positive"
"Pityogenes hopkinsi","ASV_1070",4.50214331303488,0.001,0.0224893617021277,0.281706150341686,"Curculionidae","Scolytinae","Pityogenes","Pityogenes hopkinsi","k__Fungi","p__Ascomycota","c__Dothideomycetes","o__Pleosporales","f__Pleosporales_fam_Incertae_sedis","g__Chaetophoma",NA,"positive"
"Pityogenes hopkinsi","ASV_1083",4.36147940424527,0.001,0.0224893617021277,0.281706150341686,"Curculionidae","Scolytinae","Pityogenes","Pityogenes hopkinsi","k__Fungi","p__Ascomycota","c__Dothideomycetes",NA,NA,NA,NA,"positive"
"Pityogenes hopkinsi","ASV_1128",2.90162951533205,0.001,0.0224893617021277,0.281706150341686,"Curculionidae","Scolytinae","Pityogenes","Pityogenes hopkinsi","k__Fungi","p__Ascomycota",NA,NA,NA,NA,NA,"positive"
"Pityogenes hopkinsi","ASV_1142",5.54143632303922,0.001,0.0224893617021277,0.281706150341686,"Curculionidae","Scolytinae","Pityogenes","Pityogenes hopkinsi","k__Fungi","p__Ascomycota",NA,NA,NA,NA,NA,"positive"
"Pityogenes hopkinsi","ASV_1162",3.86634615843632,0.001,0.0224893617021277,0.281706150341686,"Curculionidae","Scolytinae","Pityogenes","Pityogenes hopkinsi","k__Fungi","p__Ascomycota",NA,NA,NA,NA,NA,"positive"
"Pityogenes hopkinsi","ASV_1172",3.51414184195924,0.001,0.0224893617021277,0.281706150341686,"Curculionidae","Scolytinae","Pityogenes","Pityogenes hopkinsi","k__Fungi","p__Basidiomycota","c__Agaricomycetes","o__Hymenochaetales","f__Rickenellaceae","g__Sidera","s__vulgaris","positive"
"Pityogenes hopkinsi","ASV_1251",4.16920577836695,0.001,0.0224893617021277,0.281706150341686,"Curculionidae","Scolytinae","Pityogenes","Pityogenes hopkinsi","k__Fungi","p__Ascomycota","c__Lecanoromycetes","o__Lecanorales","f__Catillariaceae","g__Catillaria","s__chalybeia","positive"
"Pityogenes hopkinsi","ASV_1316",5.33783568309563,0.001,0.0224893617021277,0.281706150341686,"Curculionidae","Scolytinae","Pityogenes","Pityogenes hopkinsi","k__Fungi","p__Ascomycota","c__Sareomycetes","o__Sareales","f__Sareaceae","g__Sarea","s__resinae","positive"
"Pityogenes hopkinsi","ASV_1370",-4.21932585192515,0.001,0.0224893617021277,0.281706150341686,"Curculionidae","Scolytinae","Pityogenes","Pityogenes hopkinsi","k__Fungi","p__Ascomycota","c__Dothideomycetes","o__Pleosporales",NA,NA,NA,"negative"
"Pityogenes hopkinsi","ASV_1387",4.02193924201427,0.001,0.0224893617021277,0.281706150341686,"Curculionidae","Scolytinae","Pityogenes","Pityogenes hopkinsi","k__Fungi","p__Ascomycota","c__Dothideomycetes","o__Mytilinidiales","f__Mytilinidiaceae","g__Mytilinidion","s__insulare","positive"
"Pityogenes hopkinsi","ASV_1475",3.81588288359093,0.001,0.0224893617021277,0.281706150341686,"Curculionidae","Scolytinae","Pityogenes","Pityogenes hopkinsi","k__Fungi","p__Ascomycota","c__Sordariomycetes","o__Hypocreales","f__Nectriaceae","g__Thyronectria",NA,"positive"
"Pityogenes hopkinsi","ASV_1477",3.32829862025867,0.001,0.0224893617021277,0.281706150341686,"Curculionidae","Scolytinae","Pityogenes","Pityogenes hopkinsi","k__Fungi","p__Basidiomycota","c__Exobasidiomycetes","o__Exobasidiales","f__Exobasidiaceae","g__Exobasidium",NA,"positive"
"Pityogenes hopkinsi","ASV_1494",4.58487329258365,0.001,0.0224893617021277,0.281706150341686,"Curculionidae","Scolytinae","Pityogenes","Pityogenes hopkinsi","k__Fungi","p__Basidiomycota","c__Agaricomycetes","o__Polyporales","f__Polyporaceae","g__Trametes","s__gibbosa","positive"
"Pityogenes hopkinsi","ASV_1497",3.9923045096145,0.001,0.0224893617021277,0.281706150341686,"Curculionidae","Scolytinae","Pityogenes","Pityogenes hopkinsi","k__Fungi","p__Ascomycota","c__Sordariomycetes","o__Diaporthales","f__Valsaceae","g__Cytospora",NA,"positive"
"Pityogenes hopkinsi","ASV_1563",3.80782249692944,0.001,0.0224893617021277,0.281706150341686,"Curculionidae","Scolytinae","Pityogenes","Pityogenes hopkinsi","k__Fungi","p__Ascomycota","c__Sordariomycetes","o__Calosphaeriales","f__Calosphaeriaceae","g__Jattaea",NA,"positive"
"Pityogenes hopkinsi","ASV_1631",3.32151954937773,0.001,0.0224893617021277,0.281706150341686,"Curculionidae","Scolytinae","Pityogenes","Pityogenes hopkinsi","k__Fungi",NA,NA,NA,NA,NA,NA,"positive"
"Pityogenes hopkinsi","ASV_1671",3.61005512544468,0.001,0.0224893617021277,0.281706150341686,"Curculionidae","Scolytinae","Pityogenes","Pityogenes hopkinsi","k__Fungi","p__Ascomycota","c__Sordariomycetes","o__Xylariales","f__Diatrypaceae",NA,NA,"positive"
"Pityogenes hopkinsi","ASV_1678",3.5424048386346,0.001,0.0224893617021277,0.281706150341686,"Curculionidae","Scolytinae","Pityogenes","Pityogenes hopkinsi","k__Fungi","p__Ascomycota","c__Dothideomycetes","o__Pleosporales",NA,NA,NA,"positive"
"Pityogenes hopkinsi","ASV_1681",6.69971150174852,0.001,0.0224893617021277,0.281706150341686,"Curculionidae","Scolytinae","Pityogenes","Pityogenes hopkinsi","k__Fungi","p__Ascomycota","c__Leotiomycetes","o__Rhytismatales","f__Rhytismataceae","g__Lophodermium","s__nitens","positive"
"Pityogenes hopkinsi","ASV_1718",3.35788785821422,0.001,0.0224893617021277,0.281706150341686,"Curculionidae","Scolytinae","Pityogenes","Pityogenes hopkinsi","k__Fungi","p__Basidiomycota","c__Cystobasidiomycetes","o__Cystobasidiomycetes_ord_Incertae_sedis","f__Cystobasidiomycetes_fam_Incertae_sedis","g__Cystobasidiomycetes_gen_Incertae_sedis",NA,"positive"
"Pityogenes hopkinsi","ASV_1720",-3.68292748807476,0.001,0.0224893617021277,0.281706150341686,"Curculionidae","Scolytinae","Pityogenes","Pityogenes hopkinsi","k__Fungi","p__Ascomycota","c__Leotiomycetes","o__Rhytismatales",NA,NA,NA,"negative"
"Pityogenes hopkinsi","ASV_1728",3.68784639222553,0.001,0.0224893617021277,0.281706150341686,"Curculionidae","Scolytinae","Pityogenes","Pityogenes hopkinsi","k__Fungi","p__Basidiomycota","c__Exobasidiomycetes","o__Exobasidiales","f__Exobasidiaceae","g__Exobasidium",NA,"positive"
"Pityogenes hopkinsi","ASV_1772",3.48915916827782,0.001,0.0224893617021277,0.281706150341686,"Curculionidae","Scolytinae","Pityogenes","Pityogenes hopkinsi","k__Fungi","p__Ascomycota","c__Dothideomycetes","o__Capnodiales","f__Capnodiales_fam_Incertae_sedis","g__Arthrocatena",NA,"positive"
"Pityogenes hopkinsi","ASV_1779",3.7064230173059,0.001,0.0224893617021277,0.281706150341686,"Curculionidae","Scolytinae","Pityogenes","Pityogenes hopkinsi","k__Fungi","p__Ascomycota","c__Dothideomycetes","o__Pleosporales","f__Pleosporales_fam_Incertae_sedis","g__Chaetophoma",NA,"positive"
"Pityogenes hopkinsi","ASV_1820",5.80893490446261,0.001,0.0224893617021277,0.281706150341686,"Curculionidae","Scolytinae","Pityogenes","Pityogenes hopkinsi","k__Fungi","p__Basidiomycota","c__Agaricomycetes","o__Hymenochaetales","f__Rickenellaceae","g__Resinicium","s__bicolor","positive"
"Pityogenes hopkinsi","ASV_1826",4.40248485964677,0.001,0.0224893617021277,0.281706150341686,"Curculionidae","Scolytinae","Pityogenes","Pityogenes hopkinsi","k__Fungi","p__Basidiomycota","c__Agaricomycetes","o__Polyporales","f__Phanerochaetaceae","g__Bjerkandera","s__adusta","positive"
"Pityogenes hopkinsi","ASV_1860",4.52230311004069,0.001,0.0224893617021277,0.281706150341686,"Curculionidae","Scolytinae","Pityogenes","Pityogenes hopkinsi","k__Fungi","p__Ascomycota","c__Sordariomycetes","o__Xylariales","f__Diatrypaceae","g__Diatrype","s__virescens","positive"
"Pityogenes hopkinsi","ASV_1876",-2.93506700191945,0.001,0.0224893617021277,0.281706150341686,"Curculionidae","Scolytinae","Pityogenes","Pityogenes hopkinsi","k__Fungi","p__Basidiomycota","c__Tremellomycetes","o__Filobasidiales","f__Filobasidiaceae","g__Naganishia","s__albida","negative"
"Pityogenes hopkinsi","ASV_1891",4.14948787466631,0.001,0.0224893617021277,0.281706150341686,"Curculionidae","Scolytinae","Pityogenes","Pityogenes hopkinsi","k__Fungi","p__Ascomycota","c__Sordariomycetes","o__Diaporthales","f__Valsaceae","g__Cytospora",NA,"positive"
"Pityogenes hopkinsi","ASV_1912",3.44842918937095,0.001,0.0224893617021277,0.281706150341686,"Curculionidae","Scolytinae","Pityogenes","Pityogenes hopkinsi","k__Fungi",NA,NA,NA,NA,NA,NA,"positive"
"Pityogenes hopkinsi","ASV_1923",4.46165225874628,0.001,0.0224893617021277,0.281706150341686,"Curculionidae","Scolytinae","Pityogenes","Pityogenes hopkinsi","k__Fungi","p__Ascomycota","c__Leotiomycetes","o__Helotiales","f__Helotiaceae","g__Claussenomyces","s__olivaceus","positive"
"Pityogenes hopkinsi","ASV_1977",5.11636610491123,0.001,0.0224893617021277,0.281706150341686,"Curculionidae","Scolytinae","Pityogenes","Pityogenes hopkinsi","k__Fungi","p__Basidiomycota","c__Agaricomycetes","o__Polyporales","f__Phanerochaetaceae","g__Bjerkandera","s__adusta","positive"
"Pityogenes hopkinsi","ASV_2013",4.3808929936664,0.001,0.0224893617021277,0.281706150341686,"Curculionidae","Scolytinae","Pityogenes","Pityogenes hopkinsi","k__Fungi",NA,NA,NA,NA,NA,NA,"positive"
"Pityogenes hopkinsi","ASV_2027",-2.6613567539479,0.001,0.0224893617021277,0.281706150341686,"Curculionidae","Scolytinae","Pityogenes","Pityogenes hopkinsi","k__Fungi","p__Ascomycota","c__Eurotiomycetes","o__Chaetothyriales","f__Trichomeriaceae","g__Trichomerium",NA,"negative"
"Pityogenes hopkinsi","ASV_2102",-3.97756564018167,0.001,0.0224893617021277,0.281706150341686,"Curculionidae","Scolytinae","Pityogenes","Pityogenes hopkinsi","k__Fungi","p__Basidiomycota","c__Tremellomycetes","o__Tremellales","f__Tremellaceae","g__Tremella","s__globispora","negative"
"Pityogenes hopkinsi","ASV_2134",3.10167070028136,0.001,0.0224893617021277,0.281706150341686,"Curculionidae","Scolytinae","Pityogenes","Pityogenes hopkinsi","k__Fungi","p__Basidiomycota","c__Exobasidiomycetes","o__Exobasidiales","f__Exobasidiaceae","g__Exobasidium","s__woronichinii","positive"
"Pityogenes hopkinsi","ASV_2272",3.80861158038615,0.001,0.0224893617021277,0.281706150341686,"Curculionidae","Scolytinae","Pityogenes","Pityogenes hopkinsi","k__Fungi","p__Ascomycota","c__Sordariomycetes","o__Xylariales","f__Lopadostomataceae","g__Lopadostoma",NA,"positive"
"Pityogenes hopkinsi","ASV_2373",3.15713403648391,0.001,0.0224893617021277,0.281706150341686,"Curculionidae","Scolytinae","Pityogenes","Pityogenes hopkinsi","k__Fungi","p__Basidiomycota","c__Agaricomycetes","o__Polyporales","f__Fomitopsidaceae","g__Cinereomyces","s__lindbladii","positive"
"Pityogenes hopkinsi","ASV_2380",4.44732882738452,0.001,0.0224893617021277,0.281706150341686,"Curculionidae","Scolytinae","Pityogenes","Pityogenes hopkinsi","k__Fungi","p__Basidiomycota","c__Agaricomycetes","o__Polyporales","f__Fomitopsidaceae","g__Fomitopsis","s__pinicola","positive"
"Pityogenes hopkinsi","ASV_2432",5.36254484069203,0.001,0.0224893617021277,0.281706150341686,"Curculionidae","Scolytinae","Pityogenes","Pityogenes hopkinsi","k__Fungi","p__Ascomycota","c__Dothideomycetes","o__Dothideales","f__Dothideaceae","g__Celosporium",NA,"positive"
"Pityogenes hopkinsi","ASV_2450",4.74080553673713,0.001,0.0224893617021277,0.281706150341686,"Curculionidae","Scolytinae","Pityogenes","Pityogenes hopkinsi","k__Fungi","p__Basidiomycota","c__Agaricomycetes","o__Auriculariales","f__Exidiaceae","g__Exidia",NA,"positive"
"Pityogenes hopkinsi","ASV_2521",-3.8261817056838,0.001,0.0224893617021277,0.281706150341686,"Curculionidae","Scolytinae","Pityogenes","Pityogenes hopkinsi","k__Fungi","p__Ascomycota","c__Eurotiomycetes","o__Chaetothyriales","f__Herpotrichiellaceae","g__Melanchlenus",NA,"negative"
"Pityogenes hopkinsi","ASV_2593",4.07613886405242,0.001,0.0224893617021277,0.281706150341686,"Curculionidae","Scolytinae","Pityogenes","Pityogenes hopkinsi","k__Fungi","p__Ascomycota","c__Sordariomycetes","o__Diaporthales","f__Valsaceae","g__Valsa",NA,"positive"
"Pityogenes hopkinsi","ASV_2687",-3.82389513417705,0.001,0.0224893617021277,0.281706150341686,"Curculionidae","Scolytinae","Pityogenes","Pityogenes hopkinsi","k__Fungi","p__Basidiomycota","c__Tremellomycetes","o__Tremellales","f__Trimorphomycetaceae","g__Trimorphomyces",NA,"negative"
"Pityogenes hopkinsi","ASV_2737",-3.13668142489119,0.001,0.0224893617021277,0.281706150341686,"Curculionidae","Scolytinae","Pityogenes","Pityogenes hopkinsi","k__Fungi","p__Ascomycota","c__Dothideomycetes","o__Myriangiales","f__Endosporiaceae","g__Endosporium",NA,"negative"
"Pityogenes hopkinsi","ASV_2741",4.56345265408158,0.001,0.0224893617021277,0.281706150341686,"Curculionidae","Scolytinae","Pityogenes","Pityogenes hopkinsi","k__Fungi","p__Ascomycota","c__Sordariomycetes","o__Diaporthales","f__Valsaceae","g__Cytospora",NA,"positive"
"Pityogenes hopkinsi","ASV_2871",-3.72448645255412,0.001,0.0224893617021277,0.281706150341686,"Curculionidae","Scolytinae","Pityogenes","Pityogenes hopkinsi","k__Fungi","p__Basidiomycota","c__Agaricomycetes","o__Agaricales","f__Mycenaceae","g__Mycena","s__abramsii","negative"
"Pityogenes hopkinsi","ASV_3009",-2.78771648756545,0.001,0.0224893617021277,0.281706150341686,"Curculionidae","Scolytinae","Pityogenes","Pityogenes hopkinsi","k__Fungi","p__Ascomycota","c__Dothideomycetes","o__Pleosporales","f__Cucurbitariaceae","g__Parafenestella","s__salicis","negative"
"Pityogenes hopkinsi","ASV_3032",-3.06416238067114,0.001,0.0224893617021277,0.281706150341686,"Curculionidae","Scolytinae","Pityogenes","Pityogenes hopkinsi","k__Fungi","p__Ascomycota",NA,NA,NA,NA,NA,"negative"
"Pityogenes hopkinsi","ASV_3108",4.30885973310312,0.001,0.0224893617021277,0.281706150341686,"Curculionidae","Scolytinae","Pityogenes","Pityogenes hopkinsi","k__Fungi","p__Basidiomycota","c__Agaricomycetes","o__Polyporales","f__Phanerochaetaceae","g__Bjerkandera","s__adusta","positive"
"Pityogenes hopkinsi","ASV_3163",-3.39769413177067,0.001,0.0224893617021277,0.281706150341686,"Curculionidae","Scolytinae","Pityogenes","Pityogenes hopkinsi","k__Fungi","p__Basidiomycota","c__Cystobasidiomycetes","o__Cystobasidiales","f__Cystobasidiaceae","g__Cystobasidium",NA,"negative"
"Pityogenes hopkinsi","ASV_3169",6.0297443609369,0.001,0.0224893617021277,0.281706150341686,"Curculionidae","Scolytinae","Pityogenes","Pityogenes hopkinsi","k__Fungi","p__Ascomycota","c__Arthoniomycetes","o__Lichenostigmatales","f__Phaeococcomycetaceae","g__Phaeococcomycetaceae_gen_Incertae_sedis",NA,"positive"
"Pityogenes hopkinsi","ASV_3208",5.64898793763115,0.001,0.0224893617021277,0.281706150341686,"Curculionidae","Scolytinae","Pityogenes","Pityogenes hopkinsi","k__Fungi","p__Ascomycota","c__Leotiomycetes","o__Helotiales",NA,NA,NA,"positive"
"Pityogenes hopkinsi","ASV_3257",-2.42917677303901,0.001,0.0224893617021277,0.281706150341686,"Curculionidae","Scolytinae","Pityogenes","Pityogenes hopkinsi","k__Fungi","p__Ascomycota","c__Leotiomycetes","o__Helotiales","f__Chaetomellaceae","g__Chaetomella","s__oblonga","negative"
"Pityogenes hopkinsi","ASV_3414",-4.25897038847148,0.001,0.0224893617021277,0.281706150341686,"Curculionidae","Scolytinae","Pityogenes","Pityogenes hopkinsi","k__Fungi","p__Ascomycota","c__Dothideomycetes","o__Pleosporales","f__Sporormiaceae","g__Preussia","s__tetramera","negative"
"Pityogenes hopkinsi","ASV_3421",3.62946286010383,0.001,0.0224893617021277,0.281706150341686,"Curculionidae","Scolytinae","Pityogenes","Pityogenes hopkinsi","k__Fungi","p__Ascomycota","c__Leotiomycetes","o__Helotiales",NA,NA,NA,"positive"
"Pityogenes hopkinsi","ASV_3582",3.45293458547902,0.001,0.0224893617021277,0.281706150341686,"Curculionidae","Scolytinae","Pityogenes","Pityogenes hopkinsi","k__Fungi","p__Basidiomycota","c__Agaricomycetes","o__Gloeophyllales","f__Gloeophyllaceae","g__Gloeophyllum","s__sepiarium","positive"
"Pityogenes hopkinsi","ASV_3677",-3.15844001839951,0.001,0.0224893617021277,0.281706150341686,"Curculionidae","Scolytinae","Pityogenes","Pityogenes hopkinsi","k__Fungi","p__Ascomycota",NA,NA,NA,NA,NA,"negative"
"Pityogenes hopkinsi","ASV_3806",3.44784873178937,0.001,0.0224893617021277,0.281706150341686,"Curculionidae","Scolytinae","Pityogenes","Pityogenes hopkinsi","k__Fungi","p__Basidiomycota","c__Agaricomycetes","o__Corticiales","f__Corticiaceae","g__Mycobernardia","s__incrustans","positive"
"Pityogenes hopkinsi","ASV_3891",-3.68002735646577,0.001,0.0224893617021277,0.281706150341686,"Curculionidae","Scolytinae","Pityogenes","Pityogenes hopkinsi","k__Fungi","p__Ascomycota",NA,NA,NA,NA,NA,"negative"
"Pityogenes hopkinsi","ASV_3987",4.75744165733187,0.001,0.0224893617021277,0.281706150341686,"Curculionidae","Scolytinae","Pityogenes","Pityogenes hopkinsi","k__Fungi","p__Basidiomycota","c__Agaricomycetes","o__Hymenochaetales","f__Tubulicrinaceae","g__Tubulicrinis","s__subulatus","positive"
"Pityogenes hopkinsi","ASV_3997",-4.01124516005419,0.001,0.0224893617021277,0.281706150341686,"Curculionidae","Scolytinae","Pityogenes","Pityogenes hopkinsi","k__Fungi","p__Ascomycota",NA,NA,NA,NA,NA,"negative"
"Pityogenes hopkinsi","ASV_4039",-3.27312162771673,0.001,0.0224893617021277,0.281706150341686,"Curculionidae","Scolytinae","Pityogenes","Pityogenes hopkinsi","k__Fungi","p__Basidiomycota","c__Exobasidiomycetes","o__Microstromatales","f__Microstromatales_fam_Incertae_sedis","g__Pseudomicrostroma","s__phylloplanum","negative"
"Pityogenes hopkinsi","ASV_4065",-2.70506804162553,0.001,0.0224893617021277,0.281706150341686,"Curculionidae","Scolytinae","Pityogenes","Pityogenes hopkinsi","k__Fungi","p__Basidiomycota","c__Agaricomycetes","o__Agaricales","f__Pleurotaceae","g__Pleurotus","s__populinus","negative"
"Pityogenes hopkinsi","ASV_4216",-3.25697414528618,0.001,0.0224893617021277,0.281706150341686,"Curculionidae","Scolytinae","Pityogenes","Pityogenes hopkinsi","k__Fungi","p__Ascomycota","c__Dothideomycetes","o__Pleosporales","f__Didymosphaeriaceae","g__Paracamarosporium",NA,"negative"
"Pityogenes hopkinsi","ASV_4255",3.89057899201248,0.001,0.0224893617021277,0.281706150341686,"Curculionidae","Scolytinae","Pityogenes","Pityogenes hopkinsi","k__Fungi","p__Ascomycota",NA,NA,NA,NA,NA,"positive"
"Pityogenes hopkinsi","ASV_4276",-2.37103390921723,0.001,0.0224893617021277,0.281706150341686,"Curculionidae","Scolytinae","Pityogenes","Pityogenes hopkinsi","k__Fungi","p__Ascomycota","c__Eurotiomycetes","o__Chaetothyriales","f__Trichomeriaceae",NA,NA,"negative"
"Pityogenes hopkinsi","ASV_4291",-2.68599869601557,0.001,0.0224893617021277,0.281706150341686,"Curculionidae","Scolytinae","Pityogenes","Pityogenes hopkinsi","k__Fungi","p__Ascomycota","c__Dothideomycetes","o__Pleosporales","f__Cucurbitariaceae","g__Neocucurbitaria","s__quercina","negative"
"Pityogenes hopkinsi","ASV_4296",-3.84730575311352,0.001,0.0224893617021277,0.281706150341686,"Curculionidae","Scolytinae","Pityogenes","Pityogenes hopkinsi","k__Fungi",NA,NA,NA,NA,NA,NA,"negative"
"Pityogenes hopkinsi","ASV_4376",-3.3401663005886,0.001,0.0224893617021277,0.281706150341686,"Curculionidae","Scolytinae","Pityogenes","Pityogenes hopkinsi","k__Fungi","p__Ascomycota",NA,NA,NA,NA,NA,"negative"
"Pityogenes hopkinsi","ASV_4795",-4.08133112770243,0.001,0.0224893617021277,0.281706150341686,"Curculionidae","Scolytinae","Pityogenes","Pityogenes hopkinsi","k__Fungi","p__Ascomycota",NA,NA,NA,NA,NA,"negative"
"Pityogenes hopkinsi","ASV_4859",-3.73153792833547,0.001,0.0224893617021277,0.281706150341686,"Curculionidae","Scolytinae","Pityogenes","Pityogenes hopkinsi","k__Fungi","p__Ascomycota","c__Dothideomycetes","o__Dothideales","f__Saccotheciaceae","g__Aureobasidium",NA,"negative"
"Pityogenes hopkinsi","ASV_4975",4.08229149047391,0.001,0.0224893617021277,0.281706150341686,"Curculionidae","Scolytinae","Pityogenes","Pityogenes hopkinsi","k__Fungi","p__Ascomycota","c__Sordariomycetes","o__Diaporthales","f__Gnomoniaceae","g__Ophiognomonia","s__rosae","positive"
"Pityogenes hopkinsi","ASV_4990",-3.6407450538087,0.001,0.0224893617021277,0.281706150341686,"Curculionidae","Scolytinae","Pityogenes","Pityogenes hopkinsi","k__Fungi","p__Ascomycota","c__Dothideomycetes","o__Dothideales","f__Saccotheciaceae","g__Aureobasidium","s__pullulans","negative"
"Pityogenes hopkinsi","ASV_5115",-2.44601340307521,0.001,0.0224893617021277,0.281706150341686,"Curculionidae","Scolytinae","Pityogenes","Pityogenes hopkinsi","k__Fungi","p__Ascomycota","c__Saccharomycetes","o__Saccharomycetales","f__Phaffomycetaceae","g__Wickerhamomyces","s__alni","negative"
"Pityogenes hopkinsi","ASV_5285",-3.43724650840482,0.001,0.0224893617021277,0.281706150341686,"Curculionidae","Scolytinae","Pityogenes","Pityogenes hopkinsi","k__Fungi","p__Ascomycota","c__Taphrinomycetes","o__Taphrinales","f__Taphrinaceae","g__Taphrina",NA,"negative"
"Pityogenes hopkinsi","ASV_5297",-3.85462215281279,0.001,0.0224893617021277,0.281706150341686,"Curculionidae","Scolytinae","Pityogenes","Pityogenes hopkinsi","k__Fungi","p__Ascomycota",NA,NA,NA,NA,NA,"negative"
"Pityogenes hopkinsi","ASV_5330",-2.29262868250555,0.001,0.0224893617021277,0.281706150341686,"Curculionidae","Scolytinae","Pityogenes","Pityogenes hopkinsi","k__Fungi","p__Ascomycota","c__Dothideomycetes","o__Dothideales","f__Saccotheciaceae","g__Aureobasidium","s__pullulans","negative"
"Pityogenes hopkinsi","ASV_5503",3.70736713517941,0.001,0.0224893617021277,0.281706150341686,"Curculionidae","Scolytinae","Pityogenes","Pityogenes hopkinsi","k__Fungi","p__Ascomycota","c__Lecanoromycetes","o__Lecanorales","f__Lecanoraceae","g__Lecidella","s__albida","positive"
"Pityogenes hopkinsi","ASV_5511",-3.51440420745559,0.001,0.0224893617021277,0.281706150341686,"Curculionidae","Scolytinae","Pityogenes","Pityogenes hopkinsi","k__Fungi","p__Ascomycota","c__Dothideomycetes","o__Dothideales","f__Saccotheciaceae","g__Aureobasidium","s__pullulans","negative"
"Pityogenes hopkinsi","ASV_5535",-3.78737551437015,0.001,0.0224893617021277,0.281706150341686,"Curculionidae","Scolytinae","Pityogenes","Pityogenes hopkinsi","k__Fungi","p__Ascomycota","c__Eurotiomycetes","o__Chaetothyriales","f__Herpotrichiellaceae","g__Aculeata",NA,"negative"
"Pityogenes hopkinsi","ASV_5562",-3.24702044715478,0.001,0.0224893617021277,0.281706150341686,"Curculionidae","Scolytinae","Pityogenes","Pityogenes hopkinsi","k__Fungi",NA,NA,NA,NA,NA,NA,"negative"
"Pityogenes hopkinsi","ASV_5575",4.10279963109772,0.001,0.0224893617021277,0.281706150341686,"Curculionidae","Scolytinae","Pityogenes","Pityogenes hopkinsi","k__Fungi","p__Basidiomycota","c__Agaricomycetes","o__Polyporales","f__Polyporaceae","g__Daedaleopsis","s__confragosa","positive"
"Pityogenes hopkinsi","ASV_5578",4.79476341560917,0.001,0.0224893617021277,0.281706150341686,"Curculionidae","Scolytinae","Pityogenes","Pityogenes hopkinsi","k__Fungi","p__Basidiomycota","c__Agaricomycetes","o__Hymenochaetales","f__Hymenochaetaceae","g__Phellinus","s__piceicola","positive"
"Pityogenes hopkinsi","ASV_5727",-3.98151141997131,0.001,0.0224893617021277,0.281706150341686,"Curculionidae","Scolytinae","Pityogenes","Pityogenes hopkinsi","k__Fungi","p__Ascomycota","c__Dothideomycetes","o__Pleosporales","f__Cucurbitariaceae","g__Allocucurbitaria","s__botulispora","negative"
"Pityogenes hopkinsi","ASV_5855",3.57486474779821,0.001,0.0224893617021277,0.281706150341686,"Curculionidae","Scolytinae","Pityogenes","Pityogenes hopkinsi","k__Fungi","p__Ascomycota","c__Dothideomycetes","o__Pleosporales",NA,NA,NA,"positive"
"Pityogenes hopkinsi","ASV_5910",-3.57452527427197,0.001,0.0224893617021277,0.281706150341686,"Curculionidae","Scolytinae","Pityogenes","Pityogenes hopkinsi","k__Fungi","p__Ascomycota","c__Dothideomycetes","o__Pleosporales","f__Cucurbitariaceae",NA,NA,"negative"
"Pityogenes hopkinsi","ASV_6032",-3.19128130661163,0.001,0.0224893617021277,0.281706150341686,"Curculionidae","Scolytinae","Pityogenes","Pityogenes hopkinsi","k__Fungi","p__Basidiomycota","c__Tremellomycetes","o__Tremellales","f__Bulleribasidiaceae","g__Vishniacozyma",NA,"negative"
"Pityogenes hopkinsi","ASV_6125",3.32935462155431,0.001,0.0224893617021277,0.281706150341686,"Curculionidae","Scolytinae","Pityogenes","Pityogenes hopkinsi","k__Fungi","p__Ascomycota","c__Dothideomycetes","o__Venturiales","f__Venturiaceae","g__Venturia",NA,"positive"
"Pityogenes hopkinsi","ASV_6148",3.28224544458749,0.001,0.0224893617021277,0.281706150341686,"Curculionidae","Scolytinae","Pityogenes","Pityogenes hopkinsi","k__Fungi","p__Ascomycota","c__Dothideomycetes","o__Pleosporales","f__Lophiotremataceae","g__Atrocalyx","s__nordicus","positive"
"Pityogenes hopkinsi","ASV_6200",-4.49275484488918,0.001,0.0224893617021277,0.281706150341686,"Curculionidae","Scolytinae","Pityogenes","Pityogenes hopkinsi","k__Fungi","p__Basidiomycota","c__Agaricomycetes","o__Hymenochaetales","f__Schizoporaceae","g__Xylodon","s__rimosissimus","negative"
"Pityogenes hopkinsi","ASV_6245",-3.79731469904527,0.001,0.0224893617021277,0.281706150341686,"Curculionidae","Scolytinae","Pityogenes","Pityogenes hopkinsi","k__Fungi","p__Ascomycota",NA,NA,NA,NA,NA,"negative"
"Pityogenes hopkinsi","ASV_6286",-3.80077448184192,0.001,0.0224893617021277,0.281706150341686,"Curculionidae","Scolytinae","Pityogenes","Pityogenes hopkinsi","k__Fungi","p__Ascomycota","c__Dothideomycetes","o__Dothideales","f__Dothideaceae",NA,NA,"negative"
"Pityogenes hopkinsi","ASV_6312",-3.30108039600346,0.001,0.0224893617021277,0.281706150341686,"Curculionidae","Scolytinae","Pityogenes","Pityogenes hopkinsi","k__Fungi","p__Ascomycota","c__Leotiomycetes","o__Helotiales","f__Helotiales_fam_Incertae_sedis","g__Cryptocline","s__arctostaphyli","negative"
"Pityogenes hopkinsi","ASV_6331",6.16959759603607,0.001,0.0224893617021277,0.281706150341686,"Curculionidae","Scolytinae","Pityogenes","Pityogenes hopkinsi","k__Fungi","p__Ascomycota","c__Sordariomycetes","o__Xylariales","f__Graphostromataceae","g__Graphostroma",NA,"positive"
"Pityogenes hopkinsi","ASV_6349",4.34369024534914,0.001,0.0224893617021277,0.281706150341686,"Curculionidae","Scolytinae","Pityogenes","Pityogenes hopkinsi","k__Fungi","p__Ascomycota","c__Sordariomycetes","o__Diaporthales","f__Melanconiellaceae","g__Microascospora",NA,"positive"
"Pityogenes hopkinsi","ASV_6388",-3.83249536133698,0.001,0.0224893617021277,0.281706150341686,"Curculionidae","Scolytinae","Pityogenes","Pityogenes hopkinsi","k__Fungi","p__Ascomycota","c__Dothideomycetes","o__Pleosporales","f__Didymellaceae","g__Phoma","s__laundoniae","negative"
"Pityogenes hopkinsi","ASV_6665",-2.70523650571688,0.001,0.0224893617021277,0.281706150341686,"Curculionidae","Scolytinae","Pityogenes","Pityogenes hopkinsi","k__Fungi","p__Ascomycota","c__Dothideomycetes","o__Dothideales","f__Saccotheciaceae","g__Aureobasidium",NA,"negative"
"Pityogenes hopkinsi","ASV_6711",-3.24994739633649,0.001,0.0224893617021277,0.281706150341686,"Curculionidae","Scolytinae","Pityogenes","Pityogenes hopkinsi","k__Fungi","p__Ascomycota","c__Dothideomycetes","o__Dothideales","f__Dothioraceae","g__Dothiora",NA,"negative"
"Pityogenes hopkinsi","ASV_6747",-3.3878994136629,0.001,0.0224893617021277,0.281706150341686,"Curculionidae","Scolytinae","Pityogenes","Pityogenes hopkinsi","k__Fungi","p__Basidiomycota","c__Tremellomycetes","o__Tremellales","f__Bulleraceae","g__Fonsecazyma",NA,"negative"
"Pityogenes hopkinsi","ASV_6926",3.24723804319157,0.001,0.0224893617021277,0.281706150341686,"Curculionidae","Scolytinae","Pityogenes","Pityogenes hopkinsi","k__Fungi","p__Basidiomycota","c__Agaricomycetes","o__Polyporales","f__Polyporales_fam_Incertae_sedis","g__Diplomitoporus","s__crustulinus","positive"
"Pityogenes hopkinsi","ASV_7334",-3.67570323036442,0.001,0.0224893617021277,0.281706150341686,"Curculionidae","Scolytinae","Pityogenes","Pityogenes hopkinsi","k__Fungi","p__Basidiomycota","c__Agaricomycetes","o__Agaricales","f__Mycenaceae","g__Mycena",NA,"negative"
"Pityogenes hopkinsi","ASV_7414",5.15389084421873,0.001,0.0224893617021277,0.281706150341686,"Curculionidae","Scolytinae","Pityogenes","Pityogenes hopkinsi","k__Fungi","p__Basidiomycota","c__Agaricomycetes","o__Polyporales","f__Polyporaceae","g__Rhodonia","s__placenta","positive"
"Pityogenes hopkinsi","ASV_7445",-3.94769202630589,0.001,0.0224893617021277,0.281706150341686,"Curculionidae","Scolytinae","Pityogenes","Pityogenes hopkinsi","k__Fungi","p__Ascomycota","c__Dothideomycetes","o__Myriangiales","f__Endosporiaceae","g__Endosporium",NA,"negative"
"Pityogenes hopkinsi","ASV_7449",-3.36528714044723,0.001,0.0224893617021277,0.281706150341686,"Curculionidae","Scolytinae","Pityogenes","Pityogenes hopkinsi","k__Fungi","p__Ascomycota","c__Dothideomycetes","o__Mycosphaerellales","f__Teratosphaeriaceae",NA,NA,"negative"
"Pityogenes hopkinsi","ASV_7631",-3.85213068273807,0.001,0.0224893617021277,0.281706150341686,"Curculionidae","Scolytinae","Pityogenes","Pityogenes hopkinsi","k__Fungi","p__Ascomycota","c__Dothideomycetes","o__Dothideales","f__Aureobasidiaceae","g__Kabatiella",NA,"negative"
"Pityogenes hopkinsi","ASV_7659",4.16686255502376,0.001,0.0224893617021277,0.281706150341686,"Curculionidae","Scolytinae","Pityogenes","Pityogenes hopkinsi","k__Fungi","p__Ascomycota","c__Sordariomycetes","o__Togniniales","f__Togniniaceae","g__Phaeoacremonium","s__angustius","positive"
"Pityogenes hopkinsi","ASV_7704",-3.709075491262,0.001,0.0224893617021277,0.281706150341686,"Curculionidae","Scolytinae","Pityogenes","Pityogenes hopkinsi","k__Fungi","p__Ascomycota","c__Eurotiomycetes","o__Chaetothyriales","f__Herpotrichiellaceae","g__Rhinocladiella","s__quercus","negative"
"Pityogenes hopkinsi","ASV_8039",-3.58806634850467,0.001,0.0224893617021277,0.281706150341686,"Curculionidae","Scolytinae","Pityogenes","Pityogenes hopkinsi","k__Fungi","p__Basidiomycota","c__Agaricomycetes","o__Russulales","f__Peniophoraceae","g__Peniophora",NA,"negative"
"Pityogenes hopkinsi","ASV_8063",-3.30993261654255,0.001,0.0224893617021277,0.281706150341686,"Curculionidae","Scolytinae","Pityogenes","Pityogenes hopkinsi","k__Fungi","p__Ascomycota","c__Dothideomycetes","o__Dothideales","f__Saccotheciaceae","g__Aureobasidium",NA,"negative"
"Pityogenes hopkinsi","ASV_8116",2.62441272529253,0.001,0.0224893617021277,0.281706150341686,"Curculionidae","Scolytinae","Pityogenes","Pityogenes hopkinsi","k__Fungi","p__Basidiomycota","c__Agaricomycetes","o__Polyporales","f__Meruliaceae","g__Phlebia","s__subserialis","positive"
"Pityogenes hopkinsi","ASV_8474",-3.50236200347166,0.001,0.0224893617021277,0.281706150341686,"Curculionidae","Scolytinae","Pityogenes","Pityogenes hopkinsi","k__Fungi",NA,NA,NA,NA,NA,NA,"negative"
"Pityogenes hopkinsi","ASV_8489",-2.85612443824042,0.001,0.0224893617021277,0.281706150341686,"Curculionidae","Scolytinae","Pityogenes","Pityogenes hopkinsi","k__Fungi","p__Ascomycota","c__Dothideomycetes",NA,NA,NA,NA,"negative"
"Pityogenes hopkinsi","ASV_8639",-5.29125407354837,0.001,0.0224893617021277,0.281706150341686,"Curculionidae","Scolytinae","Pityogenes","Pityogenes hopkinsi","k__Fungi","p__Ascomycota","c__Dothideomycetes","o__Pleosporales","f__Lophiotremataceae","g__Lophiotrema","s__nucula","negative"
"Pityogenes hopkinsi","ASV_8751",-3.66451525682496,0.001,0.0224893617021277,0.281706150341686,"Curculionidae","Scolytinae","Pityogenes","Pityogenes hopkinsi","k__Fungi","p__Ascomycota","c__Sordariomycetes","o__Hypocreales","f__Nectriaceae","g__Cosmospora","s__viridescens","negative"
"Pityogenes hopkinsi","ASV_8753",-3.80283938530697,0.001,0.0224893617021277,0.281706150341686,"Curculionidae","Scolytinae","Pityogenes","Pityogenes hopkinsi","k__Fungi","p__Ascomycota","c__Dothideomycetes",NA,NA,NA,NA,"negative"
"Pityogenes hopkinsi","ASV_8792",-2.9395301705727,0.001,0.0224893617021277,0.281706150341686,"Curculionidae","Scolytinae","Pityogenes","Pityogenes hopkinsi","k__Fungi","p__Basidiomycota","c__Agaricomycetes","o__Hymenochaetales","f__Hymenochaetaceae","g__Hydnoporia","s__rimosa","negative"
"Pityogenes hopkinsi","ASV_8841",4.80231334642018,0.001,0.0224893617021277,0.281706150341686,"Curculionidae","Scolytinae","Pityogenes","Pityogenes hopkinsi","k__Fungi","p__Basidiomycota","c__Agaricomycetes","o__Hymenochaetales","f__Tubulicrinaceae","g__Tubulicrinis","s__accedens","positive"
"Pityogenes hopkinsi","ASV_8959",-4.09272166939765,0.001,0.0224893617021277,0.281706150341686,"Curculionidae","Scolytinae","Pityogenes","Pityogenes hopkinsi","k__Fungi","p__Basidiomycota","c__Exobasidiomycetes","o__Microstromatales","f__Microstromatales_fam_Incertae_sedis","g__Pseudomicrostroma","s__phylloplanum","negative"
"Pityogenes hopkinsi","ASV_9053",-3.52961389261885,0.001,0.0224893617021277,0.281706150341686,"Curculionidae","Scolytinae","Pityogenes","Pityogenes hopkinsi","k__Fungi","p__Ascomycota","c__Lecanoromycetes","o__Ostropales","f__Spirographaceae","g__Spirographa","s__fusisporella","negative"
"Pityogenes hopkinsi","ASV_9146",4.26213333971538,0.001,0.0224893617021277,0.281706150341686,"Curculionidae","Scolytinae","Pityogenes","Pityogenes hopkinsi","k__Fungi","p__Ascomycota","c__Sordariomycetes","o__Sordariomycetes_ord_Incertae_sedis","f__Sordariomycetes_fam_Incertae_sedis","g__Rhamphoria","s__pyriformis","positive"
"Pityogenes hopkinsi","ASV_9153",-4.52309425794434,0.001,0.0224893617021277,0.281706150341686,"Curculionidae","Scolytinae","Pityogenes","Pityogenes hopkinsi","k__Fungi","p__Ascomycota","c__Dothideomycetes","o__Dothideales","f__Dothioraceae","g__Sydowia","s__polyspora","negative"
"Pityogenes hopkinsi","ASV_9311",-3.46764266255655,0.001,0.0224893617021277,0.281706150341686,"Curculionidae","Scolytinae","Pityogenes","Pityogenes hopkinsi","k__Fungi","p__Ascomycota","c__Dothideomycetes","o__Dothideales","f__Dothideales_fam_Incertae_sedis","g__Dothideales_gen_Incertae_sedis",NA,"negative"
"Pityogenes hopkinsi","ASV_9342",-3.46852899174582,0.001,0.0224893617021277,0.281706150341686,"Curculionidae","Scolytinae","Pityogenes","Pityogenes hopkinsi","k__Fungi","p__Ascomycota",NA,NA,NA,NA,NA,"negative"
"Pityogenes hopkinsi","ASV_9378",-3.36958713552473,0.001,0.0224893617021277,0.281706150341686,"Curculionidae","Scolytinae","Pityogenes","Pityogenes hopkinsi","k__Fungi","p__Ascomycota","c__Dothideomycetes",NA,NA,NA,NA,"negative"
"Pityogenes hopkinsi","ASV_9415",-4.53156441369908,0.001,0.0224893617021277,0.281706150341686,"Curculionidae","Scolytinae","Pityogenes","Pityogenes hopkinsi","k__Fungi",NA,NA,NA,NA,NA,NA,"negative"
"Pityogenes hopkinsi","ASV_9448",-2.97852928873936,0.001,0.0224893617021277,0.281706150341686,"Curculionidae","Scolytinae","Pityogenes","Pityogenes hopkinsi","k__Fungi","p__Ascomycota","c__Dothideomycetes","o__Botryosphaeriales","f__Melanopsaceae","g__Melanops",NA,"negative"
"Pityogenes hopkinsi","ASV_9574",-4.16509427289131,0.001,0.0224893617021277,0.281706150341686,"Curculionidae","Scolytinae","Pityogenes","Pityogenes hopkinsi","k__Fungi","p__Basidiomycota","c__Agaricomycetes","o__Russulales","f__Peniophoraceae","g__Peniophora",NA,"negative"
"Pityogenes hopkinsi","ASV_9577",-3.51350268973937,0.001,0.0224893617021277,0.281706150341686,"Curculionidae","Scolytinae","Pityogenes","Pityogenes hopkinsi","k__Fungi","p__Basidiomycota","c__Cystobasidiomycetes",NA,NA,NA,NA,"negative"
"Pityogenes hopkinsi","ASV_9739",-2.9823180423649,0.001,0.0224893617021277,0.281706150341686,"Curculionidae","Scolytinae","Pityogenes","Pityogenes hopkinsi","k__Fungi","p__Ascomycota","c__Dothideomycetes","o__Dothideales","f__Dothioraceae","g__Kabatina",NA,"negative"
"Pityogenes hopkinsi","ASV_9810",-2.76310825589111,0.001,0.0224893617021277,0.281706150341686,"Curculionidae","Scolytinae","Pityogenes","Pityogenes hopkinsi","k__Fungi","p__Ascomycota","c__Dothideomycetes","o__Hysteriales","f__Hysteriaceae",NA,NA,"negative"
"Pityogenes hopkinsi","ASV_9831",-3.09454907340536,0.001,0.0224893617021277,0.281706150341686,"Curculionidae","Scolytinae","Pityogenes","Pityogenes hopkinsi","k__Fungi","p__Ascomycota","c__Dothideomycetes",NA,NA,NA,NA,"negative"
"Pityogenes hopkinsi","ASV_9944",-2.56043448654619,0.001,0.0224893617021277,0.281706150341686,"Curculionidae","Scolytinae","Pityogenes","Pityogenes hopkinsi","k__Fungi","p__Ascomycota","c__Saccharomycetes","o__Saccharomycetales","f__Debaryomycetaceae","g__Debaryomyces","s__udenii","negative"
"Pityogenes hopkinsi","ASV_10059",3.48603409073276,0.001,0.0224893617021277,0.281706150341686,"Curculionidae","Scolytinae","Pityogenes","Pityogenes hopkinsi","k__Fungi","p__Ascomycota","c__Sordariomycetes","o__Xylariales",NA,NA,NA,"positive"
"Pityogenes hopkinsi","ASV_10143",-3.64389854760107,0.001,0.0224893617021277,0.281706150341686,"Curculionidae","Scolytinae","Pityogenes","Pityogenes hopkinsi","k__Fungi","p__Basidiomycota","c__Agaricomycetes","o__Agaricales","f__Tricholomataceae","g__Resupinatus","s__americanus","negative"
"Pityogenes hopkinsi","ASV_10321",-3.74069687593974,0.001,0.0224893617021277,0.281706150341686,"Curculionidae","Scolytinae","Pityogenes","Pityogenes hopkinsi","k__Fungi","p__Ascomycota",NA,NA,NA,NA,NA,"negative"
"Pityogenes hopkinsi","ASV_10395",-2.62998699883693,0.001,0.0224893617021277,0.281706150341686,"Curculionidae","Scolytinae","Pityogenes","Pityogenes hopkinsi","k__Fungi","p__Basidiomycota","c__Agaricomycetes","o__Polyporales","f__Ganodermataceae","g__Ganoderma","s__applanatum","negative"
"Pityogenes hopkinsi","ASV_10396",-3.45710140656345,0.001,0.0224893617021277,0.281706150341686,"Curculionidae","Scolytinae","Pityogenes","Pityogenes hopkinsi","k__Fungi","p__Ascomycota","c__Saccharomycetes","o__Saccharomycetales","f__Saccharomycetaceae","g__Ogataea","s__populi-albae","negative"
"Pityogenes hopkinsi","ASV_10397",-2.86821700494926,0.001,0.0224893617021277,0.281706150341686,"Curculionidae","Scolytinae","Pityogenes","Pityogenes hopkinsi","k__Fungi","p__Ascomycota","c__Saccharomycetes","o__Saccharomycetales","f__Debaryomycetaceae","g__Yamadazyma","s__mexicana","negative"
"Pityogenes hopkinsi","ASV_10412",-3.09934804856135,0.001,0.0224893617021277,0.281706150341686,"Curculionidae","Scolytinae","Pityogenes","Pityogenes hopkinsi","k__Fungi","p__Ascomycota","c__Dothideomycetes","o__Dothideales","f__Saccotheciaceae","g__Aureobasidium","s__pullulans","negative"
"Pityogenes hopkinsi","ASV_10464",-2.97790086956309,0.001,0.0224893617021277,0.281706150341686,"Curculionidae","Scolytinae","Pityogenes","Pityogenes hopkinsi","k__Fungi","p__Basidiomycota","c__Agaricomycetes","o__Polyporales","f__Steccherinaceae","g__Steccherinaceae_gen_Incertae_sedis",NA,"negative"
"Pityogenes hopkinsi","ASV_10518",-4.03827840998176,0.001,0.0224893617021277,0.281706150341686,"Curculionidae","Scolytinae","Pityogenes","Pityogenes hopkinsi","k__Fungi","p__Ascomycota","c__Dothideomycetes","o__Dothideales","f__Saccotheciaceae","g__Aureobasidium","s__pullulans","negative"
"Pityogenes hopkinsi","ASV_10768",-2.48346071312286,0.001,0.0224893617021277,0.281706150341686,"Curculionidae","Scolytinae","Pityogenes","Pityogenes hopkinsi","k__Fungi","p__Basidiomycota","c__Tremellomycetes","o__Tremellales","f__Bulleribasidiaceae","g__Bulleribasidiaceae_gen_Incertae_sedis",NA,"negative"
"Pityogenes hopkinsi","ASV_10786",-2.35762721781804,0.001,0.0224893617021277,0.281706150341686,"Curculionidae","Scolytinae","Pityogenes","Pityogenes hopkinsi","k__Fungi",NA,NA,NA,NA,NA,NA,"negative"
"Pityogenes hopkinsi","ASV_11115",-3.86837660403675,0.001,0.0224893617021277,0.281706150341686,"Curculionidae","Scolytinae","Pityogenes","Pityogenes hopkinsi","k__Fungi","p__Ascomycota","c__Sordariomycetes","o__Xylariales",NA,NA,NA,"negative"
"Pityogenes hopkinsi","ASV_11167",-3.94530819029453,0.001,0.0224893617021277,0.281706150341686,"Curculionidae","Scolytinae","Pityogenes","Pityogenes hopkinsi","k__Fungi","p__Basidiomycota","c__Exobasidiomycetes","o__Microstromatales","f__Microstromatales_fam_Incertae_sedis","g__Pseudomicrostroma",NA,"negative"
"Pityogenes hopkinsi","ASV_11176",-4.10122321226151,0.001,0.0224893617021277,0.281706150341686,"Curculionidae","Scolytinae","Pityogenes","Pityogenes hopkinsi","k__Fungi","p__Ascomycota","c__Dothideomycetes","o__Pleosporales","f__Cucurbitariaceae","g__Neocucurbitaria","s__populi","negative"
"Pityogenes hopkinsi","ASV_11266",-3.69250019686407,0.001,0.0224893617021277,0.281706150341686,"Curculionidae","Scolytinae","Pityogenes","Pityogenes hopkinsi","k__Fungi","p__Ascomycota",NA,NA,NA,NA,NA,"negative"
"Pityogenes hopkinsi","ASV_11406",-3.08752183769091,0.001,0.0224893617021277,0.281706150341686,"Curculionidae","Scolytinae","Pityogenes","Pityogenes hopkinsi","k__Fungi","p__Ascomycota",NA,NA,NA,NA,NA,"negative"
"Pityogenes hopkinsi","ASV_11419",-3.0850405316049,0.001,0.0224893617021277,0.281706150341686,"Curculionidae","Scolytinae","Pityogenes","Pityogenes hopkinsi","k__Fungi","p__Ascomycota","c__Eurotiomycetes","o__Eurotiales","f__Aspergillaceae","g__Paecilomyces","s__maximus","negative"
"Pityogenes hopkinsi","ASV_11494",-3.35946850807803,0.001,0.0224893617021277,0.281706150341686,"Curculionidae","Scolytinae","Pityogenes","Pityogenes hopkinsi","k__Fungi","p__Ascomycota","c__Dothideomycetes","o__Dothideales","f__Dothioraceae","g__Dothiora",NA,"negative"
"Pityogenes hopkinsi","ASV_11734",-3.69695946397339,0.001,0.0224893617021277,0.281706150341686,"Curculionidae","Scolytinae","Pityogenes","Pityogenes hopkinsi","k__Fungi","p__Ascomycota",NA,NA,NA,NA,NA,"negative"
"Pityogenes hopkinsi","ASV_11883",-3.79049368564266,0.001,0.0224893617021277,0.281706150341686,"Curculionidae","Scolytinae","Pityogenes","Pityogenes hopkinsi","k__Fungi","p__Ascomycota","c__Eurotiomycetes","o__Chaetothyriales","f__Herpotrichiellaceae","g__Phialophora","s__phaeophora","negative"
"Pityogenes hopkinsi","ASV_11949",-3.34231196136924,0.001,0.0224893617021277,0.281706150341686,"Curculionidae","Scolytinae","Pityogenes","Pityogenes hopkinsi","k__Fungi","p__Ascomycota","c__Dothideomycetes","o__Dothideales","f__Saccotheciaceae","g__Aureobasidium","s__pullulans","negative"
"Pityogenes hopkinsi","ASV_11976",6.1062065558219,0.001,0.0224893617021277,0.281706150341686,"Curculionidae","Scolytinae","Pityogenes","Pityogenes hopkinsi","k__Fungi",NA,NA,NA,NA,NA,NA,"positive"
"Pityogenes hopkinsi","ASV_11985",-2.40759829744389,0.001,0.0224893617021277,0.281706150341686,"Curculionidae","Scolytinae","Pityogenes","Pityogenes hopkinsi","k__Fungi","p__Basidiomycota","c__Tremellomycetes","o__Filobasidiales","f__Filobasidiaceae","g__Filobasidium","s__mali","negative"
"Pityogenes hopkinsi","ASV_12101",-3.64003587440438,0.001,0.0224893617021277,0.281706150341686,"Curculionidae","Scolytinae","Pityogenes","Pityogenes hopkinsi","k__Fungi","p__Ascomycota","c__Eurotiomycetes","o__Chaetothyriales","f__Chaetothyriaceae","g__Ceramothyrium","s__carniolicum","negative"
"Pityogenes hopkinsi","ASV_12103",-2.80533709604904,0.001,0.0224893617021277,0.281706150341686,"Curculionidae","Scolytinae","Pityogenes","Pityogenes hopkinsi","k__Fungi","p__Basidiomycota","c__Microbotryomycetes","o__Microbotryomycetes_ord_Incertae_sedis","f__Colacogloeaceae",NA,NA,"negative"
"Pityogenes hopkinsi","ASV_12130",-4.15638903930003,0.001,0.0224893617021277,0.281706150341686,"Curculionidae","Scolytinae","Pityogenes","Pityogenes hopkinsi","k__Fungi","p__Mucoromycota","c__Mucoromycetes","o__Mucorales","f__Mucoraceae","g__Mucor","s__hiemalis","negative"
"Pityogenes hopkinsi","ASV_12228",-4.78427276827506,0.001,0.0224893617021277,0.281706150341686,"Curculionidae","Scolytinae","Pityogenes","Pityogenes hopkinsi","k__Fungi","p__Ascomycota","c__Dothideomycetes","o__Dothideales","f__Dothioraceae","g__Dothiora",NA,"negative"
"Pityogenes hopkinsi","ASV_12239",-3.6845574105546,0.001,0.0224893617021277,0.281706150341686,"Curculionidae","Scolytinae","Pityogenes","Pityogenes hopkinsi","k__Fungi","p__Basidiomycota","c__Exobasidiomycetes","o__Microstromatales","f__Microstromatales_fam_Incertae_sedis","g__Pseudomicrostroma","s__phylloplanum","negative"
"Pityogenes hopkinsi","ASV_12368",-2.97774579478078,0.001,0.0224893617021277,0.281706150341686,"Curculionidae","Scolytinae","Pityogenes","Pityogenes hopkinsi","k__Fungi","p__Basidiomycota","c__Tremellomycetes","o__Tremellales","f__Carcinomycetaceae","g__Carcinomyces","s__polyporinus","negative"
"Pityogenes hopkinsi","ASV_12447",-3.60875832487796,0.001,0.0224893617021277,0.281706150341686,"Curculionidae","Scolytinae","Pityogenes","Pityogenes hopkinsi","k__Fungi","p__Ascomycota","c__Eurotiomycetes","o__Chaetothyriales","f__Herpotrichiellaceae","g__Exophiala","s__moniliae","negative"
"Pityogenes hopkinsi","ASV_12516",-3.02267635485407,0.001,0.0224893617021277,0.281706150341686,"Curculionidae","Scolytinae","Pityogenes","Pityogenes hopkinsi","k__Fungi","p__Basidiomycota","c__Exobasidiomycetes","o__Microstromatales","f__Microstromatales_fam_Incertae_sedis","g__Pseudomicrostroma",NA,"negative"
"Pityogenes hopkinsi","ASV_13321",-3.66529032183789,0.001,0.0224893617021277,0.281706150341686,"Curculionidae","Scolytinae","Pityogenes","Pityogenes hopkinsi","k__Fungi","p__Basidiomycota","c__Microbotryomycetes","o__Sporidiobolales","f__Sporidiobolaceae","g__Rhodosporidiobolus","s__colostri","negative"
"Pityogenes hopkinsi","ASV_13615",-4.3761509807845,0.001,0.0224893617021277,0.281706150341686,"Curculionidae","Scolytinae","Pityogenes","Pityogenes hopkinsi","k__Fungi","p__Basidiomycota","c__Agaricomycetes","o__Russulales","f__Peniophoraceae","g__Peniophora","s__cinerea","negative"
"Pityogenes hopkinsi","ASV_13627",-2.59678623564234,0.001,0.0224893617021277,0.281706150341686,"Curculionidae","Scolytinae","Pityogenes","Pityogenes hopkinsi","k__Fungi",NA,NA,NA,NA,NA,NA,"negative"
"Pityogenes hopkinsi","ASV_13631",-3.1470690347984,0.001,0.0224893617021277,0.281706150341686,"Curculionidae","Scolytinae","Pityogenes","Pityogenes hopkinsi","k__Fungi","p__Basidiomycota","c__Tremellomycetes","o__Tremellales","f__Bulleribasidiaceae","g__Hannaella","s__oryzae","negative"
"Pityogenes hopkinsi","ASV_14034",-3.02104401103473,0.001,0.0224893617021277,0.281706150341686,"Curculionidae","Scolytinae","Pityogenes","Pityogenes hopkinsi","k__Fungi",NA,NA,NA,NA,NA,NA,"negative"
"Pityogenes hopkinsi","ASV_14127",-3.63842668975679,0.001,0.0224893617021277,0.281706150341686,"Curculionidae","Scolytinae","Pityogenes","Pityogenes hopkinsi","k__Fungi","p__Ascomycota","c__Dothideomycetes","o__Pleosporales","f__Lophiostomataceae","g__Neovaginatispora","s__clematidis","negative"
"Pityogenes hopkinsi","ASV_14129",-4.31267337665568,0.001,0.0224893617021277,0.281706150341686,"Curculionidae","Scolytinae","Pityogenes","Pityogenes hopkinsi","k__Fungi","p__Ascomycota",NA,NA,NA,NA,NA,"negative"
"Pityogenes hopkinsi","ASV_14209",-3.82052356293383,0.001,0.0224893617021277,0.281706150341686,"Curculionidae","Scolytinae","Pityogenes","Pityogenes hopkinsi","k__Fungi","p__Basidiomycota","c__Agaricomycetes","o__Russulales","f__Peniophoraceae","g__Peniophora","s__cinerea","negative"
"Pityogenes hopkinsi","ASV_14474",-3.77439560899278,0.001,0.0224893617021277,0.281706150341686,"Curculionidae","Scolytinae","Pityogenes","Pityogenes hopkinsi","k__Fungi","p__Ascomycota","c__Dothideomycetes","o__Pleosporales","f__Cucurbitariaceae","g__Neocucurbitaria","s__populi","negative"
"Pityogenes hopkinsi","ASV_14988",-3.12494541342733,0.001,0.0224893617021277,0.281706150341686,"Curculionidae","Scolytinae","Pityogenes","Pityogenes hopkinsi","k__Fungi","p__Ascomycota","c__Lecanoromycetes","o__Ostropales","f__Spirographaceae","g__Spirographa","s__fusisporella","negative"
"Pityogenes hopkinsi","ASV_15115",-2.56052512373694,0.001,0.0224893617021277,0.281706150341686,"Curculionidae","Scolytinae","Pityogenes","Pityogenes hopkinsi","k__Fungi","p__Ascomycota","c__Lecanoromycetes","o__Lecanorales","f__Lecanoraceae",NA,NA,"negative"
"Pityogenes hopkinsi","ASV_15312",-3.8922768061507,0.001,0.0224893617021277,0.281706150341686,"Curculionidae","Scolytinae","Pityogenes","Pityogenes hopkinsi","k__Fungi","p__Ascomycota","c__Leotiomycetes","o__Helotiales","f__Helotiales_fam_Incertae_sedis","g__Cryptocline","s__arctostaphyli","negative"
"Pityogenes hopkinsi","ASV_15485",-3.34588116360557,0.001,0.0224893617021277,0.281706150341686,"Curculionidae","Scolytinae","Pityogenes","Pityogenes hopkinsi","k__Fungi","p__Ascomycota","c__Dothideomycetes","o__Dothideales","f__Saccotheciaceae","g__Aureobasidium","s__pullulans","negative"
"Pityogenes hopkinsi","ASV_15837",-3.88489602217165,0.001,0.0224893617021277,0.281706150341686,"Curculionidae","Scolytinae","Pityogenes","Pityogenes hopkinsi","k__Fungi","p__Ascomycota",NA,NA,NA,NA,NA,"negative"
"Pityogenes hopkinsi","ASV_15972",-3.85279283927005,0.001,0.0224893617021277,0.281706150341686,"Curculionidae","Scolytinae","Pityogenes","Pityogenes hopkinsi","k__Fungi","p__Ascomycota","c__Dothideomycetes","o__Dothideales","f__Dothideaceae","g__Dothidea",NA,"negative"
"Pityogenes hopkinsi","ASV_15997",-3.39698477792379,0.001,0.0224893617021277,0.281706150341686,"Curculionidae","Scolytinae","Pityogenes","Pityogenes hopkinsi","k__Fungi","p__Ascomycota","c__Dothideomycetes","o__Dothideales","f__Dothioraceae","g__Pringsheimia","s__smilacis","negative"
"Pityogenes hopkinsi","ASV_16099",-2.75940010558921,0.001,0.0224893617021277,0.281706150341686,"Curculionidae","Scolytinae","Pityogenes","Pityogenes hopkinsi","k__Fungi","p__Ascomycota","c__Dothideomycetes","o__Pleosporales","f__Cucurbitariaceae","g__Neocucurbitaria","s__quercina","negative"
"Pityogenes hopkinsi","ASV_16223",-3.73058347674494,0.001,0.0224893617021277,0.281706150341686,"Curculionidae","Scolytinae","Pityogenes","Pityogenes hopkinsi","k__Fungi","p__Ascomycota","c__Dothideomycetes",NA,NA,NA,NA,"negative"
"Pityogenes hopkinsi","ASV_16224",-3.35413140292102,0.001,0.0224893617021277,0.281706150341686,"Curculionidae","Scolytinae","Pityogenes","Pityogenes hopkinsi","k__Fungi",NA,NA,NA,NA,NA,NA,"negative"
"Pityogenes hopkinsi","ASV_16271",-3.52034200857467,0.001,0.0224893617021277,0.281706150341686,"Curculionidae","Scolytinae","Pityogenes","Pityogenes hopkinsi","k__Fungi","p__Basidiomycota","c__Microbotryomycetes","o__Microbotryomycetes_ord_Incertae_sedis","f__Microbotryomycetes_fam_Incertae_sedis","g__Curvibasidium",NA,"negative"
"Pityogenes hopkinsi","ASV_16891",-2.44673929493552,0.001,0.0224893617021277,0.281706150341686,"Curculionidae","Scolytinae","Pityogenes","Pityogenes hopkinsi","k__Fungi","p__Basidiomycota","c__Tremellomycetes","o__Tremellales",NA,NA,NA,"negative"
"Pityogenes hopkinsi","ASV_17214",-3.53943698817092,0.001,0.0224893617021277,0.281706150341686,"Curculionidae","Scolytinae","Pityogenes","Pityogenes hopkinsi","k__Fungi","p__Ascomycota","c__Lecanoromycetes","o__Lecanorales",NA,NA,NA,"negative"
"Pityogenes hopkinsi","ASV_17215",-3.01155048343988,0.001,0.0224893617021277,0.281706150341686,"Curculionidae","Scolytinae","Pityogenes","Pityogenes hopkinsi","k__Fungi","p__Ascomycota","c__Dothideomycetes","o__Dothideales","f__Saccotheciaceae","g__Aureobasidium",NA,"negative"
"Pityogenes hopkinsi","ASV_17316",-2.97314286016441,0.001,0.0224893617021277,0.281706150341686,"Curculionidae","Scolytinae","Pityogenes","Pityogenes hopkinsi","k__Fungi","p__Ascomycota","c__Leotiomycetes","o__Helotiales",NA,NA,NA,"negative"
"Pityogenes hopkinsi","ASV_17321",-3.83619431005926,0.001,0.0224893617021277,0.281706150341686,"Curculionidae","Scolytinae","Pityogenes","Pityogenes hopkinsi","k__Fungi","p__Ascomycota","c__Leotiomycetes","o__Helotiales","f__Helotiales_fam_Incertae_sedis","g__Cryptocline","s__arctostaphyli","negative"
"Pityogenes hopkinsi","ASV_17393",-3.81150339112741,0.001,0.0224893617021277,0.281706150341686,"Curculionidae","Scolytinae","Pityogenes","Pityogenes hopkinsi","k__Fungi","p__Ascomycota","c__Taphrinomycetes","o__Taphrinales","f__Taphrinaceae","g__Taphrina","s__inositophila","negative"
"Pityogenes hopkinsi","ASV_17397",-3.76453786338015,0.001,0.0224893617021277,0.281706150341686,"Curculionidae","Scolytinae","Pityogenes","Pityogenes hopkinsi","k__Fungi","p__Ascomycota","c__Sordariomycetes","o__Diaporthales","f__Valsaceae",NA,NA,"negative"
"Pityogenes hopkinsi","ASV_17709",-3.56657944774019,0.001,0.0224893617021277,0.281706150341686,"Curculionidae","Scolytinae","Pityogenes","Pityogenes hopkinsi","k__Fungi","p__Ascomycota","c__Eurotiomycetes","o__Eurotiales","f__Aspergillaceae","g__Penicillium","s__catalonicum","negative"
"Pityogenes hopkinsi","ASV_17711",-3.58802354465712,0.001,0.0224893617021277,0.281706150341686,"Curculionidae","Scolytinae","Pityogenes","Pityogenes hopkinsi","k__Fungi","p__Ascomycota","c__Dothideomycetes","o__Dothideales","f__Dothideales_fam_Incertae_sedis","g__Dothideales_gen_Incertae_sedis",NA,"negative"
"Pityogenes hopkinsi","ASV_17717",-3.14205695050861,0.001,0.0224893617021277,0.281706150341686,"Curculionidae","Scolytinae","Pityogenes","Pityogenes hopkinsi","k__Fungi","p__Basidiomycota","c__Tremellomycetes","o__Tremellales","f__Bulleribasidiaceae","g__Vishniacozyma","s__victoriae","negative"
"Pityogenes hopkinsi","ASV_17985",-4.84088403865728,0.001,0.0224893617021277,0.281706150341686,"Curculionidae","Scolytinae","Pityogenes","Pityogenes hopkinsi","k__Fungi","p__Ascomycota","c__Dothideomycetes","o__Dothideales","f__Dothioraceae","g__Hormonema","s__macrosporum","negative"
"Pityogenes hopkinsi","ASV_17991",-3.66889516877936,0.001,0.0224893617021277,0.281706150341686,"Curculionidae","Scolytinae","Pityogenes","Pityogenes hopkinsi","k__Fungi","p__Ascomycota","c__Dothideomycetes","o__Pleosporales",NA,NA,NA,"negative"
"Pityogenes hopkinsi","ASV_18458",-3.48093629926249,0.001,0.0224893617021277,0.281706150341686,"Curculionidae","Scolytinae","Pityogenes","Pityogenes hopkinsi","k__Fungi","p__Ascomycota","c__Dothideomycetes","o__Pleosporales",NA,NA,NA,"negative"
"Pityogenes hopkinsi","ASV_18633",-4.27625000508421,0.001,0.0224893617021277,0.281706150341686,"Curculionidae","Scolytinae","Pityogenes","Pityogenes hopkinsi","k__Fungi","p__Ascomycota","c__Dothideomycetes","o__Dothideales","f__Saccotheciaceae","g__Aureobasidium","s__pullulans","negative"
"Pityogenes hopkinsi","ASV_19397",-3.16347232042595,0.001,0.0224893617021277,0.281706150341686,"Curculionidae","Scolytinae","Pityogenes","Pityogenes hopkinsi","k__Fungi","p__Ascomycota",NA,NA,NA,NA,NA,"negative"
"Pityogenes hopkinsi","ASV_19430",-3.64297610927945,0.001,0.0224893617021277,0.281706150341686,"Curculionidae","Scolytinae","Pityogenes","Pityogenes hopkinsi","k__Fungi","p__Ascomycota","c__Dothideomycetes","o__Dothideales","f__Dothideaceae","g__Coniozyma","s__leucospermi","negative"
"Pityogenes hopkinsi","ASV_19474",-3.2093787862405,0.001,0.0224893617021277,0.281706150341686,"Curculionidae","Scolytinae","Pityogenes","Pityogenes hopkinsi","k__Fungi","p__Ascomycota","c__Leotiomycetes","o__Helotiales","f__Tympanidaceae","g__Tympanis",NA,"negative"
"Pityogenes hopkinsi","ASV_19604",-3.66558032133805,0.001,0.0224893617021277,0.281706150341686,"Curculionidae","Scolytinae","Pityogenes","Pityogenes hopkinsi","k__Fungi","p__Basidiomycota","c__Tremellomycetes","o__Tremellales","f__Bulleribasidiaceae","g__Vishniacozyma","s__victoriae","negative"
"Pityogenes hopkinsi","ASV_20139",-3.37000174080273,0.001,0.0224893617021277,0.281706150341686,"Curculionidae","Scolytinae","Pityogenes","Pityogenes hopkinsi","k__Fungi","p__Basidiomycota","c__Tremellomycetes","o__Tremellales","f__Cryptococcaceae","g__Teunia",NA,"negative"
"Pityogenes hopkinsi","ASV_20140",-3.43200332716509,0.001,0.0224893617021277,0.281706150341686,"Curculionidae","Scolytinae","Pityogenes","Pityogenes hopkinsi","k__Fungi","p__Basidiomycota","c__Tremellomycetes","o__Tremellales","f__Bulleraceae","g__Fonsecazyma","s__mujuensis","negative"
"Pityogenes hopkinsi","ASV_20375",-3.08167630842683,0.001,0.0224893617021277,0.281706150341686,"Curculionidae","Scolytinae","Pityogenes","Pityogenes hopkinsi","k__Fungi",NA,NA,NA,NA,NA,NA,"negative"
"Pityogenes hopkinsi","ASV_20703",-3.36049906912131,0.001,0.0224893617021277,0.281706150341686,"Curculionidae","Scolytinae","Pityogenes","Pityogenes hopkinsi","k__Fungi","p__Ascomycota","c__Eurotiomycetes","o__Chaetothyriales","f__Trichomeriaceae","g__Trichomerium","s__lapideum","negative"
"Pityogenes hopkinsi","ASV_20727",-3.52333804505578,0.001,0.0224893617021277,0.281706150341686,"Curculionidae","Scolytinae","Pityogenes","Pityogenes hopkinsi","k__Fungi","p__Ascomycota","c__Leotiomycetes","o__Helotiales","f__Sclerotiniaceae","g__Monilinia","s__kusanoi","negative"
"Pityogenes hopkinsi","ASV_20741",-4.28205813594917,0.001,0.0224893617021277,0.281706150341686,"Curculionidae","Scolytinae","Pityogenes","Pityogenes hopkinsi","k__Fungi","p__Ascomycota","c__Dothideomycetes","o__Mycosphaerellales","f__Mycosphaerellaceae",NA,NA,"negative"
"Pityogenes hopkinsi","ASV_21001",-3.60009350731149,0.001,0.0224893617021277,0.281706150341686,"Curculionidae","Scolytinae","Pityogenes","Pityogenes hopkinsi","k__Fungi","p__Ascomycota","c__Dothideomycetes","o__Myriangiales","f__Elsinoaceae","g__Elsinoe",NA,"negative"
"Pityogenes hopkinsi","ASV_21548",-2.92483787760351,0.001,0.0224893617021277,0.281706150341686,"Curculionidae","Scolytinae","Pityogenes","Pityogenes hopkinsi","k__Fungi","p__Ascomycota","c__Dothideomycetes","o__Dothideales","f__Saccotheciaceae","g__Aureobasidium","s__pullulans","negative"
"Pityogenes hopkinsi","ASV_21735",-4.22559403882573,0.001,0.0224893617021277,0.281706150341686,"Curculionidae","Scolytinae","Pityogenes","Pityogenes hopkinsi","k__Fungi","p__Ascomycota","c__Dothideomycetes","o__Dothideales","f__Saccotheciaceae","g__Aureobasidium",NA,"negative"
"Pityogenes hopkinsi","ASV_22117",-3.6494933244925,0.001,0.0224893617021277,0.281706150341686,"Curculionidae","Scolytinae","Pityogenes","Pityogenes hopkinsi","k__Fungi","p__Ascomycota","c__Dothideomycetes","o__Dothideales","f__Saccotheciaceae",NA,NA,"negative"
"Pityogenes hopkinsi","ASV_22864",-3.76700470050849,0.001,0.0224893617021277,0.281706150341686,"Curculionidae","Scolytinae","Pityogenes","Pityogenes hopkinsi","k__Fungi","p__Ascomycota","c__Leotiomycetes","o__Helotiales","f__Helotiales_fam_Incertae_sedis","g__Cryptocline","s__arctostaphyli","negative"
"Pityogenes hopkinsi","ASV_22906",-3.39594315147983,0.001,0.0224893617021277,0.281706150341686,"Curculionidae","Scolytinae","Pityogenes","Pityogenes hopkinsi","k__Fungi","p__Basidiomycota","c__Tremellomycetes","o__Tremellales","f__Rhynchogastremataceae","g__Papiliotrema",NA,"negative"
"Pityogenes hopkinsi","ASV_22926",-3.56939322073646,0.001,0.0224893617021277,0.281706150341686,"Curculionidae","Scolytinae","Pityogenes","Pityogenes hopkinsi","k__Fungi","p__Ascomycota","c__Leotiomycetes",NA,NA,NA,NA,"negative"
"Pityogenes hopkinsi","ASV_23006",-3.49548466995451,0.001,0.0224893617021277,0.281706150341686,"Curculionidae","Scolytinae","Pityogenes","Pityogenes hopkinsi","k__Fungi","p__Ascomycota","c__Dothideomycetes","o__Mycosphaerellales","f__Mycosphaerellaceae","g__Sphaerulina","s__pelargonii","negative"
"Pityogenes hopkinsi","ASV_23295",-3.87493080014899,0.001,0.0224893617021277,0.281706150341686,"Curculionidae","Scolytinae","Pityogenes","Pityogenes hopkinsi","k__Fungi","p__Ascomycota","c__Lecanoromycetes","o__Ostropales","f__Spirographaceae","g__Spirographa","s__fusisporella","negative"
"Pityogenes hopkinsi","ASV_23571",-2.9444469758961,0.001,0.0224893617021277,0.281706150341686,"Curculionidae","Scolytinae","Pityogenes","Pityogenes hopkinsi","k__Fungi","p__Ascomycota","c__Dothideomycetes","o__Dothideales","f__Dothideaceae","g__Rhizosphaera",NA,"negative"
"Pityogenes hopkinsi","ASV_23817",-4.56997557477727,0.001,0.0224893617021277,0.281706150341686,"Curculionidae","Scolytinae","Pityogenes","Pityogenes hopkinsi","k__Fungi","p__Ascomycota",NA,NA,NA,NA,NA,"negative"
"Pityogenes hopkinsi","ASV_23835",-3.77266653369927,0.001,0.0224893617021277,0.281706150341686,"Curculionidae","Scolytinae","Pityogenes","Pityogenes hopkinsi","k__Fungi","p__Basidiomycota","c__Tremellomycetes","o__Tremellales","f__Cryptococcaceae","g__Kwoniella",NA,"negative"
"Pityogenes hopkinsi","ASV_23863",-3.89318427898355,0.001,0.0224893617021277,0.281706150341686,"Curculionidae","Scolytinae","Pityogenes","Pityogenes hopkinsi","k__Fungi","p__Ascomycota","c__Dothideomycetes","o__Dothideales","f__Saccotheciaceae","g__Aureobasidium","s__pullulans","negative"
"Pityogenes hopkinsi","ASV_23889",-2.80190344829374,0.001,0.0224893617021277,0.281706150341686,"Curculionidae","Scolytinae","Pityogenes","Pityogenes hopkinsi","k__Fungi","p__Ascomycota","c__Dothideomycetes","o__Dothideales","f__Dothideaceae","g__Coniozyma","s__leucospermi","negative"
"Pityogenes hopkinsi","ASV_23902",-3.34608942724595,0.001,0.0224893617021277,0.281706150341686,"Curculionidae","Scolytinae","Pityogenes","Pityogenes hopkinsi","k__Fungi","p__Basidiomycota","c__Microbotryomycetes","o__Sporidiobolales","f__Sporidiobolaceae","g__Rhodotorula",NA,"negative"
"Pityogenes hopkinsi","ASV_23952",-3.78313056153101,0.001,0.0224893617021277,0.281706150341686,"Curculionidae","Scolytinae","Pityogenes","Pityogenes hopkinsi","k__Fungi","p__Ascomycota","c__Eurotiomycetes","o__Coryneliales","f__Coryneliaceae","g__Caliciopsis",NA,"negative"
"Pityogenes hopkinsi","ASV_23986",-3.30156348275988,0.001,0.0224893617021277,0.281706150341686,"Curculionidae","Scolytinae","Pityogenes","Pityogenes hopkinsi","k__Fungi","p__Basidiomycota","c__Agaricomycetes",NA,NA,NA,NA,"negative"
"Pityogenes hopkinsi","ASV_24232",-4.1154981667948,0.001,0.0224893617021277,0.281706150341686,"Curculionidae","Scolytinae","Pityogenes","Pityogenes hopkinsi","k__Fungi","p__Basidiomycota","c__Agaricomycetes","o__Hymenochaetales","f__Schizoporaceae","g__Xylodon",NA,"negative"
"Pityogenes hopkinsi","ASV_24236",-3.59871755903812,0.001,0.0224893617021277,0.281706150341686,"Curculionidae","Scolytinae","Pityogenes","Pityogenes hopkinsi","k__Fungi","p__Ascomycota","c__Dothideomycetes","o__Dothideales","f__Dothioraceae","g__Dothiora",NA,"negative"
"Pityogenes hopkinsi","ASV_24330",-3.97048101040991,0.001,0.0224893617021277,0.281706150341686,"Curculionidae","Scolytinae","Pityogenes","Pityogenes hopkinsi","k__Fungi","p__Ascomycota",NA,NA,NA,NA,NA,"negative"
"Pityogenes hopkinsi","ASV_24620",-3.51668033198076,0.001,0.0224893617021277,0.281706150341686,"Curculionidae","Scolytinae","Pityogenes","Pityogenes hopkinsi","k__Fungi","p__Ascomycota","c__Dothideomycetes","o__Dothideales","f__Saccotheciaceae","g__Aureobasidium",NA,"negative"
"Pityogenes hopkinsi","ASV_24670",-2.91025899880247,0.001,0.0224893617021277,0.281706150341686,"Curculionidae","Scolytinae","Pityogenes","Pityogenes hopkinsi","k__Fungi","p__Ascomycota","c__Sordariomycetes","o__Chaetosphaeriales","f__Chaetosphaeriaceae",NA,NA,"negative"
"Pityogenes hopkinsi","ASV_24675",-3.40451192728385,0.001,0.0224893617021277,0.281706150341686,"Curculionidae","Scolytinae","Pityogenes","Pityogenes hopkinsi","k__Fungi","p__Ascomycota","c__Leotiomycetes","o__Helotiales","f__Helotiales_fam_Incertae_sedis","g__Cryptocline","s__arctostaphyli","negative"
"Pityogenes hopkinsi","ASV_24676",-2.97316677310913,0.001,0.0224893617021277,0.281706150341686,"Curculionidae","Scolytinae","Pityogenes","Pityogenes hopkinsi","k__Fungi","p__Ascomycota","c__Dothideomycetes","o__Dothideales","f__Saccotheciaceae","g__Aureobasidium",NA,"negative"
"Pityogenes hopkinsi","ASV_24694",-4.14421338591741,0.001,0.0224893617021277,0.281706150341686,"Curculionidae","Scolytinae","Pityogenes","Pityogenes hopkinsi","k__Fungi","p__Ascomycota","c__Dothideomycetes","o__Dothideales","f__Dothideaceae","g__Rhizosphaera",NA,"negative"
"Pityogenes hopkinsi","ASV_24909",-3.99162660315525,0.001,0.0224893617021277,0.281706150341686,"Curculionidae","Scolytinae","Pityogenes","Pityogenes hopkinsi","k__Fungi","p__Ascomycota","c__Sordariomycetes","o__Diaporthales","f__Valsaceae",NA,NA,"negative"
"Pityogenes hopkinsi","ASV_25043",-3.62818958347761,0.001,0.0224893617021277,0.281706150341686,"Curculionidae","Scolytinae","Pityogenes","Pityogenes hopkinsi","k__Fungi",NA,NA,NA,NA,NA,NA,"negative"
"Pityogenes hopkinsi","ASV_25245",-4.52770705562909,0.001,0.0224893617021277,0.281706150341686,"Curculionidae","Scolytinae","Pityogenes","Pityogenes hopkinsi","k__Fungi","p__Basidiomycota","c__Exobasidiomycetes","o__Microstromatales","f__Microstromatales_fam_Incertae_sedis","g__Pseudomicrostroma",NA,"negative"
"Pityogenes hopkinsi","ASV_25414",-3.00563852760636,0.001,0.0224893617021277,0.281706150341686,"Curculionidae","Scolytinae","Pityogenes","Pityogenes hopkinsi","k__Fungi","p__Ascomycota","c__Sordariomycetes","o__Hypocreales","f__Nectriaceae","g__Calcarisporium","s__arbuscula","negative"
"Pityogenes hopkinsi","ASV_25636",-4.02566430909289,0.001,0.0224893617021277,0.281706150341686,"Curculionidae","Scolytinae","Pityogenes","Pityogenes hopkinsi","k__Fungi","p__Ascomycota","c__Leotiomycetes","o__Helotiales","f__Leotiaceae",NA,NA,"negative"
"Pityogenes hopkinsi","ASV_25814",-4.18854074148245,0.001,0.0224893617021277,0.281706150341686,"Curculionidae","Scolytinae","Pityogenes","Pityogenes hopkinsi","k__Fungi","p__Ascomycota","c__Dothideomycetes","o__Dothideales",NA,NA,NA,"negative"
"Pityogenes hopkinsi","ASV_26057",-3.89996462260305,0.001,0.0224893617021277,0.281706150341686,"Curculionidae","Scolytinae","Pityogenes","Pityogenes hopkinsi","k__Fungi",NA,NA,NA,NA,NA,NA,"negative"
"Pityogenes hopkinsi","ASV_26201",-3.8422434210109,0.001,0.0224893617021277,0.281706150341686,"Curculionidae","Scolytinae","Pityogenes","Pityogenes hopkinsi","k__Fungi","p__Basidiomycota","c__Agaricomycetes","o__Hymenochaetales","f__Hyphodontiaceae","g__Kneiffiella",NA,"negative"
"Pityogenes hopkinsi","ASV_26961",-3.93379740297225,0.001,0.0224893617021277,0.281706150341686,"Curculionidae","Scolytinae","Pityogenes","Pityogenes hopkinsi","k__Fungi","p__Ascomycota",NA,NA,NA,NA,NA,"negative"
"Pityogenes hopkinsi","ASV_27050",-3.20513900153685,0.001,0.0224893617021277,0.281706150341686,"Curculionidae","Scolytinae","Pityogenes","Pityogenes hopkinsi","k__Fungi","p__Basidiomycota","c__Pucciniomycetes","o__Pucciniales","f__Melampsoraceae","g__Melampsora","s__epitea","negative"
"Pityogenes hopkinsi","ASV_27534",-4.46963141555,0.001,0.0224893617021277,0.281706150341686,"Curculionidae","Scolytinae","Pityogenes","Pityogenes hopkinsi","k__Fungi","p__Basidiomycota","c__Exobasidiomycetes","o__Microstromatales","f__Microstromatales_fam_Incertae_sedis","g__Pseudomicrostroma",NA,"negative"
"Pityogenes hopkinsi","ASV_29438",-3.78849710539968,0.001,0.0224893617021277,0.281706150341686,"Curculionidae","Scolytinae","Pityogenes","Pityogenes hopkinsi","k__Fungi","p__Ascomycota","c__Dothideomycetes","o__Dothideales","f__Saccotheciaceae","g__Aureobasidium",NA,"negative"
"Pityogenes hopkinsi","ASV_74",-2.33200078946243,0.002,0.0296355140186916,0.338819178082192,"Curculionidae","Scolytinae","Pityogenes","Pityogenes hopkinsi","k__Fungi","p__Basidiomycota","c__Tremellomycetes","o__Trichosporonales","f__Trichosporonaceae","g__Trichosporon","s__asahii","negative"
"Pityogenes hopkinsi","ASV_375",-2.4886161872741,0.002,0.0296355140186916,0.338819178082192,"Curculionidae","Scolytinae","Pityogenes","Pityogenes hopkinsi","k__Fungi","p__Ascomycota","c__Dothideomycetes","o__Dothideales","f__Saccotheciaceae","g__Aureobasidium","s__pullulans","negative"
"Pityogenes hopkinsi","ASV_408",2.56498487832754,0.002,0.0296355140186916,0.338819178082192,"Curculionidae","Scolytinae","Pityogenes","Pityogenes hopkinsi","k__Fungi","p__Ascomycota","c__Dothideomycetes","o__Mycosphaerellales","f__Teratosphaeriaceae","g__Capnobotryella","s__renispora","positive"
"Pityogenes hopkinsi","ASV_435",-2.83688977137672,0.002,0.0296355140186916,0.338819178082192,"Curculionidae","Scolytinae","Pityogenes","Pityogenes hopkinsi","k__Fungi","p__Ascomycota","c__Dothideomycetes","o__Dothideales","f__Saccotheciaceae","g__Aureobasidium","s__pullulans","negative"
"Pityogenes hopkinsi","ASV_446",3.43176306174357,0.002,0.0296355140186916,0.338819178082192,"Curculionidae","Scolytinae","Pityogenes","Pityogenes hopkinsi","k__Fungi","p__Ascomycota","c__Dothideomycetes","o__Capnodiales",NA,NA,NA,"positive"
"Pityogenes hopkinsi","ASV_551",3.32546131042834,0.002,0.0296355140186916,0.338819178082192,"Curculionidae","Scolytinae","Pityogenes","Pityogenes hopkinsi","k__Fungi","p__Ascomycota","c__Sordariomycetes","o__Diaporthales","f__Valsaceae","g__Cytospora",NA,"positive"
"Pityogenes hopkinsi","ASV_553",2.86544960718237,0.002,0.0296355140186916,0.338819178082192,"Curculionidae","Scolytinae","Pityogenes","Pityogenes hopkinsi","k__Fungi","p__Ascomycota","c__Lecanoromycetes","o__Lecanorales","f__Scoliciosporaceae","g__Scoliciosporum","s__chlorococcum","positive"
"Pityogenes hopkinsi","ASV_651",3.59478457165754,0.002,0.0296355140186916,0.338819178082192,"Curculionidae","Scolytinae","Pityogenes","Pityogenes hopkinsi","k__Fungi","p__Ascomycota",NA,NA,NA,NA,NA,"positive"
"Pityogenes hopkinsi","ASV_654",3.52427782179651,0.002,0.0296355140186916,0.338819178082192,"Curculionidae","Scolytinae","Pityogenes","Pityogenes hopkinsi","k__Fungi","p__Ascomycota","c__Dothideomycetes","o__Pleosporales",NA,NA,NA,"positive"
"Pityogenes hopkinsi","ASV_671",3.27785227434251,0.002,0.0296355140186916,0.338819178082192,"Curculionidae","Scolytinae","Pityogenes","Pityogenes hopkinsi","k__Fungi","p__Ascomycota","c__Dothideomycetes","o__Pleosporales","f__Phaeosphaeriaceae","g__Muriphaeosphaeria","s__viburni","positive"
"Pityogenes hopkinsi","ASV_841",3.50912411059689,0.002,0.0296355140186916,0.338819178082192,"Curculionidae","Scolytinae","Pityogenes","Pityogenes hopkinsi","k__Fungi","p__Ascomycota","c__Leotiomycetes","o__Helotiales","f__Sclerotiniaceae",NA,NA,"positive"
"Pityogenes hopkinsi","ASV_1010",-3.2249965256145,0.002,0.0296355140186916,0.338819178082192,"Curculionidae","Scolytinae","Pityogenes","Pityogenes hopkinsi","k__Fungi","p__Ascomycota","c__Dothideomycetes","o__Pleosporales","f__Phaeosphaeriaceae","g__Setophaeosphaeria","s__badalingensis","negative"
"Pityogenes hopkinsi","ASV_1034",3.28428226975769,0.002,0.0296355140186916,0.338819178082192,"Curculionidae","Scolytinae","Pityogenes","Pityogenes hopkinsi","k__Fungi","p__Ascomycota","c__Dothideomycetes","o__Pleosporales","f__Cucurbitariaceae","g__Parafenestella",NA,"positive"
"Pityogenes hopkinsi","ASV_1077",2.75833139907668,0.002,0.0296355140186916,0.338819178082192,"Curculionidae","Scolytinae","Pityogenes","Pityogenes hopkinsi","k__Fungi","p__Ascomycota","c__Dothideomycetes","o__Capnodiales","f__Capnodiales_fam_Incertae_sedis","g__Microcyclospora","s__malicola","positive"
"Pityogenes hopkinsi","ASV_1192",3.03452497507329,0.002,0.0296355140186916,0.338819178082192,"Curculionidae","Scolytinae","Pityogenes","Pityogenes hopkinsi","k__Fungi","p__Basidiomycota","c__Agaricomycetes","o__Auriculariales","f__Exidiaceae","g__Exidia","s__glandulosa","positive"
"Pityogenes hopkinsi","ASV_1207",3.69985910439924,0.002,0.0296355140186916,0.338819178082192,"Curculionidae","Scolytinae","Pityogenes","Pityogenes hopkinsi","k__Fungi","p__Ascomycota","c__Dothideomycetes","o__Pleosporales","f__Lophiotremataceae","g__Atrocalyx",NA,"positive"
"Pityogenes hopkinsi","ASV_1222",4.50510156392965,0.002,0.0296355140186916,0.338819178082192,"Curculionidae","Scolytinae","Pityogenes","Pityogenes hopkinsi","k__Fungi","p__Ascomycota","c__Leotiomycetes","o__Rhytismatales","f__Rhytismataceae","g__Lophodermium","s__macci","positive"
"Pityogenes hopkinsi","ASV_1324",2.70248510895867,0.002,0.0296355140186916,0.338819178082192,"Curculionidae","Scolytinae","Pityogenes","Pityogenes hopkinsi","k__Fungi","p__Basidiomycota","c__Tremellomycetes","o__Tremellales","f__Phaeotremellaceae","g__Phaeotremella",NA,"positive"
"Pityogenes hopkinsi","ASV_1465",2.63526677760852,0.002,0.0296355140186916,0.338819178082192,"Curculionidae","Scolytinae","Pityogenes","Pityogenes hopkinsi","k__Fungi","p__Ascomycota","c__Lecanoromycetes","o__Lecanorales","f__Lecanoraceae","g__Lecanora",NA,"positive"
"Pityogenes hopkinsi","ASV_1476",4.04679621131922,0.002,0.0296355140186916,0.338819178082192,"Curculionidae","Scolytinae","Pityogenes","Pityogenes hopkinsi","k__Fungi","p__Basidiomycota","c__Agaricomycetes","o__Polyporales","f__Phanerochaetaceae","g__Bjerkandera","s__adusta","positive"
"Pityogenes hopkinsi","ASV_1495",-3.79871692891781,0.002,0.0296355140186916,0.338819178082192,"Curculionidae","Scolytinae","Pityogenes","Pityogenes hopkinsi","k__Fungi","p__Ascomycota","c__Leotiomycetes","o__Rhytismatales","f__Rhytismataceae","g__Colpoma",NA,"negative"
"Pityogenes hopkinsi","ASV_1552",-2.40407876805247,0.002,0.0296355140186916,0.338819178082192,"Curculionidae","Scolytinae","Pityogenes","Pityogenes hopkinsi","k__Fungi","p__Basidiomycota","c__Microbotryomycetes","o__Sporidiobolales","f__Sporidiobolaceae","g__Rhodotorula","s__glutinis","negative"
"Pityogenes hopkinsi","ASV_1570",3.29358760991145,0.002,0.0296355140186916,0.338819178082192,"Curculionidae","Scolytinae","Pityogenes","Pityogenes hopkinsi","k__Fungi","p__Ascomycota","c__Sordariomycetes","o__Xylariales","f__Graphostromataceae","g__Graphostroma","s__platystoma","positive"
"Pityogenes hopkinsi","ASV_1698",3.95367737821078,0.002,0.0296355140186916,0.338819178082192,"Curculionidae","Scolytinae","Pityogenes","Pityogenes hopkinsi","k__Fungi","p__Ascomycota",NA,NA,NA,NA,NA,"positive"
"Pityogenes hopkinsi","ASV_1784",4.6956085302952,0.002,0.0296355140186916,0.338819178082192,"Curculionidae","Scolytinae","Pityogenes","Pityogenes hopkinsi","k__Fungi","p__Ascomycota","c__Leotiomycetes","o__Helotiales","f__Lachnaceae","g__Proliferodiscus","s__tricolor","positive"
"Pityogenes hopkinsi","ASV_1814",-2.71116703340905,0.002,0.0296355140186916,0.338819178082192,"Curculionidae","Scolytinae","Pityogenes","Pityogenes hopkinsi","k__Fungi","p__Ascomycota",NA,NA,NA,NA,NA,"negative"
"Pityogenes hopkinsi","ASV_1830",2.98347720881195,0.002,0.0296355140186916,0.338819178082192,"Curculionidae","Scolytinae","Pityogenes","Pityogenes hopkinsi","k__Fungi","p__Ascomycota","c__Sordariomycetes","o__Diaporthales","f__Harknessiaceae","g__Harknessia",NA,"positive"
"Pityogenes hopkinsi","ASV_2051",-3.32837609995229,0.002,0.0296355140186916,0.338819178082192,"Curculionidae","Scolytinae","Pityogenes","Pityogenes hopkinsi","k__Fungi","p__Ascomycota","c__Leotiomycetes","o__Rhytismatales",NA,NA,NA,"negative"
"Pityogenes hopkinsi","ASV_2369",-3.44505902772846,0.002,0.0296355140186916,0.338819178082192,"Curculionidae","Scolytinae","Pityogenes","Pityogenes hopkinsi","k__Fungi","p__Ascomycota","c__Dothideomycetes","o__Pleosporales","f__Phaeosphaeriaceae","g__Acericola","s__italica","negative"
"Pityogenes hopkinsi","ASV_2690",3.59862772278169,0.002,0.0296355140186916,0.338819178082192,"Curculionidae","Scolytinae","Pityogenes","Pityogenes hopkinsi","k__Fungi","p__Ascomycota","c__Sordariomycetes","o__Diaporthales","f__Sydowiellaceae",NA,NA,"positive"
"Pityogenes hopkinsi","ASV_2892",5.26033115477111,0.002,0.0296355140186916,0.338819178082192,"Curculionidae","Scolytinae","Pityogenes","Pityogenes hopkinsi","k__Fungi","p__Ascomycota","c__Dothideomycetes","o__Pleosporales","f__Lentitheciaceae","g__Pleurophoma",NA,"positive"
"Pityogenes hopkinsi","ASV_3238",-2.57207214547326,0.002,0.0296355140186916,0.338819178082192,"Curculionidae","Scolytinae","Pityogenes","Pityogenes hopkinsi","k__Fungi","p__Ascomycota","c__Dothideomycetes","o__Dothideales","f__Dothioraceae","g__Dothiora",NA,"negative"
"Pityogenes hopkinsi","ASV_3239",5.7611259231077,0.002,0.0296355140186916,0.338819178082192,"Curculionidae","Scolytinae","Pityogenes","Pityogenes hopkinsi","k__Fungi","p__Basidiomycota",NA,NA,NA,NA,NA,"positive"
"Pityogenes hopkinsi","ASV_3529",3.276635847059,0.002,0.0296355140186916,0.338819178082192,"Curculionidae","Scolytinae","Pityogenes","Pityogenes hopkinsi","k__Fungi","p__Basidiomycota","c__Agaricomycetes","o__Agaricales","f__Psathyrellaceae","g__Coprinellus","s__micaceus","positive"
"Pityogenes hopkinsi","ASV_3552",-3.4262193916695,0.002,0.0296355140186916,0.338819178082192,"Curculionidae","Scolytinae","Pityogenes","Pityogenes hopkinsi","k__Fungi","p__Ascomycota",NA,NA,NA,NA,NA,"negative"
"Pityogenes hopkinsi","ASV_3651",3.60442272810435,0.002,0.0296355140186916,0.338819178082192,"Curculionidae","Scolytinae","Pityogenes","Pityogenes hopkinsi","k__Fungi","p__Ascomycota","c__Eurotiomycetes","o__Verrucariales","f__Verrucariaceae","g__Verrucariaceae_gen_Incertae_sedis",NA,"positive"
"Pityogenes hopkinsi","ASV_3713",3.84389183562002,0.002,0.0296355140186916,0.338819178082192,"Curculionidae","Scolytinae","Pityogenes","Pityogenes hopkinsi","k__Fungi","p__Ascomycota","c__Sordariomycetes","o__Calosphaeriales","f__Calosphaeriaceae","g__Jattaea",NA,"positive"
"Pityogenes hopkinsi","ASV_4311",-3.35087818195266,0.002,0.0296355140186916,0.338819178082192,"Curculionidae","Scolytinae","Pityogenes","Pityogenes hopkinsi","k__Fungi","p__Ascomycota",NA,NA,NA,NA,NA,"negative"
"Pityogenes hopkinsi","ASV_4336",-3.94240277303897,0.002,0.0296355140186916,0.338819178082192,"Curculionidae","Scolytinae","Pityogenes","Pityogenes hopkinsi","k__Fungi","p__Ascomycota","c__Saccharomycetes","o__Saccharomycetales","f__Saccharomycodaceae","g__Hanseniaspora",NA,"negative"
"Pityogenes hopkinsi","ASV_4505",3.12401956319021,0.002,0.0296355140186916,0.338819178082192,"Curculionidae","Scolytinae","Pityogenes","Pityogenes hopkinsi","k__Fungi",NA,NA,NA,NA,NA,NA,"positive"
"Pityogenes hopkinsi","ASV_4537",-3.1123055978434,0.002,0.0296355140186916,0.338819178082192,"Curculionidae","Scolytinae","Pityogenes","Pityogenes hopkinsi","k__Fungi","p__Ascomycota","c__Dothideomycetes","o__Capnodiales","f__Neoantennariellaceae","g__Cippumomyces","s__mortalis","negative"
"Pityogenes hopkinsi","ASV_4784",4.44608836738535,0.002,0.0296355140186916,0.338819178082192,"Curculionidae","Scolytinae","Pityogenes","Pityogenes hopkinsi","k__Fungi","p__Ascomycota",NA,NA,NA,NA,NA,"positive"
"Pityogenes hopkinsi","ASV_4847",-2.2132144547818,0.002,0.0296355140186916,0.338819178082192,"Curculionidae","Scolytinae","Pityogenes","Pityogenes hopkinsi","k__Fungi","p__Ascomycota","c__Dothideomycetes","o__Dothideales","f__Saccotheciaceae","g__Aureobasidium",NA,"negative"
"Pityogenes hopkinsi","ASV_4856",-3.16434278659258,0.002,0.0296355140186916,0.338819178082192,"Curculionidae","Scolytinae","Pityogenes","Pityogenes hopkinsi","k__Fungi","p__Ascomycota","c__Dothideomycetes","o__Pleosporales","f__Pleosporaceae","g__Stemphylium","s__globuliferum","negative"
"Pityogenes hopkinsi","ASV_4933",-3.05572561993791,0.002,0.0296355140186916,0.338819178082192,"Curculionidae","Scolytinae","Pityogenes","Pityogenes hopkinsi","k__Fungi","p__Ascomycota","c__Dothideomycetes","o__Pleosporales",NA,NA,NA,"negative"
"Pityogenes hopkinsi","ASV_5022",-2.22103957646735,0.002,0.0296355140186916,0.338819178082192,"Curculionidae","Scolytinae","Pityogenes","Pityogenes hopkinsi","k__Fungi","p__Ascomycota","c__Sordariomycetes","o__Xylariales","f__Xylariaceae","g__Virgaria","s__nigra","negative"
"Pityogenes hopkinsi","ASV_5338",-2.91519267129153,0.002,0.0296355140186916,0.338819178082192,"Curculionidae","Scolytinae","Pityogenes","Pityogenes hopkinsi","k__Fungi","p__Basidiomycota","c__Tremellomycetes","o__Tremellales","f__Tremellales_fam_Incertae_sedis","g__Tremellales_gen_Incertae_sedis",NA,"negative"
"Pityogenes hopkinsi","ASV_5359",-2.79027365962135,0.002,0.0296355140186916,0.338819178082192,"Curculionidae","Scolytinae","Pityogenes","Pityogenes hopkinsi","k__Fungi","p__Ascomycota","c__Dothideomycetes","o__Pleosporales","f__Lophiotremataceae",NA,NA,"negative"
"Pityogenes hopkinsi","ASV_5638",-2.81148548230478,0.002,0.0296355140186916,0.338819178082192,"Curculionidae","Scolytinae","Pityogenes","Pityogenes hopkinsi","k__Fungi",NA,NA,NA,NA,NA,NA,"negative"
"Pityogenes hopkinsi","ASV_5641",-2.50226321500642,0.002,0.0296355140186916,0.338819178082192,"Curculionidae","Scolytinae","Pityogenes","Pityogenes hopkinsi","k__Fungi","p__Ascomycota","c__Dothideomycetes","o__Pleosporales","f__Didymosphaeriaceae","g__Paracamarosporium",NA,"negative"
"Pityogenes hopkinsi","ASV_5687",-4.36475208528725,0.002,0.0296355140186916,0.338819178082192,"Curculionidae","Scolytinae","Pityogenes","Pityogenes hopkinsi","k__Fungi","p__Ascomycota","c__Eurotiomycetes","o__Chaetothyriales","f__Herpotrichiellaceae",NA,NA,"negative"
"Pityogenes hopkinsi","ASV_5826",-2.79935125927723,0.002,0.0296355140186916,0.338819178082192,"Curculionidae","Scolytinae","Pityogenes","Pityogenes hopkinsi","k__Fungi","p__Ascomycota","c__Dothideomycetes","o__Pleosporales","f__Didymosphaeriaceae","g__Paracamarosporium",NA,"negative"
"Pityogenes hopkinsi","ASV_5909",-1.86514651716003,0.002,0.0296355140186916,0.338819178082192,"Curculionidae","Scolytinae","Pityogenes","Pityogenes hopkinsi","k__Fungi","p__Basidiomycota","c__Microbotryomycetes","o__Sporidiobolales","f__Sporidiobolaceae","g__Rhodosporidiobolus","s__oreadorum","negative"
"Pityogenes hopkinsi","ASV_6033",-2.64629707283942,0.002,0.0296355140186916,0.338819178082192,"Curculionidae","Scolytinae","Pityogenes","Pityogenes hopkinsi","k__Fungi","p__Basidiomycota","c__Tremellomycetes","o__Tremellales","f__Tremellaceae","g__Tremella","s__nivalis","negative"
"Pityogenes hopkinsi","ASV_6170",-3.48297923181355,0.002,0.0296355140186916,0.338819178082192,"Curculionidae","Scolytinae","Pityogenes","Pityogenes hopkinsi","k__Fungi","p__Ascomycota","c__Dothideomycetes","o__Dothideales","f__Dothioraceae","g__Pringsheimia","s__smilacis","negative"
"Pityogenes hopkinsi","ASV_6210",-3.1220454743128,0.002,0.0296355140186916,0.338819178082192,"Curculionidae","Scolytinae","Pityogenes","Pityogenes hopkinsi","k__Fungi","p__Ascomycota","c__Eurotiomycetes","o__Chaetothyriales","f__Herpotrichiellaceae","g__Nadsoniella","s__nigra","negative"
"Pityogenes hopkinsi","ASV_6326",-3.36131880732121,0.002,0.0296355140186916,0.338819178082192,"Curculionidae","Scolytinae","Pityogenes","Pityogenes hopkinsi","k__Fungi","p__Ascomycota","c__Dothideomycetes","o__Pleosporales","f__Didymosphaeriaceae","g__Paracamarosporium",NA,"negative"
"Pityogenes hopkinsi","ASV_6453",3.48696319135855,0.002,0.0296355140186916,0.338819178082192,"Curculionidae","Scolytinae","Pityogenes","Pityogenes hopkinsi","k__Fungi","p__Ascomycota","c__Dothideomycetes","o__Pleosporales","f__Lophiostomataceae","g__Lophiostomataceae_gen_Incertae_sedis",NA,"positive"
"Pityogenes hopkinsi","ASV_6496",3.23096972287706,0.002,0.0296355140186916,0.338819178082192,"Curculionidae","Scolytinae","Pityogenes","Pityogenes hopkinsi","k__Fungi","p__Basidiomycota","c__Agaricomycetes","o__Agaricales","f__Crepidotaceae",NA,NA,"positive"
"Pityogenes hopkinsi","ASV_6583",-2.2044617606281,0.002,0.0296355140186916,0.338819178082192,"Curculionidae","Scolytinae","Pityogenes","Pityogenes hopkinsi","k__Fungi","p__Chytridiomycota","c__Spizellomycetes","o__Spizellomycetales","f__Spizellomycetales_fam_Incertae_sedis","g__Spizellomycetales_gen_Incertae_sedis",NA,"negative"
"Pityogenes hopkinsi","ASV_6646",-2.98847060077163,0.002,0.0296355140186916,0.338819178082192,"Curculionidae","Scolytinae","Pityogenes","Pityogenes hopkinsi","k__Fungi","p__Ascomycota","c__Dothideomycetes","o__Dothideales","f__Dothioraceae","g__Kabatina",NA,"negative"
"Pityogenes hopkinsi","ASV_6661",-4.01140803755081,0.002,0.0296355140186916,0.338819178082192,"Curculionidae","Scolytinae","Pityogenes","Pityogenes hopkinsi","k__Fungi","p__Basidiomycota","c__Agaricomycetes","o__Russulales","f__Peniophoraceae","g__Peniophora","s__cinerea","negative"
"Pityogenes hopkinsi","ASV_6739",-3.76484548666112,0.002,0.0296355140186916,0.338819178082192,"Curculionidae","Scolytinae","Pityogenes","Pityogenes hopkinsi","k__Fungi","p__Ascomycota","c__Dothideomycetes","o__Dothideales","f__Dothioraceae","g__Dothiora",NA,"negative"
"Pityogenes hopkinsi","ASV_6977",-2.96656423251294,0.002,0.0296355140186916,0.338819178082192,"Curculionidae","Scolytinae","Pityogenes","Pityogenes hopkinsi","k__Fungi","p__Ascomycota","c__Leotiomycetes","o__Phacidiales","f__Phacidiaceae","g__Phacidium","s__lacerum","negative"
"Pityogenes hopkinsi","ASV_7092",-2.60521211283186,0.002,0.0296355140186916,0.338819178082192,"Curculionidae","Scolytinae","Pityogenes","Pityogenes hopkinsi","k__Fungi","p__Ascomycota","c__Eurotiomycetes","o__Mycocaliciales","f__Mycocaliciaceae","g__Chaenothecopsis",NA,"negative"
"Pityogenes hopkinsi","ASV_7183",-3.38485195558332,0.002,0.0296355140186916,0.338819178082192,"Curculionidae","Scolytinae","Pityogenes","Pityogenes hopkinsi","k__Fungi","p__Basidiomycota","c__Agaricomycetes","o__Polyporales","f__Irpicaceae","g__Irpex","s__lacteus","negative"
"Pityogenes hopkinsi","ASV_7623",-3.5194140286141,0.002,0.0296355140186916,0.338819178082192,"Curculionidae","Scolytinae","Pityogenes","Pityogenes hopkinsi","k__Fungi","p__Ascomycota","c__Dothideomycetes","o__Patellariales","f__Patellariaceae","g__Rhizodiscina","s__lignyota","negative"
"Pityogenes hopkinsi","ASV_7660",-2.46082760418071,0.002,0.0296355140186916,0.338819178082192,"Curculionidae","Scolytinae","Pityogenes","Pityogenes hopkinsi","k__Fungi","p__Ascomycota","c__Eurotiomycetes","o__Sclerococcales","f__Dactylosporaceae","g__Dactylospora",NA,"negative"
"Pityogenes hopkinsi","ASV_7791",-2.79267350033151,0.002,0.0296355140186916,0.338819178082192,"Curculionidae","Scolytinae","Pityogenes","Pityogenes hopkinsi","k__Fungi","p__Basidiomycota","c__Tremellomycetes","o__Tremellales","f__Tremellaceae","g__Tremellaceae_gen_Incertae_sedis",NA,"negative"
"Pityogenes hopkinsi","ASV_7926",-3.97270232091215,0.002,0.0296355140186916,0.338819178082192,"Curculionidae","Scolytinae","Pityogenes","Pityogenes hopkinsi","k__Fungi","p__Basidiomycota","c__Agaricomycetes","o__Polyporales","f__Fomitopsidaceae","g__Brunneoporus","s__cyclopis","negative"
"Pityogenes hopkinsi","ASV_8076",-3.59057562027063,0.002,0.0296355140186916,0.338819178082192,"Curculionidae","Scolytinae","Pityogenes","Pityogenes hopkinsi","k__Fungi","p__Basidiomycota","c__Agaricomycetes","o__Agaricales","f__Pleurotaceae","g__Hohenbuehelia","s__canadensis","negative"
"Pityogenes hopkinsi","ASV_8186",-2.47855962965217,0.002,0.0296355140186916,0.338819178082192,"Curculionidae","Scolytinae","Pityogenes","Pityogenes hopkinsi","k__Fungi","p__Basidiomycota","c__Tremellomycetes","o__Tremellales","f__Cryptococcaceae","g__Kwoniella","s__mangrovensis","negative"
"Pityogenes hopkinsi","ASV_8239",5.54583161011433,0.002,0.0296355140186916,0.338819178082192,"Curculionidae","Scolytinae","Pityogenes","Pityogenes hopkinsi","k__Fungi","p__Ascomycota","c__Sordariomycetes","o__Sordariomycetes_ord_Incertae_sedis","f__Sordariomycetes_fam_Incertae_sedis","g__Rhamphoria","s__pyriformis","positive"
"Pityogenes hopkinsi","ASV_8783",-2.33840271834134,0.002,0.0296355140186916,0.338819178082192,"Curculionidae","Scolytinae","Pityogenes","Pityogenes hopkinsi","k__Fungi","p__Ascomycota","c__Saccharomycetes","o__Saccharomycetales","f__Saccharomycopsidaceae",NA,NA,"negative"
"Pityogenes hopkinsi","ASV_9006",-3.44771436204801,0.002,0.0296355140186916,0.338819178082192,"Curculionidae","Scolytinae","Pityogenes","Pityogenes hopkinsi","k__Fungi","p__Ascomycota","c__Dothideomycetes","o__Pleosporales","f__Melanommataceae",NA,NA,"negative"
"Pityogenes hopkinsi","ASV_9039",-3.20348722614385,0.002,0.0296355140186916,0.338819178082192,"Curculionidae","Scolytinae","Pityogenes","Pityogenes hopkinsi","k__Fungi","p__Mucoromycota","c__Mucoromycetes","o__Mucorales","f__Mucoraceae","g__Mucor","s__hiemalis","negative"
"Pityogenes hopkinsi","ASV_9135",-3.24510941391052,0.002,0.0296355140186916,0.338819178082192,"Curculionidae","Scolytinae","Pityogenes","Pityogenes hopkinsi","k__Fungi","p__Basidiomycota","c__Tremellomycetes","o__Tremellales","f__Cryptococcaceae","g__Cryptococcus","s__watticus","negative"
"Pityogenes hopkinsi","ASV_9152",-3.43068137936123,0.002,0.0296355140186916,0.338819178082192,"Curculionidae","Scolytinae","Pityogenes","Pityogenes hopkinsi","k__Fungi","p__Ascomycota","c__Sordariomycetes",NA,NA,NA,NA,"negative"
"Pityogenes hopkinsi","ASV_9241",-2.84666163367678,0.002,0.0296355140186916,0.338819178082192,"Curculionidae","Scolytinae","Pityogenes","Pityogenes hopkinsi","k__Fungi","p__Ascomycota","c__Eurotiomycetes","o__Chaetothyriales","f__Chaetothyriaceae","g__Camptophora","s__hylomeconis","negative"
"Pityogenes hopkinsi","ASV_9252",-3.23796180141124,0.002,0.0296355140186916,0.338819178082192,"Curculionidae","Scolytinae","Pityogenes","Pityogenes hopkinsi","k__Fungi","p__Basidiomycota","c__Agaricomycetes","o__Polyporales","f__Phanerochaetaceae","g__Phanerochaete","s__bambusicola","negative"
"Pityogenes hopkinsi","ASV_9355",-3.05228659642957,0.002,0.0296355140186916,0.338819178082192,"Curculionidae","Scolytinae","Pityogenes","Pityogenes hopkinsi","k__Fungi","p__Ascomycota","c__Dothideomycetes","o__Pleosporales","f__Lentitheciaceae","g__Pleurophoma",NA,"negative"
"Pityogenes hopkinsi","ASV_9467",-3.03402158678796,0.002,0.0296355140186916,0.338819178082192,"Curculionidae","Scolytinae","Pityogenes","Pityogenes hopkinsi","k__Fungi","p__Basidiomycota","c__Exobasidiomycetes","o__Exobasidiales","f__Exobasidiaceae","g__Exobasidium","s__miyabei","negative"
"Pityogenes hopkinsi","ASV_9950",3.63613570610088,0.002,0.0296355140186916,0.338819178082192,"Curculionidae","Scolytinae","Pityogenes","Pityogenes hopkinsi","k__Fungi","p__Ascomycota","c__Lecanoromycetes","o__Lecanorales","f__Lecanoraceae","g__Lecidella",NA,"positive"
"Pityogenes hopkinsi","ASV_10027",-3.36419374350243,0.002,0.0296355140186916,0.338819178082192,"Curculionidae","Scolytinae","Pityogenes","Pityogenes hopkinsi","k__Fungi","p__Basidiomycota","c__Agaricomycetes","o__Hymenochaetales","f__Schizoporaceae","g__Lyomyces",NA,"negative"
"Pityogenes hopkinsi","ASV_10083",4.04346404351808,0.002,0.0296355140186916,0.338819178082192,"Curculionidae","Scolytinae","Pityogenes","Pityogenes hopkinsi","k__Fungi","p__Basidiomycota","c__Agaricomycetes","o__Hymenochaetales","f__Tubulicrinaceae","g__Tubulicrinis","s__accedens","positive"
"Pityogenes hopkinsi","ASV_10138",-2.95692450644985,0.002,0.0296355140186916,0.338819178082192,"Curculionidae","Scolytinae","Pityogenes","Pityogenes hopkinsi","k__Fungi","p__Basidiomycota","c__Agaricomycetes","o__Polyporales","f__Irpicaceae","g__Irpex","s__lacteus","negative"
"Pityogenes hopkinsi","ASV_10164",-3.49323606904825,0.002,0.0296355140186916,0.338819178082192,"Curculionidae","Scolytinae","Pityogenes","Pityogenes hopkinsi","k__Fungi","p__Ascomycota","c__Leotiomycetes","o__Helotiales","f__Helotiaceae","g__Claussenomyces","s__kirschsteinianus","negative"
"Pityogenes hopkinsi","ASV_10210",-3.94511701463065,0.002,0.0296355140186916,0.338819178082192,"Curculionidae","Scolytinae","Pityogenes","Pityogenes hopkinsi","k__Fungi","p__Ascomycota","c__Dothideomycetes","o__Pleosporales","f__Cucurbitariaceae","g__Neocucurbitaria",NA,"negative"
"Pityogenes hopkinsi","ASV_10291",-2.73607886294896,0.002,0.0296355140186916,0.338819178082192,"Curculionidae","Scolytinae","Pityogenes","Pityogenes hopkinsi","k__Fungi","p__Basidiomycota","c__Agaricomycetes","o__Agaricales","f__Pleurotaceae","g__Hohenbuehelia","s__carlothornii","negative"
"Pityogenes hopkinsi","ASV_10442",-3.83719149781499,0.002,0.0296355140186916,0.338819178082192,"Curculionidae","Scolytinae","Pityogenes","Pityogenes hopkinsi","k__Fungi","p__Basidiomycota","c__Agaricomycetes","o__Agaricales","f__Pleurotaceae","g__Hohenbuehelia",NA,"negative"
"Pityogenes hopkinsi","ASV_10591",-3.20883924096165,0.002,0.0296355140186916,0.338819178082192,"Curculionidae","Scolytinae","Pityogenes","Pityogenes hopkinsi","k__Fungi","p__Basidiomycota","c__Tremellomycetes","o__Tremellales","f__Bulleribasidiaceae","g__Vishniacozyma","s__taibaiensis","negative"
"Pityogenes hopkinsi","ASV_10697",5.49283896767627,0.002,0.0296355140186916,0.338819178082192,"Curculionidae","Scolytinae","Pityogenes","Pityogenes hopkinsi","k__Fungi","p__Ascomycota","c__Lecanoromycetes","o__Lecanorales","f__Lecanoraceae","g__Lecidella","s__albida","positive"
"Pityogenes hopkinsi","ASV_10756",-3.13520613028423,0.002,0.0296355140186916,0.338819178082192,"Curculionidae","Scolytinae","Pityogenes","Pityogenes hopkinsi","k__Fungi","p__Ascomycota","c__Dothideomycetes","o__Pleosporales",NA,NA,NA,"negative"
"Pityogenes hopkinsi","ASV_10890",-3.71254620948824,0.002,0.0296355140186916,0.338819178082192,"Curculionidae","Scolytinae","Pityogenes","Pityogenes hopkinsi","k__Fungi","p__Basidiomycota","c__Agaricomycetes","o__Polyporales","f__Meruliaceae","g__Scopuloides","s__hydnoides","negative"
"Pityogenes hopkinsi","ASV_11071",-2.55625028569753,0.002,0.0296355140186916,0.338819178082192,"Curculionidae","Scolytinae","Pityogenes","Pityogenes hopkinsi","k__Fungi","p__Basidiomycota","c__Microbotryomycetes","o__Microbotryomycetes_ord_Incertae_sedis","f__Microbotryomycetes_fam_Incertae_sedis","g__Curvibasidium",NA,"negative"
"Pityogenes hopkinsi","ASV_11320",-3.57119347148792,0.002,0.0296355140186916,0.338819178082192,"Curculionidae","Scolytinae","Pityogenes","Pityogenes hopkinsi","k__Fungi","p__Basidiomycota","c__Microbotryomycetes","o__Microbotryomycetes_ord_Incertae_sedis","f__Microbotryomycetes_fam_Incertae_sedis","g__Curvibasidium",NA,"negative"
"Pityogenes hopkinsi","ASV_11483",-4.30680086768242,0.002,0.0296355140186916,0.338819178082192,"Curculionidae","Scolytinae","Pityogenes","Pityogenes hopkinsi","k__Fungi","p__Ascomycota","c__Leotiomycetes","o__Helotiales","f__Tympanidaceae","g__Tympanis",NA,"negative"
"Pityogenes hopkinsi","ASV_11525",-2.65709158312513,0.002,0.0296355140186916,0.338819178082192,"Curculionidae","Scolytinae","Pityogenes","Pityogenes hopkinsi","k__Fungi",NA,NA,NA,NA,NA,NA,"negative"
"Pityogenes hopkinsi","ASV_12042",-2.97555342921257,0.002,0.0296355140186916,0.338819178082192,"Curculionidae","Scolytinae","Pityogenes","Pityogenes hopkinsi","k__Fungi","p__Ascomycota","c__Dothideomycetes","o__Dothideales","f__Dothioraceae","g__Dothiora",NA,"negative"
"Pityogenes hopkinsi","ASV_12290",-3.98633217064772,0.002,0.0296355140186916,0.338819178082192,"Curculionidae","Scolytinae","Pityogenes","Pityogenes hopkinsi","k__Fungi","p__Basidiomycota","c__Cystobasidiomycetes","o__Erythrobasidiales",NA,NA,NA,"negative"
"Pityogenes hopkinsi","ASV_12370",-2.14486698502374,0.002,0.0296355140186916,0.338819178082192,"Curculionidae","Scolytinae","Pityogenes","Pityogenes hopkinsi","k__Fungi","p__Ascomycota","c__Dothideomycetes","o__Dothideales","f__Aureobasidiaceae","g__Kabatiella",NA,"negative"
"Pityogenes hopkinsi","ASV_12404",-3.44475047084083,0.002,0.0296355140186916,0.338819178082192,"Curculionidae","Scolytinae","Pityogenes","Pityogenes hopkinsi","k__Fungi","p__Basidiomycota","c__Cystobasidiomycetes","o__Cystobasidiales","f__Cystobasidiaceae","g__Cystobasidium","s__pinicola","negative"
"Pityogenes hopkinsi","ASV_12783",-3.55647477730749,0.002,0.0296355140186916,0.338819178082192,"Curculionidae","Scolytinae","Pityogenes","Pityogenes hopkinsi","k__Fungi","p__Basidiomycota","c__Agaricomycetes","o__Hymenochaetales","f__Schizoporaceae","g__Xylodon","s__erastii","negative"
"Pityogenes hopkinsi","ASV_12835",-3.46651584844641,0.002,0.0296355140186916,0.338819178082192,"Curculionidae","Scolytinae","Pityogenes","Pityogenes hopkinsi","k__Fungi",NA,NA,NA,NA,NA,NA,"negative"
"Pityogenes hopkinsi","ASV_13124",-3.29584942865485,0.002,0.0296355140186916,0.338819178082192,"Curculionidae","Scolytinae","Pityogenes","Pityogenes hopkinsi","k__Fungi","p__Ascomycota","c__Lecanoromycetes","o__Lecanorales","f__Parmeliaceae","g__Flavoparmelia","s__caperata","negative"
"Pityogenes hopkinsi","ASV_13290",-3.71226920074383,0.002,0.0296355140186916,0.338819178082192,"Curculionidae","Scolytinae","Pityogenes","Pityogenes hopkinsi","k__Fungi","p__Basidiomycota","c__Agaricomycetes","o__Russulales","f__Peniophoraceae","g__Peniophora","s__cinerea","negative"
"Pityogenes hopkinsi","ASV_13398",-2.26530755664796,0.002,0.0296355140186916,0.338819178082192,"Curculionidae","Scolytinae","Pityogenes","Pityogenes hopkinsi","k__Fungi","p__Basidiomycota","c__Tremellomycetes","o__Tremellales","f__Bulleribasidiaceae","g__Vishniacozyma","s__victoriae","negative"
"Pityogenes hopkinsi","ASV_13482",-2.40544497639962,0.002,0.0296355140186916,0.338819178082192,"Curculionidae","Scolytinae","Pityogenes","Pityogenes hopkinsi","k__Fungi","p__Ascomycota","c__Leotiomycetes","o__Rhytismatales","f__Rhytismataceae","g__Coccomyces","s__triangularis","negative"
"Pityogenes hopkinsi","ASV_13597",-3.32732536351196,0.002,0.0296355140186916,0.338819178082192,"Curculionidae","Scolytinae","Pityogenes","Pityogenes hopkinsi","k__Fungi","p__Ascomycota","c__Leotiomycetes","o__Helotiales","f__Vibrisseaceae","g__Vibrissea",NA,"negative"
"Pityogenes hopkinsi","ASV_13666",-2.32726489095485,0.002,0.0296355140186916,0.338819178082192,"Curculionidae","Scolytinae","Pityogenes","Pityogenes hopkinsi","k__Fungi","p__Basidiomycota","c__Agaricostilbomycetes","o__Agaricostilbales",NA,NA,NA,"negative"
"Pityogenes hopkinsi","ASV_13669",-4.03671209808685,0.002,0.0296355140186916,0.338819178082192,"Curculionidae","Scolytinae","Pityogenes","Pityogenes hopkinsi","k__Fungi","p__Ascomycota","c__Dothideomycetes","o__Pleosporales","f__Phaeosphaeriaceae","g__Leptospora","s__rubella","negative"
"Pityogenes hopkinsi","ASV_14143",-3.55506777911537,0.002,0.0296355140186916,0.338819178082192,"Curculionidae","Scolytinae","Pityogenes","Pityogenes hopkinsi","k__Fungi",NA,NA,NA,NA,NA,NA,"negative"
"Pityogenes hopkinsi","ASV_15002",-3.45846047220392,0.002,0.0296355140186916,0.338819178082192,"Curculionidae","Scolytinae","Pityogenes","Pityogenes hopkinsi","k__Fungi","p__Basidiomycota","c__Agaricomycetes","o__Polyporales","f__Meripilaceae","g__Meripilaceae_gen_Incertae_sedis",NA,"negative"
"Pityogenes hopkinsi","ASV_15147",-2.83217108554759,0.002,0.0296355140186916,0.338819178082192,"Curculionidae","Scolytinae","Pityogenes","Pityogenes hopkinsi","k__Fungi","p__Basidiomycota","c__Microbotryomycetes","o__Microbotryomycetes_ord_Incertae_sedis",NA,NA,NA,"negative"
"Pityogenes hopkinsi","ASV_15582",-2.73889542747372,0.002,0.0296355140186916,0.338819178082192,"Curculionidae","Scolytinae","Pityogenes","Pityogenes hopkinsi","k__Fungi","p__Ascomycota","c__Dothideomycetes","o__Dothideomycetidae_ord_Incertae_sedis","f__Pseudoperisporiaceae","g__Eudimeriolum","s__septentrionale","negative"
"Pityogenes hopkinsi","ASV_15740",-3.69041151123068,0.002,0.0296355140186916,0.338819178082192,"Curculionidae","Scolytinae","Pityogenes","Pityogenes hopkinsi","k__Fungi","p__Basidiomycota","c__Agaricomycetes","o__Russulales","f__Peniophoraceae","g__Peniophora","s__cinerea","negative"
"Pityogenes hopkinsi","ASV_15958",-3.56547267858672,0.002,0.0296355140186916,0.338819178082192,"Curculionidae","Scolytinae","Pityogenes","Pityogenes hopkinsi","k__Fungi","p__Ascomycota","c__Eurotiomycetes","o__Chaetothyriales","f__Trichomeriaceae","g__Trichomerium",NA,"negative"
"Pityogenes hopkinsi","ASV_16233",-3.2901035011955,0.002,0.0296355140186916,0.338819178082192,"Curculionidae","Scolytinae","Pityogenes","Pityogenes hopkinsi","k__Fungi","p__Basidiomycota","c__Agaricomycetes","o__Hymenochaetales","f__Tubulicrinaceae","g__Tubulicrinis","s__angustus","negative"
"Pityogenes hopkinsi","ASV_16235",-2.37474803127301,0.002,0.0296355140186916,0.338819178082192,"Curculionidae","Scolytinae","Pityogenes","Pityogenes hopkinsi","k__Fungi","p__Ascomycota","c__Dothideomycetes",NA,NA,NA,NA,"negative"
"Pityogenes hopkinsi","ASV_16457",-3.06721016148971,0.002,0.0296355140186916,0.338819178082192,"Curculionidae","Scolytinae","Pityogenes","Pityogenes hopkinsi","k__Fungi","p__Ascomycota","c__Dothideomycetes","o__Dothideales","f__Dothideaceae","g__Dothidea",NA,"negative"
"Pityogenes hopkinsi","ASV_16760",-3.28963800783246,0.002,0.0296355140186916,0.338819178082192,"Curculionidae","Scolytinae","Pityogenes","Pityogenes hopkinsi","k__Fungi","p__Basidiomycota","c__Agaricomycetes","o__Hymenochaetales","f__Schizoporaceae","g__Xylodon","s__ussuriensis","negative"
"Pityogenes hopkinsi","ASV_17354",-3.37832251912134,0.002,0.0296355140186916,0.338819178082192,"Curculionidae","Scolytinae","Pityogenes","Pityogenes hopkinsi","k__Fungi","p__Ascomycota","c__Dothideomycetes","o__Myriangiales",NA,NA,NA,"negative"
"Pityogenes hopkinsi","ASV_18312",-2.58686261756867,0.002,0.0296355140186916,0.338819178082192,"Curculionidae","Scolytinae","Pityogenes","Pityogenes hopkinsi","k__Fungi","p__Ascomycota","c__Dothideomycetes","o__Dothideales","f__Saccotheciaceae","g__Aureobasidium","s__pullulans","negative"
"Pityogenes hopkinsi","ASV_18369",-3.28980429941233,0.002,0.0296355140186916,0.338819178082192,"Curculionidae","Scolytinae","Pityogenes","Pityogenes hopkinsi","k__Fungi","p__Ascomycota","c__Dothideomycetes","o__Dothideales","f__Dothioraceae","g__Dothiora",NA,"negative"
"Pityogenes hopkinsi","ASV_19050",-3.88545287422155,0.002,0.0296355140186916,0.338819178082192,"Curculionidae","Scolytinae","Pityogenes","Pityogenes hopkinsi","k__Fungi","p__Ascomycota","c__Dothideomycetes","o__Pleosporales","f__Melanommataceae",NA,NA,"negative"
"Pityogenes hopkinsi","ASV_19056",-3.48005530113783,0.002,0.0296355140186916,0.338819178082192,"Curculionidae","Scolytinae","Pityogenes","Pityogenes hopkinsi","k__Fungi","p__Ascomycota","c__Dothideomycetes","o__Dothideales","f__Dothioraceae","g__Dothiora",NA,"negative"
"Pityogenes hopkinsi","ASV_19280",-2.41663050739169,0.002,0.0296355140186916,0.338819178082192,"Curculionidae","Scolytinae","Pityogenes","Pityogenes hopkinsi","k__Fungi","p__Ascomycota","c__Dothideomycetes","o__Mycosphaerellales","f__Teratosphaeriaceae","g__Xenoteratosphaeria","s__jonkershoekensis","negative"
"Pityogenes hopkinsi","ASV_19786",-3.64276836730585,0.002,0.0296355140186916,0.338819178082192,"Curculionidae","Scolytinae","Pityogenes","Pityogenes hopkinsi","k__Fungi","p__Ascomycota","c__Dothideomycetes","o__Capnodiales","f__Cladosporiaceae","g__Cladosporium","s__herbarum","negative"
"Pityogenes hopkinsi","ASV_21247",-3.20674506733954,0.002,0.0296355140186916,0.338819178082192,"Curculionidae","Scolytinae","Pityogenes","Pityogenes hopkinsi","k__Fungi","p__Ascomycota","c__Sordariomycetes","o__Hypocreales","f__Hypocreaceae","g__Trichoderma","s__minutisporum","negative"
"Pityogenes hopkinsi","ASV_21497",-3.23725016099647,0.002,0.0296355140186916,0.338819178082192,"Curculionidae","Scolytinae","Pityogenes","Pityogenes hopkinsi","k__Fungi","p__Ascomycota","c__Dothideomycetes","o__Dothideales",NA,NA,NA,"negative"
"Pityogenes hopkinsi","ASV_21763",-2.95433091881556,0.002,0.0296355140186916,0.338819178082192,"Curculionidae","Scolytinae","Pityogenes","Pityogenes hopkinsi","k__Fungi","p__Basidiomycota","c__Tremellomycetes","o__Tremellales","f__Bulleribasidiaceae","g__Vishniacozyma",NA,"negative"
"Pityogenes hopkinsi","ASV_21772",-2.82175920274788,0.002,0.0296355140186916,0.338819178082192,"Curculionidae","Scolytinae","Pityogenes","Pityogenes hopkinsi","k__Fungi","p__Basidiomycota","c__Tremellomycetes","o__Tremellales",NA,NA,NA,"negative"
"Pityogenes hopkinsi","ASV_21812",-3.12542376027927,0.002,0.0296355140186916,0.338819178082192,"Curculionidae","Scolytinae","Pityogenes","Pityogenes hopkinsi","k__Fungi","p__Ascomycota","c__Dothideomycetes","o__Venturiales","f__Venturiaceae","g__Sympodiella",NA,"negative"
"Pityogenes hopkinsi","ASV_22190",-3.87210476718448,0.002,0.0296355140186916,0.338819178082192,"Curculionidae","Scolytinae","Pityogenes","Pityogenes hopkinsi","k__Fungi","p__Ascomycota","c__Dothideomycetes","o__Dothideales","f__Dothioraceae","g__Kabatina",NA,"negative"
"Pityogenes hopkinsi","ASV_23277",-3.83430000427252,0.002,0.0296355140186916,0.338819178082192,"Curculionidae","Scolytinae","Pityogenes","Pityogenes hopkinsi","k__Fungi","p__Ascomycota","c__Sordariomycetes","o__Hypocreales","f__Hypocreales_fam_Incertae_sedis","g__Acremonium","s__rutilum","negative"
"Pityogenes hopkinsi","ASV_23278",-3.04874135226676,0.002,0.0296355140186916,0.338819178082192,"Curculionidae","Scolytinae","Pityogenes","Pityogenes hopkinsi","k__Fungi","p__Basidiomycota","c__Tremellomycetes","o__Tremellales","f__Bulleribasidiaceae","g__Vishniacozyma","s__dimennae","negative"
"Pityogenes hopkinsi","ASV_23971",-3.55586408108253,0.002,0.0296355140186916,0.338819178082192,"Curculionidae","Scolytinae","Pityogenes","Pityogenes hopkinsi","k__Fungi","p__Basidiomycota","c__Tremellomycetes","o__Tremellales","f__Bulleraceae","g__Fonsecazyma",NA,"negative"
"Pityogenes hopkinsi","ASV_24283",-3.28010206796313,0.002,0.0296355140186916,0.338819178082192,"Curculionidae","Scolytinae","Pityogenes","Pityogenes hopkinsi","k__Fungi","p__Ascomycota","c__Dothideomycetes","o__Dothideales","f__Dothioraceae","g__Dothiora",NA,"negative"
"Pityogenes hopkinsi","ASV_24678",-2.79568533573073,0.002,0.0296355140186916,0.338819178082192,"Curculionidae","Scolytinae","Pityogenes","Pityogenes hopkinsi","k__Fungi","p__Ascomycota",NA,NA,NA,NA,NA,"negative"
"Pityogenes hopkinsi","ASV_25266",-3.43699441399754,0.002,0.0296355140186916,0.338819178082192,"Curculionidae","Scolytinae","Pityogenes","Pityogenes hopkinsi","k__Fungi","p__Ascomycota","c__Dothideomycetes","o__Mycosphaerellales","f__Mycosphaerellaceae","g__Acrodontium","s__crateriforme","negative"
"Pityogenes hopkinsi","ASV_25620",-3.63512724849412,0.002,0.0296355140186916,0.338819178082192,"Curculionidae","Scolytinae","Pityogenes","Pityogenes hopkinsi","k__Fungi","p__Ascomycota","c__Dothideomycetes","o__Dothideales","f__Dothideaceae","g__Rhizosphaera",NA,"negative"
"Pityogenes hopkinsi","ASV_26187",-3.85100676788263,0.002,0.0296355140186916,0.338819178082192,"Curculionidae","Scolytinae","Pityogenes","Pityogenes hopkinsi","k__Fungi","p__Basidiomycota","c__Exobasidiomycetes","o__Microstromatales","f__Microstromataceae","g__Microstroma",NA,"negative"
"Pityogenes hopkinsi","ASV_26409",-3.33266089490601,0.002,0.0296355140186916,0.338819178082192,"Curculionidae","Scolytinae","Pityogenes","Pityogenes hopkinsi","k__Fungi","p__Ascomycota","c__Dothideomycetes","o__Dothideales","f__Saccotheciaceae","g__Aureobasidium",NA,"negative"
"Pityogenes hopkinsi","ASV_26844",-2.8129882431275,0.002,0.0296355140186916,0.338819178082192,"Curculionidae","Scolytinae","Pityogenes","Pityogenes hopkinsi","k__Fungi","p__Ascomycota","c__Lecanoromycetes","o__Lecanorales","f__Lecanoraceae",NA,NA,"negative"
"Pityogenes hopkinsi","ASV_27514",-3.21619697185617,0.002,0.0296355140186916,0.338819178082192,"Curculionidae","Scolytinae","Pityogenes","Pityogenes hopkinsi","k__Fungi","p__Ascomycota","c__Dothideomycetes","o__Mycosphaerellales","f__Mycosphaerellaceae","g__Ramularia",NA,"negative"
"Pityogenes hopkinsi","ASV_28214",-3.17407482869186,0.002,0.0296355140186916,0.338819178082192,"Curculionidae","Scolytinae","Pityogenes","Pityogenes hopkinsi","k__Fungi","p__Ascomycota","c__Dothideomycetes","o__Capnodiales","f__Cladosporiaceae","g__Cladosporium",NA,"negative"
"Pityogenes hopkinsi","ASV_23",-2.59244374535383,0.003,0.0342194244604317,0.367515601783061,"Curculionidae","Scolytinae","Pityogenes","Pityogenes hopkinsi","k__Fungi","p__Ascomycota",NA,NA,NA,NA,NA,"negative"
"Pityogenes hopkinsi","ASV_34",-2.07739390722685,0.003,0.0342194244604317,0.367515601783061,"Curculionidae","Scolytinae","Pityogenes","Pityogenes hopkinsi","k__Fungi","p__Ascomycota",NA,NA,NA,NA,NA,"negative"
"Pityogenes hopkinsi","ASV_127",3.15644779577306,0.003,0.0342194244604317,0.367515601783061,"Curculionidae","Scolytinae","Pityogenes","Pityogenes hopkinsi","k__Fungi","p__Ascomycota","c__Leotiomycetes","o__Thelebolales","f__Pseudeurotiaceae","g__Hyphozyma","s__roseonigra","positive"
"Pityogenes hopkinsi","ASV_169",2.52248246700489,0.003,0.0342194244604317,0.367515601783061,"Curculionidae","Scolytinae","Pityogenes","Pityogenes hopkinsi","k__Fungi","p__Ascomycota","c__Sordariomycetes","o__Diaporthales","f__Valsaceae","g__Cytospora",NA,"positive"
"Pityogenes hopkinsi","ASV_286",2.60620786569138,0.003,0.0342194244604317,0.367515601783061,"Curculionidae","Scolytinae","Pityogenes","Pityogenes hopkinsi","k__Fungi","p__Ascomycota","c__Lecanoromycetes","o__Lecanorales","f__Scoliciosporaceae","g__Scoliciosporum","s__chlorococcum","positive"
"Pityogenes hopkinsi","ASV_355",3.77433510081807,0.003,0.0342194244604317,0.367515601783061,"Curculionidae","Scolytinae","Pityogenes","Pityogenes hopkinsi","k__Fungi","p__Ascomycota","c__Dothideomycetes","o__Pleosporales","f__Cucurbitariaceae","g__Neocucurbitaria","s__populi","positive"
"Pityogenes hopkinsi","ASV_360",-2.30128466343237,0.003,0.0342194244604317,0.367515601783061,"Curculionidae","Scolytinae","Pityogenes","Pityogenes hopkinsi","k__Fungi","p__Ascomycota","c__Dothideomycetes","o__Pleosporales","f__Lophiotremataceae","g__Atrocalyx",NA,"negative"
"Pityogenes hopkinsi","ASV_398",-3.72696904029794,0.003,0.0342194244604317,0.367515601783061,"Curculionidae","Scolytinae","Pityogenes","Pityogenes hopkinsi","k__Fungi",NA,NA,NA,NA,NA,NA,"negative"
"Pityogenes hopkinsi","ASV_499",2.99591446582288,0.003,0.0342194244604317,0.367515601783061,"Curculionidae","Scolytinae","Pityogenes","Pityogenes hopkinsi","k__Fungi","p__Ascomycota","c__Eurotiomycetes","o__Chaetothyriales","f__Epibryaceae","g__Epibryon","s__interlamellare","positive"
"Pityogenes hopkinsi","ASV_575",3.35414398201319,0.003,0.0342194244604317,0.367515601783061,"Curculionidae","Scolytinae","Pityogenes","Pityogenes hopkinsi","k__Fungi","p__Ascomycota","c__Dothideomycetes","o__Pleosporales",NA,NA,NA,"positive"
"Pityogenes hopkinsi","ASV_674",3.07365317931541,0.003,0.0342194244604317,0.367515601783061,"Curculionidae","Scolytinae","Pityogenes","Pityogenes hopkinsi","k__Fungi","p__Ascomycota","c__Dothideomycetes","o__Mycosphaerellales","f__Mycosphaerellaceae","g__Acrodontium","s__crateriforme","positive"
"Pityogenes hopkinsi","ASV_776",2.72855499500053,0.003,0.0342194244604317,0.367515601783061,"Curculionidae","Scolytinae","Pityogenes","Pityogenes hopkinsi","k__Fungi","p__Ascomycota","c__Sordariomycetes","o__Diaporthales","f__Valsaceae","g__Cytospora",NA,"positive"
"Pityogenes hopkinsi","ASV_878",2.7744042407352,0.003,0.0342194244604317,0.367515601783061,"Curculionidae","Scolytinae","Pityogenes","Pityogenes hopkinsi","k__Fungi","p__Ascomycota","c__Dothideomycetes","o__Pleosporales","f__Pleosporaceae","g__Alternaria","s__metachromatica","positive"
"Pityogenes hopkinsi","ASV_879",2.98092308456657,0.003,0.0342194244604317,0.367515601783061,"Curculionidae","Scolytinae","Pityogenes","Pityogenes hopkinsi","k__Fungi","p__Basidiomycota","c__Agaricomycetes","o__Auriculariales","f__Exidiaceae","g__Exidia",NA,"positive"
"Pityogenes hopkinsi","ASV_913",2.88662549780215,0.003,0.0342194244604317,0.367515601783061,"Curculionidae","Scolytinae","Pityogenes","Pityogenes hopkinsi","k__Fungi","p__Ascomycota","c__Sordariomycetes","o__Hypocreales","f__Nectriaceae","g__Thyronectria","s__strobi","positive"
"Pityogenes hopkinsi","ASV_958",-2.73918167959418,0.003,0.0342194244604317,0.367515601783061,"Curculionidae","Scolytinae","Pityogenes","Pityogenes hopkinsi","k__Fungi","p__Basidiomycota","c__Tremellomycetes",NA,NA,NA,NA,"negative"
"Pityogenes hopkinsi","ASV_969",3.66695319330914,0.003,0.0342194244604317,0.367515601783061,"Curculionidae","Scolytinae","Pityogenes","Pityogenes hopkinsi","k__Fungi","p__Ascomycota","c__Sordariomycetes","o__Diaporthales","f__Valsaceae","g__Cytospora","s__populina","positive"
"Pityogenes hopkinsi","ASV_1015",2.40175278369855,0.003,0.0342194244604317,0.367515601783061,"Curculionidae","Scolytinae","Pityogenes","Pityogenes hopkinsi","k__Fungi","p__Ascomycota","c__Leotiomycetes","o__Helotiales",NA,NA,NA,"positive"
"Pityogenes hopkinsi","ASV_1052",-3.16027544023263,0.003,0.0342194244604317,0.367515601783061,"Curculionidae","Scolytinae","Pityogenes","Pityogenes hopkinsi","k__Fungi","p__Ascomycota","c__Saccharomycetes","o__Saccharomycetales","f__Phaffomycetaceae","g__Wickerhamomyces","s__bisporus","negative"
"Pityogenes hopkinsi","ASV_1186",2.9880344214665,0.003,0.0342194244604317,0.367515601783061,"Curculionidae","Scolytinae","Pityogenes","Pityogenes hopkinsi","k__Fungi","p__Ascomycota","c__Sordariomycetes","o__Xylariales","f__Diatrypaceae","g__Diatrype","s__stigma","positive"
"Pityogenes hopkinsi","ASV_1306",3.94890608433805,0.003,0.0342194244604317,0.367515601783061,"Curculionidae","Scolytinae","Pityogenes","Pityogenes hopkinsi","k__Fungi","p__Ascomycota","c__Dothideomycetes","o__Pleosporales","f__Massarinaceae","g__Helminthosporium",NA,"positive"
"Pityogenes hopkinsi","ASV_1337",4.74549093748528,0.003,0.0342194244604317,0.367515601783061,"Curculionidae","Scolytinae","Pityogenes","Pityogenes hopkinsi","k__Fungi","p__Ascomycota","c__Dothideomycetes","o__Pleosporales","f__Pleomonodictydaceae","g__Pleomonodictys","s__descalsii","positive"
"Pityogenes hopkinsi","ASV_1341",3.48705839578698,0.003,0.0342194244604317,0.367515601783061,"Curculionidae","Scolytinae","Pityogenes","Pityogenes hopkinsi","k__Fungi","p__Ascomycota","c__Dothideomycetes","o__Pleosporales",NA,NA,NA,"positive"
"Pityogenes hopkinsi","ASV_1451",-2.57824456095046,0.003,0.0342194244604317,0.367515601783061,"Curculionidae","Scolytinae","Pityogenes","Pityogenes hopkinsi","k__Fungi","p__Basidiomycota","c__Tremellomycetes","o__Tremellales","f__Bulleribasidiaceae","g__Vishniacozyma",NA,"negative"
"Pityogenes hopkinsi","ASV_1522",4.02150290361805,0.003,0.0342194244604317,0.367515601783061,"Curculionidae","Scolytinae","Pityogenes","Pityogenes hopkinsi","k__Fungi","p__Ascomycota",NA,NA,NA,NA,NA,"positive"
"Pityogenes hopkinsi","ASV_1553",2.71916743261034,0.003,0.0342194244604317,0.367515601783061,"Curculionidae","Scolytinae","Pityogenes","Pityogenes hopkinsi","k__Fungi","p__Ascomycota","c__Eurotiomycetes","o__Eurotiales","f__Aspergillaceae","g__Penicillium","s__miczynskii","positive"
"Pityogenes hopkinsi","ASV_1609",-2.55300675796247,0.003,0.0342194244604317,0.367515601783061,"Curculionidae","Scolytinae","Pityogenes","Pityogenes hopkinsi","k__Fungi","p__Ascomycota","c__Dothideomycetes","o__Pleosporales","f__Phaeosphaeriaceae","g__Neosetophoma","s__samarorum","negative"
"Pityogenes hopkinsi","ASV_1723",-3.4122113697993,0.003,0.0342194244604317,0.367515601783061,"Curculionidae","Scolytinae","Pityogenes","Pityogenes hopkinsi","k__Fungi","p__Basidiomycota","c__Exobasidiomycetes","o__Microstromatales","f__Microstromatales_fam_Incertae_sedis","g__Pseudomicrostroma",NA,"negative"
"Pityogenes hopkinsi","ASV_1782",-2.3581988615147,0.003,0.0342194244604317,0.367515601783061,"Curculionidae","Scolytinae","Pityogenes","Pityogenes hopkinsi","k__Fungi","p__Ascomycota","c__Sordariomycetes","o__Diaporthales","f__Diaporthaceae","g__Phomopsis","s__pustulata","negative"
"Pityogenes hopkinsi","ASV_1853",3.56232994073452,0.003,0.0342194244604317,0.367515601783061,"Curculionidae","Scolytinae","Pityogenes","Pityogenes hopkinsi","k__Fungi","p__Ascomycota","c__Dothideomycetes","o__Pleosporales","f__Cucurbitariaceae","g__Pyrenochaetopsis","s__microspora","positive"
"Pityogenes hopkinsi","ASV_1869",2.57577995168205,0.003,0.0342194244604317,0.367515601783061,"Curculionidae","Scolytinae","Pityogenes","Pityogenes hopkinsi","k__Fungi","p__Ascomycota","c__Dothideomycetes","o__Capnodiales","f__Cladosporiaceae","g__Cladosporium",NA,"positive"
"Pityogenes hopkinsi","ASV_2110",4.4670898059821,0.003,0.0342194244604317,0.367515601783061,"Curculionidae","Scolytinae","Pityogenes","Pityogenes hopkinsi","k__Fungi","p__Ascomycota","c__Eurotiomycetes","o__Chaetothyriales","f__Trichomeriaceae","g__Alatosessilispora",NA,"positive"
"Pityogenes hopkinsi","ASV_2177",2.86165329162322,0.003,0.0342194244604317,0.367515601783061,"Curculionidae","Scolytinae","Pityogenes","Pityogenes hopkinsi","k__Fungi","p__Ascomycota","c__Dothideomycetes","o__Mycosphaerellales",NA,NA,NA,"positive"
"Pityogenes hopkinsi","ASV_2182",3.63032011923649,0.003,0.0342194244604317,0.367515601783061,"Curculionidae","Scolytinae","Pityogenes","Pityogenes hopkinsi","k__Fungi","p__Ascomycota","c__Leotiomycetes","o__Helotiales",NA,NA,NA,"positive"
"Pityogenes hopkinsi","ASV_2344",2.97417413593403,0.003,0.0342194244604317,0.367515601783061,"Curculionidae","Scolytinae","Pityogenes","Pityogenes hopkinsi","k__Fungi","p__Ascomycota","c__Eurotiomycetes","o__Chaetothyriales","f__Herpotrichiellaceae","g__Melanchlenus",NA,"positive"
"Pityogenes hopkinsi","ASV_2366",3.18808040666871,0.003,0.0342194244604317,0.367515601783061,"Curculionidae","Scolytinae","Pityogenes","Pityogenes hopkinsi","k__Fungi","p__Basidiomycota","c__Agaricomycetes","o__Polyporales","f__Polyporaceae","g__Lentinus","s__crinitus","positive"
"Pityogenes hopkinsi","ASV_2390",-3.69554693518797,0.003,0.0342194244604317,0.367515601783061,"Curculionidae","Scolytinae","Pityogenes","Pityogenes hopkinsi","k__Fungi","p__Basidiomycota","c__Agaricomycetes","o__Hymenochaetales","f__Schizoporaceae","g__Xylodon","s__flaviporus","negative"
"Pityogenes hopkinsi","ASV_2397",3.94113004431983,0.003,0.0342194244604317,0.367515601783061,"Curculionidae","Scolytinae","Pityogenes","Pityogenes hopkinsi","k__Fungi","p__Ascomycota","c__Sordariomycetes","o__Xylariales","f__Diatrypaceae","g__Peroneutypa","s__leucaenae","positive"
"Pityogenes hopkinsi","ASV_2529",-3.46026820203493,0.003,0.0342194244604317,0.367515601783061,"Curculionidae","Scolytinae","Pityogenes","Pityogenes hopkinsi","k__Fungi","p__Basidiomycota","c__Tremellomycetes","o__Tremellales","f__Tremellales_fam_Incertae_sedis","g__Tremellales_gen_Incertae_sedis",NA,"negative"
"Pityogenes hopkinsi","ASV_2617",-3.62258382803623,0.003,0.0342194244604317,0.367515601783061,"Curculionidae","Scolytinae","Pityogenes","Pityogenes hopkinsi","k__Fungi","p__Basidiomycota","c__Cystobasidiomycetes","o__Erythrobasidiales","f__Erythrobasidiaceae","g__Erythrobasidium",NA,"negative"
"Pityogenes hopkinsi","ASV_2631",2.33725411523916,0.003,0.0342194244604317,0.367515601783061,"Curculionidae","Scolytinae","Pityogenes","Pityogenes hopkinsi","k__Fungi","p__Ascomycota","c__Sordariomycetes","o__Xylariales","f__Graphostromataceae","g__Biscogniauxia","s__mediterranea","positive"
"Pityogenes hopkinsi","ASV_2664",-2.50854971225768,0.003,0.0342194244604317,0.367515601783061,"Curculionidae","Scolytinae","Pityogenes","Pityogenes hopkinsi","k__Fungi","p__Basidiomycota","c__Microbotryomycetes","o__Sporidiobolales","f__Sporidiobolaceae","g__Rhodosporidiobolus","s__colostri","negative"
"Pityogenes hopkinsi","ASV_2698",3.31480483441816,0.003,0.0342194244604317,0.367515601783061,"Curculionidae","Scolytinae","Pityogenes","Pityogenes hopkinsi","k__Fungi","p__Ascomycota","c__Leotiomycetes","o__Helotiales","f__Helotiaceae","g__Claussenomyces","s__olivaceus","positive"
"Pityogenes hopkinsi","ASV_2714",2.88271991103964,0.003,0.0342194244604317,0.367515601783061,"Curculionidae","Scolytinae","Pityogenes","Pityogenes hopkinsi","k__Fungi","p__Basidiomycota","c__Exobasidiomycetes","o__Exobasidiales","f__Exobasidiaceae","g__Exobasidium","s__japonicum","positive"
"Pityogenes hopkinsi","ASV_2729",-3.03280906752612,0.003,0.0342194244604317,0.367515601783061,"Curculionidae","Scolytinae","Pityogenes","Pityogenes hopkinsi","k__Fungi","p__Ascomycota","c__Dothideomycetes","o__Mycosphaerellales","f__Mycosphaerellaceae",NA,NA,"negative"
"Pityogenes hopkinsi","ASV_2746",3.02065735321211,0.003,0.0342194244604317,0.367515601783061,"Curculionidae","Scolytinae","Pityogenes","Pityogenes hopkinsi","k__Fungi","p__Basidiomycota","c__Exobasidiomycetes","o__Exobasidiales","f__Exobasidiaceae","g__Exobasidium",NA,"positive"
"Pityogenes hopkinsi","ASV_2789",4.55415833159664,0.003,0.0342194244604317,0.367515601783061,"Curculionidae","Scolytinae","Pityogenes","Pityogenes hopkinsi","k__Fungi","p__Basidiomycota","c__Agaricomycetes","o__Polyporales","f__Meruliaceae","g__Phlebia","s__radiata","positive"
"Pityogenes hopkinsi","ASV_2955",4.10357008413562,0.003,0.0342194244604317,0.367515601783061,"Curculionidae","Scolytinae","Pityogenes","Pityogenes hopkinsi","k__Fungi","p__Ascomycota","c__Sordariomycetes","o__Diaporthales","f__Valsaceae","g__Cytospora",NA,"positive"
"Pityogenes hopkinsi","ASV_3049",2.69140479745127,0.003,0.0342194244604317,0.367515601783061,"Curculionidae","Scolytinae","Pityogenes","Pityogenes hopkinsi","k__Fungi","p__Ascomycota","c__Sordariomycetes","o__Sordariomycetes_ord_Incertae_sedis","f__Sordariomycetes_fam_Incertae_sedis","g__Oncopodiella",NA,"positive"
"Pityogenes hopkinsi","ASV_3066",3.0833998472932,0.003,0.0342194244604317,0.367515601783061,"Curculionidae","Scolytinae","Pityogenes","Pityogenes hopkinsi","k__Fungi","p__Basidiomycota","c__Agaricomycetes","o__Agaricales","f__Tricholomataceae","g__Panellus","s__stipticus","positive"
"Pityogenes hopkinsi","ASV_3245",2.86936284950392,0.003,0.0342194244604317,0.367515601783061,"Curculionidae","Scolytinae","Pityogenes","Pityogenes hopkinsi","k__Fungi","p__Ascomycota","c__Sordariomycetes","o__Xylariales","f__Diatrypaceae","g__Diatrype","s__stigma","positive"
"Pityogenes hopkinsi","ASV_3305",-2.72906553695852,0.003,0.0342194244604317,0.367515601783061,"Curculionidae","Scolytinae","Pityogenes","Pityogenes hopkinsi","k__Fungi","p__Ascomycota","c__Dothideomycetes","o__Pleosporales","f__Didymosphaeriaceae","g__Paracamarosporium",NA,"negative"
"Pityogenes hopkinsi","ASV_3550",4.26881993611781,0.003,0.0342194244604317,0.367515601783061,"Curculionidae","Scolytinae","Pityogenes","Pityogenes hopkinsi","k__Fungi","p__Ascomycota","c__Leotiomycetes",NA,NA,NA,NA,"positive"
"Pityogenes hopkinsi","ASV_3687",-3.1637234201533,0.003,0.0342194244604317,0.367515601783061,"Curculionidae","Scolytinae","Pityogenes","Pityogenes hopkinsi","k__Fungi","p__Basidiomycota","c__Agaricomycetes","o__Polyporales","f__Meruliaceae","g__Scopuloides",NA,"negative"
"Pityogenes hopkinsi","ASV_3702",3.67253485642339,0.003,0.0342194244604317,0.367515601783061,"Curculionidae","Scolytinae","Pityogenes","Pityogenes hopkinsi","k__Fungi","p__Basidiomycota","c__Tremellomycetes","o__Tremellales","f__Tremellaceae","g__Sirotrema","s__translucens","positive"
"Pityogenes hopkinsi","ASV_3741",3.3368715491059,0.003,0.0342194244604317,0.367515601783061,"Curculionidae","Scolytinae","Pityogenes","Pityogenes hopkinsi","k__Fungi","p__Ascomycota","c__Sordariomycetes","o__Xylariales","f__Diatrypaceae","g__Diatrypella",NA,"positive"
"Pityogenes hopkinsi","ASV_3795",-2.85822008908801,0.003,0.0342194244604317,0.367515601783061,"Curculionidae","Scolytinae","Pityogenes","Pityogenes hopkinsi","k__Fungi","p__Ascomycota","c__Dothideomycetes","o__Pleosporales",NA,NA,NA,"negative"
"Pityogenes hopkinsi","ASV_3915",2.72688123025798,0.003,0.0342194244604317,0.367515601783061,"Curculionidae","Scolytinae","Pityogenes","Pityogenes hopkinsi","k__Fungi","p__Ascomycota","c__Eurotiomycetes","o__Chaetothyriales","f__Herpotrichiellaceae","g__Melanchlenus",NA,"positive"
"Pityogenes hopkinsi","ASV_3916",-2.44507761518829,0.003,0.0342194244604317,0.367515601783061,"Curculionidae","Scolytinae","Pityogenes","Pityogenes hopkinsi","k__Fungi","p__Basidiomycota",NA,NA,NA,NA,NA,"negative"
"Pityogenes hopkinsi","ASV_4432",3.08767055513477,0.003,0.0342194244604317,0.367515601783061,"Curculionidae","Scolytinae","Pityogenes","Pityogenes hopkinsi","k__Fungi","p__Ascomycota","c__Sordariomycetes","o__Diaporthales","f__Valsaceae","g__Cytospora",NA,"positive"
"Pityogenes hopkinsi","ASV_4461",3.55549268340761,0.003,0.0342194244604317,0.367515601783061,"Curculionidae","Scolytinae","Pityogenes","Pityogenes hopkinsi","k__Fungi","p__Basidiomycota","c__Agaricomycetes","o__Trechisporales","f__Trechisporales_fam_Incertae_sedis","g__Sertulicium","s__jacksonii","positive"
"Pityogenes hopkinsi","ASV_4878",3.1886453158,0.003,0.0342194244604317,0.367515601783061,"Curculionidae","Scolytinae","Pityogenes","Pityogenes hopkinsi","k__Fungi","p__Ascomycota","c__Sordariomycetes","o__Diaporthales","f__Valsaceae","g__Cytospora",NA,"positive"
"Pityogenes hopkinsi","ASV_5142",-3.02512650567152,0.003,0.0342194244604317,0.367515601783061,"Curculionidae","Scolytinae","Pityogenes","Pityogenes hopkinsi","k__Fungi","p__Ascomycota","c__Dothideomycetes","o__Dothideales","f__Dothioraceae","g__Dothiora",NA,"negative"
"Pityogenes hopkinsi","ASV_5622",-3.70873865657349,0.003,0.0342194244604317,0.367515601783061,"Curculionidae","Scolytinae","Pityogenes","Pityogenes hopkinsi","k__Fungi","p__Basidiomycota","c__Agaricomycetes","o__Russulales","f__Peniophoraceae","g__Peniophora",NA,"negative"
"Pityogenes hopkinsi","ASV_5684",-2.87467945300545,0.003,0.0342194244604317,0.367515601783061,"Curculionidae","Scolytinae","Pityogenes","Pityogenes hopkinsi","k__Fungi",NA,NA,NA,NA,NA,NA,"negative"
"Pityogenes hopkinsi","ASV_5900",-3.1866984004915,0.003,0.0342194244604317,0.367515601783061,"Curculionidae","Scolytinae","Pityogenes","Pityogenes hopkinsi","k__Fungi","p__Ascomycota","c__Leotiomycetes",NA,NA,NA,NA,"negative"
"Pityogenes hopkinsi","ASV_6014",-3.21549785892064,0.003,0.0342194244604317,0.367515601783061,"Curculionidae","Scolytinae","Pityogenes","Pityogenes hopkinsi","k__Fungi","p__Chytridiomycota","c__Spizellomycetes","o__Spizellomycetales","f__Powellomycetaceae","g__Thoreauomyces",NA,"negative"
"Pityogenes hopkinsi","ASV_6048",3.22952457760506,0.003,0.0342194244604317,0.367515601783061,"Curculionidae","Scolytinae","Pityogenes","Pityogenes hopkinsi","k__Fungi","p__Basidiomycota","c__Agaricomycetes","o__Hymenochaetales","f__Schizoporaceae","g__Xylodon","s__radula","positive"
"Pityogenes hopkinsi","ASV_6079",-3.20093894759693,0.003,0.0342194244604317,0.367515601783061,"Curculionidae","Scolytinae","Pityogenes","Pityogenes hopkinsi","k__Fungi","p__Basidiomycota","c__Agaricomycetes","o__Russulales","f__Peniophoraceae","g__Peniophora","s__cinerea","negative"
"Pityogenes hopkinsi","ASV_6126",-3.0345436999353,0.003,0.0342194244604317,0.367515601783061,"Curculionidae","Scolytinae","Pityogenes","Pityogenes hopkinsi","k__Fungi","p__Ascomycota","c__Leotiomycetes","o__Helotiales","f__Sclerotiniaceae","g__Monilinia","s__ssiori","negative"
"Pityogenes hopkinsi","ASV_6237",5.04100706429584,0.003,0.0342194244604317,0.367515601783061,"Curculionidae","Scolytinae","Pityogenes","Pityogenes hopkinsi","k__Fungi","p__Ascomycota","c__Dothideomycetes",NA,NA,NA,NA,"positive"
"Pityogenes hopkinsi","ASV_6296",-2.96884588645139,0.003,0.0342194244604317,0.367515601783061,"Curculionidae","Scolytinae","Pityogenes","Pityogenes hopkinsi","k__Fungi","p__Basidiomycota","c__Pucciniomycetes",NA,NA,NA,NA,"negative"
"Pityogenes hopkinsi","ASV_6377",-2.92832537825779,0.003,0.0342194244604317,0.367515601783061,"Curculionidae","Scolytinae","Pityogenes","Pityogenes hopkinsi","k__Fungi","p__Basidiomycota","c__Agaricomycetes","o__Agaricales","f__Schizophyllaceae","g__Schizophyllum","s__commune","negative"
"Pityogenes hopkinsi","ASV_6523",-2.32585006379021,0.003,0.0342194244604317,0.367515601783061,"Curculionidae","Scolytinae","Pityogenes","Pityogenes hopkinsi","k__Fungi","p__Ascomycota",NA,NA,NA,NA,NA,"negative"
"Pityogenes hopkinsi","ASV_6589",-2.90903490068896,0.003,0.0342194244604317,0.367515601783061,"Curculionidae","Scolytinae","Pityogenes","Pityogenes hopkinsi","k__Fungi","p__Basidiomycota","c__Agaricomycetes","o__Russulales","f__Peniophoraceae","g__Peniophora",NA,"negative"
"Pityogenes hopkinsi","ASV_7004",-2.61232453697191,0.003,0.0342194244604317,0.367515601783061,"Curculionidae","Scolytinae","Pityogenes","Pityogenes hopkinsi","k__Fungi","p__Basidiomycota","c__Microbotryomycetes","o__Microbotryomycetes_ord_Incertae_sedis","f__Microbotryomycetes_fam_Incertae_sedis","g__Curvibasidium",NA,"negative"
"Pityogenes hopkinsi","ASV_7473",-2.8844653313062,0.003,0.0342194244604317,0.367515601783061,"Curculionidae","Scolytinae","Pityogenes","Pityogenes hopkinsi","k__Fungi","p__Ascomycota","c__Eurotiomycetes","o__Chaetothyriales","f__Herpotrichiellaceae","g__Capronia","s__acutiseta","negative"
"Pityogenes hopkinsi","ASV_7558",-2.63458027828583,0.003,0.0342194244604317,0.367515601783061,"Curculionidae","Scolytinae","Pityogenes","Pityogenes hopkinsi","k__Fungi",NA,NA,NA,NA,NA,NA,"negative"
"Pityogenes hopkinsi","ASV_7825",3.67325829745623,0.003,0.0342194244604317,0.367515601783061,"Curculionidae","Scolytinae","Pityogenes","Pityogenes hopkinsi","k__Fungi","p__Ascomycota","c__Leotiomycetes","o__Marthamycetales","f__Marthamycetaceae","g__Propolis",NA,"positive"
"Pityogenes hopkinsi","ASV_8002",-2.53886951063732,0.003,0.0342194244604317,0.367515601783061,"Curculionidae","Scolytinae","Pityogenes","Pityogenes hopkinsi","k__Fungi","p__Basidiomycota","c__Agaricomycetes","o__Agaricales","f__Tricholomataceae","g__Resupinatus","s__americanus","negative"
"Pityogenes hopkinsi","ASV_8177",-3.86548208455568,0.003,0.0342194244604317,0.367515601783061,"Curculionidae","Scolytinae","Pityogenes","Pityogenes hopkinsi","k__Fungi","p__Basidiomycota","c__Agaricomycetes","o__Agaricales","f__Psathyrellaceae","g__Coprinopsis","s__cinerea","negative"
"Pityogenes hopkinsi","ASV_8396",-3.73446357015208,0.003,0.0342194244604317,0.367515601783061,"Curculionidae","Scolytinae","Pityogenes","Pityogenes hopkinsi","k__Fungi","p__Ascomycota","c__Sordariomycetes","o__Diaporthales","f__Valsaceae","g__Valsa",NA,"negative"
"Pityogenes hopkinsi","ASV_8486",-2.95181778612789,0.003,0.0342194244604317,0.367515601783061,"Curculionidae","Scolytinae","Pityogenes","Pityogenes hopkinsi","k__Fungi","p__Ascomycota",NA,NA,NA,NA,NA,"negative"
"Pityogenes hopkinsi","ASV_9496",-2.81610404395063,0.003,0.0342194244604317,0.367515601783061,"Curculionidae","Scolytinae","Pityogenes","Pityogenes hopkinsi","k__Fungi","p__Ascomycota","c__Leotiomycetes","o__Helotiales","f__Helotiales_fam_Incertae_sedis","g__Chalara","s__microspora","negative"
"Pityogenes hopkinsi","ASV_9635",-2.93435205186083,0.003,0.0342194244604317,0.367515601783061,"Curculionidae","Scolytinae","Pityogenes","Pityogenes hopkinsi","k__Fungi",NA,NA,NA,NA,NA,NA,"negative"
"Pityogenes hopkinsi","ASV_9934",-3.49051280884926,0.003,0.0342194244604317,0.367515601783061,"Curculionidae","Scolytinae","Pityogenes","Pityogenes hopkinsi","k__Fungi","p__Basidiomycota","c__Exobasidiomycetes","o__Microstromatales","f__Microstromataceae","g__Microstroma",NA,"negative"
"Pityogenes hopkinsi","ASV_9981",-2.6735049283537,0.003,0.0342194244604317,0.367515601783061,"Curculionidae","Scolytinae","Pityogenes","Pityogenes hopkinsi","k__Fungi","p__Ascomycota","c__Dothideomycetes","o__Pleosporales","f__Cucurbitariaceae",NA,NA,"negative"
"Pityogenes hopkinsi","ASV_10278",-3.84870230641933,0.003,0.0342194244604317,0.367515601783061,"Curculionidae","Scolytinae","Pityogenes","Pityogenes hopkinsi","k__Fungi","p__Ascomycota","c__Lecanoromycetes","o__Ostropales","f__Spirographaceae","g__Spirographa","s__fusisporella","negative"
"Pityogenes hopkinsi","ASV_10510",-2.76911166986269,0.003,0.0342194244604317,0.367515601783061,"Curculionidae","Scolytinae","Pityogenes","Pityogenes hopkinsi","k__Fungi","p__Ascomycota","c__Sordariomycetes","o__Diaporthales","f__Valsaceae","g__Valsa",NA,"negative"
"Pityogenes hopkinsi","ASV_10925",-3.58261634489507,0.003,0.0342194244604317,0.367515601783061,"Curculionidae","Scolytinae","Pityogenes","Pityogenes hopkinsi","k__Fungi","p__Ascomycota",NA,NA,NA,NA,NA,"negative"
"Pityogenes hopkinsi","ASV_11601",-3.70535682819391,0.003,0.0342194244604317,0.367515601783061,"Curculionidae","Scolytinae","Pityogenes","Pityogenes hopkinsi","k__Fungi","p__Basidiomycota","c__Agaricomycetes","o__Russulales","f__Peniophoraceae","g__Peniophora","s__cinerea","negative"
"Pityogenes hopkinsi","ASV_11720",-3.70243197835384,0.003,0.0342194244604317,0.367515601783061,"Curculionidae","Scolytinae","Pityogenes","Pityogenes hopkinsi","k__Fungi","p__Basidiomycota","c__Agaricostilbomycetes","o__Agaricostilbales","f__Jianyuniaceae","g__Jianyunia",NA,"negative"
"Pityogenes hopkinsi","ASV_11736",-3.56439642214664,0.003,0.0342194244604317,0.367515601783061,"Curculionidae","Scolytinae","Pityogenes","Pityogenes hopkinsi","k__Fungi","p__Ascomycota","c__Dothideomycetes","o__Capnodiales","f__Cladosporiaceae",NA,NA,"negative"
"Pityogenes hopkinsi","ASV_11991",-2.21294722583784,0.003,0.0342194244604317,0.367515601783061,"Curculionidae","Scolytinae","Pityogenes","Pityogenes hopkinsi","k__Fungi",NA,NA,NA,NA,NA,NA,"negative"
"Pityogenes hopkinsi","ASV_12097",3.71132205150555,0.003,0.0342194244604317,0.367515601783061,"Curculionidae","Scolytinae","Pityogenes","Pityogenes hopkinsi","k__Fungi","p__Ascomycota","c__Eurotiomycetes","o__Verrucariales","f__Verrucariaceae","g__Verrucariaceae_gen_Incertae_sedis",NA,"positive"
"Pityogenes hopkinsi","ASV_12187",-3.68735527253076,0.003,0.0342194244604317,0.367515601783061,"Curculionidae","Scolytinae","Pityogenes","Pityogenes hopkinsi","k__Fungi","p__Ascomycota","c__Leotiomycetes","o__Helotiales","f__Helotiales_fam_Incertae_sedis",NA,NA,"negative"
"Pityogenes hopkinsi","ASV_12828",-2.42724088900495,0.003,0.0342194244604317,0.367515601783061,"Curculionidae","Scolytinae","Pityogenes","Pityogenes hopkinsi","k__Fungi","p__Ascomycota","c__Leotiomycetes","o__Helotiales","f__Hyaloscyphaceae","g__Lachnum",NA,"negative"
"Pityogenes hopkinsi","ASV_13565",-2.38118036522941,0.003,0.0342194244604317,0.367515601783061,"Curculionidae","Scolytinae","Pityogenes","Pityogenes hopkinsi","k__Fungi","p__Ascomycota","c__Leotiomycetes","o__Helotiales","f__Tympanidaceae","g__Tympanis","s__piceina","negative"
"Pityogenes hopkinsi","ASV_13708",-3.44020645591919,0.003,0.0342194244604317,0.367515601783061,"Curculionidae","Scolytinae","Pityogenes","Pityogenes hopkinsi","k__Fungi",NA,NA,NA,NA,NA,NA,"negative"
"Pityogenes hopkinsi","ASV_15701",-2.90744534647538,0.003,0.0342194244604317,0.367515601783061,"Curculionidae","Scolytinae","Pityogenes","Pityogenes hopkinsi","k__Fungi","p__Ascomycota",NA,NA,NA,NA,NA,"negative"
"Pityogenes hopkinsi","ASV_15964",-3.25468159557491,0.003,0.0342194244604317,0.367515601783061,"Curculionidae","Scolytinae","Pityogenes","Pityogenes hopkinsi","k__Fungi","p__Ascomycota","c__Dothideomycetes","o__Dothideales","f__Dothioraceae","g__Dothiora",NA,"negative"
"Pityogenes hopkinsi","ASV_16591",-3.02322912237479,0.003,0.0342194244604317,0.367515601783061,"Curculionidae","Scolytinae","Pityogenes","Pityogenes hopkinsi","k__Fungi","p__Ascomycota","c__Dothideomycetes","o__Dothideales","f__Saccotheciaceae","g__Aureobasidium",NA,"negative"
"Pityogenes hopkinsi","ASV_17245",-2.66846813060262,0.003,0.0342194244604317,0.367515601783061,"Curculionidae","Scolytinae","Pityogenes","Pityogenes hopkinsi","k__Fungi","p__Ascomycota","c__Lecanoromycetes","o__Lecanoromycetes_ord_Incertae_sedis","f__Lecanoromycetes_fam_Incertae_sedis","g__Lecanoromycetes_gen_Incertae_sedis",NA,"negative"
"Pityogenes hopkinsi","ASV_17360",-2.86444876226146,0.003,0.0342194244604317,0.367515601783061,"Curculionidae","Scolytinae","Pityogenes","Pityogenes hopkinsi","k__Fungi","p__Ascomycota","c__Dothideomycetes","o__Dothideales","f__Dothideaceae","g__Rhizosphaera",NA,"negative"
"Pityogenes hopkinsi","ASV_18174",-2.63794919753856,0.003,0.0342194244604317,0.367515601783061,"Curculionidae","Scolytinae","Pityogenes","Pityogenes hopkinsi","k__Fungi","p__Ascomycota","c__Lecanoromycetes","o__Lecanorales","f__Lecanoraceae",NA,NA,"negative"
"Pityogenes hopkinsi","ASV_19273",-3.23596812535683,0.003,0.0342194244604317,0.367515601783061,"Curculionidae","Scolytinae","Pityogenes","Pityogenes hopkinsi","k__Fungi","p__Basidiomycota","c__Agaricomycetes","o__Russulales","f__Peniophoraceae","g__Peniophora","s__cinerea","negative"
"Pityogenes hopkinsi","ASV_19489",-2.4349503826645,0.003,0.0342194244604317,0.367515601783061,"Curculionidae","Scolytinae","Pityogenes","Pityogenes hopkinsi","k__Fungi","p__Ascomycota","c__Leotiomycetes","o__Helotiales","f__Helotiales_fam_Incertae_sedis","g__Cryptocline","s__arctostaphyli","negative"
"Pityogenes hopkinsi","ASV_19897",-3.59476911924105,0.003,0.0342194244604317,0.367515601783061,"Curculionidae","Scolytinae","Pityogenes","Pityogenes hopkinsi","k__Fungi","p__Basidiomycota","c__Tremellomycetes","o__Cystofilobasidiales","f__Mrakiaceae","g__Mrakia","s__aquatica","negative"
"Pityogenes hopkinsi","ASV_19901",-2.89257312642459,0.003,0.0342194244604317,0.367515601783061,"Curculionidae","Scolytinae","Pityogenes","Pityogenes hopkinsi","k__Fungi","p__Ascomycota","c__Dothideomycetes","o__Mycosphaerellales","f__Mycosphaerellaceae","g__Acervuloseptoria","s__fraxini","negative"
"Pityogenes hopkinsi","ASV_20688",-3.12831241590376,0.003,0.0342194244604317,0.367515601783061,"Curculionidae","Scolytinae","Pityogenes","Pityogenes hopkinsi","k__Fungi","p__Ascomycota","c__Dothideomycetes","o__Dothideales","f__Saccotheciaceae","g__Aureobasidium","s__pullulans","negative"
"Pityogenes hopkinsi","ASV_20704",-2.47392976825846,0.003,0.0342194244604317,0.367515601783061,"Curculionidae","Scolytinae","Pityogenes","Pityogenes hopkinsi","k__Fungi","p__Ascomycota","c__Dothideomycetes","o__Myriangiales","f__Myriangiaceae","g__Myriangium",NA,"negative"
"Pityogenes hopkinsi","ASV_20740",-2.85481314347245,0.003,0.0342194244604317,0.367515601783061,"Curculionidae","Scolytinae","Pityogenes","Pityogenes hopkinsi","k__Fungi","p__Basidiomycota","c__Tremellomycetes","o__Tremellales","f__Bulleribasidiaceae","g__Bulleribasidiaceae_gen_Incertae_sedis",NA,"negative"
"Pityogenes hopkinsi","ASV_20815",-3.6293414206301,0.003,0.0342194244604317,0.367515601783061,"Curculionidae","Scolytinae","Pityogenes","Pityogenes hopkinsi","k__Fungi","p__Basidiomycota","c__Tremellomycetes","o__Tremellales","f__Rhynchogastremataceae","g__Papiliotrema","s__wisconsinensis","negative"
"Pityogenes hopkinsi","ASV_21306",-2.79599541209568,0.003,0.0342194244604317,0.367515601783061,"Curculionidae","Scolytinae","Pityogenes","Pityogenes hopkinsi","k__Fungi","p__Ascomycota","c__Dothideomycetes","o__Hysteriales","f__Hysteriaceae","g__Hysterium",NA,"negative"
"Pityogenes hopkinsi","ASV_21450",-2.87080754505633,0.003,0.0342194244604317,0.367515601783061,"Curculionidae","Scolytinae","Pityogenes","Pityogenes hopkinsi","k__Fungi","p__Ascomycota","c__Dothideomycetes","o__Mycosphaerellales","f__Mycosphaerellaceae","g__Sphaerulina","s__pelargonii","negative"
"Pityogenes hopkinsi","ASV_23004",-3.11412312486053,0.003,0.0342194244604317,0.367515601783061,"Curculionidae","Scolytinae","Pityogenes","Pityogenes hopkinsi","k__Fungi","p__Ascomycota","c__Leotiomycetes","o__Helotiales","f__Discinellaceae","g__Varicosporium",NA,"negative"
"Pityogenes hopkinsi","ASV_23168",-2.98871440343168,0.003,0.0342194244604317,0.367515601783061,"Curculionidae","Scolytinae","Pityogenes","Pityogenes hopkinsi","k__Fungi","p__Ascomycota","c__Dothideomycetes","o__Capnodiales","f__Cladosporiaceae","g__Cladosporium",NA,"negative"
"Pityogenes hopkinsi","ASV_23961",-2.92171090425355,0.003,0.0342194244604317,0.367515601783061,"Curculionidae","Scolytinae","Pityogenes","Pityogenes hopkinsi","k__Fungi","p__Ascomycota","c__Dothideomycetes","o__Dothideales","f__Saccotheciaceae","g__Aureobasidium",NA,"negative"
"Pityogenes hopkinsi","ASV_23965",-3.6094846896788,0.003,0.0342194244604317,0.367515601783061,"Curculionidae","Scolytinae","Pityogenes","Pityogenes hopkinsi","k__Fungi","p__Basidiomycota","c__Exobasidiomycetes","o__Microstromatales","f__Microstromatales_fam_Incertae_sedis","g__Pseudomicrostroma","s__glucosiphilum","negative"
"Pityogenes hopkinsi","ASV_24325",-3.60185034831592,0.003,0.0342194244604317,0.367515601783061,"Curculionidae","Scolytinae","Pityogenes","Pityogenes hopkinsi","k__Fungi","p__Ascomycota",NA,NA,NA,NA,NA,"negative"
"Pityogenes hopkinsi","ASV_25418",-2.97526874434945,0.003,0.0342194244604317,0.367515601783061,"Curculionidae","Scolytinae","Pityogenes","Pityogenes hopkinsi","k__Fungi","p__Ascomycota","c__Dothideomycetes","o__Pleosporales","f__Cucurbitariaceae","g__Parafenestella","s__ontariensis","negative"
"Pityogenes hopkinsi","ASV_25806",-3.80465647136018,0.003,0.0342194244604317,0.367515601783061,"Curculionidae","Scolytinae","Pityogenes","Pityogenes hopkinsi","k__Fungi",NA,NA,NA,NA,NA,NA,"negative"
"Pityogenes hopkinsi","ASV_27051",-3.18592864042593,0.003,0.0342194244604317,0.367515601783061,"Curculionidae","Scolytinae","Pityogenes","Pityogenes hopkinsi","k__Fungi","p__Ascomycota","c__Dothideomycetes","o__Pleosporales",NA,NA,NA,"negative"
"Pityogenes hopkinsi","ASV_27506",-3.39012200586167,0.003,0.0342194244604317,0.367515601783061,"Curculionidae","Scolytinae","Pityogenes","Pityogenes hopkinsi","k__Fungi","p__Ascomycota","c__Dothideomycetes","o__Dothideales","f__Saccotheciaceae","g__Aureobasidium",NA,"negative"
"Pityogenes hopkinsi","ASV_27973",-3.54577834063464,0.003,0.0342194244604317,0.367515601783061,"Curculionidae","Scolytinae","Pityogenes","Pityogenes hopkinsi","k__Fungi","p__Ascomycota","c__Lecanoromycetes","o__Caliciales","f__Caliciaceae","g__Buellia","s__erubescens","negative"
"Pityogenes hopkinsi","ASV_28306",-3.18672597297903,0.003,0.0342194244604317,0.367515601783061,"Curculionidae","Scolytinae","Pityogenes","Pityogenes hopkinsi","k__Fungi","p__Ascomycota","c__Sordariomycetes","o__Calosphaeriales","f__Calosphaeriaceae","g__Jattaea",NA,"negative"
"Pityogenes hopkinsi","ASV_28447",-3.47623499115973,0.003,0.0342194244604317,0.367515601783061,"Curculionidae","Scolytinae","Pityogenes","Pityogenes hopkinsi","k__Fungi","p__Ascomycota","c__Dothideomycetes","o__Dothideales","f__Saccotheciaceae","g__Aureobasidium","s__pullulans","negative"
"Pityogenes hopkinsi","ASV_29425",-3.53267499365128,0.003,0.0342194244604317,0.367515601783061,"Curculionidae","Scolytinae","Pityogenes","Pityogenes hopkinsi","k__Fungi","p__Ascomycota","c__Leotiomycetes","o__Helotiales","f__Mollisiaceae","g__Mollisia","s__asteliae","negative"
"Pityogenes hopkinsi","ASV_51",2.80823621884478,0.004,0.0396375,0.394007168458781,"Curculionidae","Scolytinae","Pityogenes","Pityogenes hopkinsi","k__Fungi","p__Ascomycota","c__Dothideomycetes","o__Pleosporales","f__Pleosporaceae","g__Alternaria",NA,"positive"
"Pityogenes hopkinsi","ASV_109",2.61278742255445,0.004,0.0396375,0.394007168458781,"Curculionidae","Scolytinae","Pityogenes","Pityogenes hopkinsi","k__Fungi","p__Ascomycota","c__Sordariomycetes","o__Diaporthales","f__Valsaceae","g__Cytospora",NA,"positive"
"Pityogenes hopkinsi","ASV_150",3.53079898664353,0.004,0.0396375,0.394007168458781,"Curculionidae","Scolytinae","Pityogenes","Pityogenes hopkinsi","k__Fungi","p__Ascomycota","c__Dothideomycetes","o__Pleosporales","f__Nigrogranaceae","g__Nigrograna",NA,"positive"
"Pityogenes hopkinsi","ASV_172",3.08503092955391,0.004,0.0396375,0.394007168458781,"Curculionidae","Scolytinae","Pityogenes","Pityogenes hopkinsi","k__Fungi","p__Basidiomycota","c__Agaricomycetes","o__Polyporales","f__Irpicaceae","g__Irpex","s__lacteus","positive"
"Pityogenes hopkinsi","ASV_180",-2.69676482354614,0.004,0.0396375,0.394007168458781,"Curculionidae","Scolytinae","Pityogenes","Pityogenes hopkinsi","k__Fungi","p__Ascomycota","c__Saccharomycetes","o__Saccharomycetales","f__Debaryomycetaceae","g__Kurtzmaniella",NA,"negative"
"Pityogenes hopkinsi","ASV_298",3.10835923586245,0.004,0.0396375,0.394007168458781,"Curculionidae","Scolytinae","Pityogenes","Pityogenes hopkinsi","k__Fungi","p__Ascomycota","c__Leotiomycetes","o__Thelebolales","f__Pseudeurotiaceae","g__Hyphozyma","s__roseonigra","positive"
"Pityogenes hopkinsi","ASV_514",5.48696757625124,0.004,0.0396375,0.394007168458781,"Curculionidae","Scolytinae","Pityogenes","Pityogenes hopkinsi","k__Fungi","p__Ascomycota","c__Sordariomycetes","o__Diaporthales","f__Valsaceae","g__Cytospora",NA,"positive"
"Pityogenes hopkinsi","ASV_537",-2.52885419719933,0.004,0.0396375,0.394007168458781,"Curculionidae","Scolytinae","Pityogenes","Pityogenes hopkinsi","k__Fungi","p__Ascomycota","c__Dothideomycetes","o__Dothideales","f__Dothioraceae","g__Dothiora",NA,"negative"
"Pityogenes hopkinsi","ASV_550",3.02288356911434,0.004,0.0396375,0.394007168458781,"Curculionidae","Scolytinae","Pityogenes","Pityogenes hopkinsi","k__Fungi","p__Ascomycota","c__Sordariomycetes","o__Diaporthales","f__Cryphonectriaceae","g__Cryphonectriaceae_gen_Incertae_sedis",NA,"positive"
"Pityogenes hopkinsi","ASV_571",3.39478922596532,0.004,0.0396375,0.394007168458781,"Curculionidae","Scolytinae","Pityogenes","Pityogenes hopkinsi","k__Fungi","p__Ascomycota","c__Dothideomycetes","o__Capnodiales",NA,NA,NA,"positive"
"Pityogenes hopkinsi","ASV_698",3.245520278725,0.004,0.0396375,0.394007168458781,"Curculionidae","Scolytinae","Pityogenes","Pityogenes hopkinsi","k__Fungi","p__Basidiomycota","c__Agaricomycetes","o__Polyporales","f__Phanerochaetaceae","g__Bjerkandera","s__adusta","positive"
"Pityogenes hopkinsi","ASV_732",3.61825393534572,0.004,0.0396375,0.394007168458781,"Curculionidae","Scolytinae","Pityogenes","Pityogenes hopkinsi","k__Fungi","p__Ascomycota","c__Dothideomycetes","o__Capnodiales","f__Capnodiales_fam_Incertae_sedis","g__Capnodiales_gen_Incertae_sedis",NA,"positive"
"Pityogenes hopkinsi","ASV_888",3.50170175408278,0.004,0.0396375,0.394007168458781,"Curculionidae","Scolytinae","Pityogenes","Pityogenes hopkinsi","k__Fungi","p__Ascomycota","c__Leotiomycetes","o__Phacidiales","f__Phacidiaceae","g__Phacidium","s__lacerum","positive"
"Pityogenes hopkinsi","ASV_1003",3.72739152927839,0.004,0.0396375,0.394007168458781,"Curculionidae","Scolytinae","Pityogenes","Pityogenes hopkinsi","k__Fungi","p__Ascomycota","c__Leotiomycetes","o__Rhytismatales","f__Rhytismataceae","g__Lophodermium","s__macci","positive"
"Pityogenes hopkinsi","ASV_1590",-3.23327949089936,0.004,0.0396375,0.394007168458781,"Curculionidae","Scolytinae","Pityogenes","Pityogenes hopkinsi","k__Fungi","p__Ascomycota","c__Dothideomycetes","o__Mycosphaerellales","f__Teratosphaeriaceae","g__Teratosphaeria","s__agapanthi","negative"
"Pityogenes hopkinsi","ASV_1750",3.07194633235347,0.004,0.0396375,0.394007168458781,"Curculionidae","Scolytinae","Pityogenes","Pityogenes hopkinsi","k__Fungi","p__Ascomycota","c__Dothideomycetes",NA,NA,NA,NA,"positive"
"Pityogenes hopkinsi","ASV_1822",-3.73710720839556,0.004,0.0396375,0.394007168458781,"Curculionidae","Scolytinae","Pityogenes","Pityogenes hopkinsi","k__Fungi","p__Ascomycota","c__Dothideomycetes","o__Pleosporales","f__Phaeosphaeriaceae","g__Leptospora","s__rubella","negative"
"Pityogenes hopkinsi","ASV_2026",-1.90634583537175,0.004,0.0396375,0.394007168458781,"Curculionidae","Scolytinae","Pityogenes","Pityogenes hopkinsi","k__Fungi","p__Basidiomycota","c__Tremellomycetes","o__Tremellales","f__Bulleribasidiaceae","g__Hannaella","s__zeae","negative"
"Pityogenes hopkinsi","ASV_2065",2.63191385378439,0.004,0.0396375,0.394007168458781,"Curculionidae","Scolytinae","Pityogenes","Pityogenes hopkinsi","k__Fungi","p__Ascomycota","c__Sordariomycetes","o__Hypocreales","f__Nectriaceae","g__Microcera","s__larvarum","positive"
"Pityogenes hopkinsi","ASV_2144",4.43789180541303,0.004,0.0396375,0.394007168458781,"Curculionidae","Scolytinae","Pityogenes","Pityogenes hopkinsi","k__Fungi","p__Basidiomycota","c__Tremellomycetes","o__Tremellales",NA,NA,NA,"positive"
"Pityogenes hopkinsi","ASV_2300",2.68594162025194,0.004,0.0396375,0.394007168458781,"Curculionidae","Scolytinae","Pityogenes","Pityogenes hopkinsi","k__Fungi","p__Ascomycota","c__Lecanoromycetes","o__Lecanorales",NA,NA,NA,"positive"
"Pityogenes hopkinsi","ASV_2323",2.89980248324795,0.004,0.0396375,0.394007168458781,"Curculionidae","Scolytinae","Pityogenes","Pityogenes hopkinsi","k__Fungi","p__Ascomycota","c__Lecanoromycetes","o__Lecanorales","f__Catillariaceae","g__Catillaria","s__chalybeia","positive"
"Pityogenes hopkinsi","ASV_2338",3.3159741432702,0.004,0.0396375,0.394007168458781,"Curculionidae","Scolytinae","Pityogenes","Pityogenes hopkinsi","k__Fungi","p__Ascomycota",NA,NA,NA,NA,NA,"positive"
"Pityogenes hopkinsi","ASV_2350",3.82171093730211,0.004,0.0396375,0.394007168458781,"Curculionidae","Scolytinae","Pityogenes","Pityogenes hopkinsi","k__Fungi","p__Ascomycota","c__Eurotiomycetes","o__Chaetothyriales","f__Herpotrichiellaceae","g__Sorocybe",NA,"positive"
"Pityogenes hopkinsi","ASV_2384",-2.94352238672932,0.004,0.0396375,0.394007168458781,"Curculionidae","Scolytinae","Pityogenes","Pityogenes hopkinsi","k__Fungi",NA,NA,NA,NA,NA,NA,"negative"
"Pityogenes hopkinsi","ASV_2613",-2.51737083920328,0.004,0.0396375,0.394007168458781,"Curculionidae","Scolytinae","Pityogenes","Pityogenes hopkinsi","k__Fungi","p__Ascomycota","c__Dothideomycetes","o__Pleosporales","f__Cucurbitariaceae","g__Parafenestella","s__salicis","negative"
"Pityogenes hopkinsi","ASV_3056",-2.65888025325387,0.004,0.0396375,0.394007168458781,"Curculionidae","Scolytinae","Pityogenes","Pityogenes hopkinsi","k__Fungi","p__Basidiomycota","c__Tremellomycetes","o__Tremellales",NA,NA,NA,"negative"
"Pityogenes hopkinsi","ASV_3093",-2.64495967319192,0.004,0.0396375,0.394007168458781,"Curculionidae","Scolytinae","Pityogenes","Pityogenes hopkinsi","k__Fungi","p__Ascomycota","c__Dothideomycetes","o__Dothideales","f__Saccotheciaceae","g__Aureobasidium","s__pullulans","negative"
"Pityogenes hopkinsi","ASV_3095",3.11995453950413,0.004,0.0396375,0.394007168458781,"Curculionidae","Scolytinae","Pityogenes","Pityogenes hopkinsi","k__Fungi","p__Ascomycota","c__Sordariomycetes","o__Xylariales","f__Diatrypaceae",NA,NA,"positive"
"Pityogenes hopkinsi","ASV_3113",2.93689203162393,0.004,0.0396375,0.394007168458781,"Curculionidae","Scolytinae","Pityogenes","Pityogenes hopkinsi","k__Fungi","p__Ascomycota","c__Leotiomycetes","o__Helotiales","f__Sclerotiniaceae",NA,NA,"positive"
"Pityogenes hopkinsi","ASV_3170",2.73302760029759,0.004,0.0396375,0.394007168458781,"Curculionidae","Scolytinae","Pityogenes","Pityogenes hopkinsi","k__Fungi","p__Ascomycota","c__Sordariomycetes","o__Diaporthales","f__Coryneaceae","g__Coryneum",NA,"positive"
"Pityogenes hopkinsi","ASV_3230",-2.27137619191493,0.004,0.0396375,0.394007168458781,"Curculionidae","Scolytinae","Pityogenes","Pityogenes hopkinsi","k__Fungi","p__Ascomycota","c__Dothideomycetes","o__Dothideales","f__Saccotheciaceae","g__Aureobasidium",NA,"negative"
"Pityogenes hopkinsi","ASV_3584",-3.15788346978153,0.004,0.0396375,0.394007168458781,"Curculionidae","Scolytinae","Pityogenes","Pityogenes hopkinsi","k__Fungi","p__Ascomycota","c__Dothideomycetes","o__Mycosphaerellales","f__Mycosphaerellaceae","g__Paramycosphaerella",NA,"negative"
"Pityogenes hopkinsi","ASV_3834",3.2087670531139,0.004,0.0396375,0.394007168458781,"Curculionidae","Scolytinae","Pityogenes","Pityogenes hopkinsi","k__Fungi","p__Basidiomycota","c__Agaricomycetes","o__Auriculariales","f__Hyaloriaceae","g__Stypella","s__grilletii","positive"
"Pityogenes hopkinsi","ASV_3844",-2.02575789035546,0.004,0.0396375,0.394007168458781,"Curculionidae","Scolytinae","Pityogenes","Pityogenes hopkinsi","k__Fungi","p__Ascomycota","c__Dothideomycetes","o__Dothideales","f__Saccotheciaceae","g__Aureobasidium","s__pullulans","negative"
"Pityogenes hopkinsi","ASV_3923",-3.56182854573361,0.004,0.0396375,0.394007168458781,"Curculionidae","Scolytinae","Pityogenes","Pityogenes hopkinsi","k__Fungi","p__Ascomycota","c__Eurotiomycetes","o__Phaeomoniellales","f__Phaeomoniellaceae","g__Pseudophaeomoniella","s__oleicola","negative"
"Pityogenes hopkinsi","ASV_4156",-3.15661440171104,0.004,0.0396375,0.394007168458781,"Curculionidae","Scolytinae","Pityogenes","Pityogenes hopkinsi","k__Fungi","p__Basidiomycota","c__Tremellomycetes","o__Tremellales","f__Bulleribasidiaceae","g__Hannaella",NA,"negative"
"Pityogenes hopkinsi","ASV_4587",-2.91034228972535,0.004,0.0396375,0.394007168458781,"Curculionidae","Scolytinae","Pityogenes","Pityogenes hopkinsi","k__Fungi","p__Ascomycota","c__Leotiomycetes",NA,NA,NA,NA,"negative"
"Pityogenes hopkinsi","ASV_4625",-3.28632298359344,0.004,0.0396375,0.394007168458781,"Curculionidae","Scolytinae","Pityogenes","Pityogenes hopkinsi","k__Fungi","p__Basidiomycota","c__Tremellomycetes","o__Tremellales","f__Bulleribasidiaceae","g__Vishniacozyma",NA,"negative"
"Pityogenes hopkinsi","ASV_4832",-2.58972275384169,0.004,0.0396375,0.394007168458781,"Curculionidae","Scolytinae","Pityogenes","Pityogenes hopkinsi","k__Fungi","p__Ascomycota","c__Dothideomycetes","o__Dothideales","f__Saccotheciaceae","g__Aureobasidium","s__pullulans","negative"
"Pityogenes hopkinsi","ASV_5304",-3.16975361273651,0.004,0.0396375,0.394007168458781,"Curculionidae","Scolytinae","Pityogenes","Pityogenes hopkinsi","k__Fungi","p__Ascomycota","c__Sordariomycetes","o__Sordariomycetes_ord_Incertae_sedis","f__Sordariomycetes_fam_Incertae_sedis","g__Rhamphoria","s__pyriformis","negative"
"Pityogenes hopkinsi","ASV_5689",-2.94718673488398,0.004,0.0396375,0.394007168458781,"Curculionidae","Scolytinae","Pityogenes","Pityogenes hopkinsi","k__Fungi","p__Ascomycota","c__Taphrinomycetes","o__Taphrinales","f__Taphrinaceae","g__Taphrina","s__letifera","negative"
"Pityogenes hopkinsi","ASV_6150",-2.60096797356575,0.004,0.0396375,0.394007168458781,"Curculionidae","Scolytinae","Pityogenes","Pityogenes hopkinsi","k__Fungi","p__Basidiomycota","c__Agaricomycetes","o__Hymenochaetales","f__Schizoporaceae","g__Xylodon","s__erastii","negative"
"Pityogenes hopkinsi","ASV_6244",3.15820348345082,0.004,0.0396375,0.394007168458781,"Curculionidae","Scolytinae","Pityogenes","Pityogenes hopkinsi","k__Fungi","p__Ascomycota","c__Dothideomycetes","o__Pleosporales","f__Pleosporales_fam_Incertae_sedis","g__Chaetophoma",NA,"positive"
"Pityogenes hopkinsi","ASV_6538",-2.82966041773825,0.004,0.0396375,0.394007168458781,"Curculionidae","Scolytinae","Pityogenes","Pityogenes hopkinsi","k__Fungi","p__Basidiomycota","c__Exobasidiomycetes","o__Microstromatales","f__Microstromatales_fam_Incertae_sedis","g__Pseudomicrostroma","s__phylloplanum","negative"
"Pityogenes hopkinsi","ASV_6591",-1.90842991606954,0.004,0.0396375,0.394007168458781,"Curculionidae","Scolytinae","Pityogenes","Pityogenes hopkinsi","k__Fungi","p__Ascomycota","c__Arthoniomycetes","o__Arthoniales","f__Opegraphaceae","g__Opegrapha","s__vermicellifera","negative"
"Pityogenes hopkinsi","ASV_7548",-3.0850386807182,0.004,0.0396375,0.394007168458781,"Curculionidae","Scolytinae","Pityogenes","Pityogenes hopkinsi","k__Fungi","p__Ascomycota","c__Dothideomycetes","o__Dothideales","f__Saccotheciaceae","g__Aureobasidium","s__pullulans","negative"
"Pityogenes hopkinsi","ASV_7916",-2.67969181346407,0.004,0.0396375,0.394007168458781,"Curculionidae","Scolytinae","Pityogenes","Pityogenes hopkinsi","k__Fungi","p__Ascomycota",NA,NA,NA,NA,NA,"negative"
"Pityogenes hopkinsi","ASV_8231",-2.72296654100648,0.004,0.0396375,0.394007168458781,"Curculionidae","Scolytinae","Pityogenes","Pityogenes hopkinsi","k__Fungi","p__Basidiomycota","c__Agaricomycetes","o__Russulales","f__Peniophoraceae","g__Peniophora","s__cinerea","negative"
"Pityogenes hopkinsi","ASV_8381",-2.5585594718124,0.004,0.0396375,0.394007168458781,"Curculionidae","Scolytinae","Pityogenes","Pityogenes hopkinsi","k__Fungi","p__Ascomycota","c__Pezizomycetes","o__Pezizales","f__Pyronemataceae","g__Geopyxis","s__carbonaria","negative"
"Pityogenes hopkinsi","ASV_8569",-2.83815559305943,0.004,0.0396375,0.394007168458781,"Curculionidae","Scolytinae","Pityogenes","Pityogenes hopkinsi","k__Fungi","p__Ascomycota","c__Taphrinomycetes","o__Taphrinales","f__Taphrinaceae","g__Taphrina",NA,"negative"
"Pityogenes hopkinsi","ASV_8591",-3.06971819311516,0.004,0.0396375,0.394007168458781,"Curculionidae","Scolytinae","Pityogenes","Pityogenes hopkinsi","k__Fungi","p__Ascomycota","c__Dothideomycetes","o__Capnodiales","f__Neoantennariellaceae","g__Cippumomyces","s__mortalis","negative"
"Pityogenes hopkinsi","ASV_8780",-3.41357754045121,0.004,0.0396375,0.394007168458781,"Curculionidae","Scolytinae","Pityogenes","Pityogenes hopkinsi","k__Fungi","p__Basidiomycota","c__Agaricomycetes","o__Polyporales","f__Ganodermataceae","g__Ganoderma",NA,"negative"
"Pityogenes hopkinsi","ASV_9927",-2.55638501097615,0.004,0.0396375,0.394007168458781,"Curculionidae","Scolytinae","Pityogenes","Pityogenes hopkinsi","k__Fungi","p__Ascomycota","c__Dothideomycetes","o__Dothideales","f__Dothioraceae","g__Dothiora",NA,"negative"
"Pityogenes hopkinsi","ASV_10312",-3.52540573179398,0.004,0.0396375,0.394007168458781,"Curculionidae","Scolytinae","Pityogenes","Pityogenes hopkinsi","k__Fungi","p__Ascomycota","c__Dothideomycetes","o__Mycosphaerellales","f__Mycosphaerellaceae","g__Sphaerulina",NA,"negative"
"Pityogenes hopkinsi","ASV_10603",-3.00357381328397,0.004,0.0396375,0.394007168458781,"Curculionidae","Scolytinae","Pityogenes","Pityogenes hopkinsi","k__Fungi","p__Ascomycota","c__Dothideomycetes","o__Dothideales","f__Dothioraceae","g__Dothiora",NA,"negative"
"Pityogenes hopkinsi","ASV_11294",2.50432686045199,0.004,0.0396375,0.394007168458781,"Curculionidae","Scolytinae","Pityogenes","Pityogenes hopkinsi","k__Fungi","p__Ascomycota","c__Lecanoromycetes","o__Lecanorales",NA,NA,NA,"positive"
"Pityogenes hopkinsi","ASV_11441",-3.45986020395176,0.004,0.0396375,0.394007168458781,"Curculionidae","Scolytinae","Pityogenes","Pityogenes hopkinsi","k__Fungi","p__Ascomycota","c__Sordariomycetes","o__Diaporthales","f__Valsaceae","g__Valsa",NA,"negative"
"Pityogenes hopkinsi","ASV_11684",-2.65656309590257,0.004,0.0396375,0.394007168458781,"Curculionidae","Scolytinae","Pityogenes","Pityogenes hopkinsi","k__Fungi","p__Basidiomycota","c__Microbotryomycetes","o__Leucosporidiales","f__Leucosporidiaceae","g__Leucosporidium",NA,"negative"
"Pityogenes hopkinsi","ASV_12231",-2.32605217559755,0.004,0.0396375,0.394007168458781,"Curculionidae","Scolytinae","Pityogenes","Pityogenes hopkinsi","k__Fungi",NA,NA,NA,NA,NA,NA,"negative"
"Pityogenes hopkinsi","ASV_12336",-3.30190717776239,0.004,0.0396375,0.394007168458781,"Curculionidae","Scolytinae","Pityogenes","Pityogenes hopkinsi","k__Fungi","p__Ascomycota","c__Dothideomycetes","o__Dothideales","f__Aureobasidiaceae","g__Kabatiella",NA,"negative"
"Pityogenes hopkinsi","ASV_12659",-2.24099619472528,0.004,0.0396375,0.394007168458781,"Curculionidae","Scolytinae","Pityogenes","Pityogenes hopkinsi","k__Fungi","p__Ascomycota","c__Dothideomycetes","o__Dothideales","f__Saccotheciaceae","g__Aureobasidium","s__pullulans","negative"
"Pityogenes hopkinsi","ASV_13228",-2.37286116495732,0.004,0.0396375,0.394007168458781,"Curculionidae","Scolytinae","Pityogenes","Pityogenes hopkinsi","k__Fungi","p__Ascomycota","c__Eurotiomycetes","o__Chaetothyriales","f__Herpotrichiellaceae","g__Exophiala",NA,"negative"
"Pityogenes hopkinsi","ASV_13634",-2.83285087952294,0.004,0.0396375,0.394007168458781,"Curculionidae","Scolytinae","Pityogenes","Pityogenes hopkinsi","k__Fungi","p__Basidiomycota","c__Cystobasidiomycetes","o__Erythrobasidiales","f__Erythrobasidiaceae","g__Erythrobasidium",NA,"negative"
"Pityogenes hopkinsi","ASV_13789",-3.35876965662358,0.004,0.0396375,0.394007168458781,"Curculionidae","Scolytinae","Pityogenes","Pityogenes hopkinsi","k__Fungi","p__Ascomycota","c__Sordariomycetes","o__Coronophorales","f__Scortechiniaceae","g__Yuxiensis","s__granularis","negative"
"Pityogenes hopkinsi","ASV_14292",-3.94456288821079,0.004,0.0396375,0.394007168458781,"Curculionidae","Scolytinae","Pityogenes","Pityogenes hopkinsi","k__Fungi","p__Ascomycota","c__Leotiomycetes",NA,NA,NA,NA,"negative"
"Pityogenes hopkinsi","ASV_15232",-3.01998247120656,0.004,0.0396375,0.394007168458781,"Curculionidae","Scolytinae","Pityogenes","Pityogenes hopkinsi","k__Fungi","p__Basidiomycota","c__Tremellomycetes","o__Tremellales","f__Cryptococcaceae","g__Kwoniella","s__pini","negative"
"Pityogenes hopkinsi","ASV_16274",-2.93132307329459,0.004,0.0396375,0.394007168458781,"Curculionidae","Scolytinae","Pityogenes","Pityogenes hopkinsi","k__Fungi","p__Ascomycota","c__Taphrinomycetes","o__Taphrinales","f__Taphrinaceae","g__Taphrina",NA,"negative"
"Pityogenes hopkinsi","ASV_17035",-2.75984156607722,0.004,0.0396375,0.394007168458781,"Curculionidae","Scolytinae","Pityogenes","Pityogenes hopkinsi","k__Fungi","p__Basidiomycota","c__Tremellomycetes","o__Tremellales","f__Cryptococcaceae","g__Teunia",NA,"negative"
"Pityogenes hopkinsi","ASV_17965",-2.40069784776438,0.004,0.0396375,0.394007168458781,"Curculionidae","Scolytinae","Pityogenes","Pityogenes hopkinsi","k__Fungi","p__Ascomycota","c__Dothideomycetes",NA,NA,NA,NA,"negative"
"Pityogenes hopkinsi","ASV_18681",-2.7784054883317,0.004,0.0396375,0.394007168458781,"Curculionidae","Scolytinae","Pityogenes","Pityogenes hopkinsi","k__Fungi","p__Ascomycota","c__Dothideomycetes","o__Mycosphaerellales","f__Mycosphaerellaceae",NA,NA,"negative"
"Pityogenes hopkinsi","ASV_18716",-2.6076725713159,0.004,0.0396375,0.394007168458781,"Curculionidae","Scolytinae","Pityogenes","Pityogenes hopkinsi","k__Fungi","p__Ascomycota","c__Sordariomycetes","o__Calosphaeriales","f__Calosphaeriaceae","g__Jattaea","s__prunicola","negative"
"Pityogenes hopkinsi","ASV_19061",-3.42319074343731,0.004,0.0396375,0.394007168458781,"Curculionidae","Scolytinae","Pityogenes","Pityogenes hopkinsi","k__Fungi","p__Basidiomycota","c__Microbotryomycetes","o__Microbotryomycetes_ord_Incertae_sedis","f__Chrysozymaceae",NA,NA,"negative"
"Pityogenes hopkinsi","ASV_19267",-2.80750875403785,0.004,0.0396375,0.394007168458781,"Curculionidae","Scolytinae","Pityogenes","Pityogenes hopkinsi","k__Fungi","p__Ascomycota","c__Lecanoromycetes",NA,NA,NA,NA,"negative"
"Pityogenes hopkinsi","ASV_19395",-3.00826697848022,0.004,0.0396375,0.394007168458781,"Curculionidae","Scolytinae","Pityogenes","Pityogenes hopkinsi","k__Fungi","p__Basidiomycota","c__Cystobasidiomycetes","o__Erythrobasidiales",NA,NA,NA,"negative"
"Pityogenes hopkinsi","ASV_20290",-2.98808803486841,0.004,0.0396375,0.394007168458781,"Curculionidae","Scolytinae","Pityogenes","Pityogenes hopkinsi","k__Fungi","p__Ascomycota","c__Dothideomycetes","o__Dothideales","f__Saccotheciaceae","g__Aureobasidium","s__pullulans","negative"
"Pityogenes hopkinsi","ASV_21321",-2.56506874602649,0.004,0.0396375,0.394007168458781,"Curculionidae","Scolytinae","Pityogenes","Pityogenes hopkinsi","k__Fungi","p__Ascomycota","c__Dothideomycetes","o__Dothideales","f__Dothioraceae","g__Perusta",NA,"negative"
"Pityogenes hopkinsi","ASV_21507",-2.57812199679349,0.004,0.0396375,0.394007168458781,"Curculionidae","Scolytinae","Pityogenes","Pityogenes hopkinsi","k__Fungi","p__Ascomycota","c__Dothideomycetes","o__Dothideales","f__Saccotheciaceae","g__Aureobasidium","s__pullulans","negative"
"Pityogenes hopkinsi","ASV_22584",-3.47818881407646,0.004,0.0396375,0.394007168458781,"Curculionidae","Scolytinae","Pityogenes","Pityogenes hopkinsi","k__Fungi","p__Ascomycota","c__Dothideomycetes","o__Capnodiales","f__Neoantennariellaceae","g__Cippumomyces","s__mortalis","negative"
"Pityogenes hopkinsi","ASV_24529",-3.29414823200543,0.004,0.0396375,0.394007168458781,"Curculionidae","Scolytinae","Pityogenes","Pityogenes hopkinsi","k__Fungi","p__Ascomycota","c__Dothideomycetes",NA,NA,NA,NA,"negative"
"Pityogenes hopkinsi","ASV_26222",-2.88351579881661,0.004,0.0396375,0.394007168458781,"Curculionidae","Scolytinae","Pityogenes","Pityogenes hopkinsi","k__Fungi","p__Ascomycota","c__Dothideomycetes","o__Dothideales","f__Dothideaceae","g__Dothideaceae_gen_Incertae_sedis",NA,"negative"
"Pityogenes hopkinsi","ASV_26853",-3.2185371305142,0.004,0.0396375,0.394007168458781,"Curculionidae","Scolytinae","Pityogenes","Pityogenes hopkinsi","k__Fungi","p__Ascomycota","c__Dothideomycetes","o__Mycosphaerellales","f__Mycosphaerellaceae","g__Acrodontium","s__neolitseae","negative"
"Pityogenes hopkinsi","ASV_27074",-3.46621659965905,0.004,0.0396375,0.394007168458781,"Curculionidae","Scolytinae","Pityogenes","Pityogenes hopkinsi","k__Fungi","p__Basidiomycota","c__Agaricomycetes","o__Polyporales","f__Meruliaceae","g__Scopuloides","s__hydnoides","negative"
"Pityogenes hopkinsi","ASV_28899",-3.37465163155746,0.004,0.0396375,0.394007168458781,"Curculionidae","Scolytinae","Pityogenes","Pityogenes hopkinsi","k__Fungi","p__Basidiomycota","c__Agaricomycetes","o__Polyporales","f__Podoscyphaceae","g__Hypochnicium","s__geogenium","negative"
"Pityogenes hopkinsi","ASV_164",2.93060826633556,0.005,0.0439196675900277,0.419928692699491,"Curculionidae","Scolytinae","Pityogenes","Pityogenes hopkinsi","k__Fungi","p__Ascomycota","c__Dothideomycetes","o__Pleosporales","f__Cucurbitariaceae","g__Parafenestella","s__ontariensis","positive"
"Pityogenes hopkinsi","ASV_176",2.76984226445577,0.005,0.0439196675900277,0.419928692699491,"Curculionidae","Scolytinae","Pityogenes","Pityogenes hopkinsi","k__Fungi","p__Ascomycota","c__Eurotiomycetes","o__Coryneliales","f__Coryneliaceae","g__Coryneliaceae_gen_Incertae_sedis",NA,"positive"
"Pityogenes hopkinsi","ASV_318",2.77086062857746,0.005,0.0439196675900277,0.419928692699491,"Curculionidae","Scolytinae","Pityogenes","Pityogenes hopkinsi","k__Fungi","p__Ascomycota","c__Lecanoromycetes","o__Lecanorales",NA,NA,NA,"positive"
"Pityogenes hopkinsi","ASV_494",3.17226094121035,0.005,0.0439196675900277,0.419928692699491,"Curculionidae","Scolytinae","Pityogenes","Pityogenes hopkinsi","k__Fungi","p__Ascomycota","c__Eurotiomycetes","o__Chaetothyriales",NA,NA,NA,"positive"
"Pityogenes hopkinsi","ASV_790",3.24922058212411,0.005,0.0439196675900277,0.419928692699491,"Curculionidae","Scolytinae","Pityogenes","Pityogenes hopkinsi","k__Fungi","p__Ascomycota","c__Dothideomycetes","o__Pleosporales","f__Pleosporales_fam_Incertae_sedis","g__Chaetophoma",NA,"positive"
"Pityogenes hopkinsi","ASV_834",2.24257482781902,0.005,0.0439196675900277,0.419928692699491,"Curculionidae","Scolytinae","Pityogenes","Pityogenes hopkinsi","k__Fungi","p__Ascomycota","c__Leotiomycetes","o__Helotiales","f__Tympanidaceae","g__Tympanis",NA,"positive"
"Pityogenes hopkinsi","ASV_1022",3.03593629320825,0.005,0.0439196675900277,0.419928692699491,"Curculionidae","Scolytinae","Pityogenes","Pityogenes hopkinsi","k__Fungi","p__Ascomycota","c__Eurotiomycetes","o__Chaetothyriales","f__Chaetothyriaceae","g__Camptophora",NA,"positive"
"Pityogenes hopkinsi","ASV_1026",2.98940652983292,0.005,0.0439196675900277,0.419928692699491,"Curculionidae","Scolytinae","Pityogenes","Pityogenes hopkinsi","k__Fungi","p__Ascomycota","c__Sordariomycetes","o__Diaporthales","f__Valsaceae","g__Cytospora",NA,"positive"
"Pityogenes hopkinsi","ASV_1199",-2.54603081196439,0.005,0.0439196675900277,0.419928692699491,"Curculionidae","Scolytinae","Pityogenes","Pityogenes hopkinsi","k__Fungi","p__Basidiomycota","c__Exobasidiomycetes","o__Microstromatales","f__Microstromatales_fam_Incertae_sedis","g__Pseudomicrostroma","s__phylloplanum","negative"
"Pityogenes hopkinsi","ASV_1266",2.82618114840739,0.005,0.0439196675900277,0.419928692699491,"Curculionidae","Scolytinae","Pityogenes","Pityogenes hopkinsi","k__Fungi","p__Basidiomycota","c__Agaricomycetes","o__Hymenochaetales","f__Hymenochaetales_fam_Incertae_sedis","g__Skvortzovia","s__furfuracea","positive"
"Pityogenes hopkinsi","ASV_1269",-3.07292431623226,0.005,0.0439196675900277,0.419928692699491,"Curculionidae","Scolytinae","Pityogenes","Pityogenes hopkinsi","k__Fungi","p__Basidiomycota","c__Exobasidiomycetes","o__Microstromatales","f__Microstromatales_fam_Incertae_sedis","g__Pseudomicrostroma","s__phylloplanum","negative"
"Pityogenes hopkinsi","ASV_1502",2.62511006465895,0.005,0.0439196675900277,0.419928692699491,"Curculionidae","Scolytinae","Pityogenes","Pityogenes hopkinsi","k__Fungi","p__Basidiomycota","c__Agaricomycetes","o__Hymenochaetales","f__Hymenochaetales_fam_Incertae_sedis","g__Trichaptum","s__abietinum","positive"
"Pityogenes hopkinsi","ASV_1555",3.5621908802453,0.005,0.0439196675900277,0.419928692699491,"Curculionidae","Scolytinae","Pityogenes","Pityogenes hopkinsi","k__Fungi","p__Ascomycota","c__Leotiomycetes","o__Erysiphales","f__Erysiphaceae","g__Podosphaera","s__leucotricha","positive"
"Pityogenes hopkinsi","ASV_1593",2.76736706318736,0.005,0.0439196675900277,0.419928692699491,"Curculionidae","Scolytinae","Pityogenes","Pityogenes hopkinsi","k__Fungi","p__Ascomycota","c__Dothideomycetes","o__Pleosporales","f__Phaeosphaeriaceae","g__Xenophoma","s__puncteliae","positive"
"Pityogenes hopkinsi","ASV_1695",2.87059950245273,0.005,0.0439196675900277,0.419928692699491,"Curculionidae","Scolytinae","Pityogenes","Pityogenes hopkinsi","k__Fungi","p__Basidiomycota","c__Agaricomycetes",NA,NA,NA,NA,"positive"
"Pityogenes hopkinsi","ASV_1922",-1.87585515542739,0.005,0.0439196675900277,0.419928692699491,"Curculionidae","Scolytinae","Pityogenes","Pityogenes hopkinsi","k__Fungi","p__Ascomycota","c__Lecanoromycetes","o__Lecanorales","f__Parmeliaceae","g__Hypogymnia","s__incurvoides","negative"
"Pityogenes hopkinsi","ASV_2172",-2.22526493959218,0.005,0.0439196675900277,0.419928692699491,"Curculionidae","Scolytinae","Pityogenes","Pityogenes hopkinsi","k__Fungi","p__Ascomycota","c__Eurotiomycetes","o__Chaetothyriales","f__Trichomeriaceae","g__Alatosessilispora",NA,"negative"
"Pityogenes hopkinsi","ASV_2701",2.64737387798499,0.005,0.0439196675900277,0.419928692699491,"Curculionidae","Scolytinae","Pityogenes","Pityogenes hopkinsi","k__Fungi","p__Ascomycota","c__Leotiomycetes","o__Helotiales",NA,NA,NA,"positive"
"Pityogenes hopkinsi","ASV_3283",-2.41954018228713,0.005,0.0439196675900277,0.419928692699491,"Curculionidae","Scolytinae","Pityogenes","Pityogenes hopkinsi","k__Fungi","p__Ascomycota",NA,NA,NA,NA,NA,"negative"
"Pityogenes hopkinsi","ASV_3381",2.94517810894293,0.005,0.0439196675900277,0.419928692699491,"Curculionidae","Scolytinae","Pityogenes","Pityogenes hopkinsi","k__Fungi","p__Ascomycota","c__Dothideomycetes","o__Pleosporales","f__Pleosporales_fam_Incertae_sedis","g__Chaetophoma",NA,"positive"
"Pityogenes hopkinsi","ASV_3654",-2.82211516985974,0.005,0.0439196675900277,0.419928692699491,"Curculionidae","Scolytinae","Pityogenes","Pityogenes hopkinsi","k__Fungi","p__Ascomycota","c__Dothideomycetes","o__Pleosporales","f__Dictyosporiaceae","g__Verrucoccum","s__coppinsii","negative"
"Pityogenes hopkinsi","ASV_3896",2.77556026721821,0.005,0.0439196675900277,0.419928692699491,"Curculionidae","Scolytinae","Pityogenes","Pityogenes hopkinsi","k__Fungi","p__Basidiomycota","c__Agaricomycetes","o__Agaricales","f__Mycenaceae","g__Mycena","s__alcalina","positive"
"Pityogenes hopkinsi","ASV_4134",2.80526482621235,0.005,0.0439196675900277,0.419928692699491,"Curculionidae","Scolytinae","Pityogenes","Pityogenes hopkinsi","k__Fungi","p__Ascomycota","c__Sordariomycetes","o__Sordariomycetidae_ord_Incertae_sedis","f__Rhamphoriaceae","g__Rhodoveronaea","s__varioseptata","positive"
"Pityogenes hopkinsi","ASV_4937",4.93150402292858,0.005,0.0439196675900277,0.419928692699491,"Curculionidae","Scolytinae","Pityogenes","Pityogenes hopkinsi","k__Fungi","p__Basidiomycota","c__Agaricomycetes","o__Russulales","f__Stereaceae","g__Stereum","s__sanguinolentum","positive"
"Pityogenes hopkinsi","ASV_5071",-2.84972272283262,0.005,0.0439196675900277,0.419928692699491,"Curculionidae","Scolytinae","Pityogenes","Pityogenes hopkinsi","k__Fungi","p__Basidiomycota","c__Tremellomycetes","o__Tremellales","f__Bulleribasidiaceae","g__Dioszegia",NA,"negative"
"Pityogenes hopkinsi","ASV_5162",-2.21574121166781,0.005,0.0439196675900277,0.419928692699491,"Curculionidae","Scolytinae","Pityogenes","Pityogenes hopkinsi","k__Fungi","p__Ascomycota","c__Sordariomycetes","o__Ophiostomatales","f__Ophiostomataceae","g__Sporothrix",NA,"negative"
"Pityogenes hopkinsi","ASV_5218",-2.6373916479252,0.005,0.0439196675900277,0.419928692699491,"Curculionidae","Scolytinae","Pityogenes","Pityogenes hopkinsi","k__Fungi","p__Ascomycota","c__Arthoniomycetes","o__Lichenostigmatales","f__Phaeococcomycetaceae","g__Phaeococcomyces","s__eucalypti","negative"
"Pityogenes hopkinsi","ASV_5537",2.51080535398499,0.005,0.0439196675900277,0.419928692699491,"Curculionidae","Scolytinae","Pityogenes","Pityogenes hopkinsi","k__Fungi","p__Ascomycota","c__Eurotiomycetes","o__Eurotiales","f__Aspergillaceae","g__Penicillium","s__atrosanguineum","positive"
"Pityogenes hopkinsi","ASV_5711",4.34042645130787,0.005,0.0439196675900277,0.419928692699491,"Curculionidae","Scolytinae","Pityogenes","Pityogenes hopkinsi","k__Fungi","p__Ascomycota","c__Sordariomycetes","o__Diaporthales","f__Valsaceae","g__Cytospora","s__beilinensis","positive"
"Pityogenes hopkinsi","ASV_5962",-3.07108531244019,0.005,0.0439196675900277,0.419928692699491,"Curculionidae","Scolytinae","Pityogenes","Pityogenes hopkinsi","k__Fungi","p__Ascomycota","c__Dothideomycetes","o__Dothideales","f__Dothideaceae","g__Dothidea",NA,"negative"
"Pityogenes hopkinsi","ASV_5997",3.11044841322847,0.005,0.0439196675900277,0.419928692699491,"Curculionidae","Scolytinae","Pityogenes","Pityogenes hopkinsi","k__Fungi","p__Ascomycota","c__Eurotiomycetes","o__Chaetothyriales",NA,NA,NA,"positive"
"Pityogenes hopkinsi","ASV_6044",-3.28025788337936,0.005,0.0439196675900277,0.419928692699491,"Curculionidae","Scolytinae","Pityogenes","Pityogenes hopkinsi","k__Fungi","p__Ascomycota","c__Sareomycetes","o__Sareales","f__Sareaceae","g__Sarea","s__difformis","negative"
"Pityogenes hopkinsi","ASV_6580",2.77412306168685,0.005,0.0439196675900277,0.419928692699491,"Curculionidae","Scolytinae","Pityogenes","Pityogenes hopkinsi","k__Fungi","p__Basidiomycota","c__Agaricomycetes","o__Polyporales",NA,NA,NA,"positive"
"Pityogenes hopkinsi","ASV_7646",-2.4571651492321,0.005,0.0439196675900277,0.419928692699491,"Curculionidae","Scolytinae","Pityogenes","Pityogenes hopkinsi","k__Fungi","p__Ascomycota",NA,NA,NA,NA,NA,"negative"
"Pityogenes hopkinsi","ASV_8210",-2.98820570081686,0.005,0.0439196675900277,0.419928692699491,"Curculionidae","Scolytinae","Pityogenes","Pityogenes hopkinsi","k__Fungi","p__Basidiomycota","c__Agaricomycetes","o__Polyporales","f__Incrustoporiaceae","g__Skeletocutis","s__kuehneri","negative"
"Pityogenes hopkinsi","ASV_8332",2.61954799760041,0.005,0.0439196675900277,0.419928692699491,"Curculionidae","Scolytinae","Pityogenes","Pityogenes hopkinsi","k__Fungi","p__Ascomycota","c__Sordariomycetes","o__Hypocreales","f__Clavicipitaceae","g__Metapochonia",NA,"positive"
"Pityogenes hopkinsi","ASV_8352",2.90334112213274,0.005,0.0439196675900277,0.419928692699491,"Curculionidae","Scolytinae","Pityogenes","Pityogenes hopkinsi","k__Fungi","p__Ascomycota","c__Sordariomycetes","o__Hypocreales","f__Hypocreales_fam_Incertae_sedis","g__Barbatosphaeria","s__arboricola","positive"
"Pityogenes hopkinsi","ASV_8409",-3.57192356483326,0.005,0.0439196675900277,0.419928692699491,"Curculionidae","Scolytinae","Pityogenes","Pityogenes hopkinsi","k__Fungi","p__Ascomycota","c__Dothideomycetes","o__Myriangiales","f__Myriangiaceae","g__Myriangium","s__duriaei","negative"
"Pityogenes hopkinsi","ASV_8482",-3.4536094892191,0.005,0.0439196675900277,0.419928692699491,"Curculionidae","Scolytinae","Pityogenes","Pityogenes hopkinsi","k__Fungi","p__Basidiomycota","c__Agaricomycetes","o__Russulales","f__Peniophoraceae","g__Peniophora","s__cinerea","negative"
"Pityogenes hopkinsi","ASV_8587",3.56134487104372,0.005,0.0439196675900277,0.419928692699491,"Curculionidae","Scolytinae","Pityogenes","Pityogenes hopkinsi","k__Fungi","p__Basidiomycota","c__Agaricomycetes","o__Agaricales","f__Mycenaceae","g__Mycena","s__alcalina","positive"
"Pityogenes hopkinsi","ASV_9065",-2.45546448114804,0.005,0.0439196675900277,0.419928692699491,"Curculionidae","Scolytinae","Pityogenes","Pityogenes hopkinsi","k__Fungi","p__Ascomycota","c__Lecanoromycetes","o__Caliciales","f__Physciaceae","g__Physcia",NA,"negative"
"Pityogenes hopkinsi","ASV_9077",-2.60725227853466,0.005,0.0439196675900277,0.419928692699491,"Curculionidae","Scolytinae","Pityogenes","Pityogenes hopkinsi","k__Fungi","p__Ascomycota","c__Leotiomycetes","o__Helotiales",NA,NA,NA,"negative"
"Pityogenes hopkinsi","ASV_9156",-2.31783051674987,0.005,0.0439196675900277,0.419928692699491,"Curculionidae","Scolytinae","Pityogenes","Pityogenes hopkinsi","k__Fungi","p__Ascomycota","c__Pezizomycotina_cls_Incertae_sedis","o__Pezizomycotina_ord_Incertae_sedis","f__Pezizomycotina_fam_Incertae_sedis","g__Neomelanconium","s__gelatosporum","negative"
"Pityogenes hopkinsi","ASV_9251",-3.2534971897763,0.005,0.0439196675900277,0.419928692699491,"Curculionidae","Scolytinae","Pityogenes","Pityogenes hopkinsi","k__Fungi","p__Basidiomycota","c__Tremellomycetes",NA,NA,NA,NA,"negative"
"Pityogenes hopkinsi","ASV_9406",-2.69248256004251,0.005,0.0439196675900277,0.419928692699491,"Curculionidae","Scolytinae","Pityogenes","Pityogenes hopkinsi","k__Fungi","p__Basidiomycota","c__Tremellomycetes","o__Filobasidiales","f__Filobasidiales_fam_Incertae_sedis","g__Filobasidiales_gen_Incertae_sedis",NA,"negative"
"Pityogenes hopkinsi","ASV_9610",-2.22751931906772,0.005,0.0439196675900277,0.419928692699491,"Curculionidae","Scolytinae","Pityogenes","Pityogenes hopkinsi","k__Fungi","p__Ascomycota","c__Eurotiomycetes","o__Phaeomoniellales","f__Phaeomoniellaceae",NA,NA,"negative"
"Pityogenes hopkinsi","ASV_9624",-2.85152649886789,0.005,0.0439196675900277,0.419928692699491,"Curculionidae","Scolytinae","Pityogenes","Pityogenes hopkinsi","k__Fungi","p__Basidiomycota","c__Agaricostilbomycetes","o__Agaricostilbales","f__Agaricostilbales_fam_Incertae_sedis","g__Agaricostilbales_gen_Incertae_sedis",NA,"negative"
"Pityogenes hopkinsi","ASV_10463",3.12080777923726,0.005,0.0439196675900277,0.419928692699491,"Curculionidae","Scolytinae","Pityogenes","Pityogenes hopkinsi","k__Fungi","p__Basidiomycota","c__Agaricomycetes","o__Hymenochaetales","f__Schizoporaceae","g__Oxyporus","s__piceicola","positive"
"Pityogenes hopkinsi","ASV_10806",-3.01757725373879,0.005,0.0439196675900277,0.419928692699491,"Curculionidae","Scolytinae","Pityogenes","Pityogenes hopkinsi","k__Fungi","p__Ascomycota","c__Dothideomycetes","o__Dothideales","f__Saccotheciaceae","g__Aureobasidium",NA,"negative"
"Pityogenes hopkinsi","ASV_10943",-2.39720309037016,0.005,0.0439196675900277,0.419928692699491,"Curculionidae","Scolytinae","Pityogenes","Pityogenes hopkinsi","k__Fungi","p__Ascomycota","c__Eurotiomycetes","o__Phaeomoniellales","f__Phaeomoniellaceae",NA,NA,"negative"
"Pityogenes hopkinsi","ASV_12347",-2.19949599871685,0.005,0.0439196675900277,0.419928692699491,"Curculionidae","Scolytinae","Pityogenes","Pityogenes hopkinsi","k__Fungi","p__Ascomycota","c__Eurotiomycetes","o__Chaetothyriales","f__Paracladophialophoraceae","g__Paracladophialophora",NA,"negative"
"Pityogenes hopkinsi","ASV_12476",-2.67575834584222,0.005,0.0439196675900277,0.419928692699491,"Curculionidae","Scolytinae","Pityogenes","Pityogenes hopkinsi","k__Fungi","p__Ascomycota","c__Dothideomycetes","o__Dothideales",NA,NA,NA,"negative"
"Pityogenes hopkinsi","ASV_13302",-2.99242954778245,0.005,0.0439196675900277,0.419928692699491,"Curculionidae","Scolytinae","Pityogenes","Pityogenes hopkinsi","k__Fungi","p__Basidiomycota","c__Agaricomycetes","o__Polyporales","f__Irpicaceae","g__Gloeoporus","s__dichrous","negative"
"Pityogenes hopkinsi","ASV_13361",-3.98206707157345,0.005,0.0439196675900277,0.419928692699491,"Curculionidae","Scolytinae","Pityogenes","Pityogenes hopkinsi","k__Fungi",NA,NA,NA,NA,NA,NA,"negative"
"Pityogenes hopkinsi","ASV_13670",-3.19098070222981,0.005,0.0439196675900277,0.419928692699491,"Curculionidae","Scolytinae","Pityogenes","Pityogenes hopkinsi","k__Fungi","p__Ascomycota","c__Arthoniomycetes","o__Arthoniomycetes_ord_Incertae_sedis","f__Arthoniomycetes_fam_Incertae_sedis","g__Arthoniomycetes_gen_Incertae_sedis",NA,"negative"
"Pityogenes hopkinsi","ASV_13832",-3.16180145126189,0.005,0.0439196675900277,0.419928692699491,"Curculionidae","Scolytinae","Pityogenes","Pityogenes hopkinsi","k__Fungi",NA,NA,NA,NA,NA,NA,"negative"
"Pityogenes hopkinsi","ASV_14052",-3.22136891817094,0.005,0.0439196675900277,0.419928692699491,"Curculionidae","Scolytinae","Pityogenes","Pityogenes hopkinsi","k__Fungi","p__Ascomycota","c__Dothideomycetes","o__Dothideales","f__Saccotheciaceae","g__Aureobasidium","s__pullulans","negative"
"Pityogenes hopkinsi","ASV_14394",-2.45186829698992,0.005,0.0439196675900277,0.419928692699491,"Curculionidae","Scolytinae","Pityogenes","Pityogenes hopkinsi","k__Fungi","p__Ascomycota","c__Dothideomycetes","o__Dothideales","f__Saccotheciaceae","g__Aureobasidium",NA,"negative"
"Pityogenes hopkinsi","ASV_14494",-2.88838530266012,0.005,0.0439196675900277,0.419928692699491,"Curculionidae","Scolytinae","Pityogenes","Pityogenes hopkinsi","k__Fungi","p__Ascomycota","c__Dothideomycetes","o__Mycosphaerellales","f__Mycosphaerellaceae","g__Sphaerulina","s__pelargonii","negative"
"Pityogenes hopkinsi","ASV_14521",-2.22611639093106,0.005,0.0439196675900277,0.419928692699491,"Curculionidae","Scolytinae","Pityogenes","Pityogenes hopkinsi","k__Fungi","p__Ascomycota","c__Leotiomycetes","o__Rhytismatales","f__Rhytismataceae","g__Coccomyces","s__triangularis","negative"
"Pityogenes hopkinsi","ASV_15016",-3.1012259909827,0.005,0.0439196675900277,0.419928692699491,"Curculionidae","Scolytinae","Pityogenes","Pityogenes hopkinsi","k__Fungi","p__Ascomycota","c__Orbiliomycetes","o__Orbiliales","f__Orbiliaceae","g__Orbilia","s__tremulae","negative"
"Pityogenes hopkinsi","ASV_15436",-2.86878184464129,0.005,0.0439196675900277,0.419928692699491,"Curculionidae","Scolytinae","Pityogenes","Pityogenes hopkinsi","k__Fungi","p__Ascomycota","c__Dothideomycetes","o__Mycosphaerellales","f__Mycosphaerellaceae","g__Ramularia",NA,"negative"
"Pityogenes hopkinsi","ASV_16364",-3.07921279899513,0.005,0.0439196675900277,0.419928692699491,"Curculionidae","Scolytinae","Pityogenes","Pityogenes hopkinsi","k__Fungi","p__Basidiomycota","c__Agaricomycetes","o__Polyporales","f__Steccherinaceae","g__Steccherinum","s__fimbriatum","negative"
"Pityogenes hopkinsi","ASV_16585",-4.21882089215963,0.005,0.0439196675900277,0.419928692699491,"Curculionidae","Scolytinae","Pityogenes","Pityogenes hopkinsi","k__Fungi","p__Ascomycota","c__Dothideomycetes","o__Mycosphaerellales","f__Mycosphaerellaceae","g__Ramularia",NA,"negative"
"Pityogenes hopkinsi","ASV_17529",-3.48072746376636,0.005,0.0439196675900277,0.419928692699491,"Curculionidae","Scolytinae","Pityogenes","Pityogenes hopkinsi","k__Fungi",NA,NA,NA,NA,NA,NA,"negative"
"Pityogenes hopkinsi","ASV_20062",-2.60356315079113,0.005,0.0439196675900277,0.419928692699491,"Curculionidae","Scolytinae","Pityogenes","Pityogenes hopkinsi","k__Fungi","p__Ascomycota","c__Dothideomycetes","o__Capnodiales","f__Cladosporiaceae","g__Cladosporium","s__herbarum","negative"
"Pityogenes hopkinsi","ASV_20567",-3.34633106996522,0.005,0.0439196675900277,0.419928692699491,"Curculionidae","Scolytinae","Pityogenes","Pityogenes hopkinsi","k__Fungi","p__Ascomycota","c__Leotiomycetes","o__Helotiales","f__Mollisiaceae","g__Phialocephala",NA,"negative"
"Pityogenes hopkinsi","ASV_20593",-2.61830505947714,0.005,0.0439196675900277,0.419928692699491,"Curculionidae","Scolytinae","Pityogenes","Pityogenes hopkinsi","k__Fungi","p__Basidiomycota","c__Tremellomycetes","o__Tremellales","f__Bulleribasidiaceae","g__Vishniacozyma",NA,"negative"
"Pityogenes hopkinsi","ASV_20951",-2.73231877068068,0.005,0.0439196675900277,0.419928692699491,"Curculionidae","Scolytinae","Pityogenes","Pityogenes hopkinsi","k__Fungi","p__Basidiomycota","c__Agaricomycetes","o__Polyporales","f__Meruliaceae","g__Scopuloides",NA,"negative"
"Pityogenes hopkinsi","ASV_21500",-2.72962417109835,0.005,0.0439196675900277,0.419928692699491,"Curculionidae","Scolytinae","Pityogenes","Pityogenes hopkinsi","k__Fungi","p__Ascomycota","c__Dothideomycetes","o__Dothideales","f__Dothioraceae","g__Perusta",NA,"negative"
"Pityogenes hopkinsi","ASV_21793",-2.28289813978651,0.005,0.0439196675900277,0.419928692699491,"Curculionidae","Scolytinae","Pityogenes","Pityogenes hopkinsi","k__Fungi","p__Ascomycota","c__Lecanoromycetes","o__Caliciales","f__Caliciaceae","g__Buellia","s__erubescens","negative"
"Pityogenes hopkinsi","ASV_21881",-3.55605610602894,0.005,0.0439196675900277,0.419928692699491,"Curculionidae","Scolytinae","Pityogenes","Pityogenes hopkinsi","k__Fungi","p__Ascomycota","c__Dothideomycetes","o__Mycosphaerellales",NA,NA,NA,"negative"
"Pityogenes hopkinsi","ASV_22336",-2.76782317963343,0.005,0.0439196675900277,0.419928692699491,"Curculionidae","Scolytinae","Pityogenes","Pityogenes hopkinsi","k__Fungi","p__Ascomycota",NA,NA,NA,NA,NA,"negative"
"Pityogenes hopkinsi","ASV_23492",-2.74809062525214,0.005,0.0439196675900277,0.419928692699491,"Curculionidae","Scolytinae","Pityogenes","Pityogenes hopkinsi","k__Fungi","p__Ascomycota","c__Dothideomycetes","o__Dothideales","f__Saccotheciaceae","g__Aureobasidium","s__pullulans","negative"
"Pityogenes hopkinsi","ASV_24599",-3.26341725886037,0.005,0.0439196675900277,0.419928692699491,"Curculionidae","Scolytinae","Pityogenes","Pityogenes hopkinsi","k__Fungi","p__Ascomycota","c__Dothideomycetes","o__Dothideales","f__Saccotheciaceae","g__Aureobasidium",NA,"negative"
"Pityogenes hopkinsi","ASV_24655",-3.24419889417053,0.005,0.0439196675900277,0.419928692699491,"Curculionidae","Scolytinae","Pityogenes","Pityogenes hopkinsi","k__Fungi","p__Ascomycota","c__Sordariomycetes","o__Pisorisporiales","f__Pisorisporiaceae","g__Achroceratosphaeria",NA,"negative"
"Pityogenes hopkinsi","ASV_24700",-3.31075695495519,0.005,0.0439196675900277,0.419928692699491,"Curculionidae","Scolytinae","Pityogenes","Pityogenes hopkinsi","k__Fungi","p__Ascomycota","c__Sordariomycetes","o__Sordariomycetes_ord_Incertae_sedis","f__Sordariomycetes_fam_Incertae_sedis","g__Rhamphoria","s__pyriformis","negative"
"Pityogenes hopkinsi","ASV_25425",-3.17824297668324,0.005,0.0439196675900277,0.419928692699491,"Curculionidae","Scolytinae","Pityogenes","Pityogenes hopkinsi","k__Fungi","p__Basidiomycota","c__Dacrymycetes","o__Dacrymycetales","f__Dacrymycetaceae","g__Dacrymyces","s__chrysospermus","negative"
"Pityogenes hopkinsi","ASV_25429",-2.99327921499865,0.005,0.0439196675900277,0.419928692699491,"Curculionidae","Scolytinae","Pityogenes","Pityogenes hopkinsi","k__Fungi","p__Ascomycota","c__Dothideomycetes","o__Mycosphaerellales","f__Mycosphaerellaceae","g__Ramularia",NA,"negative"
"Pityogenes hopkinsi","ASV_25809",-2.88136815859649,0.005,0.0439196675900277,0.419928692699491,"Curculionidae","Scolytinae","Pityogenes","Pityogenes hopkinsi","k__Fungi","p__Basidiomycota",NA,NA,NA,NA,NA,"negative"
"Pityogenes hopkinsi","ASV_26606",-2.60931261024462,0.005,0.0439196675900277,0.419928692699491,"Curculionidae","Scolytinae","Pityogenes","Pityogenes hopkinsi","k__Fungi","p__Ascomycota","c__Dothideomycetes","o__Dothideales","f__Dothideaceae","g__Rhizosphaera",NA,"negative"
"Pityogenes hopkinsi","ASV_29419",-3.18038927483006,0.005,0.0439196675900277,0.419928692699491,"Curculionidae","Scolytinae","Pityogenes","Pityogenes hopkinsi","k__Fungi","p__Ascomycota","c__Dothideomycetes","o__Capnodiales","f__Capnodiaceae","g__Scorias","s__mangiferae","negative"
"Pityogenes hopkinsi","ASV_455",2.72710009008834,0.006,0.0472695652173913,0.435454225352113,"Curculionidae","Scolytinae","Pityogenes","Pityogenes hopkinsi","k__Fungi","p__Ascomycota","c__Leotiomycetes","o__Helotiales","f__Hyaloscyphaceae","g__Venturiocistella",NA,"positive"
"Pityogenes hopkinsi","ASV_987",2.64497119945333,0.006,0.0472695652173913,0.435454225352113,"Curculionidae","Scolytinae","Pityogenes","Pityogenes hopkinsi","k__Fungi","p__Ascomycota","c__Dothideomycetes","o__Pleosporales","f__Thyridariaceae","g__Parathyridariella","s__dematiacea","positive"
"Pityogenes hopkinsi","ASV_1154",-3.39523995533181,0.006,0.0472695652173913,0.435454225352113,"Curculionidae","Scolytinae","Pityogenes","Pityogenes hopkinsi","k__Fungi",NA,NA,NA,NA,NA,NA,"negative"
"Pityogenes hopkinsi","ASV_1188",-3.10003947674338,0.006,0.0472695652173913,0.435454225352113,"Curculionidae","Scolytinae","Pityogenes","Pityogenes hopkinsi","k__Fungi","p__Basidiomycota","c__Cystobasidiomycetes","o__Cystobasidiomycetes_ord_Incertae_sedis","f__Symmetrosporaceae","g__Symmetrospora",NA,"negative"
"Pityogenes hopkinsi","ASV_1347",3.11069274103575,0.006,0.0472695652173913,0.435454225352113,"Curculionidae","Scolytinae","Pityogenes","Pityogenes hopkinsi","k__Fungi","p__Ascomycota",NA,NA,NA,NA,NA,"positive"
"Pityogenes hopkinsi","ASV_1427",2.94353451409082,0.006,0.0472695652173913,0.435454225352113,"Curculionidae","Scolytinae","Pityogenes","Pityogenes hopkinsi","k__Fungi","p__Ascomycota","c__Eurotiomycetes","o__Eurotiales","f__Aspergillaceae","g__Aspergillus","s__ruber","positive"
"Pityogenes hopkinsi","ASV_1538",3.32649002911042,0.006,0.0472695652173913,0.435454225352113,"Curculionidae","Scolytinae","Pityogenes","Pityogenes hopkinsi","k__Fungi","p__Ascomycota","c__Dothideomycetes","o__Capnodiales",NA,NA,NA,"positive"
"Pityogenes hopkinsi","ASV_1542",3.32984222653142,0.006,0.0472695652173913,0.435454225352113,"Curculionidae","Scolytinae","Pityogenes","Pityogenes hopkinsi","k__Fungi","p__Basidiomycota","c__Cystobasidiomycetes","o__Cystobasidiomycetes_ord_Incertae_sedis","f__Symmetrosporaceae","g__Symmetrospora",NA,"positive"
"Pityogenes hopkinsi","ASV_1642",2.96842737092716,0.006,0.0472695652173913,0.435454225352113,"Curculionidae","Scolytinae","Pityogenes","Pityogenes hopkinsi","k__Fungi","p__Ascomycota","c__Dothideomycetes","o__Mycosphaerellales","f__Mycosphaerellaceae","g__Pseudocercospora","s__sphaerellae-eugeniae","positive"
"Pityogenes hopkinsi","ASV_1661",2.79378821862921,0.006,0.0472695652173913,0.435454225352113,"Curculionidae","Scolytinae","Pityogenes","Pityogenes hopkinsi","k__Fungi",NA,NA,NA,NA,NA,NA,"positive"
"Pityogenes hopkinsi","ASV_1669",3.68316876483085,0.006,0.0472695652173913,0.435454225352113,"Curculionidae","Scolytinae","Pityogenes","Pityogenes hopkinsi","k__Fungi",NA,NA,NA,NA,NA,NA,"positive"
"Pityogenes hopkinsi","ASV_1920",3.78460371371991,0.006,0.0472695652173913,0.435454225352113,"Curculionidae","Scolytinae","Pityogenes","Pityogenes hopkinsi","k__Fungi","p__Ascomycota","c__Pezizomycetes","o__Pezizales","f__Pyronemataceae","g__Otidea","s__kunmingensis","positive"
"Pityogenes hopkinsi","ASV_2005",3.10755488890683,0.006,0.0472695652173913,0.435454225352113,"Curculionidae","Scolytinae","Pityogenes","Pityogenes hopkinsi","k__Fungi","p__Ascomycota","c__Taphrinomycetes","o__Taphrinales","f__Taphrinaceae","g__Taphrinaceae_gen_Incertae_sedis",NA,"positive"
"Pityogenes hopkinsi","ASV_2087",-2.26321567083483,0.006,0.0472695652173913,0.435454225352113,"Curculionidae","Scolytinae","Pityogenes","Pityogenes hopkinsi","k__Fungi","p__Ascomycota",NA,NA,NA,NA,NA,"negative"
"Pityogenes hopkinsi","ASV_2130",2.73136862626453,0.006,0.0472695652173913,0.435454225352113,"Curculionidae","Scolytinae","Pityogenes","Pityogenes hopkinsi","k__Fungi","p__Basidiomycota","c__Agaricomycetes","o__Agaricales","f__Psathyrellaceae","g__Coprinellus","s__micaceus","positive"
"Pityogenes hopkinsi","ASV_2219",2.69428401853196,0.006,0.0472695652173913,0.435454225352113,"Curculionidae","Scolytinae","Pityogenes","Pityogenes hopkinsi","k__Fungi","p__Ascomycota","c__Sordariomycetes","o__Diaporthales","f__Valsaceae","g__Cytospora",NA,"positive"
"Pityogenes hopkinsi","ASV_2319",3.36965728044164,0.006,0.0472695652173913,0.435454225352113,"Curculionidae","Scolytinae","Pityogenes","Pityogenes hopkinsi","k__Fungi","p__Ascomycota","c__Dothideomycetes","o__Pleosporales",NA,NA,NA,"positive"
"Pityogenes hopkinsi","ASV_2460",-2.74364818602713,0.006,0.0472695652173913,0.435454225352113,"Curculionidae","Scolytinae","Pityogenes","Pityogenes hopkinsi","k__Fungi","p__Chytridiomycota","c__Spizellomycetes","o__Spizellomycetales","f__Powellomycetaceae","g__Thoreauomyces","s__humboldtii","negative"
"Pityogenes hopkinsi","ASV_2514",2.60747966399261,0.006,0.0472695652173913,0.435454225352113,"Curculionidae","Scolytinae","Pityogenes","Pityogenes hopkinsi","k__Fungi","p__Ascomycota","c__Eurotiomycetes","o__Chaetothyriales","f__Cyphellophoraceae","g__Cyphellophora","s__sessilis","positive"
"Pityogenes hopkinsi","ASV_2808",2.63729971698827,0.006,0.0472695652173913,0.435454225352113,"Curculionidae","Scolytinae","Pityogenes","Pityogenes hopkinsi","k__Fungi","p__Ascomycota","c__Lecanoromycetes","o__Ostropales","f__Ostropales_fam_Incertae_sedis","g__Mulderomyces","s__natalis","positive"
"Pityogenes hopkinsi","ASV_3045",2.5333668939631,0.006,0.0472695652173913,0.435454225352113,"Curculionidae","Scolytinae","Pityogenes","Pityogenes hopkinsi","k__Fungi","p__Ascomycota","c__Dothideomycetes","o__Pleosporales","f__Cucurbitariaceae","g__Pyrenochaetopsis","s__microspora","positive"
"Pityogenes hopkinsi","ASV_3540",-2.62634517542115,0.006,0.0472695652173913,0.435454225352113,"Curculionidae","Scolytinae","Pityogenes","Pityogenes hopkinsi","k__Fungi","p__Ascomycota",NA,NA,NA,NA,NA,"negative"
"Pityogenes hopkinsi","ASV_3820",3.61995593590781,0.006,0.0472695652173913,0.435454225352113,"Curculionidae","Scolytinae","Pityogenes","Pityogenes hopkinsi","k__Fungi","p__Ascomycota",NA,NA,NA,NA,NA,"positive"
"Pityogenes hopkinsi","ASV_3990",-2.92246972382824,0.006,0.0472695652173913,0.435454225352113,"Curculionidae","Scolytinae","Pityogenes","Pityogenes hopkinsi","k__Fungi","p__Ascomycota","c__Dothideomycetes",NA,NA,NA,NA,"negative"
"Pityogenes hopkinsi","ASV_4089",2.71222997295434,0.006,0.0472695652173913,0.435454225352113,"Curculionidae","Scolytinae","Pityogenes","Pityogenes hopkinsi","k__Fungi","p__Basidiomycota","c__Tremellomycetes","o__Tremellales",NA,NA,NA,"positive"
"Pityogenes hopkinsi","ASV_4507",2.79385266203973,0.006,0.0472695652173913,0.435454225352113,"Curculionidae","Scolytinae","Pityogenes","Pityogenes hopkinsi","k__Fungi","p__Basidiomycota","c__Agaricomycetes","o__Hymenochaetales","f__Schizoporaceae","g__Hyphodontia","s__alienata","positive"
"Pityogenes hopkinsi","ASV_4708",3.6428683151473,0.006,0.0472695652173913,0.435454225352113,"Curculionidae","Scolytinae","Pityogenes","Pityogenes hopkinsi","k__Fungi","p__Ascomycota","c__Eurotiomycetes","o__Chaetothyriales","f__Epibryaceae","g__Epibryon","s__interlamellare","positive"
"Pityogenes hopkinsi","ASV_4992",-2.54778606558884,0.006,0.0472695652173913,0.435454225352113,"Curculionidae","Scolytinae","Pityogenes","Pityogenes hopkinsi","k__Fungi","p__Ascomycota","c__Lecanoromycetes","o__Caliciales",NA,NA,NA,"negative"
"Pityogenes hopkinsi","ASV_5216",2.76848505775872,0.006,0.0472695652173913,0.435454225352113,"Curculionidae","Scolytinae","Pityogenes","Pityogenes hopkinsi","k__Fungi","p__Ascomycota","c__Eurotiomycetes","o__Eurotiales","f__Aspergillaceae","g__Penicillium",NA,"positive"
"Pityogenes hopkinsi","ASV_5637",2.52848066434357,0.006,0.0472695652173913,0.435454225352113,"Curculionidae","Scolytinae","Pityogenes","Pityogenes hopkinsi","k__Fungi","p__Ascomycota","c__Eurotiomycetes","o__Phaeomoniellales","f__Phaeomoniellaceae","g__Nothophaeomoniella","s__ekebergiae","positive"
"Pityogenes hopkinsi","ASV_5999",-2.4334422788545,0.006,0.0472695652173913,0.435454225352113,"Curculionidae","Scolytinae","Pityogenes","Pityogenes hopkinsi","k__Fungi","p__Basidiomycota","c__Tremellomycetes","o__Tremellales","f__Cryptococcaceae","g__Teunia",NA,"negative"
"Pityogenes hopkinsi","ASV_6143",-2.74644094670626,0.006,0.0472695652173913,0.435454225352113,"Curculionidae","Scolytinae","Pityogenes","Pityogenes hopkinsi","k__Fungi","p__Basidiomycota","c__Exobasidiomycetes","o__Microstromatales","f__Microstromatales_fam_Incertae_sedis","g__Pseudomicrostroma","s__phylloplanum","negative"
"Pityogenes hopkinsi","ASV_6322",4.56314561188784,0.006,0.0472695652173913,0.435454225352113,"Curculionidae","Scolytinae","Pityogenes","Pityogenes hopkinsi","k__Fungi","p__Ascomycota","c__Dothideomycetes","o__Mytilinidiales","f__Mytilinidiaceae","g__Mytilinidion","s__insulare","positive"
"Pityogenes hopkinsi","ASV_6464",-2.40197781331408,0.006,0.0472695652173913,0.435454225352113,"Curculionidae","Scolytinae","Pityogenes","Pityogenes hopkinsi","k__Fungi","p__Ascomycota",NA,NA,NA,NA,NA,"negative"
"Pityogenes hopkinsi","ASV_7099",-3.27630257855906,0.006,0.0472695652173913,0.435454225352113,"Curculionidae","Scolytinae","Pityogenes","Pityogenes hopkinsi","k__Fungi","p__Ascomycota",NA,NA,NA,NA,NA,"negative"
"Pityogenes hopkinsi","ASV_8415",4.33133205934209,0.006,0.0472695652173913,0.435454225352113,"Curculionidae","Scolytinae","Pityogenes","Pityogenes hopkinsi","k__Fungi","p__Ascomycota","c__Sordariomycetes","o__Coronophorales","f__Scortechiniaceae","g__Yuxiensis","s__granularis","positive"
"Pityogenes hopkinsi","ASV_9122",-3.35609992801888,0.006,0.0472695652173913,0.435454225352113,"Curculionidae","Scolytinae","Pityogenes","Pityogenes hopkinsi","k__Fungi","p__Ascomycota","c__Lecanoromycetes","o__Lecanorales","f__Lecanoraceae",NA,NA,"negative"
"Pityogenes hopkinsi","ASV_9148",-3.12791101394788,0.006,0.0472695652173913,0.435454225352113,"Curculionidae","Scolytinae","Pityogenes","Pityogenes hopkinsi","k__Fungi","p__Ascomycota","c__Sordariomycetes","o__Hypocreales",NA,NA,NA,"negative"
"Pityogenes hopkinsi","ASV_9407",2.90022195088278,0.006,0.0472695652173913,0.435454225352113,"Curculionidae","Scolytinae","Pityogenes","Pityogenes hopkinsi","k__Fungi","p__Ascomycota",NA,NA,NA,NA,NA,"positive"
"Pityogenes hopkinsi","ASV_9590",-2.35798704255695,0.006,0.0472695652173913,0.435454225352113,"Curculionidae","Scolytinae","Pityogenes","Pityogenes hopkinsi","k__Fungi","p__Ascomycota","c__Dothideomycetes","o__Dothideales",NA,NA,NA,"negative"
"Pityogenes hopkinsi","ASV_9669",-3.18674280668599,0.006,0.0472695652173913,0.435454225352113,"Curculionidae","Scolytinae","Pityogenes","Pityogenes hopkinsi","k__Fungi","p__Basidiomycota","c__Atractiellomycetes","o__Atractiellales","f__Phleogenaceae","g__Helicogloea","s__compressa","negative"
"Pityogenes hopkinsi","ASV_9818",-2.59198892396705,0.006,0.0472695652173913,0.435454225352113,"Curculionidae","Scolytinae","Pityogenes","Pityogenes hopkinsi","k__Fungi","p__Ascomycota",NA,NA,NA,NA,NA,"negative"
"Pityogenes hopkinsi","ASV_9910",-3.52711638650863,0.006,0.0472695652173913,0.435454225352113,"Curculionidae","Scolytinae","Pityogenes","Pityogenes hopkinsi","k__Fungi","p__Ascomycota","c__Sordariomycetes","o__Hypocreales","f__Nectriaceae","g__Fusarium",NA,"negative"
"Pityogenes hopkinsi","ASV_9977",-3.11014983493119,0.006,0.0472695652173913,0.435454225352113,"Curculionidae","Scolytinae","Pityogenes","Pityogenes hopkinsi","k__Fungi","p__Ascomycota","c__Dothideomycetes","o__Mycosphaerellales","f__Teratosphaeriaceae",NA,NA,"negative"
"Pityogenes hopkinsi","ASV_10007",2.98334088580091,0.006,0.0472695652173913,0.435454225352113,"Curculionidae","Scolytinae","Pityogenes","Pityogenes hopkinsi","k__Fungi","p__Ascomycota",NA,NA,NA,NA,NA,"positive"
"Pityogenes hopkinsi","ASV_10013",-2.82897345797464,0.006,0.0472695652173913,0.435454225352113,"Curculionidae","Scolytinae","Pityogenes","Pityogenes hopkinsi","k__Fungi","p__Ascomycota","c__Leotiomycetes","o__Helotiales",NA,NA,NA,"negative"
"Pityogenes hopkinsi","ASV_10173",-2.11241991960974,0.006,0.0472695652173913,0.435454225352113,"Curculionidae","Scolytinae","Pityogenes","Pityogenes hopkinsi","k__Fungi","p__Ascomycota","c__Eurotiomycetes","o__Mycocaliciales","f__Mycocaliciaceae","g__Phaeocalicium","s__curtisii","negative"
"Pityogenes hopkinsi","ASV_10439",-2.26689352358706,0.006,0.0472695652173913,0.435454225352113,"Curculionidae","Scolytinae","Pityogenes","Pityogenes hopkinsi","k__Fungi","p__Basidiomycota","c__Tremellomycetes","o__Filobasidiales","f__Piskurozymaceae","g__Piskurozyma",NA,"negative"
"Pityogenes hopkinsi","ASV_10581",3.49382372018754,0.006,0.0472695652173913,0.435454225352113,"Curculionidae","Scolytinae","Pityogenes","Pityogenes hopkinsi","k__Fungi","p__Basidiomycota","c__Agaricomycetes","o__Hymenochaetales","f__Schizoporaceae","g__Xylodon",NA,"positive"
"Pityogenes hopkinsi","ASV_10884",-2.53912013675668,0.006,0.0472695652173913,0.435454225352113,"Curculionidae","Scolytinae","Pityogenes","Pityogenes hopkinsi","k__Fungi","p__Basidiomycota","c__Tremellomycetes","o__Tremellales","f__Cryptococcaceae","g__Cryptococcus","s__aureus","negative"
"Pityogenes hopkinsi","ASV_10910",-2.1151455441325,0.006,0.0472695652173913,0.435454225352113,"Curculionidae","Scolytinae","Pityogenes","Pityogenes hopkinsi","k__Fungi","p__Ascomycota","c__Dothideomycetes",NA,NA,NA,NA,"negative"
"Pityogenes hopkinsi","ASV_11263",-2.77064250067931,0.006,0.0472695652173913,0.435454225352113,"Curculionidae","Scolytinae","Pityogenes","Pityogenes hopkinsi","k__Fungi","p__Basidiomycota","c__Tremellomycetes","o__Filobasidiales","f__Piskurozymaceae","g__Piskurozyma","s__cylindrica","negative"
"Pityogenes hopkinsi","ASV_11464",-2.53242034311029,0.006,0.0472695652173913,0.435454225352113,"Curculionidae","Scolytinae","Pityogenes","Pityogenes hopkinsi","k__Fungi","p__Ascomycota","c__Dothideomycetes","o__Mycosphaerellales","f__Mycosphaerellaceae","g__Ramularia",NA,"negative"
"Pityogenes hopkinsi","ASV_12479",-3.25032736849614,0.006,0.0472695652173913,0.435454225352113,"Curculionidae","Scolytinae","Pityogenes","Pityogenes hopkinsi","k__Fungi","p__Ascomycota","c__Leotiomycetes","o__Helotiales","f__Helotiales_fam_Incertae_sedis","g__Cryptocline","s__arctostaphyli","negative"
"Pityogenes hopkinsi","ASV_13159",-1.7496905330624,0.006,0.0472695652173913,0.435454225352113,"Curculionidae","Scolytinae","Pityogenes","Pityogenes hopkinsi","k__Fungi","p__Ascomycota","c__Eurotiomycetes","o__Eurotiales","f__Aspergillaceae","g__Talaromyces","s__chlamydosporus","negative"
"Pityogenes hopkinsi","ASV_13213",-2.30075936708177,0.006,0.0472695652173913,0.435454225352113,"Curculionidae","Scolytinae","Pityogenes","Pityogenes hopkinsi","k__Fungi","p__Basidiomycota","c__Microbotryomycetes","o__Microbotryomycetes_ord_Incertae_sedis","f__Colacogloeaceae",NA,NA,"negative"
"Pityogenes hopkinsi","ASV_13475",-2.87217403723536,0.006,0.0472695652173913,0.435454225352113,"Curculionidae","Scolytinae","Pityogenes","Pityogenes hopkinsi","k__Fungi","p__Ascomycota","c__Dothideomycetes","o__Mycosphaerellales","f__Mycosphaerellaceae","g__Scolecostigmina","s__chibaensis","negative"
"Pityogenes hopkinsi","ASV_14119",-2.1680848148383,0.006,0.0472695652173913,0.435454225352113,"Curculionidae","Scolytinae","Pityogenes","Pityogenes hopkinsi","k__Fungi","p__Ascomycota","c__Dothideomycetes",NA,NA,NA,NA,"negative"
"Pityogenes hopkinsi","ASV_14624",-3.00955475470462,0.006,0.0472695652173913,0.435454225352113,"Curculionidae","Scolytinae","Pityogenes","Pityogenes hopkinsi","k__Fungi","p__Ascomycota","c__Dothideomycetes","o__Hysteriales","f__Hysteriaceae",NA,NA,"negative"
"Pityogenes hopkinsi","ASV_14991",-3.22813573167036,0.006,0.0472695652173913,0.435454225352113,"Curculionidae","Scolytinae","Pityogenes","Pityogenes hopkinsi","k__Fungi","p__Basidiomycota","c__Agaricomycetes","o__Russulales","f__Peniophoraceae","g__Peniophoraceae_gen_Incertae_sedis",NA,"negative"
"Pityogenes hopkinsi","ASV_15798",-3.2503630813343,0.006,0.0472695652173913,0.435454225352113,"Curculionidae","Scolytinae","Pityogenes","Pityogenes hopkinsi","k__Fungi","p__Ascomycota","c__Taphrinomycetes","o__Taphrinales","f__Taphrinaceae","g__Taphrina",NA,"negative"
"Pityogenes hopkinsi","ASV_16339",-2.89627116716553,0.006,0.0472695652173913,0.435454225352113,"Curculionidae","Scolytinae","Pityogenes","Pityogenes hopkinsi","k__Fungi","p__Basidiomycota","c__Ustilaginomycetes","o__Ustilaginales","f__Ustilaginaceae","g__Schizonella",NA,"negative"
"Pityogenes hopkinsi","ASV_16504",-2.38094178020815,0.006,0.0472695652173913,0.435454225352113,"Curculionidae","Scolytinae","Pityogenes","Pityogenes hopkinsi","k__Fungi","p__Ascomycota",NA,NA,NA,NA,NA,"negative"
"Pityogenes hopkinsi","ASV_16648",-2.58750976576754,0.006,0.0472695652173913,0.435454225352113,"Curculionidae","Scolytinae","Pityogenes","Pityogenes hopkinsi","k__Fungi","p__Basidiomycota","c__Microbotryomycetes","o__Microbotryomycetes_ord_Incertae_sedis","f__Microbotryomycetes_fam_Incertae_sedis","g__Curvibasidium",NA,"negative"
"Pityogenes hopkinsi","ASV_16965",-2.12445285210616,0.006,0.0472695652173913,0.435454225352113,"Curculionidae","Scolytinae","Pityogenes","Pityogenes hopkinsi","k__Fungi","p__Ascomycota","c__Dothideomycetes","o__Mycosphaerellales","f__Mycosphaerellaceae","g__Acrodontium","s__crateriforme","negative"
"Pityogenes hopkinsi","ASV_17169",-2.87381800032838,0.006,0.0472695652173913,0.435454225352113,"Curculionidae","Scolytinae","Pityogenes","Pityogenes hopkinsi","k__Fungi","p__Ascomycota","c__Leotiomycetes",NA,NA,NA,NA,"negative"
"Pityogenes hopkinsi","ASV_17203",-2.97781990297846,0.006,0.0472695652173913,0.435454225352113,"Curculionidae","Scolytinae","Pityogenes","Pityogenes hopkinsi","k__Fungi","p__Basidiomycota","c__Agaricomycetes","o__Agaricales","f__Psathyrellaceae","g__Coprinopsis","s__clastophylla","negative"
"Pityogenes hopkinsi","ASV_17515",-2.5109768035235,0.006,0.0472695652173913,0.435454225352113,"Curculionidae","Scolytinae","Pityogenes","Pityogenes hopkinsi","k__Fungi","p__Ascomycota","c__Dothideomycetes","o__Pleosporales",NA,NA,NA,"negative"
"Pityogenes hopkinsi","ASV_17719",-2.60604992120276,0.006,0.0472695652173913,0.435454225352113,"Curculionidae","Scolytinae","Pityogenes","Pityogenes hopkinsi","k__Fungi","p__Ascomycota","c__Dothideomycetes","o__Capnodiales","f__Cladosporiaceae","g__Cladosporium","s__herbarum","negative"
"Pityogenes hopkinsi","ASV_17838",-2.28710830053676,0.006,0.0472695652173913,0.435454225352113,"Curculionidae","Scolytinae","Pityogenes","Pityogenes hopkinsi","k__Fungi","p__Ascomycota","c__Dothideomycetes","o__Mycosphaerellales","f__Mycosphaerellaceae","g__Ramularia",NA,"negative"
"Pityogenes hopkinsi","ASV_18640",-2.77417263425407,0.006,0.0472695652173913,0.435454225352113,"Curculionidae","Scolytinae","Pityogenes","Pityogenes hopkinsi","k__Fungi","p__Ascomycota","c__Dothideomycetes","o__Dothideales","f__Dothideaceae",NA,NA,"negative"
"Pityogenes hopkinsi","ASV_19487",-4.58275361598306,0.006,0.0472695652173913,0.435454225352113,"Curculionidae","Scolytinae","Pityogenes","Pityogenes hopkinsi","k__Fungi","p__Ascomycota","c__Eurotiomycetes","o__Chaetothyriales","f__Herpotrichiellaceae","g__Phialophora","s__phaeophora","negative"
"Pityogenes hopkinsi","ASV_19620",-3.21863941998869,0.006,0.0472695652173913,0.435454225352113,"Curculionidae","Scolytinae","Pityogenes","Pityogenes hopkinsi","k__Fungi","p__Ascomycota","c__Sordariomycetes","o__Diaporthales","f__Diaporthaceae","g__Diaporthe","s__ilicicola","negative"
"Pityogenes hopkinsi","ASV_19790",-2.64574968903512,0.006,0.0472695652173913,0.435454225352113,"Curculionidae","Scolytinae","Pityogenes","Pityogenes hopkinsi","k__Fungi","p__Ascomycota","c__Dothideomycetes","o__Dothideales","f__Dothideaceae","g__Rhizosphaera",NA,"negative"
"Pityogenes hopkinsi","ASV_20472",-2.4783940847522,0.006,0.0472695652173913,0.435454225352113,"Curculionidae","Scolytinae","Pityogenes","Pityogenes hopkinsi","k__Fungi","p__Ascomycota","c__Lecanoromycetes","o__Caliciales","f__Physciaceae","g__Physcia","s__millegrana","negative"
"Pityogenes hopkinsi","ASV_20592",-2.88587637650163,0.006,0.0472695652173913,0.435454225352113,"Curculionidae","Scolytinae","Pityogenes","Pityogenes hopkinsi","k__Fungi","p__Basidiomycota","c__Agaricomycetes","o__Agaricales","f__Psathyrellaceae","g__Psathyrella","s__typhae","negative"
"Pityogenes hopkinsi","ASV_21235",-3.17315201126545,0.006,0.0472695652173913,0.435454225352113,"Curculionidae","Scolytinae","Pityogenes","Pityogenes hopkinsi","k__Fungi","p__Ascomycota","c__Dothideomycetes","o__Dothideales","f__Dothioraceae","g__Dothiora",NA,"negative"
"Pityogenes hopkinsi","ASV_22186",-3.01716741963157,0.006,0.0472695652173913,0.435454225352113,"Curculionidae","Scolytinae","Pityogenes","Pityogenes hopkinsi","k__Fungi","p__Basidiomycota",NA,NA,NA,NA,NA,"negative"
"Pityogenes hopkinsi","ASV_23204",-2.6674605300327,0.006,0.0472695652173913,0.435454225352113,"Curculionidae","Scolytinae","Pityogenes","Pityogenes hopkinsi","k__Fungi","p__Basidiomycota",NA,NA,NA,NA,NA,"negative"
"Pityogenes hopkinsi","ASV_23819",-2.83137652609262,0.006,0.0472695652173913,0.435454225352113,"Curculionidae","Scolytinae","Pityogenes","Pityogenes hopkinsi","k__Fungi","p__Ascomycota","c__Dothideomycetes","o__Capnodiales","f__Cladosporiaceae","g__Cladosporium",NA,"negative"
"Pityogenes hopkinsi","ASV_24897",-2.77476669752776,0.006,0.0472695652173913,0.435454225352113,"Curculionidae","Scolytinae","Pityogenes","Pityogenes hopkinsi","k__Fungi","p__Ascomycota","c__Dothideomycetes","o__Mycosphaerellales","f__Teratosphaeriaceae","g__Neocatenulostroma",NA,"negative"
"Pityogenes hopkinsi","ASV_24975",-3.01583930521834,0.006,0.0472695652173913,0.435454225352113,"Curculionidae","Scolytinae","Pityogenes","Pityogenes hopkinsi","k__Fungi","p__Ascomycota","c__Sordariomycetes","o__Hypocreales","f__Sarocladiaceae","g__Parasarocladium","s__fusiforme","negative"
"Pityogenes hopkinsi","ASV_26943",-2.91404218992667,0.006,0.0472695652173913,0.435454225352113,"Curculionidae","Scolytinae","Pityogenes","Pityogenes hopkinsi","k__Fungi","p__Basidiomycota","c__Agaricomycetes","o__Hymenochaetales","f__Schizoporaceae","g__Xylodon","s__brevisetus","negative"
"Pityogenes hopkinsi","ASV_392",3.56798659740426,0.007,0.0503904653802497,0.450290247074122,"Curculionidae","Scolytinae","Pityogenes","Pityogenes hopkinsi","k__Fungi",NA,NA,NA,NA,NA,NA,"positive"
"Pityogenes hopkinsi","ASV_649",2.72885274544366,0.007,0.0503904653802497,0.450290247074122,"Curculionidae","Scolytinae","Pityogenes","Pityogenes hopkinsi","k__Fungi",NA,NA,NA,NA,NA,NA,"positive"
"Pityogenes hopkinsi","ASV_721",3.11108115775367,0.007,0.0503904653802497,0.450290247074122,"Curculionidae","Scolytinae","Pityogenes","Pityogenes hopkinsi","k__Fungi",NA,NA,NA,NA,NA,NA,"positive"
"Pityogenes hopkinsi","ASV_804",3.11075166510282,0.007,0.0503904653802497,0.450290247074122,"Curculionidae","Scolytinae","Pityogenes","Pityogenes hopkinsi","k__Fungi",NA,NA,NA,NA,NA,NA,"positive"
"Pityogenes hopkinsi","ASV_813",3.04204452404602,0.007,0.0503904653802497,0.450290247074122,"Curculionidae","Scolytinae","Pityogenes","Pityogenes hopkinsi","k__Fungi","p__Ascomycota","c__Sordariomycetes","o__Xylariales","f__Diatrypaceae","g__Diatrype","s__stigma","positive"
"Pityogenes hopkinsi","ASV_866",-2.12668845543641,0.007,0.0503904653802497,0.450290247074122,"Curculionidae","Scolytinae","Pityogenes","Pityogenes hopkinsi","k__Fungi","p__Ascomycota","c__Dothideomycetes","o__Dothideales","f__Saccotheciaceae","g__Aureobasidium","s__pullulans","negative"
"Pityogenes hopkinsi","ASV_974",3.85265391868893,0.007,0.0503904653802497,0.450290247074122,"Curculionidae","Scolytinae","Pityogenes","Pityogenes hopkinsi","k__Fungi","p__Basidiomycota","c__Tremellomycetes","o__Tremellales","f__Phaeotremellaceae","g__Phaeotremella",NA,"positive"
"Pityogenes hopkinsi","ASV_982",1.90521510374396,0.007,0.0503904653802497,0.450290247074122,"Curculionidae","Scolytinae","Pityogenes","Pityogenes hopkinsi","k__Fungi","p__Ascomycota","c__Sordariomycetes","o__Hypocreales","f__Nectriaceae",NA,NA,"positive"
"Pityogenes hopkinsi","ASV_1076",2.4281842385278,0.007,0.0503904653802497,0.450290247074122,"Curculionidae","Scolytinae","Pityogenes","Pityogenes hopkinsi","k__Fungi","p__Ascomycota","c__Sordariomycetes","o__Hypocreales","f__Nectriaceae","g__Thyronectria","s__strobi","positive"
"Pityogenes hopkinsi","ASV_1126",-2.47367871665889,0.007,0.0503904653802497,0.450290247074122,"Curculionidae","Scolytinae","Pityogenes","Pityogenes hopkinsi","k__Fungi","p__Ascomycota","c__Dothideomycetes","o__Dothideales",NA,NA,NA,"negative"
"Pityogenes hopkinsi","ASV_1274",3.78627304930812,0.007,0.0503904653802497,0.450290247074122,"Curculionidae","Scolytinae","Pityogenes","Pityogenes hopkinsi","k__Fungi","p__Ascomycota","c__Dothideomycetes",NA,NA,NA,NA,"positive"
"Pityogenes hopkinsi","ASV_1433",-2.29313571808932,0.007,0.0503904653802497,0.450290247074122,"Curculionidae","Scolytinae","Pityogenes","Pityogenes hopkinsi","k__Fungi","p__Ascomycota","c__Sordariomycetes",NA,NA,NA,NA,"negative"
"Pityogenes hopkinsi","ASV_1461",-2.64928529087515,0.007,0.0503904653802497,0.450290247074122,"Curculionidae","Scolytinae","Pityogenes","Pityogenes hopkinsi","k__Fungi","p__Ascomycota","c__Lecanoromycetes","o__Caliciales","f__Physciaceae","g__Phaeophyscia",NA,"negative"
"Pityogenes hopkinsi","ASV_1679",3.45745729334353,0.007,0.0503904653802497,0.450290247074122,"Curculionidae","Scolytinae","Pityogenes","Pityogenes hopkinsi","k__Fungi","p__Ascomycota","c__Dothideomycetes","o__Pleosporales",NA,NA,NA,"positive"
"Pityogenes hopkinsi","ASV_1727",-2.3520889520802,0.007,0.0503904653802497,0.450290247074122,"Curculionidae","Scolytinae","Pityogenes","Pityogenes hopkinsi","k__Fungi","p__Ascomycota","c__Leotiomycetes","o__Rhytismatales","f__Cudoniaceae",NA,NA,"negative"
"Pityogenes hopkinsi","ASV_1997",2.5980178502387,0.007,0.0503904653802497,0.450290247074122,"Curculionidae","Scolytinae","Pityogenes","Pityogenes hopkinsi","k__Fungi","p__Ascomycota","c__Sordariomycetes","o__Xylariales","f__Diatrypaceae","g__Diatrype","s__stigma","positive"
"Pityogenes hopkinsi","ASV_2163",2.82412438939028,0.007,0.0503904653802497,0.450290247074122,"Curculionidae","Scolytinae","Pityogenes","Pityogenes hopkinsi","k__Fungi","p__Ascomycota","c__Lecanoromycetes","o__Lecanorales","f__Lecanoraceae","g__Lecidella",NA,"positive"
"Pityogenes hopkinsi","ASV_2515",3.80630834348932,0.007,0.0503904653802497,0.450290247074122,"Curculionidae","Scolytinae","Pityogenes","Pityogenes hopkinsi","k__Fungi","p__Ascomycota","c__Eurotiomycetes","o__Coryneliales","f__Coryneliales_fam_Incertae_sedis","g__Coryneliales_gen_Incertae_sedis",NA,"positive"
"Pityogenes hopkinsi","ASV_2627",-2.6258049620099,0.007,0.0503904653802497,0.450290247074122,"Curculionidae","Scolytinae","Pityogenes","Pityogenes hopkinsi","k__Fungi","p__Basidiomycota","c__Tremellomycetes","o__Tremellales","f__Cryptococcaceae","g__Teunia","s__cuniculi","negative"
"Pityogenes hopkinsi","ASV_2702",2.97840666110994,0.007,0.0503904653802497,0.450290247074122,"Curculionidae","Scolytinae","Pityogenes","Pityogenes hopkinsi","k__Fungi","p__Ascomycota","c__Sordariomycetes","o__Diaporthales","f__Valsaceae","g__Cytospora",NA,"positive"
"Pityogenes hopkinsi","ASV_2873",2.77955390116054,0.007,0.0503904653802497,0.450290247074122,"Curculionidae","Scolytinae","Pityogenes","Pityogenes hopkinsi","k__Fungi","p__Ascomycota","c__Dothideomycetes","o__Venturiales","f__Venturiaceae","g__Venturia",NA,"positive"
"Pityogenes hopkinsi","ASV_3142",-2.42528099863282,0.007,0.0503904653802497,0.450290247074122,"Curculionidae","Scolytinae","Pityogenes","Pityogenes hopkinsi","k__Fungi","p__Ascomycota","c__Dothideomycetes","o__Dothideales","f__Saccotheciaceae","g__Aureobasidium","s__pullulans","negative"
"Pityogenes hopkinsi","ASV_3275",2.80734598401569,0.007,0.0503904653802497,0.450290247074122,"Curculionidae","Scolytinae","Pityogenes","Pityogenes hopkinsi","k__Fungi","p__Basidiomycota","c__Agaricomycetes","o__Hymenochaetales","f__Schizoporaceae","g__Hyphodontia","s__subalutacea","positive"
"Pityogenes hopkinsi","ASV_4113",2.60187031649565,0.007,0.0503904653802497,0.450290247074122,"Curculionidae","Scolytinae","Pityogenes","Pityogenes hopkinsi","k__Fungi","p__Basidiomycota","c__Exobasidiomycetes","o__Exobasidiales","f__Exobasidiaceae","g__Exobasidium",NA,"positive"
"Pityogenes hopkinsi","ASV_4288",3.24159511195247,0.007,0.0503904653802497,0.450290247074122,"Curculionidae","Scolytinae","Pityogenes","Pityogenes hopkinsi","k__Fungi","p__Ascomycota","c__Sordariomycetes","o__Calosphaeriales","f__Calosphaeriaceae","g__Jattaea","s__taediosa","positive"
"Pityogenes hopkinsi","ASV_4325",3.53255150335873,0.007,0.0503904653802497,0.450290247074122,"Curculionidae","Scolytinae","Pityogenes","Pityogenes hopkinsi","k__Fungi","p__Basidiomycota","c__Agaricomycetes","o__Polyporales","f__Fomitopsidaceae","g__Antrodia","s__heteromorpha","positive"
"Pityogenes hopkinsi","ASV_4385",-1.91015007144795,0.007,0.0503904653802497,0.450290247074122,"Curculionidae","Scolytinae","Pityogenes","Pityogenes hopkinsi","k__Fungi","p__Ascomycota","c__Sordariomycetes","o__Amphisphaeriales","f__Pestalotiopsidaceae","g__Pestalotiopsis","s__jesteri","negative"
"Pityogenes hopkinsi","ASV_4578",-2.93487984083877,0.007,0.0503904653802497,0.450290247074122,"Curculionidae","Scolytinae","Pityogenes","Pityogenes hopkinsi","k__Fungi","p__Ascomycota",NA,NA,NA,NA,NA,"negative"
"Pityogenes hopkinsi","ASV_4669",-2.3061844272393,0.007,0.0503904653802497,0.450290247074122,"Curculionidae","Scolytinae","Pityogenes","Pityogenes hopkinsi","k__Fungi","p__Basidiomycota","c__Tremellomycetes","o__Tremellales","f__Bulleribasidiaceae","g__Vishniacozyma","s__pseudopenaeus","negative"
"Pityogenes hopkinsi","ASV_4831",-2.80962704947275,0.007,0.0503904653802497,0.450290247074122,"Curculionidae","Scolytinae","Pityogenes","Pityogenes hopkinsi","k__Fungi","p__Basidiomycota","c__Cystobasidiomycetes","o__Cystobasidiales",NA,NA,NA,"negative"
"Pityogenes hopkinsi","ASV_4851",3.12842436314956,0.007,0.0503904653802497,0.450290247074122,"Curculionidae","Scolytinae","Pityogenes","Pityogenes hopkinsi","k__Fungi","p__Ascomycota",NA,NA,NA,NA,NA,"positive"
"Pityogenes hopkinsi","ASV_4981",-2.42815012829506,0.007,0.0503904653802497,0.450290247074122,"Curculionidae","Scolytinae","Pityogenes","Pityogenes hopkinsi","k__Fungi","p__Basidiomycota","c__Tremellomycetes","o__Tremellales","f__Cuniculitremaceae","g__Kockovaella",NA,"negative"
"Pityogenes hopkinsi","ASV_5414",-2.51550364961565,0.007,0.0503904653802497,0.450290247074122,"Curculionidae","Scolytinae","Pityogenes","Pityogenes hopkinsi","k__Fungi","p__Basidiomycota","c__Tremellomycetes","o__Tremellales","f__Bulleribasidiaceae","g__Dioszegia","s__fristingensis","negative"
"Pityogenes hopkinsi","ASV_5420",-2.71208906799484,0.007,0.0503904653802497,0.450290247074122,"Curculionidae","Scolytinae","Pityogenes","Pityogenes hopkinsi","k__Fungi","p__Basidiomycota","c__Exobasidiomycetes","o__Microstromatales","f__Microstromatales_fam_Incertae_sedis","g__Pseudomicrostroma","s__phylloplanum","negative"
"Pityogenes hopkinsi","ASV_5533",-3.86584248891813,0.007,0.0503904653802497,0.450290247074122,"Curculionidae","Scolytinae","Pityogenes","Pityogenes hopkinsi","k__Fungi","p__Ascomycota","c__Dothideomycetes","o__Pleosporales",NA,NA,NA,"negative"
"Pityogenes hopkinsi","ASV_5567",2.94245325674756,0.007,0.0503904653802497,0.450290247074122,"Curculionidae","Scolytinae","Pityogenes","Pityogenes hopkinsi","k__Fungi","p__Basidiomycota","c__Agaricomycetes","o__Russulales","f__Gloeocystidiellaceae","g__Gloeocystidiellum","s__porosum","positive"
"Pityogenes hopkinsi","ASV_5760",-3.15303005008568,0.007,0.0503904653802497,0.450290247074122,"Curculionidae","Scolytinae","Pityogenes","Pityogenes hopkinsi","k__Fungi","p__Basidiomycota","c__Tremellomycetes","o__Tremellales","f__Bulleribasidiaceae","g__Dioszegia","s__changbaiensis","negative"
"Pityogenes hopkinsi","ASV_5782",-2.12451292245781,0.007,0.0503904653802497,0.450290247074122,"Curculionidae","Scolytinae","Pityogenes","Pityogenes hopkinsi","k__Fungi","p__Ascomycota","c__Eurotiomycetes","o__Eurotiales","f__Aspergillaceae","g__Penicillium","s__lividum","negative"
"Pityogenes hopkinsi","ASV_5984",-2.15204512335512,0.007,0.0503904653802497,0.450290247074122,"Curculionidae","Scolytinae","Pityogenes","Pityogenes hopkinsi","k__Fungi","p__Ascomycota","c__Leotiomycetes",NA,NA,NA,NA,"negative"
"Pityogenes hopkinsi","ASV_6207",-2.57829673718011,0.007,0.0503904653802497,0.450290247074122,"Curculionidae","Scolytinae","Pityogenes","Pityogenes hopkinsi","k__Fungi","p__Basidiomycota","c__Exobasidiomycetes","o__Exobasidiales","f__Exobasidiaceae","g__Exobasidium",NA,"negative"
"Pityogenes hopkinsi","ASV_6488",-3.13907762887692,0.007,0.0503904653802497,0.450290247074122,"Curculionidae","Scolytinae","Pityogenes","Pityogenes hopkinsi","k__Fungi","p__Ascomycota","c__Lecanoromycetes","o__Umbilicariales","f__Umbilicariales_fam_Incertae_sedis","g__Umbilicariales_gen_Incertae_sedis",NA,"negative"
"Pityogenes hopkinsi","ASV_6510",-2.63882067583005,0.007,0.0503904653802497,0.450290247074122,"Curculionidae","Scolytinae","Pityogenes","Pityogenes hopkinsi","k__Fungi",NA,NA,NA,NA,NA,NA,"negative"
"Pityogenes hopkinsi","ASV_7193",-2.28322364056051,0.007,0.0503904653802497,0.450290247074122,"Curculionidae","Scolytinae","Pityogenes","Pityogenes hopkinsi","k__Fungi","p__Ascomycota","c__Dothideomycetes","o__Pleosporales","f__Didymosphaeriaceae","g__Tremateia","s__chromolaenae","negative"
"Pityogenes hopkinsi","ASV_7286",3.5612029491095,0.007,0.0503904653802497,0.450290247074122,"Curculionidae","Scolytinae","Pityogenes","Pityogenes hopkinsi","k__Fungi","p__Ascomycota","c__Dothideomycetes","o__Pleosporales",NA,NA,NA,"positive"
"Pityogenes hopkinsi","ASV_7295",-2.84406216073575,0.007,0.0503904653802497,0.450290247074122,"Curculionidae","Scolytinae","Pityogenes","Pityogenes hopkinsi","k__Fungi","p__Ascomycota","c__Dothideomycetes","o__Mycosphaerellales","f__Mycosphaerellaceae","g__Sphaerulina","s__pelargonii","negative"
"Pityogenes hopkinsi","ASV_7820",-2.52142047287163,0.007,0.0503904653802497,0.450290247074122,"Curculionidae","Scolytinae","Pityogenes","Pityogenes hopkinsi","k__Fungi","p__Basidiomycota","c__Agaricomycetes","o__Russulales","f__Peniophoraceae","g__Peniophora","s__crassitunicata","negative"
"Pityogenes hopkinsi","ASV_8154",-2.43988634738475,0.007,0.0503904653802497,0.450290247074122,"Curculionidae","Scolytinae","Pityogenes","Pityogenes hopkinsi","k__Fungi","p__Basidiomycota","c__Exobasidiomycetes","o__Entylomatales","f__Entylomataceae","g__Tilletiopsis","s__washingtonensis","negative"
"Pityogenes hopkinsi","ASV_8438",-2.58207290297423,0.007,0.0503904653802497,0.450290247074122,"Curculionidae","Scolytinae","Pityogenes","Pityogenes hopkinsi","k__Fungi","p__Ascomycota","c__Dothideomycetes","o__Capnodiales","f__Capnodiales_fam_Incertae_sedis","g__Capnodiales_gen_Incertae_sedis",NA,"negative"
"Pityogenes hopkinsi","ASV_8886",-3.01138845255199,0.007,0.0503904653802497,0.450290247074122,"Curculionidae","Scolytinae","Pityogenes","Pityogenes hopkinsi","k__Fungi","p__Ascomycota","c__Dothideomycetes","o__Capnodiales","f__Neoantennariellaceae","g__Cippumomyces","s__mortalis","negative"
"Pityogenes hopkinsi","ASV_8989",-2.30631570274135,0.007,0.0503904653802497,0.450290247074122,"Curculionidae","Scolytinae","Pityogenes","Pityogenes hopkinsi","k__Fungi","p__Ascomycota","c__Lecanoromycetes",NA,NA,NA,NA,"negative"
"Pityogenes hopkinsi","ASV_9084",-2.25915577749639,0.007,0.0503904653802497,0.450290247074122,"Curculionidae","Scolytinae","Pityogenes","Pityogenes hopkinsi","k__Fungi","p__Basidiomycota","c__Agaricomycetes","o__Geastrales","f__Geastraceae","g__Geastrum","s__hieronymi","negative"
"Pityogenes hopkinsi","ASV_9192",-2.67973960818749,0.007,0.0503904653802497,0.450290247074122,"Curculionidae","Scolytinae","Pityogenes","Pityogenes hopkinsi","k__Fungi","p__Basidiomycota","c__Microbotryomycetes","o__Leucosporidiales","f__Leucosporidiaceae","g__Leucosporidium",NA,"negative"
"Pityogenes hopkinsi","ASV_9310",-3.40977026681298,0.007,0.0503904653802497,0.450290247074122,"Curculionidae","Scolytinae","Pityogenes","Pityogenes hopkinsi","k__Fungi","p__Ascomycota","c__Dothideomycetes","o__Pleosporales","f__Massarinaceae","g__Helminthosporium","s__asterinum","negative"
"Pityogenes hopkinsi","ASV_9839",-2.79370910131286,0.007,0.0503904653802497,0.450290247074122,"Curculionidae","Scolytinae","Pityogenes","Pityogenes hopkinsi","k__Fungi","p__Ascomycota","c__Dothideomycetes","o__Dothideales",NA,NA,NA,"negative"
"Pityogenes hopkinsi","ASV_10425",-2.90249058012716,0.007,0.0503904653802497,0.450290247074122,"Curculionidae","Scolytinae","Pityogenes","Pityogenes hopkinsi","k__Fungi","p__Ascomycota","c__Taphrinomycetes","o__Taphrinales","f__Taphrinaceae","g__Taphrina","s__inositophila","negative"
"Pityogenes hopkinsi","ASV_10729",-2.05659284568064,0.007,0.0503904653802497,0.450290247074122,"Curculionidae","Scolytinae","Pityogenes","Pityogenes hopkinsi","k__Fungi","p__Ascomycota","c__Sordariomycetes","o__Diaporthales","f__Valsaceae","g__Cytospora",NA,"negative"
"Pityogenes hopkinsi","ASV_11163",4.08011439114501,0.007,0.0503904653802497,0.450290247074122,"Curculionidae","Scolytinae","Pityogenes","Pityogenes hopkinsi","k__Fungi","p__Ascomycota","c__Sordariomycetes","o__Diaporthales","f__Valsaceae","g__Cytospora","s__beilinensis","positive"
"Pityogenes hopkinsi","ASV_11670",-2.53324241528151,0.007,0.0503904653802497,0.450290247074122,"Curculionidae","Scolytinae","Pityogenes","Pityogenes hopkinsi","k__Fungi","p__Ascomycota","c__Dothideomycetes","o__Mycosphaerellales","f__Mycosphaerellaceae","g__Sphaerulina","s__pelargonii","negative"
"Pityogenes hopkinsi","ASV_12490",-3.14184363127029,0.007,0.0503904653802497,0.450290247074122,"Curculionidae","Scolytinae","Pityogenes","Pityogenes hopkinsi","k__Fungi","p__Ascomycota","c__Dothideomycetes","o__Mycosphaerellales","f__Teratosphaeriaceae","g__Catenulostroma","s__hermanusense","negative"
"Pityogenes hopkinsi","ASV_12848",-3.08966659087212,0.007,0.0503904653802497,0.450290247074122,"Curculionidae","Scolytinae","Pityogenes","Pityogenes hopkinsi","k__Fungi","p__Ascomycota","c__Dothideomycetes","o__Dothideales","f__Dothioraceae","g__Dothiora",NA,"negative"
"Pityogenes hopkinsi","ASV_14053",-2.14561085278157,0.007,0.0503904653802497,0.450290247074122,"Curculionidae","Scolytinae","Pityogenes","Pityogenes hopkinsi","k__Fungi",NA,NA,NA,NA,NA,NA,"negative"
"Pityogenes hopkinsi","ASV_14316",-2.64765978872891,0.007,0.0503904653802497,0.450290247074122,"Curculionidae","Scolytinae","Pityogenes","Pityogenes hopkinsi","k__Fungi","p__Basidiomycota","c__Agaricomycetes","o__Polyporales","f__Hyphodermataceae","g__Hyphoderma","s__microporoides","negative"
"Pityogenes hopkinsi","ASV_15583",-2.22725559484537,0.007,0.0503904653802497,0.450290247074122,"Curculionidae","Scolytinae","Pityogenes","Pityogenes hopkinsi","k__Fungi","p__Ascomycota","c__Dothideomycetes","o__Dothideales","f__Saccotheciaceae","g__Aureobasidium","s__pullulans","negative"
"Pityogenes hopkinsi","ASV_16211",-2.94694890259251,0.007,0.0503904653802497,0.450290247074122,"Curculionidae","Scolytinae","Pityogenes","Pityogenes hopkinsi","k__Fungi","p__Ascomycota","c__Sordariomycetes","o__Diaporthales","f__Erythrogloeaceae","g__Dendrostoma",NA,"negative"
"Pityogenes hopkinsi","ASV_16755",-2.62075623673232,0.007,0.0503904653802497,0.450290247074122,"Curculionidae","Scolytinae","Pityogenes","Pityogenes hopkinsi","k__Fungi","p__Basidiomycota","c__Agaricomycetes","o__Russulales","f__Hericiaceae","g__Hericiaceae_gen_Incertae_sedis",NA,"negative"
"Pityogenes hopkinsi","ASV_16761",-2.89395916549514,0.007,0.0503904653802497,0.450290247074122,"Curculionidae","Scolytinae","Pityogenes","Pityogenes hopkinsi","k__Fungi","p__Ascomycota","c__Sordariomycetes","o__Xylariales","f__Xylariales_fam_Incertae_sedis","g__Hansfordia","s__pulvinata","negative"
"Pityogenes hopkinsi","ASV_17173",-2.77319841498608,0.007,0.0503904653802497,0.450290247074122,"Curculionidae","Scolytinae","Pityogenes","Pityogenes hopkinsi","k__Fungi","p__Ascomycota","c__Dothideomycetes","o__Pleosporales","f__Cucurbitariaceae","g__Neocucurbitaria",NA,"negative"
"Pityogenes hopkinsi","ASV_17680",-2.45739598836129,0.007,0.0503904653802497,0.450290247074122,"Curculionidae","Scolytinae","Pityogenes","Pityogenes hopkinsi","k__Fungi","p__Ascomycota","c__Dothideomycetes","o__Pleosporales",NA,NA,NA,"negative"
"Pityogenes hopkinsi","ASV_17712",-2.44109049787219,0.007,0.0503904653802497,0.450290247074122,"Curculionidae","Scolytinae","Pityogenes","Pityogenes hopkinsi","k__Fungi","p__Ascomycota","c__Dothideomycetes","o__Dothideales","f__Saccotheciaceae","g__Aureobasidium",NA,"negative"
"Pityogenes hopkinsi","ASV_19609",-3.67150385221558,0.007,0.0503904653802497,0.450290247074122,"Curculionidae","Scolytinae","Pityogenes","Pityogenes hopkinsi","k__Fungi","p__Ascomycota","c__Dothideomycetes","o__Dothideales","f__Dothioraceae","g__Dothiora",NA,"negative"
"Pityogenes hopkinsi","ASV_20379",-2.56186044203121,0.007,0.0503904653802497,0.450290247074122,"Curculionidae","Scolytinae","Pityogenes","Pityogenes hopkinsi","k__Fungi","p__Basidiomycota",NA,NA,NA,NA,NA,"negative"
"Pityogenes hopkinsi","ASV_21764",-2.76599655733553,0.007,0.0503904653802497,0.450290247074122,"Curculionidae","Scolytinae","Pityogenes","Pityogenes hopkinsi","k__Fungi","p__Basidiomycota","c__Tremellomycetes","o__Tremellales","f__Bulleribasidiaceae","g__Vishniacozyma","s__victoriae","negative"
"Pityogenes hopkinsi","ASV_24972",-2.62036105701481,0.007,0.0503904653802497,0.450290247074122,"Curculionidae","Scolytinae","Pityogenes","Pityogenes hopkinsi","k__Fungi",NA,NA,NA,NA,NA,NA,"negative"
"Pityogenes hopkinsi","ASV_26055",-2.43885882972839,0.007,0.0503904653802497,0.450290247074122,"Curculionidae","Scolytinae","Pityogenes","Pityogenes hopkinsi","k__Fungi","p__Ascomycota","c__Leotiomycetes","o__Helotiales","f__Hyaloscyphaceae","g__Unguicularia","s__carestiana","negative"
"Pityogenes hopkinsi","ASV_27540",-3.09142006046437,0.007,0.0503904653802497,0.450290247074122,"Curculionidae","Scolytinae","Pityogenes","Pityogenes hopkinsi","k__Fungi","p__Ascomycota",NA,NA,NA,NA,NA,"negative"
"Pityogenes hopkinsi","ASV_27975",-2.74799083593418,0.007,0.0503904653802497,0.450290247074122,"Curculionidae","Scolytinae","Pityogenes","Pityogenes hopkinsi","k__Fungi","p__Basidiomycota","c__Tremellomycetes","o__Tremellales",NA,NA,NA,"negative"
"Xyleborinus attenuatus","ASV_7",-5.13217782232056,0.001,0.051983606557377,0.281706150341686,"Curculionidae","Scolytinae","Xyleborinus","Xyleborinus attenuatus","k__Fungi","p__Ascomycota","c__Dothideomycetes","o__Dothideales","f__Dothioraceae","g__Dothiora",NA,"negative"
"Xyleborinus attenuatus","ASV_35",-4.37884099031496,0.001,0.051983606557377,0.281706150341686,"Curculionidae","Scolytinae","Xyleborinus","Xyleborinus attenuatus","k__Fungi","p__Basidiomycota","c__Tremellomycetes","o__Tremellales","f__Rhynchogastremataceae","g__Papiliotrema","s__wisconsinensis","negative"
"Xyleborinus attenuatus","ASV_42",-4.21850762021777,0.001,0.051983606557377,0.281706150341686,"Curculionidae","Scolytinae","Xyleborinus","Xyleborinus attenuatus","k__Fungi","p__Ascomycota","c__Dothideomycetes","o__Mycosphaerellales","f__Mycosphaerellaceae","g__Ramularia",NA,"negative"
"Xyleborinus attenuatus","ASV_43",-3.79597691748342,0.001,0.051983606557377,0.281706150341686,"Curculionidae","Scolytinae","Xyleborinus","Xyleborinus attenuatus","k__Fungi","p__Basidiomycota","c__Microbotryomycetes","o__Microbotryomycetes_ord_Incertae_sedis","f__Microbotryomycetes_fam_Incertae_sedis","g__Curvibasidium",NA,"negative"
"Xyleborinus attenuatus","ASV_51",3.86179842002154,0.001,0.051983606557377,0.281706150341686,"Curculionidae","Scolytinae","Xyleborinus","Xyleborinus attenuatus","k__Fungi","p__Ascomycota","c__Dothideomycetes","o__Pleosporales","f__Pleosporaceae","g__Alternaria",NA,"positive"
"Xyleborinus attenuatus","ASV_65",7.87585698172735,0.001,0.051983606557377,0.281706150341686,"Curculionidae","Scolytinae","Xyleborinus","Xyleborinus attenuatus","k__Fungi",NA,NA,NA,NA,NA,NA,"positive"
"Xyleborinus attenuatus","ASV_68",-7.47635236537852,0.001,0.051983606557377,0.281706150341686,"Curculionidae","Scolytinae","Xyleborinus","Xyleborinus attenuatus","k__Fungi","p__Ascomycota","c__Leotiomycetes","o__Helotiales","f__Helotiales_fam_Incertae_sedis","g__Cryptocline","s__arctostaphyli","negative"
"Xyleborinus attenuatus","ASV_71",5.54585982015616,0.001,0.051983606557377,0.281706150341686,"Curculionidae","Scolytinae","Xyleborinus","Xyleborinus attenuatus","k__Fungi","p__Ascomycota","c__Dothideomycetes","o__Pleosporales","f__Didymellaceae",NA,NA,"positive"
"Xyleborinus attenuatus","ASV_90",-5.87096179465743,0.001,0.051983606557377,0.281706150341686,"Curculionidae","Scolytinae","Xyleborinus","Xyleborinus attenuatus","k__Fungi","p__Ascomycota","c__Taphrinomycetes","o__Taphrinales","f__Taphrinaceae","g__Taphrina",NA,"negative"
"Xyleborinus attenuatus","ASV_105",-6.41231414291239,0.001,0.051983606557377,0.281706150341686,"Curculionidae","Scolytinae","Xyleborinus","Xyleborinus attenuatus","k__Fungi","p__Basidiomycota","c__Tremellomycetes","o__Tremellales","f__Cryptococcaceae","g__Teunia",NA,"negative"
"Xyleborinus attenuatus","ASV_125",-5.96427348910633,0.001,0.051983606557377,0.281706150341686,"Curculionidae","Scolytinae","Xyleborinus","Xyleborinus attenuatus","k__Fungi","p__Ascomycota","c__Dothideomycetes","o__Dothideales","f__Dothioraceae","g__Dothiora",NA,"negative"
"Xyleborinus attenuatus","ASV_139",-3.50802705571163,0.001,0.051983606557377,0.281706150341686,"Curculionidae","Scolytinae","Xyleborinus","Xyleborinus attenuatus","k__Fungi","p__Basidiomycota","c__Tremellomycetes","o__Tremellales","f__Cryptococcaceae","g__Kwoniella","s__pini","negative"
"Xyleborinus attenuatus","ASV_171",-4.01752256995353,0.001,0.051983606557377,0.281706150341686,"Curculionidae","Scolytinae","Xyleborinus","Xyleborinus attenuatus","k__Fungi","p__Ascomycota","c__Dothideomycetes","o__Dothideales","f__Saccotheciaceae","g__Aureobasidium","s__pullulans","negative"
"Xyleborinus attenuatus","ASV_189",-6.08964868626912,0.001,0.051983606557377,0.281706150341686,"Curculionidae","Scolytinae","Xyleborinus","Xyleborinus attenuatus","k__Fungi","p__Ascomycota","c__Dothideomycetes","o__Dothideales","f__Dothideaceae","g__Rhizosphaera",NA,"negative"
"Xyleborinus attenuatus","ASV_201",-3.54395477279687,0.001,0.051983606557377,0.281706150341686,"Curculionidae","Scolytinae","Xyleborinus","Xyleborinus attenuatus","k__Fungi","p__Ascomycota","c__Dothideomycetes","o__Dothideales","f__Saccotheciaceae","g__Aureobasidium","s__pullulans","negative"
"Xyleborinus attenuatus","ASV_217",4.33583393161508,0.001,0.051983606557377,0.281706150341686,"Curculionidae","Scolytinae","Xyleborinus","Xyleborinus attenuatus","k__Fungi","p__Ascomycota","c__Leotiomycetes","o__Helotiales","f__Lachnaceae","g__Proliferodiscus","s__earoleucus","positive"
"Xyleborinus attenuatus","ASV_246",-5.07194940356313,0.001,0.051983606557377,0.281706150341686,"Curculionidae","Scolytinae","Xyleborinus","Xyleborinus attenuatus","k__Fungi","p__Ascomycota","c__Dothideomycetes","o__Capnodiales","f__Neoantennariellaceae","g__Cippumomyces","s__mortalis","negative"
"Xyleborinus attenuatus","ASV_302",4.05374264758073,0.001,0.051983606557377,0.281706150341686,"Curculionidae","Scolytinae","Xyleborinus","Xyleborinus attenuatus","k__Fungi","p__Ascomycota","c__Leotiomycetes","o__Helotiales","f__Lachnaceae","g__Proliferodiscus","s__earoleucus","positive"
"Xyleborinus attenuatus","ASV_303",-6.13930888336957,0.001,0.051983606557377,0.281706150341686,"Curculionidae","Scolytinae","Xyleborinus","Xyleborinus attenuatus","k__Fungi","p__Basidiomycota","c__Tremellomycetes","o__Tremellales","f__Bulleraceae","g__Fonsecazyma",NA,"negative"
"Xyleborinus attenuatus","ASV_305",-3.59049613548651,0.001,0.051983606557377,0.281706150341686,"Curculionidae","Scolytinae","Xyleborinus","Xyleborinus attenuatus","k__Fungi","p__Ascomycota","c__Sordariomycetes","o__Diaporthales","f__Tubakiaceae","g__Tubakia",NA,"negative"
"Xyleborinus attenuatus","ASV_311",4.2966356906447,0.001,0.051983606557377,0.281706150341686,"Curculionidae","Scolytinae","Xyleborinus","Xyleborinus attenuatus","k__Fungi","p__Ascomycota","c__Dothideomycetes","o__Pleosporales","f__Didymosphaeriaceae","g__Pseudopithomyces",NA,"positive"
"Xyleborinus attenuatus","ASV_324",-6.26766968084404,0.001,0.051983606557377,0.281706150341686,"Curculionidae","Scolytinae","Xyleborinus","Xyleborinus attenuatus","k__Fungi","p__Ascomycota","c__Leotiomycetes","o__Helotiales","f__Helotiales_fam_Incertae_sedis","g__Cryptocline","s__arctostaphyli","negative"
"Xyleborinus attenuatus","ASV_333",-4.79086898050214,0.001,0.051983606557377,0.281706150341686,"Curculionidae","Scolytinae","Xyleborinus","Xyleborinus attenuatus","k__Fungi","p__Ascomycota","c__Dothideomycetes","o__Pleosporales","f__Phaeosphaeriaceae",NA,NA,"negative"
"Xyleborinus attenuatus","ASV_334",-4.91343703079054,0.001,0.051983606557377,0.281706150341686,"Curculionidae","Scolytinae","Xyleborinus","Xyleborinus attenuatus","k__Fungi","p__Basidiomycota","c__Tremellomycetes","o__Tremellales","f__Cryptococcaceae","g__Teunia",NA,"negative"
"Xyleborinus attenuatus","ASV_338",-5.7879375280115,0.001,0.051983606557377,0.281706150341686,"Curculionidae","Scolytinae","Xyleborinus","Xyleborinus attenuatus","k__Fungi","p__Ascomycota","c__Leotiomycetes","o__Helotiales","f__Helotiales_fam_Incertae_sedis","g__Cryptocline","s__arctostaphyli","negative"
"Xyleborinus attenuatus","ASV_349",-4.41485525894147,0.001,0.051983606557377,0.281706150341686,"Curculionidae","Scolytinae","Xyleborinus","Xyleborinus attenuatus","k__Fungi","p__Basidiomycota","c__Tremellomycetes","o__Tremellales",NA,NA,NA,"negative"
"Xyleborinus attenuatus","ASV_374",-4.57824696812151,0.001,0.051983606557377,0.281706150341686,"Curculionidae","Scolytinae","Xyleborinus","Xyleborinus attenuatus","k__Fungi","p__Basidiomycota","c__Tremellomycetes","o__Cystofilobasidiales","f__Mrakiaceae","g__Udeniomyces","s__pyricola","negative"
"Xyleborinus attenuatus","ASV_387",-4.86818986504557,0.001,0.051983606557377,0.281706150341686,"Curculionidae","Scolytinae","Xyleborinus","Xyleborinus attenuatus","k__Fungi","p__Ascomycota","c__Dothideomycetes","o__Dothideales","f__Dothioraceae","g__Dothiora",NA,"negative"
"Xyleborinus attenuatus","ASV_394",3.60319764764188,0.001,0.051983606557377,0.281706150341686,"Curculionidae","Scolytinae","Xyleborinus","Xyleborinus attenuatus","k__Fungi","p__Ascomycota","c__Eurotiomycetes","o__Chaetothyriales","f__Paracladophialophoraceae","g__Paracladophialophora",NA,"positive"
"Xyleborinus attenuatus","ASV_436",-3.29852719201711,0.001,0.051983606557377,0.281706150341686,"Curculionidae","Scolytinae","Xyleborinus","Xyleborinus attenuatus","k__Fungi","p__Ascomycota","c__Dothideomycetes","o__Dothideales","f__Dothioraceae","g__Dothiora",NA,"negative"
"Xyleborinus attenuatus","ASV_448",-5.0108079169717,0.001,0.051983606557377,0.281706150341686,"Curculionidae","Scolytinae","Xyleborinus","Xyleborinus attenuatus","k__Fungi","p__Basidiomycota","c__Agaricomycetes","o__Polyporales","f__Polyporaceae","g__Cerioporus","s__mollis","negative"
"Xyleborinus attenuatus","ASV_481",-4.59330190464768,0.001,0.051983606557377,0.281706150341686,"Curculionidae","Scolytinae","Xyleborinus","Xyleborinus attenuatus","k__Fungi","p__Ascomycota","c__Dothideomycetes","o__Dothideales","f__Dothioraceae","g__Dothiora",NA,"negative"
"Xyleborinus attenuatus","ASV_509",-4.09435144049159,0.001,0.051983606557377,0.281706150341686,"Curculionidae","Scolytinae","Xyleborinus","Xyleborinus attenuatus","k__Fungi","p__Basidiomycota","c__Tremellomycetes","o__Tremellales","f__Bulleribasidiaceae","g__Vishniacozyma","s__victoriae","negative"
"Xyleborinus attenuatus","ASV_512",-4.25819965230465,0.001,0.051983606557377,0.281706150341686,"Curculionidae","Scolytinae","Xyleborinus","Xyleborinus attenuatus","k__Fungi","p__Ascomycota","c__Leotiomycetes","o__Helotiales","f__Sclerotiniaceae",NA,NA,"negative"
"Xyleborinus attenuatus","ASV_541",-5.58308217115638,0.001,0.051983606557377,0.281706150341686,"Curculionidae","Scolytinae","Xyleborinus","Xyleborinus attenuatus","k__Fungi","p__Ascomycota","c__Dothideomycetes","o__Dothideales","f__Dothioraceae","g__Dothiora",NA,"negative"
"Xyleborinus attenuatus","ASV_542",-4.25543244930568,0.001,0.051983606557377,0.281706150341686,"Curculionidae","Scolytinae","Xyleborinus","Xyleborinus attenuatus","k__Fungi",NA,NA,NA,NA,NA,NA,"negative"
"Xyleborinus attenuatus","ASV_549",3.90902042888472,0.001,0.051983606557377,0.281706150341686,"Curculionidae","Scolytinae","Xyleborinus","Xyleborinus attenuatus","k__Fungi",NA,NA,NA,NA,NA,NA,"positive"
"Xyleborinus attenuatus","ASV_562",3.25712043862715,0.001,0.051983606557377,0.281706150341686,"Curculionidae","Scolytinae","Xyleborinus","Xyleborinus attenuatus","k__Fungi","p__Ascomycota","c__Eurotiomycetes","o__Phaeomoniellales","f__Phaeomoniellaceae",NA,NA,"positive"
"Xyleborinus attenuatus","ASV_611",-4.4235887958463,0.001,0.051983606557377,0.281706150341686,"Curculionidae","Scolytinae","Xyleborinus","Xyleborinus attenuatus","k__Fungi","p__Ascomycota","c__Dothideomycetes","o__Dothideales","f__Dothideaceae","g__Rhizosphaera",NA,"negative"
"Xyleborinus attenuatus","ASV_616",3.91278360820117,0.001,0.051983606557377,0.281706150341686,"Curculionidae","Scolytinae","Xyleborinus","Xyleborinus attenuatus","k__Fungi","p__Ascomycota","c__Sordariomycetes","o__Diaporthales","f__Valsaceae","g__Cytospora","s__prunicola","positive"
"Xyleborinus attenuatus","ASV_617",4.88812148633185,0.001,0.051983606557377,0.281706150341686,"Curculionidae","Scolytinae","Xyleborinus","Xyleborinus attenuatus","k__Fungi","p__Ascomycota",NA,NA,NA,NA,NA,"positive"
"Xyleborinus attenuatus","ASV_634",-5.24788016639087,0.001,0.051983606557377,0.281706150341686,"Curculionidae","Scolytinae","Xyleborinus","Xyleborinus attenuatus","k__Fungi","p__Basidiomycota","c__Tremellomycetes","o__Filobasidiales","f__Filobasidiaceae","g__Filobasidiaceae_gen_Incertae_sedis",NA,"negative"
"Xyleborinus attenuatus","ASV_643",-3.90182613071697,0.001,0.051983606557377,0.281706150341686,"Curculionidae","Scolytinae","Xyleborinus","Xyleborinus attenuatus","k__Fungi","p__Basidiomycota","c__Tremellomycetes",NA,NA,NA,NA,"negative"
"Xyleborinus attenuatus","ASV_657",3.89088448787103,0.001,0.051983606557377,0.281706150341686,"Curculionidae","Scolytinae","Xyleborinus","Xyleborinus attenuatus","k__Fungi","p__Ascomycota","c__Eurotiomycetes","o__Phaeomoniellales","f__Phaeomoniellaceae",NA,NA,"positive"
"Xyleborinus attenuatus","ASV_686",-3.99082931457855,0.001,0.051983606557377,0.281706150341686,"Curculionidae","Scolytinae","Xyleborinus","Xyleborinus attenuatus","k__Fungi","p__Ascomycota",NA,NA,NA,NA,NA,"negative"
"Xyleborinus attenuatus","ASV_687",3.66888078067326,0.001,0.051983606557377,0.281706150341686,"Curculionidae","Scolytinae","Xyleborinus","Xyleborinus attenuatus","k__Fungi","p__Ascomycota","c__Eurotiomycetes","o__Chaetothyriales",NA,NA,NA,"positive"
"Xyleborinus attenuatus","ASV_728",-4.55107424685695,0.001,0.051983606557377,0.281706150341686,"Curculionidae","Scolytinae","Xyleborinus","Xyleborinus attenuatus","k__Fungi","p__Basidiomycota","c__Tremellomycetes",NA,NA,NA,NA,"negative"
"Xyleborinus attenuatus","ASV_754",-4.32096145953241,0.001,0.051983606557377,0.281706150341686,"Curculionidae","Scolytinae","Xyleborinus","Xyleborinus attenuatus","k__Fungi","p__Ascomycota","c__Dothideomycetes","o__Capnodiales","f__Neoantennariellaceae","g__Cippumomyces","s__mortalis","negative"
"Xyleborinus attenuatus","ASV_771",-5.36512847451436,0.001,0.051983606557377,0.281706150341686,"Curculionidae","Scolytinae","Xyleborinus","Xyleborinus attenuatus","k__Fungi","p__Ascomycota","c__Dothideomycetes","o__Dothideales","f__Dothioraceae","g__Dothiora",NA,"negative"
"Xyleborinus attenuatus","ASV_773",-6.69105779519095,0.001,0.051983606557377,0.281706150341686,"Curculionidae","Scolytinae","Xyleborinus","Xyleborinus attenuatus","k__Fungi","p__Ascomycota","c__Leotiomycetes","o__Helotiales","f__Helotiales_fam_Incertae_sedis","g__Cryptocline","s__arctostaphyli","negative"
"Xyleborinus attenuatus","ASV_809",-5.58322957215123,0.001,0.051983606557377,0.281706150341686,"Curculionidae","Scolytinae","Xyleborinus","Xyleborinus attenuatus","k__Fungi","p__Basidiomycota","c__Tremellomycetes","o__Tremellales","f__Bulleraceae","g__Fonsecazyma",NA,"negative"
"Xyleborinus attenuatus","ASV_831",-5.04089741465498,0.001,0.051983606557377,0.281706150341686,"Curculionidae","Scolytinae","Xyleborinus","Xyleborinus attenuatus","k__Fungi","p__Basidiomycota","c__Tremellomycetes",NA,NA,NA,NA,"negative"
"Xyleborinus attenuatus","ASV_834",2.79180374162677,0.001,0.051983606557377,0.281706150341686,"Curculionidae","Scolytinae","Xyleborinus","Xyleborinus attenuatus","k__Fungi","p__Ascomycota","c__Leotiomycetes","o__Helotiales","f__Tympanidaceae","g__Tympanis",NA,"positive"
"Xyleborinus attenuatus","ASV_860",-5.10802240923903,0.001,0.051983606557377,0.281706150341686,"Curculionidae","Scolytinae","Xyleborinus","Xyleborinus attenuatus","k__Fungi","p__Basidiomycota","c__Agaricomycetes","o__Agaricales","f__Entolomataceae","g__Entoloma","s__paraconferendum","negative"
"Xyleborinus attenuatus","ASV_885",-5.50026898319018,0.001,0.051983606557377,0.281706150341686,"Curculionidae","Scolytinae","Xyleborinus","Xyleborinus attenuatus","k__Fungi","p__Ascomycota","c__Dothideomycetes","o__Dothideales","f__Aureobasidiaceae","g__Kabatiella",NA,"negative"
"Xyleborinus attenuatus","ASV_940",-4.61216310131918,0.001,0.051983606557377,0.281706150341686,"Curculionidae","Scolytinae","Xyleborinus","Xyleborinus attenuatus","k__Fungi","p__Ascomycota","c__Dothideomycetes","o__Capnodiales","f__Neoantennariellaceae","g__Cippumomyces","s__mortalis","negative"
"Xyleborinus attenuatus","ASV_966",-4.76915157049469,0.001,0.051983606557377,0.281706150341686,"Curculionidae","Scolytinae","Xyleborinus","Xyleborinus attenuatus","k__Fungi","p__Ascomycota","c__Dothideomycetes",NA,NA,NA,NA,"negative"
"Xyleborinus attenuatus","ASV_969",3.82454752196622,0.001,0.051983606557377,0.281706150341686,"Curculionidae","Scolytinae","Xyleborinus","Xyleborinus attenuatus","k__Fungi","p__Ascomycota","c__Sordariomycetes","o__Diaporthales","f__Valsaceae","g__Cytospora","s__populina","positive"
"Xyleborinus attenuatus","ASV_986",-4.51105822064383,0.001,0.051983606557377,0.281706150341686,"Curculionidae","Scolytinae","Xyleborinus","Xyleborinus attenuatus","k__Fungi","p__Ascomycota","c__Dothideomycetes","o__Dothideales","f__Dothioraceae","g__Dothiora",NA,"negative"
"Xyleborinus attenuatus","ASV_993",-4.2875946978425,0.001,0.051983606557377,0.281706150341686,"Curculionidae","Scolytinae","Xyleborinus","Xyleborinus attenuatus","k__Fungi","p__Ascomycota","c__Dothideomycetes","o__Dothideales","f__Dothioraceae","g__Dothiora",NA,"negative"
"Xyleborinus attenuatus","ASV_1029",4.51169163346375,0.001,0.051983606557377,0.281706150341686,"Curculionidae","Scolytinae","Xyleborinus","Xyleborinus attenuatus","k__Fungi","p__Ascomycota","c__Leotiomycetes","o__Helotiales","f__Sclerotiniaceae",NA,NA,"positive"
"Xyleborinus attenuatus","ASV_1042",3.27736740719551,0.001,0.051983606557377,0.281706150341686,"Curculionidae","Scolytinae","Xyleborinus","Xyleborinus attenuatus","k__Fungi",NA,NA,NA,NA,NA,NA,"positive"
"Xyleborinus attenuatus","ASV_1050",-5.17558641454048,0.001,0.051983606557377,0.281706150341686,"Curculionidae","Scolytinae","Xyleborinus","Xyleborinus attenuatus","k__Fungi","p__Ascomycota","c__Taphrinomycetes","o__Taphrinales","f__Taphrinaceae","g__Taphrina",NA,"negative"
"Xyleborinus attenuatus","ASV_1113",-4.08322873037775,0.001,0.051983606557377,0.281706150341686,"Curculionidae","Scolytinae","Xyleborinus","Xyleborinus attenuatus","k__Fungi","p__Ascomycota","c__Dothideomycetes","o__Mycosphaerellales","f__Mycosphaerellaceae","g__Mycosphaerella","s__latebrosa","negative"
"Xyleborinus attenuatus","ASV_1167",5.57860984239313,0.001,0.051983606557377,0.281706150341686,"Curculionidae","Scolytinae","Xyleborinus","Xyleborinus attenuatus","k__Fungi","p__Ascomycota","c__Sordariomycetes","o__Xylariales","f__Diatrypaceae","g__Diatrype","s__decorticata","positive"
"Xyleborinus attenuatus","ASV_1221",4.21679278191109,0.001,0.051983606557377,0.281706150341686,"Curculionidae","Scolytinae","Xyleborinus","Xyleborinus attenuatus","k__Fungi","p__Ascomycota","c__Sordariomycetes","o__Diaporthales","f__Valsaceae","g__Cytospora",NA,"positive"
"Xyleborinus attenuatus","ASV_1232",-3.89857042806621,0.001,0.051983606557377,0.281706150341686,"Curculionidae","Scolytinae","Xyleborinus","Xyleborinus attenuatus","k__Fungi","p__Ascomycota",NA,NA,NA,NA,NA,"negative"
"Xyleborinus attenuatus","ASV_1275",-4.86088108382924,0.001,0.051983606557377,0.281706150341686,"Curculionidae","Scolytinae","Xyleborinus","Xyleborinus attenuatus","k__Fungi","p__Basidiomycota","c__Tremellomycetes","o__Tremellales","f__Bulleraceae","g__Fonsecazyma",NA,"negative"
"Xyleborinus attenuatus","ASV_1300",3.8503382454336,0.001,0.051983606557377,0.281706150341686,"Curculionidae","Scolytinae","Xyleborinus","Xyleborinus attenuatus","k__Fungi","p__Ascomycota","c__Dothideomycetes","o__Pleosporales","f__Pleosporaceae","g__Curvularia","s__trifolii","positive"
"Xyleborinus attenuatus","ASV_1387",-3.33855009024376,0.001,0.051983606557377,0.281706150341686,"Curculionidae","Scolytinae","Xyleborinus","Xyleborinus attenuatus","k__Fungi","p__Ascomycota","c__Dothideomycetes","o__Mytilinidiales","f__Mytilinidiaceae","g__Mytilinidion","s__insulare","negative"
"Xyleborinus attenuatus","ASV_1398",3.60265221061889,0.001,0.051983606557377,0.281706150341686,"Curculionidae","Scolytinae","Xyleborinus","Xyleborinus attenuatus","k__Fungi","p__Ascomycota",NA,NA,NA,NA,NA,"positive"
"Xyleborinus attenuatus","ASV_1416",-3.68816221809712,0.001,0.051983606557377,0.281706150341686,"Curculionidae","Scolytinae","Xyleborinus","Xyleborinus attenuatus","k__Fungi","p__Ascomycota","c__Dothideomycetes","o__Dothideales","f__Aureobasidiaceae","g__Kabatiella",NA,"negative"
"Xyleborinus attenuatus","ASV_1530",-5.93178608738819,0.001,0.051983606557377,0.281706150341686,"Curculionidae","Scolytinae","Xyleborinus","Xyleborinus attenuatus","k__Fungi","p__Basidiomycota","c__Tremellomycetes","o__Tremellales","f__Bulleraceae","g__Fonsecazyma",NA,"negative"
"Xyleborinus attenuatus","ASV_1547",-3.75380322891265,0.001,0.051983606557377,0.281706150341686,"Curculionidae","Scolytinae","Xyleborinus","Xyleborinus attenuatus","k__Fungi","p__Basidiomycota","c__Tremellomycetes","o__Tremellales","f__Cryptococcaceae","g__Teunia",NA,"negative"
"Xyleborinus attenuatus","ASV_1604",-4.39264952525227,0.001,0.051983606557377,0.281706150341686,"Curculionidae","Scolytinae","Xyleborinus","Xyleborinus attenuatus","k__Fungi","p__Basidiomycota","c__Tremellomycetes","o__Tremellales","f__Cryptococcaceae","g__Teunia","s__cuniculi","negative"
"Xyleborinus attenuatus","ASV_1632",4.02545789543282,0.001,0.051983606557377,0.281706150341686,"Curculionidae","Scolytinae","Xyleborinus","Xyleborinus attenuatus","k__Fungi","p__Ascomycota","c__Sordariomycetes","o__Diaporthales","f__Valsaceae","g__Cytospora","s__predappioensis","positive"
"Xyleborinus attenuatus","ASV_1634",-4.24614001843004,0.001,0.051983606557377,0.281706150341686,"Curculionidae","Scolytinae","Xyleborinus","Xyleborinus attenuatus","k__Fungi","p__Ascomycota",NA,NA,NA,NA,NA,"negative"
"Xyleborinus attenuatus","ASV_1644",-4.80462659080911,0.001,0.051983606557377,0.281706150341686,"Curculionidae","Scolytinae","Xyleborinus","Xyleborinus attenuatus","k__Fungi","p__Ascomycota","c__Dothideomycetes","o__Dothideales","f__Dothioraceae","g__Dothiora",NA,"negative"
"Xyleborinus attenuatus","ASV_1738",4.50605526927636,0.001,0.051983606557377,0.281706150341686,"Curculionidae","Scolytinae","Xyleborinus","Xyleborinus attenuatus","k__Fungi","p__Ascomycota","c__Eurotiomycetes","o__Chaetothyriales",NA,NA,NA,"positive"
"Xyleborinus attenuatus","ASV_1783",-4.30860492681884,0.001,0.051983606557377,0.281706150341686,"Curculionidae","Scolytinae","Xyleborinus","Xyleborinus attenuatus","k__Fungi","p__Ascomycota",NA,NA,NA,NA,NA,"negative"
"Xyleborinus attenuatus","ASV_1887",-3.47150636128213,0.001,0.051983606557377,0.281706150341686,"Curculionidae","Scolytinae","Xyleborinus","Xyleborinus attenuatus","k__Fungi","p__Ascomycota","c__Leotiomycetes","o__Helotiales","f__Helotiales_fam_Incertae_sedis","g__Cryptocline","s__arctostaphyli","negative"
"Xyleborinus attenuatus","ASV_1896",3.5341728262684,0.001,0.051983606557377,0.281706150341686,"Curculionidae","Scolytinae","Xyleborinus","Xyleborinus attenuatus","k__Fungi","p__Ascomycota","c__Dothideomycetes",NA,NA,NA,NA,"positive"
"Xyleborinus attenuatus","ASV_1908",-4.4197561685879,0.001,0.051983606557377,0.281706150341686,"Curculionidae","Scolytinae","Xyleborinus","Xyleborinus attenuatus","k__Fungi","p__Ascomycota","c__Taphrinomycetes","o__Taphrinales","f__Taphrinaceae","g__Taphrina",NA,"negative"
"Xyleborinus attenuatus","ASV_2047",-4.09215024146935,0.001,0.051983606557377,0.281706150341686,"Curculionidae","Scolytinae","Xyleborinus","Xyleborinus attenuatus","k__Fungi","p__Ascomycota","c__Dothideomycetes","o__Dothideales","f__Dothioraceae","g__Dothiora",NA,"negative"
"Xyleborinus attenuatus","ASV_2093",-2.6294725021673,0.001,0.051983606557377,0.281706150341686,"Curculionidae","Scolytinae","Xyleborinus","Xyleborinus attenuatus","k__Fungi","p__Ascomycota","c__Leotiomycetes","o__Phacidiales","f__Phacidiaceae",NA,NA,"negative"
"Xyleborinus attenuatus","ASV_2100",-3.12012321835658,0.001,0.051983606557377,0.281706150341686,"Curculionidae","Scolytinae","Xyleborinus","Xyleborinus attenuatus","k__Fungi","p__Ascomycota","c__Leotiomycetes","o__Helotiales","f__Helotiales_fam_Incertae_sedis","g__Cryptocline","s__arctostaphyli","negative"
"Xyleborinus attenuatus","ASV_2106",3.87674930827177,0.001,0.051983606557377,0.281706150341686,"Curculionidae","Scolytinae","Xyleborinus","Xyleborinus attenuatus","k__Fungi","p__Ascomycota","c__Leotiomycetes","o__Helotiales","f__Lachnaceae","g__Proliferodiscus","s__earoleucus","positive"
"Xyleborinus attenuatus","ASV_2214",-5.62073972459026,0.001,0.051983606557377,0.281706150341686,"Curculionidae","Scolytinae","Xyleborinus","Xyleborinus attenuatus","k__Fungi","p__Ascomycota","c__Leotiomycetes","o__Helotiales",NA,NA,NA,"negative"
"Xyleborinus attenuatus","ASV_2225",-6.17746080931292,0.001,0.051983606557377,0.281706150341686,"Curculionidae","Scolytinae","Xyleborinus","Xyleborinus attenuatus","k__Fungi","p__Ascomycota","c__Dothideomycetes","o__Dothideales",NA,NA,NA,"negative"
"Xyleborinus attenuatus","ASV_2233",3.89054728097202,0.001,0.051983606557377,0.281706150341686,"Curculionidae","Scolytinae","Xyleborinus","Xyleborinus attenuatus","k__Fungi","p__Basidiomycota","c__Agaricomycetes","o__Polyporales","f__Meripilaceae","g__Meripilus","s__sumstinei","positive"
"Xyleborinus attenuatus","ASV_2327",-2.9890862256283,0.001,0.051983606557377,0.281706150341686,"Curculionidae","Scolytinae","Xyleborinus","Xyleborinus attenuatus","k__Fungi","p__Ascomycota","c__Dothideomycetes","o__Dothideales","f__Dothioraceae","g__Dothiora",NA,"negative"
"Xyleborinus attenuatus","ASV_2337",3.27569145905708,0.001,0.051983606557377,0.281706150341686,"Curculionidae","Scolytinae","Xyleborinus","Xyleborinus attenuatus","k__Fungi","p__Ascomycota","c__Dothideomycetes",NA,NA,NA,NA,"positive"
"Xyleborinus attenuatus","ASV_2527",-3.12835361137269,0.001,0.051983606557377,0.281706150341686,"Curculionidae","Scolytinae","Xyleborinus","Xyleborinus attenuatus","k__Fungi","p__Ascomycota",NA,NA,NA,NA,NA,"negative"
"Xyleborinus attenuatus","ASV_2537",-3.71784629366001,0.001,0.051983606557377,0.281706150341686,"Curculionidae","Scolytinae","Xyleborinus","Xyleborinus attenuatus","k__Fungi","p__Ascomycota","c__Sordariomycetes","o__Xylariales","f__Sporocadaceae","g__Xenoseimatosporium",NA,"negative"
"Xyleborinus attenuatus","ASV_2637",3.55984802002492,0.001,0.051983606557377,0.281706150341686,"Curculionidae","Scolytinae","Xyleborinus","Xyleborinus attenuatus","k__Fungi","p__Ascomycota",NA,NA,NA,NA,NA,"positive"
"Xyleborinus attenuatus","ASV_2794",-4.26529962458899,0.001,0.051983606557377,0.281706150341686,"Curculionidae","Scolytinae","Xyleborinus","Xyleborinus attenuatus","k__Fungi","p__Ascomycota","c__Dothideomycetes","o__Dothideales","f__Dothioraceae","g__Dothiora",NA,"negative"
"Xyleborinus attenuatus","ASV_2797",-5.62672604194873,0.001,0.051983606557377,0.281706150341686,"Curculionidae","Scolytinae","Xyleborinus","Xyleborinus attenuatus","k__Fungi","p__Ascomycota","c__Dothideomycetes","o__Dothideales","f__Dothioraceae","g__Dothiora",NA,"negative"
"Xyleborinus attenuatus","ASV_2809",5.78725010069572,0.001,0.051983606557377,0.281706150341686,"Curculionidae","Scolytinae","Xyleborinus","Xyleborinus attenuatus","k__Fungi","p__Basidiomycota","c__Agaricomycetes","o__Polyporales","f__Ganodermataceae","g__Ganoderma",NA,"positive"
"Xyleborinus attenuatus","ASV_2954",3.49675231701754,0.001,0.051983606557377,0.281706150341686,"Curculionidae","Scolytinae","Xyleborinus","Xyleborinus attenuatus","k__Fungi","p__Ascomycota","c__Dothideomycetes","o__Pleosporales","f__Didymellaceae",NA,NA,"positive"
"Xyleborinus attenuatus","ASV_2975",4.28698324927658,0.001,0.051983606557377,0.281706150341686,"Curculionidae","Scolytinae","Xyleborinus","Xyleborinus attenuatus","k__Fungi","p__Ascomycota","c__Lecanoromycetes","o__Lecanorales","f__Parmeliaceae","g__Evernia","s__divaricata","positive"
"Xyleborinus attenuatus","ASV_3022",-4.35032227093888,0.001,0.051983606557377,0.281706150341686,"Curculionidae","Scolytinae","Xyleborinus","Xyleborinus attenuatus","k__Fungi","p__Basidiomycota","c__Tremellomycetes","o__Tremellales","f__Cryptococcaceae","g__Teunia",NA,"negative"
"Xyleborinus attenuatus","ASV_3118",-3.94601750025997,0.001,0.051983606557377,0.281706150341686,"Curculionidae","Scolytinae","Xyleborinus","Xyleborinus attenuatus","k__Fungi","p__Basidiomycota","c__Tremellomycetes","o__Tremellales","f__Bulleraceae","g__Fonsecazyma",NA,"negative"
"Xyleborinus attenuatus","ASV_3193",-3.94043701587933,0.001,0.051983606557377,0.281706150341686,"Curculionidae","Scolytinae","Xyleborinus","Xyleborinus attenuatus","k__Fungi","p__Ascomycota","c__Dothideomycetes","o__Myriangiales",NA,NA,NA,"negative"
"Xyleborinus attenuatus","ASV_3413",-3.62642822758797,0.001,0.051983606557377,0.281706150341686,"Curculionidae","Scolytinae","Xyleborinus","Xyleborinus attenuatus","k__Fungi","p__Basidiomycota","c__Tremellomycetes",NA,NA,NA,NA,"negative"
"Xyleborinus attenuatus","ASV_3454",3.30651486483403,0.001,0.051983606557377,0.281706150341686,"Curculionidae","Scolytinae","Xyleborinus","Xyleborinus attenuatus","k__Fungi","p__Ascomycota","c__Dothideomycetes","o__Capnodiales","f__Neodevriesiaceae","g__Tripospermum","s__infalcatum","positive"
"Xyleborinus attenuatus","ASV_3471",-4.03363049486213,0.001,0.051983606557377,0.281706150341686,"Curculionidae","Scolytinae","Xyleborinus","Xyleborinus attenuatus","k__Fungi","p__Basidiomycota","c__Tremellomycetes",NA,NA,NA,NA,"negative"
"Xyleborinus attenuatus","ASV_3496",3.14787384815335,0.001,0.051983606557377,0.281706150341686,"Curculionidae","Scolytinae","Xyleborinus","Xyleborinus attenuatus","k__Fungi",NA,NA,NA,NA,NA,NA,"positive"
"Xyleborinus attenuatus","ASV_3972",4.82485142699206,0.001,0.051983606557377,0.281706150341686,"Curculionidae","Scolytinae","Xyleborinus","Xyleborinus attenuatus","k__Fungi","p__Ascomycota","c__Dothideomycetes","o__Capnodiales","f__Cladosporiaceae","g__Cladosporium","s__herbarum","positive"
"Xyleborinus attenuatus","ASV_3984",3.26642856995306,0.001,0.051983606557377,0.281706150341686,"Curculionidae","Scolytinae","Xyleborinus","Xyleborinus attenuatus","k__Fungi","p__Ascomycota","c__Leotiomycetes","o__Helotiales","f__Tympanidaceae","g__Vexillomyces",NA,"positive"
"Xyleborinus attenuatus","ASV_4020",-4.18477488871442,0.001,0.051983606557377,0.281706150341686,"Curculionidae","Scolytinae","Xyleborinus","Xyleborinus attenuatus","k__Fungi","p__Ascomycota","c__Dothideomycetes","o__Dothideales","f__Dothioraceae","g__Dothiora",NA,"negative"
"Xyleborinus attenuatus","ASV_4271",4.15834424562905,0.001,0.051983606557377,0.281706150341686,"Curculionidae","Scolytinae","Xyleborinus","Xyleborinus attenuatus","k__Fungi","p__Basidiomycota","c__Agaricomycetes","o__Agaricales","f__Crepidotaceae","g__Crepidotus","s__applanatus","positive"
"Xyleborinus attenuatus","ASV_5111",3.70894881294118,0.001,0.051983606557377,0.281706150341686,"Curculionidae","Scolytinae","Xyleborinus","Xyleborinus attenuatus","k__Fungi","p__Ascomycota","c__Sordariomycetes","o__Diaporthales","f__Stilbosporaceae","g__Stegonsporium","s__acerophilum","positive"
"Xyleborinus attenuatus","ASV_5130",-3.85988704981652,0.001,0.051983606557377,0.281706150341686,"Curculionidae","Scolytinae","Xyleborinus","Xyleborinus attenuatus","k__Fungi","p__Ascomycota","c__Dothideomycetes",NA,NA,NA,NA,"negative"
"Xyleborinus attenuatus","ASV_5158",3.84682242526922,0.001,0.051983606557377,0.281706150341686,"Curculionidae","Scolytinae","Xyleborinus","Xyleborinus attenuatus","k__Fungi","p__Basidiomycota","c__Agaricomycetes","o__Polyporales","f__Steccherinaceae","g__Antrodiella",NA,"positive"
"Xyleborinus attenuatus","ASV_5640",3.74475052983406,0.001,0.051983606557377,0.281706150341686,"Curculionidae","Scolytinae","Xyleborinus","Xyleborinus attenuatus","k__Fungi","p__Ascomycota","c__Leotiomycetes","o__Helotiales","f__Tympanidaceae","g__Tympanis",NA,"positive"
"Xyleborinus attenuatus","ASV_5650",4.62219776606195,0.001,0.051983606557377,0.281706150341686,"Curculionidae","Scolytinae","Xyleborinus","Xyleborinus attenuatus","k__Fungi","p__Basidiomycota","c__Agaricomycetes","o__Polyporales","f__Ganodermataceae","g__Ganoderma",NA,"positive"
"Xyleborinus attenuatus","ASV_5947",3.83226460545428,0.001,0.051983606557377,0.281706150341686,"Curculionidae","Scolytinae","Xyleborinus","Xyleborinus attenuatus","k__Fungi","p__Ascomycota","c__Dothideomycetes","o__Mycosphaerellales","f__Teratosphaeriaceae",NA,NA,"positive"
"Xyleborinus attenuatus","ASV_6633",3.71217866106423,0.001,0.051983606557377,0.281706150341686,"Curculionidae","Scolytinae","Xyleborinus","Xyleborinus attenuatus","k__Fungi","p__Ascomycota","c__Sordariomycetes","o__Xylariales","f__Diatrypaceae",NA,NA,"positive"
"Xyleborinus attenuatus","ASV_7371",3.48307717469257,0.001,0.051983606557377,0.281706150341686,"Curculionidae","Scolytinae","Xyleborinus","Xyleborinus attenuatus","k__Fungi","p__Ascomycota","c__Sordariomycetes","o__Diaporthales","f__Valsaceae","g__Cytospora",NA,"positive"
"Xyleborinus attenuatus","ASV_8306",-4.03070287191066,0.001,0.051983606557377,0.281706150341686,"Curculionidae","Scolytinae","Xyleborinus","Xyleborinus attenuatus","k__Fungi","p__Ascomycota",NA,NA,NA,NA,NA,"negative"
"Xyleborinus attenuatus","ASV_10602",3.48329947124097,0.001,0.051983606557377,0.281706150341686,"Curculionidae","Scolytinae","Xyleborinus","Xyleborinus attenuatus","k__Fungi","p__Ascomycota","c__Eurotiomycetes","o__Eurotiales","f__Aspergillaceae","g__Paecilomyces","s__lagunculariae","positive"
"Xyleborinus attenuatus","ASV_16495",3.46694849818232,0.001,0.051983606557377,0.281706150341686,"Curculionidae","Scolytinae","Xyleborinus","Xyleborinus attenuatus","k__Fungi","p__Ascomycota","c__Leotiomycetes","o__Helotiales",NA,NA,NA,"positive"
"Pityogenes hopkinsi","ASV_332",-2.55414025903236,0.008,0.0542631016042781,0.464375498709223,"Curculionidae","Scolytinae","Pityogenes","Pityogenes hopkinsi","k__Fungi","p__Basidiomycota","c__Cystobasidiomycetes","o__Cystobasidiomycetes_ord_Incertae_sedis","f__Symmetrosporaceae","g__Symmetrospora","s__foliicola","negative"
"Pityogenes hopkinsi","ASV_383",2.58031357966485,0.008,0.0542631016042781,0.464375498709223,"Curculionidae","Scolytinae","Pityogenes","Pityogenes hopkinsi","k__Fungi","p__Ascomycota","c__Dothideomycetes","o__Pleosporales","f__Lophiostomataceae","g__Lophiostomataceae_gen_Incertae_sedis",NA,"positive"
"Pityogenes hopkinsi","ASV_445",2.91761133828216,0.008,0.0542631016042781,0.464375498709223,"Curculionidae","Scolytinae","Pityogenes","Pityogenes hopkinsi","k__Fungi","p__Ascomycota",NA,NA,NA,NA,NA,"positive"
"Pityogenes hopkinsi","ASV_505",-2.67517929977228,0.008,0.0542631016042781,0.464375498709223,"Curculionidae","Scolytinae","Pityogenes","Pityogenes hopkinsi","k__Fungi",NA,NA,NA,NA,NA,NA,"negative"
"Pityogenes hopkinsi","ASV_644",2.09242516563413,0.008,0.0542631016042781,0.464375498709223,"Curculionidae","Scolytinae","Pityogenes","Pityogenes hopkinsi","k__Fungi","p__Ascomycota",NA,NA,NA,NA,NA,"positive"
"Pityogenes hopkinsi","ASV_977",3.00186286633542,0.008,0.0542631016042781,0.464375498709223,"Curculionidae","Scolytinae","Pityogenes","Pityogenes hopkinsi","k__Fungi","p__Ascomycota","c__Sordariomycetes","o__Chaetosphaeriales","f__Chaetosphaeriales_fam_Incertae_sedis","g__Dendrophoma","s__cytisporoides","positive"
"Pityogenes hopkinsi","ASV_1029",2.91782982824716,0.008,0.0542631016042781,0.464375498709223,"Curculionidae","Scolytinae","Pityogenes","Pityogenes hopkinsi","k__Fungi","p__Ascomycota","c__Leotiomycetes","o__Helotiales","f__Sclerotiniaceae",NA,NA,"positive"
"Pityogenes hopkinsi","ASV_1145",2.67592499425059,0.008,0.0542631016042781,0.464375498709223,"Curculionidae","Scolytinae","Pityogenes","Pityogenes hopkinsi","k__Fungi","p__Basidiomycota","c__Agaricomycetes","o__Polyporales","f__Phanerochaetaceae","g__Bjerkandera","s__adusta","positive"
"Pityogenes hopkinsi","ASV_1276",-2.17448838459819,0.008,0.0542631016042781,0.464375498709223,"Curculionidae","Scolytinae","Pityogenes","Pityogenes hopkinsi","k__Fungi","p__Ascomycota","c__Dothideomycetes","o__Pleosporales","f__Phaeosphaeriaceae",NA,NA,"negative"
"Pityogenes hopkinsi","ASV_1320",2.54233529324067,0.008,0.0542631016042781,0.464375498709223,"Curculionidae","Scolytinae","Pityogenes","Pityogenes hopkinsi","k__Fungi","p__Ascomycota","c__Lecanoromycetes","o__Lecanorales","f__Parmeliaceae","g__Tuckermanopsis","s__ciliaris","positive"
"Pityogenes hopkinsi","ASV_1344",-2.22042289984907,0.008,0.0542631016042781,0.464375498709223,"Curculionidae","Scolytinae","Pityogenes","Pityogenes hopkinsi","k__Fungi","p__Ascomycota","c__Dothideomycetes","o__Dothideales","f__Saccotheciaceae","g__Aureobasidium",NA,"negative"
"Pityogenes hopkinsi","ASV_2190",-2.45386544829796,0.008,0.0542631016042781,0.464375498709223,"Curculionidae","Scolytinae","Pityogenes","Pityogenes hopkinsi","k__Fungi","p__Ascomycota","c__Dothideomycetes","o__Capnodiales","f__Capnodiales_fam_Incertae_sedis","g__Arthrocatena",NA,"negative"
"Pityogenes hopkinsi","ASV_2459",2.13245962887358,0.008,0.0542631016042781,0.464375498709223,"Curculionidae","Scolytinae","Pityogenes","Pityogenes hopkinsi","k__Fungi","p__Ascomycota","c__Dothideomycetes","o__Mycosphaerellales","f__Mycosphaerellaceae","g__Mycosphaerella","s__latebrosa","positive"
"Pityogenes hopkinsi","ASV_2531",-2.74092316770694,0.008,0.0542631016042781,0.464375498709223,"Curculionidae","Scolytinae","Pityogenes","Pityogenes hopkinsi","k__Fungi","p__Ascomycota",NA,NA,NA,NA,NA,"negative"
"Pityogenes hopkinsi","ASV_2591",-2.94037044438705,0.008,0.0542631016042781,0.464375498709223,"Curculionidae","Scolytinae","Pityogenes","Pityogenes hopkinsi","k__Fungi","p__Ascomycota",NA,NA,NA,NA,NA,"negative"
"Pityogenes hopkinsi","ASV_3017",2.63015542461381,0.008,0.0542631016042781,0.464375498709223,"Curculionidae","Scolytinae","Pityogenes","Pityogenes hopkinsi","k__Fungi","p__Ascomycota","c__Sordariomycetes","o__Diaporthales","f__Melanconiellaceae","g__Microascospora",NA,"positive"
"Pityogenes hopkinsi","ASV_3244",-2.66063705792793,0.008,0.0542631016042781,0.464375498709223,"Curculionidae","Scolytinae","Pityogenes","Pityogenes hopkinsi","k__Fungi","p__Ascomycota","c__Eurotiomycetes","o__Chaetothyriales","f__Trichomeriaceae","g__Alatosessilispora",NA,"negative"
"Pityogenes hopkinsi","ASV_3755",2.84781753643117,0.008,0.0542631016042781,0.464375498709223,"Curculionidae","Scolytinae","Pityogenes","Pityogenes hopkinsi","k__Fungi","p__Ascomycota","c__Eurotiomycetes","o__Chaetothyriales","f__Herpotrichiellaceae","g__Cladophialophora",NA,"positive"
"Pityogenes hopkinsi","ASV_3948",3.84882949833953,0.008,0.0542631016042781,0.464375498709223,"Curculionidae","Scolytinae","Pityogenes","Pityogenes hopkinsi","k__Fungi","p__Ascomycota","c__Sordariomycetes","o__Diaporthales","f__Valsaceae","g__Cytospora",NA,"positive"
"Pityogenes hopkinsi","ASV_4361",-2.53432878969524,0.008,0.0542631016042781,0.464375498709223,"Curculionidae","Scolytinae","Pityogenes","Pityogenes hopkinsi","k__Fungi","p__Ascomycota","c__Dothideomycetes","o__Dothideales","f__Dothioraceae","g__Dothiora",NA,"negative"
"Pityogenes hopkinsi","ASV_4438",-3.1563914769525,0.008,0.0542631016042781,0.464375498709223,"Curculionidae","Scolytinae","Pityogenes","Pityogenes hopkinsi","k__Fungi","p__Ascomycota","c__Lecanoromycetes","o__Lecanorales","f__Catillariaceae","g__Catillaria",NA,"negative"
"Pityogenes hopkinsi","ASV_4616",2.89354778531425,0.008,0.0542631016042781,0.464375498709223,"Curculionidae","Scolytinae","Pityogenes","Pityogenes hopkinsi","k__Fungi","p__Ascomycota","c__Dothideomycetes","o__Pleosporales","f__Lophiostomataceae",NA,NA,"positive"
"Pityogenes hopkinsi","ASV_5021",-2.62633577477368,0.008,0.0542631016042781,0.464375498709223,"Curculionidae","Scolytinae","Pityogenes","Pityogenes hopkinsi","k__Fungi","p__Basidiomycota","c__Exobasidiomycetes","o__Microstromatales","f__Microstromatales_fam_Incertae_sedis","g__Pseudomicrostroma","s__phylloplanum","negative"
"Pityogenes hopkinsi","ASV_5508",-3.10198418533491,0.008,0.0542631016042781,0.464375498709223,"Curculionidae","Scolytinae","Pityogenes","Pityogenes hopkinsi","k__Fungi","p__Basidiomycota","c__Tremellomycetes","o__Tremellales","f__Cryptococcaceae","g__Kwoniella","s__pini","negative"
"Pityogenes hopkinsi","ASV_6163",-1.47822684144988,0.008,0.0542631016042781,0.464375498709223,"Curculionidae","Scolytinae","Pityogenes","Pityogenes hopkinsi","k__Fungi","p__Ascomycota","c__Dothideomycetes","o__Botryosphaeriales","f__Melanopsaceae","g__Melanops","s__fagicola","negative"
"Pityogenes hopkinsi","ASV_6462",-2.77588003112592,0.008,0.0542631016042781,0.464375498709223,"Curculionidae","Scolytinae","Pityogenes","Pityogenes hopkinsi","k__Fungi","p__Ascomycota","c__Dothideomycetes","o__Mycosphaerellales","f__Mycosphaerellaceae","g__Sphaerulina","s__pelargonii","negative"
"Pityogenes hopkinsi","ASV_6546",-2.53216917297205,0.008,0.0542631016042781,0.464375498709223,"Curculionidae","Scolytinae","Pityogenes","Pityogenes hopkinsi","k__Fungi","p__Ascomycota","c__Taphrinomycetes","o__Taphrinales","f__Taphrinaceae","g__Taphrina","s__letifera","negative"
"Pityogenes hopkinsi","ASV_8465",-2.4049135241214,0.008,0.0542631016042781,0.464375498709223,"Curculionidae","Scolytinae","Pityogenes","Pityogenes hopkinsi","k__Fungi",NA,NA,NA,NA,NA,NA,"negative"
"Pityogenes hopkinsi","ASV_8747",-2.7013126663226,0.008,0.0542631016042781,0.464375498709223,"Curculionidae","Scolytinae","Pityogenes","Pityogenes hopkinsi","k__Fungi","p__Basidiomycota","c__Agaricomycetes","o__Russulales","f__Peniophoraceae","g__Peniophora","s__cinerea","negative"
"Pityogenes hopkinsi","ASV_8991",3.83005033121951,0.008,0.0542631016042781,0.464375498709223,"Curculionidae","Scolytinae","Pityogenes","Pityogenes hopkinsi","k__Fungi","p__Ascomycota","c__Eurotiomycetes","o__Verrucariales","f__Verrucariaceae","g__Verrucariaceae_gen_Incertae_sedis",NA,"positive"
"Pityogenes hopkinsi","ASV_9360",-2.86282020728428,0.008,0.0542631016042781,0.464375498709223,"Curculionidae","Scolytinae","Pityogenes","Pityogenes hopkinsi","k__Fungi","p__Ascomycota","c__Dothideomycetes","o__Patellariales","f__Patellariaceae","g__Rhizodiscina",NA,"negative"
"Pityogenes hopkinsi","ASV_10004",3.8350708737783,0.008,0.0542631016042781,0.464375498709223,"Curculionidae","Scolytinae","Pityogenes","Pityogenes hopkinsi","k__Fungi","p__Ascomycota","c__Eurotiomycetes","o__Verrucariales","f__Verrucariaceae","g__Verrucariaceae_gen_Incertae_sedis",NA,"positive"
"Pityogenes hopkinsi","ASV_10546",-2.62077145545805,0.008,0.0542631016042781,0.464375498709223,"Curculionidae","Scolytinae","Pityogenes","Pityogenes hopkinsi","k__Fungi","p__Basidiomycota","c__Agaricostilbomycetes","o__Agaricostilbales","f__Chionosphaeraceae","g__Ballistosporomyces","s__sasicola","negative"
"Pityogenes hopkinsi","ASV_10720",-2.71423245418145,0.008,0.0542631016042781,0.464375498709223,"Curculionidae","Scolytinae","Pityogenes","Pityogenes hopkinsi","k__Fungi","p__Basidiomycota","c__Agaricomycetes","o__Atheliales","f__Byssocorticiaceae","g__Byssocorticiaceae_gen_Incertae_sedis",NA,"negative"
"Pityogenes hopkinsi","ASV_11047",-2.60403577883921,0.008,0.0542631016042781,0.464375498709223,"Curculionidae","Scolytinae","Pityogenes","Pityogenes hopkinsi","k__Fungi","p__Basidiomycota","c__Agaricomycetes","o__Russulales","f__Peniophoraceae","g__Peniophora","s__cinerea","negative"
"Pityogenes hopkinsi","ASV_13443",-2.66572643088463,0.008,0.0542631016042781,0.464375498709223,"Curculionidae","Scolytinae","Pityogenes","Pityogenes hopkinsi","k__Fungi","p__Ascomycota",NA,NA,NA,NA,NA,"negative"
"Pityogenes hopkinsi","ASV_14033",-3.33104895331827,0.008,0.0542631016042781,0.464375498709223,"Curculionidae","Scolytinae","Pityogenes","Pityogenes hopkinsi","k__Fungi",NA,NA,NA,NA,NA,NA,"negative"
"Pityogenes hopkinsi","ASV_14135",-2.7869920823562,0.008,0.0542631016042781,0.464375498709223,"Curculionidae","Scolytinae","Pityogenes","Pityogenes hopkinsi","k__Fungi","p__Ascomycota","c__Dothideomycetes","o__Mycosphaerellales","f__Teratosphaeriaceae","g__Lapidomyces",NA,"negative"
"Pityogenes hopkinsi","ASV_14949",-2.99682131941641,0.008,0.0542631016042781,0.464375498709223,"Curculionidae","Scolytinae","Pityogenes","Pityogenes hopkinsi","k__Fungi","p__Basidiomycota","c__Exobasidiomycetes","o__Microstromatales","f__Microstromatales_fam_Incertae_sedis","g__Pseudomicrostroma",NA,"negative"
"Pityogenes hopkinsi","ASV_15235",-2.70556621612881,0.008,0.0542631016042781,0.464375498709223,"Curculionidae","Scolytinae","Pityogenes","Pityogenes hopkinsi","k__Fungi","p__Basidiomycota","c__Agaricomycetes","o__Polyporales","f__Steccherinaceae","g__Steccherinum","s__fimbriatum","negative"
"Pityogenes hopkinsi","ASV_15874",-2.69952321398978,0.008,0.0542631016042781,0.464375498709223,"Curculionidae","Scolytinae","Pityogenes","Pityogenes hopkinsi","k__Fungi","p__Basidiomycota","c__Cystobasidiomycetes","o__Erythrobasidiales","f__Erythrobasidiaceae","g__Erythrobasidium","s__hasegawae","negative"
"Pityogenes hopkinsi","ASV_16952",-3.00155873855214,0.008,0.0542631016042781,0.464375498709223,"Curculionidae","Scolytinae","Pityogenes","Pityogenes hopkinsi","k__Fungi","p__Basidiomycota","c__Microbotryomycetes","o__Sporidiobolales","f__Sporidiobolaceae","g__Rhodosporidiobolus","s__colostri","negative"
"Pityogenes hopkinsi","ASV_17009",-2.60562934567235,0.008,0.0542631016042781,0.464375498709223,"Curculionidae","Scolytinae","Pityogenes","Pityogenes hopkinsi","k__Fungi","p__Ascomycota","c__Sordariomycetes","o__Xylariales","f__Amphisphaeriaceae","g__Monochaetia",NA,"negative"
"Pityogenes hopkinsi","ASV_17013",-2.26442252568688,0.008,0.0542631016042781,0.464375498709223,"Curculionidae","Scolytinae","Pityogenes","Pityogenes hopkinsi","k__Fungi","p__Ascomycota","c__Dothideomycetes","o__Mycosphaerellales","f__Mycosphaerellaceae","g__Ramularia",NA,"negative"
"Pityogenes hopkinsi","ASV_18508",-3.02752892482134,0.008,0.0542631016042781,0.464375498709223,"Curculionidae","Scolytinae","Pityogenes","Pityogenes hopkinsi","k__Fungi","p__Ascomycota","c__Sordariomycetes","o__Togniniales","f__Togniniaceae","g__Phaeoacremonium",NA,"negative"
"Pityogenes hopkinsi","ASV_20986",-2.82502639656346,0.008,0.0542631016042781,0.464375498709223,"Curculionidae","Scolytinae","Pityogenes","Pityogenes hopkinsi","k__Fungi","p__Basidiomycota",NA,NA,NA,NA,NA,"negative"
"Pityogenes hopkinsi","ASV_21049",-2.69084466917068,0.008,0.0542631016042781,0.464375498709223,"Curculionidae","Scolytinae","Pityogenes","Pityogenes hopkinsi","k__Fungi","p__Basidiomycota","c__Tremellomycetes","o__Tremellales","f__Bulleribasidiaceae","g__Hannaella",NA,"negative"
"Pityogenes hopkinsi","ASV_22325",-3.35138704414232,0.008,0.0542631016042781,0.464375498709223,"Curculionidae","Scolytinae","Pityogenes","Pityogenes hopkinsi","k__Fungi","p__Ascomycota","c__Dothideomycetes","o__Dothideales",NA,NA,NA,"negative"
"Pityogenes hopkinsi","ASV_22460",-2.15148178551406,0.008,0.0542631016042781,0.464375498709223,"Curculionidae","Scolytinae","Pityogenes","Pityogenes hopkinsi","k__Fungi","p__Ascomycota","c__Dothideomycetes","o__Pleosporales",NA,NA,NA,"negative"
"Pityogenes hopkinsi","ASV_22586",-2.53233546806664,0.008,0.0542631016042781,0.464375498709223,"Curculionidae","Scolytinae","Pityogenes","Pityogenes hopkinsi","k__Fungi","p__Ascomycota","c__Dothideomycetes","o__Dothideales","f__Dothideales_fam_Incertae_sedis","g__Dothideales_gen_Incertae_sedis",NA,"negative"
"Pityogenes hopkinsi","ASV_24638",-2.76507282974566,0.008,0.0542631016042781,0.464375498709223,"Curculionidae","Scolytinae","Pityogenes","Pityogenes hopkinsi","k__Fungi","p__Basidiomycota","c__Agaricomycetes","o__Agaricales","f__Strophariaceae","g__Pholiota","s__highlandensis","negative"
"Pityogenes hopkinsi","ASV_25048",-2.56637359838738,0.008,0.0542631016042781,0.464375498709223,"Curculionidae","Scolytinae","Pityogenes","Pityogenes hopkinsi","k__Fungi","p__Ascomycota","c__Lecanoromycetes","o__Caliciales",NA,NA,NA,"negative"
"Pityogenes hopkinsi","ASV_25788",-2.70452656759974,0.008,0.0542631016042781,0.464375498709223,"Curculionidae","Scolytinae","Pityogenes","Pityogenes hopkinsi","k__Fungi","p__Ascomycota","c__Lecanoromycetes","o__Lecanorales","f__Lecanoraceae","g__Lecanora",NA,"negative"
"Pityogenes hopkinsi","ASV_26197",-2.68155068208043,0.008,0.0542631016042781,0.464375498709223,"Curculionidae","Scolytinae","Pityogenes","Pityogenes hopkinsi","k__Fungi",NA,NA,NA,NA,NA,NA,"negative"
"Pityogenes hopkinsi","ASV_249",2.86752591993804,0.009,0.0575383064516129,0.475142369263607,"Curculionidae","Scolytinae","Pityogenes","Pityogenes hopkinsi","k__Fungi","p__Ascomycota","c__Sordariomycetes","o__Diaporthales","f__Valsaceae","g__Cytospora",NA,"positive"
"Pityogenes hopkinsi","ASV_525",2.98004401264332,0.009,0.0575383064516129,0.475142369263607,"Curculionidae","Scolytinae","Pityogenes","Pityogenes hopkinsi","k__Fungi","p__Basidiomycota","c__Agaricomycetes","o__Amylocorticiales","f__Amylocorticiaceae","g__Plicaturopsis","s__crispa","positive"
"Pityogenes hopkinsi","ASV_559",-2.36658746959366,0.009,0.0575383064516129,0.475142369263607,"Curculionidae","Scolytinae","Pityogenes","Pityogenes hopkinsi","k__Fungi","p__Ascomycota","c__Dothideomycetes","o__Dothideales","f__Saccotheciaceae","g__Aureobasidium","s__pullulans","negative"
"Pityogenes hopkinsi","ASV_864",3.81495379111076,0.009,0.0575383064516129,0.475142369263607,"Curculionidae","Scolytinae","Pityogenes","Pityogenes hopkinsi","k__Fungi","p__Ascomycota","c__Lecanoromycetes","o__Lecanorales",NA,NA,NA,"positive"
"Pityogenes hopkinsi","ASV_882",2.71364247926314,0.009,0.0575383064516129,0.475142369263607,"Curculionidae","Scolytinae","Pityogenes","Pityogenes hopkinsi","k__Fungi","p__Ascomycota","c__Dothideomycetes","o__Pleosporales","f__Phaeosphaeriaceae","g__Neosetophoma",NA,"positive"
"Pityogenes hopkinsi","ASV_1037",2.75678038663954,0.009,0.0575383064516129,0.475142369263607,"Curculionidae","Scolytinae","Pityogenes","Pityogenes hopkinsi","k__Fungi","p__Ascomycota","c__Lecanoromycetes","o__Lecanorales",NA,NA,NA,"positive"
"Pityogenes hopkinsi","ASV_1082",2.92747390086764,0.009,0.0575383064516129,0.475142369263607,"Curculionidae","Scolytinae","Pityogenes","Pityogenes hopkinsi","k__Fungi","p__Basidiomycota","c__Agaricomycetes","o__Sistotremastrales","f__Sistotremastraceae","g__Sistotremastrum","s__suecicum","positive"
"Pityogenes hopkinsi","ASV_1120",2.62496403775461,0.009,0.0575383064516129,0.475142369263607,"Curculionidae","Scolytinae","Pityogenes","Pityogenes hopkinsi","k__Fungi","p__Ascomycota","c__Dothideomycetes",NA,NA,NA,NA,"positive"
"Pityogenes hopkinsi","ASV_1867",2.11440630635261,0.009,0.0575383064516129,0.475142369263607,"Curculionidae","Scolytinae","Pityogenes","Pityogenes hopkinsi","k__Fungi","p__Basidiomycota","c__Tremellomycetes","o__Tremellales","f__Phaeotremellaceae","g__Phaeotremella",NA,"positive"
"Pityogenes hopkinsi","ASV_2040",2.74181219445444,0.009,0.0575383064516129,0.475142369263607,"Curculionidae","Scolytinae","Pityogenes","Pityogenes hopkinsi","k__Fungi","p__Ascomycota",NA,NA,NA,NA,NA,"positive"
"Pityogenes hopkinsi","ASV_2059",2.65087417486624,0.009,0.0575383064516129,0.475142369263607,"Curculionidae","Scolytinae","Pityogenes","Pityogenes hopkinsi","k__Fungi","p__Ascomycota","c__Sordariomycetes","o__Xylariales","f__Diatrypaceae","g__Diatrype","s__stigma","positive"
"Pityogenes hopkinsi","ASV_2197",-2.43228124883472,0.009,0.0575383064516129,0.475142369263607,"Curculionidae","Scolytinae","Pityogenes","Pityogenes hopkinsi","k__Fungi","p__Ascomycota","c__Dothideomycetes","o__Dothideales","f__Dothioraceae","g__Hormonema","s__macrosporum","negative"
"Pityogenes hopkinsi","ASV_2442",-2.80523579776707,0.009,0.0575383064516129,0.475142369263607,"Curculionidae","Scolytinae","Pityogenes","Pityogenes hopkinsi","k__Fungi","p__Ascomycota","c__Dothideomycetes","o__Pleosporales","f__Didymosphaeriaceae","g__Paraconiothyrium",NA,"negative"
"Pityogenes hopkinsi","ASV_2476",-2.35795005737993,0.009,0.0575383064516129,0.475142369263607,"Curculionidae","Scolytinae","Pityogenes","Pityogenes hopkinsi","k__Fungi","p__Basidiomycota","c__Exobasidiomycetes","o__Microstromatales","f__Microstromataceae","g__Microstroma","s__bacarum","negative"
"Pityogenes hopkinsi","ASV_2640",-2.52238488282716,0.009,0.0575383064516129,0.475142369263607,"Curculionidae","Scolytinae","Pityogenes","Pityogenes hopkinsi","k__Fungi","p__Basidiomycota","c__Tremellomycetes","o__Tremellales","f__Cryptococcaceae","g__Cryptococcus","s__aureus","negative"
"Pityogenes hopkinsi","ASV_2869",2.98213466334052,0.009,0.0575383064516129,0.475142369263607,"Curculionidae","Scolytinae","Pityogenes","Pityogenes hopkinsi","k__Fungi","p__Ascomycota","c__Sordariomycetes","o__Sordariomycetes_ord_Incertae_sedis","f__Sordariomycetes_fam_Incertae_sedis","g__Oncopodiella",NA,"positive"
"Pityogenes hopkinsi","ASV_2913",3.15246825002387,0.009,0.0575383064516129,0.475142369263607,"Curculionidae","Scolytinae","Pityogenes","Pityogenes hopkinsi","k__Fungi","p__Ascomycota","c__Arthoniomycetes","o__Lichenostigmatales","f__Phaeococcomycetaceae","g__Phaeococcomyces",NA,"positive"
"Pityogenes hopkinsi","ASV_2930",2.45949693616987,0.009,0.0575383064516129,0.475142369263607,"Curculionidae","Scolytinae","Pityogenes","Pityogenes hopkinsi","k__Fungi","p__Ascomycota","c__Sordariomycetes","o__Xylariales","f__Diatrypaceae","g__Diatrype","s__stigma","positive"
"Pityogenes hopkinsi","ASV_3103",2.5144699627009,0.009,0.0575383064516129,0.475142369263607,"Curculionidae","Scolytinae","Pityogenes","Pityogenes hopkinsi","k__Fungi","p__Ascomycota","c__Dothideomycetes","o__Hysteriales","f__Hysteriaceae","g__Hysterobrevium","s__mori","positive"
"Pityogenes hopkinsi","ASV_3273",-2.09885916131564,0.009,0.0575383064516129,0.475142369263607,"Curculionidae","Scolytinae","Pityogenes","Pityogenes hopkinsi","k__Fungi","p__Ascomycota","c__Dothideomycetes","o__Pleosporales","f__Dothidotthiaceae","g__Dothidotthia","s__negundinicola","negative"
"Pityogenes hopkinsi","ASV_3663",3.72864334220876,0.009,0.0575383064516129,0.475142369263607,"Curculionidae","Scolytinae","Pityogenes","Pityogenes hopkinsi","k__Fungi","p__Ascomycota","c__Sordariomycetes","o__Xylariales","f__Diatrypaceae","g__Diatrype","s__stigma","positive"
"Pityogenes hopkinsi","ASV_4066",-2.85579774788153,0.009,0.0575383064516129,0.475142369263607,"Curculionidae","Scolytinae","Pityogenes","Pityogenes hopkinsi","k__Fungi","p__Ascomycota",NA,NA,NA,NA,NA,"negative"
"Pityogenes hopkinsi","ASV_4440",-2.09774174033722,0.009,0.0575383064516129,0.475142369263607,"Curculionidae","Scolytinae","Pityogenes","Pityogenes hopkinsi","k__Fungi","p__Ascomycota","c__Dothideomycetes","o__Dothideales","f__Saccotheciaceae","g__Aureobasidium","s__pullulans","negative"
"Pityogenes hopkinsi","ASV_4714",-2.57760784615381,0.009,0.0575383064516129,0.475142369263607,"Curculionidae","Scolytinae","Pityogenes","Pityogenes hopkinsi","k__Fungi","p__Ascomycota",NA,NA,NA,NA,NA,"negative"
"Pityogenes hopkinsi","ASV_5897",-2.62700895761591,0.009,0.0575383064516129,0.475142369263607,"Curculionidae","Scolytinae","Pityogenes","Pityogenes hopkinsi","k__Fungi","p__Basidiomycota","c__Exobasidiomycetes","o__Microstromatales","f__Microstromatales_fam_Incertae_sedis","g__Pseudomicrostroma",NA,"negative"
"Pityogenes hopkinsi","ASV_5930",-2.28434680036381,0.009,0.0575383064516129,0.475142369263607,"Curculionidae","Scolytinae","Pityogenes","Pityogenes hopkinsi","k__Fungi","p__Ascomycota","c__Dothideomycetes","o__Dothideales","f__Dothioraceae","g__Neodothiora","s__populina","negative"
"Pityogenes hopkinsi","ASV_5989",-2.33762360722194,0.009,0.0575383064516129,0.475142369263607,"Curculionidae","Scolytinae","Pityogenes","Pityogenes hopkinsi","k__Fungi","p__Basidiomycota","c__Microbotryomycetes","o__Sporidiobolales","f__Sporidiobolaceae","g__Rhodosporidiobolus","s__colostri","negative"
"Pityogenes hopkinsi","ASV_6599",-2.38092054657374,0.009,0.0575383064516129,0.475142369263607,"Curculionidae","Scolytinae","Pityogenes","Pityogenes hopkinsi","k__Fungi","p__Ascomycota","c__Dothideomycetes","o__Mycosphaerellales","f__Mycosphaerellaceae","g__Sphaerulina","s__pelargonii","negative"
"Pityogenes hopkinsi","ASV_7206",-2.65835824239327,0.009,0.0575383064516129,0.475142369263607,"Curculionidae","Scolytinae","Pityogenes","Pityogenes hopkinsi","k__Fungi","p__Basidiomycota","c__Tremellomycetes","o__Tremellales","f__Tremellales_fam_Incertae_sedis","g__Tremellales_gen_Incertae_sedis",NA,"negative"
"Pityogenes hopkinsi","ASV_7446",-2.679257054673,0.009,0.0575383064516129,0.475142369263607,"Curculionidae","Scolytinae","Pityogenes","Pityogenes hopkinsi","k__Fungi","p__Ascomycota",NA,NA,NA,NA,NA,"negative"
"Pityogenes hopkinsi","ASV_7705",-2.22881414074919,0.009,0.0575383064516129,0.475142369263607,"Curculionidae","Scolytinae","Pityogenes","Pityogenes hopkinsi","k__Fungi","p__Ascomycota","c__Leotiomycetes","o__Helotiales","f__Hyaloscyphaceae","g__Lachnum","s__virgineum","negative"
"Pityogenes hopkinsi","ASV_7792",-1.71034718407271,0.009,0.0575383064516129,0.475142369263607,"Curculionidae","Scolytinae","Pityogenes","Pityogenes hopkinsi","k__Fungi","p__Ascomycota","c__Eurotiomycetes","o__Chaetothyriales","f__Epibryaceae","g__Epibryon","s__interlamellare","negative"
"Pityogenes hopkinsi","ASV_7861",2.79734549626442,0.009,0.0575383064516129,0.475142369263607,"Curculionidae","Scolytinae","Pityogenes","Pityogenes hopkinsi","k__Fungi","p__Basidiomycota","c__Agaricomycetes","o__Polyporales","f__Phanerochaetaceae","g__Bjerkandera","s__adusta","positive"
"Pityogenes hopkinsi","ASV_8658",-2.70429902388125,0.009,0.0575383064516129,0.475142369263607,"Curculionidae","Scolytinae","Pityogenes","Pityogenes hopkinsi","k__Fungi","p__Basidiomycota","c__Agaricomycetes","o__Polyporales","f__Irpicaceae",NA,NA,"negative"
"Pityogenes hopkinsi","ASV_9451",3.0648049614492,0.009,0.0575383064516129,0.475142369263607,"Curculionidae","Scolytinae","Pityogenes","Pityogenes hopkinsi","k__Fungi","p__Ascomycota","c__Lecanoromycetes","o__Lecanorales","f__Lecanoraceae","g__Lecidella","s__albida","positive"
"Pityogenes hopkinsi","ASV_9737",-2.82929310973944,0.009,0.0575383064516129,0.475142369263607,"Curculionidae","Scolytinae","Pityogenes","Pityogenes hopkinsi","k__Fungi","p__Ascomycota","c__Dothideomycetes","o__Myriangiales","f__Elsinoaceae","g__Elsinoe","s__heveae","negative"
"Pityogenes hopkinsi","ASV_9869",-2.41194240131282,0.009,0.0575383064516129,0.475142369263607,"Curculionidae","Scolytinae","Pityogenes","Pityogenes hopkinsi","k__Fungi","p__Ascomycota","c__Sordariomycetes",NA,NA,NA,NA,"negative"
"Pityogenes hopkinsi","ASV_10402",-2.78208369787362,0.009,0.0575383064516129,0.475142369263607,"Curculionidae","Scolytinae","Pityogenes","Pityogenes hopkinsi","k__Fungi","p__Ascomycota","c__Dothideomycetes","o__Pleosporales","f__Melanommataceae",NA,NA,"negative"
"Pityogenes hopkinsi","ASV_10922",-2.56499007063652,0.009,0.0575383064516129,0.475142369263607,"Curculionidae","Scolytinae","Pityogenes","Pityogenes hopkinsi","k__Fungi","p__Ascomycota","c__Dothideomycetes",NA,NA,NA,NA,"negative"
"Pityogenes hopkinsi","ASV_13065",-2.43513555695616,0.009,0.0575383064516129,0.475142369263607,"Curculionidae","Scolytinae","Pityogenes","Pityogenes hopkinsi","k__Fungi","p__Ascomycota","c__Eurotiomycetes","o__Chaetothyriales","f__Herpotrichiellaceae","g__Neocladophialophora","s__quercina","negative"
"Pityogenes hopkinsi","ASV_13477",-1.97608523379688,0.009,0.0575383064516129,0.475142369263607,"Curculionidae","Scolytinae","Pityogenes","Pityogenes hopkinsi","k__Fungi","p__Ascomycota","c__Sordariomycetes",NA,NA,NA,NA,"negative"
"Pityogenes hopkinsi","ASV_14630",-2.58200878235267,0.009,0.0575383064516129,0.475142369263607,"Curculionidae","Scolytinae","Pityogenes","Pityogenes hopkinsi","k__Fungi","p__Basidiomycota","c__Agaricomycetes","o__Russulales","f__Peniophoraceae","g__Peniophora","s__cinerea","negative"
"Pityogenes hopkinsi","ASV_14682",-2.34885111214226,0.009,0.0575383064516129,0.475142369263607,"Curculionidae","Scolytinae","Pityogenes","Pityogenes hopkinsi","k__Fungi","p__Ascomycota","c__Sordariomycetes","o__Diaporthales","f__Gnomoniaceae","g__Gnomoniaceae_gen_Incertae_sedis",NA,"negative"
"Pityogenes hopkinsi","ASV_15098",-2.38891846440008,0.009,0.0575383064516129,0.475142369263607,"Curculionidae","Scolytinae","Pityogenes","Pityogenes hopkinsi","k__Fungi","p__Basidiomycota","c__Agaricomycetes","o__Russulales","f__Peniophoraceae","g__Peniophoraceae_gen_Incertae_sedis",NA,"negative"
"Pityogenes hopkinsi","ASV_15146",-2.68884415024665,0.009,0.0575383064516129,0.475142369263607,"Curculionidae","Scolytinae","Pityogenes","Pityogenes hopkinsi","k__Fungi","p__Basidiomycota","c__Agaricomycetes","o__Polyporales","f__Irpicaceae","g__Irpex","s__lacteus","negative"
"Pityogenes hopkinsi","ASV_15830",-2.24996038209294,0.009,0.0575383064516129,0.475142369263607,"Curculionidae","Scolytinae","Pityogenes","Pityogenes hopkinsi","k__Fungi","p__Ascomycota","c__Dothideomycetes","o__Dothideales",NA,NA,NA,"negative"
"Pityogenes hopkinsi","ASV_16500",-2.71940921981892,0.009,0.0575383064516129,0.475142369263607,"Curculionidae","Scolytinae","Pityogenes","Pityogenes hopkinsi","k__Fungi","p__Ascomycota","c__Sordariomycetes","o__Xylariales","f__Amphisphaeriaceae","g__Monochaetia",NA,"negative"
"Pityogenes hopkinsi","ASV_17184",-2.8233672343738,0.009,0.0575383064516129,0.475142369263607,"Curculionidae","Scolytinae","Pityogenes","Pityogenes hopkinsi","k__Fungi","p__Ascomycota","c__Dothideomycetes","o__Mycosphaerellales","f__Teratosphaeriaceae",NA,NA,"negative"
"Pityogenes hopkinsi","ASV_18030",-2.6481452961614,0.009,0.0575383064516129,0.475142369263607,"Curculionidae","Scolytinae","Pityogenes","Pityogenes hopkinsi","k__Fungi","p__Ascomycota","c__Dothideomycetes","o__Dothideales",NA,NA,NA,"negative"
"Pityogenes hopkinsi","ASV_18462",-2.80959816382387,0.009,0.0575383064516129,0.475142369263607,"Curculionidae","Scolytinae","Pityogenes","Pityogenes hopkinsi","k__Fungi","p__Ascomycota","c__Dothideomycetes",NA,NA,NA,NA,"negative"
"Pityogenes hopkinsi","ASV_18871",-2.84757039419859,0.009,0.0575383064516129,0.475142369263607,"Curculionidae","Scolytinae","Pityogenes","Pityogenes hopkinsi","k__Fungi","p__Ascomycota","c__Dothideomycetes","o__Pleosporales","f__Lindgomycetaceae","g__Lindgomycetaceae_gen_Incertae_sedis",NA,"negative"
"Pityogenes hopkinsi","ASV_19029",-2.46718317949836,0.009,0.0575383064516129,0.475142369263607,"Curculionidae","Scolytinae","Pityogenes","Pityogenes hopkinsi","k__Fungi","p__Basidiomycota","c__Exobasidiomycetes","o__Entylomatales","f__Entylomataceae","g__Tilletiopsis","s__lilacina","negative"
"Pityogenes hopkinsi","ASV_20141",-2.41878017624471,0.009,0.0575383064516129,0.475142369263607,"Curculionidae","Scolytinae","Pityogenes","Pityogenes hopkinsi","k__Fungi","p__Ascomycota","c__Dothideomycetes","o__Mycosphaerellales","f__Mycosphaerellaceae",NA,NA,"negative"
"Pityogenes hopkinsi","ASV_21230",-2.36348799357878,0.009,0.0575383064516129,0.475142369263607,"Curculionidae","Scolytinae","Pityogenes","Pityogenes hopkinsi","k__Fungi","p__Ascomycota","c__Dothideomycetes","o__Dothideales","f__Dothioraceae","g__Dothiora",NA,"negative"
"Pityogenes hopkinsi","ASV_21485",-3.89247161662339,0.009,0.0575383064516129,0.475142369263607,"Curculionidae","Scolytinae","Pityogenes","Pityogenes hopkinsi","k__Fungi","p__Ascomycota",NA,NA,NA,NA,NA,"negative"
"Pityogenes hopkinsi","ASV_22577",-2.97542804695415,0.009,0.0575383064516129,0.475142369263607,"Curculionidae","Scolytinae","Pityogenes","Pityogenes hopkinsi","k__Fungi","p__Ascomycota","c__Dothideomycetes","o__Capnodiales","f__Cladosporiaceae","g__Rachicladosporium","s__cboliae","negative"
"Pityogenes hopkinsi","ASV_23639",-2.60464933726623,0.009,0.0575383064516129,0.475142369263607,"Curculionidae","Scolytinae","Pityogenes","Pityogenes hopkinsi","k__Fungi","p__Ascomycota","c__Dothideomycetes","o__Dothideales","f__Dothideaceae","g__Rhizosphaera",NA,"negative"
"Pityogenes hopkinsi","ASV_100",2.18239878629467,0.01,0.0601707779886148,0.486215844309023,"Curculionidae","Scolytinae","Pityogenes","Pityogenes hopkinsi","k__Fungi","p__Ascomycota","c__Saccharomycetes","o__Saccharomycetales","f__Debaryomycetaceae","g__Yamadazyma","s__mexicana","positive"
"Pityogenes hopkinsi","ASV_108",2.60944367725728,0.01,0.0601707779886148,0.486215844309023,"Curculionidae","Scolytinae","Pityogenes","Pityogenes hopkinsi","k__Fungi","p__Basidiomycota","c__Agaricomycetes","o__Polyporales","f__Irpicaceae","g__Irpex","s__lacteus","positive"
"Pityogenes hopkinsi","ASV_200",2.08905998409278,0.01,0.0601707779886148,0.486215844309023,"Curculionidae","Scolytinae","Pityogenes","Pityogenes hopkinsi","k__Fungi","p__Ascomycota","c__Leotiomycetes","o__Helotiales","f__Helotiales_fam_Incertae_sedis","g__Chalara",NA,"positive"
"Pityogenes hopkinsi","ASV_229",4.46126024242576,0.01,0.0601707779886148,0.486215844309023,"Curculionidae","Scolytinae","Pityogenes","Pityogenes hopkinsi","k__Fungi","p__Ascomycota","c__Saccharomycetes","o__Saccharomycetales","f__Debaryomycetaceae","g__Yamadazyma","s__scolyti","positive"
"Pityogenes hopkinsi","ASV_347",-2.21490058591391,0.01,0.0601707779886148,0.486215844309023,"Curculionidae","Scolytinae","Pityogenes","Pityogenes hopkinsi","k__Fungi","p__Ascomycota","c__Dothideomycetes","o__Dothideales","f__Saccotheciaceae","g__Aureobasidium","s__pullulans","negative"
"Pityogenes hopkinsi","ASV_450",2.48038456265989,0.01,0.0601707779886148,0.486215844309023,"Curculionidae","Scolytinae","Pityogenes","Pityogenes hopkinsi","k__Fungi","p__Basidiomycota","c__Agaricomycetes","o__Hymenochaetales","f__Hymenochaetales_fam_Incertae_sedis","g__Trichaptum","s__biforme","positive"
"Pityogenes hopkinsi","ASV_459",2.65679563418658,0.01,0.0601707779886148,0.486215844309023,"Curculionidae","Scolytinae","Pityogenes","Pityogenes hopkinsi","k__Fungi","p__Ascomycota","c__Lecanoromycetes","o__Ostropales","f__Spirographaceae","g__Spirographa","s__fusisporella","positive"
"Pityogenes hopkinsi","ASV_780",3.57319752909498,0.01,0.0601707779886148,0.486215844309023,"Curculionidae","Scolytinae","Pityogenes","Pityogenes hopkinsi","k__Fungi","p__Ascomycota","c__Leotiomycetes","o__Phacidiales","f__Phacidiaceae","g__Phacidium","s__lacerum","positive"
"Pityogenes hopkinsi","ASV_1135",-2.11586760382146,0.01,0.0601707779886148,0.486215844309023,"Curculionidae","Scolytinae","Pityogenes","Pityogenes hopkinsi","k__Fungi","p__Ascomycota",NA,NA,NA,NA,NA,"negative"
"Pityogenes hopkinsi","ASV_1322",2.41721256671771,0.01,0.0601707779886148,0.486215844309023,"Curculionidae","Scolytinae","Pityogenes","Pityogenes hopkinsi","k__Fungi","p__Ascomycota","c__Leotiomycetes",NA,NA,NA,NA,"positive"
"Pityogenes hopkinsi","ASV_1460",-2.46592162605639,0.01,0.0601707779886148,0.486215844309023,"Curculionidae","Scolytinae","Pityogenes","Pityogenes hopkinsi","k__Fungi","p__Basidiomycota","c__Exobasidiomycetes","o__Microstromatales","f__Microstromatales_fam_Incertae_sedis","g__Pseudomicrostroma",NA,"negative"
"Pityogenes hopkinsi","ASV_1886",-1.94241634740207,0.01,0.0601707779886148,0.486215844309023,"Curculionidae","Scolytinae","Pityogenes","Pityogenes hopkinsi","k__Fungi","p__Ascomycota","c__Eurotiomycetes","o__Chaetothyriales","f__Herpotrichiellaceae","g__Melanchlenus",NA,"negative"
"Pityogenes hopkinsi","ASV_2277",-1.93445446127199,0.01,0.0601707779886148,0.486215844309023,"Curculionidae","Scolytinae","Pityogenes","Pityogenes hopkinsi","k__Fungi","p__Ascomycota","c__Leotiomycetes","o__Helotiales","f__Mollisiaceae","g__Phialocephala",NA,"negative"
"Pityogenes hopkinsi","ASV_2558",3.53267507227853,0.01,0.0601707779886148,0.486215844309023,"Curculionidae","Scolytinae","Pityogenes","Pityogenes hopkinsi","k__Fungi",NA,NA,NA,NA,NA,NA,"positive"
"Pityogenes hopkinsi","ASV_2834",2.7707026364044,0.01,0.0601707779886148,0.486215844309023,"Curculionidae","Scolytinae","Pityogenes","Pityogenes hopkinsi","k__Fungi","p__Ascomycota","c__Sordariomycetes","o__Togniniales","f__Togniniaceae","g__Phaeoacremonium","s__angustius","positive"
"Pityogenes hopkinsi","ASV_3422",3.52015322307863,0.01,0.0601707779886148,0.486215844309023,"Curculionidae","Scolytinae","Pityogenes","Pityogenes hopkinsi","k__Fungi","p__Ascomycota","c__Eurotiomycetes","o__Coryneliales","f__Coryneliaceae","g__Caliciopsis","s__pinea","positive"
"Pityogenes hopkinsi","ASV_3658",2.98033274724869,0.01,0.0601707779886148,0.486215844309023,"Curculionidae","Scolytinae","Pityogenes","Pityogenes hopkinsi","k__Fungi","p__Ascomycota","c__Dothideomycetes","o__Pleosporales","f__Lophiotremataceae","g__Atrocalyx",NA,"positive"
"Pityogenes hopkinsi","ASV_3693",2.6629697362204,0.01,0.0601707779886148,0.486215844309023,"Curculionidae","Scolytinae","Pityogenes","Pityogenes hopkinsi","k__Fungi","p__Basidiomycota","c__Agaricomycetes","o__Polyporales","f__Irpicaceae","g__Irpex","s__lacteus","positive"
"Pityogenes hopkinsi","ASV_3819",2.87076739235948,0.01,0.0601707779886148,0.486215844309023,"Curculionidae","Scolytinae","Pityogenes","Pityogenes hopkinsi","k__Fungi","p__Ascomycota","c__Taphrinomycetes","o__Taphrinales","f__Taphrinaceae","g__Taphrina",NA,"positive"
"Pityogenes hopkinsi","ASV_3882",2.64651365839524,0.01,0.0601707779886148,0.486215844309023,"Curculionidae","Scolytinae","Pityogenes","Pityogenes hopkinsi","k__Fungi","p__Ascomycota","c__Dothideomycetes",NA,NA,NA,NA,"positive"
"Pityogenes hopkinsi","ASV_4041",3.41649691285439,0.01,0.0601707779886148,0.486215844309023,"Curculionidae","Scolytinae","Pityogenes","Pityogenes hopkinsi","k__Fungi","p__Ascomycota","c__Dothideomycetes","o__Mycosphaerellales","f__Mycosphaerellaceae","g__Mycosphaerella","s__latebrosa","positive"
"Pityogenes hopkinsi","ASV_4918",-1.54064538739739,0.01,0.0601707779886148,0.486215844309023,"Curculionidae","Scolytinae","Pityogenes","Pityogenes hopkinsi","k__Fungi","p__Ascomycota","c__Lecanoromycetes",NA,NA,NA,NA,"negative"
"Pityogenes hopkinsi","ASV_5070",-2.40750962477162,0.01,0.0601707779886148,0.486215844309023,"Curculionidae","Scolytinae","Pityogenes","Pityogenes hopkinsi","k__Fungi","p__Basidiomycota","c__Tremellomycetes","o__Tremellales","f__Bulleraceae","g__Genolevuria",NA,"negative"
"Pityogenes hopkinsi","ASV_5102",-2.37627122044862,0.01,0.0601707779886148,0.486215844309023,"Curculionidae","Scolytinae","Pityogenes","Pityogenes hopkinsi","k__Fungi","p__Ascomycota","c__Dothideomycetes","o__Capnodiales","f__Neoantennariellaceae","g__Cippumomyces","s__mortalis","negative"
"Pityogenes hopkinsi","ASV_5213",-2.94838794659996,0.01,0.0601707779886148,0.486215844309023,"Curculionidae","Scolytinae","Pityogenes","Pityogenes hopkinsi","k__Fungi","p__Ascomycota","c__Sordariomycetes","o__Xylariales","f__Graphostromataceae","g__Biscogniauxia",NA,"negative"
"Pityogenes hopkinsi","ASV_5276",-3.14608007946722,0.01,0.0601707779886148,0.486215844309023,"Curculionidae","Scolytinae","Pityogenes","Pityogenes hopkinsi","k__Fungi","p__Ascomycota","c__Sordariomycetes","o__Hypocreales","f__Cylindriaceae","g__Cylindrium","s__corymbiae","negative"
"Pityogenes hopkinsi","ASV_5655",-2.47513598482461,0.01,0.0601707779886148,0.486215844309023,"Curculionidae","Scolytinae","Pityogenes","Pityogenes hopkinsi","k__Fungi","p__Ascomycota","c__Dothideomycetes","o__Dothideales","f__Saccotheciaceae","g__Aureobasidium","s__pullulans","negative"
"Pityogenes hopkinsi","ASV_5940",-1.81564486355025,0.01,0.0601707779886148,0.486215844309023,"Curculionidae","Scolytinae","Pityogenes","Pityogenes hopkinsi","k__Fungi","p__Ascomycota","c__Eurotiomycetes","o__Ascosphaerales","f__Ascosphaeraceae","g__Ascosphaera",NA,"negative"
"Pityogenes hopkinsi","ASV_5947",-1.74381320111533,0.01,0.0601707779886148,0.486215844309023,"Curculionidae","Scolytinae","Pityogenes","Pityogenes hopkinsi","k__Fungi","p__Ascomycota","c__Dothideomycetes","o__Mycosphaerellales","f__Teratosphaeriaceae",NA,NA,"negative"
"Pityogenes hopkinsi","ASV_6042",-1.89400632962162,0.01,0.0601707779886148,0.486215844309023,"Curculionidae","Scolytinae","Pityogenes","Pityogenes hopkinsi","k__Fungi","p__Ascomycota","c__Leotiomycetes","o__Helotiales","f__Helotiales_fam_Incertae_sedis","g__Cryptocline","s__arctostaphyli","negative"
"Pityogenes hopkinsi","ASV_6188",2.93717328560431,0.01,0.0601707779886148,0.486215844309023,"Curculionidae","Scolytinae","Pityogenes","Pityogenes hopkinsi","k__Fungi","p__Ascomycota","c__Eurotiomycetes","o__Verrucariales","f__Verrucariaceae","g__Verrucariaceae_gen_Incertae_sedis",NA,"positive"
"Pityogenes hopkinsi","ASV_6362",-3.03970940526477,0.01,0.0601707779886148,0.486215844309023,"Curculionidae","Scolytinae","Pityogenes","Pityogenes hopkinsi","k__Fungi","p__Ascomycota","c__Dothideomycetes","o__Pleosporales","f__Cucurbitariaceae","g__Pyrenochaetopsis","s__microspora","negative"
"Pityogenes hopkinsi","ASV_6974",-2.96063490725228,0.01,0.0601707779886148,0.486215844309023,"Curculionidae","Scolytinae","Pityogenes","Pityogenes hopkinsi","k__Fungi","p__Basidiomycota","c__Agaricomycetes","o__Polyporales","f__Steccherinaceae","g__Steccherinum","s__tenuissimum","negative"
"Pityogenes hopkinsi","ASV_7712",-2.56995191600988,0.01,0.0601707779886148,0.486215844309023,"Curculionidae","Scolytinae","Pityogenes","Pityogenes hopkinsi","k__Fungi","p__Basidiomycota","c__Tremellomycetes","o__Tremellales","f__Carcinomycetaceae","g__Carcinomycetaceae_gen_Incertae_sedis",NA,"negative"
"Pityogenes hopkinsi","ASV_7782",-2.56639184391423,0.01,0.0601707779886148,0.486215844309023,"Curculionidae","Scolytinae","Pityogenes","Pityogenes hopkinsi","k__Fungi","p__Basidiomycota","c__Tremellomycetes","o__Tremellales","f__Tremellaceae","g__Tremella","s__encephala","negative"
"Pityogenes hopkinsi","ASV_7981",-2.21311264464925,0.01,0.0601707779886148,0.486215844309023,"Curculionidae","Scolytinae","Pityogenes","Pityogenes hopkinsi","k__Fungi","p__Ascomycota","c__Taphrinomycetes","o__Taphrinales","f__Taphrinaceae","g__Taphrina",NA,"negative"
"Pityogenes hopkinsi","ASV_8885",-2.72308123750927,0.01,0.0601707779886148,0.486215844309023,"Curculionidae","Scolytinae","Pityogenes","Pityogenes hopkinsi","k__Fungi","p__Ascomycota","c__Dothideomycetes","o__Dothideales","f__Dothioraceae","g__Hormonema","s__macrosporum","negative"
"Pityogenes hopkinsi","ASV_8980",-3.14997997027703,0.01,0.0601707779886148,0.486215844309023,"Curculionidae","Scolytinae","Pityogenes","Pityogenes hopkinsi","k__Fungi","p__Ascomycota","c__Dothideomycetes","o__Dothideales",NA,NA,NA,"negative"
"Pityogenes hopkinsi","ASV_9272",-2.29862816626163,0.01,0.0601707779886148,0.486215844309023,"Curculionidae","Scolytinae","Pityogenes","Pityogenes hopkinsi","k__Fungi",NA,NA,NA,NA,NA,NA,"negative"
"Pityogenes hopkinsi","ASV_9575",-3.13900608062544,0.01,0.0601707779886148,0.486215844309023,"Curculionidae","Scolytinae","Pityogenes","Pityogenes hopkinsi","k__Fungi","p__Basidiomycota","c__Exobasidiomycetes","o__Microstromatales","f__Microstromatales_fam_Incertae_sedis","g__Pseudomicrostroma",NA,"negative"
"Pityogenes hopkinsi","ASV_9583",-3.0891924500778,0.01,0.0601707779886148,0.486215844309023,"Curculionidae","Scolytinae","Pityogenes","Pityogenes hopkinsi","k__Fungi","p__Ascomycota","c__Sordariomycetes","o__Diaporthales","f__Valsaceae","g__Valsa",NA,"negative"
"Pityogenes hopkinsi","ASV_10932",-2.65641284489315,0.01,0.0601707779886148,0.486215844309023,"Curculionidae","Scolytinae","Pityogenes","Pityogenes hopkinsi","k__Fungi","p__Ascomycota","c__Dothideomycetes","o__Pleosporales","f__Phaeosphaeriaceae",NA,NA,"negative"
"Pityogenes hopkinsi","ASV_11372",-2.66924129065378,0.01,0.0601707779886148,0.486215844309023,"Curculionidae","Scolytinae","Pityogenes","Pityogenes hopkinsi","k__Fungi","p__Ascomycota","c__Dothideomycetes","o__Pleosporales","f__Didymellaceae","g__Phoma","s__aloes","negative"
"Pityogenes hopkinsi","ASV_11732",-2.3285060349723,0.01,0.0601707779886148,0.486215844309023,"Curculionidae","Scolytinae","Pityogenes","Pityogenes hopkinsi","k__Fungi","p__Ascomycota","c__Sordariomycetes","o__Hypocreales","f__Nectriaceae","g__Fusarium","s__avenaceum","negative"
"Pityogenes hopkinsi","ASV_12734",-2.09868321561468,0.01,0.0601707779886148,0.486215844309023,"Curculionidae","Scolytinae","Pityogenes","Pityogenes hopkinsi","k__Fungi","p__Basidiomycota","c__Agaricomycetes","o__Corticiales","f__Corticiaceae","g__Mycobernardia","s__incrustans","negative"
"Pityogenes hopkinsi","ASV_12928",-2.64515411223557,0.01,0.0601707779886148,0.486215844309023,"Curculionidae","Scolytinae","Pityogenes","Pityogenes hopkinsi","k__Fungi",NA,NA,NA,NA,NA,NA,"negative"
"Pityogenes hopkinsi","ASV_14555",-2.14434080079283,0.01,0.0601707779886148,0.486215844309023,"Curculionidae","Scolytinae","Pityogenes","Pityogenes hopkinsi","k__Fungi","p__Basidiomycota","c__Tremellomycetes","o__Tremellales","f__Bulleraceae","g__Genolevuria",NA,"negative"
"Pityogenes hopkinsi","ASV_15471",-2.42822296142704,0.01,0.0601707779886148,0.486215844309023,"Curculionidae","Scolytinae","Pityogenes","Pityogenes hopkinsi","k__Fungi","p__Ascomycota",NA,NA,NA,NA,NA,"negative"
"Pityogenes hopkinsi","ASV_15559",-2.6245355426374,0.01,0.0601707779886148,0.486215844309023,"Curculionidae","Scolytinae","Pityogenes","Pityogenes hopkinsi","k__Fungi","p__Basidiomycota","c__Tremellomycetes","o__Tremellales","f__Rhynchogastremataceae","g__Papiliotrema","s__flavescens","negative"
"Pityogenes hopkinsi","ASV_16734",-2.18664747730106,0.01,0.0601707779886148,0.486215844309023,"Curculionidae","Scolytinae","Pityogenes","Pityogenes hopkinsi","k__Fungi","p__Chytridiomycota","c__Spizellomycetes","o__Spizellomycetales","f__Spizellomycetales_fam_Incertae_sedis","g__Spizellomycetales_gen_Incertae_sedis",NA,"negative"
"Pityogenes hopkinsi","ASV_17504",-2.59442656586121,0.01,0.0601707779886148,0.486215844309023,"Curculionidae","Scolytinae","Pityogenes","Pityogenes hopkinsi","k__Fungi","p__Basidiomycota","c__Dacrymycetes","o__Dacrymycetales","f__Dacrymycetaceae","g__Dacrymyces","s__chrysospermus","negative"
"Pityogenes hopkinsi","ASV_18535",-2.16174079394155,0.01,0.0601707779886148,0.486215844309023,"Curculionidae","Scolytinae","Pityogenes","Pityogenes hopkinsi","k__Fungi","p__Ascomycota","c__Leotiomycetes",NA,NA,NA,NA,"negative"
"Pityogenes hopkinsi","ASV_20266",-2.78752098116033,0.01,0.0601707779886148,0.486215844309023,"Curculionidae","Scolytinae","Pityogenes","Pityogenes hopkinsi","k__Fungi","p__Basidiomycota","c__Exobasidiomycetes","o__Microstromatales","f__Microstromatales_fam_Incertae_sedis","g__Pseudomicrostroma",NA,"negative"
"Pityogenes hopkinsi","ASV_20518",-3.06415949839604,0.01,0.0601707779886148,0.486215844309023,"Curculionidae","Scolytinae","Pityogenes","Pityogenes hopkinsi","k__Fungi","p__Basidiomycota","c__Microbotryomycetes","o__Sporidiobolales","f__Sporidiobolaceae","g__Sporobolomyces","s__cellobiolyticus","negative"
"Pityogenes hopkinsi","ASV_21809",-2.74960171459992,0.01,0.0601707779886148,0.486215844309023,"Curculionidae","Scolytinae","Pityogenes","Pityogenes hopkinsi","k__Fungi","p__Ascomycota","c__Dothideomycetes","o__Myriangiales","f__Elsinoaceae","g__Elsinoaceae_gen_Incertae_sedis",NA,"negative"
"Pityogenes hopkinsi","ASV_22583",-2.96965326863564,0.01,0.0601707779886148,0.486215844309023,"Curculionidae","Scolytinae","Pityogenes","Pityogenes hopkinsi","k__Fungi","p__Ascomycota","c__Dothideomycetes","o__Dothideales","f__Dothideaceae",NA,NA,"negative"
"Pityogenes hopkinsi","ASV_22936",-3.04284620611903,0.01,0.0601707779886148,0.486215844309023,"Curculionidae","Scolytinae","Pityogenes","Pityogenes hopkinsi","k__Fungi","p__Ascomycota","c__Dothideomycetes","o__Dothideales","f__Saccotheciaceae","g__Aureobasidium",NA,"negative"
"Pityogenes hopkinsi","ASV_22977",-3.23362506150842,0.01,0.0601707779886148,0.486215844309023,"Curculionidae","Scolytinae","Pityogenes","Pityogenes hopkinsi","k__Fungi","p__Ascomycota","c__Leotiomycetes","o__Helotiales","f__Dermateaceae","g__Neofabraea","s__actinidiae","negative"
"Pityogenes hopkinsi","ASV_24332",-2.46349625527763,0.01,0.0601707779886148,0.486215844309023,"Curculionidae","Scolytinae","Pityogenes","Pityogenes hopkinsi","k__Fungi","p__Basidiomycota","c__Agaricomycetes","o__Polyporales","f__Fomitopsidaceae","g__Fomitopsis","s__rosea","negative"
"Pityogenes hopkinsi","ASV_24896",-3.17227620173189,0.01,0.0601707779886148,0.486215844309023,"Curculionidae","Scolytinae","Pityogenes","Pityogenes hopkinsi","k__Fungi","p__Ascomycota","c__Dothideomycetes","o__Pleosporales","f__Didymosphaeriaceae","g__Spegazzinia","s__radermacherae","negative"
"Pityogenes hopkinsi","ASV_28914",-2.96660086827387,0.01,0.0601707779886148,0.486215844309023,"Curculionidae","Scolytinae","Pityogenes","Pityogenes hopkinsi","k__Fungi","p__Ascomycota","c__Eurotiomycetes","o__Chaetothyriales","f__Herpotrichiellaceae","g__Fonsecaea",NA,"negative"
"Pityogenes hopkinsi","ASV_29909",-2.94667933974881,0.01,0.0601707779886148,0.486215844309023,"Curculionidae","Scolytinae","Pityogenes","Pityogenes hopkinsi","k__Fungi","p__Basidiomycota","c__Microbotryomycetes","o__Microbotryomycetes_ord_Incertae_sedis","f__Chrysozymaceae","g__Chrysozyma",NA,"negative"
"Pityogenes hopkinsi","ASV_143",-2.22966410689329,0.011,0.0629053201082056,0.494136941518344,"Curculionidae","Scolytinae","Pityogenes","Pityogenes hopkinsi","k__Fungi","p__Ascomycota","c__Dothideomycetes","o__Pleosporales","f__Didymellaceae","g__Neoascochyta","s__rosicola","negative"
"Pityogenes hopkinsi","ASV_376",3.15857703217979,0.011,0.0629053201082056,0.494136941518344,"Curculionidae","Scolytinae","Pityogenes","Pityogenes hopkinsi","k__Fungi","p__Ascomycota","c__Leotiomycetes","o__Rhytismatales","f__Rhytismataceae","g__Coccomyces","s__triangularis","positive"
"Pityogenes hopkinsi","ASV_485",2.36186664804464,0.011,0.0629053201082056,0.494136941518344,"Curculionidae","Scolytinae","Pityogenes","Pityogenes hopkinsi","k__Fungi","p__Basidiomycota","c__Agaricomycetes","o__Russulales","f__Peniophoraceae","g__Peniophora","s__cinerea","positive"
"Pityogenes hopkinsi","ASV_1587",-1.69143129174319,0.011,0.0629053201082056,0.494136941518344,"Curculionidae","Scolytinae","Pityogenes","Pityogenes hopkinsi","k__Fungi","p__Ascomycota","c__Saccharomycetes","o__Saccharomycetales","f__Debaryomycetaceae","g__Scheffersomyces","s__shehatae","negative"
"Pityogenes hopkinsi","ASV_2108",-2.61539073489011,0.011,0.0629053201082056,0.494136941518344,"Curculionidae","Scolytinae","Pityogenes","Pityogenes hopkinsi","k__Fungi",NA,NA,NA,NA,NA,NA,"negative"
"Pityogenes hopkinsi","ASV_2153",3.6228688948928,0.011,0.0629053201082056,0.494136941518344,"Curculionidae","Scolytinae","Pityogenes","Pityogenes hopkinsi","k__Fungi","p__Basidiomycota","c__Agaricomycetes","o__Polyporales","f__Phanerochaetaceae","g__Phlebiopsis","s__gigantea","positive"
"Pityogenes hopkinsi","ASV_2403",-2.64149652470837,0.011,0.0629053201082056,0.494136941518344,"Curculionidae","Scolytinae","Pityogenes","Pityogenes hopkinsi","k__Fungi","p__Ascomycota","c__Dothideomycetes","o__Pleosporales","f__Lentitheciaceae","g__Lentitheciaceae_gen_Incertae_sedis",NA,"negative"
"Pityogenes hopkinsi","ASV_2547",2.63666801929604,0.011,0.0629053201082056,0.494136941518344,"Curculionidae","Scolytinae","Pityogenes","Pityogenes hopkinsi","k__Fungi","p__Ascomycota","c__Sordariomycetes","o__Calosphaeriales","f__Calosphaeriaceae","g__Jattaea","s__taediosa","positive"
"Pityogenes hopkinsi","ASV_2732",2.43761737312723,0.011,0.0629053201082056,0.494136941518344,"Curculionidae","Scolytinae","Pityogenes","Pityogenes hopkinsi","k__Fungi","p__Ascomycota","c__Leotiomycetes","o__Helotiales","f__Sclerotiniaceae","g__Myriosclerotinia","s__duriaeana","positive"
"Pityogenes hopkinsi","ASV_2827",3.6820222719704,0.011,0.0629053201082056,0.494136941518344,"Curculionidae","Scolytinae","Pityogenes","Pityogenes hopkinsi","k__Fungi","p__Ascomycota",NA,NA,NA,NA,NA,"positive"
"Pityogenes hopkinsi","ASV_2832",-2.87149126248897,0.011,0.0629053201082056,0.494136941518344,"Curculionidae","Scolytinae","Pityogenes","Pityogenes hopkinsi","k__Fungi","p__Ascomycota","c__Dothideomycetes","o__Pleosporales","f__Cucurbitariaceae","g__Parafenestella","s__austriaca","negative"
"Pityogenes hopkinsi","ASV_2920",2.51049612682194,0.011,0.0629053201082056,0.494136941518344,"Curculionidae","Scolytinae","Pityogenes","Pityogenes hopkinsi","k__Fungi","p__Ascomycota","c__Arthoniomycetes","o__Lichenostigmatales","f__Lichenostigmatales_fam_Incertae_sedis","g__Lichenostigmatales_gen_Incertae_sedis",NA,"positive"
"Pityogenes hopkinsi","ASV_2980",2.93782665139787,0.011,0.0629053201082056,0.494136941518344,"Curculionidae","Scolytinae","Pityogenes","Pityogenes hopkinsi","k__Fungi","p__Basidiomycota","c__Agaricomycetes","o__Polyporales","f__Phanerochaetaceae","g__Bjerkandera","s__adusta","positive"
"Pityogenes hopkinsi","ASV_3024",3.40058876075165,0.011,0.0629053201082056,0.494136941518344,"Curculionidae","Scolytinae","Pityogenes","Pityogenes hopkinsi","k__Fungi","p__Ascomycota","c__Leotiomycetes","o__Rhytismatales","f__Rhytismataceae","g__Lophodermium","s__macci","positive"
"Pityogenes hopkinsi","ASV_3107",3.835355739103,0.011,0.0629053201082056,0.494136941518344,"Curculionidae","Scolytinae","Pityogenes","Pityogenes hopkinsi","k__Fungi","p__Ascomycota","c__Leotiomycetes","o__Rhytismatales","f__Rhytismataceae","g__Bifusella","s__linearis","positive"
"Pityogenes hopkinsi","ASV_3164",-2.74707254335273,0.011,0.0629053201082056,0.494136941518344,"Curculionidae","Scolytinae","Pityogenes","Pityogenes hopkinsi","k__Fungi","p__Ascomycota","c__Arthoniomycetes","o__Arthoniales","f__Chrysotrichaceae","g__Chrysothrix",NA,"negative"
"Pityogenes hopkinsi","ASV_3546",-2.46234050545511,0.011,0.0629053201082056,0.494136941518344,"Curculionidae","Scolytinae","Pityogenes","Pityogenes hopkinsi","k__Fungi","p__Ascomycota","c__Dothideomycetes","o__Pleosporales","f__Didymosphaeriaceae","g__Letendraea",NA,"negative"
"Pityogenes hopkinsi","ASV_3913",-2.84208564361826,0.011,0.0629053201082056,0.494136941518344,"Curculionidae","Scolytinae","Pityogenes","Pityogenes hopkinsi","k__Fungi","p__Ascomycota","c__Leotiomycetes","o__Helotiales","f__Chaetomellaceae","g__Pilidium",NA,"negative"
"Pityogenes hopkinsi","ASV_4463",-2.86064107379698,0.011,0.0629053201082056,0.494136941518344,"Curculionidae","Scolytinae","Pityogenes","Pityogenes hopkinsi","k__Fungi","p__Basidiomycota","c__Tremellomycetes","o__Trichosporonales","f__Trichosporonaceae","g__Pascua","s__guehoae","negative"
"Pityogenes hopkinsi","ASV_4612",-2.29266482309099,0.011,0.0629053201082056,0.494136941518344,"Curculionidae","Scolytinae","Pityogenes","Pityogenes hopkinsi","k__Fungi","p__Ascomycota","c__Dothideomycetes","o__Dothideales","f__Dothideaceae",NA,NA,"negative"
"Pityogenes hopkinsi","ASV_5728",3.746772771731,0.011,0.0629053201082056,0.494136941518344,"Curculionidae","Scolytinae","Pityogenes","Pityogenes hopkinsi","k__Fungi","p__Ascomycota","c__Sordariomycetes","o__Diaporthales","f__Valsaceae","g__Cytospora","s__populina","positive"
"Pityogenes hopkinsi","ASV_6054",-2.71803963021956,0.011,0.0629053201082056,0.494136941518344,"Curculionidae","Scolytinae","Pityogenes","Pityogenes hopkinsi","k__Fungi","p__Basidiomycota","c__Tremellomycetes","o__Filobasidiales","f__Filobasidiaceae","g__Naganishia","s__albida","negative"
"Pityogenes hopkinsi","ASV_6123",-2.38178399759205,0.011,0.0629053201082056,0.494136941518344,"Curculionidae","Scolytinae","Pityogenes","Pityogenes hopkinsi","k__Fungi","p__Ascomycota","c__Dothideomycetes","o__Dothideales",NA,NA,NA,"negative"
"Pityogenes hopkinsi","ASV_6390",-2.64949774368173,0.011,0.0629053201082056,0.494136941518344,"Curculionidae","Scolytinae","Pityogenes","Pityogenes hopkinsi","k__Fungi","p__Basidiomycota","c__Tremellomycetes","o__Tremellales","f__Bulleribasidiaceae","g__Vishniacozyma","s__dimennae","negative"
"Pityogenes hopkinsi","ASV_6786",-2.5915018365579,0.011,0.0629053201082056,0.494136941518344,"Curculionidae","Scolytinae","Pityogenes","Pityogenes hopkinsi","k__Fungi","p__Ascomycota",NA,NA,NA,NA,NA,"negative"
"Pityogenes hopkinsi","ASV_7046",-3.0999624906659,0.011,0.0629053201082056,0.494136941518344,"Curculionidae","Scolytinae","Pityogenes","Pityogenes hopkinsi","k__Fungi","p__Ascomycota",NA,NA,NA,NA,NA,"negative"
"Pityogenes hopkinsi","ASV_7129",-2.20980040184623,0.011,0.0629053201082056,0.494136941518344,"Curculionidae","Scolytinae","Pityogenes","Pityogenes hopkinsi","k__Fungi","p__Ascomycota","c__Eurotiomycetes","o__Eurotiales","f__Elaphomycetaceae","g__Elaphomyces",NA,"negative"
"Pityogenes hopkinsi","ASV_7306",3.6951054958409,0.011,0.0629053201082056,0.494136941518344,"Curculionidae","Scolytinae","Pityogenes","Pityogenes hopkinsi","k__Fungi","p__Ascomycota","c__Leotiomycetes","o__Helotiales","f__Helotiaceae","g__Claussenomyces","s__olivaceus","positive"
"Pityogenes hopkinsi","ASV_7806",-2.69286060761485,0.011,0.0629053201082056,0.494136941518344,"Curculionidae","Scolytinae","Pityogenes","Pityogenes hopkinsi","k__Fungi","p__Ascomycota",NA,NA,NA,NA,NA,"negative"
"Pityogenes hopkinsi","ASV_7880",-2.51809036239415,0.011,0.0629053201082056,0.494136941518344,"Curculionidae","Scolytinae","Pityogenes","Pityogenes hopkinsi","k__Fungi","p__Ascomycota",NA,NA,NA,NA,NA,"negative"
"Pityogenes hopkinsi","ASV_8722",-2.66547726358335,0.011,0.0629053201082056,0.494136941518344,"Curculionidae","Scolytinae","Pityogenes","Pityogenes hopkinsi","k__Fungi","p__Basidiomycota","c__Agaricomycetes","o__Polyporales","f__Meruliaceae","g__Meruliaceae_gen_Incertae_sedis",NA,"negative"
"Pityogenes hopkinsi","ASV_8948",3.24507188764165,0.011,0.0629053201082056,0.494136941518344,"Curculionidae","Scolytinae","Pityogenes","Pityogenes hopkinsi","k__Fungi","p__Ascomycota",NA,NA,NA,NA,NA,"positive"
"Pityogenes hopkinsi","ASV_9852",-2.33858072785881,0.011,0.0629053201082056,0.494136941518344,"Curculionidae","Scolytinae","Pityogenes","Pityogenes hopkinsi","k__Fungi","p__Basidiomycota","c__Atractiellomycetes","o__Atractiellales","f__Phleogenaceae","g__Helicogloea","s__burdsallii","negative"
"Pityogenes hopkinsi","ASV_11585",-2.83433786922891,0.011,0.0629053201082056,0.494136941518344,"Curculionidae","Scolytinae","Pityogenes","Pityogenes hopkinsi","k__Fungi","p__Basidiomycota","c__Tremellomycetes","o__Tremellales","f__Tremellaceae","g__Tremella","s__globispora","negative"
"Pityogenes hopkinsi","ASV_11696",-2.47253696255956,0.011,0.0629053201082056,0.494136941518344,"Curculionidae","Scolytinae","Pityogenes","Pityogenes hopkinsi","k__Fungi","p__Ascomycota","c__Leotiomycetes",NA,NA,NA,NA,"negative"
"Pityogenes hopkinsi","ASV_13038",-2.05171648068914,0.011,0.0629053201082056,0.494136941518344,"Curculionidae","Scolytinae","Pityogenes","Pityogenes hopkinsi","k__Fungi","p__Ascomycota",NA,NA,NA,NA,NA,"negative"
"Pityogenes hopkinsi","ASV_13609",-3.20943622841118,0.011,0.0629053201082056,0.494136941518344,"Curculionidae","Scolytinae","Pityogenes","Pityogenes hopkinsi","k__Fungi","p__Basidiomycota","c__Agaricomycetes","o__Hymenochaetales","f__Schizoporaceae","g__Oxyporus","s__corticola","negative"
"Pityogenes hopkinsi","ASV_14947",-2.76635233881132,0.011,0.0629053201082056,0.494136941518344,"Curculionidae","Scolytinae","Pityogenes","Pityogenes hopkinsi","k__Fungi",NA,NA,NA,NA,NA,NA,"negative"
"Pityogenes hopkinsi","ASV_15835",-1.79292525167185,0.011,0.0629053201082056,0.494136941518344,"Curculionidae","Scolytinae","Pityogenes","Pityogenes hopkinsi","k__Fungi","p__Ascomycota","c__Leotiomycetes","o__Helotiales",NA,NA,NA,"negative"
"Pityogenes hopkinsi","ASV_16122",-2.97819493647378,0.011,0.0629053201082056,0.494136941518344,"Curculionidae","Scolytinae","Pityogenes","Pityogenes hopkinsi","k__Fungi","p__Basidiomycota","c__Agaricomycetes","o__Russulales","f__Peniophoraceae","g__Peniophora",NA,"negative"
"Pityogenes hopkinsi","ASV_16140",-2.53231873739834,0.011,0.0629053201082056,0.494136941518344,"Curculionidae","Scolytinae","Pityogenes","Pityogenes hopkinsi","k__Fungi","p__Basidiomycota","c__Cystobasidiomycetes","o__Erythrobasidiales","f__Erythrobasidiaceae","g__Erythrobasidium",NA,"negative"
"Pityogenes hopkinsi","ASV_16530",-2.0335708166988,0.011,0.0629053201082056,0.494136941518344,"Curculionidae","Scolytinae","Pityogenes","Pityogenes hopkinsi","k__Fungi","p__Ascomycota","c__Eurotiomycetes","o__Phaeomoniellales","f__Phaeomoniellaceae","g__Moristroma","s__quercinum","negative"
"Pityogenes hopkinsi","ASV_17939",-2.55344349396208,0.011,0.0629053201082056,0.494136941518344,"Curculionidae","Scolytinae","Pityogenes","Pityogenes hopkinsi","k__Fungi","p__Ascomycota","c__Dothideomycetes","o__Myriangiales","f__Elsinoaceae","g__Elsinoe",NA,"negative"
"Pityogenes hopkinsi","ASV_18092",-2.8406875350076,0.011,0.0629053201082056,0.494136941518344,"Curculionidae","Scolytinae","Pityogenes","Pityogenes hopkinsi","k__Fungi","p__Ascomycota","c__Leotiomycetes","o__Helotiales","f__Helotiales_fam_Incertae_sedis","g__Cryptocline","s__arctostaphyli","negative"
"Pityogenes hopkinsi","ASV_18126",-2.16502878919214,0.011,0.0629053201082056,0.494136941518344,"Curculionidae","Scolytinae","Pityogenes","Pityogenes hopkinsi","k__Fungi","p__Ascomycota","c__Dothideomycetes","o__Dothideales","f__Saccotheciaceae","g__Aureobasidium",NA,"negative"
"Pityogenes hopkinsi","ASV_18311",-2.46263922388809,0.011,0.0629053201082056,0.494136941518344,"Curculionidae","Scolytinae","Pityogenes","Pityogenes hopkinsi","k__Fungi","p__Ascomycota","c__Dothideomycetes","o__Pleosporales","f__Massarinaceae","g__Helminthosporium",NA,"negative"
"Pityogenes hopkinsi","ASV_18982",-2.25137201832873,0.011,0.0629053201082056,0.494136941518344,"Curculionidae","Scolytinae","Pityogenes","Pityogenes hopkinsi","k__Fungi","p__Ascomycota","c__Dothideomycetes","o__Dothideales","f__Saccotheciaceae","g__Aureobasidium",NA,"negative"
"Pityogenes hopkinsi","ASV_20962",-2.38829762464385,0.011,0.0629053201082056,0.494136941518344,"Curculionidae","Scolytinae","Pityogenes","Pityogenes hopkinsi","k__Fungi","p__Basidiomycota","c__Agaricomycetes","o__Sebacinales","f__Sebacinaceae","g__Chaetospermum",NA,"negative"
"Pityogenes hopkinsi","ASV_21514",-2.45035827759866,0.011,0.0629053201082056,0.494136941518344,"Curculionidae","Scolytinae","Pityogenes","Pityogenes hopkinsi","k__Fungi","p__Ascomycota","c__Dothideomycetes","o__Hysteriales","f__Hysteriaceae",NA,NA,"negative"
"Pityogenes hopkinsi","ASV_22349",-2.48972451006538,0.011,0.0629053201082056,0.494136941518344,"Curculionidae","Scolytinae","Pityogenes","Pityogenes hopkinsi","k__Fungi","p__Ascomycota","c__Dothideomycetes","o__Dothideales","f__Saccotheciaceae","g__Aureobasidium","s__pullulans","negative"
"Pityogenes hopkinsi","ASV_23218",-2.66273965725358,0.011,0.0629053201082056,0.494136941518344,"Curculionidae","Scolytinae","Pityogenes","Pityogenes hopkinsi","k__Fungi","p__Ascomycota","c__Eurotiomycetes","o__Chaetothyriales","f__Trichomeriaceae","g__Trichomerium",NA,"negative"
"Pityogenes hopkinsi","ASV_23866",-2.39259094735554,0.011,0.0629053201082056,0.494136941518344,"Curculionidae","Scolytinae","Pityogenes","Pityogenes hopkinsi","k__Fungi",NA,NA,NA,NA,NA,NA,"negative"
"Pityogenes hopkinsi","ASV_25628",-2.36514033613454,0.011,0.0629053201082056,0.494136941518344,"Curculionidae","Scolytinae","Pityogenes","Pityogenes hopkinsi","k__Fungi","p__Ascomycota","c__Taphrinomycetes","o__Taphrinales","f__Taphrinaceae","g__Taphrina","s__pruni","negative"
"Pityogenes hopkinsi","ASV_27955",-2.29928657588221,0.011,0.0629053201082056,0.494136941518344,"Curculionidae","Scolytinae","Pityogenes","Pityogenes hopkinsi","k__Fungi","p__Ascomycota","c__Sordariomycetes","o__Diaporthales","f__Coryneaceae","g__Coryneum","s__lanciforme","negative"
"Pityogenes hopkinsi","ASV_29916",-3.05050435099333,0.011,0.0629053201082056,0.494136941518344,"Curculionidae","Scolytinae","Pityogenes","Pityogenes hopkinsi","k__Fungi","p__Ascomycota","c__Sordariomycetes","o__Sordariomycetidae_ord_Incertae_sedis","f__Rhamphoriaceae",NA,NA,"negative"
"Pityogenes hopkinsi","ASV_153",3.47993113364939,0.012,0.0665244755244755,0.502379146919431,"Curculionidae","Scolytinae","Pityogenes","Pityogenes hopkinsi","k__Fungi","p__Ascomycota","c__Dothideomycetes","o__Mytilinidiales","f__Mytilinidiaceae","g__Mytilinidion","s__insulare","positive"
"Pityogenes hopkinsi","ASV_345",2.87277126942954,0.012,0.0665244755244755,0.502379146919431,"Curculionidae","Scolytinae","Pityogenes","Pityogenes hopkinsi","k__Fungi","p__Ascomycota","c__Leotiomycetes","o__Helotiales","f__Tympanidaceae","g__Tympanis","s__piceina","positive"
"Pityogenes hopkinsi","ASV_954",-2.24387193609176,0.012,0.0665244755244755,0.502379146919431,"Curculionidae","Scolytinae","Pityogenes","Pityogenes hopkinsi","k__Fungi","p__Ascomycota","c__Dothideomycetes","o__Dothideales","f__Saccotheciaceae","g__Aureobasidium",NA,"negative"
"Pityogenes hopkinsi","ASV_979",-1.87050194327662,0.012,0.0665244755244755,0.502379146919431,"Curculionidae","Scolytinae","Pityogenes","Pityogenes hopkinsi","k__Fungi","p__Basidiomycota","c__Microbotryomycetes","o__Sporidiobolales","f__Sporidiobolaceae","g__Rhodosporidiobolus",NA,"negative"
"Pityogenes hopkinsi","ASV_1467",2.29598057188758,0.012,0.0665244755244755,0.502379146919431,"Curculionidae","Scolytinae","Pityogenes","Pityogenes hopkinsi","k__Fungi","p__Ascomycota","c__Eurotiomycetes","o__Phaeomoniellales","f__Phaeomoniellaceae","g__Moristroma","s__palatinum","positive"
"Pityogenes hopkinsi","ASV_1659",2.16079615841588,0.012,0.0665244755244755,0.502379146919431,"Curculionidae","Scolytinae","Pityogenes","Pityogenes hopkinsi","k__Fungi","p__Ascomycota","c__Pezizomycotina_cls_Incertae_sedis","o__Pezizomycotina_ord_Incertae_sedis","f__Pezizomycotina_fam_Incertae_sedis","g__Ordus","s__tribrachiatus","positive"
"Pityogenes hopkinsi","ASV_1855",2.3851494646129,0.012,0.0665244755244755,0.502379146919431,"Curculionidae","Scolytinae","Pityogenes","Pityogenes hopkinsi","k__Fungi","p__Ascomycota","c__Dothideomycetes","o__Pleosporales","f__Didymosphaeriaceae","g__Paraphaeosphaeria","s__michotii","positive"
"Pityogenes hopkinsi","ASV_1887",-2.07096636157739,0.012,0.0665244755244755,0.502379146919431,"Curculionidae","Scolytinae","Pityogenes","Pityogenes hopkinsi","k__Fungi","p__Ascomycota","c__Leotiomycetes","o__Helotiales","f__Helotiales_fam_Incertae_sedis","g__Cryptocline","s__arctostaphyli","negative"
"Pityogenes hopkinsi","ASV_2075",-2.1447741871959,0.012,0.0665244755244755,0.502379146919431,"Curculionidae","Scolytinae","Pityogenes","Pityogenes hopkinsi","k__Fungi","p__Ascomycota","c__Saccharomycetes","o__Saccharomycetales","f__Phaffomycetaceae","g__Wickerhamomyces","s__alni","negative"
"Pityogenes hopkinsi","ASV_2887",2.44978776692613,0.012,0.0665244755244755,0.502379146919431,"Curculionidae","Scolytinae","Pityogenes","Pityogenes hopkinsi","k__Fungi","p__Ascomycota",NA,NA,NA,NA,NA,"positive"
"Pityogenes hopkinsi","ASV_2967",-2.96974552117884,0.012,0.0665244755244755,0.502379146919431,"Curculionidae","Scolytinae","Pityogenes","Pityogenes hopkinsi","k__Fungi","p__Ascomycota","c__Dothideomycetes","o__Capnodiales","f__Cladosporiaceae","g__Cladosporium","s__domesticum","negative"
"Pityogenes hopkinsi","ASV_4344",-3.3359880053006,0.012,0.0665244755244755,0.502379146919431,"Curculionidae","Scolytinae","Pityogenes","Pityogenes hopkinsi","k__Fungi","p__Ascomycota",NA,NA,NA,NA,NA,"negative"
"Pityogenes hopkinsi","ASV_4352",2.65175637414405,0.012,0.0665244755244755,0.502379146919431,"Curculionidae","Scolytinae","Pityogenes","Pityogenes hopkinsi","k__Fungi","p__Ascomycota","c__Sordariomycetes","o__Xylariales","f__Diatrypaceae","g__Diatrype","s__stigma","positive"
"Pityogenes hopkinsi","ASV_4570",-2.13531977683971,0.012,0.0665244755244755,0.502379146919431,"Curculionidae","Scolytinae","Pityogenes","Pityogenes hopkinsi","k__Fungi","p__Ascomycota","c__Dothideomycetes","o__Patellariales","f__Patellariaceae","g__Rhizodiscina",NA,"negative"
"Pityogenes hopkinsi","ASV_5036",2.60459355930679,0.012,0.0665244755244755,0.502379146919431,"Curculionidae","Scolytinae","Pityogenes","Pityogenes hopkinsi","k__Fungi","p__Basidiomycota",NA,NA,NA,NA,NA,"positive"
"Pityogenes hopkinsi","ASV_5231",-2.11740024406661,0.012,0.0665244755244755,0.502379146919431,"Curculionidae","Scolytinae","Pityogenes","Pityogenes hopkinsi","k__Fungi","p__Basidiomycota","c__Agaricomycetes","o__Polyporales","f__Steccherinaceae","g__Steccherinum","s__bourdotii","negative"
"Pityogenes hopkinsi","ASV_5630",-2.59238631711258,0.012,0.0665244755244755,0.502379146919431,"Curculionidae","Scolytinae","Pityogenes","Pityogenes hopkinsi","k__Fungi","p__Basidiomycota","c__Agaricomycetes","o__Russulales","f__Peniophoraceae","g__Peniophora",NA,"negative"
"Pityogenes hopkinsi","ASV_5648",4.05976388202814,0.012,0.0665244755244755,0.502379146919431,"Curculionidae","Scolytinae","Pityogenes","Pityogenes hopkinsi","k__Fungi","p__Basidiomycota","c__Agaricomycetes","o__Hymenochaetales","f__Schizoporaceae","g__Hyphodontia","s__subalutacea","positive"
"Pityogenes hopkinsi","ASV_5657",-2.4898483245771,0.012,0.0665244755244755,0.502379146919431,"Curculionidae","Scolytinae","Pityogenes","Pityogenes hopkinsi","k__Fungi","p__Ascomycota","c__Dothideomycetes","o__Pleosporales","f__Lentitheciaceae","g__Lentitheciaceae_gen_Incertae_sedis",NA,"negative"
"Pityogenes hopkinsi","ASV_6065",-2.22234042465189,0.012,0.0665244755244755,0.502379146919431,"Curculionidae","Scolytinae","Pityogenes","Pityogenes hopkinsi","k__Fungi","p__Ascomycota","c__Sordariomycetes","o__Hypocreales","f__Cordycipitaceae","g__Beauveria","s__bassiana","negative"
"Pityogenes hopkinsi","ASV_6820",1.97505990839674,0.012,0.0665244755244755,0.502379146919431,"Curculionidae","Scolytinae","Pityogenes","Pityogenes hopkinsi","k__Fungi","p__Ascomycota","c__Eurotiomycetes","o__Eurotiales","f__Aspergillaceae","g__Penicillium","s__dierckxii","positive"
"Pityogenes hopkinsi","ASV_7689",-2.2689475838332,0.012,0.0665244755244755,0.502379146919431,"Curculionidae","Scolytinae","Pityogenes","Pityogenes hopkinsi","k__Fungi",NA,NA,NA,NA,NA,NA,"negative"
"Pityogenes hopkinsi","ASV_8078",-2.92188402735676,0.012,0.0665244755244755,0.502379146919431,"Curculionidae","Scolytinae","Pityogenes","Pityogenes hopkinsi","k__Fungi","p__Ascomycota","c__Dothideomycetes","o__Pleosporales","f__Cucurbitariaceae","g__Parafenestella",NA,"negative"
"Pityogenes hopkinsi","ASV_8174",-2.22158123776476,0.012,0.0665244755244755,0.502379146919431,"Curculionidae","Scolytinae","Pityogenes","Pityogenes hopkinsi","k__Fungi","p__Basidiomycota","c__Agaricomycetes","o__Polyporales","f__Phanerochaetaceae","g__Phanerochaete","s__rhodella","negative"
"Pityogenes hopkinsi","ASV_8288",-1.83103941579558,0.012,0.0665244755244755,0.502379146919431,"Curculionidae","Scolytinae","Pityogenes","Pityogenes hopkinsi","k__Fungi","p__Ascomycota","c__Leotiomycetes","o__Helotiales","f__Cordieritidaceae","g__Rhymbocarpus","s__pertusariae","negative"
"Pityogenes hopkinsi","ASV_8655",-2.06540114283717,0.012,0.0665244755244755,0.502379146919431,"Curculionidae","Scolytinae","Pityogenes","Pityogenes hopkinsi","k__Fungi","p__Basidiomycota","c__Tremellomycetes","o__Tremellales","f__Naemateliaceae","g__Dimennazyma","s__cisti-albidi","negative"
"Pityogenes hopkinsi","ASV_8678",-2.15492133720403,0.012,0.0665244755244755,0.502379146919431,"Curculionidae","Scolytinae","Pityogenes","Pityogenes hopkinsi","k__Fungi",NA,NA,NA,NA,NA,NA,"negative"
"Pityogenes hopkinsi","ASV_13110",-2.59813799995497,0.012,0.0665244755244755,0.502379146919431,"Curculionidae","Scolytinae","Pityogenes","Pityogenes hopkinsi","k__Fungi","p__Ascomycota","c__Dothideomycetes","o__Mycosphaerellales","f__Mycosphaerellaceae","g__Ramularia",NA,"negative"
"Pityogenes hopkinsi","ASV_14792",-2.64710471897121,0.012,0.0665244755244755,0.502379146919431,"Curculionidae","Scolytinae","Pityogenes","Pityogenes hopkinsi","k__Fungi","p__Basidiomycota","c__Agaricomycetes","o__Cantharellales","f__Botryobasidiaceae","g__Botryobasidium","s__candicans","negative"
"Pityogenes hopkinsi","ASV_15932",-2.23633444663899,0.012,0.0665244755244755,0.502379146919431,"Curculionidae","Scolytinae","Pityogenes","Pityogenes hopkinsi","k__Fungi","p__Ascomycota","c__Lecanoromycetes","o__Caliciales","f__Physciaceae","g__Physcia","s__millegrana","negative"
"Pityogenes hopkinsi","ASV_19292",-2.36024226529821,0.012,0.0665244755244755,0.502379146919431,"Curculionidae","Scolytinae","Pityogenes","Pityogenes hopkinsi","k__Fungi","p__Basidiomycota","c__Agaricostilbomycetes","o__Agaricostilbales","f__Jianyuniaceae","g__Jianyunia",NA,"negative"
"Pityogenes hopkinsi","ASV_21890",-2.06857864530793,0.012,0.0665244755244755,0.502379146919431,"Curculionidae","Scolytinae","Pityogenes","Pityogenes hopkinsi","k__Fungi","p__Ascomycota","c__Sordariomycetes","o__Glomerellales","f__Plectosphaerellaceae","g__Nigrocephalum","s__collariferum","negative"
"Pityogenes hopkinsi","ASV_22353",-2.4440779559057,0.012,0.0665244755244755,0.502379146919431,"Curculionidae","Scolytinae","Pityogenes","Pityogenes hopkinsi","k__Fungi","p__Basidiomycota","c__Agaricomycetes","o__Polyporales","f__Hyphodermataceae","g__Hyphoderma",NA,"negative"
"Pityogenes hopkinsi","ASV_25451",-2.47560405066763,0.012,0.0665244755244755,0.502379146919431,"Curculionidae","Scolytinae","Pityogenes","Pityogenes hopkinsi","k__Fungi","p__Ascomycota","c__Lecanoromycetes","o__Lecanorales","f__Lecanoraceae","g__Lecanora",NA,"negative"
"Pityogenes hopkinsi","ASV_26434",-2.97831920657594,0.012,0.0665244755244755,0.502379146919431,"Curculionidae","Scolytinae","Pityogenes","Pityogenes hopkinsi","k__Fungi","p__Ascomycota","c__Leotiomycetes","o__Thelebolales","f__Pseudeurotiaceae","g__Hyphozyma","s__roseonigra","negative"
"Pityogenes hopkinsi","ASV_71",2.2605210769461,0.013,0.0689924686192469,0.513067496409765,"Curculionidae","Scolytinae","Pityogenes","Pityogenes hopkinsi","k__Fungi","p__Ascomycota","c__Dothideomycetes","o__Pleosporales","f__Didymellaceae",NA,NA,"positive"
"Pityogenes hopkinsi","ASV_235",-2.37413826799491,0.013,0.0689924686192469,0.513067496409765,"Curculionidae","Scolytinae","Pityogenes","Pityogenes hopkinsi","k__Fungi","p__Basidiomycota","c__Cystobasidiomycetes","o__Cystobasidiales",NA,NA,NA,"negative"
"Pityogenes hopkinsi","ASV_491",2.94386444024487,0.013,0.0689924686192469,0.513067496409765,"Curculionidae","Scolytinae","Pityogenes","Pityogenes hopkinsi","k__Fungi","p__Ascomycota","c__Leotiomycetes",NA,NA,NA,NA,"positive"
"Pityogenes hopkinsi","ASV_1759",-2.43356769403331,0.013,0.0689924686192469,0.513067496409765,"Curculionidae","Scolytinae","Pityogenes","Pityogenes hopkinsi","k__Fungi","p__Ascomycota","c__Lecanoromycetes","o__Caliciales","f__Physciaceae","g__Physcia",NA,"negative"
"Pityogenes hopkinsi","ASV_1804",2.43199695294644,0.013,0.0689924686192469,0.513067496409765,"Curculionidae","Scolytinae","Pityogenes","Pityogenes hopkinsi","k__Fungi","p__Basidiomycota","c__Cystobasidiomycetes",NA,NA,NA,NA,"positive"
"Pityogenes hopkinsi","ASV_2081",-2.21762196721095,0.013,0.0689924686192469,0.513067496409765,"Curculionidae","Scolytinae","Pityogenes","Pityogenes hopkinsi","k__Fungi",NA,NA,NA,NA,NA,NA,"negative"
"Pityogenes hopkinsi","ASV_2123",2.32362221445641,0.013,0.0689924686192469,0.513067496409765,"Curculionidae","Scolytinae","Pityogenes","Pityogenes hopkinsi","k__Fungi","p__Ascomycota","c__Dothideomycetes","o__Pleosporales","f__Melanommataceae","g__Alpinaria",NA,"positive"
"Pityogenes hopkinsi","ASV_2555",3.12931249952013,0.013,0.0689924686192469,0.513067496409765,"Curculionidae","Scolytinae","Pityogenes","Pityogenes hopkinsi","k__Fungi","p__Ascomycota",NA,NA,NA,NA,NA,"positive"
"Pityogenes hopkinsi","ASV_3569",-2.41506554906071,0.013,0.0689924686192469,0.513067496409765,"Curculionidae","Scolytinae","Pityogenes","Pityogenes hopkinsi","k__Fungi","p__Ascomycota","c__Dothideomycetes","o__Capnodiales","f__Cladosporiaceae",NA,NA,"negative"
"Pityogenes hopkinsi","ASV_3800",-2.19104339302031,0.013,0.0689924686192469,0.513067496409765,"Curculionidae","Scolytinae","Pityogenes","Pityogenes hopkinsi","k__Fungi","p__Ascomycota","c__Dothideomycetes","o__Dothideales","f__Saccotheciaceae","g__Aureobasidium","s__pullulans","negative"
"Pityogenes hopkinsi","ASV_4003",-2.05406591536155,0.013,0.0689924686192469,0.513067496409765,"Curculionidae","Scolytinae","Pityogenes","Pityogenes hopkinsi","k__Fungi","p__Ascomycota","c__Dothideomycetes","o__Dothideales","f__Saccotheciaceae","g__Aureobasidium","s__pullulans","negative"
"Pityogenes hopkinsi","ASV_4676",-2.07868107315836,0.013,0.0689924686192469,0.513067496409765,"Curculionidae","Scolytinae","Pityogenes","Pityogenes hopkinsi","k__Fungi","p__Ascomycota","c__Taphrinomycetes","o__Taphrinales","f__Taphrinaceae","g__Taphrina",NA,"negative"
"Pityogenes hopkinsi","ASV_5316",-2.2455601709726,0.013,0.0689924686192469,0.513067496409765,"Curculionidae","Scolytinae","Pityogenes","Pityogenes hopkinsi","k__Fungi","p__Basidiomycota","c__Exobasidiomycetes","o__Microstromatales","f__Microstromatales_fam_Incertae_sedis","g__Pseudomicrostroma","s__phylloplanum","negative"
"Pityogenes hopkinsi","ASV_5559",2.29882097410139,0.013,0.0689924686192469,0.513067496409765,"Curculionidae","Scolytinae","Pityogenes","Pityogenes hopkinsi","k__Fungi","p__Ascomycota","c__Lecanoromycetes",NA,NA,NA,NA,"positive"
"Pityogenes hopkinsi","ASV_5719",-2.28829781194534,0.013,0.0689924686192469,0.513067496409765,"Curculionidae","Scolytinae","Pityogenes","Pityogenes hopkinsi","k__Fungi","p__Basidiomycota","c__Tremellomycetes","o__Tremellales","f__Cuniculitremaceae","g__Fellomyces","s__horovitziae","negative"
"Pityogenes hopkinsi","ASV_5943",3.254290935233,0.013,0.0689924686192469,0.513067496409765,"Curculionidae","Scolytinae","Pityogenes","Pityogenes hopkinsi","k__Fungi","p__Ascomycota","c__Dothideomycetes","o__Pleosporales","f__Pleosporales_fam_Incertae_sedis","g__Chaetophoma",NA,"positive"
"Pityogenes hopkinsi","ASV_6598",-2.97814877679527,0.013,0.0689924686192469,0.513067496409765,"Curculionidae","Scolytinae","Pityogenes","Pityogenes hopkinsi","k__Fungi","p__Basidiomycota","c__Tremellomycetes","o__Tremellales","f__Bulleraceae","g__Pseudotremella","s__moriformis","negative"
"Pityogenes hopkinsi","ASV_6909",-2.26101579199715,0.013,0.0689924686192469,0.513067496409765,"Curculionidae","Scolytinae","Pityogenes","Pityogenes hopkinsi","k__Fungi","p__Basidiomycota","c__Microbotryomycetes","o__Sporidiobolales","f__Sporidiobolaceae","g__Rhodosporidiobolus","s__colostri","negative"
"Pityogenes hopkinsi","ASV_7194",-2.20965784565632,0.013,0.0689924686192469,0.513067496409765,"Curculionidae","Scolytinae","Pityogenes","Pityogenes hopkinsi","k__Fungi","p__Ascomycota",NA,NA,NA,NA,NA,"negative"
"Pityogenes hopkinsi","ASV_7376",-1.90299391704225,0.013,0.0689924686192469,0.513067496409765,"Curculionidae","Scolytinae","Pityogenes","Pityogenes hopkinsi","k__Fungi","p__Ascomycota","c__Dothideomycetes","o__Pleosporales",NA,NA,NA,"negative"
"Pityogenes hopkinsi","ASV_8181",-2.49161822903385,0.013,0.0689924686192469,0.513067496409765,"Curculionidae","Scolytinae","Pityogenes","Pityogenes hopkinsi","k__Fungi","p__Ascomycota","c__Sordariomycetes","o__Xylariales","f__Diatrypaceae","g__Eutypella","s__cerviculata","negative"
"Pityogenes hopkinsi","ASV_8888",-2.36858090161031,0.013,0.0689924686192469,0.513067496409765,"Curculionidae","Scolytinae","Pityogenes","Pityogenes hopkinsi","k__Fungi","p__Ascomycota","c__Taphrinomycetes","o__Taphrinales","f__Taphrinaceae","g__Taphrina",NA,"negative"
"Pityogenes hopkinsi","ASV_9113",3.07239165815269,0.013,0.0689924686192469,0.513067496409765,"Curculionidae","Scolytinae","Pityogenes","Pityogenes hopkinsi","k__Fungi","p__Basidiomycota","c__Agaricomycetes","o__Russulales","f__Gloeocystidiellaceae","g__Gloeocystidiellum","s__kenyense","positive"
"Pityogenes hopkinsi","ASV_9188",-2.85147157647496,0.013,0.0689924686192469,0.513067496409765,"Curculionidae","Scolytinae","Pityogenes","Pityogenes hopkinsi","k__Fungi","p__Ascomycota","c__Leotiomycetes","o__Helotiales","f__Sclerotiniaceae","g__Monilinia",NA,"negative"
"Pityogenes hopkinsi","ASV_11342",-2.77736098310591,0.013,0.0689924686192469,0.513067496409765,"Curculionidae","Scolytinae","Pityogenes","Pityogenes hopkinsi","k__Fungi","p__Ascomycota","c__Dothideomycetes","o__Mycosphaerellales","f__Mycosphaerellaceae","g__Sphaerulina","s__pelargonii","negative"
"Pityogenes hopkinsi","ASV_11524",-2.68165767306319,0.013,0.0689924686192469,0.513067496409765,"Curculionidae","Scolytinae","Pityogenes","Pityogenes hopkinsi","k__Fungi",NA,NA,NA,NA,NA,NA,"negative"
"Pityogenes hopkinsi","ASV_12223",-2.76461020483319,0.013,0.0689924686192469,0.513067496409765,"Curculionidae","Scolytinae","Pityogenes","Pityogenes hopkinsi","k__Fungi","p__Ascomycota","c__Dothideomycetes","o__Dothideales","f__Dothioraceae","g__Dothiora",NA,"negative"
"Pityogenes hopkinsi","ASV_12331",-2.64431442983529,0.013,0.0689924686192469,0.513067496409765,"Curculionidae","Scolytinae","Pityogenes","Pityogenes hopkinsi","k__Fungi","p__Ascomycota","c__Dothideomycetes","o__Dothideales","f__Saccotheciaceae","g__Aureobasidium","s__pullulans","negative"
"Pityogenes hopkinsi","ASV_12800",-2.02310691297575,0.013,0.0689924686192469,0.513067496409765,"Curculionidae","Scolytinae","Pityogenes","Pityogenes hopkinsi","k__Fungi","p__Basidiomycota","c__Agaricomycetes","o__Russulales","f__Stereaceae","g__Stereum",NA,"negative"
"Pityogenes hopkinsi","ASV_13211",-2.60417409343944,0.013,0.0689924686192469,0.513067496409765,"Curculionidae","Scolytinae","Pityogenes","Pityogenes hopkinsi","k__Fungi",NA,NA,NA,NA,NA,NA,"negative"
"Pityogenes hopkinsi","ASV_13235",-2.15852664562582,0.013,0.0689924686192469,0.513067496409765,"Curculionidae","Scolytinae","Pityogenes","Pityogenes hopkinsi","k__Fungi","p__Ascomycota",NA,NA,NA,NA,NA,"negative"
"Pityogenes hopkinsi","ASV_14833",-2.55885899959786,0.013,0.0689924686192469,0.513067496409765,"Curculionidae","Scolytinae","Pityogenes","Pityogenes hopkinsi","k__Fungi","p__Basidiomycota","c__Agaricomycetes","o__Russulales","f__Stereaceae","g__Stereum",NA,"negative"
"Pityogenes hopkinsi","ASV_14836",-1.98386190281805,0.013,0.0689924686192469,0.513067496409765,"Curculionidae","Scolytinae","Pityogenes","Pityogenes hopkinsi","k__Fungi","p__Ascomycota","c__Dothideomycetes","o__Dothideales",NA,NA,NA,"negative"
"Pityogenes hopkinsi","ASV_15367",-3.44048568458287,0.013,0.0689924686192469,0.513067496409765,"Curculionidae","Scolytinae","Pityogenes","Pityogenes hopkinsi","k__Fungi","p__Basidiomycota","c__Tremellomycetes","o__Tremellales","f__Sirobasidiaceae",NA,NA,"negative"
"Pityogenes hopkinsi","ASV_15575",-2.3085349333359,0.013,0.0689924686192469,0.513067496409765,"Curculionidae","Scolytinae","Pityogenes","Pityogenes hopkinsi","k__Fungi","p__Ascomycota","c__Lecanoromycetes","o__Ostropales","f__Ostropales_fam_Incertae_sedis","g__Mulderomyces","s__natalis","negative"
"Pityogenes hopkinsi","ASV_15944",-2.12057302621228,0.013,0.0689924686192469,0.513067496409765,"Curculionidae","Scolytinae","Pityogenes","Pityogenes hopkinsi","k__Fungi","p__Basidiomycota","c__Microbotryomycetes","o__Microbotryomycetes_ord_Incertae_sedis","f__Colacogloeaceae",NA,NA,"negative"
"Pityogenes hopkinsi","ASV_18008",-2.59705676825406,0.013,0.0689924686192469,0.513067496409765,"Curculionidae","Scolytinae","Pityogenes","Pityogenes hopkinsi","k__Fungi","p__Ascomycota","c__Dothideomycetes","o__Capnodiales","f__Cladosporiaceae","g__Cladosporium",NA,"negative"
"Pityogenes hopkinsi","ASV_18714",-2.33247588991671,0.013,0.0689924686192469,0.513067496409765,"Curculionidae","Scolytinae","Pityogenes","Pityogenes hopkinsi","k__Fungi","p__Ascomycota","c__Sordariomycetes","o__Xylariales","f__Diatrypaceae","g__Eutypella",NA,"negative"
"Pityogenes hopkinsi","ASV_19798",-2.42558130598945,0.013,0.0689924686192469,0.513067496409765,"Curculionidae","Scolytinae","Pityogenes","Pityogenes hopkinsi","k__Fungi","p__Ascomycota","c__Dothideomycetes","o__Mycosphaerellales","f__Mycosphaerellaceae","g__Ramularia",NA,"negative"
"Pityogenes hopkinsi","ASV_19801",-2.36655554750342,0.013,0.0689924686192469,0.513067496409765,"Curculionidae","Scolytinae","Pityogenes","Pityogenes hopkinsi","k__Fungi","p__Ascomycota","c__Dothideomycetes","o__Dothideales","f__Dothideales_fam_Incertae_sedis","g__Dothideales_gen_Incertae_sedis",NA,"negative"
"Pityogenes hopkinsi","ASV_20302",-2.13567542875428,0.013,0.0689924686192469,0.513067496409765,"Curculionidae","Scolytinae","Pityogenes","Pityogenes hopkinsi","k__Fungi","p__Ascomycota","c__Sordariomycetes","o__Xylariales","f__Amphisphaeriaceae","g__Monochaetia","s__monochaeta","negative"
"Pityogenes hopkinsi","ASV_20985",-2.54776393921203,0.013,0.0689924686192469,0.513067496409765,"Curculionidae","Scolytinae","Pityogenes","Pityogenes hopkinsi","k__Fungi",NA,NA,NA,NA,NA,NA,"negative"
"Pityogenes hopkinsi","ASV_21751",-2.5486609721161,0.013,0.0689924686192469,0.513067496409765,"Curculionidae","Scolytinae","Pityogenes","Pityogenes hopkinsi","k__Fungi","p__Ascomycota","c__Leotiomycetes","o__Helotiales","f__Discinellaceae","g__Varicosporium",NA,"negative"
"Pityogenes hopkinsi","ASV_23291",-2.32689081618383,0.013,0.0689924686192469,0.513067496409765,"Curculionidae","Scolytinae","Pityogenes","Pityogenes hopkinsi","k__Fungi","p__Ascomycota","c__Lecanoromycetes","o__Caliciales","f__Physciaceae","g__Physcia","s__aipolia","negative"
"Pityogenes hopkinsi","ASV_24540",-2.78541192192248,0.013,0.0689924686192469,0.513067496409765,"Curculionidae","Scolytinae","Pityogenes","Pityogenes hopkinsi","k__Fungi","p__Basidiomycota","c__Agaricomycetes","o__Russulales","f__Stereaceae","g__Aleurodiscus","s__canadensis","negative"
"Pityogenes hopkinsi","ASV_24716",-2.52924096837562,0.013,0.0689924686192469,0.513067496409765,"Curculionidae","Scolytinae","Pityogenes","Pityogenes hopkinsi","k__Fungi","p__Ascomycota","c__Lecanoromycetes","o__Lecanorales","f__Lecanoraceae","g__Lecanora","s__hybocarpa","negative"
"Pityogenes hopkinsi","ASV_24936",-2.19532884227152,0.013,0.0689924686192469,0.513067496409765,"Curculionidae","Scolytinae","Pityogenes","Pityogenes hopkinsi","k__Fungi","p__Ascomycota",NA,NA,NA,NA,NA,"negative"
"Pityogenes hopkinsi","ASV_24943",-2.5840436674172,0.013,0.0689924686192469,0.513067496409765,"Curculionidae","Scolytinae","Pityogenes","Pityogenes hopkinsi","k__Fungi","p__Ascomycota","c__Leotiomycetes","o__Helotiales","f__Helotiales_fam_Incertae_sedis","g__Cryptocline","s__arctostaphyli","negative"
"Pityogenes hopkinsi","ASV_26069",-2.53509261448276,0.013,0.0689924686192469,0.513067496409765,"Curculionidae","Scolytinae","Pityogenes","Pityogenes hopkinsi","k__Fungi","p__Basidiomycota","c__Agaricomycetes","o__Cantharellales","f__Botryobasidiaceae","g__Botryobasidium",NA,"negative"
"Pityogenes hopkinsi","ASV_26196",-2.93727957704342,0.013,0.0689924686192469,0.513067496409765,"Curculionidae","Scolytinae","Pityogenes","Pityogenes hopkinsi","k__Fungi","p__Ascomycota","c__Dothideomycetes","o__Capnodiales","f__Capnodiales_fam_Incertae_sedis","g__Microcyclospora","s__pomicola","negative"
"Pityogenes hopkinsi","ASV_27308",-2.7015337941291,0.013,0.0689924686192469,0.513067496409765,"Curculionidae","Scolytinae","Pityogenes","Pityogenes hopkinsi","k__Fungi","p__Ascomycota","c__Leotiomycetes","o__Helotiales","f__Hyaloscyphaceae","g__Hyphodiscus","s__hyaloscyphoides","negative"
"Xyleborinus attenuatus","ASV_3",-4.50842295164594,0.002,0.0716610169491525,0.338819178082192,"Curculionidae","Scolytinae","Xyleborinus","Xyleborinus attenuatus","k__Fungi","p__Ascomycota","c__Dothideomycetes","o__Dothideales","f__Saccotheciaceae","g__Aureobasidium","s__pullulans","negative"
"Xyleborinus attenuatus","ASV_58",-3.57116772522377,0.002,0.0716610169491525,0.338819178082192,"Curculionidae","Scolytinae","Xyleborinus","Xyleborinus attenuatus","k__Fungi","p__Basidiomycota","c__Microbotryomycetes","o__Sporidiobolales","f__Sporidiobolaceae","g__Rhodosporidiobolus","s__colostri","negative"
"Xyleborinus attenuatus","ASV_67",-3.48606088069183,0.002,0.0716610169491525,0.338819178082192,"Curculionidae","Scolytinae","Xyleborinus","Xyleborinus attenuatus","k__Fungi","p__Basidiomycota","c__Microbotryomycetes","o__Microbotryomycetes_ord_Incertae_sedis","f__Microbotryomycetes_fam_Incertae_sedis","g__Curvibasidium",NA,"negative"
"Xyleborinus attenuatus","ASV_88",2.52488364815567,0.002,0.0716610169491525,0.338819178082192,"Curculionidae","Scolytinae","Xyleborinus","Xyleborinus attenuatus","k__Fungi","p__Ascomycota","c__Sordariomycetes","o__Diaporthales","f__Valsaceae","g__Valsa",NA,"positive"
"Xyleborinus attenuatus","ASV_136",-3.94881049050512,0.002,0.0716610169491525,0.338819178082192,"Curculionidae","Scolytinae","Xyleborinus","Xyleborinus attenuatus","k__Fungi","p__Basidiomycota","c__Tremellomycetes","o__Cystofilobasidiales","f__Cystofilobasidiaceae","g__Cystofilobasidium","s__macerans","negative"
"Xyleborinus attenuatus","ASV_149",-3.38608005230734,0.002,0.0716610169491525,0.338819178082192,"Curculionidae","Scolytinae","Xyleborinus","Xyleborinus attenuatus","k__Fungi","p__Basidiomycota","c__Tremellomycetes","o__Tremellales","f__Cryptococcaceae","g__Kwoniella","s__pini","negative"
"Xyleborinus attenuatus","ASV_173",-3.25099466297821,0.002,0.0716610169491525,0.338819178082192,"Curculionidae","Scolytinae","Xyleborinus","Xyleborinus attenuatus","k__Fungi","p__Basidiomycota","c__Tremellomycetes","o__Filobasidiales","f__Filobasidiaceae","g__Naganishia","s__globosa","negative"
"Xyleborinus attenuatus","ASV_214",4.07451229072908,0.002,0.0716610169491525,0.338819178082192,"Curculionidae","Scolytinae","Xyleborinus","Xyleborinus attenuatus","k__Fungi","p__Ascomycota","c__Sordariomycetes","o__Diaporthales","f__Valsaceae","g__Cytospora",NA,"positive"
"Xyleborinus attenuatus","ASV_215",-3.47838010579506,0.002,0.0716610169491525,0.338819178082192,"Curculionidae","Scolytinae","Xyleborinus","Xyleborinus attenuatus","k__Fungi","p__Ascomycota","c__Taphrinomycetes","o__Taphrinales","f__Taphrinaceae","g__Taphrina",NA,"negative"
"Xyleborinus attenuatus","ASV_244",-4.00388381114649,0.002,0.0716610169491525,0.338819178082192,"Curculionidae","Scolytinae","Xyleborinus","Xyleborinus attenuatus","k__Fungi","p__Basidiomycota","c__Tremellomycetes","o__Filobasidiales","f__Filobasidiaceae","g__Filobasidium","s__wieringae","negative"
"Xyleborinus attenuatus","ASV_263",-3.58446230116898,0.002,0.0716610169491525,0.338819178082192,"Curculionidae","Scolytinae","Xyleborinus","Xyleborinus attenuatus","k__Fungi","p__Ascomycota","c__Dothideomycetes","o__Dothideales","f__Saccotheciaceae","g__Aureobasidium","s__pullulans","negative"
"Xyleborinus attenuatus","ASV_282",-3.94900431629988,0.002,0.0716610169491525,0.338819178082192,"Curculionidae","Scolytinae","Xyleborinus","Xyleborinus attenuatus","k__Fungi","p__Ascomycota","c__Leotiomycetes","o__Helotiales","f__Helotiales_fam_Incertae_sedis","g__Cryptocline","s__arctostaphyli","negative"
"Xyleborinus attenuatus","ASV_328",-4.07069591791493,0.002,0.0716610169491525,0.338819178082192,"Curculionidae","Scolytinae","Xyleborinus","Xyleborinus attenuatus","k__Fungi","p__Basidiomycota","c__Tremellomycetes","o__Tremellales","f__Cryptococcaceae","g__Teunia","s__cuniculi","negative"
"Xyleborinus attenuatus","ASV_356",-3.79219252725,0.002,0.0716610169491525,0.338819178082192,"Curculionidae","Scolytinae","Xyleborinus","Xyleborinus attenuatus","k__Fungi","p__Ascomycota",NA,NA,NA,NA,NA,"negative"
"Xyleborinus attenuatus","ASV_428",-3.10843208364425,0.002,0.0716610169491525,0.338819178082192,"Curculionidae","Scolytinae","Xyleborinus","Xyleborinus attenuatus","k__Fungi","p__Basidiomycota","c__Tremellomycetes","o__Cystofilobasidiales","f__Cystofilobasidiaceae","g__Cystofilobasidium",NA,"negative"
"Xyleborinus attenuatus","ASV_493",-2.81233936596588,0.002,0.0716610169491525,0.338819178082192,"Curculionidae","Scolytinae","Xyleborinus","Xyleborinus attenuatus","k__Fungi","p__Basidiomycota","c__Tremellomycetes","o__Tremellales","f__Cryptococcaceae","g__Kwoniella","s__pini","negative"
"Xyleborinus attenuatus","ASV_569",-3.50138539322141,0.002,0.0716610169491525,0.338819178082192,"Curculionidae","Scolytinae","Xyleborinus","Xyleborinus attenuatus","k__Fungi","p__Ascomycota","c__Dothideomycetes","o__Myriangiales","f__Elsinoaceae","g__Elsinoaceae_gen_Incertae_sedis",NA,"negative"
"Xyleborinus attenuatus","ASV_632",-4.61266961585117,0.002,0.0716610169491525,0.338819178082192,"Curculionidae","Scolytinae","Xyleborinus","Xyleborinus attenuatus","k__Fungi","p__Ascomycota","c__Dothideomycetes","o__Dothideales","f__Dothioraceae","g__Dothiora",NA,"negative"
"Xyleborinus attenuatus","ASV_684",-3.69901635775285,0.002,0.0716610169491525,0.338819178082192,"Curculionidae","Scolytinae","Xyleborinus","Xyleborinus attenuatus","k__Fungi","p__Basidiomycota","c__Exobasidiomycetes","o__Microstromatales","f__Microstromatales_fam_Incertae_sedis","g__Pseudomicrostroma",NA,"negative"
"Xyleborinus attenuatus","ASV_709",-4.38568642865075,0.002,0.0716610169491525,0.338819178082192,"Curculionidae","Scolytinae","Xyleborinus","Xyleborinus attenuatus","k__Fungi","p__Ascomycota","c__Dothideomycetes","o__Dothideales","f__Dothideaceae","g__Rhizosphaera",NA,"negative"
"Xyleborinus attenuatus","ASV_738",-4.15443702224341,0.002,0.0716610169491525,0.338819178082192,"Curculionidae","Scolytinae","Xyleborinus","Xyleborinus attenuatus","k__Fungi","p__Ascomycota","c__Sordariomycetes","o__Diaporthales","f__Gnomoniaceae","g__Plagiostoma",NA,"negative"
"Xyleborinus attenuatus","ASV_768",3.45215979556016,0.002,0.0716610169491525,0.338819178082192,"Curculionidae","Scolytinae","Xyleborinus","Xyleborinus attenuatus","k__Fungi","p__Ascomycota","c__Sordariomycetes","o__Xylariales","f__Diatrypaceae","g__Diatrypella","s__atlantica","positive"
"Xyleborinus attenuatus","ASV_866",-3.38141021770566,0.002,0.0716610169491525,0.338819178082192,"Curculionidae","Scolytinae","Xyleborinus","Xyleborinus attenuatus","k__Fungi","p__Ascomycota","c__Dothideomycetes","o__Dothideales","f__Saccotheciaceae","g__Aureobasidium","s__pullulans","negative"
"Xyleborinus attenuatus","ASV_1005",3.08675745568305,0.002,0.0716610169491525,0.338819178082192,"Curculionidae","Scolytinae","Xyleborinus","Xyleborinus attenuatus","k__Fungi","p__Basidiomycota","c__Agaricomycetes","o__Polyporales","f__Ganodermataceae","g__Ganoderma","s__applanatum","positive"
"Xyleborinus attenuatus","ASV_1030",-3.69625827694631,0.002,0.0716610169491525,0.338819178082192,"Curculionidae","Scolytinae","Xyleborinus","Xyleborinus attenuatus","k__Fungi","p__Ascomycota","c__Dothideomycetes","o__Dothideales","f__Dothioraceae","g__Dothiora",NA,"negative"
"Xyleborinus attenuatus","ASV_1035",-3.41734063637794,0.002,0.0716610169491525,0.338819178082192,"Curculionidae","Scolytinae","Xyleborinus","Xyleborinus attenuatus","k__Fungi","p__Basidiomycota","c__Tremellomycetes",NA,NA,NA,NA,"negative"
"Xyleborinus attenuatus","ASV_1086",4.04994178075442,0.002,0.0716610169491525,0.338819178082192,"Curculionidae","Scolytinae","Xyleborinus","Xyleborinus attenuatus","k__Fungi","p__Ascomycota","c__Dothideomycetes","o__Capnodiales","f__Neodevriesiaceae","g__Tripospermum","s__infalcatum","positive"
"Xyleborinus attenuatus","ASV_1119",-4.19134577719337,0.002,0.0716610169491525,0.338819178082192,"Curculionidae","Scolytinae","Xyleborinus","Xyleborinus attenuatus","k__Fungi","p__Ascomycota","c__Taphrinomycetes","o__Taphrinales","f__Taphrinaceae","g__Taphrina",NA,"negative"
"Xyleborinus attenuatus","ASV_1250",-3.1701584422854,0.002,0.0716610169491525,0.338819178082192,"Curculionidae","Scolytinae","Xyleborinus","Xyleborinus attenuatus","k__Fungi","p__Basidiomycota","c__Tremellomycetes","o__Tremellales","f__Cryptococcaceae","g__Cryptococcus","s__wingfieldii","negative"
"Xyleborinus attenuatus","ASV_1271",-2.76606130570476,0.002,0.0716610169491525,0.338819178082192,"Curculionidae","Scolytinae","Xyleborinus","Xyleborinus attenuatus","k__Fungi","p__Ascomycota","c__Dothideomycetes","o__Dothideales","f__Saccotheciaceae","g__Aureobasidium",NA,"negative"
"Xyleborinus attenuatus","ASV_1376",3.05345993032607,0.002,0.0716610169491525,0.338819178082192,"Curculionidae","Scolytinae","Xyleborinus","Xyleborinus attenuatus","k__Fungi","p__Ascomycota",NA,NA,NA,NA,NA,"positive"
"Xyleborinus attenuatus","ASV_1438",-4.27041725300244,0.002,0.0716610169491525,0.338819178082192,"Curculionidae","Scolytinae","Xyleborinus","Xyleborinus attenuatus","k__Fungi","p__Basidiomycota","c__Tremellomycetes","o__Cystofilobasidiales","f__Mrakiaceae","g__Udeniomyces","s__megalosporus","negative"
"Xyleborinus attenuatus","ASV_1447",3.80249567675529,0.002,0.0716610169491525,0.338819178082192,"Curculionidae","Scolytinae","Xyleborinus","Xyleborinus attenuatus","k__Fungi","p__Ascomycota","c__Eurotiomycetes","o__Eurotiales","f__Aspergillaceae","g__Penicillium","s__penicillioides","positive"
"Xyleborinus attenuatus","ASV_1526",-3.08334249342306,0.002,0.0716610169491525,0.338819178082192,"Curculionidae","Scolytinae","Xyleborinus","Xyleborinus attenuatus","k__Fungi","p__Ascomycota","c__Dothideomycetes","o__Mycosphaerellales","f__Mycosphaerellaceae","g__Ramularia",NA,"negative"
"Xyleborinus attenuatus","ASV_1763",-3.70032808052467,0.002,0.0716610169491525,0.338819178082192,"Curculionidae","Scolytinae","Xyleborinus","Xyleborinus attenuatus","k__Fungi","p__Basidiomycota","c__Exobasidiomycetes","o__Microstromatales","f__Microstromataceae","g__Microstroma","s__bacarum","negative"
"Xyleborinus attenuatus","ASV_1801",3.95384652484695,0.002,0.0716610169491525,0.338819178082192,"Curculionidae","Scolytinae","Xyleborinus","Xyleborinus attenuatus","k__Fungi","p__Ascomycota","c__Dothideomycetes","o__Capnodiales",NA,NA,NA,"positive"
"Xyleborinus attenuatus","ASV_1814",3.25608346485461,0.002,0.0716610169491525,0.338819178082192,"Curculionidae","Scolytinae","Xyleborinus","Xyleborinus attenuatus","k__Fungi","p__Ascomycota",NA,NA,NA,NA,NA,"positive"
"Xyleborinus attenuatus","ASV_2033",3.41918115566215,0.002,0.0716610169491525,0.338819178082192,"Curculionidae","Scolytinae","Xyleborinus","Xyleborinus attenuatus","k__Fungi","p__Ascomycota","c__Dothideomycetes","o__Myriangiales","f__Myriangiaceae","g__Myriangium",NA,"positive"
"Xyleborinus attenuatus","ASV_2199",3.1309602571222,0.002,0.0716610169491525,0.338819178082192,"Curculionidae","Scolytinae","Xyleborinus","Xyleborinus attenuatus","k__Fungi","p__Basidiomycota","c__Agaricomycetes","o__Polyporales","f__Hyphodermataceae","g__Hyphoderma","s__setigerum","positive"
"Xyleborinus attenuatus","ASV_2706",-3.43731046402268,0.002,0.0716610169491525,0.338819178082192,"Curculionidae","Scolytinae","Xyleborinus","Xyleborinus attenuatus","k__Fungi","p__Basidiomycota","c__Exobasidiomycetes","o__Microstromatales","f__Microstromatales_fam_Incertae_sedis","g__Pseudomicrostroma",NA,"negative"
"Xyleborinus attenuatus","ASV_2854",-3.28393358406198,0.002,0.0716610169491525,0.338819178082192,"Curculionidae","Scolytinae","Xyleborinus","Xyleborinus attenuatus","k__Fungi","p__Ascomycota","c__Taphrinomycetes","o__Taphrinales","f__Taphrinaceae","g__Taphrina",NA,"negative"
"Xyleborinus attenuatus","ASV_2895",-3.37994652997863,0.002,0.0716610169491525,0.338819178082192,"Curculionidae","Scolytinae","Xyleborinus","Xyleborinus attenuatus","k__Fungi","p__Ascomycota","c__Dothideomycetes","o__Dothideales","f__Dothideaceae",NA,NA,"negative"
"Xyleborinus attenuatus","ASV_3134",-3.28757486331365,0.002,0.0716610169491525,0.338819178082192,"Curculionidae","Scolytinae","Xyleborinus","Xyleborinus attenuatus","k__Fungi","p__Basidiomycota","c__Tremellomycetes","o__Tremellales","f__Bulleraceae","g__Fonsecazyma",NA,"negative"
"Xyleborinus attenuatus","ASV_3690",-4.04718749852397,0.002,0.0716610169491525,0.338819178082192,"Curculionidae","Scolytinae","Xyleborinus","Xyleborinus attenuatus","k__Fungi","p__Ascomycota",NA,NA,NA,NA,NA,"negative"
"Xyleborinus attenuatus","ASV_4925",-2.9290352810552,0.002,0.0716610169491525,0.338819178082192,"Curculionidae","Scolytinae","Xyleborinus","Xyleborinus attenuatus","k__Fungi","p__Ascomycota","c__Dothideomycetes","o__Dothideales","f__Dothioraceae","g__Dothiora",NA,"negative"
"Xyleborinus attenuatus","ASV_5588",-3.97733329982584,0.002,0.0716610169491525,0.338819178082192,"Curculionidae","Scolytinae","Xyleborinus","Xyleborinus attenuatus","k__Fungi","p__Ascomycota","c__Dothideomycetes","o__Dothideales","f__Aureobasidiaceae","g__Kabatiella",NA,"negative"
"Xyleborinus attenuatus","ASV_5695",-3.41793128811805,0.002,0.0716610169491525,0.338819178082192,"Curculionidae","Scolytinae","Xyleborinus","Xyleborinus attenuatus","k__Fungi","p__Ascomycota","c__Dothideomycetes","o__Capnodiales",NA,NA,NA,"negative"
"Xyleborinus attenuatus","ASV_5787",3.49614944830984,0.002,0.0716610169491525,0.338819178082192,"Curculionidae","Scolytinae","Xyleborinus","Xyleborinus attenuatus","k__Fungi","p__Ascomycota","c__Sordariomycetes",NA,NA,NA,NA,"positive"
"Xyleborinus attenuatus","ASV_5915",-3.05246515818831,0.002,0.0716610169491525,0.338819178082192,"Curculionidae","Scolytinae","Xyleborinus","Xyleborinus attenuatus","k__Fungi","p__Basidiomycota","c__Tremellomycetes","o__Tremellales","f__Cryptococcaceae","g__Teunia",NA,"negative"
"Xyleborinus attenuatus","ASV_6065",2.89303562250677,0.002,0.0716610169491525,0.338819178082192,"Curculionidae","Scolytinae","Xyleborinus","Xyleborinus attenuatus","k__Fungi","p__Ascomycota","c__Sordariomycetes","o__Hypocreales","f__Cordycipitaceae","g__Beauveria","s__bassiana","positive"
"Xyleborinus attenuatus","ASV_9473",3.37371500480052,0.002,0.0716610169491525,0.338819178082192,"Curculionidae","Scolytinae","Xyleborinus","Xyleborinus attenuatus","k__Fungi","p__Ascomycota","c__Sordariomycetes","o__Diaporthales","f__Valsaceae",NA,NA,"positive"
"Xyleborinus attenuatus","ASV_9563",-2.68225578808203,0.002,0.0716610169491525,0.338819178082192,"Curculionidae","Scolytinae","Xyleborinus","Xyleborinus attenuatus","k__Fungi","p__Ascomycota",NA,NA,NA,NA,NA,"negative"
"Xyleborinus attenuatus","ASV_9842",3.26799491622737,0.002,0.0716610169491525,0.338819178082192,"Curculionidae","Scolytinae","Xyleborinus","Xyleborinus attenuatus","k__Fungi","p__Basidiomycota","c__Agaricomycetes","o__Polyporales","f__Steccherinaceae","g__Junghuhnia","s__nitida","positive"
"Xyleborinus attenuatus","ASV_10024",3.89920708836897,0.002,0.0716610169491525,0.338819178082192,"Curculionidae","Scolytinae","Xyleborinus","Xyleborinus attenuatus","k__Fungi","p__Ascomycota","c__Dothideomycetes","o__Venturiales","f__Venturiaceae",NA,NA,"positive"
"Xyleborinus attenuatus","ASV_16355",2.99178870356963,0.002,0.0716610169491525,0.338819178082192,"Curculionidae","Scolytinae","Xyleborinus","Xyleborinus attenuatus","k__Fungi","p__Basidiomycota","c__Agaricomycetes","o__Russulales","f__Lachnocladiaceae","g__Lachnocladiaceae_gen_Incertae_sedis",NA,"positive"
"Pityogenes hopkinsi","ASV_292",2.57127810737959,0.014,0.0718931174089069,0.522913319238901,"Curculionidae","Scolytinae","Pityogenes","Pityogenes hopkinsi","k__Fungi","p__Ascomycota","c__Leotiomycetes","o__Rhytismatales","f__Rhytismataceae","g__Coccomyces","s__strobi","positive"
"Pityogenes hopkinsi","ASV_607",2.98823446972149,0.014,0.0718931174089069,0.522913319238901,"Curculionidae","Scolytinae","Pityogenes","Pityogenes hopkinsi","k__Fungi","p__Ascomycota","c__Dothideomycetes","o__Pleosporales","f__Phaeosphaeriaceae","g__Septoriella","s__tridentina","positive"
"Pityogenes hopkinsi","ASV_669",4.22848275692289,0.014,0.0718931174089069,0.522913319238901,"Curculionidae","Scolytinae","Pityogenes","Pityogenes hopkinsi","k__Fungi","p__Ascomycota","c__Dothideomycetes","o__Pleosporales","f__Cucurbitariaceae","g__Parafenestella","s__ontariensis","positive"
"Pityogenes hopkinsi","ASV_772",2.70026046352371,0.014,0.0718931174089069,0.522913319238901,"Curculionidae","Scolytinae","Pityogenes","Pityogenes hopkinsi","k__Fungi","p__Ascomycota","c__Eurotiomycetes","o__Chaetothyriales","f__Herpotrichiellaceae","g__Exophiala",NA,"positive"
"Pityogenes hopkinsi","ASV_1153",3.2287938677364,0.014,0.0718931174089069,0.522913319238901,"Curculionidae","Scolytinae","Pityogenes","Pityogenes hopkinsi","k__Fungi","p__Ascomycota",NA,NA,NA,NA,NA,"positive"
"Pityogenes hopkinsi","ASV_1202",-2.08965129679621,0.014,0.0718931174089069,0.522913319238901,"Curculionidae","Scolytinae","Pityogenes","Pityogenes hopkinsi","k__Fungi","p__Ascomycota","c__Dothideomycetes","o__Dothideales","f__Saccotheciaceae","g__Aureobasidium","s__pullulans","negative"
"Pityogenes hopkinsi","ASV_1232",2.39981367677961,0.014,0.0718931174089069,0.522913319238901,"Curculionidae","Scolytinae","Pityogenes","Pityogenes hopkinsi","k__Fungi","p__Ascomycota",NA,NA,NA,NA,NA,"positive"
"Pityogenes hopkinsi","ASV_1441",2.26820016007969,0.014,0.0718931174089069,0.522913319238901,"Curculionidae","Scolytinae","Pityogenes","Pityogenes hopkinsi","k__Fungi","p__Ascomycota",NA,NA,NA,NA,NA,"positive"
"Pityogenes hopkinsi","ASV_1841",2.48476034168588,0.014,0.0718931174089069,0.522913319238901,"Curculionidae","Scolytinae","Pityogenes","Pityogenes hopkinsi","k__Fungi","p__Basidiomycota","c__Agaricomycetes","o__Hymenochaetales","f__Schizoporaceae","g__Hyphodontia","s__pallidula","positive"
"Pityogenes hopkinsi","ASV_2249",-2.17326229987395,0.014,0.0718931174089069,0.522913319238901,"Curculionidae","Scolytinae","Pityogenes","Pityogenes hopkinsi","k__Fungi","p__Ascomycota","c__Dothideomycetes","o__Dothideales","f__Saccotheciaceae","g__Aureobasidium","s__pullulans","negative"
"Pityogenes hopkinsi","ASV_2562",2.71449052984428,0.014,0.0718931174089069,0.522913319238901,"Curculionidae","Scolytinae","Pityogenes","Pityogenes hopkinsi","k__Fungi","p__Ascomycota","c__Sordariomycetes","o__Xylariales","f__Diatrypaceae","g__Diatrype","s__stigma","positive"
"Pityogenes hopkinsi","ASV_2581",3.43743659526139,0.014,0.0718931174089069,0.522913319238901,"Curculionidae","Scolytinae","Pityogenes","Pityogenes hopkinsi","k__Fungi",NA,NA,NA,NA,NA,NA,"positive"
"Pityogenes hopkinsi","ASV_2596",-2.16560526998809,0.014,0.0718931174089069,0.522913319238901,"Curculionidae","Scolytinae","Pityogenes","Pityogenes hopkinsi","k__Fungi","p__Basidiomycota","c__Tremellomycetes","o__Tremellales","f__Bulleribasidiaceae","g__Vishniacozyma","s__victoriae","negative"
"Pityogenes hopkinsi","ASV_2886",3.3057900128651,0.014,0.0718931174089069,0.522913319238901,"Curculionidae","Scolytinae","Pityogenes","Pityogenes hopkinsi","k__Fungi","p__Ascomycota","c__Eurotiomycetes","o__Chaetothyriales","f__Trichomeriaceae","g__Trichomerium",NA,"positive"
"Pityogenes hopkinsi","ASV_3054",-2.72007382930842,0.014,0.0718931174089069,0.522913319238901,"Curculionidae","Scolytinae","Pityogenes","Pityogenes hopkinsi","k__Fungi","p__Ascomycota","c__Eurotiomycetes","o__Chaetothyriales","f__Strelitzianaceae","g__Strelitziana","s__albiziae","negative"
"Pityogenes hopkinsi","ASV_3199",2.21315238319597,0.014,0.0718931174089069,0.522913319238901,"Curculionidae","Scolytinae","Pityogenes","Pityogenes hopkinsi","k__Fungi","p__Basidiomycota","c__Agaricomycetes","o__Polyporales","f__Irpicaceae","g__Cytidiella",NA,"positive"
"Pityogenes hopkinsi","ASV_3287",2.60580267293215,0.014,0.0718931174089069,0.522913319238901,"Curculionidae","Scolytinae","Pityogenes","Pityogenes hopkinsi","k__Fungi","p__Basidiomycota","c__Agaricomycetes","o__Polyporales","f__Irpicaceae","g__Trametopsis","s__aborigena","positive"
"Pityogenes hopkinsi","ASV_4137",-2.71529422213409,0.014,0.0718931174089069,0.522913319238901,"Curculionidae","Scolytinae","Pityogenes","Pityogenes hopkinsi","k__Fungi","p__Ascomycota","c__Sordariomycetes",NA,NA,NA,NA,"negative"
"Pityogenes hopkinsi","ASV_4495",-2.40900818901371,0.014,0.0718931174089069,0.522913319238901,"Curculionidae","Scolytinae","Pityogenes","Pityogenes hopkinsi","k__Fungi","p__Ascomycota","c__Sordariomycetes","o__Xylariales","f__Xylariaceae","g__Nemania","s__caries","negative"
"Pityogenes hopkinsi","ASV_4860",-2.72992387328687,0.014,0.0718931174089069,0.522913319238901,"Curculionidae","Scolytinae","Pityogenes","Pityogenes hopkinsi","k__Fungi","p__Basidiomycota","c__Tremellomycetes","o__Tremellales","f__Bulleribasidiaceae","g__Dioszegia",NA,"negative"
"Pityogenes hopkinsi","ASV_4876",-2.71499444893657,0.014,0.0718931174089069,0.522913319238901,"Curculionidae","Scolytinae","Pityogenes","Pityogenes hopkinsi","k__Fungi","p__Ascomycota","c__Sordariomycetes","o__Coniochaetales","f__Coniochaetaceae","g__Coniochaeta","s__fasciculata","negative"
"Pityogenes hopkinsi","ASV_5335",-2.47445976177371,0.014,0.0718931174089069,0.522913319238901,"Curculionidae","Scolytinae","Pityogenes","Pityogenes hopkinsi","k__Fungi","p__Ascomycota","c__Dothideomycetes","o__Mycosphaerellales","f__Teratosphaeriaceae",NA,NA,"negative"
"Pityogenes hopkinsi","ASV_6896",-2.10211126826993,0.014,0.0718931174089069,0.522913319238901,"Curculionidae","Scolytinae","Pityogenes","Pityogenes hopkinsi","k__Fungi","p__Chytridiomycota","c__Spizellomycetes","o__Spizellomycetales","f__Spizellomycetales_fam_Incertae_sedis","g__Spizellomycetales_gen_Incertae_sedis",NA,"negative"
"Pityogenes hopkinsi","ASV_7221",-2.36476102017367,0.014,0.0718931174089069,0.522913319238901,"Curculionidae","Scolytinae","Pityogenes","Pityogenes hopkinsi","k__Fungi","p__Ascomycota","c__Dothideomycetes","o__Pleosporales","f__Didymosphaeriaceae","g__Paracamarosporium",NA,"negative"
"Pityogenes hopkinsi","ASV_8549",-2.15549759436737,0.014,0.0718931174089069,0.522913319238901,"Curculionidae","Scolytinae","Pityogenes","Pityogenes hopkinsi","k__Fungi","p__Ascomycota","c__Taphrinomycetes","o__Taphrinales","f__Taphrinaceae","g__Taphrina",NA,"negative"
"Pityogenes hopkinsi","ASV_9124",-2.53349225037225,0.014,0.0718931174089069,0.522913319238901,"Curculionidae","Scolytinae","Pityogenes","Pityogenes hopkinsi","k__Fungi","p__Basidiomycota","c__Agaricomycetes","o__Polyporales","f__Phanerochaetaceae","g__Hapalopilus","s__rutilans","negative"
"Pityogenes hopkinsi","ASV_11100",2.76157823054283,0.014,0.0718931174089069,0.522913319238901,"Curculionidae","Scolytinae","Pityogenes","Pityogenes hopkinsi","k__Fungi","p__Ascomycota","c__Leotiomycetes","o__Helotiales","f__Sclerotiniaceae",NA,NA,"positive"
"Pityogenes hopkinsi","ASV_12332",-2.20691980720253,0.014,0.0718931174089069,0.522913319238901,"Curculionidae","Scolytinae","Pityogenes","Pityogenes hopkinsi","k__Fungi","p__Ascomycota","c__Dothideomycetes","o__Pleosporales","f__Didymellaceae",NA,NA,"negative"
"Pityogenes hopkinsi","ASV_14371",-2.6592552522155,0.014,0.0718931174089069,0.522913319238901,"Curculionidae","Scolytinae","Pityogenes","Pityogenes hopkinsi","k__Fungi","p__Ascomycota","c__Dothideomycetes","o__Venturiales","f__Sympoventuriaceae","g__Bellamyces","s__quercus","negative"
"Pityogenes hopkinsi","ASV_15992",-2.50810089606543,0.014,0.0718931174089069,0.522913319238901,"Curculionidae","Scolytinae","Pityogenes","Pityogenes hopkinsi","k__Fungi","p__Basidiomycota","c__Exobasidiomycetes","o__Exobasidiales","f__Exobasidiaceae","g__Exobasidium","s__kishianum","negative"
"Pityogenes hopkinsi","ASV_17953",-2.0637428743649,0.014,0.0718931174089069,0.522913319238901,"Curculionidae","Scolytinae","Pityogenes","Pityogenes hopkinsi","k__Fungi","p__Ascomycota",NA,NA,NA,NA,NA,"negative"
"Pityogenes hopkinsi","ASV_18022",-2.44219320317112,0.014,0.0718931174089069,0.522913319238901,"Curculionidae","Scolytinae","Pityogenes","Pityogenes hopkinsi","k__Fungi","p__Mortierellomycota","c__Mortierellomycetes","o__Mortierellales","f__Mortierellaceae","g__Entomortierella","s__parvispora","negative"
"Pityogenes hopkinsi","ASV_18144",-2.65365962769952,0.014,0.0718931174089069,0.522913319238901,"Curculionidae","Scolytinae","Pityogenes","Pityogenes hopkinsi","k__Fungi","p__Ascomycota","c__Dothideomycetes","o__Capnodiales","f__Cladosporiaceae","g__Toxicocladosporium","s__glendoranum","negative"
"Pityogenes hopkinsi","ASV_19628",-2.43408604971649,0.014,0.0718931174089069,0.522913319238901,"Curculionidae","Scolytinae","Pityogenes","Pityogenes hopkinsi","k__Fungi",NA,NA,NA,NA,NA,NA,"negative"
"Pityogenes hopkinsi","ASV_21584",-2.7196100311617,0.014,0.0718931174089069,0.522913319238901,"Curculionidae","Scolytinae","Pityogenes","Pityogenes hopkinsi","k__Fungi","p__Ascomycota","c__Dothideomycetes","o__Mycosphaerellales","f__Mycosphaerellaceae","g__Pallidocercospora",NA,"negative"
"Pityogenes hopkinsi","ASV_22182",-2.88357761674354,0.014,0.0718931174089069,0.522913319238901,"Curculionidae","Scolytinae","Pityogenes","Pityogenes hopkinsi","k__Fungi","p__Ascomycota","c__Sordariomycetes","o__Glomerellales","f__Plectosphaerellaceae","g__Nigrocephalum","s__collariferum","negative"
"Pityogenes hopkinsi","ASV_22593",-3.28038732960084,0.014,0.0718931174089069,0.522913319238901,"Curculionidae","Scolytinae","Pityogenes","Pityogenes hopkinsi","k__Fungi",NA,NA,NA,NA,NA,NA,"negative"
"Pityogenes hopkinsi","ASV_24901",-3.19098921657909,0.014,0.0718931174089069,0.522913319238901,"Curculionidae","Scolytinae","Pityogenes","Pityogenes hopkinsi","k__Fungi","p__Ascomycota","c__Leotiomycetes","o__Helotiales","f__Sclerotiniaceae",NA,NA,"negative"
"Pityogenes hopkinsi","ASV_27056",-2.47097936891195,0.014,0.0718931174089069,0.522913319238901,"Curculionidae","Scolytinae","Pityogenes","Pityogenes hopkinsi","k__Fungi","p__Ascomycota","c__Dothideomycetes",NA,NA,NA,NA,"negative"
"Pityogenes hopkinsi","ASV_28463",-2.73723143566155,0.014,0.0718931174089069,0.522913319238901,"Curculionidae","Scolytinae","Pityogenes","Pityogenes hopkinsi","k__Fungi","p__Basidiomycota","c__Tremellomycetes","o__Tremellales","f__Tremellaceae","g__Tremella",NA,"negative"
"Pityogenes hopkinsi","ASV_72",2.15150521781468,0.015,0.0745532915360502,0.532062240068837,"Curculionidae","Scolytinae","Pityogenes","Pityogenes hopkinsi","k__Fungi","p__Ascomycota","c__Sordariomycetes","o__Hypocreales","f__Nectriaceae","g__Thyronectria",NA,"positive"
"Pityogenes hopkinsi","ASV_285",2.77921639537998,0.015,0.0745532915360502,0.532062240068837,"Curculionidae","Scolytinae","Pityogenes","Pityogenes hopkinsi","k__Fungi","p__Ascomycota","c__Eurotiomycetes","o__Phaeomoniellales","f__Phaeomoniellaceae","g__Phaeomoniella",NA,"positive"
"Pityogenes hopkinsi","ASV_531",2.50135778800687,0.015,0.0745532915360502,0.532062240068837,"Curculionidae","Scolytinae","Pityogenes","Pityogenes hopkinsi","k__Fungi","p__Ascomycota","c__Sordariomycetes","o__Xylariales","f__Diatrypaceae","g__Diatrype","s__stigma","positive"
"Pityogenes hopkinsi","ASV_678",2.31651455473802,0.015,0.0745532915360502,0.532062240068837,"Curculionidae","Scolytinae","Pityogenes","Pityogenes hopkinsi","k__Fungi","p__Ascomycota",NA,NA,NA,NA,NA,"positive"
"Pityogenes hopkinsi","ASV_687",2.40396315328583,0.015,0.0745532915360502,0.532062240068837,"Curculionidae","Scolytinae","Pityogenes","Pityogenes hopkinsi","k__Fungi","p__Ascomycota","c__Eurotiomycetes","o__Chaetothyriales",NA,NA,NA,"positive"
"Pityogenes hopkinsi","ASV_791",-3.06085745537097,0.015,0.0745532915360502,0.532062240068837,"Curculionidae","Scolytinae","Pityogenes","Pityogenes hopkinsi","k__Fungi","p__Basidiomycota","c__Agaricomycetes","o__Polyporales","f__Meripilaceae","g__Rigidoporus","s__pouzarii","negative"
"Pityogenes hopkinsi","ASV_792",2.38038403803478,0.015,0.0745532915360502,0.532062240068837,"Curculionidae","Scolytinae","Pityogenes","Pityogenes hopkinsi","k__Fungi","p__Basidiomycota","c__Agaricomycetes","o__Polyporales","f__Polyporaceae","g__Fomes","s__fomentarius","positive"
"Pityogenes hopkinsi","ASV_896",2.63823260689664,0.015,0.0745532915360502,0.532062240068837,"Curculionidae","Scolytinae","Pityogenes","Pityogenes hopkinsi","k__Fungi","p__Ascomycota","c__Dothideomycetes","o__Pleosporales","f__Cucurbitariaceae",NA,NA,"positive"
"Pityogenes hopkinsi","ASV_1308",-2.45916785345999,0.015,0.0745532915360502,0.532062240068837,"Curculionidae","Scolytinae","Pityogenes","Pityogenes hopkinsi","k__Fungi","p__Basidiomycota","c__Agaricomycetes","o__Russulales","f__Peniophoraceae","g__Peniophora","s__laxitexta","negative"
"Pityogenes hopkinsi","ASV_1799",2.39937502540121,0.015,0.0745532915360502,0.532062240068837,"Curculionidae","Scolytinae","Pityogenes","Pityogenes hopkinsi","k__Fungi","p__Ascomycota","c__Eurotiomycetes","o__Phaeomoniellales","f__Phaeomoniellaceae","g__Phaeomoniella",NA,"positive"
"Pityogenes hopkinsi","ASV_2200",2.50927776843242,0.015,0.0745532915360502,0.532062240068837,"Curculionidae","Scolytinae","Pityogenes","Pityogenes hopkinsi","k__Fungi","p__Ascomycota","c__Eurotiomycetes","o__Chaetothyriales","f__Herpotrichiellaceae","g__Exophiala","s__lignicola","positive"
"Pityogenes hopkinsi","ASV_2867",2.78209613796458,0.015,0.0745532915360502,0.532062240068837,"Curculionidae","Scolytinae","Pityogenes","Pityogenes hopkinsi","k__Fungi","p__Ascomycota","c__Leotiomycetes",NA,NA,NA,NA,"positive"
"Pityogenes hopkinsi","ASV_3703",3.0426029657945,0.015,0.0745532915360502,0.532062240068837,"Curculionidae","Scolytinae","Pityogenes","Pityogenes hopkinsi","k__Fungi","p__Basidiomycota","c__Agaricomycetes","o__Polyporales","f__Polyporaceae","g__Perenniporia",NA,"positive"
"Pityogenes hopkinsi","ASV_4819",2.6742156881994,0.015,0.0745532915360502,0.532062240068837,"Curculionidae","Scolytinae","Pityogenes","Pityogenes hopkinsi","k__Fungi","p__Ascomycota","c__Eurotiomycetes","o__Chaetothyriales","f__Herpotrichiellaceae","g__Sorocybe",NA,"positive"
"Pityogenes hopkinsi","ASV_5214",-2.0989915133336,0.015,0.0745532915360502,0.532062240068837,"Curculionidae","Scolytinae","Pityogenes","Pityogenes hopkinsi","k__Fungi","p__Ascomycota","c__Saccharomycetes","o__Saccharomycetales","f__Phaffomycetaceae","g__Wickerhamomyces","s__alni","negative"
"Pityogenes hopkinsi","ASV_6293",-2.43842103620439,0.015,0.0745532915360502,0.532062240068837,"Curculionidae","Scolytinae","Pityogenes","Pityogenes hopkinsi","k__Fungi","p__Ascomycota","c__Dothideomycetes","o__Pleosporales","f__Pleosporaceae","g__Pyrenophora",NA,"negative"
"Pityogenes hopkinsi","ASV_6332",-2.17231914151848,0.015,0.0745532915360502,0.532062240068837,"Curculionidae","Scolytinae","Pityogenes","Pityogenes hopkinsi","k__Fungi","p__Ascomycota","c__Lecanoromycetes","o__Caliciales","f__Physciaceae","g__Physcia",NA,"negative"
"Pityogenes hopkinsi","ASV_6387",1.96482235145301,0.015,0.0745532915360502,0.532062240068837,"Curculionidae","Scolytinae","Pityogenes","Pityogenes hopkinsi","k__Fungi","p__Ascomycota","c__Eurotiomycetes","o__Chaetothyriales",NA,NA,NA,"positive"
"Pityogenes hopkinsi","ASV_7058",-2.76786894969403,0.015,0.0745532915360502,0.532062240068837,"Curculionidae","Scolytinae","Pityogenes","Pityogenes hopkinsi","k__Fungi","p__Ascomycota","c__Sordariomycetes","o__Amphisphaeriales","f__Pestalotiopsidaceae","g__Pestalotiopsis","s__eleutherococci","negative"
"Pityogenes hopkinsi","ASV_7840",-2.66707138845814,0.015,0.0745532915360502,0.532062240068837,"Curculionidae","Scolytinae","Pityogenes","Pityogenes hopkinsi","k__Fungi","p__Basidiomycota","c__Agaricomycetes","o__Russulales","f__Auriscalpiaceae","g__Artomyces","s__pyxidatus","negative"
"Pityogenes hopkinsi","ASV_8091",-2.30168627840861,0.015,0.0745532915360502,0.532062240068837,"Curculionidae","Scolytinae","Pityogenes","Pityogenes hopkinsi","k__Fungi","p__Ascomycota","c__Dothideomycetes","o__Mycosphaerellales","f__Mycosphaerellaceae","g__Ramularia",NA,"negative"
"Pityogenes hopkinsi","ASV_8936",-1.77964574654394,0.015,0.0745532915360502,0.532062240068837,"Curculionidae","Scolytinae","Pityogenes","Pityogenes hopkinsi","k__Fungi","p__Ascomycota","c__Dothideomycetes","o__Venturiales",NA,NA,NA,"negative"
"Pityogenes hopkinsi","ASV_9631",3.01435631671956,0.015,0.0745532915360502,0.532062240068837,"Curculionidae","Scolytinae","Pityogenes","Pityogenes hopkinsi","k__Fungi","p__Ascomycota","c__Sordariomycetes","o__Diaporthales","f__Valsaceae","g__Cytospora","s__beilinensis","positive"
"Pityogenes hopkinsi","ASV_10009",-2.25256561610947,0.015,0.0745532915360502,0.532062240068837,"Curculionidae","Scolytinae","Pityogenes","Pityogenes hopkinsi","k__Fungi","p__Ascomycota","c__Dothideomycetes","o__Mycosphaerellales","f__Mycosphaerellaceae","g__Ramularia",NA,"negative"
"Pityogenes hopkinsi","ASV_10160",-2.53342012413371,0.015,0.0745532915360502,0.532062240068837,"Curculionidae","Scolytinae","Pityogenes","Pityogenes hopkinsi","k__Fungi","p__Ascomycota",NA,NA,NA,NA,NA,"negative"
"Pityogenes hopkinsi","ASV_10627",2.67767744834078,0.015,0.0745532915360502,0.532062240068837,"Curculionidae","Scolytinae","Pityogenes","Pityogenes hopkinsi","k__Fungi","p__Basidiomycota","c__Agaricomycetes","o__Hymenochaetales","f__Tubulicrinaceae","g__Tubulicrinis","s__subulatus","positive"
"Pityogenes hopkinsi","ASV_10807",-2.65012379200282,0.015,0.0745532915360502,0.532062240068837,"Curculionidae","Scolytinae","Pityogenes","Pityogenes hopkinsi","k__Fungi","p__Basidiomycota","c__Tremellomycetes","o__Tremellales","f__Phaeotremellaceae","g__Phaeotremella",NA,"negative"
"Pityogenes hopkinsi","ASV_11367",2.34644966955199,0.015,0.0745532915360502,0.532062240068837,"Curculionidae","Scolytinae","Pityogenes","Pityogenes hopkinsi","k__Fungi","p__Ascomycota","c__Sordariomycetes","o__Xylariales","f__Diatrypaceae","g__Diatrype","s__stigma","positive"
"Pityogenes hopkinsi","ASV_11977",-2.33514362681219,0.015,0.0745532915360502,0.532062240068837,"Curculionidae","Scolytinae","Pityogenes","Pityogenes hopkinsi","k__Fungi","p__Basidiomycota","c__Agaricomycetes","o__Russulales","f__Peniophoraceae","g__Peniophora","s__cinerea","negative"
"Pityogenes hopkinsi","ASV_12348",-1.6924263187085,0.015,0.0745532915360502,0.532062240068837,"Curculionidae","Scolytinae","Pityogenes","Pityogenes hopkinsi","k__Fungi","p__Ascomycota","c__Taphrinomycetes","o__Taphrinales","f__Taphrinaceae","g__Taphrina","s__caerulescens","negative"
"Pityogenes hopkinsi","ASV_12567",-2.75741837146867,0.015,0.0745532915360502,0.532062240068837,"Curculionidae","Scolytinae","Pityogenes","Pityogenes hopkinsi","k__Fungi","p__Ascomycota",NA,NA,NA,NA,NA,"negative"
"Pityogenes hopkinsi","ASV_13248",-1.90050270965328,0.015,0.0745532915360502,0.532062240068837,"Curculionidae","Scolytinae","Pityogenes","Pityogenes hopkinsi","k__Fungi","p__Ascomycota","c__Dothideomycetes","o__Mycosphaerellales","f__Teratosphaeriaceae",NA,NA,"negative"
"Pityogenes hopkinsi","ASV_14219",-3.19082482079846,0.015,0.0745532915360502,0.532062240068837,"Curculionidae","Scolytinae","Pityogenes","Pityogenes hopkinsi","k__Fungi","p__Ascomycota","c__Dothideomycetes","o__Patellariales","f__Patellariales_fam_Incertae_sedis","g__Hysteropatella","s__elliptica","negative"
"Pityogenes hopkinsi","ASV_14407",-2.01710955930038,0.015,0.0745532915360502,0.532062240068837,"Curculionidae","Scolytinae","Pityogenes","Pityogenes hopkinsi","k__Fungi","p__Ascomycota","c__Sordariomycetes","o__Xylariales","f__Diatrypaceae","g__Diatrype","s__stigma","negative"
"Pityogenes hopkinsi","ASV_14948",-2.50132262897382,0.015,0.0745532915360502,0.532062240068837,"Curculionidae","Scolytinae","Pityogenes","Pityogenes hopkinsi","k__Fungi","p__Ascomycota","c__Saccharomycetes","o__Saccharomycetales","f__Lipomycetaceae","g__Myxozyma","s__melibiosi","negative"
"Pityogenes hopkinsi","ASV_15682",-2.36782985384214,0.015,0.0745532915360502,0.532062240068837,"Curculionidae","Scolytinae","Pityogenes","Pityogenes hopkinsi","k__Fungi","p__Basidiomycota","c__Tremellomycetes","o__Tremellales","f__Phaeotremellaceae","g__Phaeotremella",NA,"negative"
"Pityogenes hopkinsi","ASV_15790",-2.22138468513097,0.015,0.0745532915360502,0.532062240068837,"Curculionidae","Scolytinae","Pityogenes","Pityogenes hopkinsi","k__Fungi","p__Ascomycota","c__Dothideomycetes","o__Mycosphaerellales","f__Mycosphaerellaceae","g__Ramularia",NA,"negative"
"Pityogenes hopkinsi","ASV_16273",-2.56578042267196,0.015,0.0745532915360502,0.532062240068837,"Curculionidae","Scolytinae","Pityogenes","Pityogenes hopkinsi","k__Fungi","p__Basidiomycota","c__Pucciniomycetes","o__Pucciniales","f__Pucciniaceae","g__Puccinia","s__sparganioidis","negative"
"Pityogenes hopkinsi","ASV_17697",2.51318219986005,0.015,0.0745532915360502,0.532062240068837,"Curculionidae","Scolytinae","Pityogenes","Pityogenes hopkinsi","k__Fungi","p__Ascomycota","c__Sordariomycetes",NA,NA,NA,NA,"positive"
"Pityogenes hopkinsi","ASV_18169",-2.18136471491317,0.015,0.0745532915360502,0.532062240068837,"Curculionidae","Scolytinae","Pityogenes","Pityogenes hopkinsi","k__Fungi","p__Ascomycota","c__Saccharomycetes","o__Saccharomycetales","f__Trichomonascaceae","g__Spencermartinsiella","s__europaea","negative"
"Pityogenes hopkinsi","ASV_27962",-3.07063000719304,0.015,0.0745532915360502,0.532062240068837,"Curculionidae","Scolytinae","Pityogenes","Pityogenes hopkinsi","k__Fungi","p__Ascomycota","c__Dothideomycetes","o__Myriangiales",NA,NA,NA,"negative"
"Pityogenes hopkinsi","ASV_24",-2.33788828161762,0.016,0.0766404833836858,0.536888888888889,"Curculionidae","Scolytinae","Pityogenes","Pityogenes hopkinsi","k__Fungi","p__Basidiomycota","c__Tremellomycetes","o__Trichosporonales","f__Trichosporonaceae","g__Apiotrichum","s__laibachii","negative"
"Pityogenes hopkinsi","ASV_377",3.33070283598742,0.016,0.0766404833836858,0.536888888888889,"Curculionidae","Scolytinae","Pityogenes","Pityogenes hopkinsi","k__Fungi","p__Ascomycota","c__Dothideomycetes","o__Pleosporales","f__Phaeosphaeriaceae","g__Neostagonospora",NA,"positive"
"Pityogenes hopkinsi","ASV_681",2.92865077593565,0.016,0.0766404833836858,0.536888888888889,"Curculionidae","Scolytinae","Pityogenes","Pityogenes hopkinsi","k__Fungi","p__Ascomycota","c__Eurotiomycetes",NA,NA,NA,NA,"positive"
"Pityogenes hopkinsi","ASV_762",2.29460176174646,0.016,0.0766404833836858,0.536888888888889,"Curculionidae","Scolytinae","Pityogenes","Pityogenes hopkinsi","k__Fungi","p__Basidiomycota","c__Cystobasidiomycetes",NA,NA,NA,NA,"positive"
"Pityogenes hopkinsi","ASV_816",2.42865728937628,0.016,0.0766404833836858,0.536888888888889,"Curculionidae","Scolytinae","Pityogenes","Pityogenes hopkinsi","k__Fungi","p__Ascomycota","c__Eurotiomycetes","o__Chaetothyriales",NA,NA,NA,"positive"
"Pityogenes hopkinsi","ASV_911",-1.94859165898841,0.016,0.0766404833836858,0.536888888888889,"Curculionidae","Scolytinae","Pityogenes","Pityogenes hopkinsi","k__Fungi","p__Ascomycota","c__Dothideomycetes","o__Dothideales","f__Saccotheciaceae","g__Aureobasidium","s__pullulans","negative"
"Pityogenes hopkinsi","ASV_933",2.26535890521724,0.016,0.0766404833836858,0.536888888888889,"Curculionidae","Scolytinae","Pityogenes","Pityogenes hopkinsi","k__Fungi","p__Ascomycota","c__Eurotiomycetes","o__Chaetothyriales","f__Chaetothyriaceae","g__Ceramothyrium","s__carniolicum","positive"
"Pityogenes hopkinsi","ASV_947",-1.95359715775455,0.016,0.0766404833836858,0.536888888888889,"Curculionidae","Scolytinae","Pityogenes","Pityogenes hopkinsi","k__Fungi","p__Ascomycota","c__Dothideomycetes","o__Pleosporales","f__Lentitheciaceae","g__Lentitheciaceae_gen_Incertae_sedis",NA,"negative"
"Pityogenes hopkinsi","ASV_999",2.75275672634585,0.016,0.0766404833836858,0.536888888888889,"Curculionidae","Scolytinae","Pityogenes","Pityogenes hopkinsi","k__Fungi","p__Basidiomycota","c__Agaricomycetes","o__Polyporales","f__Irpicaceae","g__Irpex","s__lacteus","positive"
"Pityogenes hopkinsi","ASV_1131",2.57505487649675,0.016,0.0766404833836858,0.536888888888889,"Curculionidae","Scolytinae","Pityogenes","Pityogenes hopkinsi","k__Fungi","p__Basidiomycota","c__Agaricomycetes","o__Hymenochaetales","f__Hymenochaetales_fam_Incertae_sedis","g__Trichaptum","s__biforme","positive"
"Pityogenes hopkinsi","ASV_1491",2.68055697279212,0.016,0.0766404833836858,0.536888888888889,"Curculionidae","Scolytinae","Pityogenes","Pityogenes hopkinsi","k__Fungi","p__Ascomycota","c__Sordariomycetes","o__Diaporthales",NA,NA,NA,"positive"
"Pityogenes hopkinsi","ASV_1937",-2.00025877868722,0.016,0.0766404833836858,0.536888888888889,"Curculionidae","Scolytinae","Pityogenes","Pityogenes hopkinsi","k__Fungi","p__Basidiomycota","c__Microbotryomycetes","o__Microbotryomycetes_ord_Incertae_sedis","f__Microbotryomycetes_fam_Incertae_sedis","g__Curvibasidium",NA,"negative"
"Pityogenes hopkinsi","ASV_1975",-2.10732112767957,0.016,0.0766404833836858,0.536888888888889,"Curculionidae","Scolytinae","Pityogenes","Pityogenes hopkinsi","k__Fungi","p__Basidiomycota","c__Tremellomycetes","o__Tremellales","f__Bulleribasidiaceae","g__Vishniacozyma","s__victoriae","negative"
"Pityogenes hopkinsi","ASV_2011",2.73051487422039,0.016,0.0766404833836858,0.536888888888889,"Curculionidae","Scolytinae","Pityogenes","Pityogenes hopkinsi","k__Fungi","p__Basidiomycota","c__Cystobasidiomycetes","o__Cystobasidiomycetes_ord_Incertae_sedis","f__Microsporomycetaceae",NA,NA,"positive"
"Pityogenes hopkinsi","ASV_2119",2.8278265846277,0.016,0.0766404833836858,0.536888888888889,"Curculionidae","Scolytinae","Pityogenes","Pityogenes hopkinsi","k__Fungi","p__Ascomycota","c__Dothideomycetes","o__Mytilinidiales","f__Mytilinidiaceae","g__Mytilinidion","s__insulare","positive"
"Pityogenes hopkinsi","ASV_2456",-2.55181989249534,0.016,0.0766404833836858,0.536888888888889,"Curculionidae","Scolytinae","Pityogenes","Pityogenes hopkinsi","k__Fungi","p__Chytridiomycota","c__Spizellomycetes","o__Spizellomycetales","f__Spizellomycetales_fam_Incertae_sedis","g__Spizellomycetales_gen_Incertae_sedis",NA,"negative"
"Pityogenes hopkinsi","ASV_2864",3.64131277613561,0.016,0.0766404833836858,0.536888888888889,"Curculionidae","Scolytinae","Pityogenes","Pityogenes hopkinsi","k__Fungi","p__Ascomycota","c__Leotiomycetes","o__Helotiales","f__Dermateaceae","g__Dermea","s__pinicola","positive"
"Pityogenes hopkinsi","ASV_3143",2.25166763490169,0.016,0.0766404833836858,0.536888888888889,"Curculionidae","Scolytinae","Pityogenes","Pityogenes hopkinsi","k__Fungi","p__Basidiomycota","c__Agaricomycetes","o__Polyporales","f__Polyporaceae","g__Perenniporia","s__subacida","positive"
"Pityogenes hopkinsi","ASV_4592",3.26907204516234,0.016,0.0766404833836858,0.536888888888889,"Curculionidae","Scolytinae","Pityogenes","Pityogenes hopkinsi","k__Fungi","p__Ascomycota","c__Dothideomycetes","o__Mycosphaerellales",NA,NA,NA,"positive"
"Pityogenes hopkinsi","ASV_5811",2.63581788667217,0.016,0.0766404833836858,0.536888888888889,"Curculionidae","Scolytinae","Pityogenes","Pityogenes hopkinsi","k__Fungi","p__Ascomycota","c__Sordariomycetes","o__Xylariales","f__Diatrypaceae","g__Diatrype","s__stigma","positive"
"Pityogenes hopkinsi","ASV_6151",3.1078908437361,0.016,0.0766404833836858,0.536888888888889,"Curculionidae","Scolytinae","Pityogenes","Pityogenes hopkinsi","k__Fungi","p__Ascomycota",NA,NA,NA,NA,NA,"positive"
"Pityogenes hopkinsi","ASV_6470",-2.74571056049988,0.016,0.0766404833836858,0.536888888888889,"Curculionidae","Scolytinae","Pityogenes","Pityogenes hopkinsi","k__Fungi","p__Basidiomycota","c__Agaricomycetes","o__Hymenochaetales","f__Schizoporaceae","g__Xylodon",NA,"negative"
"Pityogenes hopkinsi","ASV_6715",-2.46077597427657,0.016,0.0766404833836858,0.536888888888889,"Curculionidae","Scolytinae","Pityogenes","Pityogenes hopkinsi","k__Fungi","p__Ascomycota","c__Leotiomycetes","o__Helotiales",NA,NA,NA,"negative"
"Pityogenes hopkinsi","ASV_7138",-2.71735946270006,0.016,0.0766404833836858,0.536888888888889,"Curculionidae","Scolytinae","Pityogenes","Pityogenes hopkinsi","k__Fungi","p__Basidiomycota","c__Agaricomycetes","o__Corticiales","f__Corticiaceae","g__Mycobernardia","s__incrustans","negative"
"Pityogenes hopkinsi","ASV_7264",4.1692254525774,0.016,0.0766404833836858,0.536888888888889,"Curculionidae","Scolytinae","Pityogenes","Pityogenes hopkinsi","k__Fungi","p__Basidiomycota","c__Tremellomycetes","o__Tremellales",NA,NA,NA,"positive"
"Pityogenes hopkinsi","ASV_8122",-1.43904831363645,0.016,0.0766404833836858,0.536888888888889,"Curculionidae","Scolytinae","Pityogenes","Pityogenes hopkinsi","k__Fungi","p__Ascomycota","c__Leotiomycetes","o__Helotiales","f__Dermateaceae","g__Cryptosporiopsis",NA,"negative"
"Pityogenes hopkinsi","ASV_8248",-2.10352336281038,0.016,0.0766404833836858,0.536888888888889,"Curculionidae","Scolytinae","Pityogenes","Pityogenes hopkinsi","k__Fungi","p__Ascomycota","c__Dothideomycetes","o__Mycosphaerellales","f__Mycosphaerellaceae","g__Ramularia",NA,"negative"
"Pityogenes hopkinsi","ASV_8773",-2.41769977397774,0.016,0.0766404833836858,0.536888888888889,"Curculionidae","Scolytinae","Pityogenes","Pityogenes hopkinsi","k__Fungi","p__Ascomycota","c__Leotiomycetes","o__Helotiales","f__Dermateaceae",NA,NA,"negative"
"Pityogenes hopkinsi","ASV_11241",-1.8643115230301,0.016,0.0766404833836858,0.536888888888889,"Curculionidae","Scolytinae","Pityogenes","Pityogenes hopkinsi","k__Fungi","p__Mucoromycota","c__Mucoromycetes","o__Mucorales","f__Mucoraceae","g__Mucor","s__luteus","negative"
"Pityogenes hopkinsi","ASV_12277",-2.14387987976305,0.016,0.0766404833836858,0.536888888888889,"Curculionidae","Scolytinae","Pityogenes","Pityogenes hopkinsi","k__Fungi","p__Basidiomycota","c__Agaricomycetes","o__Agaricales","f__Mycenaceae","g__Mycena","s__niveipes","negative"
"Pityogenes hopkinsi","ASV_12636",-2.06802987098044,0.016,0.0766404833836858,0.536888888888889,"Curculionidae","Scolytinae","Pityogenes","Pityogenes hopkinsi","k__Fungi","p__Ascomycota","c__Leotiomycetes","o__Helotiales","f__Tricladiaceae","g__Tricladium","s__angustum","negative"
"Pityogenes hopkinsi","ASV_13214",-2.19939056058875,0.016,0.0766404833836858,0.536888888888889,"Curculionidae","Scolytinae","Pityogenes","Pityogenes hopkinsi","k__Fungi",NA,NA,NA,NA,NA,NA,"negative"
"Pityogenes hopkinsi","ASV_13526",-2.36288097099512,0.016,0.0766404833836858,0.536888888888889,"Curculionidae","Scolytinae","Pityogenes","Pityogenes hopkinsi","k__Fungi","p__Basidiomycota","c__Agaricomycetes","o__Russulales","f__Peniophoraceae","g__Peniophora","s__cinerea","negative"
"Pityogenes hopkinsi","ASV_13757",-3.26002042375329,0.016,0.0766404833836858,0.536888888888889,"Curculionidae","Scolytinae","Pityogenes","Pityogenes hopkinsi","k__Fungi","p__Ascomycota","c__Dothideomycetes","o__Mycosphaerellales","f__Mycosphaerellaceae","g__Zymoseptoria",NA,"negative"
"Pityogenes hopkinsi","ASV_14806",-3.46447815050393,0.016,0.0766404833836858,0.536888888888889,"Curculionidae","Scolytinae","Pityogenes","Pityogenes hopkinsi","k__Fungi","p__Basidiomycota","c__Tremellomycetes","o__Filobasidiales","f__Piskurozymaceae","g__Piskurozyma","s__cylindrica","negative"
"Pityogenes hopkinsi","ASV_16098",-2.04685579274727,0.016,0.0766404833836858,0.536888888888889,"Curculionidae","Scolytinae","Pityogenes","Pityogenes hopkinsi","k__Fungi",NA,NA,NA,NA,NA,NA,"negative"
"Pityogenes hopkinsi","ASV_16228",-2.24101955864367,0.016,0.0766404833836858,0.536888888888889,"Curculionidae","Scolytinae","Pityogenes","Pityogenes hopkinsi","k__Fungi","p__Ascomycota","c__Dothideomycetes","o__Pleosporales","f__Didymosphaeriaceae",NA,NA,"negative"
"Pityogenes hopkinsi","ASV_16789",-2.94815919297411,0.016,0.0766404833836858,0.536888888888889,"Curculionidae","Scolytinae","Pityogenes","Pityogenes hopkinsi","k__Fungi","p__Ascomycota","c__Leotiomycetes","o__Helotiales","f__Tympanidaceae","g__Tympanis","s__conspersa","negative"
"Pityogenes hopkinsi","ASV_16945",-2.03223778016204,0.016,0.0766404833836858,0.536888888888889,"Curculionidae","Scolytinae","Pityogenes","Pityogenes hopkinsi","k__Fungi","p__Ascomycota","c__Sordariomycetes",NA,NA,NA,NA,"negative"
"Pityogenes hopkinsi","ASV_17016",-2.55334794591972,0.016,0.0766404833836858,0.536888888888889,"Curculionidae","Scolytinae","Pityogenes","Pityogenes hopkinsi","k__Fungi",NA,NA,NA,NA,NA,NA,"negative"
"Pityogenes hopkinsi","ASV_17218",-2.45505259927942,0.016,0.0766404833836858,0.536888888888889,"Curculionidae","Scolytinae","Pityogenes","Pityogenes hopkinsi","k__Fungi","p__Ascomycota","c__Eurotiomycetes","o__Chaetothyriales","f__Herpotrichiellaceae","g__Neocladophialophora","s__quercina","negative"
"Pityogenes hopkinsi","ASV_17394",-2.13939117406475,0.016,0.0766404833836858,0.536888888888889,"Curculionidae","Scolytinae","Pityogenes","Pityogenes hopkinsi","k__Fungi","p__Ascomycota","c__Dothideomycetes","o__Mycosphaerellales","f__Mycosphaerellaceae","g__Sphaerulina","s__pelargonii","negative"
"Pityogenes hopkinsi","ASV_19392",-2.70628050325739,0.016,0.0766404833836858,0.536888888888889,"Curculionidae","Scolytinae","Pityogenes","Pityogenes hopkinsi","k__Fungi","p__Ascomycota","c__Dothideomycetes","o__Botryosphaeriales","f__Melanopsaceae","g__Melanops",NA,"negative"
"Pityogenes hopkinsi","ASV_20030",-2.69863476344583,0.016,0.0766404833836858,0.536888888888889,"Curculionidae","Scolytinae","Pityogenes","Pityogenes hopkinsi","k__Fungi","p__Ascomycota",NA,NA,NA,NA,NA,"negative"
"Pityogenes hopkinsi","ASV_22122",-2.36069813500166,0.016,0.0766404833836858,0.536888888888889,"Curculionidae","Scolytinae","Pityogenes","Pityogenes hopkinsi","k__Fungi","p__Ascomycota","c__Sordariomycetes","o__Diaporthales","f__Melanconidaceae","g__Melanconiella","s__elegans","negative"
"Pityogenes hopkinsi","ASV_23001",-2.15700311973482,0.016,0.0766404833836858,0.536888888888889,"Curculionidae","Scolytinae","Pityogenes","Pityogenes hopkinsi","k__Fungi","p__Ascomycota","c__Dothideomycetes","o__Dothideales",NA,NA,NA,"negative"
"Pityogenes hopkinsi","ASV_25019",-2.55273177019335,0.016,0.0766404833836858,0.536888888888889,"Curculionidae","Scolytinae","Pityogenes","Pityogenes hopkinsi","k__Fungi",NA,NA,NA,NA,NA,NA,"negative"
"Pityogenes hopkinsi","ASV_25057",-2.99956446069832,0.016,0.0766404833836858,0.536888888888889,"Curculionidae","Scolytinae","Pityogenes","Pityogenes hopkinsi","k__Fungi","p__Ascomycota","c__Lecanoromycetes","o__Caliciales","f__Caliciaceae",NA,NA,"negative"
"Pityogenes hopkinsi","ASV_725",-2.18075952110096,0.017,0.079275,0.542198065764023,"Curculionidae","Scolytinae","Pityogenes","Pityogenes hopkinsi","k__Fungi","p__Ascomycota","c__Dothideomycetes","o__Dothideales","f__Saccotheciaceae","g__Aureobasidium","s__pullulans","negative"
"Pityogenes hopkinsi","ASV_800",2.25267070465895,0.017,0.079275,0.542198065764023,"Curculionidae","Scolytinae","Pityogenes","Pityogenes hopkinsi","k__Fungi","p__Ascomycota","c__Dothideomycetes","o__Pleosporales",NA,NA,NA,"positive"
"Pityogenes hopkinsi","ASV_975",2.46187696795308,0.017,0.079275,0.542198065764023,"Curculionidae","Scolytinae","Pityogenes","Pityogenes hopkinsi","k__Fungi","p__Ascomycota",NA,NA,NA,NA,NA,"positive"
"Pityogenes hopkinsi","ASV_1147",-2.46857708055548,0.017,0.079275,0.542198065764023,"Curculionidae","Scolytinae","Pityogenes","Pityogenes hopkinsi","k__Fungi","p__Basidiomycota","c__Agaricomycetes","o__Polyporales","f__Irpicaceae","g__Ceriporia","s__lacerata","negative"
"Pityogenes hopkinsi","ASV_1169",2.44249759840621,0.017,0.079275,0.542198065764023,"Curculionidae","Scolytinae","Pityogenes","Pityogenes hopkinsi","k__Fungi","p__Ascomycota","c__Dothideomycetes","o__Pleosporales","f__Lentitheciaceae","g__Lentitheciaceae_gen_Incertae_sedis",NA,"positive"
"Pityogenes hopkinsi","ASV_2274",1.72699751383191,0.017,0.079275,0.542198065764023,"Curculionidae","Scolytinae","Pityogenes","Pityogenes hopkinsi","k__Fungi","p__Ascomycota","c__Dothideomycetes","o__Pleosporales","f__Cucurbitariaceae","g__Neocucurbitaria","s__quercina","positive"
"Pityogenes hopkinsi","ASV_2284",-1.83403682387839,0.017,0.079275,0.542198065764023,"Curculionidae","Scolytinae","Pityogenes","Pityogenes hopkinsi","k__Fungi","p__Basidiomycota","c__Cystobasidiomycetes","o__Cystobasidiomycetes_ord_Incertae_sedis","f__Symmetrosporaceae","g__Symmetrospora","s__foliicola","negative"
"Pityogenes hopkinsi","ASV_2669",2.66182255229284,0.017,0.079275,0.542198065764023,"Curculionidae","Scolytinae","Pityogenes","Pityogenes hopkinsi","k__Fungi","p__Ascomycota","c__Sordariomycetes","o__Xylariales","f__Diatrypaceae","g__Diatrypella","s__betulae","positive"
"Pityogenes hopkinsi","ASV_2943",-2.26521289005394,0.017,0.079275,0.542198065764023,"Curculionidae","Scolytinae","Pityogenes","Pityogenes hopkinsi","k__Fungi","p__Ascomycota","c__Dothideomycetes","o__Pleosporales","f__Pleosporaceae","g__Alternaria","s__metachromatica","negative"
"Pityogenes hopkinsi","ASV_2988",2.7719713664396,0.017,0.079275,0.542198065764023,"Curculionidae","Scolytinae","Pityogenes","Pityogenes hopkinsi","k__Fungi","p__Basidiomycota","c__Agaricomycetes","o__Polyporales","f__Phanerochaetaceae","g__Bjerkandera","s__adusta","positive"
"Pityogenes hopkinsi","ASV_4046",2.40649970974463,0.017,0.079275,0.542198065764023,"Curculionidae","Scolytinae","Pityogenes","Pityogenes hopkinsi","k__Fungi","p__Ascomycota","c__Dothideomycetes","o__Dothideales","f__Dothideales_fam_Incertae_sedis","g__Dothideales_gen_Incertae_sedis",NA,"positive"
"Pityogenes hopkinsi","ASV_4267",2.95942419673462,0.017,0.079275,0.542198065764023,"Curculionidae","Scolytinae","Pityogenes","Pityogenes hopkinsi","k__Fungi","p__Basidiomycota",NA,NA,NA,NA,NA,"positive"
"Pityogenes hopkinsi","ASV_4617",2.46457794286428,0.017,0.079275,0.542198065764023,"Curculionidae","Scolytinae","Pityogenes","Pityogenes hopkinsi","k__Fungi","p__Ascomycota","c__Lecanoromycetes","o__Caliciales",NA,NA,NA,"positive"
"Pityogenes hopkinsi","ASV_4971",-2.33354986501429,0.017,0.079275,0.542198065764023,"Curculionidae","Scolytinae","Pityogenes","Pityogenes hopkinsi","k__Fungi","p__Basidiomycota","c__Tremellomycetes","o__Tremellales","f__Trimorphomycetaceae","g__Saitozyma",NA,"negative"
"Pityogenes hopkinsi","ASV_5096",2.14042244095097,0.017,0.079275,0.542198065764023,"Curculionidae","Scolytinae","Pityogenes","Pityogenes hopkinsi","k__Fungi","p__Ascomycota","c__Sordariomycetes","o__Xylariales","f__Diatrypaceae","g__Diatrype","s__stigma","positive"
"Pityogenes hopkinsi","ASV_5353",-2.66614539063331,0.017,0.079275,0.542198065764023,"Curculionidae","Scolytinae","Pityogenes","Pityogenes hopkinsi","k__Fungi","p__Ascomycota","c__Dothideomycetes",NA,NA,NA,NA,"negative"
"Pityogenes hopkinsi","ASV_5685",-2.41402629959397,0.017,0.079275,0.542198065764023,"Curculionidae","Scolytinae","Pityogenes","Pityogenes hopkinsi","k__Fungi","p__Basidiomycota","c__Agaricomycetes","o__Russulales","f__Peniophoraceae","g__Peniophora",NA,"negative"
"Pityogenes hopkinsi","ASV_6175",-2.32606472726661,0.017,0.079275,0.542198065764023,"Curculionidae","Scolytinae","Pityogenes","Pityogenes hopkinsi","k__Fungi","p__Basidiomycota","c__Exobasidiomycetes","o__Microstromatales","f__Microstromatales_fam_Incertae_sedis","g__Pseudomicrostroma","s__phylloplanum","negative"
"Pityogenes hopkinsi","ASV_6671",2.49828365244539,0.017,0.079275,0.542198065764023,"Curculionidae","Scolytinae","Pityogenes","Pityogenes hopkinsi","k__Fungi","p__Basidiomycota","c__Agaricostilbomycetes","o__Agaricostilbales","f__Chionosphaeraceae",NA,NA,"positive"
"Pityogenes hopkinsi","ASV_7450",-2.93710234223703,0.017,0.079275,0.542198065764023,"Curculionidae","Scolytinae","Pityogenes","Pityogenes hopkinsi","k__Fungi","p__Ascomycota",NA,NA,NA,NA,NA,"negative"
"Pityogenes hopkinsi","ASV_7985",-1.95973827656009,0.017,0.079275,0.542198065764023,"Curculionidae","Scolytinae","Pityogenes","Pityogenes hopkinsi","k__Fungi","p__Basidiomycota","c__Microbotryomycetes","o__Microbotryomycetes_ord_Incertae_sedis","f__Chrysozymaceae","g__Trigonosporomyces",NA,"negative"
"Pityogenes hopkinsi","ASV_8458",-1.85775419393464,0.017,0.079275,0.542198065764023,"Curculionidae","Scolytinae","Pityogenes","Pityogenes hopkinsi","k__Fungi","p__Ascomycota","c__Dothideomycetes","o__Dothideales","f__Saccotheciaceae","g__Aureobasidium",NA,"negative"
"Pityogenes hopkinsi","ASV_8708",-2.7248753010922,0.017,0.079275,0.542198065764023,"Curculionidae","Scolytinae","Pityogenes","Pityogenes hopkinsi","k__Fungi","p__Basidiomycota","c__Agaricomycetes","o__Polyporales","f__Ganodermataceae","g__Ganoderma",NA,"negative"
"Pityogenes hopkinsi","ASV_10147",-2.22985943435457,0.017,0.079275,0.542198065764023,"Curculionidae","Scolytinae","Pityogenes","Pityogenes hopkinsi","k__Fungi","p__Basidiomycota","c__Agaricomycetes","o__Russulales","f__Peniophoraceae","g__Peniophora","s__versiformis","negative"
"Pityogenes hopkinsi","ASV_11409",-2.64236151673634,0.017,0.079275,0.542198065764023,"Curculionidae","Scolytinae","Pityogenes","Pityogenes hopkinsi","k__Fungi","p__Basidiomycota","c__Agaricomycetes","o__Russulales","f__Peniophoraceae","g__Peniophora","s__cinerea","negative"
"Pityogenes hopkinsi","ASV_12230",-2.42634500481502,0.017,0.079275,0.542198065764023,"Curculionidae","Scolytinae","Pityogenes","Pityogenes hopkinsi","k__Fungi","p__Basidiomycota","c__Tremellomycetes","o__Tremellales","f__Phaeotremellaceae","g__Phaeotremella",NA,"negative"
"Pityogenes hopkinsi","ASV_13478",2.76122217913865,0.017,0.079275,0.542198065764023,"Curculionidae","Scolytinae","Pityogenes","Pityogenes hopkinsi","k__Fungi","p__Ascomycota","c__Sordariomycetes","o__Xylariales","f__Diatrypaceae","g__Diatrype","s__stigma","positive"
"Pityogenes hopkinsi","ASV_13847",-2.64075885040693,0.017,0.079275,0.542198065764023,"Curculionidae","Scolytinae","Pityogenes","Pityogenes hopkinsi","k__Fungi","p__Basidiomycota","c__Agaricomycetes","o__Agaricomycetes_ord_Incertae_sedis","f__Xenasmataceae","g__Xenasma","s__pruinosum","negative"
"Pityogenes hopkinsi","ASV_14111",-2.34194571552977,0.017,0.079275,0.542198065764023,"Curculionidae","Scolytinae","Pityogenes","Pityogenes hopkinsi","k__Fungi",NA,NA,NA,NA,NA,NA,"negative"
"Pityogenes hopkinsi","ASV_16147",-2.11204922799153,0.017,0.079275,0.542198065764023,"Curculionidae","Scolytinae","Pityogenes","Pityogenes hopkinsi","k__Fungi","p__Basidiomycota","c__Agaricomycetes","o__Polyporales","f__Meripilaceae","g__Meripilaceae_gen_Incertae_sedis",NA,"negative"
"Pityogenes hopkinsi","ASV_16499",-2.19369514288377,0.017,0.079275,0.542198065764023,"Curculionidae","Scolytinae","Pityogenes","Pityogenes hopkinsi","k__Fungi","p__Basidiomycota","c__Tremellomycetes","o__Tremellales","f__Rhynchogastremataceae","g__Rhynchogastrema","s__visegradensis","negative"
"Pityogenes hopkinsi","ASV_20136",-2.30529498229814,0.017,0.079275,0.542198065764023,"Curculionidae","Scolytinae","Pityogenes","Pityogenes hopkinsi","k__Fungi","p__Basidiomycota",NA,NA,NA,NA,NA,"negative"
"Pityogenes hopkinsi","ASV_20272",-2.48900082490202,0.017,0.079275,0.542198065764023,"Curculionidae","Scolytinae","Pityogenes","Pityogenes hopkinsi","k__Fungi","p__Basidiomycota","c__Agaricomycetes","o__Hymenochaetales","f__Tubulicrinaceae","g__Tubulicrinis","s__chaetophorus","negative"
"Pityogenes hopkinsi","ASV_22717",-2.33537824530603,0.017,0.079275,0.542198065764023,"Curculionidae","Scolytinae","Pityogenes","Pityogenes hopkinsi","k__Fungi","p__Ascomycota","c__Dothideomycetes","o__Dothideales",NA,NA,NA,"negative"
"Pityogenes hopkinsi","ASV_24684",-2.44220206486876,0.017,0.079275,0.542198065764023,"Curculionidae","Scolytinae","Pityogenes","Pityogenes hopkinsi","k__Fungi","p__Basidiomycota","c__Tremellomycetes","o__Tremellales","f__Rhynchogastremataceae","g__Papiliotrema","s__fusca","negative"
"Pityogenes hopkinsi","ASV_25227",-3.51701541713685,0.017,0.079275,0.542198065764023,"Curculionidae","Scolytinae","Pityogenes","Pityogenes hopkinsi","k__Fungi","p__Ascomycota","c__Dothideomycetes","o__Pleosporales",NA,NA,NA,"negative"
"Pityogenes hopkinsi","ASV_281",2.77662740989344,0.018,0.0822449567723343,0.548624029574861,"Curculionidae","Scolytinae","Pityogenes","Pityogenes hopkinsi","k__Fungi","p__Ascomycota",NA,NA,NA,NA,NA,"positive"
"Pityogenes hopkinsi","ASV_545",2.77051672716808,0.018,0.0822449567723343,0.548624029574861,"Curculionidae","Scolytinae","Pityogenes","Pityogenes hopkinsi","k__Fungi","p__Ascomycota","c__Sordariomycetes","o__Diaporthales","f__Valsaceae","g__Cytospora",NA,"positive"
"Pityogenes hopkinsi","ASV_1090",-2.58188901667686,0.018,0.0822449567723343,0.548624029574861,"Curculionidae","Scolytinae","Pityogenes","Pityogenes hopkinsi","k__Fungi","p__Basidiomycota","c__Tremellomycetes","o__Tremellomycetes_ord_Incertae_sedis","f__Tremellomycetes_fam_Incertae_sedis","g__Tremellomycetes_gen_Incertae_sedis",NA,"negative"
"Pityogenes hopkinsi","ASV_1616",3.02236772361305,0.018,0.0822449567723343,0.548624029574861,"Curculionidae","Scolytinae","Pityogenes","Pityogenes hopkinsi","k__Fungi","p__Ascomycota","c__Leotiomycetes","o__Rhytismatales","f__Rhytismataceae","g__Coccomyces","s__strobi","positive"
"Pityogenes hopkinsi","ASV_1632",2.98125195187859,0.018,0.0822449567723343,0.548624029574861,"Curculionidae","Scolytinae","Pityogenes","Pityogenes hopkinsi","k__Fungi","p__Ascomycota","c__Sordariomycetes","o__Diaporthales","f__Valsaceae","g__Cytospora","s__predappioensis","positive"
"Pityogenes hopkinsi","ASV_1736",2.79464975400949,0.018,0.0822449567723343,0.548624029574861,"Curculionidae","Scolytinae","Pityogenes","Pityogenes hopkinsi","k__Fungi","p__Ascomycota","c__Lecanoromycetes","o__Lecanorales","f__Cladoniaceae","g__Cladonia","s__macilenta","positive"
"Pityogenes hopkinsi","ASV_1836",-2.37335853209595,0.018,0.0822449567723343,0.548624029574861,"Curculionidae","Scolytinae","Pityogenes","Pityogenes hopkinsi","k__Fungi","p__Ascomycota","c__Sordariomycetes","o__Diaporthales","f__Valsaceae","g__Cytospora",NA,"negative"
"Pityogenes hopkinsi","ASV_2132",-3.19231140247457,0.018,0.0822449567723343,0.548624029574861,"Curculionidae","Scolytinae","Pityogenes","Pityogenes hopkinsi","k__Fungi","p__Basidiomycota","c__Agaricomycetes","o__Polyporales","f__Polyporaceae","g__Neofavolus",NA,"negative"
"Pityogenes hopkinsi","ASV_2360",2.93029572683387,0.018,0.0822449567723343,0.548624029574861,"Curculionidae","Scolytinae","Pityogenes","Pityogenes hopkinsi","k__Fungi","p__Basidiomycota","c__Tremellomycetes","o__Tremellales","f__Trimorphomycetaceae","g__Trimorphomyces",NA,"positive"
"Pityogenes hopkinsi","ASV_3424",-2.02490640326504,0.018,0.0822449567723343,0.548624029574861,"Curculionidae","Scolytinae","Pityogenes","Pityogenes hopkinsi","k__Fungi","p__Ascomycota","c__Lecanoromycetes","o__Lecanorales","f__Parmeliaceae","g__Flavoparmelia","s__caperata","negative"
"Pityogenes hopkinsi","ASV_4474",-2.27548867924159,0.018,0.0822449567723343,0.548624029574861,"Curculionidae","Scolytinae","Pityogenes","Pityogenes hopkinsi","k__Fungi","p__Ascomycota","c__Eurotiomycetes","o__Chaetothyriales","f__Herpotrichiellaceae","g__Neocladophialophora","s__quercina","negative"
"Pityogenes hopkinsi","ASV_6448",2.39818443292129,0.018,0.0822449567723343,0.548624029574861,"Curculionidae","Scolytinae","Pityogenes","Pityogenes hopkinsi","k__Fungi","p__Basidiomycota","c__Agaricomycetes",NA,NA,NA,NA,"positive"
"Pityogenes hopkinsi","ASV_7348",-2.61707286538866,0.018,0.0822449567723343,0.548624029574861,"Curculionidae","Scolytinae","Pityogenes","Pityogenes hopkinsi","k__Fungi","p__Ascomycota",NA,NA,NA,NA,NA,"negative"
"Pityogenes hopkinsi","ASV_7949",-1.92724824563517,0.018,0.0822449567723343,0.548624029574861,"Curculionidae","Scolytinae","Pityogenes","Pityogenes hopkinsi","k__Fungi","p__Ascomycota",NA,NA,NA,NA,NA,"negative"
"Pityogenes hopkinsi","ASV_8098",2.52589058834037,0.018,0.0822449567723343,0.548624029574861,"Curculionidae","Scolytinae","Pityogenes","Pityogenes hopkinsi","k__Fungi",NA,NA,NA,NA,NA,NA,"positive"
"Pityogenes hopkinsi","ASV_8616",-2.15085855303327,0.018,0.0822449567723343,0.548624029574861,"Curculionidae","Scolytinae","Pityogenes","Pityogenes hopkinsi","k__Fungi","p__Ascomycota","c__Dothideomycetes","o__Mycosphaerellales","f__Mycosphaerellaceae","g__Zymoseptoria",NA,"negative"
"Pityogenes hopkinsi","ASV_9443",3.50194020245973,0.018,0.0822449567723343,0.548624029574861,"Curculionidae","Scolytinae","Pityogenes","Pityogenes hopkinsi","k__Fungi","p__Ascomycota","c__Eurotiomycetes","o__Verrucariales","f__Verrucariaceae","g__Verrucariaceae_gen_Incertae_sedis",NA,"positive"
"Pityogenes hopkinsi","ASV_9516",2.44925702640073,0.018,0.0822449567723343,0.548624029574861,"Curculionidae","Scolytinae","Pityogenes","Pityogenes hopkinsi","k__Fungi","p__Ascomycota","c__Sordariomycetes","o__Diaporthales","f__Valsaceae","g__Cytospora",NA,"positive"
"Pityogenes hopkinsi","ASV_11609",-2.37503756275955,0.018,0.0822449567723343,0.548624029574861,"Curculionidae","Scolytinae","Pityogenes","Pityogenes hopkinsi","k__Fungi","p__Ascomycota","c__Dothideomycetes","o__Capnodiales","f__Cladosporiaceae","g__Cladosporium","s__herbarum","negative"
"Pityogenes hopkinsi","ASV_11647",-2.99001209093568,0.018,0.0822449567723343,0.548624029574861,"Curculionidae","Scolytinae","Pityogenes","Pityogenes hopkinsi","k__Fungi","p__Ascomycota","c__Eurotiomycetes","o__Chaetothyriales","f__Herpotrichiellaceae","g__Phialophora","s__macrospora","negative"
"Pityogenes hopkinsi","ASV_12983",-2.965654507538,0.018,0.0822449567723343,0.548624029574861,"Curculionidae","Scolytinae","Pityogenes","Pityogenes hopkinsi","k__Fungi","p__Ascomycota","c__Dothideomycetes",NA,NA,NA,NA,"negative"
"Pityogenes hopkinsi","ASV_15224",-2.44777444374777,0.018,0.0822449567723343,0.548624029574861,"Curculionidae","Scolytinae","Pityogenes","Pityogenes hopkinsi","k__Fungi","p__Ascomycota","c__Dothideomycetes","o__Dothideales","f__Dothioraceae","g__Dothiora",NA,"negative"
"Pityogenes hopkinsi","ASV_16721",-2.1224900085455,0.018,0.0822449567723343,0.548624029574861,"Curculionidae","Scolytinae","Pityogenes","Pityogenes hopkinsi","k__Fungi","p__Ascomycota","c__Dothideomycetes","o__Capnodiales","f__Cladosporiaceae","g__Cladosporium","s__herbarum","negative"
"Pityogenes hopkinsi","ASV_17028",-2.60069923251166,0.018,0.0822449567723343,0.548624029574861,"Curculionidae","Scolytinae","Pityogenes","Pityogenes hopkinsi","k__Fungi","p__Basidiomycota","c__Agaricomycetes","o__Hymenochaetales","f__Hymenochaetaceae","g__Phellinus","s__viticola","negative"
"Pityogenes hopkinsi","ASV_17401",-2.0540430717125,0.018,0.0822449567723343,0.548624029574861,"Curculionidae","Scolytinae","Pityogenes","Pityogenes hopkinsi","k__Fungi","p__Ascomycota","c__Dothideomycetes","o__Pleosporales","f__Didymosphaeriaceae","g__Paraphaeosphaeria","s__viridescens","negative"
"Pityogenes hopkinsi","ASV_18118",-2.74073900387077,0.018,0.0822449567723343,0.548624029574861,"Curculionidae","Scolytinae","Pityogenes","Pityogenes hopkinsi","k__Fungi","p__Ascomycota","c__Dothideomycetes","o__Myriangiales","f__Elsinoaceae","g__Elsinoe","s__heveae","negative"
"Pityogenes hopkinsi","ASV_21587",-2.41854236115759,0.018,0.0822449567723343,0.548624029574861,"Curculionidae","Scolytinae","Pityogenes","Pityogenes hopkinsi","k__Fungi","p__Ascomycota","c__Sordariomycetes","o__Xylariales","f__Diatrypaceae","g__Eutypa","s__tetragona","negative"
"Pityogenes hopkinsi","ASV_25714",-2.5081422973275,0.018,0.0822449567723343,0.548624029574861,"Curculionidae","Scolytinae","Pityogenes","Pityogenes hopkinsi","k__Fungi","p__Basidiomycota","c__Atractiellomycetes","o__Atractiellales","f__Phleogenaceae","g__Helicogloea","s__insularis","negative"
"Pityogenes hopkinsi","ASV_223",2.3166699146123,0.019,0.0852781316348195,0.554373245251858,"Curculionidae","Scolytinae","Pityogenes","Pityogenes hopkinsi","k__Fungi","p__Ascomycota","c__Eurotiomycetes","o__Chaetothyriales","f__Herpotrichiellaceae","g__Exophiala","s__jeanselmei","positive"
"Pityogenes hopkinsi","ASV_461",2.24669063587811,0.019,0.0852781316348195,0.554373245251858,"Curculionidae","Scolytinae","Pityogenes","Pityogenes hopkinsi","k__Fungi","p__Ascomycota",NA,NA,NA,NA,NA,"positive"
"Pityogenes hopkinsi","ASV_513",2.61560328543405,0.019,0.0852781316348195,0.554373245251858,"Curculionidae","Scolytinae","Pityogenes","Pityogenes hopkinsi","k__Fungi","p__Ascomycota","c__Eurotiomycetes","o__Phaeomoniellales",NA,NA,NA,"positive"
"Pityogenes hopkinsi","ASV_699",2.67555082127673,0.019,0.0852781316348195,0.554373245251858,"Curculionidae","Scolytinae","Pityogenes","Pityogenes hopkinsi","k__Fungi","p__Ascomycota","c__Eurotiomycetes","o__Coryneliales","f__Coryneliaceae","g__Coryneliaceae_gen_Incertae_sedis",NA,"positive"
"Pityogenes hopkinsi","ASV_1584",3.23620348714197,0.019,0.0852781316348195,0.554373245251858,"Curculionidae","Scolytinae","Pityogenes","Pityogenes hopkinsi","k__Fungi","p__Ascomycota","c__Sordariomycetes","o__Diaporthales","f__Valsaceae","g__Cryptosphaeria","s__eunomia","positive"
"Pityogenes hopkinsi","ASV_1708",2.2709623998617,0.019,0.0852781316348195,0.554373245251858,"Curculionidae","Scolytinae","Pityogenes","Pityogenes hopkinsi","k__Fungi","p__Basidiomycota","c__Agaricomycetes","o__Polyporales","f__Fomitopsidaceae","g__Neoantrodia","s__angusta","positive"
"Pityogenes hopkinsi","ASV_2354",-2.44683519995023,0.019,0.0852781316348195,0.554373245251858,"Curculionidae","Scolytinae","Pityogenes","Pityogenes hopkinsi","k__Fungi","p__Ascomycota","c__Dothideomycetes","o__Botryosphaeriales","f__Botryosphaeriaceae","g__Diplodia",NA,"negative"
"Pityogenes hopkinsi","ASV_2768",-2.03427692567541,0.019,0.0852781316348195,0.554373245251858,"Curculionidae","Scolytinae","Pityogenes","Pityogenes hopkinsi","k__Fungi","p__Ascomycota","c__Saccharomycetes","o__Saccharomycetales","f__Saccharomycetales_fam_Incertae_sedis","g__Teunomyces","s__kruisii","negative"
"Pityogenes hopkinsi","ASV_3003",-1.93440051034008,0.019,0.0852781316348195,0.554373245251858,"Curculionidae","Scolytinae","Pityogenes","Pityogenes hopkinsi","k__Fungi","p__Ascomycota","c__Dothideomycetes","o__Dothideales","f__Saccotheciaceae","g__Aureobasidium","s__pullulans","negative"
"Pityogenes hopkinsi","ASV_4353",-1.89739485669344,0.019,0.0852781316348195,0.554373245251858,"Curculionidae","Scolytinae","Pityogenes","Pityogenes hopkinsi","k__Fungi","p__Ascomycota","c__Sordariomycetes","o__Xylariales","f__Diatrypaceae",NA,NA,"negative"
"Pityogenes hopkinsi","ASV_5229",2.30851137996508,0.019,0.0852781316348195,0.554373245251858,"Curculionidae","Scolytinae","Pityogenes","Pityogenes hopkinsi","k__Fungi","p__Ascomycota","c__Leotiomycetes","o__Helotiales",NA,NA,NA,"positive"
"Pityogenes hopkinsi","ASV_5593",2.34287604409074,0.019,0.0852781316348195,0.554373245251858,"Curculionidae","Scolytinae","Pityogenes","Pityogenes hopkinsi","k__Fungi",NA,NA,NA,NA,NA,NA,"positive"
"Pityogenes hopkinsi","ASV_7891",-2.75867874924179,0.019,0.0852781316348195,0.554373245251858,"Curculionidae","Scolytinae","Pityogenes","Pityogenes hopkinsi","k__Fungi","p__Basidiomycota","c__Agaricomycetes","o__Russulales","f__Peniophoraceae","g__Peniophora","s__cinerea","negative"
"Pityogenes hopkinsi","ASV_8340",-2.41464478951578,0.019,0.0852781316348195,0.554373245251858,"Curculionidae","Scolytinae","Pityogenes","Pityogenes hopkinsi","k__Fungi","p__Basidiomycota","c__Cystobasidiomycetes","o__Cystobasidiales","f__Cystobasidiaceae","g__Cystobasidium","s__pinicola","negative"
"Pityogenes hopkinsi","ASV_9438",-2.20104510583097,0.019,0.0852781316348195,0.554373245251858,"Curculionidae","Scolytinae","Pityogenes","Pityogenes hopkinsi","k__Fungi",NA,NA,NA,NA,NA,NA,"negative"
"Pityogenes hopkinsi","ASV_9769",-2.12560313491737,0.019,0.0852781316348195,0.554373245251858,"Curculionidae","Scolytinae","Pityogenes","Pityogenes hopkinsi","k__Fungi","p__Ascomycota","c__Taphrinomycetes","o__Taphrinales","f__Taphrinaceae","g__Taphrina","s__inositophila","negative"
"Pityogenes hopkinsi","ASV_10146",-2.29296791901091,0.019,0.0852781316348195,0.554373245251858,"Curculionidae","Scolytinae","Pityogenes","Pityogenes hopkinsi","k__Fungi","p__Basidiomycota","c__Agaricomycetes","o__Russulales","f__Peniophoraceae","g__Peniophora",NA,"negative"
"Pityogenes hopkinsi","ASV_10271",3.03378059438867,0.019,0.0852781316348195,0.554373245251858,"Curculionidae","Scolytinae","Pityogenes","Pityogenes hopkinsi","k__Fungi","p__Ascomycota","c__Dothideomycetes","o__Mytilinidiales","f__Mytilinidiaceae","g__Mytilinidion","s__insulare","positive"
"Pityogenes hopkinsi","ASV_10522",-1.6910355080524,0.019,0.0852781316348195,0.554373245251858,"Curculionidae","Scolytinae","Pityogenes","Pityogenes hopkinsi","k__Fungi","p__Ascomycota","c__Leotiomycetes",NA,NA,NA,NA,"negative"
"Pityogenes hopkinsi","ASV_12006",-2.67815682423692,0.019,0.0852781316348195,0.554373245251858,"Curculionidae","Scolytinae","Pityogenes","Pityogenes hopkinsi","k__Fungi","p__Basidiomycota","c__Agaricomycetes","o__Polyporales","f__Meruliaceae","g__Scopuloides","s__hydnoides","negative"
"Pityogenes hopkinsi","ASV_12032",-2.48704221439895,0.019,0.0852781316348195,0.554373245251858,"Curculionidae","Scolytinae","Pityogenes","Pityogenes hopkinsi","k__Fungi",NA,NA,NA,NA,NA,NA,"negative"
"Pityogenes hopkinsi","ASV_13276",-2.44295680713529,0.019,0.0852781316348195,0.554373245251858,"Curculionidae","Scolytinae","Pityogenes","Pityogenes hopkinsi","k__Fungi","p__Ascomycota","c__Dothideomycetes",NA,NA,NA,NA,"negative"
"Pityogenes hopkinsi","ASV_13952",-2.43814987352054,0.019,0.0852781316348195,0.554373245251858,"Curculionidae","Scolytinae","Pityogenes","Pityogenes hopkinsi","k__Fungi","p__Ascomycota",NA,NA,NA,NA,NA,"negative"
"Pityogenes hopkinsi","ASV_21046",-2.19806922524045,0.019,0.0852781316348195,0.554373245251858,"Curculionidae","Scolytinae","Pityogenes","Pityogenes hopkinsi","k__Fungi","p__Ascomycota","c__Dothideomycetes","o__Pleosporales","f__Didymellaceae",NA,NA,"negative"
"Pityogenes hopkinsi","ASV_24281",-2.23319331712947,0.019,0.0852781316348195,0.554373245251858,"Curculionidae","Scolytinae","Pityogenes","Pityogenes hopkinsi","k__Fungi","p__Basidiomycota","c__Agaricomycetes","o__Russulales","f__Gloeocystidiellaceae","g__Gloeocystidiellum","s__kenyense","negative"
"Xyleborinus attenuatus","ASV_104",-3.35825475264977,0.003,0.0864818181818182,0.367515601783061,"Curculionidae","Scolytinae","Xyleborinus","Xyleborinus attenuatus","k__Fungi","p__Ascomycota","c__Dothideomycetes","o__Dothideales","f__Dothioraceae","g__Dothiora",NA,"negative"
"Xyleborinus attenuatus","ASV_160",-3.3206991150259,0.003,0.0864818181818182,0.367515601783061,"Curculionidae","Scolytinae","Xyleborinus","Xyleborinus attenuatus","k__Fungi","p__Ascomycota","c__Taphrinomycetes","o__Taphrinales","f__Taphrinaceae","g__Taphrina","s__sacchari","negative"
"Xyleborinus attenuatus","ASV_162",-3.57830457433998,0.003,0.0864818181818182,0.367515601783061,"Curculionidae","Scolytinae","Xyleborinus","Xyleborinus attenuatus","k__Fungi","p__Basidiomycota","c__Tremellomycetes","o__Tremellales","f__Bulleribasidiaceae","g__Vishniacozyma","s__victoriae","negative"
"Xyleborinus attenuatus","ASV_181",3.31678299696113,0.003,0.0864818181818182,0.367515601783061,"Curculionidae","Scolytinae","Xyleborinus","Xyleborinus attenuatus","k__Fungi","p__Ascomycota","c__Lecanoromycetes","o__Lecanorales","f__Parmeliaceae","g__Flavoparmelia","s__caperata","positive"
"Xyleborinus attenuatus","ASV_208",2.51099527383017,0.003,0.0864818181818182,0.367515601783061,"Curculionidae","Scolytinae","Xyleborinus","Xyleborinus attenuatus","k__Fungi","p__Ascomycota","c__Dothideomycetes","o__Pleosporales","f__Cucurbitariaceae","g__Pyrenochaetopsis","s__leptospora","positive"
"Xyleborinus attenuatus","ASV_272",3.4105495550981,0.003,0.0864818181818182,0.367515601783061,"Curculionidae","Scolytinae","Xyleborinus","Xyleborinus attenuatus","k__Fungi","p__Ascomycota","c__Sordariomycetes","o__Diaporthales","f__Valsaceae","g__Cytospora","s__prunicola","positive"
"Xyleborinus attenuatus","ASV_318",2.79271362677081,0.003,0.0864818181818182,0.367515601783061,"Curculionidae","Scolytinae","Xyleborinus","Xyleborinus attenuatus","k__Fungi","p__Ascomycota","c__Lecanoromycetes","o__Lecanorales",NA,NA,NA,"positive"
"Xyleborinus attenuatus","ASV_384",-2.96671568135238,0.003,0.0864818181818182,0.367515601783061,"Curculionidae","Scolytinae","Xyleborinus","Xyleborinus attenuatus","k__Fungi","p__Ascomycota","c__Dothideomycetes","o__Capnodiales","f__Neoantennariellaceae","g__Cippumomyces","s__mortalis","negative"
"Xyleborinus attenuatus","ASV_385",-3.34000763589134,0.003,0.0864818181818182,0.367515601783061,"Curculionidae","Scolytinae","Xyleborinus","Xyleborinus attenuatus","k__Fungi","p__Basidiomycota","c__Tremellomycetes","o__Tremellales","f__Cryptococcaceae","g__Teunia","s__cuniculi","negative"
"Xyleborinus attenuatus","ASV_402",-2.90965033406628,0.003,0.0864818181818182,0.367515601783061,"Curculionidae","Scolytinae","Xyleborinus","Xyleborinus attenuatus","k__Fungi","p__Basidiomycota","c__Tremellomycetes","o__Filobasidiales","f__Filobasidiaceae","g__Naganishia","s__albida","negative"
"Xyleborinus attenuatus","ASV_490",-3.48551318050993,0.003,0.0864818181818182,0.367515601783061,"Curculionidae","Scolytinae","Xyleborinus","Xyleborinus attenuatus","k__Fungi","p__Ascomycota","c__Leotiomycetes","o__Helotiales","f__Hyaloscyphaceae","g__Venturiocistella",NA,"negative"
"Xyleborinus attenuatus","ASV_527",3.55705223860668,0.003,0.0864818181818182,0.367515601783061,"Curculionidae","Scolytinae","Xyleborinus","Xyleborinus attenuatus","k__Fungi","p__Ascomycota","c__Eurotiomycetes","o__Chaetothyriales","f__Epibryaceae","g__Epibryon","s__interlamellare","positive"
"Xyleborinus attenuatus","ASV_586",2.89226760798344,0.003,0.0864818181818182,0.367515601783061,"Curculionidae","Scolytinae","Xyleborinus","Xyleborinus attenuatus","k__Fungi","p__Ascomycota","c__Sordariomycetes","o__Diaporthales","f__Valsaceae","g__Cytospora","s__populina","positive"
"Xyleborinus attenuatus","ASV_601",3.15815267656794,0.003,0.0864818181818182,0.367515601783061,"Curculionidae","Scolytinae","Xyleborinus","Xyleborinus attenuatus","k__Fungi",NA,NA,NA,NA,NA,NA,"positive"
"Xyleborinus attenuatus","ASV_704",-3.42836953499079,0.003,0.0864818181818182,0.367515601783061,"Curculionidae","Scolytinae","Xyleborinus","Xyleborinus attenuatus","k__Fungi","p__Ascomycota","c__Dothideomycetes","o__Dothideales","f__Saccotheciaceae","g__Aureobasidium","s__pullulans","negative"
"Xyleborinus attenuatus","ASV_906",2.80085287012546,0.003,0.0864818181818182,0.367515601783061,"Curculionidae","Scolytinae","Xyleborinus","Xyleborinus attenuatus","k__Fungi","p__Ascomycota","c__Dothideomycetes","o__Capnodiales","f__Capnodiales_fam_Incertae_sedis","g__Capnodiales_gen_Incertae_sedis",NA,"positive"
"Xyleborinus attenuatus","ASV_919",2.55021597186986,0.003,0.0864818181818182,0.367515601783061,"Curculionidae","Scolytinae","Xyleborinus","Xyleborinus attenuatus","k__Fungi","p__Ascomycota","c__Leotiomycetes","o__Helotiales","f__Tympanidaceae","g__Tympanis","s__saligna","positive"
"Xyleborinus attenuatus","ASV_954",-3.35935384003101,0.003,0.0864818181818182,0.367515601783061,"Curculionidae","Scolytinae","Xyleborinus","Xyleborinus attenuatus","k__Fungi","p__Ascomycota","c__Dothideomycetes","o__Dothideales","f__Saccotheciaceae","g__Aureobasidium",NA,"negative"
"Xyleborinus attenuatus","ASV_1058",3.54896155351726,0.003,0.0864818181818182,0.367515601783061,"Curculionidae","Scolytinae","Xyleborinus","Xyleborinus attenuatus","k__Fungi","p__Ascomycota","c__Dothideomycetes","o__Pleosporales","f__Didymellaceae",NA,NA,"positive"
"Xyleborinus attenuatus","ASV_1059",3.02648007737112,0.003,0.0864818181818182,0.367515601783061,"Curculionidae","Scolytinae","Xyleborinus","Xyleborinus attenuatus","k__Fungi",NA,NA,NA,NA,NA,NA,"positive"
"Xyleborinus attenuatus","ASV_1202",-3.19584044048828,0.003,0.0864818181818182,0.367515601783061,"Curculionidae","Scolytinae","Xyleborinus","Xyleborinus attenuatus","k__Fungi","p__Ascomycota","c__Dothideomycetes","o__Dothideales","f__Saccotheciaceae","g__Aureobasidium","s__pullulans","negative"
"Xyleborinus attenuatus","ASV_1311",-3.05303203037445,0.003,0.0864818181818182,0.367515601783061,"Curculionidae","Scolytinae","Xyleborinus","Xyleborinus attenuatus","k__Fungi","p__Ascomycota","c__Dothideomycetes","o__Dothideales","f__Dothideaceae","g__Endoconidioma",NA,"negative"
"Xyleborinus attenuatus","ASV_1360",3.17660340319694,0.003,0.0864818181818182,0.367515601783061,"Curculionidae","Scolytinae","Xyleborinus","Xyleborinus attenuatus","k__Fungi","p__Ascomycota","c__Dothideomycetes","o__Pleosporales","f__Didymosphaeriaceae","g__Pseudopithomyces","s__rosae","positive"
"Xyleborinus attenuatus","ASV_1429",2.59462664647998,0.003,0.0864818181818182,0.367515601783061,"Curculionidae","Scolytinae","Xyleborinus","Xyleborinus attenuatus","k__Fungi","p__Ascomycota",NA,NA,NA,NA,NA,"positive"
"Xyleborinus attenuatus","ASV_1441",3.28890214843096,0.003,0.0864818181818182,0.367515601783061,"Curculionidae","Scolytinae","Xyleborinus","Xyleborinus attenuatus","k__Fungi","p__Ascomycota",NA,NA,NA,NA,NA,"positive"
"Xyleborinus attenuatus","ASV_1637",-3.62370222989331,0.003,0.0864818181818182,0.367515601783061,"Curculionidae","Scolytinae","Xyleborinus","Xyleborinus attenuatus","k__Fungi","p__Ascomycota","c__Sordariomycetes","o__Xylariales","f__Diatrypaceae","g__Diatrype","s__stigma","negative"
"Xyleborinus attenuatus","ASV_1656",-3.71338635757104,0.003,0.0864818181818182,0.367515601783061,"Curculionidae","Scolytinae","Xyleborinus","Xyleborinus attenuatus","k__Fungi","p__Basidiomycota","c__Cystobasidiomycetes",NA,NA,NA,NA,"negative"
"Xyleborinus attenuatus","ASV_1778",-3.59920964259544,0.003,0.0864818181818182,0.367515601783061,"Curculionidae","Scolytinae","Xyleborinus","Xyleborinus attenuatus","k__Fungi","p__Basidiomycota","c__Tremellomycetes","o__Filobasidiales","f__Filobasidiaceae","g__Filobasidium","s__dingjieense","negative"
"Xyleborinus attenuatus","ASV_1785",2.87313184974931,0.003,0.0864818181818182,0.367515601783061,"Curculionidae","Scolytinae","Xyleborinus","Xyleborinus attenuatus","k__Fungi",NA,NA,NA,NA,NA,NA,"positive"
"Xyleborinus attenuatus","ASV_1905",3.63188561515922,0.003,0.0864818181818182,0.367515601783061,"Curculionidae","Scolytinae","Xyleborinus","Xyleborinus attenuatus","k__Fungi","p__Ascomycota","c__Sordariomycetes","o__Diaporthales","f__Valsaceae","g__Cytospora","s__prunicola","positive"
"Xyleborinus attenuatus","ASV_2055",2.82479409624836,0.003,0.0864818181818182,0.367515601783061,"Curculionidae","Scolytinae","Xyleborinus","Xyleborinus attenuatus","k__Fungi","p__Ascomycota","c__Eurotiomycetes","o__Chaetothyriales","f__Herpotrichiellaceae",NA,NA,"positive"
"Xyleborinus attenuatus","ASV_2213",3.47236922865438,0.003,0.0864818181818182,0.367515601783061,"Curculionidae","Scolytinae","Xyleborinus","Xyleborinus attenuatus","k__Fungi","p__Ascomycota",NA,NA,NA,NA,NA,"positive"
"Xyleborinus attenuatus","ASV_2239",-3.51273960233912,0.003,0.0864818181818182,0.367515601783061,"Curculionidae","Scolytinae","Xyleborinus","Xyleborinus attenuatus","k__Fungi","p__Ascomycota","c__Dothideomycetes","o__Dothideales",NA,NA,NA,"negative"
"Xyleborinus attenuatus","ASV_2474",-3.32917534805449,0.003,0.0864818181818182,0.367515601783061,"Curculionidae","Scolytinae","Xyleborinus","Xyleborinus attenuatus","k__Fungi","p__Ascomycota","c__Dothideomycetes","o__Myriangiales","f__Endosporiaceae","g__Endosporium",NA,"negative"
"Xyleborinus attenuatus","ASV_2532",3.07136465431007,0.003,0.0864818181818182,0.367515601783061,"Curculionidae","Scolytinae","Xyleborinus","Xyleborinus attenuatus","k__Fungi","p__Ascomycota","c__Dothideomycetes","o__Pleosporales","f__Pseudopyrenochaetaceae","g__Pseudopyrenochaeta","s__terrestris","positive"
"Xyleborinus attenuatus","ASV_2856",2.95807911290514,0.003,0.0864818181818182,0.367515601783061,"Curculionidae","Scolytinae","Xyleborinus","Xyleborinus attenuatus","k__Fungi","p__Ascomycota","c__Sordariomycetes","o__Hypocreales","f__Ophiocordycipitaceae","g__Tolypocladium","s__pustulatum","positive"
"Xyleborinus attenuatus","ASV_3380",3.56906522360441,0.003,0.0864818181818182,0.367515601783061,"Curculionidae","Scolytinae","Xyleborinus","Xyleborinus attenuatus","k__Fungi","p__Ascomycota","c__Leotiomycetes","o__Helotiales","f__Sclerotiniaceae",NA,NA,"positive"
"Xyleborinus attenuatus","ASV_3655",-3.09711026533696,0.003,0.0864818181818182,0.367515601783061,"Curculionidae","Scolytinae","Xyleborinus","Xyleborinus attenuatus","k__Fungi","p__Ascomycota","c__Dothideomycetes","o__Dothideales","f__Dothideaceae",NA,NA,"negative"
"Xyleborinus attenuatus","ASV_4208",-2.65624218887907,0.003,0.0864818181818182,0.367515601783061,"Curculionidae","Scolytinae","Xyleborinus","Xyleborinus attenuatus","k__Fungi","p__Ascomycota","c__Leotiomycetes","o__Helotiales","f__Vibrisseaceae","g__Vibrissea","s__truncorum","negative"
"Xyleborinus attenuatus","ASV_5803",3.27870229871407,0.003,0.0864818181818182,0.367515601783061,"Curculionidae","Scolytinae","Xyleborinus","Xyleborinus attenuatus","k__Fungi","p__Ascomycota","c__Dothideomycetes","o__Mycosphaerellales","f__Mycosphaerellaceae","g__Acrodontium","s__luzulae","positive"
"Xyleborinus attenuatus","ASV_6162",3.3184222281349,0.003,0.0864818181818182,0.367515601783061,"Curculionidae","Scolytinae","Xyleborinus","Xyleborinus attenuatus","k__Fungi","p__Basidiomycota","c__Agaricomycetes","o__Polyporales","f__Phanerochaetaceae","g__Phanerochaete","s__sordida","positive"
"Xyleborinus attenuatus","ASV_12424",2.65220593337318,0.003,0.0864818181818182,0.367515601783061,"Curculionidae","Scolytinae","Xyleborinus","Xyleborinus attenuatus","k__Fungi","p__Ascomycota","c__Dothideomycetes","o__Pleosporales","f__Pleosporaceae","g__Curvularia","s__protuberata","positive"
"Xyleborinus attenuatus","ASV_19693",3.86189761469157,0.003,0.0864818181818182,0.367515601783061,"Curculionidae","Scolytinae","Xyleborinus","Xyleborinus attenuatus","k__Fungi",NA,NA,NA,NA,NA,NA,"positive"
"Pityogenes hopkinsi","ASV_211",2.07229154812389,0.02,0.088390243902439,0.55939839421011,"Curculionidae","Scolytinae","Pityogenes","Pityogenes hopkinsi","k__Fungi","p__Ascomycota","c__Taphrinomycetes","o__Taphrinales","f__Taphrinaceae","g__Taphrina","s__caerulescens","positive"
"Pityogenes hopkinsi","ASV_856",2.15532624032055,0.02,0.088390243902439,0.55939839421011,"Curculionidae","Scolytinae","Pityogenes","Pityogenes hopkinsi","k__Fungi","p__Ascomycota","c__Lecanoromycetes","o__Lecanorales",NA,NA,NA,"positive"
"Pityogenes hopkinsi","ASV_1533",-2.50816512883846,0.02,0.088390243902439,0.55939839421011,"Curculionidae","Scolytinae","Pityogenes","Pityogenes hopkinsi","k__Fungi","p__Basidiomycota","c__Agaricomycetes","o__Polyporales","f__Ganodermataceae","g__Ganoderma","s__lobatum","negative"
"Pityogenes hopkinsi","ASV_1685",-2.08637320200472,0.02,0.088390243902439,0.55939839421011,"Curculionidae","Scolytinae","Pityogenes","Pityogenes hopkinsi","k__Fungi","p__Basidiomycota","c__Cystobasidiomycetes","o__Cystobasidiales","f__Cystobasidiaceae","g__Occultifur","s__kilbournensis","negative"
"Pityogenes hopkinsi","ASV_3423",-2.09868207288694,0.02,0.088390243902439,0.55939839421011,"Curculionidae","Scolytinae","Pityogenes","Pityogenes hopkinsi","k__Fungi","p__Ascomycota","c__Dothideomycetes","o__Pleosporales","f__Coniothyriaceae",NA,NA,"negative"
"Pityogenes hopkinsi","ASV_3727",-1.83866037139598,0.02,0.088390243902439,0.55939839421011,"Curculionidae","Scolytinae","Pityogenes","Pityogenes hopkinsi","k__Fungi","p__Ascomycota","c__Dothideomycetes","o__Dothideales","f__Saccotheciaceae","g__Aureobasidium","s__pullulans","negative"
"Pityogenes hopkinsi","ASV_4061",3.04426801565356,0.02,0.088390243902439,0.55939839421011,"Curculionidae","Scolytinae","Pityogenes","Pityogenes hopkinsi","k__Fungi","p__Ascomycota","c__Dothideomycetes","o__Pleosporales","f__Pleosporales_fam_Incertae_sedis","g__Antealophiotrema","s__brunneosporum","positive"
"Pityogenes hopkinsi","ASV_5342",-2.50883645965854,0.02,0.088390243902439,0.55939839421011,"Curculionidae","Scolytinae","Pityogenes","Pityogenes hopkinsi","k__Fungi","p__Ascomycota","c__Dothideomycetes","o__Mycosphaerellales","f__Mycosphaerellaceae","g__Ramularia",NA,"negative"
"Pityogenes hopkinsi","ASV_5681",2.26587049306881,0.02,0.088390243902439,0.55939839421011,"Curculionidae","Scolytinae","Pityogenes","Pityogenes hopkinsi","k__Fungi","p__Ascomycota",NA,NA,NA,NA,NA,"positive"
"Pityogenes hopkinsi","ASV_5828",2.62986732888671,0.02,0.088390243902439,0.55939839421011,"Curculionidae","Scolytinae","Pityogenes","Pityogenes hopkinsi","k__Fungi","p__Ascomycota",NA,NA,NA,NA,NA,"positive"
"Pityogenes hopkinsi","ASV_8758",-2.05885360280787,0.02,0.088390243902439,0.55939839421011,"Curculionidae","Scolytinae","Pityogenes","Pityogenes hopkinsi","k__Fungi","p__Basidiomycota","c__Tremellomycetes","o__Tremellales","f__Sirobasidiaceae","g__Sirobasidium","s__brefeldianum","negative"
"Pityogenes hopkinsi","ASV_9875",-2.1475496384061,0.02,0.088390243902439,0.55939839421011,"Curculionidae","Scolytinae","Pityogenes","Pityogenes hopkinsi","k__Fungi","p__Basidiomycota","c__Agaricomycetes","o__Polyporales","f__Irpicaceae","g__Irpex","s__lacteus","negative"
"Pityogenes hopkinsi","ASV_11048",-2.25180988037775,0.02,0.088390243902439,0.55939839421011,"Curculionidae","Scolytinae","Pityogenes","Pityogenes hopkinsi","k__Fungi","p__Basidiomycota","c__Tremellomycetes","o__Tremellales","f__Bulleraceae","g__Pseudotremella","s__moriformis","negative"
"Pityogenes hopkinsi","ASV_11336",-2.6069375130746,0.02,0.088390243902439,0.55939839421011,"Curculionidae","Scolytinae","Pityogenes","Pityogenes hopkinsi","k__Fungi","p__Ascomycota","c__Dothideomycetes","o__Dothideomycetidae_ord_Incertae_sedis","f__Pseudoperisporiaceae","g__Eudimeriolum",NA,"negative"
"Pityogenes hopkinsi","ASV_11950",-2.5819455338288,0.02,0.088390243902439,0.55939839421011,"Curculionidae","Scolytinae","Pityogenes","Pityogenes hopkinsi","k__Fungi","p__Basidiomycota","c__Agaricomycetes","o__Polyporales","f__Meripilaceae","g__Meripilaceae_gen_Incertae_sedis",NA,"negative"
"Pityogenes hopkinsi","ASV_12174",-2.82572660180033,0.02,0.088390243902439,0.55939839421011,"Curculionidae","Scolytinae","Pityogenes","Pityogenes hopkinsi","k__Fungi","p__Ascomycota","c__Eurotiomycetes","o__Mycocaliciales","f__Mycocaliciaceae",NA,NA,"negative"
"Pityogenes hopkinsi","ASV_13363",-2.07338684364252,0.02,0.088390243902439,0.55939839421011,"Curculionidae","Scolytinae","Pityogenes","Pityogenes hopkinsi","k__Fungi","p__Ascomycota","c__Dothideomycetes","o__Mycosphaerellales","f__Mycosphaerellaceae","g__Ramularia",NA,"negative"
"Pityogenes hopkinsi","ASV_18329",-2.1291474309991,0.02,0.088390243902439,0.55939839421011,"Curculionidae","Scolytinae","Pityogenes","Pityogenes hopkinsi","k__Fungi","p__Ascomycota","c__Eurotiomycetes","o__Chaetothyriales","f__Herpotrichiellaceae","g__Rhinocladiella","s__coryli","negative"
"Pityogenes hopkinsi","ASV_19012",-2.29021565040302,0.02,0.088390243902439,0.55939839421011,"Curculionidae","Scolytinae","Pityogenes","Pityogenes hopkinsi","k__Fungi","p__Ascomycota","c__Sordariomycetes","o__Xylariales","f__Sporocadaceae","g__Magnohelicospora","s__iberica","negative"
"Pityogenes hopkinsi","ASV_19456",-2.290495938373,0.02,0.088390243902439,0.55939839421011,"Curculionidae","Scolytinae","Pityogenes","Pityogenes hopkinsi","k__Fungi","p__Ascomycota","c__Sordariomycetes",NA,NA,NA,NA,"negative"
"Pityogenes hopkinsi","ASV_20243",-2.15895776816494,0.02,0.088390243902439,0.55939839421011,"Curculionidae","Scolytinae","Pityogenes","Pityogenes hopkinsi","k__Fungi","p__Ascomycota","c__Sordariomycetes","o__Chaetosphaeriales","f__Chaetosphaeriaceae","g__Pyrigemmula","s__aurantiaca","negative"
"Pityogenes hopkinsi","ASV_23615",-2.21776759814783,0.02,0.088390243902439,0.55939839421011,"Curculionidae","Scolytinae","Pityogenes","Pityogenes hopkinsi","k__Fungi","p__Ascomycota","c__Dothideomycetes","o__Myriangiales","f__Elsinoaceae","g__Elsinoe",NA,"negative"
"Hylastes opacus","ASV_194",3.27593872714096,0.001,0.0893239436619718,0.281706150341686,"Curculionidae","Scolytinae","Hylastes","Hylastes opacus","k__Fungi","p__Ascomycota","c__Sordariomycetes","o__Xylariales","f__Amphisphaeriaceae","g__Monochaetia","s__monochaeta","positive"
"Hylastes opacus","ASV_213",3.92085438068176,0.001,0.0893239436619718,0.281706150341686,"Curculionidae","Scolytinae","Hylastes","Hylastes opacus","k__Fungi","p__Ascomycota","c__Eurotiomycetes","o__Coryneliales","f__Coryneliaceae","g__Caliciopsis",NA,"positive"
"Hylastes opacus","ASV_248",-2.04181441781357,0.001,0.0893239436619718,0.281706150341686,"Curculionidae","Scolytinae","Hylastes","Hylastes opacus","k__Fungi","p__Ascomycota","c__Saccharomycetes","o__Saccharomycetales","f__Phaffomycetaceae","g__Cyberlindnera","s__maritima","negative"
"Hylastes opacus","ASV_319",-2.22565403171619,0.001,0.0893239436619718,0.281706150341686,"Curculionidae","Scolytinae","Hylastes","Hylastes opacus","k__Fungi","p__Ascomycota","c__Dothideomycetes","o__Pleosporales","f__Cucurbitariaceae",NA,NA,"negative"
"Hylastes opacus","ASV_589",3.29839329764825,0.001,0.0893239436619718,0.281706150341686,"Curculionidae","Scolytinae","Hylastes","Hylastes opacus","k__Fungi","p__Ascomycota","c__Sordariomycetes","o__Xylariales","f__Diatrypaceae","g__Diatrype","s__stigma","positive"
"Hylastes opacus","ASV_599",-2.91272739069266,0.001,0.0893239436619718,0.281706150341686,"Curculionidae","Scolytinae","Hylastes","Hylastes opacus","k__Fungi","p__Ascomycota","c__Dothideomycetes","o__Dothideales","f__Dothideaceae","g__Rhizosphaera",NA,"negative"
"Hylastes opacus","ASV_742",4.87851007335867,0.001,0.0893239436619718,0.281706150341686,"Curculionidae","Scolytinae","Hylastes","Hylastes opacus","k__Fungi","p__Ascomycota","c__Saccharomycetes","o__Saccharomycetales","f__Pichiaceae","g__Nakazawaea","s__ishiwadae","positive"
"Hylastes opacus","ASV_804",3.3908943541213,0.001,0.0893239436619718,0.281706150341686,"Curculionidae","Scolytinae","Hylastes","Hylastes opacus","k__Fungi",NA,NA,NA,NA,NA,NA,"positive"
"Hylastes opacus","ASV_886",-2.08726548799839,0.001,0.0893239436619718,0.281706150341686,"Curculionidae","Scolytinae","Hylastes","Hylastes opacus","k__Fungi","p__Ascomycota","c__Lecanoromycetes","o__Lecanorales",NA,NA,NA,"negative"
"Hylastes opacus","ASV_930",-2.46246320086501,0.001,0.0893239436619718,0.281706150341686,"Curculionidae","Scolytinae","Hylastes","Hylastes opacus","k__Fungi","p__Basidiomycota","c__Microbotryomycetes","o__Sporidiobolales","f__Sporidiobolaceae","g__Sporobolomyces","s__cellobiolyticus","negative"
"Hylastes opacus","ASV_959",3.28371315252601,0.001,0.0893239436619718,0.281706150341686,"Curculionidae","Scolytinae","Hylastes","Hylastes opacus","k__Fungi","p__Ascomycota","c__Sordariomycetes","o__Sordariomycetes_ord_Incertae_sedis","f__Thyridiaceae","g__Thyridium",NA,"positive"
"Hylastes opacus","ASV_1129",-2.73788839678357,0.001,0.0893239436619718,0.281706150341686,"Curculionidae","Scolytinae","Hylastes","Hylastes opacus","k__Fungi","p__Basidiomycota","c__Microbotryomycetes",NA,NA,NA,NA,"negative"
"Hylastes opacus","ASV_1171",3.4311373259423,0.001,0.0893239436619718,0.281706150341686,"Curculionidae","Scolytinae","Hylastes","Hylastes opacus","k__Fungi","p__Ascomycota","c__Dothideomycetes","o__Pleosporales","f__Fenestellaceae","g__Fenestella",NA,"positive"
"Hylastes opacus","ASV_1196",-2.75453821146088,0.001,0.0893239436619718,0.281706150341686,"Curculionidae","Scolytinae","Hylastes","Hylastes opacus","k__Fungi","p__Ascomycota","c__Dothideomycetes","o__Mycosphaerellales",NA,NA,NA,"negative"
"Hylastes opacus","ASV_1398",-3.19791874257933,0.001,0.0893239436619718,0.281706150341686,"Curculionidae","Scolytinae","Hylastes","Hylastes opacus","k__Fungi","p__Ascomycota",NA,NA,NA,NA,NA,"negative"
"Hylastes opacus","ASV_1436",3.89525195229144,0.001,0.0893239436619718,0.281706150341686,"Curculionidae","Scolytinae","Hylastes","Hylastes opacus","k__Fungi","p__Ascomycota","c__Dothideomycetes","o__Pleosporales","f__Didymosphaeriaceae","g__Paracamarosporium",NA,"positive"
"Hylastes opacus","ASV_1750",4.68885305502424,0.001,0.0893239436619718,0.281706150341686,"Curculionidae","Scolytinae","Hylastes","Hylastes opacus","k__Fungi","p__Ascomycota","c__Dothideomycetes",NA,NA,NA,NA,"positive"
"Hylastes opacus","ASV_1755",-3.57240886669091,0.001,0.0893239436619718,0.281706150341686,"Curculionidae","Scolytinae","Hylastes","Hylastes opacus","k__Fungi","p__Basidiomycota","c__Microbotryomycetes","o__Sporidiobolales","f__Sporidiobolaceae","g__Sporobolomyces","s__roseus","negative"
"Hylastes opacus","ASV_1785",-2.04804237711919,0.001,0.0893239436619718,0.281706150341686,"Curculionidae","Scolytinae","Hylastes","Hylastes opacus","k__Fungi",NA,NA,NA,NA,NA,NA,"negative"
"Hylastes opacus","ASV_1793",4.38338492617557,0.001,0.0893239436619718,0.281706150341686,"Curculionidae","Scolytinae","Hylastes","Hylastes opacus","k__Fungi","p__Ascomycota","c__Dothideomycetes","o__Mycosphaerellales","f__Mycosphaerellaceae","g__Mycosphaerella","s__latebrosa","positive"
"Hylastes opacus","ASV_1814",-2.78501137326235,0.001,0.0893239436619718,0.281706150341686,"Curculionidae","Scolytinae","Hylastes","Hylastes opacus","k__Fungi","p__Ascomycota",NA,NA,NA,NA,NA,"negative"
"Hylastes opacus","ASV_1834",3.10664094726235,0.001,0.0893239436619718,0.281706150341686,"Curculionidae","Scolytinae","Hylastes","Hylastes opacus","k__Fungi","p__Ascomycota","c__Lecanoromycetes","o__Lecanorales","f__Lecanoraceae","g__Lecanora","s__sarcopidoides","positive"
"Hylastes opacus","ASV_1848",3.42850428332058,0.001,0.0893239436619718,0.281706150341686,"Curculionidae","Scolytinae","Hylastes","Hylastes opacus","k__Fungi","p__Ascomycota","c__Sordariomycetes","o__Xylariales","f__Graphostromataceae","g__Biscogniauxia",NA,"positive"
"Hylastes opacus","ASV_2014",-2.07728252137072,0.001,0.0893239436619718,0.281706150341686,"Curculionidae","Scolytinae","Hylastes","Hylastes opacus","k__Fungi","p__Ascomycota","c__Taphrinomycetes","o__Taphrinales","f__Taphrinaceae","g__Taphrina",NA,"negative"
"Hylastes opacus","ASV_2191",4.36238185240495,0.001,0.0893239436619718,0.281706150341686,"Curculionidae","Scolytinae","Hylastes","Hylastes opacus","k__Fungi","p__Ascomycota","c__Sordariomycetes","o__Diaporthales","f__Valsaceae","g__Cytospora",NA,"positive"
"Hylastes opacus","ASV_2694",-2.91106497410528,0.001,0.0893239436619718,0.281706150341686,"Curculionidae","Scolytinae","Hylastes","Hylastes opacus","k__Fungi","p__Basidiomycota",NA,NA,NA,NA,NA,"negative"
"Hylastes opacus","ASV_2911",5.06965458550815,0.001,0.0893239436619718,0.281706150341686,"Curculionidae","Scolytinae","Hylastes","Hylastes opacus","k__Fungi","p__Ascomycota","c__Eurotiomycetes","o__Chaetothyriales","f__Herpotrichiellaceae",NA,NA,"positive"
"Hylastes opacus","ASV_2969",3.3437832936587,0.001,0.0893239436619718,0.281706150341686,"Curculionidae","Scolytinae","Hylastes","Hylastes opacus","k__Fungi",NA,NA,NA,NA,NA,NA,"positive"
"Hylastes opacus","ASV_4041",4.40606923997613,0.001,0.0893239436619718,0.281706150341686,"Curculionidae","Scolytinae","Hylastes","Hylastes opacus","k__Fungi","p__Ascomycota","c__Dothideomycetes","o__Mycosphaerellales","f__Mycosphaerellaceae","g__Mycosphaerella","s__latebrosa","positive"
"Hylastes opacus","ASV_5013",3.8663892060496,0.001,0.0893239436619718,0.281706150341686,"Curculionidae","Scolytinae","Hylastes","Hylastes opacus","k__Fungi","p__Ascomycota","c__Sordariomycetes","o__Xylariales","f__Diatrypaceae","g__Diatrype","s__stigma","positive"
"Hylastes opacus","ASV_5229",5.87614722178929,0.001,0.0893239436619718,0.281706150341686,"Curculionidae","Scolytinae","Hylastes","Hylastes opacus","k__Fungi","p__Ascomycota","c__Leotiomycetes","o__Helotiales",NA,NA,NA,"positive"
"Hylastes opacus","ASV_5528",-2.39564816031638,0.001,0.0893239436619718,0.281706150341686,"Curculionidae","Scolytinae","Hylastes","Hylastes opacus","k__Fungi","p__Basidiomycota","c__Agaricostilbomycetes","o__Agaricostilbales","f__Chionosphaeraceae","g__Mycogloea","s__nipponica","negative"
"Hylastes opacus","ASV_5690",4.901009931256,0.001,0.0893239436619718,0.281706150341686,"Curculionidae","Scolytinae","Hylastes","Hylastes opacus","k__Fungi","p__Ascomycota","c__Sordariomycetes","o__Diaporthales","f__Sydowiaceae","g__Cainiella","s__borealis","positive"
"Hylastes opacus","ASV_5861",4.59533065704647,0.001,0.0893239436619718,0.281706150341686,"Curculionidae","Scolytinae","Hylastes","Hylastes opacus","k__Fungi","p__Ascomycota","c__Dothideomycetes","o__Mycosphaerellales","f__Mycosphaerellaceae","g__Mycosphaerella","s__latebrosa","positive"
"Hylastes opacus","ASV_6402",-2.41484944224244,0.001,0.0893239436619718,0.281706150341686,"Curculionidae","Scolytinae","Hylastes","Hylastes opacus","k__Fungi","p__Ascomycota","c__Dothideomycetes",NA,NA,NA,NA,"negative"
"Hylastes opacus","ASV_6422",5.94276713745573,0.001,0.0893239436619718,0.281706150341686,"Curculionidae","Scolytinae","Hylastes","Hylastes opacus","k__Fungi","p__Basidiomycota","c__Agaricomycetes","o__Polyporales","f__Irpicaceae","g__Irpex","s__lacteus","positive"
"Hylastes opacus","ASV_6557",-2.42015166328273,0.001,0.0893239436619718,0.281706150341686,"Curculionidae","Scolytinae","Hylastes","Hylastes opacus","k__Fungi","p__Basidiomycota","c__Tremellomycetes","o__Cystofilobasidiales","f__Mrakiaceae","g__Krasilnikovozyma","s__huempii","negative"
"Hylastes opacus","ASV_6558",-2.87519915154579,0.001,0.0893239436619718,0.281706150341686,"Curculionidae","Scolytinae","Hylastes","Hylastes opacus","k__Fungi","p__Ascomycota","c__Dothideomycetes","o__Mycosphaerellales","f__Mycosphaerellaceae","g__Acrodontium","s__luzulae","negative"
"Hylastes opacus","ASV_6559",-2.81657088302656,0.001,0.0893239436619718,0.281706150341686,"Curculionidae","Scolytinae","Hylastes","Hylastes opacus","k__Fungi","p__Ascomycota","c__Eurotiomycetes","o__Chaetothyriales","f__Herpotrichiellaceae",NA,NA,"negative"
"Hylastes opacus","ASV_6606",-2.27029726616317,0.001,0.0893239436619718,0.281706150341686,"Curculionidae","Scolytinae","Hylastes","Hylastes opacus","k__Fungi","p__Basidiomycota","c__Tremellomycetes","o__Tremellales","f__Bulleraceae","g__Genolevuria",NA,"negative"
"Hylastes opacus","ASV_6674",2.56716343429938,0.001,0.0893239436619718,0.281706150341686,"Curculionidae","Scolytinae","Hylastes","Hylastes opacus","k__Fungi","p__Ascomycota","c__Eurotiomycetes","o__Eurotiales","f__Aspergillaceae","g__Penicillium","s__atrosanguineum","positive"
"Hylastes opacus","ASV_6773",-2.77517748947772,0.001,0.0893239436619718,0.281706150341686,"Curculionidae","Scolytinae","Hylastes","Hylastes opacus","k__Fungi","p__Ascomycota","c__Sordariomycetes","o__Xylariales",NA,NA,NA,"negative"
"Hylastes opacus","ASV_8004",3.41466269581204,0.001,0.0893239436619718,0.281706150341686,"Curculionidae","Scolytinae","Hylastes","Hylastes opacus","k__Fungi","p__Ascomycota","c__Sordariomycetes","o__Togniniales","f__Togniniaceae","g__Phaeoacremonium",NA,"positive"
"Hylastes opacus","ASV_8703",-2.14193639930999,0.001,0.0893239436619718,0.281706150341686,"Curculionidae","Scolytinae","Hylastes","Hylastes opacus","k__Fungi","p__Ascomycota",NA,NA,NA,NA,NA,"negative"
"Hylastes opacus","ASV_8772",-3.50925261877772,0.001,0.0893239436619718,0.281706150341686,"Curculionidae","Scolytinae","Hylastes","Hylastes opacus","k__Fungi","p__Basidiomycota","c__Dacrymycetes","o__Dacrymycetales","f__Dacrymycetaceae","g__Dacrymyces","s__chrysospermus","negative"
"Hylastes opacus","ASV_9132",-2.08457799498958,0.001,0.0893239436619718,0.281706150341686,"Curculionidae","Scolytinae","Hylastes","Hylastes opacus","k__Fungi","p__Ascomycota","c__Leotiomycetes","o__Helotiales","f__Dermateaceae","g__Pyrenopeziza","s__caespiticia","negative"
"Hylastes opacus","ASV_10024",-1.6989584505534,0.001,0.0893239436619718,0.281706150341686,"Curculionidae","Scolytinae","Hylastes","Hylastes opacus","k__Fungi","p__Ascomycota","c__Dothideomycetes","o__Venturiales","f__Venturiaceae",NA,NA,"negative"
"Hylastes opacus","ASV_10293",-3.1606648780251,0.001,0.0893239436619718,0.281706150341686,"Curculionidae","Scolytinae","Hylastes","Hylastes opacus","k__Fungi","p__Basidiomycota","c__Microbotryomycetes","o__Microbotryomycetes_ord_Incertae_sedis","f__Colacogloeaceae","g__Colacogloeaceae_gen_Incertae_sedis",NA,"negative"
"Hylastes opacus","ASV_10374",-1.81490160623995,0.001,0.0893239436619718,0.281706150341686,"Curculionidae","Scolytinae","Hylastes","Hylastes opacus","k__Fungi","p__Ascomycota","c__Leotiomycetes","o__Helotiales","f__Helotiales_fam_Incertae_sedis","g__Chalara",NA,"negative"
"Hylastes opacus","ASV_10762",5.48031877273544,0.001,0.0893239436619718,0.281706150341686,"Curculionidae","Scolytinae","Hylastes","Hylastes opacus","k__Fungi","p__Basidiomycota","c__Agaricomycetes","o__Polyporales","f__Cerrenaceae","g__Radulodon","s__americanus","positive"
"Hylastes opacus","ASV_10841",3.40729172428236,0.001,0.0893239436619718,0.281706150341686,"Curculionidae","Scolytinae","Hylastes","Hylastes opacus","k__Fungi","p__Ascomycota","c__Dothideomycetes","o__Venturiales","f__Venturiaceae","g__Venturia",NA,"positive"
"Hylastes opacus","ASV_10926",3.25706676728909,0.001,0.0893239436619718,0.281706150341686,"Curculionidae","Scolytinae","Hylastes","Hylastes opacus","k__Fungi","p__Ascomycota","c__Dothideomycetes","o__Pleosporales","f__Phaeosphaeriaceae","g__Leptospora","s__rubella","positive"
"Hylastes opacus","ASV_11070",-2.29923593022534,0.001,0.0893239436619718,0.281706150341686,"Curculionidae","Scolytinae","Hylastes","Hylastes opacus","k__Fungi","p__Ascomycota","c__Dothideomycetes","o__Pleosporales","f__Cucurbitariaceae","g__Parafenestella","s__ontariensis","negative"
"Hylastes opacus","ASV_11336",-2.0659776737402,0.001,0.0893239436619718,0.281706150341686,"Curculionidae","Scolytinae","Hylastes","Hylastes opacus","k__Fungi","p__Ascomycota","c__Dothideomycetes","o__Dothideomycetidae_ord_Incertae_sedis","f__Pseudoperisporiaceae","g__Eudimeriolum",NA,"negative"
"Hylastes opacus","ASV_11466",-1.9179494231725,0.001,0.0893239436619718,0.281706150341686,"Curculionidae","Scolytinae","Hylastes","Hylastes opacus","k__Fungi","p__Ascomycota","c__Eurotiomycetes","o__Phaeomoniellales","f__Phaeomoniellaceae",NA,NA,"negative"
"Hylastes opacus","ASV_11995",-2.24999430302621,0.001,0.0893239436619718,0.281706150341686,"Curculionidae","Scolytinae","Hylastes","Hylastes opacus","k__Fungi","p__Ascomycota","c__Dothideomycetes","o__Pleosporales","f__Pleosporaceae","g__Alternaria","s__elegans","negative"
"Hylastes opacus","ASV_12276",3.2935319279311,0.001,0.0893239436619718,0.281706150341686,"Curculionidae","Scolytinae","Hylastes","Hylastes opacus","k__Fungi","p__Basidiomycota","c__Agaricomycetes","o__Cantharellales","f__Hydnaceae","g__Sistotrema","s__porulosum","positive"
"Hylastes opacus","ASV_12408",-3.3810331152221,0.001,0.0893239436619718,0.281706150341686,"Curculionidae","Scolytinae","Hylastes","Hylastes opacus","k__Fungi",NA,NA,NA,NA,NA,NA,"negative"
"Hylastes opacus","ASV_12446",-2.23419479851453,0.001,0.0893239436619718,0.281706150341686,"Curculionidae","Scolytinae","Hylastes","Hylastes opacus","k__Fungi","p__Ascomycota","c__Dothideomycetes","o__Pleosporales","f__Phaeosphaeriaceae","g__Xenophoma","s__puncteliae","negative"
"Hylastes opacus","ASV_12729",5.74514656767827,0.001,0.0893239436619718,0.281706150341686,"Curculionidae","Scolytinae","Hylastes","Hylastes opacus","k__Fungi","p__Basidiomycota","c__Agaricomycetes","o__Sebacinales","f__Sebacinaceae","g__Chaetospermum",NA,"positive"
"Hylastes opacus","ASV_13151",-2.24888106180265,0.001,0.0893239436619718,0.281706150341686,"Curculionidae","Scolytinae","Hylastes","Hylastes opacus","k__Fungi",NA,NA,NA,NA,NA,NA,"negative"
"Hylastes opacus","ASV_13474",-2.14639672308133,0.001,0.0893239436619718,0.281706150341686,"Curculionidae","Scolytinae","Hylastes","Hylastes opacus","k__Fungi","p__Ascomycota","c__Sordariomycetes","o__Hypocreales","f__Nectriaceae","g__Thyronectria",NA,"negative"
"Hylastes opacus","ASV_13755",-2.39818591392684,0.001,0.0893239436619718,0.281706150341686,"Curculionidae","Scolytinae","Hylastes","Hylastes opacus","k__Fungi","p__Ascomycota",NA,NA,NA,NA,NA,"negative"
"Hylastes opacus","ASV_15341",-2.21626202453929,0.001,0.0893239436619718,0.281706150341686,"Curculionidae","Scolytinae","Hylastes","Hylastes opacus","k__Fungi","p__Ascomycota","c__Sordariomycetes","o__Sporidesmiales","f__Sporidesmiaceae","g__Sporidesmium","s__pachyanthicola","negative"
"Hylastes opacus","ASV_15953",-1.80254080973922,0.001,0.0893239436619718,0.281706150341686,"Curculionidae","Scolytinae","Hylastes","Hylastes opacus","k__Fungi","p__Ascomycota","c__Sordariomycetes","o__Diaporthales","f__Valsaceae","g__Cytospora",NA,"negative"
"Hylastes opacus","ASV_16138",3.48805786768462,0.001,0.0893239436619718,0.281706150341686,"Curculionidae","Scolytinae","Hylastes","Hylastes opacus","k__Fungi","p__Ascomycota","c__Leotiomycetes","o__Helotiales","f__Hyaloscyphaceae","g__Fuscolachnum","s__inopinatum","positive"
"Hylastes opacus","ASV_16214",3.44736019412244,0.001,0.0893239436619718,0.281706150341686,"Curculionidae","Scolytinae","Hylastes","Hylastes opacus","k__Fungi","p__Ascomycota","c__Eurotiomycetes","o__Verrucariales","f__Verrucariaceae","g__Verrucariaceae_gen_Incertae_sedis",NA,"positive"
"Hylastes opacus","ASV_16526",5.74838604533552,0.001,0.0893239436619718,0.281706150341686,"Curculionidae","Scolytinae","Hylastes","Hylastes opacus","k__Fungi","p__Ascomycota","c__Eurotiomycetes","o__Coryneliales","f__Coryneliaceae","g__Caliciopsis","s__orientalis","positive"
"Hylastes opacus","ASV_20031",5.2984154833607,0.001,0.0893239436619718,0.281706150341686,"Curculionidae","Scolytinae","Hylastes","Hylastes opacus","k__Fungi","p__Ascomycota","c__Eurotiomycetes","o__Verrucariales","f__Verrucariaceae","g__Verrucariaceae_gen_Incertae_sedis",NA,"positive"
"Hylastes opacus","ASV_20258",-2.4740528341609,0.001,0.0893239436619718,0.281706150341686,"Curculionidae","Scolytinae","Hylastes","Hylastes opacus","k__Fungi","p__Ascomycota","c__Dothideomycetes","o__Pleosporales",NA,NA,NA,"negative"
"Hylastes opacus","ASV_20804",3.67790419397963,0.001,0.0893239436619718,0.281706150341686,"Curculionidae","Scolytinae","Hylastes","Hylastes opacus","k__Fungi",NA,NA,NA,NA,NA,NA,"positive"
"Pityogenes hopkinsi","ASV_16",-1.77498177619945,0.021,0.0912205479452055,0.566052528334786,"Curculionidae","Scolytinae","Pityogenes","Pityogenes hopkinsi","k__Fungi","p__Ascomycota","c__Saccharomycetes","o__Saccharomycetales","f__Dipodascaceae","g__Geotrichum","s__silvicola","negative"
"Pityogenes hopkinsi","ASV_82",2.08230697885338,0.021,0.0912205479452055,0.566052528334786,"Curculionidae","Scolytinae","Pityogenes","Pityogenes hopkinsi","k__Fungi",NA,NA,NA,NA,NA,NA,"positive"
"Pityogenes hopkinsi","ASV_703",2.06712013693066,0.021,0.0912205479452055,0.566052528334786,"Curculionidae","Scolytinae","Pityogenes","Pityogenes hopkinsi","k__Fungi","p__Ascomycota","c__Sordariomycetes","o__Xylariales","f__Diatrypaceae","g__Diatrype","s__stigma","positive"
"Pityogenes hopkinsi","ASV_1637",2.27694807457884,0.021,0.0912205479452055,0.566052528334786,"Curculionidae","Scolytinae","Pityogenes","Pityogenes hopkinsi","k__Fungi","p__Ascomycota","c__Sordariomycetes","o__Xylariales","f__Diatrypaceae","g__Diatrype","s__stigma","positive"
"Pityogenes hopkinsi","ASV_2560",-1.93791696512592,0.021,0.0912205479452055,0.566052528334786,"Curculionidae","Scolytinae","Pityogenes","Pityogenes hopkinsi","k__Fungi","p__Basidiomycota","c__Exobasidiomycetes","o__Microstromatales","f__Microstromatales_fam_Incertae_sedis","g__Pseudomicrostroma","s__phylloplanum","negative"
"Pityogenes hopkinsi","ASV_2626",-2.05501449243,0.021,0.0912205479452055,0.566052528334786,"Curculionidae","Scolytinae","Pityogenes","Pityogenes hopkinsi","k__Fungi","p__Ascomycota","c__Lecanoromycetes","o__Lecanorales",NA,NA,NA,"negative"
"Pityogenes hopkinsi","ASV_3298",3.0425359812575,0.021,0.0912205479452055,0.566052528334786,"Curculionidae","Scolytinae","Pityogenes","Pityogenes hopkinsi","k__Fungi",NA,NA,NA,NA,NA,NA,"positive"
"Pityogenes hopkinsi","ASV_4211",-2.15734567399669,0.021,0.0912205479452055,0.566052528334786,"Curculionidae","Scolytinae","Pityogenes","Pityogenes hopkinsi","k__Fungi","p__Ascomycota","c__Dothideomycetes","o__Mycosphaerellales","f__Mycosphaerellaceae",NA,NA,"negative"
"Pityogenes hopkinsi","ASV_4504",2.35320684163403,0.021,0.0912205479452055,0.566052528334786,"Curculionidae","Scolytinae","Pityogenes","Pityogenes hopkinsi","k__Fungi","p__Basidiomycota","c__Agaricomycetes","o__Agaricales","f__Radulomycetaceae","g__Radulomyces","s__paumanokensis","positive"
"Pityogenes hopkinsi","ASV_5170",-2.43463631507917,0.021,0.0912205479452055,0.566052528334786,"Curculionidae","Scolytinae","Pityogenes","Pityogenes hopkinsi","k__Fungi","p__Ascomycota","c__Dothideomycetes","o__Dothideales","f__Dothideaceae","g__Coniozyma","s__leucospermi","negative"
"Pityogenes hopkinsi","ASV_5967",-1.92749045393618,0.021,0.0912205479452055,0.566052528334786,"Curculionidae","Scolytinae","Pityogenes","Pityogenes hopkinsi","k__Fungi","p__Basidiomycota","c__Agaricomycetes","o__Polyporales","f__Phanerochaetaceae","g__Phanerochaete","s__sordida","negative"
"Pityogenes hopkinsi","ASV_6164",-2.24194738509349,0.021,0.0912205479452055,0.566052528334786,"Curculionidae","Scolytinae","Pityogenes","Pityogenes hopkinsi","k__Fungi","p__Ascomycota","c__Lecanoromycetes","o__Lecanorales",NA,NA,NA,"negative"
"Pityogenes hopkinsi","ASV_7510",-2.34443302044731,0.021,0.0912205479452055,0.566052528334786,"Curculionidae","Scolytinae","Pityogenes","Pityogenes hopkinsi","k__Fungi","p__Ascomycota","c__Dothideomycetes","o__Dothideales","f__Dothideales_fam_Incertae_sedis","g__Dothideales_gen_Incertae_sedis",NA,"negative"
"Pityogenes hopkinsi","ASV_9468",-2.13801024877439,0.021,0.0912205479452055,0.566052528334786,"Curculionidae","Scolytinae","Pityogenes","Pityogenes hopkinsi","k__Fungi","p__Basidiomycota","c__Microbotryomycetes","o__Microbotryomycetes_ord_Incertae_sedis","f__Microbotryomycetes_fam_Incertae_sedis","g__Curvibasidium",NA,"negative"
"Pityogenes hopkinsi","ASV_10118",-2.30067341446482,0.021,0.0912205479452055,0.566052528334786,"Curculionidae","Scolytinae","Pityogenes","Pityogenes hopkinsi","k__Fungi","p__Basidiomycota","c__Exobasidiomycetes","o__Exobasidiales","f__Exobasidiaceae","g__Exobasidium","s__dubium","negative"
"Pityogenes hopkinsi","ASV_10193",-2.11500499871366,0.021,0.0912205479452055,0.566052528334786,"Curculionidae","Scolytinae","Pityogenes","Pityogenes hopkinsi","k__Fungi","p__Basidiomycota","c__Tremellomycetes","o__Tremellales","f__Bulleribasidiaceae","g__Vishniacozyma","s__heimaeyensis","negative"
"Pityogenes hopkinsi","ASV_10382",-2.47231488205193,0.021,0.0912205479452055,0.566052528334786,"Curculionidae","Scolytinae","Pityogenes","Pityogenes hopkinsi","k__Fungi","p__Basidiomycota","c__Agaricomycetes","o__Russulales","f__Lachnocladiaceae","g__Dichostereum","s__pallescens","negative"
"Pityogenes hopkinsi","ASV_10719",-2.41842365194249,0.021,0.0912205479452055,0.566052528334786,"Curculionidae","Scolytinae","Pityogenes","Pityogenes hopkinsi","k__Fungi","p__Basidiomycota","c__Agaricomycetes","o__Polyporales","f__Fomitopsidaceae",NA,NA,"negative"
"Pityogenes hopkinsi","ASV_11645",-3.02583908739041,0.021,0.0912205479452055,0.566052528334786,"Curculionidae","Scolytinae","Pityogenes","Pityogenes hopkinsi","k__Fungi","p__Ascomycota","c__Lecanoromycetes","o__Lecanorales","f__Lecanoraceae","g__Lecanora",NA,"negative"
"Pityogenes hopkinsi","ASV_15816",-2.50030104950925,0.021,0.0912205479452055,0.566052528334786,"Curculionidae","Scolytinae","Pityogenes","Pityogenes hopkinsi","k__Fungi","p__Basidiomycota","c__Agaricomycetes","o__Agaricales","f__Mycenaceae","g__Mycena","s__meliigena","negative"
"Pityogenes hopkinsi","ASV_16337",-2.0917761662348,0.021,0.0912205479452055,0.566052528334786,"Curculionidae","Scolytinae","Pityogenes","Pityogenes hopkinsi","k__Fungi","p__Ascomycota",NA,NA,NA,NA,NA,"negative"
"Pityogenes hopkinsi","ASV_17795",-2.54850408381006,0.021,0.0912205479452055,0.566052528334786,"Curculionidae","Scolytinae","Pityogenes","Pityogenes hopkinsi","k__Fungi",NA,NA,NA,NA,NA,NA,"negative"
"Pityogenes hopkinsi","ASV_21608",-2.40193120751935,0.021,0.0912205479452055,0.566052528334786,"Curculionidae","Scolytinae","Pityogenes","Pityogenes hopkinsi","k__Fungi","p__Basidiomycota","c__Tremellomycetes","o__Tremellales","f__Sirobasidiaceae",NA,NA,"negative"
"Pityogenes hopkinsi","ASV_23981",-2.29982977304442,0.021,0.0912205479452055,0.566052528334786,"Curculionidae","Scolytinae","Pityogenes","Pityogenes hopkinsi","k__Fungi","p__Basidiomycota","c__Cystobasidiomycetes","o__Cystobasidiomycetes_ord_Incertae_sedis","f__Buckleyzymaceae","g__Buckleyzyma","s__aurantiaca","negative"
"Pityogenes hopkinsi","ASV_25426",-1.79776380851548,0.021,0.0912205479452055,0.566052528334786,"Curculionidae","Scolytinae","Pityogenes","Pityogenes hopkinsi","k__Fungi","p__Basidiomycota","c__Tremellomycetes","o__Tremellales",NA,NA,NA,"negative"
"Pityogenes hopkinsi","ASV_26",2.79715338816515,0.022,0.093514745308311,0.571339353212936,"Curculionidae","Scolytinae","Pityogenes","Pityogenes hopkinsi","k__Fungi","p__Ascomycota","c__Dothideomycetes","o__Capnodiales","f__Cladosporiaceae","g__Cladosporium","s__cladosporioides","positive"
"Pityogenes hopkinsi","ASV_84",2.29793570751163,0.022,0.093514745308311,0.571339353212936,"Curculionidae","Scolytinae","Pityogenes","Pityogenes hopkinsi","k__Fungi","p__Ascomycota","c__Dothideomycetes","o__Capnodiales","f__Cladosporiaceae","g__Cladosporium","s__herbarum","positive"
"Pityogenes hopkinsi","ASV_418",2.24719692263087,0.022,0.093514745308311,0.571339353212936,"Curculionidae","Scolytinae","Pityogenes","Pityogenes hopkinsi","k__Fungi","p__Ascomycota","c__Sordariomycetes","o__Hypocreales","f__Nectriaceae","g__Microcera","s__physciae","positive"
"Pityogenes hopkinsi","ASV_432",-1.98561988523547,0.022,0.093514745308311,0.571339353212936,"Curculionidae","Scolytinae","Pityogenes","Pityogenes hopkinsi","k__Fungi","p__Ascomycota","c__Candelariomycetes","o__Candelariales","f__Candelariaceae","g__Candelaria","s__concolor","negative"
"Pityogenes hopkinsi","ASV_1088",-1.82467143281446,0.022,0.093514745308311,0.571339353212936,"Curculionidae","Scolytinae","Pityogenes","Pityogenes hopkinsi","k__Fungi","p__Basidiomycota","c__Tremellomycetes","o__Tremellales","f__Bulleribasidiaceae","g__Hannaella","s__luteola","negative"
"Pityogenes hopkinsi","ASV_1143",2.11532747443516,0.022,0.093514745308311,0.571339353212936,"Curculionidae","Scolytinae","Pityogenes","Pityogenes hopkinsi","k__Fungi","p__Ascomycota","c__Dothideomycetes","o__Pleosporales","f__Didymellaceae",NA,NA,"positive"
"Pityogenes hopkinsi","ASV_1214",2.17752367701336,0.022,0.093514745308311,0.571339353212936,"Curculionidae","Scolytinae","Pityogenes","Pityogenes hopkinsi","k__Fungi","p__Basidiomycota",NA,NA,NA,NA,NA,"positive"
"Pityogenes hopkinsi","ASV_1240",2.09794341776006,0.022,0.093514745308311,0.571339353212936,"Curculionidae","Scolytinae","Pityogenes","Pityogenes hopkinsi","k__Fungi",NA,NA,NA,NA,NA,NA,"positive"
"Pityogenes hopkinsi","ASV_1550",2.10690215874554,0.022,0.093514745308311,0.571339353212936,"Curculionidae","Scolytinae","Pityogenes","Pityogenes hopkinsi","k__Fungi","p__Basidiomycota","c__Agaricomycetes","o__Polyporales","f__Fomitopsidaceae","g__Fomitopsis","s__pinicola","positive"
"Pityogenes hopkinsi","ASV_2056",-2.24476439547062,0.022,0.093514745308311,0.571339353212936,"Curculionidae","Scolytinae","Pityogenes","Pityogenes hopkinsi","k__Fungi","p__Ascomycota","c__Sordariomycetes","o__Hypocreales","f__Nectriaceae","g__Fusarium","s__avenaceum","negative"
"Pityogenes hopkinsi","ASV_2252",2.47896101393131,0.022,0.093514745308311,0.571339353212936,"Curculionidae","Scolytinae","Pityogenes","Pityogenes hopkinsi","k__Fungi","p__Basidiomycota","c__Tremellomycetes","o__Tremellales","f__Tremellaceae","g__Sirotrema","s__translucens","positive"
"Pityogenes hopkinsi","ASV_4357",-2.54444371987877,0.022,0.093514745308311,0.571339353212936,"Curculionidae","Scolytinae","Pityogenes","Pityogenes hopkinsi","k__Fungi","p__Ascomycota","c__Dothideomycetes","o__Dothideales","f__Dothideaceae","g__Rhizosphaera",NA,"negative"
"Pityogenes hopkinsi","ASV_4413",2.63634071005657,0.022,0.093514745308311,0.571339353212936,"Curculionidae","Scolytinae","Pityogenes","Pityogenes hopkinsi","k__Fungi",NA,NA,NA,NA,NA,NA,"positive"
"Pityogenes hopkinsi","ASV_4646",-2.86207929817428,0.022,0.093514745308311,0.571339353212936,"Curculionidae","Scolytinae","Pityogenes","Pityogenes hopkinsi","k__Fungi","p__Ascomycota","c__Eurotiomycetes","o__Chaetothyriales","f__Herpotrichiellaceae","g__Exophiala",NA,"negative"
"Pityogenes hopkinsi","ASV_4903",-1.78548219483053,0.022,0.093514745308311,0.571339353212936,"Curculionidae","Scolytinae","Pityogenes","Pityogenes hopkinsi","k__Fungi","p__Basidiomycota","c__Tremellomycetes","o__Tremellales","f__Bulleribasidiaceae","g__Vishniacozyma","s__melezitolytica","negative"
"Pityogenes hopkinsi","ASV_7707",-2.61439867144024,0.022,0.093514745308311,0.571339353212936,"Curculionidae","Scolytinae","Pityogenes","Pityogenes hopkinsi","k__Fungi","p__Ascomycota","c__Dothideomycetes","o__Myriangiales","f__Myriangiaceae","g__Myriangium",NA,"negative"
"Pityogenes hopkinsi","ASV_8061",-2.20425460629247,0.022,0.093514745308311,0.571339353212936,"Curculionidae","Scolytinae","Pityogenes","Pityogenes hopkinsi","k__Fungi","p__Basidiomycota","c__Agaricomycetes","o__Agaricales","f__Radulomycetaceae","g__Radulomyces","s__molaris","negative"
"Pityogenes hopkinsi","ASV_9878",-2.86107253686491,0.022,0.093514745308311,0.571339353212936,"Curculionidae","Scolytinae","Pityogenes","Pityogenes hopkinsi","k__Fungi","p__Ascomycota","c__Lecanoromycetes","o__Caliciales",NA,NA,NA,"negative"
"Pityogenes hopkinsi","ASV_10023",2.89948602982092,0.022,0.093514745308311,0.571339353212936,"Curculionidae","Scolytinae","Pityogenes","Pityogenes hopkinsi","k__Fungi","p__Ascomycota","c__Orbiliomycetes","o__Orbiliales","f__Orbiliaceae","g__Orbilia","s__obtusispora","positive"
"Pityogenes hopkinsi","ASV_10185",-2.39644652097092,0.022,0.093514745308311,0.571339353212936,"Curculionidae","Scolytinae","Pityogenes","Pityogenes hopkinsi","k__Fungi","p__Basidiomycota","c__Tremellomycetes","o__Tremellales","f__Rhynchogastremataceae","g__Papiliotrema",NA,"negative"
"Pityogenes hopkinsi","ASV_11795",3.21121009004943,0.022,0.093514745308311,0.571339353212936,"Curculionidae","Scolytinae","Pityogenes","Pityogenes hopkinsi","k__Fungi","p__Basidiomycota","c__Agaricomycetes","o__Sebacinales","f__Sebacinaceae",NA,NA,"positive"
"Pityogenes hopkinsi","ASV_12134",-1.73639522151014,0.022,0.093514745308311,0.571339353212936,"Curculionidae","Scolytinae","Pityogenes","Pityogenes hopkinsi","k__Fungi","p__Basidiomycota","c__Microbotryomycetes","o__Sporidiobolales","f__Sporidiobolaceae","g__Sporobolomyces",NA,"negative"
"Pityogenes hopkinsi","ASV_12356",2.40395991457567,0.022,0.093514745308311,0.571339353212936,"Curculionidae","Scolytinae","Pityogenes","Pityogenes hopkinsi","k__Fungi","p__Ascomycota","c__Sordariomycetes","o__Sordariomycetes_ord_Incertae_sedis","f__Sordariomycetes_fam_Incertae_sedis","g__Lentomitella","s__obscura","positive"
"Pityogenes hopkinsi","ASV_12488",-2.26772381756179,0.022,0.093514745308311,0.571339353212936,"Curculionidae","Scolytinae","Pityogenes","Pityogenes hopkinsi","k__Fungi","p__Basidiomycota","c__Agaricomycetes","o__Russulales","f__Lachnocladiaceae","g__Dichostereum","s__pallescens","negative"
"Pityogenes hopkinsi","ASV_15150",-2.26522572886756,0.022,0.093514745308311,0.571339353212936,"Curculionidae","Scolytinae","Pityogenes","Pityogenes hopkinsi","k__Fungi",NA,NA,NA,NA,NA,NA,"negative"
"Pityogenes hopkinsi","ASV_17212",-2.80235343625158,0.022,0.093514745308311,0.571339353212936,"Curculionidae","Scolytinae","Pityogenes","Pityogenes hopkinsi","k__Fungi","p__Ascomycota","c__Dothideomycetes","o__Dothideales","f__Dothioraceae","g__Dothiora",NA,"negative"
"Pityogenes hopkinsi","ASV_17531",-2.21266591373812,0.022,0.093514745308311,0.571339353212936,"Curculionidae","Scolytinae","Pityogenes","Pityogenes hopkinsi","k__Fungi",NA,NA,NA,NA,NA,NA,"negative"
"Pityogenes hopkinsi","ASV_17794",-2.05648641063716,0.022,0.093514745308311,0.571339353212936,"Curculionidae","Scolytinae","Pityogenes","Pityogenes hopkinsi","k__Fungi","p__Ascomycota","c__Sordariomycetes","o__Diaporthales","f__Gnomoniaceae","g__Gnomonia","s__mirabilis","negative"
"Pityogenes hopkinsi","ASV_18094",-2.57731875995663,0.022,0.093514745308311,0.571339353212936,"Curculionidae","Scolytinae","Pityogenes","Pityogenes hopkinsi","k__Fungi","p__Ascomycota","c__Dothideomycetes","o__Mycosphaerellales","f__Mycosphaerellaceae","g__Ramularia",NA,"negative"
"Pityogenes hopkinsi","ASV_19651",-1.96450731093015,0.022,0.093514745308311,0.571339353212936,"Curculionidae","Scolytinae","Pityogenes","Pityogenes hopkinsi","k__Fungi","p__Ascomycota","c__Dothideomycetes","o__Mycosphaerellales","f__Mycosphaerellaceae","g__Ramularia",NA,"negative"
"Pityogenes hopkinsi","ASV_20484",-2.67888101693048,0.022,0.093514745308311,0.571339353212936,"Curculionidae","Scolytinae","Pityogenes","Pityogenes hopkinsi","k__Fungi","p__Ascomycota","c__Leotiomycetes","o__Helotiales","f__Helotiaceae","g__Fontanospora","s__fusiramosa","negative"
"Pityogenes hopkinsi","ASV_22335",-2.30485843308792,0.022,0.093514745308311,0.571339353212936,"Curculionidae","Scolytinae","Pityogenes","Pityogenes hopkinsi","k__Fungi","p__Ascomycota","c__Lecanoromycetes","o__Ostropales","f__Stictidaceae","g__Cryptodiscus","s__pallidus","negative"
"Pityogenes hopkinsi","ASV_163",2.01682552676537,0.023,0.0957125984251968,0.574507574227429,"Curculionidae","Scolytinae","Pityogenes","Pityogenes hopkinsi","k__Fungi",NA,NA,NA,NA,NA,NA,"positive"
"Pityogenes hopkinsi","ASV_702",2.39034249828233,0.023,0.0957125984251968,0.574507574227429,"Curculionidae","Scolytinae","Pityogenes","Pityogenes hopkinsi","k__Fungi","p__Ascomycota","c__Dothideomycetes","o__Pleosporales","f__Phaeosphaeriaceae","g__Acericola","s__italica","positive"
"Pityogenes hopkinsi","ASV_1175",3.42283543776124,0.023,0.0957125984251968,0.574507574227429,"Curculionidae","Scolytinae","Pityogenes","Pityogenes hopkinsi","k__Fungi","p__Basidiomycota","c__Cystobasidiomycetes","o__Cystobasidiomycetes_ord_Incertae_sedis","f__Microsporomycetaceae","g__Lichenozyma","s__pisutiana","positive"
"Pityogenes hopkinsi","ASV_1556",2.1383293709752,0.023,0.0957125984251968,0.574507574227429,"Curculionidae","Scolytinae","Pityogenes","Pityogenes hopkinsi","k__Fungi","p__Chytridiomycota","c__Spizellomycetes","o__Spizellomycetales","f__Powellomycetaceae","g__Thoreauomyces",NA,"positive"
"Pityogenes hopkinsi","ASV_1596",2.33618036540475,0.023,0.0957125984251968,0.574507574227429,"Curculionidae","Scolytinae","Pityogenes","Pityogenes hopkinsi","k__Fungi","p__Ascomycota","c__Eurotiomycetes","o__Chaetothyriales","f__Herpotrichiellaceae","g__Sorocybe",NA,"positive"
"Pityogenes hopkinsi","ASV_1625",2.57637971485247,0.023,0.0957125984251968,0.574507574227429,"Curculionidae","Scolytinae","Pityogenes","Pityogenes hopkinsi","k__Fungi","p__Basidiomycota","c__Agaricomycetes","o__Polyporales","f__Phanerochaetaceae","g__Bjerkandera","s__adusta","positive"
"Pityogenes hopkinsi","ASV_1870",2.10467379308852,0.023,0.0957125984251968,0.574507574227429,"Curculionidae","Scolytinae","Pityogenes","Pityogenes hopkinsi","k__Fungi","p__Ascomycota","c__Lecanoromycetes","o__Lecanorales","f__Lecanoraceae",NA,NA,"positive"
"Pityogenes hopkinsi","ASV_2126",-2.22952986187105,0.023,0.0957125984251968,0.574507574227429,"Curculionidae","Scolytinae","Pityogenes","Pityogenes hopkinsi","k__Fungi","p__Basidiomycota","c__Agaricomycetes","o__Russulales","f__Peniophoraceae","g__Peniophora","s__crassitunicata","negative"
"Pityogenes hopkinsi","ASV_2707",2.57987872119323,0.023,0.0957125984251968,0.574507574227429,"Curculionidae","Scolytinae","Pityogenes","Pityogenes hopkinsi","k__Fungi","p__Ascomycota","c__Eurotiomycetes",NA,NA,NA,NA,"positive"
"Pityogenes hopkinsi","ASV_2823",-2.11781378354689,0.023,0.0957125984251968,0.574507574227429,"Curculionidae","Scolytinae","Pityogenes","Pityogenes hopkinsi","k__Fungi","p__Ascomycota","c__Dothideomycetes","o__Mycosphaerellales","f__Mycosphaerellaceae","g__Ramularia",NA,"negative"
"Pityogenes hopkinsi","ASV_2849",-2.09559207195748,0.023,0.0957125984251968,0.574507574227429,"Curculionidae","Scolytinae","Pityogenes","Pityogenes hopkinsi","k__Fungi","p__Ascomycota","c__Sordariomycetes","o__Diaporthales","f__Valsaceae",NA,NA,"negative"
"Pityogenes hopkinsi","ASV_3128",-2.10900763829464,0.023,0.0957125984251968,0.574507574227429,"Curculionidae","Scolytinae","Pityogenes","Pityogenes hopkinsi","k__Fungi","p__Ascomycota","c__Arthoniomycetes",NA,NA,NA,NA,"negative"
"Pityogenes hopkinsi","ASV_3141",-2.57174273983469,0.023,0.0957125984251968,0.574507574227429,"Curculionidae","Scolytinae","Pityogenes","Pityogenes hopkinsi","k__Fungi","p__Ascomycota","c__Dothideomycetes","o__Capnodiales","f__Neoantennariellaceae","g__Cippumomyces","s__mortalis","negative"
"Pityogenes hopkinsi","ASV_3856",2.50860247804461,0.023,0.0957125984251968,0.574507574227429,"Curculionidae","Scolytinae","Pityogenes","Pityogenes hopkinsi","k__Fungi","p__Ascomycota","c__Dothideomycetes","o__Pleosporales","f__Pleosporales_fam_Incertae_sedis","g__Chaetophoma",NA,"positive"
"Pityogenes hopkinsi","ASV_4055",2.11712368903077,0.023,0.0957125984251968,0.574507574227429,"Curculionidae","Scolytinae","Pityogenes","Pityogenes hopkinsi","k__Fungi","p__Ascomycota","c__Leotiomycetes",NA,NA,NA,NA,"positive"
"Pityogenes hopkinsi","ASV_4502",-1.94945501128342,0.023,0.0957125984251968,0.574507574227429,"Curculionidae","Scolytinae","Pityogenes","Pityogenes hopkinsi","k__Fungi","p__Basidiomycota","c__Pucciniomycetes","o__Pucciniales","f__Pucciniastraceae","g__Pucciniastraceae_gen_Incertae_sedis",NA,"negative"
"Pityogenes hopkinsi","ASV_6110",-2.11756276846908,0.023,0.0957125984251968,0.574507574227429,"Curculionidae","Scolytinae","Pityogenes","Pityogenes hopkinsi","k__Fungi","p__Ascomycota","c__Taphrinomycetes","o__Taphrinales","f__Taphrinaceae","g__Taphrina","s__inositophila","negative"
"Pityogenes hopkinsi","ASV_6698",-2.2116162790749,0.023,0.0957125984251968,0.574507574227429,"Curculionidae","Scolytinae","Pityogenes","Pityogenes hopkinsi","k__Fungi","p__Ascomycota","c__Lecanoromycetes","o__Lecanorales",NA,NA,NA,"negative"
"Pityogenes hopkinsi","ASV_7112",-1.92339384842367,0.023,0.0957125984251968,0.574507574227429,"Curculionidae","Scolytinae","Pityogenes","Pityogenes hopkinsi","k__Fungi","p__Basidiomycota","c__Agaricomycetes","o__Hymenochaetales","f__Hymenochaetales_fam_Incertae_sedis","g__Trichaptum","s__abietinum","negative"
"Pityogenes hopkinsi","ASV_7246",1.98750467396362,0.023,0.0957125984251968,0.574507574227429,"Curculionidae","Scolytinae","Pityogenes","Pityogenes hopkinsi","k__Fungi","p__Basidiomycota","c__Agaricomycetes","o__Polyporales","f__Fomitopsidaceae","g__Cinereomyces","s__lindbladii","positive"
"Pityogenes hopkinsi","ASV_7347",-2.45262224334695,0.023,0.0957125984251968,0.574507574227429,"Curculionidae","Scolytinae","Pityogenes","Pityogenes hopkinsi","k__Fungi","p__Ascomycota",NA,NA,NA,NA,NA,"negative"
"Pityogenes hopkinsi","ASV_7415",-1.95189974192226,0.023,0.0957125984251968,0.574507574227429,"Curculionidae","Scolytinae","Pityogenes","Pityogenes hopkinsi","k__Fungi","p__Ascomycota","c__Eurotiomycetes","o__Chaetothyriales","f__Herpotrichiellaceae","g__Neocladophialophora","s__quercina","negative"
"Pityogenes hopkinsi","ASV_8077",-2.13303672798427,0.023,0.0957125984251968,0.574507574227429,"Curculionidae","Scolytinae","Pityogenes","Pityogenes hopkinsi","k__Fungi","p__Ascomycota","c__Taphrinomycetes","o__Taphrinales","f__Taphrinaceae","g__Taphrina","s__inositophila","negative"
"Pityogenes hopkinsi","ASV_9833",-2.40044652354662,0.023,0.0957125984251968,0.574507574227429,"Curculionidae","Scolytinae","Pityogenes","Pityogenes hopkinsi","k__Fungi","p__Basidiomycota","c__Dacrymycetes","o__Unilacrymales","f__Unilacrymaceae","g__Unilacryma","s__unispora","negative"
"Pityogenes hopkinsi","ASV_10026",-2.1848060053067,0.023,0.0957125984251968,0.574507574227429,"Curculionidae","Scolytinae","Pityogenes","Pityogenes hopkinsi","k__Fungi","p__Ascomycota",NA,NA,NA,NA,NA,"negative"
"Pityogenes hopkinsi","ASV_11499",-1.80432322762778,0.023,0.0957125984251968,0.574507574227429,"Curculionidae","Scolytinae","Pityogenes","Pityogenes hopkinsi","k__Fungi","p__Ascomycota","c__Lecanoromycetes","o__Peltigerales","f__Pannariaceae","g__Pannariaceae_gen_Incertae_sedis",NA,"negative"
"Pityogenes hopkinsi","ASV_12907",-2.09192636496499,0.023,0.0957125984251968,0.574507574227429,"Curculionidae","Scolytinae","Pityogenes","Pityogenes hopkinsi","k__Fungi","p__Ascomycota","c__Taphrinomycetes","o__Taphrinales","f__Taphrinaceae","g__Taphrina","s__deformans","negative"
"Pityogenes hopkinsi","ASV_13861",-2.3723473408252,0.023,0.0957125984251968,0.574507574227429,"Curculionidae","Scolytinae","Pityogenes","Pityogenes hopkinsi","k__Fungi","p__Basidiomycota","c__Tremellomycetes","o__Tremellales","f__Rhynchogastremataceae","g__Papiliotrema","s__fusca","negative"
"Pityogenes hopkinsi","ASV_18183",-2.26672074790481,0.023,0.0957125984251968,0.574507574227429,"Curculionidae","Scolytinae","Pityogenes","Pityogenes hopkinsi","k__Fungi","p__Ascomycota","c__Eurotiomycetes",NA,NA,NA,NA,"negative"
"Pityogenes hopkinsi","ASV_18456",-2.14596842877818,0.023,0.0957125984251968,0.574507574227429,"Curculionidae","Scolytinae","Pityogenes","Pityogenes hopkinsi","k__Fungi","p__Basidiomycota","c__Agaricomycetes","o__Cantharellales","f__Clavulinaceae","g__Clavulinaceae_gen_Incertae_sedis",NA,"negative"
"Pityogenes hopkinsi","ASV_19206",-2.43312003684829,0.023,0.0957125984251968,0.574507574227429,"Curculionidae","Scolytinae","Pityogenes","Pityogenes hopkinsi","k__Fungi","p__Ascomycota",NA,NA,NA,NA,NA,"negative"
"Pityogenes hopkinsi","ASV_19390",-2.67852820173271,0.023,0.0957125984251968,0.574507574227429,"Curculionidae","Scolytinae","Pityogenes","Pityogenes hopkinsi","k__Fungi","p__Ascomycota","c__Lecanoromycetes","o__Lecanorales",NA,NA,NA,"negative"
"Pityogenes hopkinsi","ASV_411",2.07008840653639,0.024,0.0980090148100451,0.58066242785875,"Curculionidae","Scolytinae","Pityogenes","Pityogenes hopkinsi","k__Fungi","p__Ascomycota","c__Leotiomycetes","o__Rhytismatales","f__Rhytismataceae","g__Coccomyces","s__strobi","positive"
"Pityogenes hopkinsi","ASV_472",2.02783313358572,0.024,0.0980090148100451,0.58066242785875,"Curculionidae","Scolytinae","Pityogenes","Pityogenes hopkinsi","k__Fungi","p__Ascomycota","c__Sordariomycetes","o__Xylariales","f__Amphisphaeriaceae","g__Monochaetia",NA,"positive"
"Pityogenes hopkinsi","ASV_609",-2.20660524616128,0.024,0.0980090148100451,0.58066242785875,"Curculionidae","Scolytinae","Pityogenes","Pityogenes hopkinsi","k__Fungi","p__Ascomycota","c__Sordariomycetes","o__Hypocreales","f__Nectriaceae","g__Fusarium","s__graminearum","negative"
"Pityogenes hopkinsi","ASV_616",2.71859442872929,0.024,0.0980090148100451,0.58066242785875,"Curculionidae","Scolytinae","Pityogenes","Pityogenes hopkinsi","k__Fungi","p__Ascomycota","c__Sordariomycetes","o__Diaporthales","f__Valsaceae","g__Cytospora","s__prunicola","positive"
"Pityogenes hopkinsi","ASV_704",-1.96563162605558,0.024,0.0980090148100451,0.58066242785875,"Curculionidae","Scolytinae","Pityogenes","Pityogenes hopkinsi","k__Fungi","p__Ascomycota","c__Dothideomycetes","o__Dothideales","f__Saccotheciaceae","g__Aureobasidium","s__pullulans","negative"
"Pityogenes hopkinsi","ASV_798",2.16283587538165,0.024,0.0980090148100451,0.58066242785875,"Curculionidae","Scolytinae","Pityogenes","Pityogenes hopkinsi","k__Fungi","p__Ascomycota","c__Leotiomycetes","o__Helotiales","f__Sclerotiniaceae","g__Botrytis","s__caroliniana","positive"
"Pityogenes hopkinsi","ASV_1313",2.29176980689591,0.024,0.0980090148100451,0.58066242785875,"Curculionidae","Scolytinae","Pityogenes","Pityogenes hopkinsi","k__Fungi","p__Ascomycota","c__Dothideomycetes","o__Capnodiales","f__Capnodiales_fam_Incertae_sedis","g__Arthrocatena",NA,"positive"
"Pityogenes hopkinsi","ASV_1482",-2.24123168581463,0.024,0.0980090148100451,0.58066242785875,"Curculionidae","Scolytinae","Pityogenes","Pityogenes hopkinsi","k__Fungi","p__Ascomycota","c__Eurotiomycetes","o__Chaetothyriales","f__Herpotrichiellaceae","g__Exophiala",NA,"negative"
"Pityogenes hopkinsi","ASV_3299",-2.13481931980018,0.024,0.0980090148100451,0.58066242785875,"Curculionidae","Scolytinae","Pityogenes","Pityogenes hopkinsi","k__Fungi","p__Ascomycota","c__Dothideomycetes","o__Dothideales","f__Dothideaceae","g__Rhizosphaera",NA,"negative"
"Pityogenes hopkinsi","ASV_3673",2.4725851389627,0.024,0.0980090148100451,0.58066242785875,"Curculionidae","Scolytinae","Pityogenes","Pityogenes hopkinsi","k__Fungi","p__Ascomycota","c__Sordariomycetes","o__Diaporthales","f__Gnomoniaceae","g__Plagiostoma",NA,"positive"
"Pityogenes hopkinsi","ASV_3966",-2.63240436776049,0.024,0.0980090148100451,0.58066242785875,"Curculionidae","Scolytinae","Pityogenes","Pityogenes hopkinsi","k__Fungi","p__Ascomycota","c__Sordariomycetes","o__Diaporthales","f__Valsaceae","g__Cytospora","s__prunicola","negative"
"Pityogenes hopkinsi","ASV_5889",2.09608923416256,0.024,0.0980090148100451,0.58066242785875,"Curculionidae","Scolytinae","Pityogenes","Pityogenes hopkinsi","k__Fungi","p__Ascomycota","c__Sordariomycetes","o__Hypocreales","f__Hypocreales_fam_Incertae_sedis","g__Barbatosphaeria","s__dryina","positive"
"Pityogenes hopkinsi","ASV_7035",2.64165368558076,0.024,0.0980090148100451,0.58066242785875,"Curculionidae","Scolytinae","Pityogenes","Pityogenes hopkinsi","k__Fungi","p__Ascomycota","c__Eurotiomycetes","o__Verrucariales","f__Verrucariaceae","g__Verrucariaceae_gen_Incertae_sedis",NA,"positive"
"Pityogenes hopkinsi","ASV_7839",-2.31695029449435,0.024,0.0980090148100451,0.58066242785875,"Curculionidae","Scolytinae","Pityogenes","Pityogenes hopkinsi","k__Fungi","p__Basidiomycota","c__Agaricomycetes","o__Agaricales","f__Mycenaceae","g__Mycena","s__meliigena","negative"
"Pityogenes hopkinsi","ASV_10323",-2.4673202349642,0.024,0.0980090148100451,0.58066242785875,"Curculionidae","Scolytinae","Pityogenes","Pityogenes hopkinsi","k__Fungi",NA,NA,NA,NA,NA,NA,"negative"
"Pityogenes hopkinsi","ASV_13474",-1.84836832358567,0.024,0.0980090148100451,0.58066242785875,"Curculionidae","Scolytinae","Pityogenes","Pityogenes hopkinsi","k__Fungi","p__Ascomycota","c__Sordariomycetes","o__Hypocreales","f__Nectriaceae","g__Thyronectria",NA,"negative"
"Pityogenes hopkinsi","ASV_14560",-1.98095080739557,0.024,0.0980090148100451,0.58066242785875,"Curculionidae","Scolytinae","Pityogenes","Pityogenes hopkinsi","k__Fungi","p__Ascomycota","c__Dothideomycetes","o__Dothideales","f__Dothideaceae",NA,NA,"negative"
"Pityogenes hopkinsi","ASV_14742",-2.05971763002412,0.024,0.0980090148100451,0.58066242785875,"Curculionidae","Scolytinae","Pityogenes","Pityogenes hopkinsi","k__Fungi","p__Ascomycota","c__Dothideomycetes","o__Hysteriales","f__Hysteriaceae","g__Hysterium",NA,"negative"
"Pityogenes hopkinsi","ASV_15103",-2.41514738562656,0.024,0.0980090148100451,0.58066242785875,"Curculionidae","Scolytinae","Pityogenes","Pityogenes hopkinsi","k__Fungi","p__Ascomycota","c__Sordariomycetes","o__Diaporthales","f__Gnomoniaceae","g__Gnomoniaceae_gen_Incertae_sedis",NA,"negative"
"Pityogenes hopkinsi","ASV_15844",-2.00756993255208,0.024,0.0980090148100451,0.58066242785875,"Curculionidae","Scolytinae","Pityogenes","Pityogenes hopkinsi","k__Fungi","p__Basidiomycota","c__Agaricomycetes","o__Polyporales","f__Fomitopsidaceae","g__Fomitopsidaceae_gen_Incertae_sedis",NA,"negative"
"Pityogenes hopkinsi","ASV_15869",-2.31959038247346,0.024,0.0980090148100451,0.58066242785875,"Curculionidae","Scolytinae","Pityogenes","Pityogenes hopkinsi","k__Fungi","p__Ascomycota",NA,NA,NA,NA,NA,"negative"
"Pityogenes hopkinsi","ASV_16482",-1.77024730608228,0.024,0.0980090148100451,0.58066242785875,"Curculionidae","Scolytinae","Pityogenes","Pityogenes hopkinsi","k__Fungi","p__Ascomycota",NA,NA,NA,NA,NA,"negative"
"Pityogenes hopkinsi","ASV_16940",-2.83296840498846,0.024,0.0980090148100451,0.58066242785875,"Curculionidae","Scolytinae","Pityogenes","Pityogenes hopkinsi","k__Fungi","p__Ascomycota","c__Sordariomycetes",NA,NA,NA,NA,"negative"
"Pityogenes hopkinsi","ASV_17384",-2.55305634077698,0.024,0.0980090148100451,0.58066242785875,"Curculionidae","Scolytinae","Pityogenes","Pityogenes hopkinsi","k__Fungi","p__Ascomycota","c__Eurotiomycetes","o__Eurotiales","f__Aspergillaceae","g__Penicillium",NA,"negative"
"Pityogenes hopkinsi","ASV_18885",-2.17465789752081,0.024,0.0980090148100451,0.58066242785875,"Curculionidae","Scolytinae","Pityogenes","Pityogenes hopkinsi","k__Fungi","p__Ascomycota","c__Dothideomycetes","o__Hysteriales","f__Hysteriaceae","g__Hysterium",NA,"negative"
"Pityogenes hopkinsi","ASV_19809",-2.30371939987316,0.024,0.0980090148100451,0.58066242785875,"Curculionidae","Scolytinae","Pityogenes","Pityogenes hopkinsi","k__Fungi","p__Basidiomycota","c__Spiculogloeomycetes","o__Spiculogloeales","f__Spiculogloeaceae","g__Phyllozyma","s__novozealandica","negative"
"Pityogenes hopkinsi","ASV_20812",-2.18613053259907,0.024,0.0980090148100451,0.58066242785875,"Curculionidae","Scolytinae","Pityogenes","Pityogenes hopkinsi","k__Fungi","p__Ascomycota","c__Sordariomycetes","o__Coronophorales","f__Scortechiniaceae","g__Yuxiensis","s__granularis","negative"
"Pityogenes hopkinsi","ASV_24152",-2.39589554029055,0.024,0.0980090148100451,0.58066242785875,"Curculionidae","Scolytinae","Pityogenes","Pityogenes hopkinsi","k__Fungi","p__Basidiomycota","c__Tremellomycetes","o__Tremellales","f__Cryptococcaceae","g__Teunia","s__globosa","negative"
"Pityogenes hopkinsi","ASV_24563",-2.29877438652092,0.024,0.0980090148100451,0.58066242785875,"Curculionidae","Scolytinae","Pityogenes","Pityogenes hopkinsi","k__Fungi","p__Ascomycota","c__Dothideomycetes","o__Tubeufiales","f__Tubeufiaceae","g__Acanthostigma",NA,"negative"
"Pityogenes hopkinsi","ASV_29",-2.43154583577165,0.025,0.0995291902071563,0.58627571821371,"Curculionidae","Scolytinae","Pityogenes","Pityogenes hopkinsi","k__Fungi","p__Ascomycota","c__Dothideomycetes","o__Dothideales","f__Saccotheciaceae","g__Aureobasidium","s__pullulans","negative"
"Pityogenes hopkinsi","ASV_185",2.36008399527493,0.025,0.0995291902071563,0.58627571821371,"Curculionidae","Scolytinae","Pityogenes","Pityogenes hopkinsi","k__Fungi","p__Ascomycota",NA,NA,NA,NA,NA,"positive"
"Pityogenes hopkinsi","ASV_639",2.25454336672819,0.025,0.0995291902071563,0.58627571821371,"Curculionidae","Scolytinae","Pityogenes","Pityogenes hopkinsi","k__Fungi","p__Basidiomycota","c__Agaricomycetes","o__Agaricales","f__Schizophyllaceae","g__Schizophyllum","s__commune","positive"
"Pityogenes hopkinsi","ASV_871",2.06117770139065,0.025,0.0995291902071563,0.58627571821371,"Curculionidae","Scolytinae","Pityogenes","Pityogenes hopkinsi","k__Fungi","p__Ascomycota","c__Dothideomycetes","o__Mycosphaerellales","f__Mycosphaerellaceae","g__Geastrumia","s__polystigmatis","positive"
"Pityogenes hopkinsi","ASV_1163",1.83594599403143,0.025,0.0995291902071563,0.58627571821371,"Curculionidae","Scolytinae","Pityogenes","Pityogenes hopkinsi","k__Fungi","p__Ascomycota","c__Eurotiomycetes","o__Chaetothyriales","f__Herpotrichiellaceae","g__Capronia","s__epimyces","positive"
"Pityogenes hopkinsi","ASV_1332",2.9794856638017,0.025,0.0995291902071563,0.58627571821371,"Curculionidae","Scolytinae","Pityogenes","Pityogenes hopkinsi","k__Fungi","p__Ascomycota","c__Sordariomycetes","o__Diaporthales","f__Valsaceae","g__Cytospora",NA,"positive"
"Pityogenes hopkinsi","ASV_1397",2.13958258648027,0.025,0.0995291902071563,0.58627571821371,"Curculionidae","Scolytinae","Pityogenes","Pityogenes hopkinsi","k__Fungi","p__Ascomycota","c__Dothideomycetes","o__Pleosporales","f__Teichosporaceae","g__Teichospora","s__quercus","positive"
"Pityogenes hopkinsi","ASV_1452",-1.96504687551921,0.025,0.0995291902071563,0.58627571821371,"Curculionidae","Scolytinae","Pityogenes","Pityogenes hopkinsi","k__Fungi","p__Ascomycota","c__Lecanoromycetes","o__Pertusariales","f__Pertusariaceae","g__Pertusaria","s__corallina","negative"
"Pityogenes hopkinsi","ASV_1943",2.67363101046046,0.025,0.0995291902071563,0.58627571821371,"Curculionidae","Scolytinae","Pityogenes","Pityogenes hopkinsi","k__Fungi","p__Basidiomycota","c__Agaricomycetes","o__Polyporales","f__Phanerochaetaceae","g__Bjerkandera","s__adusta","positive"
"Pityogenes hopkinsi","ASV_2164",2.09487612316445,0.025,0.0995291902071563,0.58627571821371,"Curculionidae","Scolytinae","Pityogenes","Pityogenes hopkinsi","k__Fungi","p__Ascomycota","c__Lecanoromycetes","o__Lecanorales","f__Stereocaulaceae",NA,NA,"positive"
"Pityogenes hopkinsi","ASV_2451",2.46102311760894,0.025,0.0995291902071563,0.58627571821371,"Curculionidae","Scolytinae","Pityogenes","Pityogenes hopkinsi","k__Fungi","p__Ascomycota","c__Leotiomycetes","o__Helotiales","f__Sclerotiniaceae","g__Sclerencoelia","s__fraxinicola","positive"
"Pityogenes hopkinsi","ASV_2836",-2.40053618127636,0.025,0.0995291902071563,0.58627571821371,"Curculionidae","Scolytinae","Pityogenes","Pityogenes hopkinsi","k__Fungi","p__Ascomycota","c__Dothideomycetes","o__Myriangiales","f__Elsinoaceae","g__Elsinoe","s__heveae","negative"
"Pityogenes hopkinsi","ASV_2909",2.79373893766992,0.025,0.0995291902071563,0.58627571821371,"Curculionidae","Scolytinae","Pityogenes","Pityogenes hopkinsi","k__Fungi","p__Ascomycota","c__Eurotiomycetes","o__Chaetothyriales","f__Herpotrichiellaceae","g__Sorocybe",NA,"positive"
"Pityogenes hopkinsi","ASV_3396",2.31609219948918,0.025,0.0995291902071563,0.58627571821371,"Curculionidae","Scolytinae","Pityogenes","Pityogenes hopkinsi","k__Fungi","p__Basidiomycota","c__Agaricomycetes","o__Cantharellales","f__Hydnaceae","g__Sistotrema","s__porulosum","positive"
"Pityogenes hopkinsi","ASV_3817",3.21439460437674,0.025,0.0995291902071563,0.58627571821371,"Curculionidae","Scolytinae","Pityogenes","Pityogenes hopkinsi","k__Fungi","p__Ascomycota","c__Sareomycetes","o__Sareales","f__Sareaceae","g__Sarea","s__coeloplata","positive"
"Pityogenes hopkinsi","ASV_4130",2.40670729063502,0.025,0.0995291902071563,0.58627571821371,"Curculionidae","Scolytinae","Pityogenes","Pityogenes hopkinsi","k__Fungi","p__Ascomycota","c__Eurotiomycetes","o__Coryneliales","f__Coryneliaceae","g__Caliciopsis","s__valentina","positive"
"Pityogenes hopkinsi","ASV_4141",2.58875185496953,0.025,0.0995291902071563,0.58627571821371,"Curculionidae","Scolytinae","Pityogenes","Pityogenes hopkinsi","k__Fungi","p__Ascomycota",NA,NA,NA,NA,NA,"positive"
"Pityogenes hopkinsi","ASV_4281",2.07048826893726,0.025,0.0995291902071563,0.58627571821371,"Curculionidae","Scolytinae","Pityogenes","Pityogenes hopkinsi","k__Fungi","p__Basidiomycota","c__Agaricomycetes","o__Hymenochaetales","f__Hymenochaetaceae","g__Phellinus","s__viticola","positive"
"Pityogenes hopkinsi","ASV_4884",-2.2828531815974,0.025,0.0995291902071563,0.58627571821371,"Curculionidae","Scolytinae","Pityogenes","Pityogenes hopkinsi","k__Fungi","p__Ascomycota",NA,NA,NA,NA,NA,"negative"
"Pityogenes hopkinsi","ASV_5343",-2.05649944178559,0.025,0.0995291902071563,0.58627571821371,"Curculionidae","Scolytinae","Pityogenes","Pityogenes hopkinsi","k__Fungi","p__Basidiomycota","c__Cystobasidiomycetes","o__Erythrobasidiales",NA,NA,NA,"negative"
"Pityogenes hopkinsi","ASV_6645",-1.6773763316199,0.025,0.0995291902071563,0.58627571821371,"Curculionidae","Scolytinae","Pityogenes","Pityogenes hopkinsi","k__Fungi","p__Ascomycota","c__Leotiomycetes","o__Rhytismatales","f__Rhytismataceae","g__Coccomyces","s__triangularis","negative"
"Pityogenes hopkinsi","ASV_7208",2.21864877004178,0.025,0.0995291902071563,0.58627571821371,"Curculionidae","Scolytinae","Pityogenes","Pityogenes hopkinsi","k__Fungi","p__Basidiomycota","c__Agaricomycetes","o__Hymenochaetales","f__Hymenochaetaceae","g__Phellinus","s__pomaceoides","positive"
"Pityogenes hopkinsi","ASV_7909",1.98104706377124,0.025,0.0995291902071563,0.58627571821371,"Curculionidae","Scolytinae","Pityogenes","Pityogenes hopkinsi","k__Fungi","p__Ascomycota","c__Sordariomycetes","o__Xylariales","f__Diatrypaceae","g__Diatrype","s__stigma","positive"
"Pityogenes hopkinsi","ASV_8220",2.19518276486159,0.025,0.0995291902071563,0.58627571821371,"Curculionidae","Scolytinae","Pityogenes","Pityogenes hopkinsi","k__Fungi","p__Ascomycota","c__Eurotiomycetes","o__Phaeomoniellales","f__Phaeomoniellaceae","g__Xenocylindrosporium",NA,"positive"
"Pityogenes hopkinsi","ASV_8883",2.10770052206349,0.025,0.0995291902071563,0.58627571821371,"Curculionidae","Scolytinae","Pityogenes","Pityogenes hopkinsi","k__Fungi","p__Ascomycota","c__Lecanoromycetes","o__Caliciales","f__Physciaceae","g__Physcia","s__aipolia","positive"
"Pityogenes hopkinsi","ASV_9715",-2.29236433569334,0.025,0.0995291902071563,0.58627571821371,"Curculionidae","Scolytinae","Pityogenes","Pityogenes hopkinsi","k__Fungi","p__Basidiomycota","c__Tremellomycetes","o__Filobasidiales","f__Filobasidiales_fam_Incertae_sedis","g__Filobasidiales_gen_Incertae_sedis",NA,"negative"
"Pityogenes hopkinsi","ASV_9834",-2.34291201698775,0.025,0.0995291902071563,0.58627571821371,"Curculionidae","Scolytinae","Pityogenes","Pityogenes hopkinsi","k__Fungi","p__Basidiomycota","c__Tremellomycetes","o__Tremellales","f__Bulleraceae","g__Genolevuria","s__amylolytica","negative"
"Pityogenes hopkinsi","ASV_9879",-2.0055825763997,0.025,0.0995291902071563,0.58627571821371,"Curculionidae","Scolytinae","Pityogenes","Pityogenes hopkinsi","k__Fungi","p__Basidiomycota","c__Agaricomycetes","o__Agaricales","f__Schizophyllaceae","g__Schizophyllum","s__commune","negative"
"Pityogenes hopkinsi","ASV_10841",2.61555117420958,0.025,0.0995291902071563,0.58627571821371,"Curculionidae","Scolytinae","Pityogenes","Pityogenes hopkinsi","k__Fungi","p__Ascomycota","c__Dothideomycetes","o__Venturiales","f__Venturiaceae","g__Venturia",NA,"positive"
"Pityogenes hopkinsi","ASV_10865",-1.71182235433994,0.025,0.0995291902071563,0.58627571821371,"Curculionidae","Scolytinae","Pityogenes","Pityogenes hopkinsi","k__Fungi","p__Ascomycota","c__Leotiomycetes","o__Rhytismatales","f__Rhytismataceae","g__Coccomyces","s__triangularis","negative"
"Pityogenes hopkinsi","ASV_11983",-1.90475312378456,0.025,0.0995291902071563,0.58627571821371,"Curculionidae","Scolytinae","Pityogenes","Pityogenes hopkinsi","k__Fungi","p__Ascomycota","c__Leotiomycetes","o__Helotiales","f__Chaetomellaceae","g__Synchaetomella",NA,"negative"
"Pityogenes hopkinsi","ASV_13113",-2.21184208838871,0.025,0.0995291902071563,0.58627571821371,"Curculionidae","Scolytinae","Pityogenes","Pityogenes hopkinsi","k__Fungi","p__Ascomycota","c__Dothideomycetes","o__Mycosphaerellales","f__Mycosphaerellaceae","g__Sphaerulina","s__pelargonii","negative"
"Pityogenes hopkinsi","ASV_13292",-1.9420971291652,0.025,0.0995291902071563,0.58627571821371,"Curculionidae","Scolytinae","Pityogenes","Pityogenes hopkinsi","k__Fungi","p__Ascomycota","c__Dothideomycetes","o__Pleosporales","f__Phaeoseptaceae","g__Pleopunctum",NA,"negative"
"Pityogenes hopkinsi","ASV_13349",-1.82402695707978,0.025,0.0995291902071563,0.58627571821371,"Curculionidae","Scolytinae","Pityogenes","Pityogenes hopkinsi","k__Fungi","p__Ascomycota","c__Dothideomycetes","o__Dothideales","f__Saccotheciaceae","g__Aureobasidium","s__pullulans","negative"
"Pityogenes hopkinsi","ASV_15005",-2.12243967444755,0.025,0.0995291902071563,0.58627571821371,"Curculionidae","Scolytinae","Pityogenes","Pityogenes hopkinsi","k__Fungi","p__Basidiomycota","c__Cystobasidiomycetes","o__Cystobasidiomycetes_ord_Incertae_sedis","f__Symmetrosporaceae","g__Symmetrospora","s__coprosmae","negative"
"Pityogenes hopkinsi","ASV_17935",-2.28777399019138,0.025,0.0995291902071563,0.58627571821371,"Curculionidae","Scolytinae","Pityogenes","Pityogenes hopkinsi","k__Fungi","p__Ascomycota","c__Dothideomycetes","o__Dothideales","f__Dothioraceae","g__Pringsheimia","s__smilacis","negative"
"Pityogenes hopkinsi","ASV_18355",-2.39073148704228,0.025,0.0995291902071563,0.58627571821371,"Curculionidae","Scolytinae","Pityogenes","Pityogenes hopkinsi","k__Fungi","p__Ascomycota","c__Lecanoromycetes","o__Caliciales","f__Caliciaceae","g__Amandinea","s__lecideina","negative"
"Pityogenes hopkinsi","ASV_18881",-2.18861860575417,0.025,0.0995291902071563,0.58627571821371,"Curculionidae","Scolytinae","Pityogenes","Pityogenes hopkinsi","k__Fungi","p__Ascomycota","c__Sordariomycetes","o__Xylariales","f__Diatrypaceae","g__Eutypella","s__cerviculata","negative"
"Pityogenes hopkinsi","ASV_22434",-2.37094098115962,0.025,0.0995291902071563,0.58627571821371,"Curculionidae","Scolytinae","Pityogenes","Pityogenes hopkinsi","k__Fungi","p__Ascomycota","c__Lecanoromycetes","o__Caliciales","f__Physciaceae","g__Physcia","s__aipolia","negative"
"Pityogenes hopkinsi","ASV_26865",-2.22547902616267,0.025,0.0995291902071563,0.58627571821371,"Curculionidae","Scolytinae","Pityogenes","Pityogenes hopkinsi","k__Fungi","p__Ascomycota","c__Leotiomycetes","o__Helotiales",NA,NA,NA,"negative"
"Xyleborinus attenuatus","ASV_82",-3.23566429406154,0.004,0.0998740157480315,0.394007168458781,"Curculionidae","Scolytinae","Xyleborinus","Xyleborinus attenuatus","k__Fungi",NA,NA,NA,NA,NA,NA,"negative"
"Xyleborinus attenuatus","ASV_97",3.19907349122189,0.004,0.0998740157480315,0.394007168458781,"Curculionidae","Scolytinae","Xyleborinus","Xyleborinus attenuatus","k__Fungi","p__Ascomycota","c__Lecanoromycetes","o__Lecanorales","f__Parmeliaceae","g__Parmelia","s__sulcata","positive"
"Xyleborinus attenuatus","ASV_192",2.89130599147503,0.004,0.0998740157480315,0.394007168458781,"Curculionidae","Scolytinae","Xyleborinus","Xyleborinus attenuatus","k__Fungi","p__Ascomycota","c__Sordariomycetes","o__Diaporthales","f__Valsaceae","g__Cytospora",NA,"positive"
"Xyleborinus attenuatus","ASV_236",2.99268629185794,0.004,0.0998740157480315,0.394007168458781,"Curculionidae","Scolytinae","Xyleborinus","Xyleborinus attenuatus","k__Fungi","p__Ascomycota","c__Dothideomycetes","o__Phaeothecales","f__Phaeothecaceae","g__Phaeothecaceae_gen_Incertae_sedis",NA,"positive"
"Xyleborinus attenuatus","ASV_435",-2.91380675349118,0.004,0.0998740157480315,0.394007168458781,"Curculionidae","Scolytinae","Xyleborinus","Xyleborinus attenuatus","k__Fungi","p__Ascomycota","c__Dothideomycetes","o__Dothideales","f__Saccotheciaceae","g__Aureobasidium","s__pullulans","negative"
"Xyleborinus attenuatus","ASV_534",3.20664352439946,0.004,0.0998740157480315,0.394007168458781,"Curculionidae","Scolytinae","Xyleborinus","Xyleborinus attenuatus","k__Fungi","p__Ascomycota","c__Sordariomycetes","o__Diaporthales","f__Valsaceae","g__Valsa",NA,"positive"
"Xyleborinus attenuatus","ASV_572",3.04487705759468,0.004,0.0998740157480315,0.394007168458781,"Curculionidae","Scolytinae","Xyleborinus","Xyleborinus attenuatus","k__Fungi","p__Ascomycota",NA,NA,NA,NA,NA,"positive"
"Xyleborinus attenuatus","ASV_701",-3.65911686537744,0.004,0.0998740157480315,0.394007168458781,"Curculionidae","Scolytinae","Xyleborinus","Xyleborinus attenuatus","k__Fungi","p__Ascomycota","c__Dothideomycetes","o__Dothideales",NA,NA,NA,"negative"
"Xyleborinus attenuatus","ASV_762",-3.34867553581955,0.004,0.0998740157480315,0.394007168458781,"Curculionidae","Scolytinae","Xyleborinus","Xyleborinus attenuatus","k__Fungi","p__Basidiomycota","c__Cystobasidiomycetes",NA,NA,NA,NA,"negative"
"Xyleborinus attenuatus","ASV_982",2.55386654687353,0.004,0.0998740157480315,0.394007168458781,"Curculionidae","Scolytinae","Xyleborinus","Xyleborinus attenuatus","k__Fungi","p__Ascomycota","c__Sordariomycetes","o__Hypocreales","f__Nectriaceae",NA,NA,"positive"
"Xyleborinus attenuatus","ASV_1235",3.25963531426676,0.004,0.0998740157480315,0.394007168458781,"Curculionidae","Scolytinae","Xyleborinus","Xyleborinus attenuatus","k__Fungi","p__Ascomycota","c__Sordariomycetes","o__Diaporthales","f__Valsaceae",NA,NA,"positive"
"Xyleborinus attenuatus","ASV_1595",2.57128139552635,0.004,0.0998740157480315,0.394007168458781,"Curculionidae","Scolytinae","Xyleborinus","Xyleborinus attenuatus","k__Fungi","p__Basidiomycota","c__Agaricomycetes","o__Agaricales","f__Entolomataceae","g__Entoloma","s__calabrum","positive"
"Xyleborinus attenuatus","ASV_1973",-3.06238909839937,0.004,0.0998740157480315,0.394007168458781,"Curculionidae","Scolytinae","Xyleborinus","Xyleborinus attenuatus","k__Fungi","p__Ascomycota","c__Leotiomycetes","o__Helotiales","f__Sclerotiniaceae",NA,NA,"negative"
"Xyleborinus attenuatus","ASV_2291",-3.34431096224309,0.004,0.0998740157480315,0.394007168458781,"Curculionidae","Scolytinae","Xyleborinus","Xyleborinus attenuatus","k__Fungi","p__Ascomycota","c__Sordariomycetes","o__Diaporthales","f__Gnomoniaceae","g__Ophiognomonia",NA,"negative"
"Xyleborinus attenuatus","ASV_2681",-3.46509580457449,0.004,0.0998740157480315,0.394007168458781,"Curculionidae","Scolytinae","Xyleborinus","Xyleborinus attenuatus","k__Fungi","p__Basidiomycota","c__Agaricomycetes","o__Agaricales","f__Strophariaceae","g__Kuehneromyces","s__rostratus","negative"
"Xyleborinus attenuatus","ASV_2842",-3.38179265152726,0.004,0.0998740157480315,0.394007168458781,"Curculionidae","Scolytinae","Xyleborinus","Xyleborinus attenuatus","k__Fungi","p__Basidiomycota",NA,NA,NA,NA,NA,"negative"
"Xyleborinus attenuatus","ASV_2908",2.96293106394708,0.004,0.0998740157480315,0.394007168458781,"Curculionidae","Scolytinae","Xyleborinus","Xyleborinus attenuatus","k__Fungi","p__Ascomycota","c__Dothideomycetes","o__Pleosporales","f__Cucurbitariaceae",NA,NA,"positive"
"Xyleborinus attenuatus","ASV_3105",-1.84930027717372,0.004,0.0998740157480315,0.394007168458781,"Curculionidae","Scolytinae","Xyleborinus","Xyleborinus attenuatus","k__Fungi","p__Ascomycota","c__Leotiomycetes","o__Rhytismatales","f__Rhytismataceae","g__Coccomyces","s__triangularis","negative"
"Xyleborinus attenuatus","ASV_3241",3.81947153295706,0.004,0.0998740157480315,0.394007168458781,"Curculionidae","Scolytinae","Xyleborinus","Xyleborinus attenuatus","k__Fungi","p__Ascomycota","c__Orbiliomycetes","o__Orbiliales","f__Orbiliaceae","g__Orbilia",NA,"positive"
"Xyleborinus attenuatus","ASV_3265",-3.44791049987124,0.004,0.0998740157480315,0.394007168458781,"Curculionidae","Scolytinae","Xyleborinus","Xyleborinus attenuatus","k__Fungi","p__Basidiomycota","c__Agaricomycetes","o__Amylocorticiales","f__Amylocorticiaceae","g__Amyloxenasma",NA,"negative"
"Xyleborinus attenuatus","ASV_3580",-3.06711893729423,0.004,0.0998740157480315,0.394007168458781,"Curculionidae","Scolytinae","Xyleborinus","Xyleborinus attenuatus","k__Fungi","p__Ascomycota","c__Sordariomycetes","o__Diaporthales","f__Gnomoniaceae","g__Ophiognomonia",NA,"negative"
"Xyleborinus attenuatus","ASV_4233",-3.14996560245441,0.004,0.0998740157480315,0.394007168458781,"Curculionidae","Scolytinae","Xyleborinus","Xyleborinus attenuatus","k__Fungi","p__Ascomycota","c__Dothideomycetes","o__Dothideales","f__Dothioraceae","g__Dothiora",NA,"negative"
"Xyleborinus attenuatus","ASV_4473",-3.14144655354224,0.004,0.0998740157480315,0.394007168458781,"Curculionidae","Scolytinae","Xyleborinus","Xyleborinus attenuatus","k__Fungi","p__Ascomycota","c__Leotiomycetes","o__Helotiales","f__Vibrisseaceae","g__Vibrissea","s__flavovirens","negative"
"Xyleborinus attenuatus","ASV_4476",2.75361111975792,0.004,0.0998740157480315,0.394007168458781,"Curculionidae","Scolytinae","Xyleborinus","Xyleborinus attenuatus","k__Fungi","p__Ascomycota","c__Sordariomycetes","o__Sordariomycetes_ord_Incertae_sedis","f__Sordariomycetes_fam_Incertae_sedis","g__Oncopodiella","s__trigonella","positive"
"Xyleborinus attenuatus","ASV_4615",-3.2244233479237,0.004,0.0998740157480315,0.394007168458781,"Curculionidae","Scolytinae","Xyleborinus","Xyleborinus attenuatus","k__Fungi","p__Ascomycota","c__Sordariomycetes","o__Diaporthales","f__Gnomoniaceae","g__Gnomoniaceae_gen_Incertae_sedis",NA,"negative"
"Xyleborinus attenuatus","ASV_5054",2.42252761406991,0.004,0.0998740157480315,0.394007168458781,"Curculionidae","Scolytinae","Xyleborinus","Xyleborinus attenuatus","k__Fungi","p__Ascomycota","c__Dothideomycetes","o__Myriangiales","f__Myriangiaceae","g__Myriangium",NA,"positive"
"Xyleborinus attenuatus","ASV_5714",3.19625345803151,0.004,0.0998740157480315,0.394007168458781,"Curculionidae","Scolytinae","Xyleborinus","Xyleborinus attenuatus","k__Fungi","p__Ascomycota","c__Dothideomycetes","o__Capnodiales","f__Cladosporiaceae","g__Cladosporium",NA,"positive"
"Xyleborinus attenuatus","ASV_5856",2.54518321311973,0.004,0.0998740157480315,0.394007168458781,"Curculionidae","Scolytinae","Xyleborinus","Xyleborinus attenuatus","k__Fungi",NA,NA,NA,NA,NA,NA,"positive"
"Xyleborinus attenuatus","ASV_7123",2.26699301310633,0.004,0.0998740157480315,0.394007168458781,"Curculionidae","Scolytinae","Xyleborinus","Xyleborinus attenuatus","k__Fungi","p__Ascomycota","c__Dothideomycetes","o__Pleosporales","f__Pleosporaceae","g__Comoclathris","s__typhicola","positive"
"Xyleborinus attenuatus","ASV_7263",2.93420967689191,0.004,0.0998740157480315,0.394007168458781,"Curculionidae","Scolytinae","Xyleborinus","Xyleborinus attenuatus","k__Fungi",NA,NA,NA,NA,NA,NA,"positive"
"Xyleborinus attenuatus","ASV_9163",2.53669914050657,0.004,0.0998740157480315,0.394007168458781,"Curculionidae","Scolytinae","Xyleborinus","Xyleborinus attenuatus","k__Fungi","p__Ascomycota","c__Sordariomycetes","o__Hypocreales","f__Nectriaceae","g__Thyronectria",NA,"positive"
"Xyleborinus attenuatus","ASV_12171",2.44452228474429,0.004,0.0998740157480315,0.394007168458781,"Curculionidae","Scolytinae","Xyleborinus","Xyleborinus attenuatus","k__Fungi","p__Ascomycota","c__Sordariomycetes","o__Hypocreales","f__Ophiocordycipitaceae","g__Tolypocladium",NA,"positive"
"Xyleborinus attenuatus","ASV_20057",2.6690017117518,0.004,0.0998740157480315,0.394007168458781,"Curculionidae","Scolytinae","Xyleborinus","Xyleborinus attenuatus","k__Fungi",NA,NA,NA,NA,NA,NA,"positive"
"Xyleborinus attenuatus","ASV_22434",2.97299305953818,0.004,0.0998740157480315,0.394007168458781,"Curculionidae","Scolytinae","Xyleborinus","Xyleborinus attenuatus","k__Fungi","p__Ascomycota","c__Lecanoromycetes","o__Caliciales","f__Physciaceae","g__Physcia","s__aipolia","positive"
