"fungal_taxon","fungal_phylum","fungal_class","fungal_order","fungal_family","fungal_genus","fungal_species","n_insect_partners"
"ASV_1814","p__Ascomycota",NA,NA,NA,NA,NA,3
"ASV_10024","p__Ascomycota","c__Dothideomycetes","o__Venturiales","f__Venturiaceae",NA,NA,2
"ASV_1029","p__Ascomycota","c__Leotiomycetes","o__Helotiales","f__Sclerotiniaceae",NA,NA,2
"ASV_10841","p__Ascomycota","c__Dothideomycetes","o__Venturiales","f__Venturiaceae","g__Venturia",NA,2
"ASV_11336","p__Ascomycota","c__Dothideomycetes","o__Dothideomycetidae_ord_Incertae_sedis","f__Pseudoperisporiaceae","g__Eudimeriolum",NA,2
"ASV_1202","p__Ascomycota","c__Dothideomycetes","o__Dothideales","f__Saccotheciaceae","g__Aureobasidium","s__pullulans",2
"ASV_1232","p__Ascomycota",NA,NA,NA,NA,NA,2
"ASV_13474","p__Ascomycota","c__Sordariomycetes","o__Hypocreales","f__Nectriaceae","g__Thyronectria",NA,2
"ASV_1387","p__Ascomycota","c__Dothideomycetes","o__Mytilinidiales","f__Mytilinidiaceae","g__Mytilinidion","s__insulare",2
"ASV_1398","p__Ascomycota",NA,NA,NA,NA,NA,2
"ASV_1441","p__Ascomycota",NA,NA,NA,NA,NA,2
"ASV_1632","p__Ascomycota","c__Sordariomycetes","o__Diaporthales","f__Valsaceae","g__Cytospora","s__predappioensis",2
"ASV_1637","p__Ascomycota","c__Sordariomycetes","o__Xylariales","f__Diatrypaceae","g__Diatrype","s__stigma",2
"ASV_1750","p__Ascomycota","c__Dothideomycetes",NA,NA,NA,NA,2
"ASV_1785",NA,NA,NA,NA,NA,NA,2
"ASV_1887","p__Ascomycota","c__Leotiomycetes","o__Helotiales","f__Helotiales_fam_Incertae_sedis","g__Cryptocline","s__arctostaphyli",2
"ASV_22434","p__Ascomycota","c__Lecanoromycetes","o__Caliciales","f__Physciaceae","g__Physcia","s__aipolia",2
"ASV_318","p__Ascomycota","c__Lecanoromycetes","o__Lecanorales",NA,NA,NA,2
"ASV_4041","p__Ascomycota","c__Dothideomycetes","o__Mycosphaerellales","f__Mycosphaerellaceae","g__Mycosphaerella","s__latebrosa",2
"ASV_435","p__Ascomycota","c__Dothideomycetes","o__Dothideales","f__Saccotheciaceae","g__Aureobasidium","s__pullulans",2
"ASV_51","p__Ascomycota","c__Dothideomycetes","o__Pleosporales","f__Pleosporaceae","g__Alternaria",NA,2
"ASV_5229","p__Ascomycota","c__Leotiomycetes","o__Helotiales",NA,NA,NA,2
"ASV_586","p__Ascomycota","c__Sordariomycetes","o__Diaporthales","f__Valsaceae","g__Cytospora","s__populina",2
"ASV_5947","p__Ascomycota","c__Dothideomycetes","o__Mycosphaerellales","f__Teratosphaeriaceae",NA,NA,2
"ASV_6065","p__Ascomycota","c__Sordariomycetes","o__Hypocreales","f__Cordycipitaceae","g__Beauveria","s__bassiana",2
"ASV_616","p__Ascomycota","c__Sordariomycetes","o__Diaporthales","f__Valsaceae","g__Cytospora","s__prunicola",2
"ASV_687","p__Ascomycota","c__Eurotiomycetes","o__Chaetothyriales",NA,NA,NA,2
"ASV_704","p__Ascomycota","c__Dothideomycetes","o__Dothideales","f__Saccotheciaceae","g__Aureobasidium","s__pullulans",2
"ASV_71","p__Ascomycota","c__Dothideomycetes","o__Pleosporales","f__Didymellaceae",NA,NA,2
"ASV_762","p__Basidiomycota","c__Cystobasidiomycetes",NA,NA,NA,NA,2
"ASV_804",NA,NA,NA,NA,NA,NA,2
"ASV_82",NA,NA,NA,NA,NA,NA,2
"ASV_834","p__Ascomycota","c__Leotiomycetes","o__Helotiales","f__Tympanidaceae","g__Tympanis",NA,2
"ASV_866","p__Ascomycota","c__Dothideomycetes","o__Dothideales","f__Saccotheciaceae","g__Aureobasidium","s__pullulans",2
"ASV_954","p__Ascomycota","c__Dothideomycetes","o__Dothideales","f__Saccotheciaceae","g__Aureobasidium",NA,2
"ASV_969","p__Ascomycota","c__Sordariomycetes","o__Diaporthales","f__Valsaceae","g__Cytospora","s__populina",2
"ASV_982","p__Ascomycota","c__Sordariomycetes","o__Hypocreales","f__Nectriaceae",NA,NA,2
"ASV_100","p__Ascomycota","c__Saccharomycetes","o__Saccharomycetales","f__Debaryomycetaceae","g__Yamadazyma","s__mexicana",1
"ASV_10004","p__Ascomycota","c__Eurotiomycetes","o__Verrucariales","f__Verrucariaceae","g__Verrucariaceae_gen_Incertae_sedis",NA,1
"ASV_10007","p__Ascomycota",NA,NA,NA,NA,NA,1
"ASV_10009","p__Ascomycota","c__Dothideomycetes","o__Mycosphaerellales","f__Mycosphaerellaceae","g__Ramularia",NA,1
"ASV_10013","p__Ascomycota","c__Leotiomycetes","o__Helotiales",NA,NA,NA,1
"ASV_10023","p__Ascomycota","c__Orbiliomycetes","o__Orbiliales","f__Orbiliaceae","g__Orbilia","s__obtusispora",1
"ASV_10026","p__Ascomycota",NA,NA,NA,NA,NA,1
"ASV_10027","p__Basidiomycota","c__Agaricomycetes","o__Hymenochaetales","f__Schizoporaceae","g__Lyomyces",NA,1
"ASV_1003","p__Ascomycota","c__Leotiomycetes","o__Rhytismatales","f__Rhytismataceae","g__Lophodermium","s__macci",1
"ASV_1005","p__Basidiomycota","c__Agaricomycetes","o__Polyporales","f__Ganodermataceae","g__Ganoderma","s__applanatum",1
"ASV_10059","p__Ascomycota","c__Sordariomycetes","o__Xylariales",NA,NA,NA,1
"ASV_10083","p__Basidiomycota","c__Agaricomycetes","o__Hymenochaetales","f__Tubulicrinaceae","g__Tubulicrinis","s__accedens",1
"ASV_1010","p__Ascomycota","c__Dothideomycetes","o__Pleosporales","f__Phaeosphaeriaceae","g__Setophaeosphaeria","s__badalingensis",1
"ASV_10118","p__Basidiomycota","c__Exobasidiomycetes","o__Exobasidiales","f__Exobasidiaceae","g__Exobasidium","s__dubium",1
"ASV_10138","p__Basidiomycota","c__Agaricomycetes","o__Polyporales","f__Irpicaceae","g__Irpex","s__lacteus",1
"ASV_10143","p__Basidiomycota","c__Agaricomycetes","o__Agaricales","f__Tricholomataceae","g__Resupinatus","s__americanus",1
"ASV_10146","p__Basidiomycota","c__Agaricomycetes","o__Russulales","f__Peniophoraceae","g__Peniophora",NA,1
"ASV_10147","p__Basidiomycota","c__Agaricomycetes","o__Russulales","f__Peniophoraceae","g__Peniophora","s__versiformis",1
"ASV_1015","p__Ascomycota","c__Leotiomycetes","o__Helotiales",NA,NA,NA,1
"ASV_1016","p__Basidiomycota","c__Agaricomycetes","o__Polyporales","f__Fomitopsidaceae","g__Piptoporus","s__betulinus",1
"ASV_10160","p__Ascomycota",NA,NA,NA,NA,NA,1
"ASV_10164","p__Ascomycota","c__Leotiomycetes","o__Helotiales","f__Helotiaceae","g__Claussenomyces","s__kirschsteinianus",1
"ASV_10173","p__Ascomycota","c__Eurotiomycetes","o__Mycocaliciales","f__Mycocaliciaceae","g__Phaeocalicium","s__curtisii",1
"ASV_10185","p__Basidiomycota","c__Tremellomycetes","o__Tremellales","f__Rhynchogastremataceae","g__Papiliotrema",NA,1
"ASV_10193","p__Basidiomycota","c__Tremellomycetes","o__Tremellales","f__Bulleribasidiaceae","g__Vishniacozyma","s__heimaeyensis",1
"ASV_10210","p__Ascomycota","c__Dothideomycetes","o__Pleosporales","f__Cucurbitariaceae","g__Neocucurbitaria",NA,1
"ASV_1022","p__Ascomycota","c__Eurotiomycetes","o__Chaetothyriales","f__Chaetothyriaceae","g__Camptophora",NA,1
"ASV_1024","p__Basidiomycota","c__Agaricomycetes","o__Polyporales","f__Polyporaceae","g__Trametes",NA,1
"ASV_1025","p__Ascomycota","c__Dothideomycetes","o__Capnodiales","f__Cladosporiaceae","g__Cladosporium","s__domesticum",1
"ASV_1026","p__Ascomycota","c__Sordariomycetes","o__Diaporthales","f__Valsaceae","g__Cytospora",NA,1
"ASV_10271","p__Ascomycota","c__Dothideomycetes","o__Mytilinidiales","f__Mytilinidiaceae","g__Mytilinidion","s__insulare",1
"ASV_10278","p__Ascomycota","c__Lecanoromycetes","o__Ostropales","f__Spirographaceae","g__Spirographa","s__fusisporella",1
"ASV_10291","p__Basidiomycota","c__Agaricomycetes","o__Agaricales","f__Pleurotaceae","g__Hohenbuehelia","s__carlothornii",1
"ASV_10293","p__Basidiomycota","c__Microbotryomycetes","o__Microbotryomycetes_ord_Incertae_sedis","f__Colacogloeaceae","g__Colacogloeaceae_gen_Incertae_sedis",NA,1
"ASV_1030","p__Ascomycota","c__Dothideomycetes","o__Dothideales","f__Dothioraceae","g__Dothiora",NA,1
"ASV_10312","p__Ascomycota","c__Dothideomycetes","o__Mycosphaerellales","f__Mycosphaerellaceae","g__Sphaerulina",NA,1
"ASV_10321","p__Ascomycota",NA,NA,NA,NA,NA,1
"ASV_10323",NA,NA,NA,NA,NA,NA,1
"ASV_1034","p__Ascomycota","c__Dothideomycetes","o__Pleosporales","f__Cucurbitariaceae","g__Parafenestella",NA,1
"ASV_1035","p__Basidiomycota","c__Tremellomycetes",NA,NA,NA,NA,1
"ASV_1037","p__Ascomycota","c__Lecanoromycetes","o__Lecanorales",NA,NA,NA,1
"ASV_10374","p__Ascomycota","c__Leotiomycetes","o__Helotiales","f__Helotiales_fam_Incertae_sedis","g__Chalara",NA,1
"ASV_10382","p__Basidiomycota","c__Agaricomycetes","o__Russulales","f__Lachnocladiaceae","g__Dichostereum","s__pallescens",1
"ASV_10395","p__Basidiomycota","c__Agaricomycetes","o__Polyporales","f__Ganodermataceae","g__Ganoderma","s__applanatum",1
"ASV_10396","p__Ascomycota","c__Saccharomycetes","o__Saccharomycetales","f__Saccharomycetaceae","g__Ogataea","s__populi-albae",1
"ASV_10397","p__Ascomycota","c__Saccharomycetes","o__Saccharomycetales","f__Debaryomycetaceae","g__Yamadazyma","s__mexicana",1
"ASV_104","p__Ascomycota","c__Dothideomycetes","o__Dothideales","f__Dothioraceae","g__Dothiora",NA,1
"ASV_10402","p__Ascomycota","c__Dothideomycetes","o__Pleosporales","f__Melanommataceae",NA,NA,1
"ASV_10412","p__Ascomycota","c__Dothideomycetes","o__Dothideales","f__Saccotheciaceae","g__Aureobasidium","s__pullulans",1
"ASV_1042",NA,NA,NA,NA,NA,NA,1
"ASV_10425","p__Ascomycota","c__Taphrinomycetes","o__Taphrinales","f__Taphrinaceae","g__Taphrina","s__inositophila",1
"ASV_10439","p__Basidiomycota","c__Tremellomycetes","o__Filobasidiales","f__Piskurozymaceae","g__Piskurozyma",NA,1
"ASV_10442","p__Basidiomycota","c__Agaricomycetes","o__Agaricales","f__Pleurotaceae","g__Hohenbuehelia",NA,1
"ASV_10463","p__Basidiomycota","c__Agaricomycetes","o__Hymenochaetales","f__Schizoporaceae","g__Oxyporus","s__piceicola",1
"ASV_10464","p__Basidiomycota","c__Agaricomycetes","o__Polyporales","f__Steccherinaceae","g__Steccherinaceae_gen_Incertae_sedis",NA,1
"ASV_105","p__Basidiomycota","c__Tremellomycetes","o__Tremellales","f__Cryptococcaceae","g__Teunia",NA,1
"ASV_1050","p__Ascomycota","c__Taphrinomycetes","o__Taphrinales","f__Taphrinaceae","g__Taphrina",NA,1
"ASV_10510","p__Ascomycota","c__Sordariomycetes","o__Diaporthales","f__Valsaceae","g__Valsa",NA,1
"ASV_10518","p__Ascomycota","c__Dothideomycetes","o__Dothideales","f__Saccotheciaceae","g__Aureobasidium","s__pullulans",1
"ASV_1052","p__Ascomycota","c__Saccharomycetes","o__Saccharomycetales","f__Phaffomycetaceae","g__Wickerhamomyces","s__bisporus",1
"ASV_10522","p__Ascomycota","c__Leotiomycetes",NA,NA,NA,NA,1
"ASV_10546","p__Basidiomycota","c__Agaricostilbomycetes","o__Agaricostilbales","f__Chionosphaeraceae","g__Ballistosporomyces","s__sasicola",1
"ASV_1058","p__Ascomycota","c__Dothideomycetes","o__Pleosporales","f__Didymellaceae",NA,NA,1
"ASV_10581","p__Basidiomycota","c__Agaricomycetes","o__Hymenochaetales","f__Schizoporaceae","g__Xylodon",NA,1
"ASV_1059",NA,NA,NA,NA,NA,NA,1
"ASV_10591","p__Basidiomycota","c__Tremellomycetes","o__Tremellales","f__Bulleribasidiaceae","g__Vishniacozyma","s__taibaiensis",1
"ASV_10602","p__Ascomycota","c__Eurotiomycetes","o__Eurotiales","f__Aspergillaceae","g__Paecilomyces","s__lagunculariae",1
"ASV_10603","p__Ascomycota","c__Dothideomycetes","o__Dothideales","f__Dothioraceae","g__Dothiora",NA,1
"ASV_10627","p__Basidiomycota","c__Agaricomycetes","o__Hymenochaetales","f__Tubulicrinaceae","g__Tubulicrinis","s__subulatus",1
"ASV_10697","p__Ascomycota","c__Lecanoromycetes","o__Lecanorales","f__Lecanoraceae","g__Lecidella","s__albida",1
"ASV_1070","p__Ascomycota","c__Dothideomycetes","o__Pleosporales","f__Pleosporales_fam_Incertae_sedis","g__Chaetophoma",NA,1
"ASV_10719","p__Basidiomycota","c__Agaricomycetes","o__Polyporales","f__Fomitopsidaceae",NA,NA,1
"ASV_10720","p__Basidiomycota","c__Agaricomycetes","o__Atheliales","f__Byssocorticiaceae","g__Byssocorticiaceae_gen_Incertae_sedis",NA,1
"ASV_10729","p__Ascomycota","c__Sordariomycetes","o__Diaporthales","f__Valsaceae","g__Cytospora",NA,1
"ASV_10756","p__Ascomycota","c__Dothideomycetes","o__Pleosporales",NA,NA,NA,1
"ASV_1076","p__Ascomycota","c__Sordariomycetes","o__Hypocreales","f__Nectriaceae","g__Thyronectria","s__strobi",1
"ASV_10762","p__Basidiomycota","c__Agaricomycetes","o__Polyporales","f__Cerrenaceae","g__Radulodon","s__americanus",1
"ASV_10768","p__Basidiomycota","c__Tremellomycetes","o__Tremellales","f__Bulleribasidiaceae","g__Bulleribasidiaceae_gen_Incertae_sedis",NA,1
"ASV_1077","p__Ascomycota","c__Dothideomycetes","o__Capnodiales","f__Capnodiales_fam_Incertae_sedis","g__Microcyclospora","s__malicola",1
"ASV_10786",NA,NA,NA,NA,NA,NA,1
"ASV_108","p__Basidiomycota","c__Agaricomycetes","o__Polyporales","f__Irpicaceae","g__Irpex","s__lacteus",1
"ASV_10806","p__Ascomycota","c__Dothideomycetes","o__Dothideales","f__Saccotheciaceae","g__Aureobasidium",NA,1
"ASV_10807","p__Basidiomycota","c__Tremellomycetes","o__Tremellales","f__Phaeotremellaceae","g__Phaeotremella",NA,1
"ASV_1082","p__Basidiomycota","c__Agaricomycetes","o__Sistotremastrales","f__Sistotremastraceae","g__Sistotremastrum","s__suecicum",1
"ASV_1083","p__Ascomycota","c__Dothideomycetes",NA,NA,NA,NA,1
"ASV_1086","p__Ascomycota","c__Dothideomycetes","o__Capnodiales","f__Neodevriesiaceae","g__Tripospermum","s__infalcatum",1
"ASV_10865","p__Ascomycota","c__Leotiomycetes","o__Rhytismatales","f__Rhytismataceae","g__Coccomyces","s__triangularis",1
"ASV_1088","p__Basidiomycota","c__Tremellomycetes","o__Tremellales","f__Bulleribasidiaceae","g__Hannaella","s__luteola",1
"ASV_10884","p__Basidiomycota","c__Tremellomycetes","o__Tremellales","f__Cryptococcaceae","g__Cryptococcus","s__aureus",1
"ASV_10890","p__Basidiomycota","c__Agaricomycetes","o__Polyporales","f__Meruliaceae","g__Scopuloides","s__hydnoides",1
"ASV_109","p__Ascomycota","c__Sordariomycetes","o__Diaporthales","f__Valsaceae","g__Cytospora",NA,1
"ASV_1090","p__Basidiomycota","c__Tremellomycetes","o__Tremellomycetes_ord_Incertae_sedis","f__Tremellomycetes_fam_Incertae_sedis","g__Tremellomycetes_gen_Incertae_sedis",NA,1
"ASV_10910","p__Ascomycota","c__Dothideomycetes",NA,NA,NA,NA,1
"ASV_10922","p__Ascomycota","c__Dothideomycetes",NA,NA,NA,NA,1
"ASV_10925","p__Ascomycota",NA,NA,NA,NA,NA,1
"ASV_10926","p__Ascomycota","c__Dothideomycetes","o__Pleosporales","f__Phaeosphaeriaceae","g__Leptospora","s__rubella",1
"ASV_10932","p__Ascomycota","c__Dothideomycetes","o__Pleosporales","f__Phaeosphaeriaceae",NA,NA,1
"ASV_10943","p__Ascomycota","c__Eurotiomycetes","o__Phaeomoniellales","f__Phaeomoniellaceae",NA,NA,1
"ASV_11047","p__Basidiomycota","c__Agaricomycetes","o__Russulales","f__Peniophoraceae","g__Peniophora","s__cinerea",1
"ASV_11048","p__Basidiomycota","c__Tremellomycetes","o__Tremellales","f__Bulleraceae","g__Pseudotremella","s__moriformis",1
"ASV_11070","p__Ascomycota","c__Dothideomycetes","o__Pleosporales","f__Cucurbitariaceae","g__Parafenestella","s__ontariensis",1
"ASV_11071","p__Basidiomycota","c__Microbotryomycetes","o__Microbotryomycetes_ord_Incertae_sedis","f__Microbotryomycetes_fam_Incertae_sedis","g__Curvibasidium",NA,1
"ASV_11100","p__Ascomycota","c__Leotiomycetes","o__Helotiales","f__Sclerotiniaceae",NA,NA,1
"ASV_11115","p__Ascomycota","c__Sordariomycetes","o__Xylariales",NA,NA,NA,1
"ASV_1113","p__Ascomycota","c__Dothideomycetes","o__Mycosphaerellales","f__Mycosphaerellaceae","g__Mycosphaerella","s__latebrosa",1
"ASV_11163","p__Ascomycota","c__Sordariomycetes","o__Diaporthales","f__Valsaceae","g__Cytospora","s__beilinensis",1
"ASV_11167","p__Basidiomycota","c__Exobasidiomycetes","o__Microstromatales","f__Microstromatales_fam_Incertae_sedis","g__Pseudomicrostroma",NA,1
"ASV_11176","p__Ascomycota","c__Dothideomycetes","o__Pleosporales","f__Cucurbitariaceae","g__Neocucurbitaria","s__populi",1
"ASV_1119","p__Ascomycota","c__Taphrinomycetes","o__Taphrinales","f__Taphrinaceae","g__Taphrina",NA,1
"ASV_1120","p__Ascomycota","c__Dothideomycetes",NA,NA,NA,NA,1
"ASV_11241","p__Mucoromycota","c__Mucoromycetes","o__Mucorales","f__Mucoraceae","g__Mucor","s__luteus",1
"ASV_1126","p__Ascomycota","c__Dothideomycetes","o__Dothideales",NA,NA,NA,1
"ASV_11263","p__Basidiomycota","c__Tremellomycetes","o__Filobasidiales","f__Piskurozymaceae","g__Piskurozyma","s__cylindrica",1
"ASV_11266","p__Ascomycota",NA,NA,NA,NA,NA,1
"ASV_1128","p__Ascomycota",NA,NA,NA,NA,NA,1
"ASV_1129","p__Basidiomycota","c__Microbotryomycetes",NA,NA,NA,NA,1
"ASV_11294","p__Ascomycota","c__Lecanoromycetes","o__Lecanorales",NA,NA,NA,1
"ASV_1131","p__Basidiomycota","c__Agaricomycetes","o__Hymenochaetales","f__Hymenochaetales_fam_Incertae_sedis","g__Trichaptum","s__biforme",1
"ASV_11320","p__Basidiomycota","c__Microbotryomycetes","o__Microbotryomycetes_ord_Incertae_sedis","f__Microbotryomycetes_fam_Incertae_sedis","g__Curvibasidium",NA,1
"ASV_11342","p__Ascomycota","c__Dothideomycetes","o__Mycosphaerellales","f__Mycosphaerellaceae","g__Sphaerulina","s__pelargonii",1
"ASV_1135","p__Ascomycota",NA,NA,NA,NA,NA,1
"ASV_11367","p__Ascomycota","c__Sordariomycetes","o__Xylariales","f__Diatrypaceae","g__Diatrype","s__stigma",1
"ASV_11372","p__Ascomycota","c__Dothideomycetes","o__Pleosporales","f__Didymellaceae","g__Phoma","s__aloes",1
"ASV_11406","p__Ascomycota",NA,NA,NA,NA,NA,1
"ASV_11409","p__Basidiomycota","c__Agaricomycetes","o__Russulales","f__Peniophoraceae","g__Peniophora","s__cinerea",1
"ASV_11419","p__Ascomycota","c__Eurotiomycetes","o__Eurotiales","f__Aspergillaceae","g__Paecilomyces","s__maximus",1
"ASV_1142","p__Ascomycota",NA,NA,NA,NA,NA,1
"ASV_1143","p__Ascomycota","c__Dothideomycetes","o__Pleosporales","f__Didymellaceae",NA,NA,1
"ASV_11441","p__Ascomycota","c__Sordariomycetes","o__Diaporthales","f__Valsaceae","g__Valsa",NA,1
"ASV_1145","p__Basidiomycota","c__Agaricomycetes","o__Polyporales","f__Phanerochaetaceae","g__Bjerkandera","s__adusta",1
"ASV_11464","p__Ascomycota","c__Dothideomycetes","o__Mycosphaerellales","f__Mycosphaerellaceae","g__Ramularia",NA,1
"ASV_11466","p__Ascomycota","c__Eurotiomycetes","o__Phaeomoniellales","f__Phaeomoniellaceae",NA,NA,1
"ASV_1147","p__Basidiomycota","c__Agaricomycetes","o__Polyporales","f__Irpicaceae","g__Ceriporia","s__lacerata",1
"ASV_11483","p__Ascomycota","c__Leotiomycetes","o__Helotiales","f__Tympanidaceae","g__Tympanis",NA,1
"ASV_11494","p__Ascomycota","c__Dothideomycetes","o__Dothideales","f__Dothioraceae","g__Dothiora",NA,1
"ASV_11499","p__Ascomycota","c__Lecanoromycetes","o__Peltigerales","f__Pannariaceae","g__Pannariaceae_gen_Incertae_sedis",NA,1
"ASV_11524",NA,NA,NA,NA,NA,NA,1
"ASV_11525",NA,NA,NA,NA,NA,NA,1
"ASV_1153","p__Ascomycota",NA,NA,NA,NA,NA,1
"ASV_1154",NA,NA,NA,NA,NA,NA,1
"ASV_11585","p__Basidiomycota","c__Tremellomycetes","o__Tremellales","f__Tremellaceae","g__Tremella","s__globispora",1
"ASV_11601","p__Basidiomycota","c__Agaricomycetes","o__Russulales","f__Peniophoraceae","g__Peniophora","s__cinerea",1
"ASV_11609","p__Ascomycota","c__Dothideomycetes","o__Capnodiales","f__Cladosporiaceae","g__Cladosporium","s__herbarum",1
"ASV_1162","p__Ascomycota",NA,NA,NA,NA,NA,1
"ASV_1163","p__Ascomycota","c__Eurotiomycetes","o__Chaetothyriales","f__Herpotrichiellaceae","g__Capronia","s__epimyces",1
"ASV_11645","p__Ascomycota","c__Lecanoromycetes","o__Lecanorales","f__Lecanoraceae","g__Lecanora",NA,1
"ASV_11647","p__Ascomycota","c__Eurotiomycetes","o__Chaetothyriales","f__Herpotrichiellaceae","g__Phialophora","s__macrospora",1
"ASV_1167","p__Ascomycota","c__Sordariomycetes","o__Xylariales","f__Diatrypaceae","g__Diatrype","s__decorticata",1
"ASV_11670","p__Ascomycota","c__Dothideomycetes","o__Mycosphaerellales","f__Mycosphaerellaceae","g__Sphaerulina","s__pelargonii",1
"ASV_11684","p__Basidiomycota","c__Microbotryomycetes","o__Leucosporidiales","f__Leucosporidiaceae","g__Leucosporidium",NA,1
"ASV_1169","p__Ascomycota","c__Dothideomycetes","o__Pleosporales","f__Lentitheciaceae","g__Lentitheciaceae_gen_Incertae_sedis",NA,1
"ASV_11696","p__Ascomycota","c__Leotiomycetes",NA,NA,NA,NA,1
"ASV_1171","p__Ascomycota","c__Dothideomycetes","o__Pleosporales","f__Fenestellaceae","g__Fenestella",NA,1
"ASV_1172","p__Basidiomycota","c__Agaricomycetes","o__Hymenochaetales","f__Rickenellaceae","g__Sidera","s__vulgaris",1
"ASV_11720","p__Basidiomycota","c__Agaricostilbomycetes","o__Agaricostilbales","f__Jianyuniaceae","g__Jianyunia",NA,1
"ASV_11732","p__Ascomycota","c__Sordariomycetes","o__Hypocreales","f__Nectriaceae","g__Fusarium","s__avenaceum",1
"ASV_11734","p__Ascomycota",NA,NA,NA,NA,NA,1
"ASV_11736","p__Ascomycota","c__Dothideomycetes","o__Capnodiales","f__Cladosporiaceae",NA,NA,1
"ASV_1175","p__Basidiomycota","c__Cystobasidiomycetes","o__Cystobasidiomycetes_ord_Incertae_sedis","f__Microsporomycetaceae","g__Lichenozyma","s__pisutiana",1
"ASV_11795","p__Basidiomycota","c__Agaricomycetes","o__Sebacinales","f__Sebacinaceae",NA,NA,1
"ASV_1186","p__Ascomycota","c__Sordariomycetes","o__Xylariales","f__Diatrypaceae","g__Diatrype","s__stigma",1
"ASV_1188","p__Basidiomycota","c__Cystobasidiomycetes","o__Cystobasidiomycetes_ord_Incertae_sedis","f__Symmetrosporaceae","g__Symmetrospora",NA,1
"ASV_11883","p__Ascomycota","c__Eurotiomycetes","o__Chaetothyriales","f__Herpotrichiellaceae","g__Phialophora","s__phaeophora",1
"ASV_1192","p__Basidiomycota","c__Agaricomycetes","o__Auriculariales","f__Exidiaceae","g__Exidia","s__glandulosa",1
"ASV_11949","p__Ascomycota","c__Dothideomycetes","o__Dothideales","f__Saccotheciaceae","g__Aureobasidium","s__pullulans",1
"ASV_11950","p__Basidiomycota","c__Agaricomycetes","o__Polyporales","f__Meripilaceae","g__Meripilaceae_gen_Incertae_sedis",NA,1
"ASV_1196","p__Ascomycota","c__Dothideomycetes","o__Mycosphaerellales",NA,NA,NA,1
"ASV_11976",NA,NA,NA,NA,NA,NA,1
"ASV_11977","p__Basidiomycota","c__Agaricomycetes","o__Russulales","f__Peniophoraceae","g__Peniophora","s__cinerea",1
"ASV_11983","p__Ascomycota","c__Leotiomycetes","o__Helotiales","f__Chaetomellaceae","g__Synchaetomella",NA,1
"ASV_11985","p__Basidiomycota","c__Tremellomycetes","o__Filobasidiales","f__Filobasidiaceae","g__Filobasidium","s__mali",1
"ASV_1199","p__Basidiomycota","c__Exobasidiomycetes","o__Microstromatales","f__Microstromatales_fam_Incertae_sedis","g__Pseudomicrostroma","s__phylloplanum",1
"ASV_11991",NA,NA,NA,NA,NA,NA,1
"ASV_11995","p__Ascomycota","c__Dothideomycetes","o__Pleosporales","f__Pleosporaceae","g__Alternaria","s__elegans",1
"ASV_12006","p__Basidiomycota","c__Agaricomycetes","o__Polyporales","f__Meruliaceae","g__Scopuloides","s__hydnoides",1
"ASV_12032",NA,NA,NA,NA,NA,NA,1
"ASV_12042","p__Ascomycota","c__Dothideomycetes","o__Dothideales","f__Dothioraceae","g__Dothiora",NA,1
"ASV_1207","p__Ascomycota","c__Dothideomycetes","o__Pleosporales","f__Lophiotremataceae","g__Atrocalyx",NA,1
"ASV_12097","p__Ascomycota","c__Eurotiomycetes","o__Verrucariales","f__Verrucariaceae","g__Verrucariaceae_gen_Incertae_sedis",NA,1
"ASV_12101","p__Ascomycota","c__Eurotiomycetes","o__Chaetothyriales","f__Chaetothyriaceae","g__Ceramothyrium","s__carniolicum",1
"ASV_12103","p__Basidiomycota","c__Microbotryomycetes","o__Microbotryomycetes_ord_Incertae_sedis","f__Colacogloeaceae",NA,NA,1
"ASV_12130","p__Mucoromycota","c__Mucoromycetes","o__Mucorales","f__Mucoraceae","g__Mucor","s__hiemalis",1
"ASV_12134","p__Basidiomycota","c__Microbotryomycetes","o__Sporidiobolales","f__Sporidiobolaceae","g__Sporobolomyces",NA,1
"ASV_1214","p__Basidiomycota",NA,NA,NA,NA,NA,1
"ASV_12171","p__Ascomycota","c__Sordariomycetes","o__Hypocreales","f__Ophiocordycipitaceae","g__Tolypocladium",NA,1
"ASV_12174","p__Ascomycota","c__Eurotiomycetes","o__Mycocaliciales","f__Mycocaliciaceae",NA,NA,1
"ASV_12187","p__Ascomycota","c__Leotiomycetes","o__Helotiales","f__Helotiales_fam_Incertae_sedis",NA,NA,1
"ASV_1221","p__Ascomycota","c__Sordariomycetes","o__Diaporthales","f__Valsaceae","g__Cytospora",NA,1
"ASV_1222","p__Ascomycota","c__Leotiomycetes","o__Rhytismatales","f__Rhytismataceae","g__Lophodermium","s__macci",1
"ASV_12223","p__Ascomycota","c__Dothideomycetes","o__Dothideales","f__Dothioraceae","g__Dothiora",NA,1
"ASV_12228","p__Ascomycota","c__Dothideomycetes","o__Dothideales","f__Dothioraceae","g__Dothiora",NA,1
"ASV_12230","p__Basidiomycota","c__Tremellomycetes","o__Tremellales","f__Phaeotremellaceae","g__Phaeotremella",NA,1
"ASV_12231",NA,NA,NA,NA,NA,NA,1
"ASV_12239","p__Basidiomycota","c__Exobasidiomycetes","o__Microstromatales","f__Microstromatales_fam_Incertae_sedis","g__Pseudomicrostroma","s__phylloplanum",1
"ASV_12276","p__Basidiomycota","c__Agaricomycetes","o__Cantharellales","f__Hydnaceae","g__Sistotrema","s__porulosum",1
"ASV_12277","p__Basidiomycota","c__Agaricomycetes","o__Agaricales","f__Mycenaceae","g__Mycena","s__niveipes",1
"ASV_12290","p__Basidiomycota","c__Cystobasidiomycetes","o__Erythrobasidiales",NA,NA,NA,1
"ASV_12331","p__Ascomycota","c__Dothideomycetes","o__Dothideales","f__Saccotheciaceae","g__Aureobasidium","s__pullulans",1
"ASV_12332","p__Ascomycota","c__Dothideomycetes","o__Pleosporales","f__Didymellaceae",NA,NA,1
"ASV_12336","p__Ascomycota","c__Dothideomycetes","o__Dothideales","f__Aureobasidiaceae","g__Kabatiella",NA,1
"ASV_12347","p__Ascomycota","c__Eurotiomycetes","o__Chaetothyriales","f__Paracladophialophoraceae","g__Paracladophialophora",NA,1
"ASV_12348","p__Ascomycota","c__Taphrinomycetes","o__Taphrinales","f__Taphrinaceae","g__Taphrina","s__caerulescens",1
"ASV_1235","p__Ascomycota","c__Sordariomycetes","o__Diaporthales","f__Valsaceae",NA,NA,1
"ASV_12356","p__Ascomycota","c__Sordariomycetes","o__Sordariomycetes_ord_Incertae_sedis","f__Sordariomycetes_fam_Incertae_sedis","g__Lentomitella","s__obscura",1
"ASV_12368","p__Basidiomycota","c__Tremellomycetes","o__Tremellales","f__Carcinomycetaceae","g__Carcinomyces","s__polyporinus",1
"ASV_12370","p__Ascomycota","c__Dothideomycetes","o__Dothideales","f__Aureobasidiaceae","g__Kabatiella",NA,1
"ASV_1240",NA,NA,NA,NA,NA,NA,1
"ASV_12404","p__Basidiomycota","c__Cystobasidiomycetes","o__Cystobasidiales","f__Cystobasidiaceae","g__Cystobasidium","s__pinicola",1
"ASV_12408",NA,NA,NA,NA,NA,NA,1
"ASV_12424","p__Ascomycota","c__Dothideomycetes","o__Pleosporales","f__Pleosporaceae","g__Curvularia","s__protuberata",1
"ASV_12446","p__Ascomycota","c__Dothideomycetes","o__Pleosporales","f__Phaeosphaeriaceae","g__Xenophoma","s__puncteliae",1
"ASV_12447","p__Ascomycota","c__Eurotiomycetes","o__Chaetothyriales","f__Herpotrichiellaceae","g__Exophiala","s__moniliae",1
"ASV_12476","p__Ascomycota","c__Dothideomycetes","o__Dothideales",NA,NA,NA,1
"ASV_12479","p__Ascomycota","c__Leotiomycetes","o__Helotiales","f__Helotiales_fam_Incertae_sedis","g__Cryptocline","s__arctostaphyli",1
"ASV_12488","p__Basidiomycota","c__Agaricomycetes","o__Russulales","f__Lachnocladiaceae","g__Dichostereum","s__pallescens",1
"ASV_12490","p__Ascomycota","c__Dothideomycetes","o__Mycosphaerellales","f__Teratosphaeriaceae","g__Catenulostroma","s__hermanusense",1
"ASV_125","p__Ascomycota","c__Dothideomycetes","o__Dothideales","f__Dothioraceae","g__Dothiora",NA,1
"ASV_1250","p__Basidiomycota","c__Tremellomycetes","o__Tremellales","f__Cryptococcaceae","g__Cryptococcus","s__wingfieldii",1
"ASV_1251","p__Ascomycota","c__Lecanoromycetes","o__Lecanorales","f__Catillariaceae","g__Catillaria","s__chalybeia",1
"ASV_12516","p__Basidiomycota","c__Exobasidiomycetes","o__Microstromatales","f__Microstromatales_fam_Incertae_sedis","g__Pseudomicrostroma",NA,1
"ASV_12567","p__Ascomycota",NA,NA,NA,NA,NA,1
"ASV_12636","p__Ascomycota","c__Leotiomycetes","o__Helotiales","f__Tricladiaceae","g__Tricladium","s__angustum",1
"ASV_12659","p__Ascomycota","c__Dothideomycetes","o__Dothideales","f__Saccotheciaceae","g__Aureobasidium","s__pullulans",1
"ASV_1266","p__Basidiomycota","c__Agaricomycetes","o__Hymenochaetales","f__Hymenochaetales_fam_Incertae_sedis","g__Skvortzovia","s__furfuracea",1
"ASV_1269","p__Basidiomycota","c__Exobasidiomycetes","o__Microstromatales","f__Microstromatales_fam_Incertae_sedis","g__Pseudomicrostroma","s__phylloplanum",1
"ASV_127","p__Ascomycota","c__Leotiomycetes","o__Thelebolales","f__Pseudeurotiaceae","g__Hyphozyma","s__roseonigra",1
"ASV_1271","p__Ascomycota","c__Dothideomycetes","o__Dothideales","f__Saccotheciaceae","g__Aureobasidium",NA,1
"ASV_12729","p__Basidiomycota","c__Agaricomycetes","o__Sebacinales","f__Sebacinaceae","g__Chaetospermum",NA,1
"ASV_12734","p__Basidiomycota","c__Agaricomycetes","o__Corticiales","f__Corticiaceae","g__Mycobernardia","s__incrustans",1
"ASV_1274","p__Ascomycota","c__Dothideomycetes",NA,NA,NA,NA,1
"ASV_1275","p__Basidiomycota","c__Tremellomycetes","o__Tremellales","f__Bulleraceae","g__Fonsecazyma",NA,1
"ASV_1276","p__Ascomycota","c__Dothideomycetes","o__Pleosporales","f__Phaeosphaeriaceae",NA,NA,1
"ASV_12783","p__Basidiomycota","c__Agaricomycetes","o__Hymenochaetales","f__Schizoporaceae","g__Xylodon","s__erastii",1
"ASV_12800","p__Basidiomycota","c__Agaricomycetes","o__Russulales","f__Stereaceae","g__Stereum",NA,1
"ASV_12828","p__Ascomycota","c__Leotiomycetes","o__Helotiales","f__Hyaloscyphaceae","g__Lachnum",NA,1
"ASV_12835",NA,NA,NA,NA,NA,NA,1
"ASV_12848","p__Ascomycota","c__Dothideomycetes","o__Dothideales","f__Dothioraceae","g__Dothiora",NA,1
"ASV_12907","p__Ascomycota","c__Taphrinomycetes","o__Taphrinales","f__Taphrinaceae","g__Taphrina","s__deformans",1
"ASV_12928",NA,NA,NA,NA,NA,NA,1
"ASV_12983","p__Ascomycota","c__Dothideomycetes",NA,NA,NA,NA,1
"ASV_1300","p__Ascomycota","c__Dothideomycetes","o__Pleosporales","f__Pleosporaceae","g__Curvularia","s__trifolii",1
"ASV_13038","p__Ascomycota",NA,NA,NA,NA,NA,1
"ASV_1306","p__Ascomycota","c__Dothideomycetes","o__Pleosporales","f__Massarinaceae","g__Helminthosporium",NA,1
"ASV_13065","p__Ascomycota","c__Eurotiomycetes","o__Chaetothyriales","f__Herpotrichiellaceae","g__Neocladophialophora","s__quercina",1
"ASV_1308","p__Basidiomycota","c__Agaricomycetes","o__Russulales","f__Peniophoraceae","g__Peniophora","s__laxitexta",1
"ASV_1311","p__Ascomycota","c__Dothideomycetes","o__Dothideales","f__Dothideaceae","g__Endoconidioma",NA,1
"ASV_13110","p__Ascomycota","c__Dothideomycetes","o__Mycosphaerellales","f__Mycosphaerellaceae","g__Ramularia",NA,1
"ASV_13113","p__Ascomycota","c__Dothideomycetes","o__Mycosphaerellales","f__Mycosphaerellaceae","g__Sphaerulina","s__pelargonii",1
"ASV_13124","p__Ascomycota","c__Lecanoromycetes","o__Lecanorales","f__Parmeliaceae","g__Flavoparmelia","s__caperata",1
"ASV_1313","p__Ascomycota","c__Dothideomycetes","o__Capnodiales","f__Capnodiales_fam_Incertae_sedis","g__Arthrocatena",NA,1
"ASV_13151",NA,NA,NA,NA,NA,NA,1
"ASV_13159","p__Ascomycota","c__Eurotiomycetes","o__Eurotiales","f__Aspergillaceae","g__Talaromyces","s__chlamydosporus",1
"ASV_1316","p__Ascomycota","c__Sareomycetes","o__Sareales","f__Sareaceae","g__Sarea","s__resinae",1
"ASV_1320","p__Ascomycota","c__Lecanoromycetes","o__Lecanorales","f__Parmeliaceae","g__Tuckermanopsis","s__ciliaris",1
"ASV_13211",NA,NA,NA,NA,NA,NA,1
"ASV_13213","p__Basidiomycota","c__Microbotryomycetes","o__Microbotryomycetes_ord_Incertae_sedis","f__Colacogloeaceae",NA,NA,1
"ASV_13214",NA,NA,NA,NA,NA,NA,1
"ASV_1322","p__Ascomycota","c__Leotiomycetes",NA,NA,NA,NA,1
"ASV_13228","p__Ascomycota","c__Eurotiomycetes","o__Chaetothyriales","f__Herpotrichiellaceae","g__Exophiala",NA,1
"ASV_13235","p__Ascomycota",NA,NA,NA,NA,NA,1
"ASV_1324","p__Basidiomycota","c__Tremellomycetes","o__Tremellales","f__Phaeotremellaceae","g__Phaeotremella",NA,1
"ASV_13248","p__Ascomycota","c__Dothideomycetes","o__Mycosphaerellales","f__Teratosphaeriaceae",NA,NA,1
"ASV_13276","p__Ascomycota","c__Dothideomycetes",NA,NA,NA,NA,1
"ASV_13290","p__Basidiomycota","c__Agaricomycetes","o__Russulales","f__Peniophoraceae","g__Peniophora","s__cinerea",1
"ASV_13292","p__Ascomycota","c__Dothideomycetes","o__Pleosporales","f__Phaeoseptaceae","g__Pleopunctum",NA,1
"ASV_13302","p__Basidiomycota","c__Agaricomycetes","o__Polyporales","f__Irpicaceae","g__Gloeoporus","s__dichrous",1
"ASV_1332","p__Ascomycota","c__Sordariomycetes","o__Diaporthales","f__Valsaceae","g__Cytospora",NA,1
"ASV_13321","p__Basidiomycota","c__Microbotryomycetes","o__Sporidiobolales","f__Sporidiobolaceae","g__Rhodosporidiobolus","s__colostri",1
"ASV_13349","p__Ascomycota","c__Dothideomycetes","o__Dothideales","f__Saccotheciaceae","g__Aureobasidium","s__pullulans",1
"ASV_13361",NA,NA,NA,NA,NA,NA,1
"ASV_13363","p__Ascomycota","c__Dothideomycetes","o__Mycosphaerellales","f__Mycosphaerellaceae","g__Ramularia",NA,1
"ASV_1337","p__Ascomycota","c__Dothideomycetes","o__Pleosporales","f__Pleomonodictydaceae","g__Pleomonodictys","s__descalsii",1
"ASV_13398","p__Basidiomycota","c__Tremellomycetes","o__Tremellales","f__Bulleribasidiaceae","g__Vishniacozyma","s__victoriae",1
"ASV_1341","p__Ascomycota","c__Dothideomycetes","o__Pleosporales",NA,NA,NA,1
"ASV_1344","p__Ascomycota","c__Dothideomycetes","o__Dothideales","f__Saccotheciaceae","g__Aureobasidium",NA,1
"ASV_13443","p__Ascomycota",NA,NA,NA,NA,NA,1
"ASV_1347","p__Ascomycota",NA,NA,NA,NA,NA,1
"ASV_13475","p__Ascomycota","c__Dothideomycetes","o__Mycosphaerellales","f__Mycosphaerellaceae","g__Scolecostigmina","s__chibaensis",1
"ASV_13477","p__Ascomycota","c__Sordariomycetes",NA,NA,NA,NA,1
"ASV_13478","p__Ascomycota","c__Sordariomycetes","o__Xylariales","f__Diatrypaceae","g__Diatrype","s__stigma",1
"ASV_13482","p__Ascomycota","c__Leotiomycetes","o__Rhytismatales","f__Rhytismataceae","g__Coccomyces","s__triangularis",1
"ASV_13526","p__Basidiomycota","c__Agaricomycetes","o__Russulales","f__Peniophoraceae","g__Peniophora","s__cinerea",1
"ASV_13565","p__Ascomycota","c__Leotiomycetes","o__Helotiales","f__Tympanidaceae","g__Tympanis","s__piceina",1
"ASV_13597","p__Ascomycota","c__Leotiomycetes","o__Helotiales","f__Vibrisseaceae","g__Vibrissea",NA,1
"ASV_136","p__Basidiomycota","c__Tremellomycetes","o__Cystofilobasidiales","f__Cystofilobasidiaceae","g__Cystofilobasidium","s__macerans",1
"ASV_1360","p__Ascomycota","c__Dothideomycetes","o__Pleosporales","f__Didymosphaeriaceae","g__Pseudopithomyces","s__rosae",1
"ASV_13609","p__Basidiomycota","c__Agaricomycetes","o__Hymenochaetales","f__Schizoporaceae","g__Oxyporus","s__corticola",1
"ASV_13615","p__Basidiomycota","c__Agaricomycetes","o__Russulales","f__Peniophoraceae","g__Peniophora","s__cinerea",1
"ASV_13627",NA,NA,NA,NA,NA,NA,1
"ASV_13631","p__Basidiomycota","c__Tremellomycetes","o__Tremellales","f__Bulleribasidiaceae","g__Hannaella","s__oryzae",1
"ASV_13634","p__Basidiomycota","c__Cystobasidiomycetes","o__Erythrobasidiales","f__Erythrobasidiaceae","g__Erythrobasidium",NA,1
"ASV_13666","p__Basidiomycota","c__Agaricostilbomycetes","o__Agaricostilbales",NA,NA,NA,1
"ASV_13669","p__Ascomycota","c__Dothideomycetes","o__Pleosporales","f__Phaeosphaeriaceae","g__Leptospora","s__rubella",1
"ASV_13670","p__Ascomycota","c__Arthoniomycetes","o__Arthoniomycetes_ord_Incertae_sedis","f__Arthoniomycetes_fam_Incertae_sedis","g__Arthoniomycetes_gen_Incertae_sedis",NA,1
"ASV_1370","p__Ascomycota","c__Dothideomycetes","o__Pleosporales",NA,NA,NA,1
"ASV_13708",NA,NA,NA,NA,NA,NA,1
"ASV_13755","p__Ascomycota",NA,NA,NA,NA,NA,1
"ASV_13757","p__Ascomycota","c__Dothideomycetes","o__Mycosphaerellales","f__Mycosphaerellaceae","g__Zymoseptoria",NA,1
"ASV_1376","p__Ascomycota",NA,NA,NA,NA,NA,1
"ASV_13789","p__Ascomycota","c__Sordariomycetes","o__Coronophorales","f__Scortechiniaceae","g__Yuxiensis","s__granularis",1
"ASV_13832",NA,NA,NA,NA,NA,NA,1
"ASV_13847","p__Basidiomycota","c__Agaricomycetes","o__Agaricomycetes_ord_Incertae_sedis","f__Xenasmataceae","g__Xenasma","s__pruinosum",1
"ASV_13861","p__Basidiomycota","c__Tremellomycetes","o__Tremellales","f__Rhynchogastremataceae","g__Papiliotrema","s__fusca",1
"ASV_139","p__Basidiomycota","c__Tremellomycetes","o__Tremellales","f__Cryptococcaceae","g__Kwoniella","s__pini",1
"ASV_13952","p__Ascomycota",NA,NA,NA,NA,NA,1
"ASV_1397","p__Ascomycota","c__Dothideomycetes","o__Pleosporales","f__Teichosporaceae","g__Teichospora","s__quercus",1
"ASV_14033",NA,NA,NA,NA,NA,NA,1
"ASV_14034",NA,NA,NA,NA,NA,NA,1
"ASV_14052","p__Ascomycota","c__Dothideomycetes","o__Dothideales","f__Saccotheciaceae","g__Aureobasidium","s__pullulans",1
"ASV_14053",NA,NA,NA,NA,NA,NA,1
"ASV_14111",NA,NA,NA,NA,NA,NA,1
"ASV_14119","p__Ascomycota","c__Dothideomycetes",NA,NA,NA,NA,1
"ASV_14127","p__Ascomycota","c__Dothideomycetes","o__Pleosporales","f__Lophiostomataceae","g__Neovaginatispora","s__clematidis",1
"ASV_14129","p__Ascomycota",NA,NA,NA,NA,NA,1
"ASV_14135","p__Ascomycota","c__Dothideomycetes","o__Mycosphaerellales","f__Teratosphaeriaceae","g__Lapidomyces",NA,1
"ASV_14143",NA,NA,NA,NA,NA,NA,1
"ASV_1416","p__Ascomycota","c__Dothideomycetes","o__Dothideales","f__Aureobasidiaceae","g__Kabatiella",NA,1
"ASV_14209","p__Basidiomycota","c__Agaricomycetes","o__Russulales","f__Peniophoraceae","g__Peniophora","s__cinerea",1
"ASV_14219","p__Ascomycota","c__Dothideomycetes","o__Patellariales","f__Patellariales_fam_Incertae_sedis","g__Hysteropatella","s__elliptica",1
"ASV_1427","p__Ascomycota","c__Eurotiomycetes","o__Eurotiales","f__Aspergillaceae","g__Aspergillus","s__ruber",1
"ASV_1429","p__Ascomycota",NA,NA,NA,NA,NA,1
"ASV_14292","p__Ascomycota","c__Leotiomycetes",NA,NA,NA,NA,1
"ASV_143","p__Ascomycota","c__Dothideomycetes","o__Pleosporales","f__Didymellaceae","g__Neoascochyta","s__rosicola",1
"ASV_14316","p__Basidiomycota","c__Agaricomycetes","o__Polyporales","f__Hyphodermataceae","g__Hyphoderma","s__microporoides",1
"ASV_1433","p__Ascomycota","c__Sordariomycetes",NA,NA,NA,NA,1
"ASV_1436","p__Ascomycota","c__Dothideomycetes","o__Pleosporales","f__Didymosphaeriaceae","g__Paracamarosporium",NA,1
"ASV_14371","p__Ascomycota","c__Dothideomycetes","o__Venturiales","f__Sympoventuriaceae","g__Bellamyces","s__quercus",1
"ASV_1438","p__Basidiomycota","c__Tremellomycetes","o__Cystofilobasidiales","f__Mrakiaceae","g__Udeniomyces","s__megalosporus",1
"ASV_14394","p__Ascomycota","c__Dothideomycetes","o__Dothideales","f__Saccotheciaceae","g__Aureobasidium",NA,1
"ASV_14407","p__Ascomycota","c__Sordariomycetes","o__Xylariales","f__Diatrypaceae","g__Diatrype","s__stigma",1
"ASV_1447","p__Ascomycota","c__Eurotiomycetes","o__Eurotiales","f__Aspergillaceae","g__Penicillium","s__penicillioides",1
"ASV_14474","p__Ascomycota","c__Dothideomycetes","o__Pleosporales","f__Cucurbitariaceae","g__Neocucurbitaria","s__populi",1
"ASV_14494","p__Ascomycota","c__Dothideomycetes","o__Mycosphaerellales","f__Mycosphaerellaceae","g__Sphaerulina","s__pelargonii",1
"ASV_1451","p__Basidiomycota","c__Tremellomycetes","o__Tremellales","f__Bulleribasidiaceae","g__Vishniacozyma",NA,1
"ASV_1452","p__Ascomycota","c__Lecanoromycetes","o__Pertusariales","f__Pertusariaceae","g__Pertusaria","s__corallina",1
"ASV_14521","p__Ascomycota","c__Leotiomycetes","o__Rhytismatales","f__Rhytismataceae","g__Coccomyces","s__triangularis",1
"ASV_14555","p__Basidiomycota","c__Tremellomycetes","o__Tremellales","f__Bulleraceae","g__Genolevuria",NA,1
"ASV_14560","p__Ascomycota","c__Dothideomycetes","o__Dothideales","f__Dothideaceae",NA,NA,1
"ASV_1460","p__Basidiomycota","c__Exobasidiomycetes","o__Microstromatales","f__Microstromatales_fam_Incertae_sedis","g__Pseudomicrostroma",NA,1
"ASV_1461","p__Ascomycota","c__Lecanoromycetes","o__Caliciales","f__Physciaceae","g__Phaeophyscia",NA,1
"ASV_14624","p__Ascomycota","c__Dothideomycetes","o__Hysteriales","f__Hysteriaceae",NA,NA,1
"ASV_14630","p__Basidiomycota","c__Agaricomycetes","o__Russulales","f__Peniophoraceae","g__Peniophora","s__cinerea",1
"ASV_1465","p__Ascomycota","c__Lecanoromycetes","o__Lecanorales","f__Lecanoraceae","g__Lecanora",NA,1
"ASV_1467","p__Ascomycota","c__Eurotiomycetes","o__Phaeomoniellales","f__Phaeomoniellaceae","g__Moristroma","s__palatinum",1
"ASV_14682","p__Ascomycota","c__Sordariomycetes","o__Diaporthales","f__Gnomoniaceae","g__Gnomoniaceae_gen_Incertae_sedis",NA,1
"ASV_14742","p__Ascomycota","c__Dothideomycetes","o__Hysteriales","f__Hysteriaceae","g__Hysterium",NA,1
"ASV_1475","p__Ascomycota","c__Sordariomycetes","o__Hypocreales","f__Nectriaceae","g__Thyronectria",NA,1
"ASV_1476","p__Basidiomycota","c__Agaricomycetes","o__Polyporales","f__Phanerochaetaceae","g__Bjerkandera","s__adusta",1
"ASV_1477","p__Basidiomycota","c__Exobasidiomycetes","o__Exobasidiales","f__Exobasidiaceae","g__Exobasidium",NA,1
"ASV_14792","p__Basidiomycota","c__Agaricomycetes","o__Cantharellales","f__Botryobasidiaceae","g__Botryobasidium","s__candicans",1
"ASV_14806","p__Basidiomycota","c__Tremellomycetes","o__Filobasidiales","f__Piskurozymaceae","g__Piskurozyma","s__cylindrica",1
"ASV_1482","p__Ascomycota","c__Eurotiomycetes","o__Chaetothyriales","f__Herpotrichiellaceae","g__Exophiala",NA,1
"ASV_14833","p__Basidiomycota","c__Agaricomycetes","o__Russulales","f__Stereaceae","g__Stereum",NA,1
"ASV_14836","p__Ascomycota","c__Dothideomycetes","o__Dothideales",NA,NA,NA,1
"ASV_149","p__Basidiomycota","c__Tremellomycetes","o__Tremellales","f__Cryptococcaceae","g__Kwoniella","s__pini",1
"ASV_1491","p__Ascomycota","c__Sordariomycetes","o__Diaporthales",NA,NA,NA,1
"ASV_1494","p__Basidiomycota","c__Agaricomycetes","o__Polyporales","f__Polyporaceae","g__Trametes","s__gibbosa",1
"ASV_14947",NA,NA,NA,NA,NA,NA,1
"ASV_14948","p__Ascomycota","c__Saccharomycetes","o__Saccharomycetales","f__Lipomycetaceae","g__Myxozyma","s__melibiosi",1
"ASV_14949","p__Basidiomycota","c__Exobasidiomycetes","o__Microstromatales","f__Microstromatales_fam_Incertae_sedis","g__Pseudomicrostroma",NA,1
"ASV_1495","p__Ascomycota","c__Leotiomycetes","o__Rhytismatales","f__Rhytismataceae","g__Colpoma",NA,1
"ASV_1497","p__Ascomycota","c__Sordariomycetes","o__Diaporthales","f__Valsaceae","g__Cytospora",NA,1
"ASV_14988","p__Ascomycota","c__Lecanoromycetes","o__Ostropales","f__Spirographaceae","g__Spirographa","s__fusisporella",1
"ASV_14991","p__Basidiomycota","c__Agaricomycetes","o__Russulales","f__Peniophoraceae","g__Peniophoraceae_gen_Incertae_sedis",NA,1
"ASV_150","p__Ascomycota","c__Dothideomycetes","o__Pleosporales","f__Nigrogranaceae","g__Nigrograna",NA,1
"ASV_15002","p__Basidiomycota","c__Agaricomycetes","o__Polyporales","f__Meripilaceae","g__Meripilaceae_gen_Incertae_sedis",NA,1
"ASV_15005","p__Basidiomycota","c__Cystobasidiomycetes","o__Cystobasidiomycetes_ord_Incertae_sedis","f__Symmetrosporaceae","g__Symmetrospora","s__coprosmae",1
"ASV_15016","p__Ascomycota","c__Orbiliomycetes","o__Orbiliales","f__Orbiliaceae","g__Orbilia","s__tremulae",1
"ASV_1502","p__Basidiomycota","c__Agaricomycetes","o__Hymenochaetales","f__Hymenochaetales_fam_Incertae_sedis","g__Trichaptum","s__abietinum",1
"ASV_15098","p__Basidiomycota","c__Agaricomycetes","o__Russulales","f__Peniophoraceae","g__Peniophoraceae_gen_Incertae_sedis",NA,1
"ASV_15103","p__Ascomycota","c__Sordariomycetes","o__Diaporthales","f__Gnomoniaceae","g__Gnomoniaceae_gen_Incertae_sedis",NA,1
"ASV_15115","p__Ascomycota","c__Lecanoromycetes","o__Lecanorales","f__Lecanoraceae",NA,NA,1
"ASV_15146","p__Basidiomycota","c__Agaricomycetes","o__Polyporales","f__Irpicaceae","g__Irpex","s__lacteus",1
"ASV_15147","p__Basidiomycota","c__Microbotryomycetes","o__Microbotryomycetes_ord_Incertae_sedis",NA,NA,NA,1
"ASV_15150",NA,NA,NA,NA,NA,NA,1
"ASV_1522","p__Ascomycota",NA,NA,NA,NA,NA,1
"ASV_15224","p__Ascomycota","c__Dothideomycetes","o__Dothideales","f__Dothioraceae","g__Dothiora",NA,1
"ASV_15232","p__Basidiomycota","c__Tremellomycetes","o__Tremellales","f__Cryptococcaceae","g__Kwoniella","s__pini",1
"ASV_15235","p__Basidiomycota","c__Agaricomycetes","o__Polyporales","f__Steccherinaceae","g__Steccherinum","s__fimbriatum",1
"ASV_1526","p__Ascomycota","c__Dothideomycetes","o__Mycosphaerellales","f__Mycosphaerellaceae","g__Ramularia",NA,1
"ASV_153","p__Ascomycota","c__Dothideomycetes","o__Mytilinidiales","f__Mytilinidiaceae","g__Mytilinidion","s__insulare",1
"ASV_1530","p__Basidiomycota","c__Tremellomycetes","o__Tremellales","f__Bulleraceae","g__Fonsecazyma",NA,1
"ASV_15312","p__Ascomycota","c__Leotiomycetes","o__Helotiales","f__Helotiales_fam_Incertae_sedis","g__Cryptocline","s__arctostaphyli",1
"ASV_1533","p__Basidiomycota","c__Agaricomycetes","o__Polyporales","f__Ganodermataceae","g__Ganoderma","s__lobatum",1
"ASV_15341","p__Ascomycota","c__Sordariomycetes","o__Sporidesmiales","f__Sporidesmiaceae","g__Sporidesmium","s__pachyanthicola",1
"ASV_15367","p__Basidiomycota","c__Tremellomycetes","o__Tremellales","f__Sirobasidiaceae",NA,NA,1
"ASV_1538","p__Ascomycota","c__Dothideomycetes","o__Capnodiales",NA,NA,NA,1
"ASV_1542","p__Basidiomycota","c__Cystobasidiomycetes","o__Cystobasidiomycetes_ord_Incertae_sedis","f__Symmetrosporaceae","g__Symmetrospora",NA,1
"ASV_15436","p__Ascomycota","c__Dothideomycetes","o__Mycosphaerellales","f__Mycosphaerellaceae","g__Ramularia",NA,1
"ASV_1547","p__Basidiomycota","c__Tremellomycetes","o__Tremellales","f__Cryptococcaceae","g__Teunia",NA,1
"ASV_15471","p__Ascomycota",NA,NA,NA,NA,NA,1
"ASV_15485","p__Ascomycota","c__Dothideomycetes","o__Dothideales","f__Saccotheciaceae","g__Aureobasidium","s__pullulans",1
"ASV_1550","p__Basidiomycota","c__Agaricomycetes","o__Polyporales","f__Fomitopsidaceae","g__Fomitopsis","s__pinicola",1
"ASV_1552","p__Basidiomycota","c__Microbotryomycetes","o__Sporidiobolales","f__Sporidiobolaceae","g__Rhodotorula","s__glutinis",1
"ASV_1553","p__Ascomycota","c__Eurotiomycetes","o__Eurotiales","f__Aspergillaceae","g__Penicillium","s__miczynskii",1
"ASV_1555","p__Ascomycota","c__Leotiomycetes","o__Erysiphales","f__Erysiphaceae","g__Podosphaera","s__leucotricha",1
"ASV_15559","p__Basidiomycota","c__Tremellomycetes","o__Tremellales","f__Rhynchogastremataceae","g__Papiliotrema","s__flavescens",1
"ASV_1556","p__Chytridiomycota","c__Spizellomycetes","o__Spizellomycetales","f__Powellomycetaceae","g__Thoreauomyces",NA,1
"ASV_15575","p__Ascomycota","c__Lecanoromycetes","o__Ostropales","f__Ostropales_fam_Incertae_sedis","g__Mulderomyces","s__natalis",1
"ASV_15582","p__Ascomycota","c__Dothideomycetes","o__Dothideomycetidae_ord_Incertae_sedis","f__Pseudoperisporiaceae","g__Eudimeriolum","s__septentrionale",1
"ASV_15583","p__Ascomycota","c__Dothideomycetes","o__Dothideales","f__Saccotheciaceae","g__Aureobasidium","s__pullulans",1
"ASV_1563","p__Ascomycota","c__Sordariomycetes","o__Calosphaeriales","f__Calosphaeriaceae","g__Jattaea",NA,1
"ASV_15682","p__Basidiomycota","c__Tremellomycetes","o__Tremellales","f__Phaeotremellaceae","g__Phaeotremella",NA,1
"ASV_1570","p__Ascomycota","c__Sordariomycetes","o__Xylariales","f__Graphostromataceae","g__Graphostroma","s__platystoma",1
"ASV_15701","p__Ascomycota",NA,NA,NA,NA,NA,1
"ASV_15740","p__Basidiomycota","c__Agaricomycetes","o__Russulales","f__Peniophoraceae","g__Peniophora","s__cinerea",1
"ASV_15790","p__Ascomycota","c__Dothideomycetes","o__Mycosphaerellales","f__Mycosphaerellaceae","g__Ramularia",NA,1
"ASV_15798","p__Ascomycota","c__Taphrinomycetes","o__Taphrinales","f__Taphrinaceae","g__Taphrina",NA,1
"ASV_158","p__Ascomycota","c__Sareomycetes","o__Sareales","f__Sareaceae","g__Sarea","s__coeloplata",1
"ASV_15816","p__Basidiomycota","c__Agaricomycetes","o__Agaricales","f__Mycenaceae","g__Mycena","s__meliigena",1
"ASV_15830","p__Ascomycota","c__Dothideomycetes","o__Dothideales",NA,NA,NA,1
"ASV_15835","p__Ascomycota","c__Leotiomycetes","o__Helotiales",NA,NA,NA,1
"ASV_15837","p__Ascomycota",NA,NA,NA,NA,NA,1
"ASV_1584","p__Ascomycota","c__Sordariomycetes","o__Diaporthales","f__Valsaceae","g__Cryptosphaeria","s__eunomia",1
"ASV_15844","p__Basidiomycota","c__Agaricomycetes","o__Polyporales","f__Fomitopsidaceae","g__Fomitopsidaceae_gen_Incertae_sedis",NA,1
"ASV_15869","p__Ascomycota",NA,NA,NA,NA,NA,1
"ASV_1587","p__Ascomycota","c__Saccharomycetes","o__Saccharomycetales","f__Debaryomycetaceae","g__Scheffersomyces","s__shehatae",1
"ASV_15874","p__Basidiomycota","c__Cystobasidiomycetes","o__Erythrobasidiales","f__Erythrobasidiaceae","g__Erythrobasidium","s__hasegawae",1
"ASV_1590","p__Ascomycota","c__Dothideomycetes","o__Mycosphaerellales","f__Teratosphaeriaceae","g__Teratosphaeria","s__agapanthi",1
"ASV_1593","p__Ascomycota","c__Dothideomycetes","o__Pleosporales","f__Phaeosphaeriaceae","g__Xenophoma","s__puncteliae",1
"ASV_15932","p__Ascomycota","c__Lecanoromycetes","o__Caliciales","f__Physciaceae","g__Physcia","s__millegrana",1
"ASV_15944","p__Basidiomycota","c__Microbotryomycetes","o__Microbotryomycetes_ord_Incertae_sedis","f__Colacogloeaceae",NA,NA,1
"ASV_1595","p__Basidiomycota","c__Agaricomycetes","o__Agaricales","f__Entolomataceae","g__Entoloma","s__calabrum",1
"ASV_15953","p__Ascomycota","c__Sordariomycetes","o__Diaporthales","f__Valsaceae","g__Cytospora",NA,1
"ASV_15958","p__Ascomycota","c__Eurotiomycetes","o__Chaetothyriales","f__Trichomeriaceae","g__Trichomerium",NA,1
"ASV_1596","p__Ascomycota","c__Eurotiomycetes","o__Chaetothyriales","f__Herpotrichiellaceae","g__Sorocybe",NA,1
"ASV_15964","p__Ascomycota","c__Dothideomycetes","o__Dothideales","f__Dothioraceae","g__Dothiora",NA,1
"ASV_15972","p__Ascomycota","c__Dothideomycetes","o__Dothideales","f__Dothideaceae","g__Dothidea",NA,1
"ASV_15992","p__Basidiomycota","c__Exobasidiomycetes","o__Exobasidiales","f__Exobasidiaceae","g__Exobasidium","s__kishianum",1
"ASV_15997","p__Ascomycota","c__Dothideomycetes","o__Dothideales","f__Dothioraceae","g__Pringsheimia","s__smilacis",1
"ASV_16","p__Ascomycota","c__Saccharomycetes","o__Saccharomycetales","f__Dipodascaceae","g__Geotrichum","s__silvicola",1
"ASV_160","p__Ascomycota","c__Taphrinomycetes","o__Taphrinales","f__Taphrinaceae","g__Taphrina","s__sacchari",1
"ASV_1604","p__Basidiomycota","c__Tremellomycetes","o__Tremellales","f__Cryptococcaceae","g__Teunia","s__cuniculi",1
"ASV_1609","p__Ascomycota","c__Dothideomycetes","o__Pleosporales","f__Phaeosphaeriaceae","g__Neosetophoma","s__samarorum",1
"ASV_16098",NA,NA,NA,NA,NA,NA,1
"ASV_16099","p__Ascomycota","c__Dothideomycetes","o__Pleosporales","f__Cucurbitariaceae","g__Neocucurbitaria","s__quercina",1
"ASV_16122","p__Basidiomycota","c__Agaricomycetes","o__Russulales","f__Peniophoraceae","g__Peniophora",NA,1
"ASV_16138","p__Ascomycota","c__Leotiomycetes","o__Helotiales","f__Hyaloscyphaceae","g__Fuscolachnum","s__inopinatum",1
"ASV_16140","p__Basidiomycota","c__Cystobasidiomycetes","o__Erythrobasidiales","f__Erythrobasidiaceae","g__Erythrobasidium",NA,1
"ASV_16147","p__Basidiomycota","c__Agaricomycetes","o__Polyporales","f__Meripilaceae","g__Meripilaceae_gen_Incertae_sedis",NA,1
"ASV_1616","p__Ascomycota","c__Leotiomycetes","o__Rhytismatales","f__Rhytismataceae","g__Coccomyces","s__strobi",1
"ASV_162","p__Basidiomycota","c__Tremellomycetes","o__Tremellales","f__Bulleribasidiaceae","g__Vishniacozyma","s__victoriae",1
"ASV_16211","p__Ascomycota","c__Sordariomycetes","o__Diaporthales","f__Erythrogloeaceae","g__Dendrostoma",NA,1
"ASV_16214","p__Ascomycota","c__Eurotiomycetes","o__Verrucariales","f__Verrucariaceae","g__Verrucariaceae_gen_Incertae_sedis",NA,1
"ASV_16223","p__Ascomycota","c__Dothideomycetes",NA,NA,NA,NA,1
"ASV_16224",NA,NA,NA,NA,NA,NA,1
"ASV_16228","p__Ascomycota","c__Dothideomycetes","o__Pleosporales","f__Didymosphaeriaceae",NA,NA,1
"ASV_16233","p__Basidiomycota","c__Agaricomycetes","o__Hymenochaetales","f__Tubulicrinaceae","g__Tubulicrinis","s__angustus",1
"ASV_16235","p__Ascomycota","c__Dothideomycetes",NA,NA,NA,NA,1
"ASV_1625","p__Basidiomycota","c__Agaricomycetes","o__Polyporales","f__Phanerochaetaceae","g__Bjerkandera","s__adusta",1
"ASV_16271","p__Basidiomycota","c__Microbotryomycetes","o__Microbotryomycetes_ord_Incertae_sedis","f__Microbotryomycetes_fam_Incertae_sedis","g__Curvibasidium",NA,1
"ASV_16273","p__Basidiomycota","c__Pucciniomycetes","o__Pucciniales","f__Pucciniaceae","g__Puccinia","s__sparganioidis",1
"ASV_16274","p__Ascomycota","c__Taphrinomycetes","o__Taphrinales","f__Taphrinaceae","g__Taphrina",NA,1
"ASV_163",NA,NA,NA,NA,NA,NA,1
"ASV_1631",NA,NA,NA,NA,NA,NA,1
"ASV_16337","p__Ascomycota",NA,NA,NA,NA,NA,1
"ASV_16339","p__Basidiomycota","c__Ustilaginomycetes","o__Ustilaginales","f__Ustilaginaceae","g__Schizonella",NA,1
"ASV_1634","p__Ascomycota",NA,NA,NA,NA,NA,1
"ASV_16355","p__Basidiomycota","c__Agaricomycetes","o__Russulales","f__Lachnocladiaceae","g__Lachnocladiaceae_gen_Incertae_sedis",NA,1
"ASV_16364","p__Basidiomycota","c__Agaricomycetes","o__Polyporales","f__Steccherinaceae","g__Steccherinum","s__fimbriatum",1
"ASV_164","p__Ascomycota","c__Dothideomycetes","o__Pleosporales","f__Cucurbitariaceae","g__Parafenestella","s__ontariensis",1
"ASV_1642","p__Ascomycota","c__Dothideomycetes","o__Mycosphaerellales","f__Mycosphaerellaceae","g__Pseudocercospora","s__sphaerellae-eugeniae",1
"ASV_1644","p__Ascomycota","c__Dothideomycetes","o__Dothideales","f__Dothioraceae","g__Dothiora",NA,1
"ASV_16457","p__Ascomycota","c__Dothideomycetes","o__Dothideales","f__Dothideaceae","g__Dothidea",NA,1
"ASV_16482","p__Ascomycota",NA,NA,NA,NA,NA,1
"ASV_16495","p__Ascomycota","c__Leotiomycetes","o__Helotiales",NA,NA,NA,1
"ASV_16499","p__Basidiomycota","c__Tremellomycetes","o__Tremellales","f__Rhynchogastremataceae","g__Rhynchogastrema","s__visegradensis",1
"ASV_16500","p__Ascomycota","c__Sordariomycetes","o__Xylariales","f__Amphisphaeriaceae","g__Monochaetia",NA,1
"ASV_16504","p__Ascomycota",NA,NA,NA,NA,NA,1
"ASV_16526","p__Ascomycota","c__Eurotiomycetes","o__Coryneliales","f__Coryneliaceae","g__Caliciopsis","s__orientalis",1
"ASV_16530","p__Ascomycota","c__Eurotiomycetes","o__Phaeomoniellales","f__Phaeomoniellaceae","g__Moristroma","s__quercinum",1
"ASV_1656","p__Basidiomycota","c__Cystobasidiomycetes",NA,NA,NA,NA,1
"ASV_16585","p__Ascomycota","c__Dothideomycetes","o__Mycosphaerellales","f__Mycosphaerellaceae","g__Ramularia",NA,1
"ASV_1659","p__Ascomycota","c__Pezizomycotina_cls_Incertae_sedis","o__Pezizomycotina_ord_Incertae_sedis","f__Pezizomycotina_fam_Incertae_sedis","g__Ordus","s__tribrachiatus",1
"ASV_16591","p__Ascomycota","c__Dothideomycetes","o__Dothideales","f__Saccotheciaceae","g__Aureobasidium",NA,1
"ASV_1661",NA,NA,NA,NA,NA,NA,1
"ASV_16648","p__Basidiomycota","c__Microbotryomycetes","o__Microbotryomycetes_ord_Incertae_sedis","f__Microbotryomycetes_fam_Incertae_sedis","g__Curvibasidium",NA,1
"ASV_1669",NA,NA,NA,NA,NA,NA,1
"ASV_1671","p__Ascomycota","c__Sordariomycetes","o__Xylariales","f__Diatrypaceae",NA,NA,1
"ASV_16721","p__Ascomycota","c__Dothideomycetes","o__Capnodiales","f__Cladosporiaceae","g__Cladosporium","s__herbarum",1
"ASV_16734","p__Chytridiomycota","c__Spizellomycetes","o__Spizellomycetales","f__Spizellomycetales_fam_Incertae_sedis","g__Spizellomycetales_gen_Incertae_sedis",NA,1
"ASV_16755","p__Basidiomycota","c__Agaricomycetes","o__Russulales","f__Hericiaceae","g__Hericiaceae_gen_Incertae_sedis",NA,1
"ASV_16760","p__Basidiomycota","c__Agaricomycetes","o__Hymenochaetales","f__Schizoporaceae","g__Xylodon","s__ussuriensis",1
"ASV_16761","p__Ascomycota","c__Sordariomycetes","o__Xylariales","f__Xylariales_fam_Incertae_sedis","g__Hansfordia","s__pulvinata",1
"ASV_1678","p__Ascomycota","c__Dothideomycetes","o__Pleosporales",NA,NA,NA,1
"ASV_16789","p__Ascomycota","c__Leotiomycetes","o__Helotiales","f__Tympanidaceae","g__Tympanis","s__conspersa",1
"ASV_1679","p__Ascomycota","c__Dothideomycetes","o__Pleosporales",NA,NA,NA,1
"ASV_1681","p__Ascomycota","c__Leotiomycetes","o__Rhytismatales","f__Rhytismataceae","g__Lophodermium","s__nitens",1
"ASV_1685","p__Basidiomycota","c__Cystobasidiomycetes","o__Cystobasidiales","f__Cystobasidiaceae","g__Occultifur","s__kilbournensis",1
"ASV_16891","p__Basidiomycota","c__Tremellomycetes","o__Tremellales",NA,NA,NA,1
"ASV_169","p__Ascomycota","c__Sordariomycetes","o__Diaporthales","f__Valsaceae","g__Cytospora",NA,1
"ASV_16940","p__Ascomycota","c__Sordariomycetes",NA,NA,NA,NA,1
"ASV_16945","p__Ascomycota","c__Sordariomycetes",NA,NA,NA,NA,1
"ASV_1695","p__Basidiomycota","c__Agaricomycetes",NA,NA,NA,NA,1
"ASV_16952","p__Basidiomycota","c__Microbotryomycetes","o__Sporidiobolales","f__Sporidiobolaceae","g__Rhodosporidiobolus","s__colostri",1
"ASV_16965","p__Ascomycota","c__Dothideomycetes","o__Mycosphaerellales","f__Mycosphaerellaceae","g__Acrodontium","s__crateriforme",1
"ASV_1698","p__Ascomycota",NA,NA,NA,NA,NA,1
"ASV_17009","p__Ascomycota","c__Sordariomycetes","o__Xylariales","f__Amphisphaeriaceae","g__Monochaetia",NA,1
"ASV_17013","p__Ascomycota","c__Dothideomycetes","o__Mycosphaerellales","f__Mycosphaerellaceae","g__Ramularia",NA,1
"ASV_17016",NA,NA,NA,NA,NA,NA,1
"ASV_17028","p__Basidiomycota","c__Agaricomycetes","o__Hymenochaetales","f__Hymenochaetaceae","g__Phellinus","s__viticola",1
"ASV_17035","p__Basidiomycota","c__Tremellomycetes","o__Tremellales","f__Cryptococcaceae","g__Teunia",NA,1
"ASV_1708","p__Basidiomycota","c__Agaricomycetes","o__Polyporales","f__Fomitopsidaceae","g__Neoantrodia","s__angusta",1
"ASV_171","p__Ascomycota","c__Dothideomycetes","o__Dothideales","f__Saccotheciaceae","g__Aureobasidium","s__pullulans",1
"ASV_17169","p__Ascomycota","c__Leotiomycetes",NA,NA,NA,NA,1
"ASV_17173","p__Ascomycota","c__Dothideomycetes","o__Pleosporales","f__Cucurbitariaceae","g__Neocucurbitaria",NA,1
"ASV_1718","p__Basidiomycota","c__Cystobasidiomycetes","o__Cystobasidiomycetes_ord_Incertae_sedis","f__Cystobasidiomycetes_fam_Incertae_sedis","g__Cystobasidiomycetes_gen_Incertae_sedis",NA,1
"ASV_17184","p__Ascomycota","c__Dothideomycetes","o__Mycosphaerellales","f__Teratosphaeriaceae",NA,NA,1
"ASV_172","p__Basidiomycota","c__Agaricomycetes","o__Polyporales","f__Irpicaceae","g__Irpex","s__lacteus",1
"ASV_1720","p__Ascomycota","c__Leotiomycetes","o__Rhytismatales",NA,NA,NA,1
"ASV_17203","p__Basidiomycota","c__Agaricomycetes","o__Agaricales","f__Psathyrellaceae","g__Coprinopsis","s__clastophylla",1
"ASV_17212","p__Ascomycota","c__Dothideomycetes","o__Dothideales","f__Dothioraceae","g__Dothiora",NA,1
"ASV_17214","p__Ascomycota","c__Lecanoromycetes","o__Lecanorales",NA,NA,NA,1
"ASV_17215","p__Ascomycota","c__Dothideomycetes","o__Dothideales","f__Saccotheciaceae","g__Aureobasidium",NA,1
"ASV_17218","p__Ascomycota","c__Eurotiomycetes","o__Chaetothyriales","f__Herpotrichiellaceae","g__Neocladophialophora","s__quercina",1
"ASV_1723","p__Basidiomycota","c__Exobasidiomycetes","o__Microstromatales","f__Microstromatales_fam_Incertae_sedis","g__Pseudomicrostroma",NA,1
"ASV_17245","p__Ascomycota","c__Lecanoromycetes","o__Lecanoromycetes_ord_Incertae_sedis","f__Lecanoromycetes_fam_Incertae_sedis","g__Lecanoromycetes_gen_Incertae_sedis",NA,1
"ASV_1727","p__Ascomycota","c__Leotiomycetes","o__Rhytismatales","f__Cudoniaceae",NA,NA,1
"ASV_1728","p__Basidiomycota","c__Exobasidiomycetes","o__Exobasidiales","f__Exobasidiaceae","g__Exobasidium",NA,1
"ASV_173","p__Basidiomycota","c__Tremellomycetes","o__Filobasidiales","f__Filobasidiaceae","g__Naganishia","s__globosa",1
"ASV_17316","p__Ascomycota","c__Leotiomycetes","o__Helotiales",NA,NA,NA,1
"ASV_17321","p__Ascomycota","c__Leotiomycetes","o__Helotiales","f__Helotiales_fam_Incertae_sedis","g__Cryptocline","s__arctostaphyli",1
"ASV_17354","p__Ascomycota","c__Dothideomycetes","o__Myriangiales",NA,NA,NA,1
"ASV_1736","p__Ascomycota","c__Lecanoromycetes","o__Lecanorales","f__Cladoniaceae","g__Cladonia","s__macilenta",1
"ASV_17360","p__Ascomycota","c__Dothideomycetes","o__Dothideales","f__Dothideaceae","g__Rhizosphaera",NA,1
"ASV_1738","p__Ascomycota","c__Eurotiomycetes","o__Chaetothyriales",NA,NA,NA,1
"ASV_17384","p__Ascomycota","c__Eurotiomycetes","o__Eurotiales","f__Aspergillaceae","g__Penicillium",NA,1
"ASV_17393","p__Ascomycota","c__Taphrinomycetes","o__Taphrinales","f__Taphrinaceae","g__Taphrina","s__inositophila",1
"ASV_17394","p__Ascomycota","c__Dothideomycetes","o__Mycosphaerellales","f__Mycosphaerellaceae","g__Sphaerulina","s__pelargonii",1
"ASV_17397","p__Ascomycota","c__Sordariomycetes","o__Diaporthales","f__Valsaceae",NA,NA,1
"ASV_17401","p__Ascomycota","c__Dothideomycetes","o__Pleosporales","f__Didymosphaeriaceae","g__Paraphaeosphaeria","s__viridescens",1
"ASV_17504","p__Basidiomycota","c__Dacrymycetes","o__Dacrymycetales","f__Dacrymycetaceae","g__Dacrymyces","s__chrysospermus",1
"ASV_17515","p__Ascomycota","c__Dothideomycetes","o__Pleosporales",NA,NA,NA,1
"ASV_17529",NA,NA,NA,NA,NA,NA,1
"ASV_17531",NA,NA,NA,NA,NA,NA,1
"ASV_1755","p__Basidiomycota","c__Microbotryomycetes","o__Sporidiobolales","f__Sporidiobolaceae","g__Sporobolomyces","s__roseus",1
"ASV_1759","p__Ascomycota","c__Lecanoromycetes","o__Caliciales","f__Physciaceae","g__Physcia",NA,1
"ASV_176","p__Ascomycota","c__Eurotiomycetes","o__Coryneliales","f__Coryneliaceae","g__Coryneliaceae_gen_Incertae_sedis",NA,1
"ASV_1763","p__Basidiomycota","c__Exobasidiomycetes","o__Microstromatales","f__Microstromataceae","g__Microstroma","s__bacarum",1
"ASV_17680","p__Ascomycota","c__Dothideomycetes","o__Pleosporales",NA,NA,NA,1
"ASV_17697","p__Ascomycota","c__Sordariomycetes",NA,NA,NA,NA,1
"ASV_17709","p__Ascomycota","c__Eurotiomycetes","o__Eurotiales","f__Aspergillaceae","g__Penicillium","s__catalonicum",1
"ASV_17711","p__Ascomycota","c__Dothideomycetes","o__Dothideales","f__Dothideales_fam_Incertae_sedis","g__Dothideales_gen_Incertae_sedis",NA,1
"ASV_17712","p__Ascomycota","c__Dothideomycetes","o__Dothideales","f__Saccotheciaceae","g__Aureobasidium",NA,1
"ASV_17717","p__Basidiomycota","c__Tremellomycetes","o__Tremellales","f__Bulleribasidiaceae","g__Vishniacozyma","s__victoriae",1
"ASV_17719","p__Ascomycota","c__Dothideomycetes","o__Capnodiales","f__Cladosporiaceae","g__Cladosporium","s__herbarum",1
"ASV_1772","p__Ascomycota","c__Dothideomycetes","o__Capnodiales","f__Capnodiales_fam_Incertae_sedis","g__Arthrocatena",NA,1
"ASV_1778","p__Basidiomycota","c__Tremellomycetes","o__Filobasidiales","f__Filobasidiaceae","g__Filobasidium","s__dingjieense",1
"ASV_1779","p__Ascomycota","c__Dothideomycetes","o__Pleosporales","f__Pleosporales_fam_Incertae_sedis","g__Chaetophoma",NA,1
"ASV_17794","p__Ascomycota","c__Sordariomycetes","o__Diaporthales","f__Gnomoniaceae","g__Gnomonia","s__mirabilis",1
"ASV_17795",NA,NA,NA,NA,NA,NA,1
"ASV_1782","p__Ascomycota","c__Sordariomycetes","o__Diaporthales","f__Diaporthaceae","g__Phomopsis","s__pustulata",1
"ASV_1783","p__Ascomycota",NA,NA,NA,NA,NA,1
"ASV_17838","p__Ascomycota","c__Dothideomycetes","o__Mycosphaerellales","f__Mycosphaerellaceae","g__Ramularia",NA,1
"ASV_1784","p__Ascomycota","c__Leotiomycetes","o__Helotiales","f__Lachnaceae","g__Proliferodiscus","s__tricolor",1
"ASV_1793","p__Ascomycota","c__Dothideomycetes","o__Mycosphaerellales","f__Mycosphaerellaceae","g__Mycosphaerella","s__latebrosa",1
"ASV_17935","p__Ascomycota","c__Dothideomycetes","o__Dothideales","f__Dothioraceae","g__Pringsheimia","s__smilacis",1
"ASV_17939","p__Ascomycota","c__Dothideomycetes","o__Myriangiales","f__Elsinoaceae","g__Elsinoe",NA,1
"ASV_17953","p__Ascomycota",NA,NA,NA,NA,NA,1
"ASV_17965","p__Ascomycota","c__Dothideomycetes",NA,NA,NA,NA,1
"ASV_17985","p__Ascomycota","c__Dothideomycetes","o__Dothideales","f__Dothioraceae","g__Hormonema","s__macrosporum",1
"ASV_1799","p__Ascomycota","c__Eurotiomycetes","o__Phaeomoniellales","f__Phaeomoniellaceae","g__Phaeomoniella",NA,1
"ASV_17991","p__Ascomycota","c__Dothideomycetes","o__Pleosporales",NA,NA,NA,1
"ASV_180","p__Ascomycota","c__Saccharomycetes","o__Saccharomycetales","f__Debaryomycetaceae","g__Kurtzmaniella",NA,1
"ASV_18008","p__Ascomycota","c__Dothideomycetes","o__Capnodiales","f__Cladosporiaceae","g__Cladosporium",NA,1
"ASV_1801","p__Ascomycota","c__Dothideomycetes","o__Capnodiales",NA,NA,NA,1
"ASV_18022","p__Mortierellomycota","c__Mortierellomycetes","o__Mortierellales","f__Mortierellaceae","g__Entomortierella","s__parvispora",1
"ASV_18030","p__Ascomycota","c__Dothideomycetes","o__Dothideales",NA,NA,NA,1
"ASV_1804","p__Basidiomycota","c__Cystobasidiomycetes",NA,NA,NA,NA,1
"ASV_18092","p__Ascomycota","c__Leotiomycetes","o__Helotiales","f__Helotiales_fam_Incertae_sedis","g__Cryptocline","s__arctostaphyli",1
"ASV_18094","p__Ascomycota","c__Dothideomycetes","o__Mycosphaerellales","f__Mycosphaerellaceae","g__Ramularia",NA,1
"ASV_181","p__Ascomycota","c__Lecanoromycetes","o__Lecanorales","f__Parmeliaceae","g__Flavoparmelia","s__caperata",1
"ASV_18118","p__Ascomycota","c__Dothideomycetes","o__Myriangiales","f__Elsinoaceae","g__Elsinoe","s__heveae",1
"ASV_18126","p__Ascomycota","c__Dothideomycetes","o__Dothideales","f__Saccotheciaceae","g__Aureobasidium",NA,1
"ASV_18144","p__Ascomycota","c__Dothideomycetes","o__Capnodiales","f__Cladosporiaceae","g__Toxicocladosporium","s__glendoranum",1
"ASV_18169","p__Ascomycota","c__Saccharomycetes","o__Saccharomycetales","f__Trichomonascaceae","g__Spencermartinsiella","s__europaea",1
"ASV_18174","p__Ascomycota","c__Lecanoromycetes","o__Lecanorales","f__Lecanoraceae",NA,NA,1
"ASV_18183","p__Ascomycota","c__Eurotiomycetes",NA,NA,NA,NA,1
"ASV_1820","p__Basidiomycota","c__Agaricomycetes","o__Hymenochaetales","f__Rickenellaceae","g__Resinicium","s__bicolor",1
"ASV_1822","p__Ascomycota","c__Dothideomycetes","o__Pleosporales","f__Phaeosphaeriaceae","g__Leptospora","s__rubella",1
"ASV_1826","p__Basidiomycota","c__Agaricomycetes","o__Polyporales","f__Phanerochaetaceae","g__Bjerkandera","s__adusta",1
"ASV_1830","p__Ascomycota","c__Sordariomycetes","o__Diaporthales","f__Harknessiaceae","g__Harknessia",NA,1
"ASV_18311","p__Ascomycota","c__Dothideomycetes","o__Pleosporales","f__Massarinaceae","g__Helminthosporium",NA,1
"ASV_18312","p__Ascomycota","c__Dothideomycetes","o__Dothideales","f__Saccotheciaceae","g__Aureobasidium","s__pullulans",1
"ASV_18329","p__Ascomycota","c__Eurotiomycetes","o__Chaetothyriales","f__Herpotrichiellaceae","g__Rhinocladiella","s__coryli",1
"ASV_1834","p__Ascomycota","c__Lecanoromycetes","o__Lecanorales","f__Lecanoraceae","g__Lecanora","s__sarcopidoides",1
"ASV_18355","p__Ascomycota","c__Lecanoromycetes","o__Caliciales","f__Caliciaceae","g__Amandinea","s__lecideina",1
"ASV_1836","p__Ascomycota","c__Sordariomycetes","o__Diaporthales","f__Valsaceae","g__Cytospora",NA,1
"ASV_18369","p__Ascomycota","c__Dothideomycetes","o__Dothideales","f__Dothioraceae","g__Dothiora",NA,1
"ASV_1841","p__Basidiomycota","c__Agaricomycetes","o__Hymenochaetales","f__Schizoporaceae","g__Hyphodontia","s__pallidula",1
"ASV_18456","p__Basidiomycota","c__Agaricomycetes","o__Cantharellales","f__Clavulinaceae","g__Clavulinaceae_gen_Incertae_sedis",NA,1
"ASV_18458","p__Ascomycota","c__Dothideomycetes","o__Pleosporales",NA,NA,NA,1
"ASV_18462","p__Ascomycota","c__Dothideomycetes",NA,NA,NA,NA,1
"ASV_1848","p__Ascomycota","c__Sordariomycetes","o__Xylariales","f__Graphostromataceae","g__Biscogniauxia",NA,1
"ASV_185","p__Ascomycota",NA,NA,NA,NA,NA,1
"ASV_18508","p__Ascomycota","c__Sordariomycetes","o__Togniniales","f__Togniniaceae","g__Phaeoacremonium",NA,1
"ASV_1853","p__Ascomycota","c__Dothideomycetes","o__Pleosporales","f__Cucurbitariaceae","g__Pyrenochaetopsis","s__microspora",1
"ASV_18535","p__Ascomycota","c__Leotiomycetes",NA,NA,NA,NA,1
"ASV_1855","p__Ascomycota","c__Dothideomycetes","o__Pleosporales","f__Didymosphaeriaceae","g__Paraphaeosphaeria","s__michotii",1
"ASV_1860","p__Ascomycota","c__Sordariomycetes","o__Xylariales","f__Diatrypaceae","g__Diatrype","s__virescens",1
"ASV_18633","p__Ascomycota","c__Dothideomycetes","o__Dothideales","f__Saccotheciaceae","g__Aureobasidium","s__pullulans",1
"ASV_18640","p__Ascomycota","c__Dothideomycetes","o__Dothideales","f__Dothideaceae",NA,NA,1
"ASV_1867","p__Basidiomycota","c__Tremellomycetes","o__Tremellales","f__Phaeotremellaceae","g__Phaeotremella",NA,1
"ASV_18681","p__Ascomycota","c__Dothideomycetes","o__Mycosphaerellales","f__Mycosphaerellaceae",NA,NA,1
"ASV_1869","p__Ascomycota","c__Dothideomycetes","o__Capnodiales","f__Cladosporiaceae","g__Cladosporium",NA,1
"ASV_1870","p__Ascomycota","c__Lecanoromycetes","o__Lecanorales","f__Lecanoraceae",NA,NA,1
"ASV_18714","p__Ascomycota","c__Sordariomycetes","o__Xylariales","f__Diatrypaceae","g__Eutypella",NA,1
"ASV_18716","p__Ascomycota","c__Sordariomycetes","o__Calosphaeriales","f__Calosphaeriaceae","g__Jattaea","s__prunicola",1
"ASV_1876","p__Basidiomycota","c__Tremellomycetes","o__Filobasidiales","f__Filobasidiaceae","g__Naganishia","s__albida",1
"ASV_1886","p__Ascomycota","c__Eurotiomycetes","o__Chaetothyriales","f__Herpotrichiellaceae","g__Melanchlenus",NA,1
"ASV_18871","p__Ascomycota","c__Dothideomycetes","o__Pleosporales","f__Lindgomycetaceae","g__Lindgomycetaceae_gen_Incertae_sedis",NA,1
"ASV_18881","p__Ascomycota","c__Sordariomycetes","o__Xylariales","f__Diatrypaceae","g__Eutypella","s__cerviculata",1
"ASV_18885","p__Ascomycota","c__Dothideomycetes","o__Hysteriales","f__Hysteriaceae","g__Hysterium",NA,1
"ASV_189","p__Ascomycota","c__Dothideomycetes","o__Dothideales","f__Dothideaceae","g__Rhizosphaera",NA,1
"ASV_1891","p__Ascomycota","c__Sordariomycetes","o__Diaporthales","f__Valsaceae","g__Cytospora",NA,1
"ASV_1896","p__Ascomycota","c__Dothideomycetes",NA,NA,NA,NA,1
"ASV_18982","p__Ascomycota","c__Dothideomycetes","o__Dothideales","f__Saccotheciaceae","g__Aureobasidium",NA,1
"ASV_19012","p__Ascomycota","c__Sordariomycetes","o__Xylariales","f__Sporocadaceae","g__Magnohelicospora","s__iberica",1
"ASV_19029","p__Basidiomycota","c__Exobasidiomycetes","o__Entylomatales","f__Entylomataceae","g__Tilletiopsis","s__lilacina",1
"ASV_1905","p__Ascomycota","c__Sordariomycetes","o__Diaporthales","f__Valsaceae","g__Cytospora","s__prunicola",1
"ASV_19050","p__Ascomycota","c__Dothideomycetes","o__Pleosporales","f__Melanommataceae",NA,NA,1
"ASV_19056","p__Ascomycota","c__Dothideomycetes","o__Dothideales","f__Dothioraceae","g__Dothiora",NA,1
"ASV_19061","p__Basidiomycota","c__Microbotryomycetes","o__Microbotryomycetes_ord_Incertae_sedis","f__Chrysozymaceae",NA,NA,1
"ASV_1908","p__Ascomycota","c__Taphrinomycetes","o__Taphrinales","f__Taphrinaceae","g__Taphrina",NA,1
"ASV_1912",NA,NA,NA,NA,NA,NA,1
"ASV_192","p__Ascomycota","c__Sordariomycetes","o__Diaporthales","f__Valsaceae","g__Cytospora",NA,1
"ASV_1920","p__Ascomycota","c__Pezizomycetes","o__Pezizales","f__Pyronemataceae","g__Otidea","s__kunmingensis",1
"ASV_19206","p__Ascomycota",NA,NA,NA,NA,NA,1
"ASV_1922","p__Ascomycota","c__Lecanoromycetes","o__Lecanorales","f__Parmeliaceae","g__Hypogymnia","s__incurvoides",1
"ASV_1923","p__Ascomycota","c__Leotiomycetes","o__Helotiales","f__Helotiaceae","g__Claussenomyces","s__olivaceus",1
"ASV_19267","p__Ascomycota","c__Lecanoromycetes",NA,NA,NA,NA,1
"ASV_19273","p__Basidiomycota","c__Agaricomycetes","o__Russulales","f__Peniophoraceae","g__Peniophora","s__cinerea",1
"ASV_19280","p__Ascomycota","c__Dothideomycetes","o__Mycosphaerellales","f__Teratosphaeriaceae","g__Xenoteratosphaeria","s__jonkershoekensis",1
"ASV_19292","p__Basidiomycota","c__Agaricostilbomycetes","o__Agaricostilbales","f__Jianyuniaceae","g__Jianyunia",NA,1
"ASV_1937","p__Basidiomycota","c__Microbotryomycetes","o__Microbotryomycetes_ord_Incertae_sedis","f__Microbotryomycetes_fam_Incertae_sedis","g__Curvibasidium",NA,1
"ASV_19390","p__Ascomycota","c__Lecanoromycetes","o__Lecanorales",NA,NA,NA,1
"ASV_19392","p__Ascomycota","c__Dothideomycetes","o__Botryosphaeriales","f__Melanopsaceae","g__Melanops",NA,1
"ASV_19395","p__Basidiomycota","c__Cystobasidiomycetes","o__Erythrobasidiales",NA,NA,NA,1
"ASV_19397","p__Ascomycota",NA,NA,NA,NA,NA,1
"ASV_194","p__Ascomycota","c__Sordariomycetes","o__Xylariales","f__Amphisphaeriaceae","g__Monochaetia","s__monochaeta",1
"ASV_1943","p__Basidiomycota","c__Agaricomycetes","o__Polyporales","f__Phanerochaetaceae","g__Bjerkandera","s__adusta",1
"ASV_19430","p__Ascomycota","c__Dothideomycetes","o__Dothideales","f__Dothideaceae","g__Coniozyma","s__leucospermi",1
"ASV_19456","p__Ascomycota","c__Sordariomycetes",NA,NA,NA,NA,1
"ASV_19474","p__Ascomycota","c__Leotiomycetes","o__Helotiales","f__Tympanidaceae","g__Tympanis",NA,1
"ASV_19487","p__Ascomycota","c__Eurotiomycetes","o__Chaetothyriales","f__Herpotrichiellaceae","g__Phialophora","s__phaeophora",1
"ASV_19489","p__Ascomycota","c__Leotiomycetes","o__Helotiales","f__Helotiales_fam_Incertae_sedis","g__Cryptocline","s__arctostaphyli",1
"ASV_19604","p__Basidiomycota","c__Tremellomycetes","o__Tremellales","f__Bulleribasidiaceae","g__Vishniacozyma","s__victoriae",1
"ASV_19609","p__Ascomycota","c__Dothideomycetes","o__Dothideales","f__Dothioraceae","g__Dothiora",NA,1
"ASV_19620","p__Ascomycota","c__Sordariomycetes","o__Diaporthales","f__Diaporthaceae","g__Diaporthe","s__ilicicola",1
"ASV_19628",NA,NA,NA,NA,NA,NA,1
"ASV_19651","p__Ascomycota","c__Dothideomycetes","o__Mycosphaerellales","f__Mycosphaerellaceae","g__Ramularia",NA,1
"ASV_19693",NA,NA,NA,NA,NA,NA,1
"ASV_1973","p__Ascomycota","c__Leotiomycetes","o__Helotiales","f__Sclerotiniaceae",NA,NA,1
"ASV_1975","p__Basidiomycota","c__Tremellomycetes","o__Tremellales","f__Bulleribasidiaceae","g__Vishniacozyma","s__victoriae",1
"ASV_1977","p__Basidiomycota","c__Agaricomycetes","o__Polyporales","f__Phanerochaetaceae","g__Bjerkandera","s__adusta",1
"ASV_19786","p__Ascomycota","c__Dothideomycetes","o__Capnodiales","f__Cladosporiaceae","g__Cladosporium","s__herbarum",1
"ASV_19790","p__Ascomycota","c__Dothideomycetes","o__Dothideales","f__Dothideaceae","g__Rhizosphaera",NA,1
"ASV_19798","p__Ascomycota","c__Dothideomycetes","o__Mycosphaerellales","f__Mycosphaerellaceae","g__Ramularia",NA,1
"ASV_19801","p__Ascomycota","c__Dothideomycetes","o__Dothideales","f__Dothideales_fam_Incertae_sedis","g__Dothideales_gen_Incertae_sedis",NA,1
"ASV_19809","p__Basidiomycota","c__Spiculogloeomycetes","o__Spiculogloeales","f__Spiculogloeaceae","g__Phyllozyma","s__novozealandica",1
"ASV_19897","p__Basidiomycota","c__Tremellomycetes","o__Cystofilobasidiales","f__Mrakiaceae","g__Mrakia","s__aquatica",1
"ASV_19901","p__Ascomycota","c__Dothideomycetes","o__Mycosphaerellales","f__Mycosphaerellaceae","g__Acervuloseptoria","s__fraxini",1
"ASV_1997","p__Ascomycota","c__Sordariomycetes","o__Xylariales","f__Diatrypaceae","g__Diatrype","s__stigma",1
"ASV_200","p__Ascomycota","c__Leotiomycetes","o__Helotiales","f__Helotiales_fam_Incertae_sedis","g__Chalara",NA,1
"ASV_20030","p__Ascomycota",NA,NA,NA,NA,NA,1
"ASV_20031","p__Ascomycota","c__Eurotiomycetes","o__Verrucariales","f__Verrucariaceae","g__Verrucariaceae_gen_Incertae_sedis",NA,1
"ASV_2005","p__Ascomycota","c__Taphrinomycetes","o__Taphrinales","f__Taphrinaceae","g__Taphrinaceae_gen_Incertae_sedis",NA,1
"ASV_20057",NA,NA,NA,NA,NA,NA,1
"ASV_20062","p__Ascomycota","c__Dothideomycetes","o__Capnodiales","f__Cladosporiaceae","g__Cladosporium","s__herbarum",1
"ASV_201","p__Ascomycota","c__Dothideomycetes","o__Dothideales","f__Saccotheciaceae","g__Aureobasidium","s__pullulans",1
"ASV_2011","p__Basidiomycota","c__Cystobasidiomycetes","o__Cystobasidiomycetes_ord_Incertae_sedis","f__Microsporomycetaceae",NA,NA,1
"ASV_2013",NA,NA,NA,NA,NA,NA,1
"ASV_20136","p__Basidiomycota",NA,NA,NA,NA,NA,1
"ASV_20139","p__Basidiomycota","c__Tremellomycetes","o__Tremellales","f__Cryptococcaceae","g__Teunia",NA,1
"ASV_2014","p__Ascomycota","c__Taphrinomycetes","o__Taphrinales","f__Taphrinaceae","g__Taphrina",NA,1
"ASV_20140","p__Basidiomycota","c__Tremellomycetes","o__Tremellales","f__Bulleraceae","g__Fonsecazyma","s__mujuensis",1
"ASV_20141","p__Ascomycota","c__Dothideomycetes","o__Mycosphaerellales","f__Mycosphaerellaceae",NA,NA,1
"ASV_20243","p__Ascomycota","c__Sordariomycetes","o__Chaetosphaeriales","f__Chaetosphaeriaceae","g__Pyrigemmula","s__aurantiaca",1
"ASV_20258","p__Ascomycota","c__Dothideomycetes","o__Pleosporales",NA,NA,NA,1
"ASV_2026","p__Basidiomycota","c__Tremellomycetes","o__Tremellales","f__Bulleribasidiaceae","g__Hannaella","s__zeae",1
"ASV_20266","p__Basidiomycota","c__Exobasidiomycetes","o__Microstromatales","f__Microstromatales_fam_Incertae_sedis","g__Pseudomicrostroma",NA,1
"ASV_2027","p__Ascomycota","c__Eurotiomycetes","o__Chaetothyriales","f__Trichomeriaceae","g__Trichomerium",NA,1
"ASV_20272","p__Basidiomycota","c__Agaricomycetes","o__Hymenochaetales","f__Tubulicrinaceae","g__Tubulicrinis","s__chaetophorus",1
"ASV_20290","p__Ascomycota","c__Dothideomycetes","o__Dothideales","f__Saccotheciaceae","g__Aureobasidium","s__pullulans",1
"ASV_20302","p__Ascomycota","c__Sordariomycetes","o__Xylariales","f__Amphisphaeriaceae","g__Monochaetia","s__monochaeta",1
"ASV_2033","p__Ascomycota","c__Dothideomycetes","o__Myriangiales","f__Myriangiaceae","g__Myriangium",NA,1
"ASV_20375",NA,NA,NA,NA,NA,NA,1
"ASV_20379","p__Basidiomycota",NA,NA,NA,NA,NA,1
"ASV_2040","p__Ascomycota",NA,NA,NA,NA,NA,1
"ASV_2047","p__Ascomycota","c__Dothideomycetes","o__Dothideales","f__Dothioraceae","g__Dothiora",NA,1
"ASV_20472","p__Ascomycota","c__Lecanoromycetes","o__Caliciales","f__Physciaceae","g__Physcia","s__millegrana",1
"ASV_20484","p__Ascomycota","c__Leotiomycetes","o__Helotiales","f__Helotiaceae","g__Fontanospora","s__fusiramosa",1
"ASV_2051","p__Ascomycota","c__Leotiomycetes","o__Rhytismatales",NA,NA,NA,1
"ASV_20518","p__Basidiomycota","c__Microbotryomycetes","o__Sporidiobolales","f__Sporidiobolaceae","g__Sporobolomyces","s__cellobiolyticus",1
"ASV_2055","p__Ascomycota","c__Eurotiomycetes","o__Chaetothyriales","f__Herpotrichiellaceae",NA,NA,1
"ASV_2056","p__Ascomycota","c__Sordariomycetes","o__Hypocreales","f__Nectriaceae","g__Fusarium","s__avenaceum",1
"ASV_20567","p__Ascomycota","c__Leotiomycetes","o__Helotiales","f__Mollisiaceae","g__Phialocephala",NA,1
"ASV_2059","p__Ascomycota","c__Sordariomycetes","o__Xylariales","f__Diatrypaceae","g__Diatrype","s__stigma",1
"ASV_20592","p__Basidiomycota","c__Agaricomycetes","o__Agaricales","f__Psathyrellaceae","g__Psathyrella","s__typhae",1
"ASV_20593","p__Basidiomycota","c__Tremellomycetes","o__Tremellales","f__Bulleribasidiaceae","g__Vishniacozyma",NA,1
"ASV_2065","p__Ascomycota","c__Sordariomycetes","o__Hypocreales","f__Nectriaceae","g__Microcera","s__larvarum",1
"ASV_20688","p__Ascomycota","c__Dothideomycetes","o__Dothideales","f__Saccotheciaceae","g__Aureobasidium","s__pullulans",1
"ASV_20703","p__Ascomycota","c__Eurotiomycetes","o__Chaetothyriales","f__Trichomeriaceae","g__Trichomerium","s__lapideum",1
"ASV_20704","p__Ascomycota","c__Dothideomycetes","o__Myriangiales","f__Myriangiaceae","g__Myriangium",NA,1
"ASV_20727","p__Ascomycota","c__Leotiomycetes","o__Helotiales","f__Sclerotiniaceae","g__Monilinia","s__kusanoi",1
"ASV_20740","p__Basidiomycota","c__Tremellomycetes","o__Tremellales","f__Bulleribasidiaceae","g__Bulleribasidiaceae_gen_Incertae_sedis",NA,1
"ASV_20741","p__Ascomycota","c__Dothideomycetes","o__Mycosphaerellales","f__Mycosphaerellaceae",NA,NA,1
"ASV_2075","p__Ascomycota","c__Saccharomycetes","o__Saccharomycetales","f__Phaffomycetaceae","g__Wickerhamomyces","s__alni",1
"ASV_208","p__Ascomycota","c__Dothideomycetes","o__Pleosporales","f__Cucurbitariaceae","g__Pyrenochaetopsis","s__leptospora",1
"ASV_20804",NA,NA,NA,NA,NA,NA,1
"ASV_2081",NA,NA,NA,NA,NA,NA,1
"ASV_20812","p__Ascomycota","c__Sordariomycetes","o__Coronophorales","f__Scortechiniaceae","g__Yuxiensis","s__granularis",1
"ASV_20815","p__Basidiomycota","c__Tremellomycetes","o__Tremellales","f__Rhynchogastremataceae","g__Papiliotrema","s__wisconsinensis",1
"ASV_2087","p__Ascomycota",NA,NA,NA,NA,NA,1
"ASV_2093","p__Ascomycota","c__Leotiomycetes","o__Phacidiales","f__Phacidiaceae",NA,NA,1
"ASV_20951","p__Basidiomycota","c__Agaricomycetes","o__Polyporales","f__Meruliaceae","g__Scopuloides",NA,1
"ASV_20962","p__Basidiomycota","c__Agaricomycetes","o__Sebacinales","f__Sebacinaceae","g__Chaetospermum",NA,1
"ASV_20985",NA,NA,NA,NA,NA,NA,1
"ASV_20986","p__Basidiomycota",NA,NA,NA,NA,NA,1
"ASV_2100","p__Ascomycota","c__Leotiomycetes","o__Helotiales","f__Helotiales_fam_Incertae_sedis","g__Cryptocline","s__arctostaphyli",1
"ASV_21001","p__Ascomycota","c__Dothideomycetes","o__Myriangiales","f__Elsinoaceae","g__Elsinoe",NA,1
"ASV_2102","p__Basidiomycota","c__Tremellomycetes","o__Tremellales","f__Tremellaceae","g__Tremella","s__globispora",1
"ASV_21046","p__Ascomycota","c__Dothideomycetes","o__Pleosporales","f__Didymellaceae",NA,NA,1
"ASV_21049","p__Basidiomycota","c__Tremellomycetes","o__Tremellales","f__Bulleribasidiaceae","g__Hannaella",NA,1
"ASV_2106","p__Ascomycota","c__Leotiomycetes","o__Helotiales","f__Lachnaceae","g__Proliferodiscus","s__earoleucus",1
"ASV_2108",NA,NA,NA,NA,NA,NA,1
"ASV_211","p__Ascomycota","c__Taphrinomycetes","o__Taphrinales","f__Taphrinaceae","g__Taphrina","s__caerulescens",1
"ASV_2110","p__Ascomycota","c__Eurotiomycetes","o__Chaetothyriales","f__Trichomeriaceae","g__Alatosessilispora",NA,1
"ASV_2119","p__Ascomycota","c__Dothideomycetes","o__Mytilinidiales","f__Mytilinidiaceae","g__Mytilinidion","s__insulare",1
"ASV_2123","p__Ascomycota","c__Dothideomycetes","o__Pleosporales","f__Melanommataceae","g__Alpinaria",NA,1
"ASV_21230","p__Ascomycota","c__Dothideomycetes","o__Dothideales","f__Dothioraceae","g__Dothiora",NA,1
"ASV_21235","p__Ascomycota","c__Dothideomycetes","o__Dothideales","f__Dothioraceae","g__Dothiora",NA,1
"ASV_21247","p__Ascomycota","c__Sordariomycetes","o__Hypocreales","f__Hypocreaceae","g__Trichoderma","s__minutisporum",1
"ASV_2126","p__Basidiomycota","c__Agaricomycetes","o__Russulales","f__Peniophoraceae","g__Peniophora","s__crassitunicata",1
"ASV_213","p__Ascomycota","c__Eurotiomycetes","o__Coryneliales","f__Coryneliaceae","g__Caliciopsis",NA,1
"ASV_2130","p__Basidiomycota","c__Agaricomycetes","o__Agaricales","f__Psathyrellaceae","g__Coprinellus","s__micaceus",1
"ASV_21306","p__Ascomycota","c__Dothideomycetes","o__Hysteriales","f__Hysteriaceae","g__Hysterium",NA,1
"ASV_2132","p__Basidiomycota","c__Agaricomycetes","o__Polyporales","f__Polyporaceae","g__Neofavolus",NA,1
"ASV_21321","p__Ascomycota","c__Dothideomycetes","o__Dothideales","f__Dothioraceae","g__Perusta",NA,1
"ASV_2134","p__Basidiomycota","c__Exobasidiomycetes","o__Exobasidiales","f__Exobasidiaceae","g__Exobasidium","s__woronichinii",1
"ASV_214","p__Ascomycota","c__Sordariomycetes","o__Diaporthales","f__Valsaceae","g__Cytospora",NA,1
"ASV_2144","p__Basidiomycota","c__Tremellomycetes","o__Tremellales",NA,NA,NA,1
"ASV_21450","p__Ascomycota","c__Dothideomycetes","o__Mycosphaerellales","f__Mycosphaerellaceae","g__Sphaerulina","s__pelargonii",1
"ASV_21485","p__Ascomycota",NA,NA,NA,NA,NA,1
"ASV_21497","p__Ascomycota","c__Dothideomycetes","o__Dothideales",NA,NA,NA,1
"ASV_215","p__Ascomycota","c__Taphrinomycetes","o__Taphrinales","f__Taphrinaceae","g__Taphrina",NA,1
"ASV_21500","p__Ascomycota","c__Dothideomycetes","o__Dothideales","f__Dothioraceae","g__Perusta",NA,1
"ASV_21507","p__Ascomycota","c__Dothideomycetes","o__Dothideales","f__Saccotheciaceae","g__Aureobasidium","s__pullulans",1
"ASV_21514","p__Ascomycota","c__Dothideomycetes","o__Hysteriales","f__Hysteriaceae",NA,NA,1
"ASV_2153","p__Basidiomycota","c__Agaricomycetes","o__Polyporales","f__Phanerochaetaceae","g__Phlebiopsis","s__gigantea",1
"ASV_21548","p__Ascomycota","c__Dothideomycetes","o__Dothideales","f__Saccotheciaceae","g__Aureobasidium","s__pullulans",1
"ASV_21584","p__Ascomycota","c__Dothideomycetes","o__Mycosphaerellales","f__Mycosphaerellaceae","g__Pallidocercospora",NA,1
"ASV_21587","p__Ascomycota","c__Sordariomycetes","o__Xylariales","f__Diatrypaceae","g__Eutypa","s__tetragona",1
"ASV_21608","p__Basidiomycota","c__Tremellomycetes","o__Tremellales","f__Sirobasidiaceae",NA,NA,1
"ASV_2163","p__Ascomycota","c__Lecanoromycetes","o__Lecanorales","f__Lecanoraceae","g__Lecidella",NA,1
"ASV_2164","p__Ascomycota","c__Lecanoromycetes","o__Lecanorales","f__Stereocaulaceae",NA,NA,1
"ASV_217","p__Ascomycota","c__Leotiomycetes","o__Helotiales","f__Lachnaceae","g__Proliferodiscus","s__earoleucus",1
"ASV_2172","p__Ascomycota","c__Eurotiomycetes","o__Chaetothyriales","f__Trichomeriaceae","g__Alatosessilispora",NA,1
"ASV_21735","p__Ascomycota","c__Dothideomycetes","o__Dothideales","f__Saccotheciaceae","g__Aureobasidium",NA,1
"ASV_21751","p__Ascomycota","c__Leotiomycetes","o__Helotiales","f__Discinellaceae","g__Varicosporium",NA,1
"ASV_21763","p__Basidiomycota","c__Tremellomycetes","o__Tremellales","f__Bulleribasidiaceae","g__Vishniacozyma",NA,1
"ASV_21764","p__Basidiomycota","c__Tremellomycetes","o__Tremellales","f__Bulleribasidiaceae","g__Vishniacozyma","s__victoriae",1
"ASV_2177","p__Ascomycota","c__Dothideomycetes","o__Mycosphaerellales",NA,NA,NA,1
"ASV_21772","p__Basidiomycota","c__Tremellomycetes","o__Tremellales",NA,NA,NA,1
"ASV_21793","p__Ascomycota","c__Lecanoromycetes","o__Caliciales","f__Caliciaceae","g__Buellia","s__erubescens",1
"ASV_21809","p__Ascomycota","c__Dothideomycetes","o__Myriangiales","f__Elsinoaceae","g__Elsinoaceae_gen_Incertae_sedis",NA,1
"ASV_21812","p__Ascomycota","c__Dothideomycetes","o__Venturiales","f__Venturiaceae","g__Sympodiella",NA,1
"ASV_2182","p__Ascomycota","c__Leotiomycetes","o__Helotiales",NA,NA,NA,1
"ASV_21881","p__Ascomycota","c__Dothideomycetes","o__Mycosphaerellales",NA,NA,NA,1
"ASV_21890","p__Ascomycota","c__Sordariomycetes","o__Glomerellales","f__Plectosphaerellaceae","g__Nigrocephalum","s__collariferum",1
"ASV_2190","p__Ascomycota","c__Dothideomycetes","o__Capnodiales","f__Capnodiales_fam_Incertae_sedis","g__Arthrocatena",NA,1
"ASV_2191","p__Ascomycota","c__Sordariomycetes","o__Diaporthales","f__Valsaceae","g__Cytospora",NA,1
"ASV_2197","p__Ascomycota","c__Dothideomycetes","o__Dothideales","f__Dothioraceae","g__Hormonema","s__macrosporum",1
"ASV_2199","p__Basidiomycota","c__Agaricomycetes","o__Polyporales","f__Hyphodermataceae","g__Hyphoderma","s__setigerum",1
"ASV_2200","p__Ascomycota","c__Eurotiomycetes","o__Chaetothyriales","f__Herpotrichiellaceae","g__Exophiala","s__lignicola",1
"ASV_221","p__Ascomycota","c__Dothideomycetes","o__Mycosphaerellales","f__Teratosphaeriaceae","g__Capnobotryella","s__renispora",1
"ASV_22117","p__Ascomycota","c__Dothideomycetes","o__Dothideales","f__Saccotheciaceae",NA,NA,1
"ASV_22122","p__Ascomycota","c__Sordariomycetes","o__Diaporthales","f__Melanconidaceae","g__Melanconiella","s__elegans",1
"ASV_2213","p__Ascomycota",NA,NA,NA,NA,NA,1
"ASV_2214","p__Ascomycota","c__Leotiomycetes","o__Helotiales",NA,NA,NA,1
"ASV_22182","p__Ascomycota","c__Sordariomycetes","o__Glomerellales","f__Plectosphaerellaceae","g__Nigrocephalum","s__collariferum",1
"ASV_22186","p__Basidiomycota",NA,NA,NA,NA,NA,1
"ASV_2219","p__Ascomycota","c__Sordariomycetes","o__Diaporthales","f__Valsaceae","g__Cytospora",NA,1
"ASV_22190","p__Ascomycota","c__Dothideomycetes","o__Dothideales","f__Dothioraceae","g__Kabatina",NA,1
"ASV_2225","p__Ascomycota","c__Dothideomycetes","o__Dothideales",NA,NA,NA,1
"ASV_223","p__Ascomycota","c__Eurotiomycetes","o__Chaetothyriales","f__Herpotrichiellaceae","g__Exophiala","s__jeanselmei",1
"ASV_22325","p__Ascomycota","c__Dothideomycetes","o__Dothideales",NA,NA,NA,1
"ASV_2233","p__Basidiomycota","c__Agaricomycetes","o__Polyporales","f__Meripilaceae","g__Meripilus","s__sumstinei",1
"ASV_22335","p__Ascomycota","c__Lecanoromycetes","o__Ostropales","f__Stictidaceae","g__Cryptodiscus","s__pallidus",1
"ASV_22336","p__Ascomycota",NA,NA,NA,NA,NA,1
"ASV_22349","p__Ascomycota","c__Dothideomycetes","o__Dothideales","f__Saccotheciaceae","g__Aureobasidium","s__pullulans",1
"ASV_22353","p__Basidiomycota","c__Agaricomycetes","o__Polyporales","f__Hyphodermataceae","g__Hyphoderma",NA,1
"ASV_2239","p__Ascomycota","c__Dothideomycetes","o__Dothideales",NA,NA,NA,1
"ASV_22460","p__Ascomycota","c__Dothideomycetes","o__Pleosporales",NA,NA,NA,1
"ASV_2249","p__Ascomycota","c__Dothideomycetes","o__Dothideales","f__Saccotheciaceae","g__Aureobasidium","s__pullulans",1
"ASV_2252","p__Basidiomycota","c__Tremellomycetes","o__Tremellales","f__Tremellaceae","g__Sirotrema","s__translucens",1
"ASV_22577","p__Ascomycota","c__Dothideomycetes","o__Capnodiales","f__Cladosporiaceae","g__Rachicladosporium","s__cboliae",1
"ASV_22583","p__Ascomycota","c__Dothideomycetes","o__Dothideales","f__Dothideaceae",NA,NA,1
"ASV_22584","p__Ascomycota","c__Dothideomycetes","o__Capnodiales","f__Neoantennariellaceae","g__Cippumomyces","s__mortalis",1
"ASV_22586","p__Ascomycota","c__Dothideomycetes","o__Dothideales","f__Dothideales_fam_Incertae_sedis","g__Dothideales_gen_Incertae_sedis",NA,1
"ASV_22593",NA,NA,NA,NA,NA,NA,1
"ASV_22717","p__Ascomycota","c__Dothideomycetes","o__Dothideales",NA,NA,NA,1
"ASV_2272","p__Ascomycota","c__Sordariomycetes","o__Xylariales","f__Lopadostomataceae","g__Lopadostoma",NA,1
"ASV_2274","p__Ascomycota","c__Dothideomycetes","o__Pleosporales","f__Cucurbitariaceae","g__Neocucurbitaria","s__quercina",1
"ASV_2277","p__Ascomycota","c__Leotiomycetes","o__Helotiales","f__Mollisiaceae","g__Phialocephala",NA,1
"ASV_2284","p__Basidiomycota","c__Cystobasidiomycetes","o__Cystobasidiomycetes_ord_Incertae_sedis","f__Symmetrosporaceae","g__Symmetrospora","s__foliicola",1
"ASV_22864","p__Ascomycota","c__Leotiomycetes","o__Helotiales","f__Helotiales_fam_Incertae_sedis","g__Cryptocline","s__arctostaphyli",1
"ASV_229","p__Ascomycota","c__Saccharomycetes","o__Saccharomycetales","f__Debaryomycetaceae","g__Yamadazyma","s__scolyti",1
"ASV_22906","p__Basidiomycota","c__Tremellomycetes","o__Tremellales","f__Rhynchogastremataceae","g__Papiliotrema",NA,1
"ASV_2291","p__Ascomycota","c__Sordariomycetes","o__Diaporthales","f__Gnomoniaceae","g__Ophiognomonia",NA,1
"ASV_22926","p__Ascomycota","c__Leotiomycetes",NA,NA,NA,NA,1
"ASV_22936","p__Ascomycota","c__Dothideomycetes","o__Dothideales","f__Saccotheciaceae","g__Aureobasidium",NA,1
"ASV_22977","p__Ascomycota","c__Leotiomycetes","o__Helotiales","f__Dermateaceae","g__Neofabraea","s__actinidiae",1
"ASV_23","p__Ascomycota",NA,NA,NA,NA,NA,1
"ASV_2300","p__Ascomycota","c__Lecanoromycetes","o__Lecanorales",NA,NA,NA,1
"ASV_23001","p__Ascomycota","c__Dothideomycetes","o__Dothideales",NA,NA,NA,1
"ASV_23004","p__Ascomycota","c__Leotiomycetes","o__Helotiales","f__Discinellaceae","g__Varicosporium",NA,1
"ASV_23006","p__Ascomycota","c__Dothideomycetes","o__Mycosphaerellales","f__Mycosphaerellaceae","g__Sphaerulina","s__pelargonii",1
"ASV_23168","p__Ascomycota","c__Dothideomycetes","o__Capnodiales","f__Cladosporiaceae","g__Cladosporium",NA,1
"ASV_2319","p__Ascomycota","c__Dothideomycetes","o__Pleosporales",NA,NA,NA,1
"ASV_23204","p__Basidiomycota",NA,NA,NA,NA,NA,1
"ASV_23218","p__Ascomycota","c__Eurotiomycetes","o__Chaetothyriales","f__Trichomeriaceae","g__Trichomerium",NA,1
"ASV_2323","p__Ascomycota","c__Lecanoromycetes","o__Lecanorales","f__Catillariaceae","g__Catillaria","s__chalybeia",1
"ASV_2327","p__Ascomycota","c__Dothideomycetes","o__Dothideales","f__Dothioraceae","g__Dothiora",NA,1
"ASV_23277","p__Ascomycota","c__Sordariomycetes","o__Hypocreales","f__Hypocreales_fam_Incertae_sedis","g__Acremonium","s__rutilum",1
"ASV_23278","p__Basidiomycota","c__Tremellomycetes","o__Tremellales","f__Bulleribasidiaceae","g__Vishniacozyma","s__dimennae",1
"ASV_23291","p__Ascomycota","c__Lecanoromycetes","o__Caliciales","f__Physciaceae","g__Physcia","s__aipolia",1
"ASV_23295","p__Ascomycota","c__Lecanoromycetes","o__Ostropales","f__Spirographaceae","g__Spirographa","s__fusisporella",1
"ASV_2337","p__Ascomycota","c__Dothideomycetes",NA,NA,NA,NA,1
"ASV_2338","p__Ascomycota",NA,NA,NA,NA,NA,1
"ASV_2344","p__Ascomycota","c__Eurotiomycetes","o__Chaetothyriales","f__Herpotrichiellaceae","g__Melanchlenus",NA,1
"ASV_23492","p__Ascomycota","c__Dothideomycetes","o__Dothideales","f__Saccotheciaceae","g__Aureobasidium","s__pullulans",1
"ASV_235","p__Basidiomycota","c__Cystobasidiomycetes","o__Cystobasidiales",NA,NA,NA,1
"ASV_2350","p__Ascomycota","c__Eurotiomycetes","o__Chaetothyriales","f__Herpotrichiellaceae","g__Sorocybe",NA,1
"ASV_2354","p__Ascomycota","c__Dothideomycetes","o__Botryosphaeriales","f__Botryosphaeriaceae","g__Diplodia",NA,1
"ASV_23571","p__Ascomycota","c__Dothideomycetes","o__Dothideales","f__Dothideaceae","g__Rhizosphaera",NA,1
"ASV_236","p__Ascomycota","c__Dothideomycetes","o__Phaeothecales","f__Phaeothecaceae","g__Phaeothecaceae_gen_Incertae_sedis",NA,1
"ASV_2360","p__Basidiomycota","c__Tremellomycetes","o__Tremellales","f__Trimorphomycetaceae","g__Trimorphomyces",NA,1
"ASV_23615","p__Ascomycota","c__Dothideomycetes","o__Myriangiales","f__Elsinoaceae","g__Elsinoe",NA,1
"ASV_23639","p__Ascomycota","c__Dothideomycetes","o__Dothideales","f__Dothideaceae","g__Rhizosphaera",NA,1
"ASV_2366","p__Basidiomycota","c__Agaricomycetes","o__Polyporales","f__Polyporaceae","g__Lentinus","s__crinitus",1
"ASV_2369","p__Ascomycota","c__Dothideomycetes","o__Pleosporales","f__Phaeosphaeriaceae","g__Acericola","s__italica",1
"ASV_2373","p__Basidiomycota","c__Agaricomycetes","o__Polyporales","f__Fomitopsidaceae","g__Cinereomyces","s__lindbladii",1
"ASV_2380","p__Basidiomycota","c__Agaricomycetes","o__Polyporales","f__Fomitopsidaceae","g__Fomitopsis","s__pinicola",1
"ASV_23817","p__Ascomycota",NA,NA,NA,NA,NA,1
"ASV_23819","p__Ascomycota","c__Dothideomycetes","o__Capnodiales","f__Cladosporiaceae","g__Cladosporium",NA,1
"ASV_23835","p__Basidiomycota","c__Tremellomycetes","o__Tremellales","f__Cryptococcaceae","g__Kwoniella",NA,1
"ASV_2384",NA,NA,NA,NA,NA,NA,1
"ASV_23863","p__Ascomycota","c__Dothideomycetes","o__Dothideales","f__Saccotheciaceae","g__Aureobasidium","s__pullulans",1
"ASV_23866",NA,NA,NA,NA,NA,NA,1
"ASV_23889","p__Ascomycota","c__Dothideomycetes","o__Dothideales","f__Dothideaceae","g__Coniozyma","s__leucospermi",1
"ASV_2390","p__Basidiomycota","c__Agaricomycetes","o__Hymenochaetales","f__Schizoporaceae","g__Xylodon","s__flaviporus",1
"ASV_23902","p__Basidiomycota","c__Microbotryomycetes","o__Sporidiobolales","f__Sporidiobolaceae","g__Rhodotorula",NA,1
"ASV_23952","p__Ascomycota","c__Eurotiomycetes","o__Coryneliales","f__Coryneliaceae","g__Caliciopsis",NA,1
"ASV_23961","p__Ascomycota","c__Dothideomycetes","o__Dothideales","f__Saccotheciaceae","g__Aureobasidium",NA,1
"ASV_23965","p__Basidiomycota","c__Exobasidiomycetes","o__Microstromatales","f__Microstromatales_fam_Incertae_sedis","g__Pseudomicrostroma","s__glucosiphilum",1
"ASV_2397","p__Ascomycota","c__Sordariomycetes","o__Xylariales","f__Diatrypaceae","g__Peroneutypa","s__leucaenae",1
"ASV_23971","p__Basidiomycota","c__Tremellomycetes","o__Tremellales","f__Bulleraceae","g__Fonsecazyma",NA,1
"ASV_23981","p__Basidiomycota","c__Cystobasidiomycetes","o__Cystobasidiomycetes_ord_Incertae_sedis","f__Buckleyzymaceae","g__Buckleyzyma","s__aurantiaca",1
"ASV_23986","p__Basidiomycota","c__Agaricomycetes",NA,NA,NA,NA,1
"ASV_24","p__Basidiomycota","c__Tremellomycetes","o__Trichosporonales","f__Trichosporonaceae","g__Apiotrichum","s__laibachii",1
"ASV_2403","p__Ascomycota","c__Dothideomycetes","o__Pleosporales","f__Lentitheciaceae","g__Lentitheciaceae_gen_Incertae_sedis",NA,1
"ASV_24152","p__Basidiomycota","c__Tremellomycetes","o__Tremellales","f__Cryptococcaceae","g__Teunia","s__globosa",1
"ASV_24232","p__Basidiomycota","c__Agaricomycetes","o__Hymenochaetales","f__Schizoporaceae","g__Xylodon",NA,1
"ASV_24236","p__Ascomycota","c__Dothideomycetes","o__Dothideales","f__Dothioraceae","g__Dothiora",NA,1
"ASV_24281","p__Basidiomycota","c__Agaricomycetes","o__Russulales","f__Gloeocystidiellaceae","g__Gloeocystidiellum","s__kenyense",1
"ASV_24283","p__Ascomycota","c__Dothideomycetes","o__Dothideales","f__Dothioraceae","g__Dothiora",NA,1
"ASV_2432","p__Ascomycota","c__Dothideomycetes","o__Dothideales","f__Dothideaceae","g__Celosporium",NA,1
"ASV_24325","p__Ascomycota",NA,NA,NA,NA,NA,1
"ASV_24330","p__Ascomycota",NA,NA,NA,NA,NA,1
"ASV_24332","p__Basidiomycota","c__Agaricomycetes","o__Polyporales","f__Fomitopsidaceae","g__Fomitopsis","s__rosea",1
"ASV_244","p__Basidiomycota","c__Tremellomycetes","o__Filobasidiales","f__Filobasidiaceae","g__Filobasidium","s__wieringae",1
"ASV_2442","p__Ascomycota","c__Dothideomycetes","o__Pleosporales","f__Didymosphaeriaceae","g__Paraconiothyrium",NA,1
"ASV_2450","p__Basidiomycota","c__Agaricomycetes","o__Auriculariales","f__Exidiaceae","g__Exidia",NA,1
"ASV_2451","p__Ascomycota","c__Leotiomycetes","o__Helotiales","f__Sclerotiniaceae","g__Sclerencoelia","s__fraxinicola",1
"ASV_24529","p__Ascomycota","c__Dothideomycetes",NA,NA,NA,NA,1
"ASV_24540","p__Basidiomycota","c__Agaricomycetes","o__Russulales","f__Stereaceae","g__Aleurodiscus","s__canadensis",1
"ASV_2456","p__Chytridiomycota","c__Spizellomycetes","o__Spizellomycetales","f__Spizellomycetales_fam_Incertae_sedis","g__Spizellomycetales_gen_Incertae_sedis",NA,1
"ASV_24563","p__Ascomycota","c__Dothideomycetes","o__Tubeufiales","f__Tubeufiaceae","g__Acanthostigma",NA,1
"ASV_2459","p__Ascomycota","c__Dothideomycetes","o__Mycosphaerellales","f__Mycosphaerellaceae","g__Mycosphaerella","s__latebrosa",1
"ASV_24599","p__Ascomycota","c__Dothideomycetes","o__Dothideales","f__Saccotheciaceae","g__Aureobasidium",NA,1
"ASV_246","p__Ascomycota","c__Dothideomycetes","o__Capnodiales","f__Neoantennariellaceae","g__Cippumomyces","s__mortalis",1
"ASV_2460","p__Chytridiomycota","c__Spizellomycetes","o__Spizellomycetales","f__Powellomycetaceae","g__Thoreauomyces","s__humboldtii",1
"ASV_24620","p__Ascomycota","c__Dothideomycetes","o__Dothideales","f__Saccotheciaceae","g__Aureobasidium",NA,1
"ASV_24638","p__Basidiomycota","c__Agaricomycetes","o__Agaricales","f__Strophariaceae","g__Pholiota","s__highlandensis",1
"ASV_24655","p__Ascomycota","c__Sordariomycetes","o__Pisorisporiales","f__Pisorisporiaceae","g__Achroceratosphaeria",NA,1
"ASV_24670","p__Ascomycota","c__Sordariomycetes","o__Chaetosphaeriales","f__Chaetosphaeriaceae",NA,NA,1
"ASV_24675","p__Ascomycota","c__Leotiomycetes","o__Helotiales","f__Helotiales_fam_Incertae_sedis","g__Cryptocline","s__arctostaphyli",1
"ASV_24676","p__Ascomycota","c__Dothideomycetes","o__Dothideales","f__Saccotheciaceae","g__Aureobasidium",NA,1
"ASV_24678","p__Ascomycota",NA,NA,NA,NA,NA,1
"ASV_24684","p__Basidiomycota","c__Tremellomycetes","o__Tremellales","f__Rhynchogastremataceae","g__Papiliotrema","s__fusca",1
"ASV_24694","p__Ascomycota","c__Dothideomycetes","o__Dothideales","f__Dothideaceae","g__Rhizosphaera",NA,1
"ASV_24700","p__Ascomycota","c__Sordariomycetes","o__Sordariomycetes_ord_Incertae_sedis","f__Sordariomycetes_fam_Incertae_sedis","g__Rhamphoria","s__pyriformis",1
"ASV_24716","p__Ascomycota","c__Lecanoromycetes","o__Lecanorales","f__Lecanoraceae","g__Lecanora","s__hybocarpa",1
"ASV_2474","p__Ascomycota","c__Dothideomycetes","o__Myriangiales","f__Endosporiaceae","g__Endosporium",NA,1
"ASV_2476","p__Basidiomycota","c__Exobasidiomycetes","o__Microstromatales","f__Microstromataceae","g__Microstroma","s__bacarum",1
"ASV_248","p__Ascomycota","c__Saccharomycetes","o__Saccharomycetales","f__Phaffomycetaceae","g__Cyberlindnera","s__maritima",1
"ASV_24896","p__Ascomycota","c__Dothideomycetes","o__Pleosporales","f__Didymosphaeriaceae","g__Spegazzinia","s__radermacherae",1
"ASV_24897","p__Ascomycota","c__Dothideomycetes","o__Mycosphaerellales","f__Teratosphaeriaceae","g__Neocatenulostroma",NA,1
"ASV_249","p__Ascomycota","c__Sordariomycetes","o__Diaporthales","f__Valsaceae","g__Cytospora",NA,1
"ASV_24901","p__Ascomycota","c__Leotiomycetes","o__Helotiales","f__Sclerotiniaceae",NA,NA,1
"ASV_24909","p__Ascomycota","c__Sordariomycetes","o__Diaporthales","f__Valsaceae",NA,NA,1
"ASV_24936","p__Ascomycota",NA,NA,NA,NA,NA,1
"ASV_24943","p__Ascomycota","c__Leotiomycetes","o__Helotiales","f__Helotiales_fam_Incertae_sedis","g__Cryptocline","s__arctostaphyli",1
"ASV_24972",NA,NA,NA,NA,NA,NA,1
"ASV_24975","p__Ascomycota","c__Sordariomycetes","o__Hypocreales","f__Sarocladiaceae","g__Parasarocladium","s__fusiforme",1
"ASV_25019",NA,NA,NA,NA,NA,NA,1
"ASV_25043",NA,NA,NA,NA,NA,NA,1
"ASV_25048","p__Ascomycota","c__Lecanoromycetes","o__Caliciales",NA,NA,NA,1
"ASV_25057","p__Ascomycota","c__Lecanoromycetes","o__Caliciales","f__Caliciaceae",NA,NA,1
"ASV_2514","p__Ascomycota","c__Eurotiomycetes","o__Chaetothyriales","f__Cyphellophoraceae","g__Cyphellophora","s__sessilis",1
"ASV_2515","p__Ascomycota","c__Eurotiomycetes","o__Coryneliales","f__Coryneliales_fam_Incertae_sedis","g__Coryneliales_gen_Incertae_sedis",NA,1
"ASV_2521","p__Ascomycota","c__Eurotiomycetes","o__Chaetothyriales","f__Herpotrichiellaceae","g__Melanchlenus",NA,1
"ASV_25227","p__Ascomycota","c__Dothideomycetes","o__Pleosporales",NA,NA,NA,1
"ASV_25245","p__Basidiomycota","c__Exobasidiomycetes","o__Microstromatales","f__Microstromatales_fam_Incertae_sedis","g__Pseudomicrostroma",NA,1
"ASV_25266","p__Ascomycota","c__Dothideomycetes","o__Mycosphaerellales","f__Mycosphaerellaceae","g__Acrodontium","s__crateriforme",1
"ASV_2527","p__Ascomycota",NA,NA,NA,NA,NA,1
"ASV_2529","p__Basidiomycota","c__Tremellomycetes","o__Tremellales","f__Tremellales_fam_Incertae_sedis","g__Tremellales_gen_Incertae_sedis",NA,1
"ASV_2531","p__Ascomycota",NA,NA,NA,NA,NA,1
"ASV_2532","p__Ascomycota","c__Dothideomycetes","o__Pleosporales","f__Pseudopyrenochaetaceae","g__Pseudopyrenochaeta","s__terrestris",1
"ASV_2537","p__Ascomycota","c__Sordariomycetes","o__Xylariales","f__Sporocadaceae","g__Xenoseimatosporium",NA,1
"ASV_25414","p__Ascomycota","c__Sordariomycetes","o__Hypocreales","f__Nectriaceae","g__Calcarisporium","s__arbuscula",1
"ASV_25418","p__Ascomycota","c__Dothideomycetes","o__Pleosporales","f__Cucurbitariaceae","g__Parafenestella","s__ontariensis",1
"ASV_25425","p__Basidiomycota","c__Dacrymycetes","o__Dacrymycetales","f__Dacrymycetaceae","g__Dacrymyces","s__chrysospermus",1
"ASV_25426","p__Basidiomycota","c__Tremellomycetes","o__Tremellales",NA,NA,NA,1
"ASV_25429","p__Ascomycota","c__Dothideomycetes","o__Mycosphaerellales","f__Mycosphaerellaceae","g__Ramularia",NA,1
"ASV_25451","p__Ascomycota","c__Lecanoromycetes","o__Lecanorales","f__Lecanoraceae","g__Lecanora",NA,1
"ASV_2547","p__Ascomycota","c__Sordariomycetes","o__Calosphaeriales","f__Calosphaeriaceae","g__Jattaea","s__taediosa",1
"ASV_2555","p__Ascomycota",NA,NA,NA,NA,NA,1
"ASV_2558",NA,NA,NA,NA,NA,NA,1
"ASV_2560","p__Basidiomycota","c__Exobasidiomycetes","o__Microstromatales","f__Microstromatales_fam_Incertae_sedis","g__Pseudomicrostroma","s__phylloplanum",1
"ASV_2562","p__Ascomycota","c__Sordariomycetes","o__Xylariales","f__Diatrypaceae","g__Diatrype","s__stigma",1
"ASV_25620","p__Ascomycota","c__Dothideomycetes","o__Dothideales","f__Dothideaceae","g__Rhizosphaera",NA,1
"ASV_25628","p__Ascomycota","c__Taphrinomycetes","o__Taphrinales","f__Taphrinaceae","g__Taphrina","s__pruni",1
"ASV_25636","p__Ascomycota","c__Leotiomycetes","o__Helotiales","f__Leotiaceae",NA,NA,1
"ASV_25714","p__Basidiomycota","c__Atractiellomycetes","o__Atractiellales","f__Phleogenaceae","g__Helicogloea","s__insularis",1
"ASV_25788","p__Ascomycota","c__Lecanoromycetes","o__Lecanorales","f__Lecanoraceae","g__Lecanora",NA,1
"ASV_25806",NA,NA,NA,NA,NA,NA,1
"ASV_25809","p__Basidiomycota",NA,NA,NA,NA,NA,1
"ASV_2581",NA,NA,NA,NA,NA,NA,1
"ASV_25814","p__Ascomycota","c__Dothideomycetes","o__Dothideales",NA,NA,NA,1
"ASV_2591","p__Ascomycota",NA,NA,NA,NA,NA,1
"ASV_2593","p__Ascomycota","c__Sordariomycetes","o__Diaporthales","f__Valsaceae","g__Valsa",NA,1
"ASV_2596","p__Basidiomycota","c__Tremellomycetes","o__Tremellales","f__Bulleribasidiaceae","g__Vishniacozyma","s__victoriae",1
"ASV_26","p__Ascomycota","c__Dothideomycetes","o__Capnodiales","f__Cladosporiaceae","g__Cladosporium","s__cladosporioides",1
"ASV_26055","p__Ascomycota","c__Leotiomycetes","o__Helotiales","f__Hyaloscyphaceae","g__Unguicularia","s__carestiana",1
"ASV_26057",NA,NA,NA,NA,NA,NA,1
"ASV_26069","p__Basidiomycota","c__Agaricomycetes","o__Cantharellales","f__Botryobasidiaceae","g__Botryobasidium",NA,1
"ASV_2613","p__Ascomycota","c__Dothideomycetes","o__Pleosporales","f__Cucurbitariaceae","g__Parafenestella","s__salicis",1
"ASV_2617","p__Basidiomycota","c__Cystobasidiomycetes","o__Erythrobasidiales","f__Erythrobasidiaceae","g__Erythrobasidium",NA,1
"ASV_26187","p__Basidiomycota","c__Exobasidiomycetes","o__Microstromatales","f__Microstromataceae","g__Microstroma",NA,1
"ASV_26196","p__Ascomycota","c__Dothideomycetes","o__Capnodiales","f__Capnodiales_fam_Incertae_sedis","g__Microcyclospora","s__pomicola",1
"ASV_26197",NA,NA,NA,NA,NA,NA,1
"ASV_26201","p__Basidiomycota","c__Agaricomycetes","o__Hymenochaetales","f__Hyphodontiaceae","g__Kneiffiella",NA,1
"ASV_26222","p__Ascomycota","c__Dothideomycetes","o__Dothideales","f__Dothideaceae","g__Dothideaceae_gen_Incertae_sedis",NA,1
"ASV_2626","p__Ascomycota","c__Lecanoromycetes","o__Lecanorales",NA,NA,NA,1
"ASV_2627","p__Basidiomycota","c__Tremellomycetes","o__Tremellales","f__Cryptococcaceae","g__Teunia","s__cuniculi",1
"ASV_263","p__Ascomycota","c__Dothideomycetes","o__Dothideales","f__Saccotheciaceae","g__Aureobasidium","s__pullulans",1
"ASV_2631","p__Ascomycota","c__Sordariomycetes","o__Xylariales","f__Graphostromataceae","g__Biscogniauxia","s__mediterranea",1
"ASV_2637","p__Ascomycota",NA,NA,NA,NA,NA,1
"ASV_2640","p__Basidiomycota","c__Tremellomycetes","o__Tremellales","f__Cryptococcaceae","g__Cryptococcus","s__aureus",1
"ASV_26409","p__Ascomycota","c__Dothideomycetes","o__Dothideales","f__Saccotheciaceae","g__Aureobasidium",NA,1
"ASV_26434","p__Ascomycota","c__Leotiomycetes","o__Thelebolales","f__Pseudeurotiaceae","g__Hyphozyma","s__roseonigra",1
"ASV_26606","p__Ascomycota","c__Dothideomycetes","o__Dothideales","f__Dothideaceae","g__Rhizosphaera",NA,1
"ASV_2664","p__Basidiomycota","c__Microbotryomycetes","o__Sporidiobolales","f__Sporidiobolaceae","g__Rhodosporidiobolus","s__colostri",1
"ASV_2669","p__Ascomycota","c__Sordariomycetes","o__Xylariales","f__Diatrypaceae","g__Diatrypella","s__betulae",1
"ASV_2681","p__Basidiomycota","c__Agaricomycetes","o__Agaricales","f__Strophariaceae","g__Kuehneromyces","s__rostratus",1
"ASV_26844","p__Ascomycota","c__Lecanoromycetes","o__Lecanorales","f__Lecanoraceae",NA,NA,1
"ASV_26853","p__Ascomycota","c__Dothideomycetes","o__Mycosphaerellales","f__Mycosphaerellaceae","g__Acrodontium","s__neolitseae",1
"ASV_26865","p__Ascomycota","c__Leotiomycetes","o__Helotiales",NA,NA,NA,1
"ASV_2687","p__Basidiomycota","c__Tremellomycetes","o__Tremellales","f__Trimorphomycetaceae","g__Trimorphomyces",NA,1
"ASV_2690","p__Ascomycota","c__Sordariomycetes","o__Diaporthales","f__Sydowiellaceae",NA,NA,1
"ASV_2694","p__Basidiomycota",NA,NA,NA,NA,NA,1
"ASV_26943","p__Basidiomycota","c__Agaricomycetes","o__Hymenochaetales","f__Schizoporaceae","g__Xylodon","s__brevisetus",1
"ASV_26961","p__Ascomycota",NA,NA,NA,NA,NA,1
"ASV_2698","p__Ascomycota","c__Leotiomycetes","o__Helotiales","f__Helotiaceae","g__Claussenomyces","s__olivaceus",1
"ASV_2701","p__Ascomycota","c__Leotiomycetes","o__Helotiales",NA,NA,NA,1
"ASV_2702","p__Ascomycota","c__Sordariomycetes","o__Diaporthales","f__Valsaceae","g__Cytospora",NA,1
"ASV_27050","p__Basidiomycota","c__Pucciniomycetes","o__Pucciniales","f__Melampsoraceae","g__Melampsora","s__epitea",1
"ASV_27051","p__Ascomycota","c__Dothideomycetes","o__Pleosporales",NA,NA,NA,1
"ASV_27056","p__Ascomycota","c__Dothideomycetes",NA,NA,NA,NA,1
"ASV_2706","p__Basidiomycota","c__Exobasidiomycetes","o__Microstromatales","f__Microstromatales_fam_Incertae_sedis","g__Pseudomicrostroma",NA,1
"ASV_2707","p__Ascomycota","c__Eurotiomycetes",NA,NA,NA,NA,1
"ASV_27074","p__Basidiomycota","c__Agaricomycetes","o__Polyporales","f__Meruliaceae","g__Scopuloides","s__hydnoides",1
"ASV_2714","p__Basidiomycota","c__Exobasidiomycetes","o__Exobasidiales","f__Exobasidiaceae","g__Exobasidium","s__japonicum",1
"ASV_272","p__Ascomycota","c__Sordariomycetes","o__Diaporthales","f__Valsaceae","g__Cytospora","s__prunicola",1
"ASV_2729","p__Ascomycota","c__Dothideomycetes","o__Mycosphaerellales","f__Mycosphaerellaceae",NA,NA,1
"ASV_27308","p__Ascomycota","c__Leotiomycetes","o__Helotiales","f__Hyaloscyphaceae","g__Hyphodiscus","s__hyaloscyphoides",1
"ASV_2732","p__Ascomycota","c__Leotiomycetes","o__Helotiales","f__Sclerotiniaceae","g__Myriosclerotinia","s__duriaeana",1
"ASV_2737","p__Ascomycota","c__Dothideomycetes","o__Myriangiales","f__Endosporiaceae","g__Endosporium",NA,1
"ASV_2741","p__Ascomycota","c__Sordariomycetes","o__Diaporthales","f__Valsaceae","g__Cytospora",NA,1
"ASV_2746","p__Basidiomycota","c__Exobasidiomycetes","o__Exobasidiales","f__Exobasidiaceae","g__Exobasidium",NA,1
"ASV_27506","p__Ascomycota","c__Dothideomycetes","o__Dothideales","f__Saccotheciaceae","g__Aureobasidium",NA,1
"ASV_27514","p__Ascomycota","c__Dothideomycetes","o__Mycosphaerellales","f__Mycosphaerellaceae","g__Ramularia",NA,1
"ASV_27534","p__Basidiomycota","c__Exobasidiomycetes","o__Microstromatales","f__Microstromatales_fam_Incertae_sedis","g__Pseudomicrostroma",NA,1
"ASV_27540","p__Ascomycota",NA,NA,NA,NA,NA,1
"ASV_2768","p__Ascomycota","c__Saccharomycetes","o__Saccharomycetales","f__Saccharomycetales_fam_Incertae_sedis","g__Teunomyces","s__kruisii",1
"ASV_2789","p__Basidiomycota","c__Agaricomycetes","o__Polyporales","f__Meruliaceae","g__Phlebia","s__radiata",1
"ASV_2794","p__Ascomycota","c__Dothideomycetes","o__Dothideales","f__Dothioraceae","g__Dothiora",NA,1
"ASV_27955","p__Ascomycota","c__Sordariomycetes","o__Diaporthales","f__Coryneaceae","g__Coryneum","s__lanciforme",1
"ASV_27962","p__Ascomycota","c__Dothideomycetes","o__Myriangiales",NA,NA,NA,1
"ASV_2797","p__Ascomycota","c__Dothideomycetes","o__Dothideales","f__Dothioraceae","g__Dothiora",NA,1
"ASV_27973","p__Ascomycota","c__Lecanoromycetes","o__Caliciales","f__Caliciaceae","g__Buellia","s__erubescens",1
"ASV_27975","p__Basidiomycota","c__Tremellomycetes","o__Tremellales",NA,NA,NA,1
"ASV_2808","p__Ascomycota","c__Lecanoromycetes","o__Ostropales","f__Ostropales_fam_Incertae_sedis","g__Mulderomyces","s__natalis",1
"ASV_2809","p__Basidiomycota","c__Agaricomycetes","o__Polyporales","f__Ganodermataceae","g__Ganoderma",NA,1
"ASV_281","p__Ascomycota",NA,NA,NA,NA,NA,1
"ASV_282","p__Ascomycota","c__Leotiomycetes","o__Helotiales","f__Helotiales_fam_Incertae_sedis","g__Cryptocline","s__arctostaphyli",1
"ASV_28214","p__Ascomycota","c__Dothideomycetes","o__Capnodiales","f__Cladosporiaceae","g__Cladosporium",NA,1
"ASV_2823","p__Ascomycota","c__Dothideomycetes","o__Mycosphaerellales","f__Mycosphaerellaceae","g__Ramularia",NA,1
"ASV_2827","p__Ascomycota",NA,NA,NA,NA,NA,1
"ASV_28306","p__Ascomycota","c__Sordariomycetes","o__Calosphaeriales","f__Calosphaeriaceae","g__Jattaea",NA,1
"ASV_2832","p__Ascomycota","c__Dothideomycetes","o__Pleosporales","f__Cucurbitariaceae","g__Parafenestella","s__austriaca",1
"ASV_2834","p__Ascomycota","c__Sordariomycetes","o__Togniniales","f__Togniniaceae","g__Phaeoacremonium","s__angustius",1
"ASV_2836","p__Ascomycota","c__Dothideomycetes","o__Myriangiales","f__Elsinoaceae","g__Elsinoe","s__heveae",1
"ASV_2842","p__Basidiomycota",NA,NA,NA,NA,NA,1
"ASV_28447","p__Ascomycota","c__Dothideomycetes","o__Dothideales","f__Saccotheciaceae","g__Aureobasidium","s__pullulans",1
"ASV_28463","p__Basidiomycota","c__Tremellomycetes","o__Tremellales","f__Tremellaceae","g__Tremella",NA,1
"ASV_2849","p__Ascomycota","c__Sordariomycetes","o__Diaporthales","f__Valsaceae",NA,NA,1
"ASV_285","p__Ascomycota","c__Eurotiomycetes","o__Phaeomoniellales","f__Phaeomoniellaceae","g__Phaeomoniella",NA,1
"ASV_2854","p__Ascomycota","c__Taphrinomycetes","o__Taphrinales","f__Taphrinaceae","g__Taphrina",NA,1
"ASV_2856","p__Ascomycota","c__Sordariomycetes","o__Hypocreales","f__Ophiocordycipitaceae","g__Tolypocladium","s__pustulatum",1
"ASV_286","p__Ascomycota","c__Lecanoromycetes","o__Lecanorales","f__Scoliciosporaceae","g__Scoliciosporum","s__chlorococcum",1
"ASV_2864","p__Ascomycota","c__Leotiomycetes","o__Helotiales","f__Dermateaceae","g__Dermea","s__pinicola",1
"ASV_2867","p__Ascomycota","c__Leotiomycetes",NA,NA,NA,NA,1
"ASV_2869","p__Ascomycota","c__Sordariomycetes","o__Sordariomycetes_ord_Incertae_sedis","f__Sordariomycetes_fam_Incertae_sedis","g__Oncopodiella",NA,1
"ASV_2871","p__Basidiomycota","c__Agaricomycetes","o__Agaricales","f__Mycenaceae","g__Mycena","s__abramsii",1
"ASV_2873","p__Ascomycota","c__Dothideomycetes","o__Venturiales","f__Venturiaceae","g__Venturia",NA,1
"ASV_2886","p__Ascomycota","c__Eurotiomycetes","o__Chaetothyriales","f__Trichomeriaceae","g__Trichomerium",NA,1
"ASV_2887","p__Ascomycota",NA,NA,NA,NA,NA,1
"ASV_28899","p__Basidiomycota","c__Agaricomycetes","o__Polyporales","f__Podoscyphaceae","g__Hypochnicium","s__geogenium",1
"ASV_28914","p__Ascomycota","c__Eurotiomycetes","o__Chaetothyriales","f__Herpotrichiellaceae","g__Fonsecaea",NA,1
"ASV_2892","p__Ascomycota","c__Dothideomycetes","o__Pleosporales","f__Lentitheciaceae","g__Pleurophoma",NA,1
"ASV_2895","p__Ascomycota","c__Dothideomycetes","o__Dothideales","f__Dothideaceae",NA,NA,1
"ASV_29","p__Ascomycota","c__Dothideomycetes","o__Dothideales","f__Saccotheciaceae","g__Aureobasidium","s__pullulans",1
"ASV_2908","p__Ascomycota","c__Dothideomycetes","o__Pleosporales","f__Cucurbitariaceae",NA,NA,1
"ASV_2909","p__Ascomycota","c__Eurotiomycetes","o__Chaetothyriales","f__Herpotrichiellaceae","g__Sorocybe",NA,1
"ASV_2911","p__Ascomycota","c__Eurotiomycetes","o__Chaetothyriales","f__Herpotrichiellaceae",NA,NA,1
"ASV_2913","p__Ascomycota","c__Arthoniomycetes","o__Lichenostigmatales","f__Phaeococcomycetaceae","g__Phaeococcomyces",NA,1
"ASV_292","p__Ascomycota","c__Leotiomycetes","o__Rhytismatales","f__Rhytismataceae","g__Coccomyces","s__strobi",1
"ASV_2920","p__Ascomycota","c__Arthoniomycetes","o__Lichenostigmatales","f__Lichenostigmatales_fam_Incertae_sedis","g__Lichenostigmatales_gen_Incertae_sedis",NA,1
"ASV_2930","p__Ascomycota","c__Sordariomycetes","o__Xylariales","f__Diatrypaceae","g__Diatrype","s__stigma",1
"ASV_29419","p__Ascomycota","c__Dothideomycetes","o__Capnodiales","f__Capnodiaceae","g__Scorias","s__mangiferae",1
"ASV_29425","p__Ascomycota","c__Leotiomycetes","o__Helotiales","f__Mollisiaceae","g__Mollisia","s__asteliae",1
"ASV_2943","p__Ascomycota","c__Dothideomycetes","o__Pleosporales","f__Pleosporaceae","g__Alternaria","s__metachromatica",1
"ASV_29438","p__Ascomycota","c__Dothideomycetes","o__Dothideales","f__Saccotheciaceae","g__Aureobasidium",NA,1
"ASV_2954","p__Ascomycota","c__Dothideomycetes","o__Pleosporales","f__Didymellaceae",NA,NA,1
"ASV_2955","p__Ascomycota","c__Sordariomycetes","o__Diaporthales","f__Valsaceae","g__Cytospora",NA,1
"ASV_2967","p__Ascomycota","c__Dothideomycetes","o__Capnodiales","f__Cladosporiaceae","g__Cladosporium","s__domesticum",1
"ASV_2969",NA,NA,NA,NA,NA,NA,1
"ASV_2975","p__Ascomycota","c__Lecanoromycetes","o__Lecanorales","f__Parmeliaceae","g__Evernia","s__divaricata",1
"ASV_298","p__Ascomycota","c__Leotiomycetes","o__Thelebolales","f__Pseudeurotiaceae","g__Hyphozyma","s__roseonigra",1
"ASV_2980","p__Basidiomycota","c__Agaricomycetes","o__Polyporales","f__Phanerochaetaceae","g__Bjerkandera","s__adusta",1
"ASV_2988","p__Basidiomycota","c__Agaricomycetes","o__Polyporales","f__Phanerochaetaceae","g__Bjerkandera","s__adusta",1
"ASV_29909","p__Basidiomycota","c__Microbotryomycetes","o__Microbotryomycetes_ord_Incertae_sedis","f__Chrysozymaceae","g__Chrysozyma",NA,1
"ASV_29916","p__Ascomycota","c__Sordariomycetes","o__Sordariomycetidae_ord_Incertae_sedis","f__Rhamphoriaceae",NA,NA,1
"ASV_3","p__Ascomycota","c__Dothideomycetes","o__Dothideales","f__Saccotheciaceae","g__Aureobasidium","s__pullulans",1
"ASV_3003","p__Ascomycota","c__Dothideomycetes","o__Dothideales","f__Saccotheciaceae","g__Aureobasidium","s__pullulans",1
"ASV_3009","p__Ascomycota","c__Dothideomycetes","o__Pleosporales","f__Cucurbitariaceae","g__Parafenestella","s__salicis",1
"ASV_3017","p__Ascomycota","c__Sordariomycetes","o__Diaporthales","f__Melanconiellaceae","g__Microascospora",NA,1
"ASV_302","p__Ascomycota","c__Leotiomycetes","o__Helotiales","f__Lachnaceae","g__Proliferodiscus","s__earoleucus",1
"ASV_3022","p__Basidiomycota","c__Tremellomycetes","o__Tremellales","f__Cryptococcaceae","g__Teunia",NA,1
"ASV_3024","p__Ascomycota","c__Leotiomycetes","o__Rhytismatales","f__Rhytismataceae","g__Lophodermium","s__macci",1
"ASV_303","p__Basidiomycota","c__Tremellomycetes","o__Tremellales","f__Bulleraceae","g__Fonsecazyma",NA,1
"ASV_3032","p__Ascomycota",NA,NA,NA,NA,NA,1
"ASV_3045","p__Ascomycota","c__Dothideomycetes","o__Pleosporales","f__Cucurbitariaceae","g__Pyrenochaetopsis","s__microspora",1
"ASV_3049","p__Ascomycota","c__Sordariomycetes","o__Sordariomycetes_ord_Incertae_sedis","f__Sordariomycetes_fam_Incertae_sedis","g__Oncopodiella",NA,1
"ASV_305","p__Ascomycota","c__Sordariomycetes","o__Diaporthales","f__Tubakiaceae","g__Tubakia",NA,1
"ASV_3054","p__Ascomycota","c__Eurotiomycetes","o__Chaetothyriales","f__Strelitzianaceae","g__Strelitziana","s__albiziae",1
"ASV_3056","p__Basidiomycota","c__Tremellomycetes","o__Tremellales",NA,NA,NA,1
"ASV_3066","p__Basidiomycota","c__Agaricomycetes","o__Agaricales","f__Tricholomataceae","g__Panellus","s__stipticus",1
"ASV_307","p__Basidiomycota","c__Agaricomycetes","o__Polyporales","f__Irpicaceae","g__Irpex","s__lacteus",1
"ASV_3093","p__Ascomycota","c__Dothideomycetes","o__Dothideales","f__Saccotheciaceae","g__Aureobasidium","s__pullulans",1
"ASV_3095","p__Ascomycota","c__Sordariomycetes","o__Xylariales","f__Diatrypaceae",NA,NA,1
"ASV_3103","p__Ascomycota","c__Dothideomycetes","o__Hysteriales","f__Hysteriaceae","g__Hysterobrevium","s__mori",1
"ASV_3105","p__Ascomycota","c__Leotiomycetes","o__Rhytismatales","f__Rhytismataceae","g__Coccomyces","s__triangularis",1
"ASV_3107","p__Ascomycota","c__Leotiomycetes","o__Rhytismatales","f__Rhytismataceae","g__Bifusella","s__linearis",1
"ASV_3108","p__Basidiomycota","c__Agaricomycetes","o__Polyporales","f__Phanerochaetaceae","g__Bjerkandera","s__adusta",1
"ASV_311","p__Ascomycota","c__Dothideomycetes","o__Pleosporales","f__Didymosphaeriaceae","g__Pseudopithomyces",NA,1
"ASV_3113","p__Ascomycota","c__Leotiomycetes","o__Helotiales","f__Sclerotiniaceae",NA,NA,1
"ASV_3118","p__Basidiomycota","c__Tremellomycetes","o__Tremellales","f__Bulleraceae","g__Fonsecazyma",NA,1
"ASV_3128","p__Ascomycota","c__Arthoniomycetes",NA,NA,NA,NA,1
"ASV_3134","p__Basidiomycota","c__Tremellomycetes","o__Tremellales","f__Bulleraceae","g__Fonsecazyma",NA,1
"ASV_3141","p__Ascomycota","c__Dothideomycetes","o__Capnodiales","f__Neoantennariellaceae","g__Cippumomyces","s__mortalis",1
"ASV_3142","p__Ascomycota","c__Dothideomycetes","o__Dothideales","f__Saccotheciaceae","g__Aureobasidium","s__pullulans",1
"ASV_3143","p__Basidiomycota","c__Agaricomycetes","o__Polyporales","f__Polyporaceae","g__Perenniporia","s__subacida",1
"ASV_315","p__Ascomycota",NA,NA,NA,NA,NA,1
"ASV_3163","p__Basidiomycota","c__Cystobasidiomycetes","o__Cystobasidiales","f__Cystobasidiaceae","g__Cystobasidium",NA,1
"ASV_3164","p__Ascomycota","c__Arthoniomycetes","o__Arthoniales","f__Chrysotrichaceae","g__Chrysothrix",NA,1
"ASV_3169","p__Ascomycota","c__Arthoniomycetes","o__Lichenostigmatales","f__Phaeococcomycetaceae","g__Phaeococcomycetaceae_gen_Incertae_sedis",NA,1
"ASV_3170","p__Ascomycota","c__Sordariomycetes","o__Diaporthales","f__Coryneaceae","g__Coryneum",NA,1
"ASV_319","p__Ascomycota","c__Dothideomycetes","o__Pleosporales","f__Cucurbitariaceae",NA,NA,1
"ASV_3193","p__Ascomycota","c__Dothideomycetes","o__Myriangiales",NA,NA,NA,1
"ASV_3199","p__Basidiomycota","c__Agaricomycetes","o__Polyporales","f__Irpicaceae","g__Cytidiella",NA,1
"ASV_3208","p__Ascomycota","c__Leotiomycetes","o__Helotiales",NA,NA,NA,1
"ASV_3230","p__Ascomycota","c__Dothideomycetes","o__Dothideales","f__Saccotheciaceae","g__Aureobasidium",NA,1
"ASV_3238","p__Ascomycota","c__Dothideomycetes","o__Dothideales","f__Dothioraceae","g__Dothiora",NA,1
"ASV_3239","p__Basidiomycota",NA,NA,NA,NA,NA,1
"ASV_324","p__Ascomycota","c__Leotiomycetes","o__Helotiales","f__Helotiales_fam_Incertae_sedis","g__Cryptocline","s__arctostaphyli",1
"ASV_3241","p__Ascomycota","c__Orbiliomycetes","o__Orbiliales","f__Orbiliaceae","g__Orbilia",NA,1
"ASV_3244","p__Ascomycota","c__Eurotiomycetes","o__Chaetothyriales","f__Trichomeriaceae","g__Alatosessilispora",NA,1
"ASV_3245","p__Ascomycota","c__Sordariomycetes","o__Xylariales","f__Diatrypaceae","g__Diatrype","s__stigma",1
"ASV_3257","p__Ascomycota","c__Leotiomycetes","o__Helotiales","f__Chaetomellaceae","g__Chaetomella","s__oblonga",1
"ASV_3265","p__Basidiomycota","c__Agaricomycetes","o__Amylocorticiales","f__Amylocorticiaceae","g__Amyloxenasma",NA,1
"ASV_3273","p__Ascomycota","c__Dothideomycetes","o__Pleosporales","f__Dothidotthiaceae","g__Dothidotthia","s__negundinicola",1
"ASV_3275","p__Basidiomycota","c__Agaricomycetes","o__Hymenochaetales","f__Schizoporaceae","g__Hyphodontia","s__subalutacea",1
"ASV_328","p__Basidiomycota","c__Tremellomycetes","o__Tremellales","f__Cryptococcaceae","g__Teunia","s__cuniculi",1
"ASV_3283","p__Ascomycota",NA,NA,NA,NA,NA,1
"ASV_3287","p__Basidiomycota","c__Agaricomycetes","o__Polyporales","f__Irpicaceae","g__Trametopsis","s__aborigena",1
"ASV_3298",NA,NA,NA,NA,NA,NA,1
"ASV_3299","p__Ascomycota","c__Dothideomycetes","o__Dothideales","f__Dothideaceae","g__Rhizosphaera",NA,1
"ASV_3305","p__Ascomycota","c__Dothideomycetes","o__Pleosporales","f__Didymosphaeriaceae","g__Paracamarosporium",NA,1
"ASV_332","p__Basidiomycota","c__Cystobasidiomycetes","o__Cystobasidiomycetes_ord_Incertae_sedis","f__Symmetrosporaceae","g__Symmetrospora","s__foliicola",1
"ASV_333","p__Ascomycota","c__Dothideomycetes","o__Pleosporales","f__Phaeosphaeriaceae",NA,NA,1
"ASV_334","p__Basidiomycota","c__Tremellomycetes","o__Tremellales","f__Cryptococcaceae","g__Teunia",NA,1
"ASV_338","p__Ascomycota","c__Leotiomycetes","o__Helotiales","f__Helotiales_fam_Incertae_sedis","g__Cryptocline","s__arctostaphyli",1
"ASV_3380","p__Ascomycota","c__Leotiomycetes","o__Helotiales","f__Sclerotiniaceae",NA,NA,1
"ASV_3381","p__Ascomycota","c__Dothideomycetes","o__Pleosporales","f__Pleosporales_fam_Incertae_sedis","g__Chaetophoma",NA,1
"ASV_3396","p__Basidiomycota","c__Agaricomycetes","o__Cantharellales","f__Hydnaceae","g__Sistotrema","s__porulosum",1
"ASV_34","p__Ascomycota",NA,NA,NA,NA,NA,1
"ASV_3413","p__Basidiomycota","c__Tremellomycetes",NA,NA,NA,NA,1
"ASV_3414","p__Ascomycota","c__Dothideomycetes","o__Pleosporales","f__Sporormiaceae","g__Preussia","s__tetramera",1
"ASV_3421","p__Ascomycota","c__Leotiomycetes","o__Helotiales",NA,NA,NA,1
"ASV_3422","p__Ascomycota","c__Eurotiomycetes","o__Coryneliales","f__Coryneliaceae","g__Caliciopsis","s__pinea",1
"ASV_3423","p__Ascomycota","c__Dothideomycetes","o__Pleosporales","f__Coniothyriaceae",NA,NA,1
"ASV_3424","p__Ascomycota","c__Lecanoromycetes","o__Lecanorales","f__Parmeliaceae","g__Flavoparmelia","s__caperata",1
"ASV_345","p__Ascomycota","c__Leotiomycetes","o__Helotiales","f__Tympanidaceae","g__Tympanis","s__piceina",1
"ASV_3454","p__Ascomycota","c__Dothideomycetes","o__Capnodiales","f__Neodevriesiaceae","g__Tripospermum","s__infalcatum",1
"ASV_347","p__Ascomycota","c__Dothideomycetes","o__Dothideales","f__Saccotheciaceae","g__Aureobasidium","s__pullulans",1
"ASV_3471","p__Basidiomycota","c__Tremellomycetes",NA,NA,NA,NA,1
"ASV_349","p__Basidiomycota","c__Tremellomycetes","o__Tremellales",NA,NA,NA,1
"ASV_3496",NA,NA,NA,NA,NA,NA,1
"ASV_35","p__Basidiomycota","c__Tremellomycetes","o__Tremellales","f__Rhynchogastremataceae","g__Papiliotrema","s__wisconsinensis",1
"ASV_3529","p__Basidiomycota","c__Agaricomycetes","o__Agaricales","f__Psathyrellaceae","g__Coprinellus","s__micaceus",1
"ASV_3540","p__Ascomycota",NA,NA,NA,NA,NA,1
"ASV_3546","p__Ascomycota","c__Dothideomycetes","o__Pleosporales","f__Didymosphaeriaceae","g__Letendraea",NA,1
"ASV_355","p__Ascomycota","c__Dothideomycetes","o__Pleosporales","f__Cucurbitariaceae","g__Neocucurbitaria","s__populi",1
"ASV_3550","p__Ascomycota","c__Leotiomycetes",NA,NA,NA,NA,1
"ASV_3552","p__Ascomycota",NA,NA,NA,NA,NA,1
"ASV_356","p__Ascomycota",NA,NA,NA,NA,NA,1
"ASV_3569","p__Ascomycota","c__Dothideomycetes","o__Capnodiales","f__Cladosporiaceae",NA,NA,1
"ASV_3580","p__Ascomycota","c__Sordariomycetes","o__Diaporthales","f__Gnomoniaceae","g__Ophiognomonia",NA,1
"ASV_3582","p__Basidiomycota","c__Agaricomycetes","o__Gloeophyllales","f__Gloeophyllaceae","g__Gloeophyllum","s__sepiarium",1
"ASV_3584","p__Ascomycota","c__Dothideomycetes","o__Mycosphaerellales","f__Mycosphaerellaceae","g__Paramycosphaerella",NA,1
"ASV_360","p__Ascomycota","c__Dothideomycetes","o__Pleosporales","f__Lophiotremataceae","g__Atrocalyx",NA,1
"ASV_3651","p__Ascomycota","c__Eurotiomycetes","o__Verrucariales","f__Verrucariaceae","g__Verrucariaceae_gen_Incertae_sedis",NA,1
"ASV_3654","p__Ascomycota","c__Dothideomycetes","o__Pleosporales","f__Dictyosporiaceae","g__Verrucoccum","s__coppinsii",1
"ASV_3655","p__Ascomycota","c__Dothideomycetes","o__Dothideales","f__Dothideaceae",NA,NA,1
"ASV_3658","p__Ascomycota","c__Dothideomycetes","o__Pleosporales","f__Lophiotremataceae","g__Atrocalyx",NA,1
"ASV_3663","p__Ascomycota","c__Sordariomycetes","o__Xylariales","f__Diatrypaceae","g__Diatrype","s__stigma",1
"ASV_3673","p__Ascomycota","c__Sordariomycetes","o__Diaporthales","f__Gnomoniaceae","g__Plagiostoma",NA,1
"ASV_3677","p__Ascomycota",NA,NA,NA,NA,NA,1
"ASV_3687","p__Basidiomycota","c__Agaricomycetes","o__Polyporales","f__Meruliaceae","g__Scopuloides",NA,1
"ASV_3690","p__Ascomycota",NA,NA,NA,NA,NA,1
"ASV_3693","p__Basidiomycota","c__Agaricomycetes","o__Polyporales","f__Irpicaceae","g__Irpex","s__lacteus",1
"ASV_3702","p__Basidiomycota","c__Tremellomycetes","o__Tremellales","f__Tremellaceae","g__Sirotrema","s__translucens",1
"ASV_3703","p__Basidiomycota","c__Agaricomycetes","o__Polyporales","f__Polyporaceae","g__Perenniporia",NA,1
"ASV_3713","p__Ascomycota","c__Sordariomycetes","o__Calosphaeriales","f__Calosphaeriaceae","g__Jattaea",NA,1
"ASV_3727","p__Ascomycota","c__Dothideomycetes","o__Dothideales","f__Saccotheciaceae","g__Aureobasidium","s__pullulans",1
"ASV_374","p__Basidiomycota","c__Tremellomycetes","o__Cystofilobasidiales","f__Mrakiaceae","g__Udeniomyces","s__pyricola",1
"ASV_3741","p__Ascomycota","c__Sordariomycetes","o__Xylariales","f__Diatrypaceae","g__Diatrypella",NA,1
"ASV_375","p__Ascomycota","c__Dothideomycetes","o__Dothideales","f__Saccotheciaceae","g__Aureobasidium","s__pullulans",1
"ASV_3755","p__Ascomycota","c__Eurotiomycetes","o__Chaetothyriales","f__Herpotrichiellaceae","g__Cladophialophora",NA,1
"ASV_376","p__Ascomycota","c__Leotiomycetes","o__Rhytismatales","f__Rhytismataceae","g__Coccomyces","s__triangularis",1
"ASV_377","p__Ascomycota","c__Dothideomycetes","o__Pleosporales","f__Phaeosphaeriaceae","g__Neostagonospora",NA,1
"ASV_3795","p__Ascomycota","c__Dothideomycetes","o__Pleosporales",NA,NA,NA,1
"ASV_3800","p__Ascomycota","c__Dothideomycetes","o__Dothideales","f__Saccotheciaceae","g__Aureobasidium","s__pullulans",1
"ASV_3806","p__Basidiomycota","c__Agaricomycetes","o__Corticiales","f__Corticiaceae","g__Mycobernardia","s__incrustans",1
"ASV_3817","p__Ascomycota","c__Sareomycetes","o__Sareales","f__Sareaceae","g__Sarea","s__coeloplata",1
"ASV_3819","p__Ascomycota","c__Taphrinomycetes","o__Taphrinales","f__Taphrinaceae","g__Taphrina",NA,1
"ASV_3820","p__Ascomycota",NA,NA,NA,NA,NA,1
"ASV_383","p__Ascomycota","c__Dothideomycetes","o__Pleosporales","f__Lophiostomataceae","g__Lophiostomataceae_gen_Incertae_sedis",NA,1
"ASV_3834","p__Basidiomycota","c__Agaricomycetes","o__Auriculariales","f__Hyaloriaceae","g__Stypella","s__grilletii",1
"ASV_384","p__Ascomycota","c__Dothideomycetes","o__Capnodiales","f__Neoantennariellaceae","g__Cippumomyces","s__mortalis",1
"ASV_3844","p__Ascomycota","c__Dothideomycetes","o__Dothideales","f__Saccotheciaceae","g__Aureobasidium","s__pullulans",1
"ASV_385","p__Basidiomycota","c__Tremellomycetes","o__Tremellales","f__Cryptococcaceae","g__Teunia","s__cuniculi",1
"ASV_3856","p__Ascomycota","c__Dothideomycetes","o__Pleosporales","f__Pleosporales_fam_Incertae_sedis","g__Chaetophoma",NA,1
"ASV_387","p__Ascomycota","c__Dothideomycetes","o__Dothideales","f__Dothioraceae","g__Dothiora",NA,1
"ASV_3882","p__Ascomycota","c__Dothideomycetes",NA,NA,NA,NA,1
"ASV_3891","p__Ascomycota",NA,NA,NA,NA,NA,1
"ASV_3896","p__Basidiomycota","c__Agaricomycetes","o__Agaricales","f__Mycenaceae","g__Mycena","s__alcalina",1
"ASV_3913","p__Ascomycota","c__Leotiomycetes","o__Helotiales","f__Chaetomellaceae","g__Pilidium",NA,1
"ASV_3915","p__Ascomycota","c__Eurotiomycetes","o__Chaetothyriales","f__Herpotrichiellaceae","g__Melanchlenus",NA,1
"ASV_3916","p__Basidiomycota",NA,NA,NA,NA,NA,1
"ASV_392",NA,NA,NA,NA,NA,NA,1
"ASV_3923","p__Ascomycota","c__Eurotiomycetes","o__Phaeomoniellales","f__Phaeomoniellaceae","g__Pseudophaeomoniella","s__oleicola",1
"ASV_394","p__Ascomycota","c__Eurotiomycetes","o__Chaetothyriales","f__Paracladophialophoraceae","g__Paracladophialophora",NA,1
"ASV_3948","p__Ascomycota","c__Sordariomycetes","o__Diaporthales","f__Valsaceae","g__Cytospora",NA,1
"ASV_3966","p__Ascomycota","c__Sordariomycetes","o__Diaporthales","f__Valsaceae","g__Cytospora","s__prunicola",1
"ASV_3972","p__Ascomycota","c__Dothideomycetes","o__Capnodiales","f__Cladosporiaceae","g__Cladosporium","s__herbarum",1
"ASV_398",NA,NA,NA,NA,NA,NA,1
"ASV_3984","p__Ascomycota","c__Leotiomycetes","o__Helotiales","f__Tympanidaceae","g__Vexillomyces",NA,1
"ASV_3987","p__Basidiomycota","c__Agaricomycetes","o__Hymenochaetales","f__Tubulicrinaceae","g__Tubulicrinis","s__subulatus",1
"ASV_3990","p__Ascomycota","c__Dothideomycetes",NA,NA,NA,NA,1
"ASV_3997","p__Ascomycota",NA,NA,NA,NA,NA,1
"ASV_4003","p__Ascomycota","c__Dothideomycetes","o__Dothideales","f__Saccotheciaceae","g__Aureobasidium","s__pullulans",1
"ASV_402","p__Basidiomycota","c__Tremellomycetes","o__Filobasidiales","f__Filobasidiaceae","g__Naganishia","s__albida",1
"ASV_4020","p__Ascomycota","c__Dothideomycetes","o__Dothideales","f__Dothioraceae","g__Dothiora",NA,1
"ASV_4039","p__Basidiomycota","c__Exobasidiomycetes","o__Microstromatales","f__Microstromatales_fam_Incertae_sedis","g__Pseudomicrostroma","s__phylloplanum",1
"ASV_4046","p__Ascomycota","c__Dothideomycetes","o__Dothideales","f__Dothideales_fam_Incertae_sedis","g__Dothideales_gen_Incertae_sedis",NA,1
"ASV_4055","p__Ascomycota","c__Leotiomycetes",NA,NA,NA,NA,1
"ASV_406","p__Ascomycota","c__Sordariomycetes","o__Diaporthales","f__Valsaceae","g__Cytospora","s__beilinensis",1
"ASV_4061","p__Ascomycota","c__Dothideomycetes","o__Pleosporales","f__Pleosporales_fam_Incertae_sedis","g__Antealophiotrema","s__brunneosporum",1
"ASV_4065","p__Basidiomycota","c__Agaricomycetes","o__Agaricales","f__Pleurotaceae","g__Pleurotus","s__populinus",1
"ASV_4066","p__Ascomycota",NA,NA,NA,NA,NA,1
"ASV_408","p__Ascomycota","c__Dothideomycetes","o__Mycosphaerellales","f__Teratosphaeriaceae","g__Capnobotryella","s__renispora",1
"ASV_4089","p__Basidiomycota","c__Tremellomycetes","o__Tremellales",NA,NA,NA,1
"ASV_411","p__Ascomycota","c__Leotiomycetes","o__Rhytismatales","f__Rhytismataceae","g__Coccomyces","s__strobi",1
"ASV_4113","p__Basidiomycota","c__Exobasidiomycetes","o__Exobasidiales","f__Exobasidiaceae","g__Exobasidium",NA,1
"ASV_4130","p__Ascomycota","c__Eurotiomycetes","o__Coryneliales","f__Coryneliaceae","g__Caliciopsis","s__valentina",1
"ASV_4134","p__Ascomycota","c__Sordariomycetes","o__Sordariomycetidae_ord_Incertae_sedis","f__Rhamphoriaceae","g__Rhodoveronaea","s__varioseptata",1
"ASV_4137","p__Ascomycota","c__Sordariomycetes",NA,NA,NA,NA,1
"ASV_4141","p__Ascomycota",NA,NA,NA,NA,NA,1
"ASV_4156","p__Basidiomycota","c__Tremellomycetes","o__Tremellales","f__Bulleribasidiaceae","g__Hannaella",NA,1
"ASV_418","p__Ascomycota","c__Sordariomycetes","o__Hypocreales","f__Nectriaceae","g__Microcera","s__physciae",1
"ASV_42","p__Ascomycota","c__Dothideomycetes","o__Mycosphaerellales","f__Mycosphaerellaceae","g__Ramularia",NA,1
"ASV_4208","p__Ascomycota","c__Leotiomycetes","o__Helotiales","f__Vibrisseaceae","g__Vibrissea","s__truncorum",1
"ASV_4211","p__Ascomycota","c__Dothideomycetes","o__Mycosphaerellales","f__Mycosphaerellaceae",NA,NA,1
"ASV_4216","p__Ascomycota","c__Dothideomycetes","o__Pleosporales","f__Didymosphaeriaceae","g__Paracamarosporium",NA,1
"ASV_4233","p__Ascomycota","c__Dothideomycetes","o__Dothideales","f__Dothioraceae","g__Dothiora",NA,1
"ASV_4255","p__Ascomycota",NA,NA,NA,NA,NA,1
"ASV_4267","p__Basidiomycota",NA,NA,NA,NA,NA,1
"ASV_4271","p__Basidiomycota","c__Agaricomycetes","o__Agaricales","f__Crepidotaceae","g__Crepidotus","s__applanatus",1
"ASV_4276","p__Ascomycota","c__Eurotiomycetes","o__Chaetothyriales","f__Trichomeriaceae",NA,NA,1
"ASV_428","p__Basidiomycota","c__Tremellomycetes","o__Cystofilobasidiales","f__Cystofilobasidiaceae","g__Cystofilobasidium",NA,1
"ASV_4281","p__Basidiomycota","c__Agaricomycetes","o__Hymenochaetales","f__Hymenochaetaceae","g__Phellinus","s__viticola",1
"ASV_4288","p__Ascomycota","c__Sordariomycetes","o__Calosphaeriales","f__Calosphaeriaceae","g__Jattaea","s__taediosa",1
"ASV_4291","p__Ascomycota","c__Dothideomycetes","o__Pleosporales","f__Cucurbitariaceae","g__Neocucurbitaria","s__quercina",1
"ASV_4296",NA,NA,NA,NA,NA,NA,1
"ASV_43","p__Basidiomycota","c__Microbotryomycetes","o__Microbotryomycetes_ord_Incertae_sedis","f__Microbotryomycetes_fam_Incertae_sedis","g__Curvibasidium",NA,1
"ASV_430","p__Ascomycota","c__Dothideomycetes","o__Mycosphaerellales","f__Teratosphaeriaceae",NA,NA,1
"ASV_4311","p__Ascomycota",NA,NA,NA,NA,NA,1
"ASV_432","p__Ascomycota","c__Candelariomycetes","o__Candelariales","f__Candelariaceae","g__Candelaria","s__concolor",1
"ASV_4325","p__Basidiomycota","c__Agaricomycetes","o__Polyporales","f__Fomitopsidaceae","g__Antrodia","s__heteromorpha",1
"ASV_4336","p__Ascomycota","c__Saccharomycetes","o__Saccharomycetales","f__Saccharomycodaceae","g__Hanseniaspora",NA,1
"ASV_4344","p__Ascomycota",NA,NA,NA,NA,NA,1
"ASV_4352","p__Ascomycota","c__Sordariomycetes","o__Xylariales","f__Diatrypaceae","g__Diatrype","s__stigma",1
"ASV_4353","p__Ascomycota","c__Sordariomycetes","o__Xylariales","f__Diatrypaceae",NA,NA,1
"ASV_4357","p__Ascomycota","c__Dothideomycetes","o__Dothideales","f__Dothideaceae","g__Rhizosphaera",NA,1
"ASV_436","p__Ascomycota","c__Dothideomycetes","o__Dothideales","f__Dothioraceae","g__Dothiora",NA,1
"ASV_4361","p__Ascomycota","c__Dothideomycetes","o__Dothideales","f__Dothioraceae","g__Dothiora",NA,1
"ASV_4376","p__Ascomycota",NA,NA,NA,NA,NA,1
"ASV_4385","p__Ascomycota","c__Sordariomycetes","o__Amphisphaeriales","f__Pestalotiopsidaceae","g__Pestalotiopsis","s__jesteri",1
"ASV_4413",NA,NA,NA,NA,NA,NA,1
"ASV_4432","p__Ascomycota","c__Sordariomycetes","o__Diaporthales","f__Valsaceae","g__Cytospora",NA,1
"ASV_4438","p__Ascomycota","c__Lecanoromycetes","o__Lecanorales","f__Catillariaceae","g__Catillaria",NA,1
"ASV_4440","p__Ascomycota","c__Dothideomycetes","o__Dothideales","f__Saccotheciaceae","g__Aureobasidium","s__pullulans",1
"ASV_445","p__Ascomycota",NA,NA,NA,NA,NA,1
"ASV_446","p__Ascomycota","c__Dothideomycetes","o__Capnodiales",NA,NA,NA,1
"ASV_4461","p__Basidiomycota","c__Agaricomycetes","o__Trechisporales","f__Trechisporales_fam_Incertae_sedis","g__Sertulicium","s__jacksonii",1
"ASV_4463","p__Basidiomycota","c__Tremellomycetes","o__Trichosporonales","f__Trichosporonaceae","g__Pascua","s__guehoae",1
"ASV_4473","p__Ascomycota","c__Leotiomycetes","o__Helotiales","f__Vibrisseaceae","g__Vibrissea","s__flavovirens",1
"ASV_4474","p__Ascomycota","c__Eurotiomycetes","o__Chaetothyriales","f__Herpotrichiellaceae","g__Neocladophialophora","s__quercina",1
"ASV_4476","p__Ascomycota","c__Sordariomycetes","o__Sordariomycetes_ord_Incertae_sedis","f__Sordariomycetes_fam_Incertae_sedis","g__Oncopodiella","s__trigonella",1
"ASV_448","p__Basidiomycota","c__Agaricomycetes","o__Polyporales","f__Polyporaceae","g__Cerioporus","s__mollis",1
"ASV_4495","p__Ascomycota","c__Sordariomycetes","o__Xylariales","f__Xylariaceae","g__Nemania","s__caries",1
"ASV_450","p__Basidiomycota","c__Agaricomycetes","o__Hymenochaetales","f__Hymenochaetales_fam_Incertae_sedis","g__Trichaptum","s__biforme",1
"ASV_4502","p__Basidiomycota","c__Pucciniomycetes","o__Pucciniales","f__Pucciniastraceae","g__Pucciniastraceae_gen_Incertae_sedis",NA,1
"ASV_4504","p__Basidiomycota","c__Agaricomycetes","o__Agaricales","f__Radulomycetaceae","g__Radulomyces","s__paumanokensis",1
"ASV_4505",NA,NA,NA,NA,NA,NA,1
"ASV_4507","p__Basidiomycota","c__Agaricomycetes","o__Hymenochaetales","f__Schizoporaceae","g__Hyphodontia","s__alienata",1
"ASV_4537","p__Ascomycota","c__Dothideomycetes","o__Capnodiales","f__Neoantennariellaceae","g__Cippumomyces","s__mortalis",1
"ASV_455","p__Ascomycota","c__Leotiomycetes","o__Helotiales","f__Hyaloscyphaceae","g__Venturiocistella",NA,1
"ASV_4570","p__Ascomycota","c__Dothideomycetes","o__Patellariales","f__Patellariaceae","g__Rhizodiscina",NA,1
"ASV_4578","p__Ascomycota",NA,NA,NA,NA,NA,1
"ASV_4587","p__Ascomycota","c__Leotiomycetes",NA,NA,NA,NA,1
"ASV_459","p__Ascomycota","c__Lecanoromycetes","o__Ostropales","f__Spirographaceae","g__Spirographa","s__fusisporella",1
"ASV_4592","p__Ascomycota","c__Dothideomycetes","o__Mycosphaerellales",NA,NA,NA,1
"ASV_461","p__Ascomycota",NA,NA,NA,NA,NA,1
"ASV_4612","p__Ascomycota","c__Dothideomycetes","o__Dothideales","f__Dothideaceae",NA,NA,1
"ASV_4615","p__Ascomycota","c__Sordariomycetes","o__Diaporthales","f__Gnomoniaceae","g__Gnomoniaceae_gen_Incertae_sedis",NA,1
"ASV_4616","p__Ascomycota","c__Dothideomycetes","o__Pleosporales","f__Lophiostomataceae",NA,NA,1
"ASV_4617","p__Ascomycota","c__Lecanoromycetes","o__Caliciales",NA,NA,NA,1
"ASV_4625","p__Basidiomycota","c__Tremellomycetes","o__Tremellales","f__Bulleribasidiaceae","g__Vishniacozyma",NA,1
"ASV_4646","p__Ascomycota","c__Eurotiomycetes","o__Chaetothyriales","f__Herpotrichiellaceae","g__Exophiala",NA,1
"ASV_466","p__Ascomycota","c__Dothideomycetes","o__Mycosphaerellales","f__Teratosphaeriaceae","g__Neocatenulostroma",NA,1
"ASV_4669","p__Basidiomycota","c__Tremellomycetes","o__Tremellales","f__Bulleribasidiaceae","g__Vishniacozyma","s__pseudopenaeus",1
"ASV_4676","p__Ascomycota","c__Taphrinomycetes","o__Taphrinales","f__Taphrinaceae","g__Taphrina",NA,1
"ASV_4708","p__Ascomycota","c__Eurotiomycetes","o__Chaetothyriales","f__Epibryaceae","g__Epibryon","s__interlamellare",1
"ASV_4714","p__Ascomycota",NA,NA,NA,NA,NA,1
"ASV_472","p__Ascomycota","c__Sordariomycetes","o__Xylariales","f__Amphisphaeriaceae","g__Monochaetia",NA,1
"ASV_4784","p__Ascomycota",NA,NA,NA,NA,NA,1
"ASV_4795","p__Ascomycota",NA,NA,NA,NA,NA,1
"ASV_481","p__Ascomycota","c__Dothideomycetes","o__Dothideales","f__Dothioraceae","g__Dothiora",NA,1
"ASV_4819","p__Ascomycota","c__Eurotiomycetes","o__Chaetothyriales","f__Herpotrichiellaceae","g__Sorocybe",NA,1
"ASV_4831","p__Basidiomycota","c__Cystobasidiomycetes","o__Cystobasidiales",NA,NA,NA,1
"ASV_4832","p__Ascomycota","c__Dothideomycetes","o__Dothideales","f__Saccotheciaceae","g__Aureobasidium","s__pullulans",1
"ASV_4847","p__Ascomycota","c__Dothideomycetes","o__Dothideales","f__Saccotheciaceae","g__Aureobasidium",NA,1
"ASV_485","p__Basidiomycota","c__Agaricomycetes","o__Russulales","f__Peniophoraceae","g__Peniophora","s__cinerea",1
"ASV_4851","p__Ascomycota",NA,NA,NA,NA,NA,1
"ASV_4856","p__Ascomycota","c__Dothideomycetes","o__Pleosporales","f__Pleosporaceae","g__Stemphylium","s__globuliferum",1
"ASV_4859","p__Ascomycota","c__Dothideomycetes","o__Dothideales","f__Saccotheciaceae","g__Aureobasidium",NA,1
"ASV_4860","p__Basidiomycota","c__Tremellomycetes","o__Tremellales","f__Bulleribasidiaceae","g__Dioszegia",NA,1
"ASV_4876","p__Ascomycota","c__Sordariomycetes","o__Coniochaetales","f__Coniochaetaceae","g__Coniochaeta","s__fasciculata",1
"ASV_4878","p__Ascomycota","c__Sordariomycetes","o__Diaporthales","f__Valsaceae","g__Cytospora",NA,1
"ASV_4884","p__Ascomycota",NA,NA,NA,NA,NA,1
"ASV_490","p__Ascomycota","c__Leotiomycetes","o__Helotiales","f__Hyaloscyphaceae","g__Venturiocistella",NA,1
"ASV_4903","p__Basidiomycota","c__Tremellomycetes","o__Tremellales","f__Bulleribasidiaceae","g__Vishniacozyma","s__melezitolytica",1
"ASV_491","p__Ascomycota","c__Leotiomycetes",NA,NA,NA,NA,1
"ASV_4918","p__Ascomycota","c__Lecanoromycetes",NA,NA,NA,NA,1
"ASV_4925","p__Ascomycota","c__Dothideomycetes","o__Dothideales","f__Dothioraceae","g__Dothiora",NA,1
"ASV_493","p__Basidiomycota","c__Tremellomycetes","o__Tremellales","f__Cryptococcaceae","g__Kwoniella","s__pini",1
"ASV_4933","p__Ascomycota","c__Dothideomycetes","o__Pleosporales",NA,NA,NA,1
"ASV_4937","p__Basidiomycota","c__Agaricomycetes","o__Russulales","f__Stereaceae","g__Stereum","s__sanguinolentum",1
"ASV_494","p__Ascomycota","c__Eurotiomycetes","o__Chaetothyriales",NA,NA,NA,1
"ASV_4971","p__Basidiomycota","c__Tremellomycetes","o__Tremellales","f__Trimorphomycetaceae","g__Saitozyma",NA,1
"ASV_4975","p__Ascomycota","c__Sordariomycetes","o__Diaporthales","f__Gnomoniaceae","g__Ophiognomonia","s__rosae",1
"ASV_4981","p__Basidiomycota","c__Tremellomycetes","o__Tremellales","f__Cuniculitremaceae","g__Kockovaella",NA,1
"ASV_499","p__Ascomycota","c__Eurotiomycetes","o__Chaetothyriales","f__Epibryaceae","g__Epibryon","s__interlamellare",1
"ASV_4990","p__Ascomycota","c__Dothideomycetes","o__Dothideales","f__Saccotheciaceae","g__Aureobasidium","s__pullulans",1
"ASV_4992","p__Ascomycota","c__Lecanoromycetes","o__Caliciales",NA,NA,NA,1
"ASV_5013","p__Ascomycota","c__Sordariomycetes","o__Xylariales","f__Diatrypaceae","g__Diatrype","s__stigma",1
"ASV_5021","p__Basidiomycota","c__Exobasidiomycetes","o__Microstromatales","f__Microstromatales_fam_Incertae_sedis","g__Pseudomicrostroma","s__phylloplanum",1
"ASV_5022","p__Ascomycota","c__Sordariomycetes","o__Xylariales","f__Xylariaceae","g__Virgaria","s__nigra",1
"ASV_5036","p__Basidiomycota",NA,NA,NA,NA,NA,1
"ASV_505",NA,NA,NA,NA,NA,NA,1
"ASV_5054","p__Ascomycota","c__Dothideomycetes","o__Myriangiales","f__Myriangiaceae","g__Myriangium",NA,1
"ASV_5070","p__Basidiomycota","c__Tremellomycetes","o__Tremellales","f__Bulleraceae","g__Genolevuria",NA,1
"ASV_5071","p__Basidiomycota","c__Tremellomycetes","o__Tremellales","f__Bulleribasidiaceae","g__Dioszegia",NA,1
"ASV_508","p__Ascomycota","c__Dothideomycetes","o__Pleosporales",NA,NA,NA,1
"ASV_509","p__Basidiomycota","c__Tremellomycetes","o__Tremellales","f__Bulleribasidiaceae","g__Vishniacozyma","s__victoriae",1
"ASV_5096","p__Ascomycota","c__Sordariomycetes","o__Xylariales","f__Diatrypaceae","g__Diatrype","s__stigma",1
"ASV_5102","p__Ascomycota","c__Dothideomycetes","o__Capnodiales","f__Neoantennariellaceae","g__Cippumomyces","s__mortalis",1
"ASV_5111","p__Ascomycota","c__Sordariomycetes","o__Diaporthales","f__Stilbosporaceae","g__Stegonsporium","s__acerophilum",1
"ASV_5115","p__Ascomycota","c__Saccharomycetes","o__Saccharomycetales","f__Phaffomycetaceae","g__Wickerhamomyces","s__alni",1
"ASV_512","p__Ascomycota","c__Leotiomycetes","o__Helotiales","f__Sclerotiniaceae",NA,NA,1
"ASV_513","p__Ascomycota","c__Eurotiomycetes","o__Phaeomoniellales",NA,NA,NA,1
"ASV_5130","p__Ascomycota","c__Dothideomycetes",NA,NA,NA,NA,1
"ASV_514","p__Ascomycota","c__Sordariomycetes","o__Diaporthales","f__Valsaceae","g__Cytospora",NA,1
"ASV_5142","p__Ascomycota","c__Dothideomycetes","o__Dothideales","f__Dothioraceae","g__Dothiora",NA,1
"ASV_5158","p__Basidiomycota","c__Agaricomycetes","o__Polyporales","f__Steccherinaceae","g__Antrodiella",NA,1
"ASV_5162","p__Ascomycota","c__Sordariomycetes","o__Ophiostomatales","f__Ophiostomataceae","g__Sporothrix",NA,1
"ASV_5170","p__Ascomycota","c__Dothideomycetes","o__Dothideales","f__Dothideaceae","g__Coniozyma","s__leucospermi",1
"ASV_5213","p__Ascomycota","c__Sordariomycetes","o__Xylariales","f__Graphostromataceae","g__Biscogniauxia",NA,1
"ASV_5214","p__Ascomycota","c__Saccharomycetes","o__Saccharomycetales","f__Phaffomycetaceae","g__Wickerhamomyces","s__alni",1
"ASV_5216","p__Ascomycota","c__Eurotiomycetes","o__Eurotiales","f__Aspergillaceae","g__Penicillium",NA,1
"ASV_5218","p__Ascomycota","c__Arthoniomycetes","o__Lichenostigmatales","f__Phaeococcomycetaceae","g__Phaeococcomyces","s__eucalypti",1
"ASV_5231","p__Basidiomycota","c__Agaricomycetes","o__Polyporales","f__Steccherinaceae","g__Steccherinum","s__bourdotii",1
"ASV_525","p__Basidiomycota","c__Agaricomycetes","o__Amylocorticiales","f__Amylocorticiaceae","g__Plicaturopsis","s__crispa",1
"ASV_527","p__Ascomycota","c__Eurotiomycetes","o__Chaetothyriales","f__Epibryaceae","g__Epibryon","s__interlamellare",1
"ASV_5276","p__Ascomycota","c__Sordariomycetes","o__Hypocreales","f__Cylindriaceae","g__Cylindrium","s__corymbiae",1
"ASV_5285","p__Ascomycota","c__Taphrinomycetes","o__Taphrinales","f__Taphrinaceae","g__Taphrina",NA,1
"ASV_5297","p__Ascomycota",NA,NA,NA,NA,NA,1
"ASV_5304","p__Ascomycota","c__Sordariomycetes","o__Sordariomycetes_ord_Incertae_sedis","f__Sordariomycetes_fam_Incertae_sedis","g__Rhamphoria","s__pyriformis",1
"ASV_531","p__Ascomycota","c__Sordariomycetes","o__Xylariales","f__Diatrypaceae","g__Diatrype","s__stigma",1
"ASV_5316","p__Basidiomycota","c__Exobasidiomycetes","o__Microstromatales","f__Microstromatales_fam_Incertae_sedis","g__Pseudomicrostroma","s__phylloplanum",1
"ASV_5330","p__Ascomycota","c__Dothideomycetes","o__Dothideales","f__Saccotheciaceae","g__Aureobasidium","s__pullulans",1
"ASV_5335","p__Ascomycota","c__Dothideomycetes","o__Mycosphaerellales","f__Teratosphaeriaceae",NA,NA,1
"ASV_5338","p__Basidiomycota","c__Tremellomycetes","o__Tremellales","f__Tremellales_fam_Incertae_sedis","g__Tremellales_gen_Incertae_sedis",NA,1
"ASV_534","p__Ascomycota","c__Sordariomycetes","o__Diaporthales","f__Valsaceae","g__Valsa",NA,1
"ASV_5342","p__Ascomycota","c__Dothideomycetes","o__Mycosphaerellales","f__Mycosphaerellaceae","g__Ramularia",NA,1
"ASV_5343","p__Basidiomycota","c__Cystobasidiomycetes","o__Erythrobasidiales",NA,NA,NA,1
"ASV_5353","p__Ascomycota","c__Dothideomycetes",NA,NA,NA,NA,1
"ASV_5359","p__Ascomycota","c__Dothideomycetes","o__Pleosporales","f__Lophiotremataceae",NA,NA,1
"ASV_537","p__Ascomycota","c__Dothideomycetes","o__Dothideales","f__Dothioraceae","g__Dothiora",NA,1
"ASV_541","p__Ascomycota","c__Dothideomycetes","o__Dothideales","f__Dothioraceae","g__Dothiora",NA,1
"ASV_5414","p__Basidiomycota","c__Tremellomycetes","o__Tremellales","f__Bulleribasidiaceae","g__Dioszegia","s__fristingensis",1
"ASV_542",NA,NA,NA,NA,NA,NA,1
"ASV_5420","p__Basidiomycota","c__Exobasidiomycetes","o__Microstromatales","f__Microstromatales_fam_Incertae_sedis","g__Pseudomicrostroma","s__phylloplanum",1
"ASV_545","p__Ascomycota","c__Sordariomycetes","o__Diaporthales","f__Valsaceae","g__Cytospora",NA,1
"ASV_549",NA,NA,NA,NA,NA,NA,1
"ASV_550","p__Ascomycota","c__Sordariomycetes","o__Diaporthales","f__Cryphonectriaceae","g__Cryphonectriaceae_gen_Incertae_sedis",NA,1
"ASV_5503","p__Ascomycota","c__Lecanoromycetes","o__Lecanorales","f__Lecanoraceae","g__Lecidella","s__albida",1
"ASV_5508","p__Basidiomycota","c__Tremellomycetes","o__Tremellales","f__Cryptococcaceae","g__Kwoniella","s__pini",1
"ASV_551","p__Ascomycota","c__Sordariomycetes","o__Diaporthales","f__Valsaceae","g__Cytospora",NA,1
"ASV_5511","p__Ascomycota","c__Dothideomycetes","o__Dothideales","f__Saccotheciaceae","g__Aureobasidium","s__pullulans",1
"ASV_5528","p__Basidiomycota","c__Agaricostilbomycetes","o__Agaricostilbales","f__Chionosphaeraceae","g__Mycogloea","s__nipponica",1
"ASV_553","p__Ascomycota","c__Lecanoromycetes","o__Lecanorales","f__Scoliciosporaceae","g__Scoliciosporum","s__chlorococcum",1
"ASV_5533","p__Ascomycota","c__Dothideomycetes","o__Pleosporales",NA,NA,NA,1
"ASV_5535","p__Ascomycota","c__Eurotiomycetes","o__Chaetothyriales","f__Herpotrichiellaceae","g__Aculeata",NA,1
"ASV_5537","p__Ascomycota","c__Eurotiomycetes","o__Eurotiales","f__Aspergillaceae","g__Penicillium","s__atrosanguineum",1
"ASV_554","p__Ascomycota","c__Dothideomycetes","o__Dothideales","f__Dothideales_fam_Incertae_sedis","g__Dothideales_gen_Incertae_sedis",NA,1
"ASV_5559","p__Ascomycota","c__Lecanoromycetes",NA,NA,NA,NA,1
"ASV_5562",NA,NA,NA,NA,NA,NA,1
"ASV_5567","p__Basidiomycota","c__Agaricomycetes","o__Russulales","f__Gloeocystidiellaceae","g__Gloeocystidiellum","s__porosum",1
"ASV_5575","p__Basidiomycota","c__Agaricomycetes","o__Polyporales","f__Polyporaceae","g__Daedaleopsis","s__confragosa",1
"ASV_5578","p__Basidiomycota","c__Agaricomycetes","o__Hymenochaetales","f__Hymenochaetaceae","g__Phellinus","s__piceicola",1
"ASV_558","p__Basidiomycota","c__Agaricomycetes","o__Auriculariales","f__Exidiaceae","g__Exidia",NA,1
"ASV_5588","p__Ascomycota","c__Dothideomycetes","o__Dothideales","f__Aureobasidiaceae","g__Kabatiella",NA,1
"ASV_559","p__Ascomycota","c__Dothideomycetes","o__Dothideales","f__Saccotheciaceae","g__Aureobasidium","s__pullulans",1
"ASV_5593",NA,NA,NA,NA,NA,NA,1
"ASV_562","p__Ascomycota","c__Eurotiomycetes","o__Phaeomoniellales","f__Phaeomoniellaceae",NA,NA,1
"ASV_5622","p__Basidiomycota","c__Agaricomycetes","o__Russulales","f__Peniophoraceae","g__Peniophora",NA,1
"ASV_5630","p__Basidiomycota","c__Agaricomycetes","o__Russulales","f__Peniophoraceae","g__Peniophora",NA,1
"ASV_5637","p__Ascomycota","c__Eurotiomycetes","o__Phaeomoniellales","f__Phaeomoniellaceae","g__Nothophaeomoniella","s__ekebergiae",1
"ASV_5638",NA,NA,NA,NA,NA,NA,1
"ASV_5640","p__Ascomycota","c__Leotiomycetes","o__Helotiales","f__Tympanidaceae","g__Tympanis",NA,1
"ASV_5641","p__Ascomycota","c__Dothideomycetes","o__Pleosporales","f__Didymosphaeriaceae","g__Paracamarosporium",NA,1
"ASV_5648","p__Basidiomycota","c__Agaricomycetes","o__Hymenochaetales","f__Schizoporaceae","g__Hyphodontia","s__subalutacea",1
"ASV_5650","p__Basidiomycota","c__Agaricomycetes","o__Polyporales","f__Ganodermataceae","g__Ganoderma",NA,1
"ASV_5655","p__Ascomycota","c__Dothideomycetes","o__Dothideales","f__Saccotheciaceae","g__Aureobasidium","s__pullulans",1
"ASV_5657","p__Ascomycota","c__Dothideomycetes","o__Pleosporales","f__Lentitheciaceae","g__Lentitheciaceae_gen_Incertae_sedis",NA,1
"ASV_5681","p__Ascomycota",NA,NA,NA,NA,NA,1
"ASV_5684",NA,NA,NA,NA,NA,NA,1
"ASV_5685","p__Basidiomycota","c__Agaricomycetes","o__Russulales","f__Peniophoraceae","g__Peniophora",NA,1
"ASV_5687","p__Ascomycota","c__Eurotiomycetes","o__Chaetothyriales","f__Herpotrichiellaceae",NA,NA,1
"ASV_5689","p__Ascomycota","c__Taphrinomycetes","o__Taphrinales","f__Taphrinaceae","g__Taphrina","s__letifera",1
"ASV_569","p__Ascomycota","c__Dothideomycetes","o__Myriangiales","f__Elsinoaceae","g__Elsinoaceae_gen_Incertae_sedis",NA,1
"ASV_5690","p__Ascomycota","c__Sordariomycetes","o__Diaporthales","f__Sydowiaceae","g__Cainiella","s__borealis",1
"ASV_5695","p__Ascomycota","c__Dothideomycetes","o__Capnodiales",NA,NA,NA,1
"ASV_571","p__Ascomycota","c__Dothideomycetes","o__Capnodiales",NA,NA,NA,1
"ASV_5711","p__Ascomycota","c__Sordariomycetes","o__Diaporthales","f__Valsaceae","g__Cytospora","s__beilinensis",1
"ASV_5714","p__Ascomycota","c__Dothideomycetes","o__Capnodiales","f__Cladosporiaceae","g__Cladosporium",NA,1
"ASV_5719","p__Basidiomycota","c__Tremellomycetes","o__Tremellales","f__Cuniculitremaceae","g__Fellomyces","s__horovitziae",1
"ASV_572","p__Ascomycota",NA,NA,NA,NA,NA,1
"ASV_5727","p__Ascomycota","c__Dothideomycetes","o__Pleosporales","f__Cucurbitariaceae","g__Allocucurbitaria","s__botulispora",1
"ASV_5728","p__Ascomycota","c__Sordariomycetes","o__Diaporthales","f__Valsaceae","g__Cytospora","s__populina",1
"ASV_575","p__Ascomycota","c__Dothideomycetes","o__Pleosporales",NA,NA,NA,1
"ASV_5760","p__Basidiomycota","c__Tremellomycetes","o__Tremellales","f__Bulleribasidiaceae","g__Dioszegia","s__changbaiensis",1
"ASV_5782","p__Ascomycota","c__Eurotiomycetes","o__Eurotiales","f__Aspergillaceae","g__Penicillium","s__lividum",1
"ASV_5787","p__Ascomycota","c__Sordariomycetes",NA,NA,NA,NA,1
"ASV_58","p__Basidiomycota","c__Microbotryomycetes","o__Sporidiobolales","f__Sporidiobolaceae","g__Rhodosporidiobolus","s__colostri",1
"ASV_5803","p__Ascomycota","c__Dothideomycetes","o__Mycosphaerellales","f__Mycosphaerellaceae","g__Acrodontium","s__luzulae",1
"ASV_5811","p__Ascomycota","c__Sordariomycetes","o__Xylariales","f__Diatrypaceae","g__Diatrype","s__stigma",1
"ASV_5826","p__Ascomycota","c__Dothideomycetes","o__Pleosporales","f__Didymosphaeriaceae","g__Paracamarosporium",NA,1
"ASV_5828","p__Ascomycota",NA,NA,NA,NA,NA,1
"ASV_5855","p__Ascomycota","c__Dothideomycetes","o__Pleosporales",NA,NA,NA,1
"ASV_5856",NA,NA,NA,NA,NA,NA,1
"ASV_5861","p__Ascomycota","c__Dothideomycetes","o__Mycosphaerellales","f__Mycosphaerellaceae","g__Mycosphaerella","s__latebrosa",1
"ASV_587","p__Ascomycota","c__Leotiomycetes","o__Helotiales","f__Tympanidaceae","g__Tympanis",NA,1
"ASV_5889","p__Ascomycota","c__Sordariomycetes","o__Hypocreales","f__Hypocreales_fam_Incertae_sedis","g__Barbatosphaeria","s__dryina",1
"ASV_589","p__Ascomycota","c__Sordariomycetes","o__Xylariales","f__Diatrypaceae","g__Diatrype","s__stigma",1
"ASV_5897","p__Basidiomycota","c__Exobasidiomycetes","o__Microstromatales","f__Microstromatales_fam_Incertae_sedis","g__Pseudomicrostroma",NA,1
"ASV_590","p__Ascomycota","c__Leotiomycetes","o__Helotiales","f__Calloriaceae","g__Calloriaceae_gen_Incertae_sedis",NA,1
"ASV_5900","p__Ascomycota","c__Leotiomycetes",NA,NA,NA,NA,1
"ASV_5909","p__Basidiomycota","c__Microbotryomycetes","o__Sporidiobolales","f__Sporidiobolaceae","g__Rhodosporidiobolus","s__oreadorum",1
"ASV_5910","p__Ascomycota","c__Dothideomycetes","o__Pleosporales","f__Cucurbitariaceae",NA,NA,1
"ASV_5915","p__Basidiomycota","c__Tremellomycetes","o__Tremellales","f__Cryptococcaceae","g__Teunia",NA,1
"ASV_5930","p__Ascomycota","c__Dothideomycetes","o__Dothideales","f__Dothioraceae","g__Neodothiora","s__populina",1
"ASV_5940","p__Ascomycota","c__Eurotiomycetes","o__Ascosphaerales","f__Ascosphaeraceae","g__Ascosphaera",NA,1
"ASV_5943","p__Ascomycota","c__Dothideomycetes","o__Pleosporales","f__Pleosporales_fam_Incertae_sedis","g__Chaetophoma",NA,1
"ASV_5962","p__Ascomycota","c__Dothideomycetes","o__Dothideales","f__Dothideaceae","g__Dothidea",NA,1
"ASV_5967","p__Basidiomycota","c__Agaricomycetes","o__Polyporales","f__Phanerochaetaceae","g__Phanerochaete","s__sordida",1
"ASV_5984","p__Ascomycota","c__Leotiomycetes",NA,NA,NA,NA,1
"ASV_5989","p__Basidiomycota","c__Microbotryomycetes","o__Sporidiobolales","f__Sporidiobolaceae","g__Rhodosporidiobolus","s__colostri",1
"ASV_599","p__Ascomycota","c__Dothideomycetes","o__Dothideales","f__Dothideaceae","g__Rhizosphaera",NA,1
"ASV_5997","p__Ascomycota","c__Eurotiomycetes","o__Chaetothyriales",NA,NA,NA,1
"ASV_5999","p__Basidiomycota","c__Tremellomycetes","o__Tremellales","f__Cryptococcaceae","g__Teunia",NA,1
"ASV_601",NA,NA,NA,NA,NA,NA,1
"ASV_6014","p__Chytridiomycota","c__Spizellomycetes","o__Spizellomycetales","f__Powellomycetaceae","g__Thoreauomyces",NA,1
"ASV_6032","p__Basidiomycota","c__Tremellomycetes","o__Tremellales","f__Bulleribasidiaceae","g__Vishniacozyma",NA,1
"ASV_6033","p__Basidiomycota","c__Tremellomycetes","o__Tremellales","f__Tremellaceae","g__Tremella","s__nivalis",1
"ASV_6042","p__Ascomycota","c__Leotiomycetes","o__Helotiales","f__Helotiales_fam_Incertae_sedis","g__Cryptocline","s__arctostaphyli",1
"ASV_6044","p__Ascomycota","c__Sareomycetes","o__Sareales","f__Sareaceae","g__Sarea","s__difformis",1
"ASV_6048","p__Basidiomycota","c__Agaricomycetes","o__Hymenochaetales","f__Schizoporaceae","g__Xylodon","s__radula",1
"ASV_605","p__Basidiomycota","c__Agaricomycetes",NA,NA,NA,NA,1
"ASV_6054","p__Basidiomycota","c__Tremellomycetes","o__Filobasidiales","f__Filobasidiaceae","g__Naganishia","s__albida",1
"ASV_607","p__Ascomycota","c__Dothideomycetes","o__Pleosporales","f__Phaeosphaeriaceae","g__Septoriella","s__tridentina",1
"ASV_6079","p__Basidiomycota","c__Agaricomycetes","o__Russulales","f__Peniophoraceae","g__Peniophora","s__cinerea",1
"ASV_609","p__Ascomycota","c__Sordariomycetes","o__Hypocreales","f__Nectriaceae","g__Fusarium","s__graminearum",1
"ASV_611","p__Ascomycota","c__Dothideomycetes","o__Dothideales","f__Dothideaceae","g__Rhizosphaera",NA,1
"ASV_6110","p__Ascomycota","c__Taphrinomycetes","o__Taphrinales","f__Taphrinaceae","g__Taphrina","s__inositophila",1
"ASV_6123","p__Ascomycota","c__Dothideomycetes","o__Dothideales",NA,NA,NA,1
"ASV_6125","p__Ascomycota","c__Dothideomycetes","o__Venturiales","f__Venturiaceae","g__Venturia",NA,1
"ASV_6126","p__Ascomycota","c__Leotiomycetes","o__Helotiales","f__Sclerotiniaceae","g__Monilinia","s__ssiori",1
"ASV_6143","p__Basidiomycota","c__Exobasidiomycetes","o__Microstromatales","f__Microstromatales_fam_Incertae_sedis","g__Pseudomicrostroma","s__phylloplanum",1
"ASV_6148","p__Ascomycota","c__Dothideomycetes","o__Pleosporales","f__Lophiotremataceae","g__Atrocalyx","s__nordicus",1
"ASV_6150","p__Basidiomycota","c__Agaricomycetes","o__Hymenochaetales","f__Schizoporaceae","g__Xylodon","s__erastii",1
"ASV_6151","p__Ascomycota",NA,NA,NA,NA,NA,1
"ASV_6162","p__Basidiomycota","c__Agaricomycetes","o__Polyporales","f__Phanerochaetaceae","g__Phanerochaete","s__sordida",1
"ASV_6163","p__Ascomycota","c__Dothideomycetes","o__Botryosphaeriales","f__Melanopsaceae","g__Melanops","s__fagicola",1
"ASV_6164","p__Ascomycota","c__Lecanoromycetes","o__Lecanorales",NA,NA,NA,1
"ASV_617","p__Ascomycota",NA,NA,NA,NA,NA,1
"ASV_6170","p__Ascomycota","c__Dothideomycetes","o__Dothideales","f__Dothioraceae","g__Pringsheimia","s__smilacis",1
"ASV_6175","p__Basidiomycota","c__Exobasidiomycetes","o__Microstromatales","f__Microstromatales_fam_Incertae_sedis","g__Pseudomicrostroma","s__phylloplanum",1
"ASV_6188","p__Ascomycota","c__Eurotiomycetes","o__Verrucariales","f__Verrucariaceae","g__Verrucariaceae_gen_Incertae_sedis",NA,1
"ASV_6200","p__Basidiomycota","c__Agaricomycetes","o__Hymenochaetales","f__Schizoporaceae","g__Xylodon","s__rimosissimus",1
"ASV_6207","p__Basidiomycota","c__Exobasidiomycetes","o__Exobasidiales","f__Exobasidiaceae","g__Exobasidium",NA,1
"ASV_6210","p__Ascomycota","c__Eurotiomycetes","o__Chaetothyriales","f__Herpotrichiellaceae","g__Nadsoniella","s__nigra",1
"ASV_6237","p__Ascomycota","c__Dothideomycetes",NA,NA,NA,NA,1
"ASV_6244","p__Ascomycota","c__Dothideomycetes","o__Pleosporales","f__Pleosporales_fam_Incertae_sedis","g__Chaetophoma",NA,1
"ASV_6245","p__Ascomycota",NA,NA,NA,NA,NA,1
"ASV_6286","p__Ascomycota","c__Dothideomycetes","o__Dothideales","f__Dothideaceae",NA,NA,1
"ASV_6293","p__Ascomycota","c__Dothideomycetes","o__Pleosporales","f__Pleosporaceae","g__Pyrenophora",NA,1
"ASV_6296","p__Basidiomycota","c__Pucciniomycetes",NA,NA,NA,NA,1
"ASV_6312","p__Ascomycota","c__Leotiomycetes","o__Helotiales","f__Helotiales_fam_Incertae_sedis","g__Cryptocline","s__arctostaphyli",1
"ASV_632","p__Ascomycota","c__Dothideomycetes","o__Dothideales","f__Dothioraceae","g__Dothiora",NA,1
"ASV_6322","p__Ascomycota","c__Dothideomycetes","o__Mytilinidiales","f__Mytilinidiaceae","g__Mytilinidion","s__insulare",1
"ASV_6326","p__Ascomycota","c__Dothideomycetes","o__Pleosporales","f__Didymosphaeriaceae","g__Paracamarosporium",NA,1
"ASV_6331","p__Ascomycota","c__Sordariomycetes","o__Xylariales","f__Graphostromataceae","g__Graphostroma",NA,1
"ASV_6332","p__Ascomycota","c__Lecanoromycetes","o__Caliciales","f__Physciaceae","g__Physcia",NA,1
"ASV_634","p__Basidiomycota","c__Tremellomycetes","o__Filobasidiales","f__Filobasidiaceae","g__Filobasidiaceae_gen_Incertae_sedis",NA,1
"ASV_6349","p__Ascomycota","c__Sordariomycetes","o__Diaporthales","f__Melanconiellaceae","g__Microascospora",NA,1
"ASV_6362","p__Ascomycota","c__Dothideomycetes","o__Pleosporales","f__Cucurbitariaceae","g__Pyrenochaetopsis","s__microspora",1
"ASV_6377","p__Basidiomycota","c__Agaricomycetes","o__Agaricales","f__Schizophyllaceae","g__Schizophyllum","s__commune",1
"ASV_6387","p__Ascomycota","c__Eurotiomycetes","o__Chaetothyriales",NA,NA,NA,1
"ASV_6388","p__Ascomycota","c__Dothideomycetes","o__Pleosporales","f__Didymellaceae","g__Phoma","s__laundoniae",1
"ASV_639","p__Basidiomycota","c__Agaricomycetes","o__Agaricales","f__Schizophyllaceae","g__Schizophyllum","s__commune",1
"ASV_6390","p__Basidiomycota","c__Tremellomycetes","o__Tremellales","f__Bulleribasidiaceae","g__Vishniacozyma","s__dimennae",1
"ASV_6402","p__Ascomycota","c__Dothideomycetes",NA,NA,NA,NA,1
"ASV_6422","p__Basidiomycota","c__Agaricomycetes","o__Polyporales","f__Irpicaceae","g__Irpex","s__lacteus",1
"ASV_643","p__Basidiomycota","c__Tremellomycetes",NA,NA,NA,NA,1
"ASV_644","p__Ascomycota",NA,NA,NA,NA,NA,1
"ASV_6448","p__Basidiomycota","c__Agaricomycetes",NA,NA,NA,NA,1
"ASV_6453","p__Ascomycota","c__Dothideomycetes","o__Pleosporales","f__Lophiostomataceae","g__Lophiostomataceae_gen_Incertae_sedis",NA,1
"ASV_6462","p__Ascomycota","c__Dothideomycetes","o__Mycosphaerellales","f__Mycosphaerellaceae","g__Sphaerulina","s__pelargonii",1
"ASV_6464","p__Ascomycota",NA,NA,NA,NA,NA,1
"ASV_6470","p__Basidiomycota","c__Agaricomycetes","o__Hymenochaetales","f__Schizoporaceae","g__Xylodon",NA,1
"ASV_6488","p__Ascomycota","c__Lecanoromycetes","o__Umbilicariales","f__Umbilicariales_fam_Incertae_sedis","g__Umbilicariales_gen_Incertae_sedis",NA,1
"ASV_649",NA,NA,NA,NA,NA,NA,1
"ASV_6496","p__Basidiomycota","c__Agaricomycetes","o__Agaricales","f__Crepidotaceae",NA,NA,1
"ASV_65",NA,NA,NA,NA,NA,NA,1
"ASV_651","p__Ascomycota",NA,NA,NA,NA,NA,1
"ASV_6510",NA,NA,NA,NA,NA,NA,1
"ASV_6523","p__Ascomycota",NA,NA,NA,NA,NA,1
"ASV_6538","p__Basidiomycota","c__Exobasidiomycetes","o__Microstromatales","f__Microstromatales_fam_Incertae_sedis","g__Pseudomicrostroma","s__phylloplanum",1
"ASV_654","p__Ascomycota","c__Dothideomycetes","o__Pleosporales",NA,NA,NA,1
"ASV_6546","p__Ascomycota","c__Taphrinomycetes","o__Taphrinales","f__Taphrinaceae","g__Taphrina","s__letifera",1
"ASV_6557","p__Basidiomycota","c__Tremellomycetes","o__Cystofilobasidiales","f__Mrakiaceae","g__Krasilnikovozyma","s__huempii",1
"ASV_6558","p__Ascomycota","c__Dothideomycetes","o__Mycosphaerellales","f__Mycosphaerellaceae","g__Acrodontium","s__luzulae",1
"ASV_6559","p__Ascomycota","c__Eurotiomycetes","o__Chaetothyriales","f__Herpotrichiellaceae",NA,NA,1
"ASV_657","p__Ascomycota","c__Eurotiomycetes","o__Phaeomoniellales","f__Phaeomoniellaceae",NA,NA,1
"ASV_658","p__Ascomycota","c__Sordariomycetes","o__Xylariales","f__Diatrypaceae",NA,NA,1
"ASV_6580","p__Basidiomycota","c__Agaricomycetes","o__Polyporales",NA,NA,NA,1
"ASV_6583","p__Chytridiomycota","c__Spizellomycetes","o__Spizellomycetales","f__Spizellomycetales_fam_Incertae_sedis","g__Spizellomycetales_gen_Incertae_sedis",NA,1
"ASV_6589","p__Basidiomycota","c__Agaricomycetes","o__Russulales","f__Peniophoraceae","g__Peniophora",NA,1
"ASV_6591","p__Ascomycota","c__Arthoniomycetes","o__Arthoniales","f__Opegraphaceae","g__Opegrapha","s__vermicellifera",1
"ASV_6598","p__Basidiomycota","c__Tremellomycetes","o__Tremellales","f__Bulleraceae","g__Pseudotremella","s__moriformis",1
"ASV_6599","p__Ascomycota","c__Dothideomycetes","o__Mycosphaerellales","f__Mycosphaerellaceae","g__Sphaerulina","s__pelargonii",1
"ASV_6606","p__Basidiomycota","c__Tremellomycetes","o__Tremellales","f__Bulleraceae","g__Genolevuria",NA,1
"ASV_6633","p__Ascomycota","c__Sordariomycetes","o__Xylariales","f__Diatrypaceae",NA,NA,1
"ASV_6645","p__Ascomycota","c__Leotiomycetes","o__Rhytismatales","f__Rhytismataceae","g__Coccomyces","s__triangularis",1
"ASV_6646","p__Ascomycota","c__Dothideomycetes","o__Dothideales","f__Dothioraceae","g__Kabatina",NA,1
"ASV_665","p__Basidiomycota","c__Agaricomycetes","o__Polyporales","f__Fomitopsidaceae","g__Piptoporus","s__betulinus",1
"ASV_6661","p__Basidiomycota","c__Agaricomycetes","o__Russulales","f__Peniophoraceae","g__Peniophora","s__cinerea",1
"ASV_6665","p__Ascomycota","c__Dothideomycetes","o__Dothideales","f__Saccotheciaceae","g__Aureobasidium",NA,1
"ASV_667","p__Ascomycota","c__Sordariomycetes","o__Hypocreales","f__Nectriaceae","g__Nectria","s__cinnabarina",1
"ASV_6671","p__Basidiomycota","c__Agaricostilbomycetes","o__Agaricostilbales","f__Chionosphaeraceae",NA,NA,1
"ASV_6674","p__Ascomycota","c__Eurotiomycetes","o__Eurotiales","f__Aspergillaceae","g__Penicillium","s__atrosanguineum",1
"ASV_669","p__Ascomycota","c__Dothideomycetes","o__Pleosporales","f__Cucurbitariaceae","g__Parafenestella","s__ontariensis",1
"ASV_6698","p__Ascomycota","c__Lecanoromycetes","o__Lecanorales",NA,NA,NA,1
"ASV_67","p__Basidiomycota","c__Microbotryomycetes","o__Microbotryomycetes_ord_Incertae_sedis","f__Microbotryomycetes_fam_Incertae_sedis","g__Curvibasidium",NA,1
"ASV_671","p__Ascomycota","c__Dothideomycetes","o__Pleosporales","f__Phaeosphaeriaceae","g__Muriphaeosphaeria","s__viburni",1
"ASV_6711","p__Ascomycota","c__Dothideomycetes","o__Dothideales","f__Dothioraceae","g__Dothiora",NA,1
"ASV_6715","p__Ascomycota","c__Leotiomycetes","o__Helotiales",NA,NA,NA,1
"ASV_6739","p__Ascomycota","c__Dothideomycetes","o__Dothideales","f__Dothioraceae","g__Dothiora",NA,1
"ASV_674","p__Ascomycota","c__Dothideomycetes","o__Mycosphaerellales","f__Mycosphaerellaceae","g__Acrodontium","s__crateriforme",1
"ASV_6747","p__Basidiomycota","c__Tremellomycetes","o__Tremellales","f__Bulleraceae","g__Fonsecazyma",NA,1
"ASV_6773","p__Ascomycota","c__Sordariomycetes","o__Xylariales",NA,NA,NA,1
"ASV_678","p__Ascomycota",NA,NA,NA,NA,NA,1
"ASV_6786","p__Ascomycota",NA,NA,NA,NA,NA,1
"ASV_68","p__Ascomycota","c__Leotiomycetes","o__Helotiales","f__Helotiales_fam_Incertae_sedis","g__Cryptocline","s__arctostaphyli",1
"ASV_680","p__Ascomycota","c__Dothideomycetes","o__Pleosporales","f__Didymosphaeriaceae","g__Paracamarosporium",NA,1
"ASV_681","p__Ascomycota","c__Eurotiomycetes",NA,NA,NA,NA,1
"ASV_6820","p__Ascomycota","c__Eurotiomycetes","o__Eurotiales","f__Aspergillaceae","g__Penicillium","s__dierckxii",1
"ASV_684","p__Basidiomycota","c__Exobasidiomycetes","o__Microstromatales","f__Microstromatales_fam_Incertae_sedis","g__Pseudomicrostroma",NA,1
"ASV_686","p__Ascomycota",NA,NA,NA,NA,NA,1
"ASV_6896","p__Chytridiomycota","c__Spizellomycetes","o__Spizellomycetales","f__Spizellomycetales_fam_Incertae_sedis","g__Spizellomycetales_gen_Incertae_sedis",NA,1
"ASV_6909","p__Basidiomycota","c__Microbotryomycetes","o__Sporidiobolales","f__Sporidiobolaceae","g__Rhodosporidiobolus","s__colostri",1
"ASV_6926","p__Basidiomycota","c__Agaricomycetes","o__Polyporales","f__Polyporales_fam_Incertae_sedis","g__Diplomitoporus","s__crustulinus",1
"ASV_6974","p__Basidiomycota","c__Agaricomycetes","o__Polyporales","f__Steccherinaceae","g__Steccherinum","s__tenuissimum",1
"ASV_6977","p__Ascomycota","c__Leotiomycetes","o__Phacidiales","f__Phacidiaceae","g__Phacidium","s__lacerum",1
"ASV_698","p__Basidiomycota","c__Agaricomycetes","o__Polyporales","f__Phanerochaetaceae","g__Bjerkandera","s__adusta",1
"ASV_699","p__Ascomycota","c__Eurotiomycetes","o__Coryneliales","f__Coryneliaceae","g__Coryneliaceae_gen_Incertae_sedis",NA,1
"ASV_7","p__Ascomycota","c__Dothideomycetes","o__Dothideales","f__Dothioraceae","g__Dothiora",NA,1
"ASV_7004","p__Basidiomycota","c__Microbotryomycetes","o__Microbotryomycetes_ord_Incertae_sedis","f__Microbotryomycetes_fam_Incertae_sedis","g__Curvibasidium",NA,1
"ASV_701","p__Ascomycota","c__Dothideomycetes","o__Dothideales",NA,NA,NA,1
"ASV_702","p__Ascomycota","c__Dothideomycetes","o__Pleosporales","f__Phaeosphaeriaceae","g__Acericola","s__italica",1
"ASV_703","p__Ascomycota","c__Sordariomycetes","o__Xylariales","f__Diatrypaceae","g__Diatrype","s__stigma",1
"ASV_7035","p__Ascomycota","c__Eurotiomycetes","o__Verrucariales","f__Verrucariaceae","g__Verrucariaceae_gen_Incertae_sedis",NA,1
"ASV_7046","p__Ascomycota",NA,NA,NA,NA,NA,1
"ASV_7058","p__Ascomycota","c__Sordariomycetes","o__Amphisphaeriales","f__Pestalotiopsidaceae","g__Pestalotiopsis","s__eleutherococci",1
"ASV_709","p__Ascomycota","c__Dothideomycetes","o__Dothideales","f__Dothideaceae","g__Rhizosphaera",NA,1
"ASV_7092","p__Ascomycota","c__Eurotiomycetes","o__Mycocaliciales","f__Mycocaliciaceae","g__Chaenothecopsis",NA,1
"ASV_7099","p__Ascomycota",NA,NA,NA,NA,NA,1
"ASV_7112","p__Basidiomycota","c__Agaricomycetes","o__Hymenochaetales","f__Hymenochaetales_fam_Incertae_sedis","g__Trichaptum","s__abietinum",1
"ASV_7123","p__Ascomycota","c__Dothideomycetes","o__Pleosporales","f__Pleosporaceae","g__Comoclathris","s__typhicola",1
"ASV_7129","p__Ascomycota","c__Eurotiomycetes","o__Eurotiales","f__Elaphomycetaceae","g__Elaphomyces",NA,1
"ASV_7138","p__Basidiomycota","c__Agaricomycetes","o__Corticiales","f__Corticiaceae","g__Mycobernardia","s__incrustans",1
"ASV_7183","p__Basidiomycota","c__Agaricomycetes","o__Polyporales","f__Irpicaceae","g__Irpex","s__lacteus",1
"ASV_7193","p__Ascomycota","c__Dothideomycetes","o__Pleosporales","f__Didymosphaeriaceae","g__Tremateia","s__chromolaenae",1
"ASV_7194","p__Ascomycota",NA,NA,NA,NA,NA,1
"ASV_72","p__Ascomycota","c__Sordariomycetes","o__Hypocreales","f__Nectriaceae","g__Thyronectria",NA,1
"ASV_7206","p__Basidiomycota","c__Tremellomycetes","o__Tremellales","f__Tremellales_fam_Incertae_sedis","g__Tremellales_gen_Incertae_sedis",NA,1
"ASV_7208","p__Basidiomycota","c__Agaricomycetes","o__Hymenochaetales","f__Hymenochaetaceae","g__Phellinus","s__pomaceoides",1
"ASV_721",NA,NA,NA,NA,NA,NA,1
"ASV_7221","p__Ascomycota","c__Dothideomycetes","o__Pleosporales","f__Didymosphaeriaceae","g__Paracamarosporium",NA,1
"ASV_7246","p__Basidiomycota","c__Agaricomycetes","o__Polyporales","f__Fomitopsidaceae","g__Cinereomyces","s__lindbladii",1
"ASV_725","p__Ascomycota","c__Dothideomycetes","o__Dothideales","f__Saccotheciaceae","g__Aureobasidium","s__pullulans",1
"ASV_726","p__Ascomycota","c__Dothideomycetes","o__Mycosphaerellales","f__Mycosphaerellaceae","g__Pachyramichloridium","s__pini",1
"ASV_7263",NA,NA,NA,NA,NA,NA,1
"ASV_7264","p__Basidiomycota","c__Tremellomycetes","o__Tremellales",NA,NA,NA,1
"ASV_728","p__Basidiomycota","c__Tremellomycetes",NA,NA,NA,NA,1
"ASV_7286","p__Ascomycota","c__Dothideomycetes","o__Pleosporales",NA,NA,NA,1
"ASV_729","p__Ascomycota","c__Dothideomycetes",NA,NA,NA,NA,1
"ASV_7295","p__Ascomycota","c__Dothideomycetes","o__Mycosphaerellales","f__Mycosphaerellaceae","g__Sphaerulina","s__pelargonii",1
"ASV_7306","p__Ascomycota","c__Leotiomycetes","o__Helotiales","f__Helotiaceae","g__Claussenomyces","s__olivaceus",1
"ASV_732","p__Ascomycota","c__Dothideomycetes","o__Capnodiales","f__Capnodiales_fam_Incertae_sedis","g__Capnodiales_gen_Incertae_sedis",NA,1
"ASV_7334","p__Basidiomycota","c__Agaricomycetes","o__Agaricales","f__Mycenaceae","g__Mycena",NA,1
"ASV_734","p__Ascomycota",NA,NA,NA,NA,NA,1
"ASV_7347","p__Ascomycota",NA,NA,NA,NA,NA,1
"ASV_7348","p__Ascomycota",NA,NA,NA,NA,NA,1
"ASV_736","p__Ascomycota","c__Leotiomycetes","o__Helotiales","f__Dermateaceae",NA,NA,1
"ASV_7371","p__Ascomycota","c__Sordariomycetes","o__Diaporthales","f__Valsaceae","g__Cytospora",NA,1
"ASV_7376","p__Ascomycota","c__Dothideomycetes","o__Pleosporales",NA,NA,NA,1
"ASV_738","p__Ascomycota","c__Sordariomycetes","o__Diaporthales","f__Gnomoniaceae","g__Plagiostoma",NA,1
"ASV_74","p__Basidiomycota","c__Tremellomycetes","o__Trichosporonales","f__Trichosporonaceae","g__Trichosporon","s__asahii",1
"ASV_7414","p__Basidiomycota","c__Agaricomycetes","o__Polyporales","f__Polyporaceae","g__Rhodonia","s__placenta",1
"ASV_7415","p__Ascomycota","c__Eurotiomycetes","o__Chaetothyriales","f__Herpotrichiellaceae","g__Neocladophialophora","s__quercina",1
"ASV_742","p__Ascomycota","c__Saccharomycetes","o__Saccharomycetales","f__Pichiaceae","g__Nakazawaea","s__ishiwadae",1
"ASV_7445","p__Ascomycota","c__Dothideomycetes","o__Myriangiales","f__Endosporiaceae","g__Endosporium",NA,1
"ASV_7446","p__Ascomycota",NA,NA,NA,NA,NA,1
"ASV_7449","p__Ascomycota","c__Dothideomycetes","o__Mycosphaerellales","f__Teratosphaeriaceae",NA,NA,1
"ASV_7450","p__Ascomycota",NA,NA,NA,NA,NA,1
"ASV_7473","p__Ascomycota","c__Eurotiomycetes","o__Chaetothyriales","f__Herpotrichiellaceae","g__Capronia","s__acutiseta",1
"ASV_7510","p__Ascomycota","c__Dothideomycetes","o__Dothideales","f__Dothideales_fam_Incertae_sedis","g__Dothideales_gen_Incertae_sedis",NA,1
"ASV_754","p__Ascomycota","c__Dothideomycetes","o__Capnodiales","f__Neoantennariellaceae","g__Cippumomyces","s__mortalis",1
"ASV_7548","p__Ascomycota","c__Dothideomycetes","o__Dothideales","f__Saccotheciaceae","g__Aureobasidium","s__pullulans",1
"ASV_755","p__Ascomycota","c__Leotiomycetes","o__Rhytismatales","f__Rhytismataceae","g__Lophodermium","s__nitens",1
"ASV_7558",NA,NA,NA,NA,NA,NA,1
"ASV_7623","p__Ascomycota","c__Dothideomycetes","o__Patellariales","f__Patellariaceae","g__Rhizodiscina","s__lignyota",1
"ASV_7631","p__Ascomycota","c__Dothideomycetes","o__Dothideales","f__Aureobasidiaceae","g__Kabatiella",NA,1
"ASV_7646","p__Ascomycota",NA,NA,NA,NA,NA,1
"ASV_7659","p__Ascomycota","c__Sordariomycetes","o__Togniniales","f__Togniniaceae","g__Phaeoacremonium","s__angustius",1
"ASV_7660","p__Ascomycota","c__Eurotiomycetes","o__Sclerococcales","f__Dactylosporaceae","g__Dactylospora",NA,1
"ASV_768","p__Ascomycota","c__Sordariomycetes","o__Xylariales","f__Diatrypaceae","g__Diatrypella","s__atlantica",1
"ASV_7689",NA,NA,NA,NA,NA,NA,1
"ASV_7704","p__Ascomycota","c__Eurotiomycetes","o__Chaetothyriales","f__Herpotrichiellaceae","g__Rhinocladiella","s__quercus",1
"ASV_7705","p__Ascomycota","c__Leotiomycetes","o__Helotiales","f__Hyaloscyphaceae","g__Lachnum","s__virgineum",1
"ASV_7707","p__Ascomycota","c__Dothideomycetes","o__Myriangiales","f__Myriangiaceae","g__Myriangium",NA,1
"ASV_771","p__Ascomycota","c__Dothideomycetes","o__Dothideales","f__Dothioraceae","g__Dothiora",NA,1
"ASV_7712","p__Basidiomycota","c__Tremellomycetes","o__Tremellales","f__Carcinomycetaceae","g__Carcinomycetaceae_gen_Incertae_sedis",NA,1
"ASV_772","p__Ascomycota","c__Eurotiomycetes","o__Chaetothyriales","f__Herpotrichiellaceae","g__Exophiala",NA,1
"ASV_773","p__Ascomycota","c__Leotiomycetes","o__Helotiales","f__Helotiales_fam_Incertae_sedis","g__Cryptocline","s__arctostaphyli",1
"ASV_776","p__Ascomycota","c__Sordariomycetes","o__Diaporthales","f__Valsaceae","g__Cytospora",NA,1
"ASV_778","p__Basidiomycota","c__Agaricomycetes","o__Polyporales","f__Cerrenaceae","g__Cerrena","s__aurantiopora",1
"ASV_7782","p__Basidiomycota","c__Tremellomycetes","o__Tremellales","f__Tremellaceae","g__Tremella","s__encephala",1
"ASV_7791","p__Basidiomycota","c__Tremellomycetes","o__Tremellales","f__Tremellaceae","g__Tremellaceae_gen_Incertae_sedis",NA,1
"ASV_7792","p__Ascomycota","c__Eurotiomycetes","o__Chaetothyriales","f__Epibryaceae","g__Epibryon","s__interlamellare",1
"ASV_780","p__Ascomycota","c__Leotiomycetes","o__Phacidiales","f__Phacidiaceae","g__Phacidium","s__lacerum",1
"ASV_7806","p__Ascomycota",NA,NA,NA,NA,NA,1
"ASV_7820","p__Basidiomycota","c__Agaricomycetes","o__Russulales","f__Peniophoraceae","g__Peniophora","s__crassitunicata",1
"ASV_7825","p__Ascomycota","c__Leotiomycetes","o__Marthamycetales","f__Marthamycetaceae","g__Propolis",NA,1
"ASV_7839","p__Basidiomycota","c__Agaricomycetes","o__Agaricales","f__Mycenaceae","g__Mycena","s__meliigena",1
"ASV_7840","p__Basidiomycota","c__Agaricomycetes","o__Russulales","f__Auriscalpiaceae","g__Artomyces","s__pyxidatus",1
"ASV_7861","p__Basidiomycota","c__Agaricomycetes","o__Polyporales","f__Phanerochaetaceae","g__Bjerkandera","s__adusta",1
"ASV_7880","p__Ascomycota",NA,NA,NA,NA,NA,1
"ASV_789","p__Basidiomycota","c__Agaricomycetes","o__Agaricales","f__Psathyrellaceae","g__Coprinellus","s__micaceus",1
"ASV_7891","p__Basidiomycota","c__Agaricomycetes","o__Russulales","f__Peniophoraceae","g__Peniophora","s__cinerea",1
"ASV_790","p__Ascomycota","c__Dothideomycetes","o__Pleosporales","f__Pleosporales_fam_Incertae_sedis","g__Chaetophoma",NA,1
"ASV_7909","p__Ascomycota","c__Sordariomycetes","o__Xylariales","f__Diatrypaceae","g__Diatrype","s__stigma",1
"ASV_791","p__Basidiomycota","c__Agaricomycetes","o__Polyporales","f__Meripilaceae","g__Rigidoporus","s__pouzarii",1
"ASV_7916","p__Ascomycota",NA,NA,NA,NA,NA,1
"ASV_792","p__Basidiomycota","c__Agaricomycetes","o__Polyporales","f__Polyporaceae","g__Fomes","s__fomentarius",1
"ASV_7926","p__Basidiomycota","c__Agaricomycetes","o__Polyporales","f__Fomitopsidaceae","g__Brunneoporus","s__cyclopis",1
"ASV_7949","p__Ascomycota",NA,NA,NA,NA,NA,1
"ASV_798","p__Ascomycota","c__Leotiomycetes","o__Helotiales","f__Sclerotiniaceae","g__Botrytis","s__caroliniana",1
"ASV_7981","p__Ascomycota","c__Taphrinomycetes","o__Taphrinales","f__Taphrinaceae","g__Taphrina",NA,1
"ASV_7985","p__Basidiomycota","c__Microbotryomycetes","o__Microbotryomycetes_ord_Incertae_sedis","f__Chrysozymaceae","g__Trigonosporomyces",NA,1
"ASV_800","p__Ascomycota","c__Dothideomycetes","o__Pleosporales",NA,NA,NA,1
"ASV_8002","p__Basidiomycota","c__Agaricomycetes","o__Agaricales","f__Tricholomataceae","g__Resupinatus","s__americanus",1
"ASV_8004","p__Ascomycota","c__Sordariomycetes","o__Togniniales","f__Togniniaceae","g__Phaeoacremonium",NA,1
"ASV_8039","p__Basidiomycota","c__Agaricomycetes","o__Russulales","f__Peniophoraceae","g__Peniophora",NA,1
"ASV_806","p__Basidiomycota","c__Agaricomycetes","o__Auriculariales","f__Exidiaceae","g__Exidia","s__glandulosa",1
"ASV_8061","p__Basidiomycota","c__Agaricomycetes","o__Agaricales","f__Radulomycetaceae","g__Radulomyces","s__molaris",1
"ASV_8063","p__Ascomycota","c__Dothideomycetes","o__Dothideales","f__Saccotheciaceae","g__Aureobasidium",NA,1
"ASV_807","p__Ascomycota","c__Sordariomycetes","o__Xylariales","f__Diatrypaceae","g__Diatrype","s__stigma",1
"ASV_8076","p__Basidiomycota","c__Agaricomycetes","o__Agaricales","f__Pleurotaceae","g__Hohenbuehelia","s__canadensis",1
"ASV_8077","p__Ascomycota","c__Taphrinomycetes","o__Taphrinales","f__Taphrinaceae","g__Taphrina","s__inositophila",1
"ASV_8078","p__Ascomycota","c__Dothideomycetes","o__Pleosporales","f__Cucurbitariaceae","g__Parafenestella",NA,1
"ASV_809","p__Basidiomycota","c__Tremellomycetes","o__Tremellales","f__Bulleraceae","g__Fonsecazyma",NA,1
"ASV_8091","p__Ascomycota","c__Dothideomycetes","o__Mycosphaerellales","f__Mycosphaerellaceae","g__Ramularia",NA,1
"ASV_8098",NA,NA,NA,NA,NA,NA,1
"ASV_81","p__Ascomycota","c__Sordariomycetes","o__Diaporthales","f__Valsaceae","g__Cytospora","s__beilinensis",1
"ASV_8116","p__Basidiomycota","c__Agaricomycetes","o__Polyporales","f__Meruliaceae","g__Phlebia","s__subserialis",1
"ASV_8122","p__Ascomycota","c__Leotiomycetes","o__Helotiales","f__Dermateaceae","g__Cryptosporiopsis",NA,1
"ASV_813","p__Ascomycota","c__Sordariomycetes","o__Xylariales","f__Diatrypaceae","g__Diatrype","s__stigma",1
"ASV_8154","p__Basidiomycota","c__Exobasidiomycetes","o__Entylomatales","f__Entylomataceae","g__Tilletiopsis","s__washingtonensis",1
"ASV_816","p__Ascomycota","c__Eurotiomycetes","o__Chaetothyriales",NA,NA,NA,1
"ASV_8174","p__Basidiomycota","c__Agaricomycetes","o__Polyporales","f__Phanerochaetaceae","g__Phanerochaete","s__rhodella",1
"ASV_8177","p__Basidiomycota","c__Agaricomycetes","o__Agaricales","f__Psathyrellaceae","g__Coprinopsis","s__cinerea",1
"ASV_8181","p__Ascomycota","c__Sordariomycetes","o__Xylariales","f__Diatrypaceae","g__Eutypella","s__cerviculata",1
"ASV_8186","p__Basidiomycota","c__Tremellomycetes","o__Tremellales","f__Cryptococcaceae","g__Kwoniella","s__mangrovensis",1
"ASV_8210","p__Basidiomycota","c__Agaricomycetes","o__Polyporales","f__Incrustoporiaceae","g__Skeletocutis","s__kuehneri",1
"ASV_8220","p__Ascomycota","c__Eurotiomycetes","o__Phaeomoniellales","f__Phaeomoniellaceae","g__Xenocylindrosporium",NA,1
"ASV_8231","p__Basidiomycota","c__Agaricomycetes","o__Russulales","f__Peniophoraceae","g__Peniophora","s__cinerea",1
"ASV_8239","p__Ascomycota","c__Sordariomycetes","o__Sordariomycetes_ord_Incertae_sedis","f__Sordariomycetes_fam_Incertae_sedis","g__Rhamphoria","s__pyriformis",1
"ASV_8248","p__Ascomycota","c__Dothideomycetes","o__Mycosphaerellales","f__Mycosphaerellaceae","g__Ramularia",NA,1
"ASV_826",NA,NA,NA,NA,NA,NA,1
"ASV_8288","p__Ascomycota","c__Leotiomycetes","o__Helotiales","f__Cordieritidaceae","g__Rhymbocarpus","s__pertusariae",1
"ASV_8306","p__Ascomycota",NA,NA,NA,NA,NA,1
"ASV_831","p__Basidiomycota","c__Tremellomycetes",NA,NA,NA,NA,1
"ASV_8332","p__Ascomycota","c__Sordariomycetes","o__Hypocreales","f__Clavicipitaceae","g__Metapochonia",NA,1
"ASV_8340","p__Basidiomycota","c__Cystobasidiomycetes","o__Cystobasidiales","f__Cystobasidiaceae","g__Cystobasidium","s__pinicola",1
"ASV_835","p__Ascomycota","c__Leotiomycetes",NA,NA,NA,NA,1
"ASV_8352","p__Ascomycota","c__Sordariomycetes","o__Hypocreales","f__Hypocreales_fam_Incertae_sedis","g__Barbatosphaeria","s__arboricola",1
"ASV_8381","p__Ascomycota","c__Pezizomycetes","o__Pezizales","f__Pyronemataceae","g__Geopyxis","s__carbonaria",1
"ASV_8396","p__Ascomycota","c__Sordariomycetes","o__Diaporthales","f__Valsaceae","g__Valsa",NA,1
"ASV_84","p__Ascomycota","c__Dothideomycetes","o__Capnodiales","f__Cladosporiaceae","g__Cladosporium","s__herbarum",1
"ASV_8409","p__Ascomycota","c__Dothideomycetes","o__Myriangiales","f__Myriangiaceae","g__Myriangium","s__duriaei",1
"ASV_841","p__Ascomycota","c__Leotiomycetes","o__Helotiales","f__Sclerotiniaceae",NA,NA,1
"ASV_8415","p__Ascomycota","c__Sordariomycetes","o__Coronophorales","f__Scortechiniaceae","g__Yuxiensis","s__granularis",1
"ASV_8438","p__Ascomycota","c__Dothideomycetes","o__Capnodiales","f__Capnodiales_fam_Incertae_sedis","g__Capnodiales_gen_Incertae_sedis",NA,1
"ASV_8458","p__Ascomycota","c__Dothideomycetes","o__Dothideales","f__Saccotheciaceae","g__Aureobasidium",NA,1
"ASV_8465",NA,NA,NA,NA,NA,NA,1
"ASV_8474",NA,NA,NA,NA,NA,NA,1
"ASV_8482","p__Basidiomycota","c__Agaricomycetes","o__Russulales","f__Peniophoraceae","g__Peniophora","s__cinerea",1
"ASV_8486","p__Ascomycota",NA,NA,NA,NA,NA,1
"ASV_8489","p__Ascomycota","c__Dothideomycetes",NA,NA,NA,NA,1
"ASV_85","p__Ascomycota","c__Sordariomycetes","o__Diaporthales","f__Valsaceae","g__Cytospora","s__beilinensis",1
"ASV_8549","p__Ascomycota","c__Taphrinomycetes","o__Taphrinales","f__Taphrinaceae","g__Taphrina",NA,1
"ASV_856","p__Ascomycota","c__Lecanoromycetes","o__Lecanorales",NA,NA,NA,1
"ASV_8569","p__Ascomycota","c__Taphrinomycetes","o__Taphrinales","f__Taphrinaceae","g__Taphrina",NA,1
"ASV_8587","p__Basidiomycota","c__Agaricomycetes","o__Agaricales","f__Mycenaceae","g__Mycena","s__alcalina",1
"ASV_8591","p__Ascomycota","c__Dothideomycetes","o__Capnodiales","f__Neoantennariellaceae","g__Cippumomyces","s__mortalis",1
"ASV_860","p__Basidiomycota","c__Agaricomycetes","o__Agaricales","f__Entolomataceae","g__Entoloma","s__paraconferendum",1
"ASV_8616","p__Ascomycota","c__Dothideomycetes","o__Mycosphaerellales","f__Mycosphaerellaceae","g__Zymoseptoria",NA,1
"ASV_8639","p__Ascomycota","c__Dothideomycetes","o__Pleosporales","f__Lophiotremataceae","g__Lophiotrema","s__nucula",1
"ASV_864","p__Ascomycota","c__Lecanoromycetes","o__Lecanorales",NA,NA,NA,1
"ASV_8655","p__Basidiomycota","c__Tremellomycetes","o__Tremellales","f__Naemateliaceae","g__Dimennazyma","s__cisti-albidi",1
"ASV_8658","p__Basidiomycota","c__Agaricomycetes","o__Polyporales","f__Irpicaceae",NA,NA,1
"ASV_8678",NA,NA,NA,NA,NA,NA,1
"ASV_8703","p__Ascomycota",NA,NA,NA,NA,NA,1
"ASV_8708","p__Basidiomycota","c__Agaricomycetes","o__Polyporales","f__Ganodermataceae","g__Ganoderma",NA,1
"ASV_871","p__Ascomycota","c__Dothideomycetes","o__Mycosphaerellales","f__Mycosphaerellaceae","g__Geastrumia","s__polystigmatis",1
"ASV_8722","p__Basidiomycota","c__Agaricomycetes","o__Polyporales","f__Meruliaceae","g__Meruliaceae_gen_Incertae_sedis",NA,1
"ASV_8747","p__Basidiomycota","c__Agaricomycetes","o__Russulales","f__Peniophoraceae","g__Peniophora","s__cinerea",1
"ASV_8751","p__Ascomycota","c__Sordariomycetes","o__Hypocreales","f__Nectriaceae","g__Cosmospora","s__viridescens",1
"ASV_8753","p__Ascomycota","c__Dothideomycetes",NA,NA,NA,NA,1
"ASV_8758","p__Basidiomycota","c__Tremellomycetes","o__Tremellales","f__Sirobasidiaceae","g__Sirobasidium","s__brefeldianum",1
"ASV_8772","p__Basidiomycota","c__Dacrymycetes","o__Dacrymycetales","f__Dacrymycetaceae","g__Dacrymyces","s__chrysospermus",1
"ASV_8773","p__Ascomycota","c__Leotiomycetes","o__Helotiales","f__Dermateaceae",NA,NA,1
"ASV_878","p__Ascomycota","c__Dothideomycetes","o__Pleosporales","f__Pleosporaceae","g__Alternaria","s__metachromatica",1
"ASV_8780","p__Basidiomycota","c__Agaricomycetes","o__Polyporales","f__Ganodermataceae","g__Ganoderma",NA,1
"ASV_8783","p__Ascomycota","c__Saccharomycetes","o__Saccharomycetales","f__Saccharomycopsidaceae",NA,NA,1
"ASV_879","p__Basidiomycota","c__Agaricomycetes","o__Auriculariales","f__Exidiaceae","g__Exidia",NA,1
"ASV_8792","p__Basidiomycota","c__Agaricomycetes","o__Hymenochaetales","f__Hymenochaetaceae","g__Hydnoporia","s__rimosa",1
"ASV_88","p__Ascomycota","c__Sordariomycetes","o__Diaporthales","f__Valsaceae","g__Valsa",NA,1
"ASV_882","p__Ascomycota","c__Dothideomycetes","o__Pleosporales","f__Phaeosphaeriaceae","g__Neosetophoma",NA,1
"ASV_8841","p__Basidiomycota","c__Agaricomycetes","o__Hymenochaetales","f__Tubulicrinaceae","g__Tubulicrinis","s__accedens",1
"ASV_885","p__Ascomycota","c__Dothideomycetes","o__Dothideales","f__Aureobasidiaceae","g__Kabatiella",NA,1
"ASV_886","p__Ascomycota","c__Lecanoromycetes","o__Lecanorales",NA,NA,NA,1
"ASV_888","p__Ascomycota","c__Leotiomycetes","o__Phacidiales","f__Phacidiaceae","g__Phacidium","s__lacerum",1
"ASV_8883","p__Ascomycota","c__Lecanoromycetes","o__Caliciales","f__Physciaceae","g__Physcia","s__aipolia",1
"ASV_8885","p__Ascomycota","c__Dothideomycetes","o__Dothideales","f__Dothioraceae","g__Hormonema","s__macrosporum",1
"ASV_8886","p__Ascomycota","c__Dothideomycetes","o__Capnodiales","f__Neoantennariellaceae","g__Cippumomyces","s__mortalis",1
"ASV_8888","p__Ascomycota","c__Taphrinomycetes","o__Taphrinales","f__Taphrinaceae","g__Taphrina",NA,1
"ASV_8936","p__Ascomycota","c__Dothideomycetes","o__Venturiales",NA,NA,NA,1
"ASV_8948","p__Ascomycota",NA,NA,NA,NA,NA,1
"ASV_8959","p__Basidiomycota","c__Exobasidiomycetes","o__Microstromatales","f__Microstromatales_fam_Incertae_sedis","g__Pseudomicrostroma","s__phylloplanum",1
"ASV_896","p__Ascomycota","c__Dothideomycetes","o__Pleosporales","f__Cucurbitariaceae",NA,NA,1
"ASV_8980","p__Ascomycota","c__Dothideomycetes","o__Dothideales",NA,NA,NA,1
"ASV_8989","p__Ascomycota","c__Lecanoromycetes",NA,NA,NA,NA,1
"ASV_8991","p__Ascomycota","c__Eurotiomycetes","o__Verrucariales","f__Verrucariaceae","g__Verrucariaceae_gen_Incertae_sedis",NA,1
"ASV_90","p__Ascomycota","c__Taphrinomycetes","o__Taphrinales","f__Taphrinaceae","g__Taphrina",NA,1
"ASV_9006","p__Ascomycota","c__Dothideomycetes","o__Pleosporales","f__Melanommataceae",NA,NA,1
"ASV_9039","p__Mucoromycota","c__Mucoromycetes","o__Mucorales","f__Mucoraceae","g__Mucor","s__hiemalis",1
"ASV_9053","p__Ascomycota","c__Lecanoromycetes","o__Ostropales","f__Spirographaceae","g__Spirographa","s__fusisporella",1
"ASV_906","p__Ascomycota","c__Dothideomycetes","o__Capnodiales","f__Capnodiales_fam_Incertae_sedis","g__Capnodiales_gen_Incertae_sedis",NA,1
"ASV_9065","p__Ascomycota","c__Lecanoromycetes","o__Caliciales","f__Physciaceae","g__Physcia",NA,1
"ASV_9077","p__Ascomycota","c__Leotiomycetes","o__Helotiales",NA,NA,NA,1
"ASV_9084","p__Basidiomycota","c__Agaricomycetes","o__Geastrales","f__Geastraceae","g__Geastrum","s__hieronymi",1
"ASV_911","p__Ascomycota","c__Dothideomycetes","o__Dothideales","f__Saccotheciaceae","g__Aureobasidium","s__pullulans",1
"ASV_9113","p__Basidiomycota","c__Agaricomycetes","o__Russulales","f__Gloeocystidiellaceae","g__Gloeocystidiellum","s__kenyense",1
"ASV_9122","p__Ascomycota","c__Lecanoromycetes","o__Lecanorales","f__Lecanoraceae",NA,NA,1
"ASV_9124","p__Basidiomycota","c__Agaricomycetes","o__Polyporales","f__Phanerochaetaceae","g__Hapalopilus","s__rutilans",1
"ASV_913","p__Ascomycota","c__Sordariomycetes","o__Hypocreales","f__Nectriaceae","g__Thyronectria","s__strobi",1
"ASV_9132","p__Ascomycota","c__Leotiomycetes","o__Helotiales","f__Dermateaceae","g__Pyrenopeziza","s__caespiticia",1
"ASV_9135","p__Basidiomycota","c__Tremellomycetes","o__Tremellales","f__Cryptococcaceae","g__Cryptococcus","s__watticus",1
"ASV_9146","p__Ascomycota","c__Sordariomycetes","o__Sordariomycetes_ord_Incertae_sedis","f__Sordariomycetes_fam_Incertae_sedis","g__Rhamphoria","s__pyriformis",1
"ASV_9148","p__Ascomycota","c__Sordariomycetes","o__Hypocreales",NA,NA,NA,1
"ASV_9152","p__Ascomycota","c__Sordariomycetes",NA,NA,NA,NA,1
"ASV_9153","p__Ascomycota","c__Dothideomycetes","o__Dothideales","f__Dothioraceae","g__Sydowia","s__polyspora",1
"ASV_9156","p__Ascomycota","c__Pezizomycotina_cls_Incertae_sedis","o__Pezizomycotina_ord_Incertae_sedis","f__Pezizomycotina_fam_Incertae_sedis","g__Neomelanconium","s__gelatosporum",1
"ASV_9163","p__Ascomycota","c__Sordariomycetes","o__Hypocreales","f__Nectriaceae","g__Thyronectria",NA,1
"ASV_9188","p__Ascomycota","c__Leotiomycetes","o__Helotiales","f__Sclerotiniaceae","g__Monilinia",NA,1
"ASV_919","p__Ascomycota","c__Leotiomycetes","o__Helotiales","f__Tympanidaceae","g__Tympanis","s__saligna",1
"ASV_9192","p__Basidiomycota","c__Microbotryomycetes","o__Leucosporidiales","f__Leucosporidiaceae","g__Leucosporidium",NA,1
"ASV_9241","p__Ascomycota","c__Eurotiomycetes","o__Chaetothyriales","f__Chaetothyriaceae","g__Camptophora","s__hylomeconis",1
"ASV_9251","p__Basidiomycota","c__Tremellomycetes",NA,NA,NA,NA,1
"ASV_9252","p__Basidiomycota","c__Agaricomycetes","o__Polyporales","f__Phanerochaetaceae","g__Phanerochaete","s__bambusicola",1
"ASV_9272",NA,NA,NA,NA,NA,NA,1
"ASV_930","p__Basidiomycota","c__Microbotryomycetes","o__Sporidiobolales","f__Sporidiobolaceae","g__Sporobolomyces","s__cellobiolyticus",1
"ASV_9310","p__Ascomycota","c__Dothideomycetes","o__Pleosporales","f__Massarinaceae","g__Helminthosporium","s__asterinum",1
"ASV_9311","p__Ascomycota","c__Dothideomycetes","o__Dothideales","f__Dothideales_fam_Incertae_sedis","g__Dothideales_gen_Incertae_sedis",NA,1
"ASV_933","p__Ascomycota","c__Eurotiomycetes","o__Chaetothyriales","f__Chaetothyriaceae","g__Ceramothyrium","s__carniolicum",1
"ASV_9342","p__Ascomycota",NA,NA,NA,NA,NA,1
"ASV_9355","p__Ascomycota","c__Dothideomycetes","o__Pleosporales","f__Lentitheciaceae","g__Pleurophoma",NA,1
"ASV_9360","p__Ascomycota","c__Dothideomycetes","o__Patellariales","f__Patellariaceae","g__Rhizodiscina",NA,1
"ASV_937","p__Ascomycota",NA,NA,NA,NA,NA,1
"ASV_9378","p__Ascomycota","c__Dothideomycetes",NA,NA,NA,NA,1
"ASV_940","p__Ascomycota","c__Dothideomycetes","o__Capnodiales","f__Neoantennariellaceae","g__Cippumomyces","s__mortalis",1
"ASV_9406","p__Basidiomycota","c__Tremellomycetes","o__Filobasidiales","f__Filobasidiales_fam_Incertae_sedis","g__Filobasidiales_gen_Incertae_sedis",NA,1
"ASV_9407","p__Ascomycota",NA,NA,NA,NA,NA,1
"ASV_9415",NA,NA,NA,NA,NA,NA,1
"ASV_9438",NA,NA,NA,NA,NA,NA,1
"ASV_9443","p__Ascomycota","c__Eurotiomycetes","o__Verrucariales","f__Verrucariaceae","g__Verrucariaceae_gen_Incertae_sedis",NA,1
"ASV_9448","p__Ascomycota","c__Dothideomycetes","o__Botryosphaeriales","f__Melanopsaceae","g__Melanops",NA,1
"ASV_9451","p__Ascomycota","c__Lecanoromycetes","o__Lecanorales","f__Lecanoraceae","g__Lecidella","s__albida",1
"ASV_9467","p__Basidiomycota","c__Exobasidiomycetes","o__Exobasidiales","f__Exobasidiaceae","g__Exobasidium","s__miyabei",1
"ASV_9468","p__Basidiomycota","c__Microbotryomycetes","o__Microbotryomycetes_ord_Incertae_sedis","f__Microbotryomycetes_fam_Incertae_sedis","g__Curvibasidium",NA,1
"ASV_947","p__Ascomycota","c__Dothideomycetes","o__Pleosporales","f__Lentitheciaceae","g__Lentitheciaceae_gen_Incertae_sedis",NA,1
"ASV_9473","p__Ascomycota","c__Sordariomycetes","o__Diaporthales","f__Valsaceae",NA,NA,1
"ASV_9496","p__Ascomycota","c__Leotiomycetes","o__Helotiales","f__Helotiales_fam_Incertae_sedis","g__Chalara","s__microspora",1
"ASV_9516","p__Ascomycota","c__Sordariomycetes","o__Diaporthales","f__Valsaceae","g__Cytospora",NA,1
"ASV_9563","p__Ascomycota",NA,NA,NA,NA,NA,1
"ASV_9574","p__Basidiomycota","c__Agaricomycetes","o__Russulales","f__Peniophoraceae","g__Peniophora",NA,1
"ASV_9575","p__Basidiomycota","c__Exobasidiomycetes","o__Microstromatales","f__Microstromatales_fam_Incertae_sedis","g__Pseudomicrostroma",NA,1
"ASV_9577","p__Basidiomycota","c__Cystobasidiomycetes",NA,NA,NA,NA,1
"ASV_958","p__Basidiomycota","c__Tremellomycetes",NA,NA,NA,NA,1
"ASV_9583","p__Ascomycota","c__Sordariomycetes","o__Diaporthales","f__Valsaceae","g__Valsa",NA,1
"ASV_959","p__Ascomycota","c__Sordariomycetes","o__Sordariomycetes_ord_Incertae_sedis","f__Thyridiaceae","g__Thyridium",NA,1
"ASV_9590","p__Ascomycota","c__Dothideomycetes","o__Dothideales",NA,NA,NA,1
"ASV_961","p__Ascomycota","c__Sareomycetes","o__Sareales","f__Sareaceae","g__Sarea","s__resinae",1
"ASV_9610","p__Ascomycota","c__Eurotiomycetes","o__Phaeomoniellales","f__Phaeomoniellaceae",NA,NA,1
"ASV_9624","p__Basidiomycota","c__Agaricostilbomycetes","o__Agaricostilbales","f__Agaricostilbales_fam_Incertae_sedis","g__Agaricostilbales_gen_Incertae_sedis",NA,1
"ASV_9631","p__Ascomycota","c__Sordariomycetes","o__Diaporthales","f__Valsaceae","g__Cytospora","s__beilinensis",1
"ASV_9635",NA,NA,NA,NA,NA,NA,1
"ASV_966","p__Ascomycota","c__Dothideomycetes",NA,NA,NA,NA,1
"ASV_9669","p__Basidiomycota","c__Atractiellomycetes","o__Atractiellales","f__Phleogenaceae","g__Helicogloea","s__compressa",1
"ASV_97","p__Ascomycota","c__Lecanoromycetes","o__Lecanorales","f__Parmeliaceae","g__Parmelia","s__sulcata",1
"ASV_9715","p__Basidiomycota","c__Tremellomycetes","o__Filobasidiales","f__Filobasidiales_fam_Incertae_sedis","g__Filobasidiales_gen_Incertae_sedis",NA,1
"ASV_9737","p__Ascomycota","c__Dothideomycetes","o__Myriangiales","f__Elsinoaceae","g__Elsinoe","s__heveae",1
"ASV_9739","p__Ascomycota","c__Dothideomycetes","o__Dothideales","f__Dothioraceae","g__Kabatina",NA,1
"ASV_974","p__Basidiomycota","c__Tremellomycetes","o__Tremellales","f__Phaeotremellaceae","g__Phaeotremella",NA,1
"ASV_975","p__Ascomycota",NA,NA,NA,NA,NA,1
"ASV_9769","p__Ascomycota","c__Taphrinomycetes","o__Taphrinales","f__Taphrinaceae","g__Taphrina","s__inositophila",1
"ASV_977","p__Ascomycota","c__Sordariomycetes","o__Chaetosphaeriales","f__Chaetosphaeriales_fam_Incertae_sedis","g__Dendrophoma","s__cytisporoides",1
"ASV_979","p__Basidiomycota","c__Microbotryomycetes","o__Sporidiobolales","f__Sporidiobolaceae","g__Rhodosporidiobolus",NA,1
"ASV_9810","p__Ascomycota","c__Dothideomycetes","o__Hysteriales","f__Hysteriaceae",NA,NA,1
"ASV_9818","p__Ascomycota",NA,NA,NA,NA,NA,1
"ASV_9831","p__Ascomycota","c__Dothideomycetes",NA,NA,NA,NA,1
"ASV_9833","p__Basidiomycota","c__Dacrymycetes","o__Unilacrymales","f__Unilacrymaceae","g__Unilacryma","s__unispora",1
"ASV_9834","p__Basidiomycota","c__Tremellomycetes","o__Tremellales","f__Bulleraceae","g__Genolevuria","s__amylolytica",1
"ASV_9839","p__Ascomycota","c__Dothideomycetes","o__Dothideales",NA,NA,NA,1
"ASV_9842","p__Basidiomycota","c__Agaricomycetes","o__Polyporales","f__Steccherinaceae","g__Junghuhnia","s__nitida",1
"ASV_9852","p__Basidiomycota","c__Atractiellomycetes","o__Atractiellales","f__Phleogenaceae","g__Helicogloea","s__burdsallii",1
"ASV_986","p__Ascomycota","c__Dothideomycetes","o__Dothideales","f__Dothioraceae","g__Dothiora",NA,1
"ASV_9869","p__Ascomycota","c__Sordariomycetes",NA,NA,NA,NA,1
"ASV_987","p__Ascomycota","c__Dothideomycetes","o__Pleosporales","f__Thyridariaceae","g__Parathyridariella","s__dematiacea",1
"ASV_9875","p__Basidiomycota","c__Agaricomycetes","o__Polyporales","f__Irpicaceae","g__Irpex","s__lacteus",1
"ASV_9878","p__Ascomycota","c__Lecanoromycetes","o__Caliciales",NA,NA,NA,1
"ASV_9879","p__Basidiomycota","c__Agaricomycetes","o__Agaricales","f__Schizophyllaceae","g__Schizophyllum","s__commune",1
"ASV_9910","p__Ascomycota","c__Sordariomycetes","o__Hypocreales","f__Nectriaceae","g__Fusarium",NA,1
"ASV_9927","p__Ascomycota","c__Dothideomycetes","o__Dothideales","f__Dothioraceae","g__Dothiora",NA,1
"ASV_993","p__Ascomycota","c__Dothideomycetes","o__Dothideales","f__Dothioraceae","g__Dothiora",NA,1
"ASV_9934","p__Basidiomycota","c__Exobasidiomycetes","o__Microstromatales","f__Microstromataceae","g__Microstroma",NA,1
"ASV_9944","p__Ascomycota","c__Saccharomycetes","o__Saccharomycetales","f__Debaryomycetaceae","g__Debaryomyces","s__udenii",1
"ASV_9950","p__Ascomycota","c__Lecanoromycetes","o__Lecanorales","f__Lecanoraceae","g__Lecidella",NA,1
"ASV_9977","p__Ascomycota","c__Dothideomycetes","o__Mycosphaerellales","f__Teratosphaeriaceae",NA,NA,1
"ASV_998","p__Basidiomycota","c__Agaricomycetes","o__Polyporales","f__Irpicaceae","g__Irpex","s__lacteus",1
"ASV_9981","p__Ascomycota","c__Dothideomycetes","o__Pleosporales","f__Cucurbitariaceae",NA,NA,1
"ASV_999","p__Basidiomycota","c__Agaricomycetes","o__Polyporales","f__Irpicaceae","g__Irpex","s__lacteus",1
