"grid","beetle","fungal_unit","n_samples","beetle_n","fungus_n","shared_n","beetle_only","fungus_only","both_absent","jaccard","exp_jaccard_null","sd_jaccard_null","z_score","p_pos","p_neg","p_perm","q_perm","p_fisher","q_fisher","direction","beetle_is_target"
"species","Ambrosiophilus atratus","Sporothrix eucastaneae",69,4,10,2,2,8,57,0.166666666666667,0.0720266893353442,0.0649416401131649,1.45730808717498,0.1995,0.977,0.399,1,0.0974955494556976,0.491088693554625,"co-occurring",FALSE
"species","Ambrosiophilus atratus","Leptographium gracile",69,4,13,2,2,11,54,0.133333333333333,0.0316970985492746,0.0387497436234535,2.62288792854213,0.056,1,0.112,1,0.158300568767416,0.633202275069665,"co-occurring",FALSE
"species","Ambrosiophilus atratus","Ceratocystiopsis synnemata",69,4,5,1,3,4,61,0.125,0.07409061673694,0.083062446384916,0.612904934525322,0.5055,0.932,1,1,0.265037287406261,0.804433240708387,"co-occurring",FALSE
"species","Ambrosiophilus atratus","Ophiostoma denticulatum",69,4,6,1,3,5,60,0.111111111111111,0.0395197598799406,0.0532042203466416,1.34559534496946,0.356,1,0.712,1,0.31097245694337,0.838570315157714,"co-occurring",FALSE
"species","Ambrosiophilus atratus","Sporothrix rossii",69,4,16,2,2,14,51,0.111111111111111,0.077470279687489,0.041880627108452,0.803255198077801,0.435,0.9445,0.87,1,0.227715179045484,0.755347910980142,"co-occurring",FALSE
"species","Ambrosiophilus atratus","Ophiostoma pallidulum",69,4,7,1,3,6,59,0.1,0.0536379300761486,0.0630058626981918,0.735837395734636,0.47,0.9455,0.94,1,0.354720237454902,0.874665949753501,"co-occurring",FALSE
"species","Ambrosiophilus atratus","Grosmannia francke-grosmanniae",69,4,13,1,3,12,53,0.0625,0.043048607637152,0.0401620980366911,0.484322117462032,0.596,0.918,1,1,0.575142191854029,1,"co-occurring",FALSE
"species","Ambrosiophilus atratus","Ceratocystiopsis manitobensis",69,4,14,1,3,13,52,0.0588235294117647,0.0804181502515975,0.0515285948898539,-0.419080335607692,0.845,0.595,1,1,1,1,"avoiding",FALSE
"species","Ambrosiophilus atratus","Ceratocystiopsis rollhanseniana",69,4,3,0,4,3,62,0,0.0293480073370017,0.0634983940982506,-0.462185032452817,1,0.824,1,1,1,1,"avoiding",FALSE
"species","Ambrosiophilus atratus","Grosmannia cucullata",69,4,4,0,4,4,61,0,0.024083470306582,0.0534968586821312,-0.450184756635556,1,0.8315,1,1,1,1,"avoiding",FALSE
"species","Ambrosiophilus atratus","Grosmannia olivacea",69,4,5,0,4,5,60,0,0.0217608804402201,0.0474098992719261,-0.458994445767698,1,0.826,1,1,1,1,"avoiding",FALSE
"species","Ambrosiophilus atratus","Leptographium lundbergii",69,4,7,0,4,7,58,0,0.0766827858373623,0.0742538633070656,-1.03271105935933,1,0.401,0.802,1,1,1,"avoiding",FALSE
"species","Ambrosiophilus atratus","Ophiostoma adjuncti",69,4,7,0,4,7,58,0,0.0959479739869928,0.0783528743059493,-1.22456227466958,1,0.2995,0.599,1,1,1,"avoiding",FALSE
"species","Ambrosiophilus atratus","Ophiostoma denticiliatum",69,4,5,0,4,5,60,0,0.0440488101193454,0.0693442516276095,-0.635219345301974,1,0.6825,1,1,1,1,"avoiding",FALSE
"species","Ambrosiophilus atratus","Ophiostoma karelicum",69,4,3,0,4,3,62,0,0,0,NA,1,1,1,1,1,1,"co-occurring",FALSE
"species","Ambrosiophilus atratus","Ophiostoma sparsiannulatum",69,4,3,0,4,3,62,0,0.0278472569618141,0.0621906309505679,-0.447772542844089,1,0.833,1,1,1,1,"avoiding",FALSE
"species","Ambrosiophilus atratus","Ophiostoma undulatum",69,4,6,0,4,6,59,0,0,0,NA,1,1,1,1,1,1,"co-occurring",FALSE
"species","Ambrosiophilus atratus","Raffaelea arxii",69,4,9,0,4,9,56,0,0.0291319902375432,0.0454283866555224,-0.641272833623773,1,0.6825,1,1,1,1,"avoiding",FALSE
"species","Ambrosiophilus atratus","Raffaelea crossotarsi",69,4,3,0,4,3,62,0,0,0,NA,1,1,1,1,1,1,"co-occurring",FALSE
"species","Ambrosiophilus atratus","Raffaelea subfusca",69,4,3,0,4,3,62,0,0.0688677672169423,0.0820887495839992,-0.83894282183543,1,0.587,1,1,1,1,"avoiding",FALSE
"species","Anisandrus sayi","Sporothrix rossii",69,32,16,10,22,6,31,0.263157894736842,0.209901716190885,0.0427835986184998,1.2447802491053,0.194,0.956,0.388,1,0.162967949752033,0.64805968322446,"co-occurring",FALSE
"species","Anisandrus sayi","Leptographium gracile",69,32,13,9,23,4,33,0.25,0.20101981475677,0.0446418850761448,1.09718003976951,0.229,0.9285,0.458,1,0.120644759844847,0.550667156767092,"co-occurring",FALSE
"species","Anisandrus sayi","Grosmannia francke-grosmanniae",69,32,13,8,24,5,32,0.216216216216216,0.223325435910686,0.0475392546238295,-0.149544197752446,0.679,0.5825,1,1,0.35501147372348,0.874665949753501,"avoiding",FALSE
"species","Anisandrus sayi","Sporothrix eucastaneae",69,32,10,7,25,3,34,0.2,0.142504464880668,0.0350811003307928,1.63893191995648,0.121,0.984,0.242,1,0.169804472396998,0.652356165141009,"co-occurring",FALSE
"species","Anisandrus sayi","Ophiostoma denticulatum",69,32,6,6,26,0,37,0.1875,0.0929377770846319,0.0316925726526046,2.98373451571457,0.007,1,0.014,0.523076923076923,0.00755931856821272,0.135272016483807,"co-occurring",FALSE
"species","Anisandrus sayi","Ophiostoma pallidulum",69,32,7,6,26,1,36,0.181818181818182,0.1156808275839,0.0371499953521772,1.7802789369772,0.094,0.991,0.188,1,0.0437395053954202,0.321650855036558,"co-occurring",FALSE
"species","Anisandrus sayi","Ophiostoma denticiliatum",69,32,5,5,27,0,37,0.15625,0.100096938588981,0.0324749779791529,1.72911776713341,0.1185,1,0.237,1,0.017918384754282,0.206063404473528,"co-occurring",FALSE
"species","Anisandrus sayi","Raffaelea arxii",69,32,9,5,27,4,33,0.138888888888889,0.157134982168815,0.0408772303989714,-0.446363246771861,0.7975,0.4725,0.945,1,0.723411289405268,1,"avoiding",FALSE
"species","Anisandrus sayi","Ceratocystiopsis manitobensis",69,32,14,5,27,9,28,0.121951219512195,0.117953421227617,0.0331063967421585,0.120756067648025,0.6075,0.7145,1,1,0.549560147124291,1,"co-occurring",FALSE
"species","Anisandrus sayi","Leptographium lundbergii",69,32,7,4,28,3,34,0.114285714285714,0.0892418572808319,0.0316514297152212,0.791239360439972,0.374,0.915,0.748,1,0.696372197994521,1,"co-occurring",FALSE
"species","Anisandrus sayi","Ceratocystiopsis rollhanseniana",69,32,3,3,29,0,37,0.09375,0.0511070764883344,0.0266495276660494,1.60013806045768,0.171,1,0.342,1,0.0946673283200367,0.487680176194128,"co-occurring",FALSE
"species","Anisandrus sayi","Ophiostoma sparsiannulatum",69,32,3,3,29,0,37,0.09375,0.0718928425888531,0.0237558768178426,0.920073697079047,0.4775,1,0.955,1,0.0946673283200367,0.487680176194128,"co-occurring",FALSE
"species","Anisandrus sayi","Ophiostoma undulatum",69,32,6,3,29,3,34,0.0857142857142857,0.0966525687573733,0.0338300382024656,-0.323330496336547,0.7785,0.559,1,1,1,1,"avoiding",FALSE
"species","Anisandrus sayi","Ophiostoma adjuncti",69,32,7,3,29,4,33,0.0833333333333333,0.0694849997008809,0.0283759097143351,0.488031353773885,0.501,0.8515,1,1,1,1,"co-occurring",FALSE
"species","Anisandrus sayi","Ophiostoma karelicum",69,32,3,2,30,1,36,0.0606060606060606,0.060883271403974,0.0244605504722913,-0.0113329746289808,0.747,0.734,1,1,0.593235866702294,1,"avoiding",FALSE
"species","Anisandrus sayi","Raffaelea subfusca",69,32,3,2,30,1,36,0.0606060606060606,0.0393672772214996,0.0203486759146297,1.04374277096287,0.4265,1,0.853,1,0.593235866702294,1,"co-occurring",FALSE
"species","Anisandrus sayi","Grosmannia cucullata",69,32,4,2,30,2,35,0.0588235294117647,0.0646346855627982,0.0271401671075104,-0.214116446962677,0.7865,0.6435,1,1,1,1,"avoiding",FALSE
"species","Anisandrus sayi","Grosmannia olivacea",69,32,5,2,30,3,34,0.0571428571428571,0.0630117813341793,0.0307631199053166,-0.190777925300997,0.7365,0.6165,1,1,1,1,"avoiding",FALSE
"species","Anisandrus sayi","Raffaelea crossotarsi",69,32,3,1,31,2,35,0.0294117647058824,0.061634733364901,0.0247019772926405,-1.30446920411585,0.975,0.242,0.484,1,1,1,"avoiding",FALSE
"species","Anisandrus sayi","Ceratocystiopsis synnemata",69,32,5,1,31,4,33,0.0277777777777778,0.0232338391417937,0.0102774500119303,0.442127048120828,0.8365,1,1,1,0.363147064028844,0.891480157182723,"co-occurring",FALSE
"species","Conophthorus coniperda","Leptographium lundbergii",69,4,7,2,2,5,60,0.222222222222222,0.0891014951920395,0.0798296583656391,1.66755977359264,0.167,0.9885,0.334,1,0.0484857738741771,0.342265519094822,"co-occurring",FALSE
"species","Conophthorus coniperda","Ceratocystiopsis rollhanseniana",69,4,3,1,3,2,63,0.166666666666667,0.0805902951475737,0.105346489937435,0.817078685490265,0.4215,0.9555,0.843,1,0.166316753826774,0.65130350087354,"co-occurring",FALSE
"species","Conophthorus coniperda","Sporothrix eucastaneae",69,4,10,2,2,8,57,0.166666666666667,0.0401675196572653,0.0491211087248158,2.57525023952675,0.063,1,0.126,1,0.0974955494556976,0.491088693554625,"co-occurring",FALSE
"species","Conophthorus coniperda","Ceratocystiopsis manitobensis",69,4,14,2,2,12,53,0.125,0.0984227407821565,0.0603265370548628,0.440556685587195,0.522,0.8645,1,1,0.180631370004199,0.65404234762585,"co-occurring",FALSE
"species","Conophthorus coniperda","Grosmannia olivacea",69,4,5,1,3,4,61,0.125,0.0645144000571716,0.0823220260408397,0.734743820722071,0.436,0.9375,0.872,1,0.265037287406261,0.804433240708387,"co-occurring",FALSE
"species","Conophthorus coniperda","Ophiostoma denticiliatum",69,4,5,1,3,4,61,0.125,0.0387068534267134,0.0578083723691463,1.49274478828508,0.31,1,0.62,1,0.265037287406261,0.804433240708387,"co-occurring",FALSE
"species","Conophthorus coniperda","Ophiostoma denticulatum",69,4,6,1,3,5,60,0.111111111111111,0.0749124562281153,0.071127937323054,0.508923163602878,0.59,0.9325,1,1,0.31097245694337,0.838570315157714,"co-occurring",FALSE
"species","Conophthorus coniperda","Sporothrix rossii",69,4,16,2,2,14,51,0.111111111111111,0.11454054340552,0.0462475515626723,-0.0741538130891476,0.766,0.7635,1,1,0.227715179045484,0.755347910980142,"avoiding",FALSE
"species","Conophthorus coniperda","Ophiostoma adjuncti",69,4,7,1,3,6,59,0.1,0.150189181892535,0.106446668233908,-0.47149603388477,0.8665,0.604,1,1,0.354720237454902,0.874665949753501,"avoiding",FALSE
"species","Conophthorus coniperda","Ophiostoma pallidulum",69,4,7,1,3,6,59,0.1,0.105010838752709,0.0874000553247495,-0.0573322148835053,0.7265,0.764,1,1,0.354720237454902,0.874665949753501,"avoiding",FALSE
"species","Conophthorus coniperda","Raffaelea arxii",69,4,9,1,3,8,57,0.0833333333333333,0.0258045689511424,0.0385389149127648,1.49274478828506,0.31,1,0.62,1,0.435934718409811,0.97192002793007,"co-occurring",FALSE
"species","Conophthorus coniperda","Grosmannia francke-grosmanniae",69,4,13,1,3,12,53,0.0625,0.0193534267133567,0.0289041861845732,1.49274478828508,0.31,1,0.62,1,0.575142191854029,1,"co-occurring",FALSE
"species","Conophthorus coniperda","Ceratocystiopsis synnemata",69,4,5,0,4,5,60,0,0.0250750375187594,0.0500687152664671,-0.500812481113393,1,0.7995,1,1,1,1,"avoiding",FALSE
"species","Conophthorus coniperda","Grosmannia cucullata",69,4,4,0,4,4,61,0,0,0,NA,1,1,1,1,1,1,"co-occurring",FALSE
"species","Conophthorus coniperda","Leptographium gracile",69,4,13,0,4,13,52,0,0.0653692917887521,0.0525681068745909,-1.24351618643411,1,0.273,0.546,1,1,1,"avoiding",FALSE
"species","Conophthorus coniperda","Ophiostoma karelicum",69,4,3,0,4,3,62,0,0.0260130065032515,0.0605033537919092,-0.429943215920208,1,0.844,1,1,1,1,"avoiding",FALSE
"species","Conophthorus coniperda","Ophiostoma sparsiannulatum",69,4,3,0,4,3,62,0,0,0,NA,1,1,1,1,1,1,"co-occurring",FALSE
"species","Conophthorus coniperda","Ophiostoma undulatum",69,4,6,0,4,6,59,0,0,0,NA,1,1,1,1,1,1,"co-occurring",FALSE
"species","Conophthorus coniperda","Raffaelea crossotarsi",69,4,3,0,4,3,62,0,0,0,NA,1,1,1,1,1,1,"co-occurring",FALSE
"species","Conophthorus coniperda","Raffaelea subfusca",69,4,3,0,4,3,62,0,0.0334333833583457,0.0667582870219548,-0.5008124811134,1,0.7995,1,1,1,1,"avoiding",FALSE
"species","Corthylus columbianus","Ceratocystiopsis manitobensis",69,7,14,5,2,9,53,0.3125,0.103929867410487,0.0626408534122352,3.32961831182163,0.0095,1,0.019,0.523076923076923,0.00291183150742451,0.0990022712524334,"co-occurring",FALSE
"species","Corthylus columbianus","Ophiostoma adjuncti",69,7,7,2,5,5,57,0.166666666666667,0.0834052224247316,0.0717251590195887,1.16084014842261,0.257,0.956,0.514,1,0.145314545282814,0.609757536428529,"co-occurring",FALSE
"species","Corthylus columbianus","Leptographium lundbergii",69,7,7,1,6,6,56,0.0769230769230769,0.0847195159351232,0.0673269381008566,-0.115799696703377,0.746,0.7315,1,1,0.544167757484168,1,"avoiding",FALSE
"species","Corthylus columbianus","Leptographium gracile",69,7,13,1,6,12,50,0.0526315789473684,0.104110405736066,0.0594069672243468,-0.866545275645711,0.922,0.374,0.748,1,1,1,"avoiding",FALSE
"species","Corthylus columbianus","Ceratocystiopsis rollhanseniana",69,7,3,0,7,3,59,0,0.059313386852157,0.0787908214450031,-0.752795639953551,1,0.571,1,1,1,1,"avoiding",FALSE
"species","Corthylus columbianus","Ceratocystiopsis synnemata",69,7,5,0,7,5,57,0,0,0,NA,1,1,1,1,1,1,"co-occurring",FALSE
"species","Corthylus columbianus","Grosmannia cucullata",69,7,4,0,7,4,58,0,0.0159079539769886,0.0365841760013753,-0.434831550569584,1,0.841,1,1,1,1,"avoiding",FALSE
"species","Corthylus columbianus","Grosmannia francke-grosmanniae",69,7,13,0,7,13,49,0,0.0550799135377812,0.0494361102051692,-1.11416358020866,1,0.3255,0.651,1,0.332619193037371,0.845400795757707,"avoiding",FALSE
"species","Corthylus columbianus","Grosmannia olivacea",69,7,5,0,7,5,57,0,0.0638910364273054,0.0762816790889587,-0.83756725324303,1,0.487,0.974,1,1,1,"avoiding",FALSE
"species","Corthylus columbianus","Ophiostoma denticiliatum",69,7,5,0,7,5,57,0,0.0634271681295202,0.0747953105240267,-0.84800995791234,1,0.4815,0.963,1,1,1,"avoiding",FALSE
"species","Corthylus columbianus","Ophiostoma denticulatum",69,7,6,0,7,6,56,0,0.0878189094547287,0.0717237871662449,-1.22440424473373,1,0.273,0.546,1,1,1,"avoiding",FALSE
"species","Corthylus columbianus","Ophiostoma karelicum",69,7,3,0,7,3,59,0,0.0369768217442059,0.060528359874442,-0.610900771488098,1,0.7005,1,1,1,1,"avoiding",FALSE
"species","Corthylus columbianus","Ophiostoma pallidulum",69,7,7,0,7,7,55,0,0.0807142498988419,0.0747366145861305,-1.07998268781392,1,0.3135,0.627,1,1,1,"avoiding",FALSE
"species","Corthylus columbianus","Ophiostoma sparsiannulatum",69,7,3,0,7,3,59,0,0.037741092768607,0.0606146190797924,-0.622640104673842,1,0.693,1,1,1,1,"avoiding",FALSE
"species","Corthylus columbianus","Ophiostoma undulatum",69,7,6,0,7,6,56,0,0.0445578850031076,0.0597650233941637,-0.745551201565477,1,0.5795,1,1,1,1,"avoiding",FALSE
"species","Corthylus columbianus","Raffaelea arxii",69,7,9,0,7,9,53,0,0.0584347118614246,0.054847030935653,-1.06541249115163,1,0.3655,0.731,1,0.582374743438033,1,"avoiding",FALSE
"species","Corthylus columbianus","Raffaelea crossotarsi",69,7,3,0,7,3,59,0,0.036740592518482,0.0522856050460887,-0.702690396067826,1,0.6695,1,1,1,1,"avoiding",FALSE
"species","Corthylus columbianus","Raffaelea subfusca",69,7,3,0,7,3,59,0,0.0398254682897009,0.06203513051089,-0.641982501877863,1,0.678,1,1,1,1,"avoiding",FALSE
"species","Corthylus columbianus","Sporothrix eucastaneae",69,7,10,0,7,10,52,0,0.0636761833297607,0.0536196774150925,-1.18755252548083,1,0.297,0.594,1,0.582374743438033,1,"avoiding",FALSE
"species","Corthylus columbianus","Sporothrix rossii",69,7,16,0,7,16,46,0,0.08899494846803,0.0521781801467284,-1.7055970180978,1,0.06,0.12,1,0.18837138418579,0.656884826904295,"avoiding",FALSE
"species","Crypturgus alutaceus","Ceratocystiopsis manitobensis",69,5,14,2,3,12,52,0.117647058823529,0.117948043816493,0.0662138366339488,-0.00454565100385187,0.667,0.7175,1,1,0.265602931633393,0.804433240708387,"avoiding",FALSE
"species","Crypturgus alutaceus","Ophiostoma adjuncti",69,5,7,1,4,6,58,0.0909090909090909,0.0854791031879584,0.0689633749162277,0.0787372678284454,0.7045,0.8035,1,1,0.424211904190528,0.955179122018407,"co-occurring",FALSE
"species","Crypturgus alutaceus","Leptographium gracile",69,5,13,1,4,12,52,0.0588235294117647,0.0193920489656594,0.0276593548534749,1.42561099689393,0.33,1,0.66,1,1,1,"co-occurring",FALSE
"species","Crypturgus alutaceus","Sporothrix rossii",69,5,16,1,4,15,49,0.05,0.0595797898949469,0.0321432462421306,-0.298034300044981,0.887,0.7245,1,1,1,1,"avoiding",FALSE
"species","Crypturgus alutaceus","Ceratocystiopsis rollhanseniana",69,5,3,0,5,3,61,0,0.0750613401939058,0.0940275082295384,-0.798291283128202,1,0.5535,1,1,1,1,"avoiding",FALSE
"species","Crypturgus alutaceus","Ceratocystiopsis synnemata",69,5,5,0,5,5,59,0,0,0,NA,1,1,1,1,1,1,"co-occurring",FALSE
"species","Crypturgus alutaceus","Grosmannia cucullata",69,5,4,0,5,4,60,0,0,0,NA,1,1,1,1,1,1,"co-occurring",FALSE
"species","Crypturgus alutaceus","Grosmannia francke-grosmanniae",69,5,13,0,5,13,51,0,0.0527660889268176,0.0444418993504589,-1.18730499141623,1,0.306,0.612,1,0.575142191854029,1,"avoiding",FALSE
"species","Crypturgus alutaceus","Grosmannia olivacea",69,5,5,0,5,5,59,0,0.0558056806180876,0.0699661691986358,-0.797609491233596,1,0.563,1,1,1,1,"avoiding",FALSE
"species","Crypturgus alutaceus","Leptographium lundbergii",69,5,7,0,5,7,57,0,0.0629314657328675,0.0661168419364158,-0.95182201523461,1,0.4515,0.903,1,1,1,"avoiding",FALSE
"species","Crypturgus alutaceus","Ophiostoma denticiliatum",69,5,5,0,5,5,59,0,0.0578344727919524,0.0716479603163967,-0.807203338888587,1,0.5535,1,1,1,1,"avoiding",FALSE
"species","Crypturgus alutaceus","Ophiostoma denticulatum",69,5,6,0,5,6,58,0,0.068795508865543,0.0713979462522417,-0.963550248665354,1,0.445,0.89,1,1,1,"avoiding",FALSE
"species","Crypturgus alutaceus","Ophiostoma karelicum",69,5,3,0,5,3,61,0,0,0,NA,1,1,1,1,1,1,"co-occurring",FALSE
"species","Crypturgus alutaceus","Ophiostoma pallidulum",69,5,7,0,5,7,57,0,0.0623220701259731,0.0644370729970745,-0.967177235514757,1,0.445,0.89,1,1,1,"avoiding",FALSE
"species","Crypturgus alutaceus","Ophiostoma sparsiannulatum",69,5,3,0,5,3,61,0,0.0463803330236546,0.0669093873979899,-0.69318125344319,1,0.6755,1,1,1,1,"avoiding",FALSE
"species","Crypturgus alutaceus","Ophiostoma undulatum",69,5,6,0,5,6,58,0,0.0324662331165586,0.0468365711785937,-0.693181253443186,1,0.6755,1,1,1,1,"avoiding",FALSE
"species","Crypturgus alutaceus","Raffaelea arxii",69,5,9,0,5,9,55,0,0.0696467114676227,0.059468426220895,-1.17115444099564,1,0.306,0.612,1,1,1,"avoiding",FALSE
"species","Crypturgus alutaceus","Raffaelea crossotarsi",69,5,3,0,5,3,61,0,0.101979561209175,0.0919824361228887,-1.10868515237985,1,0.3765,0.753,1,1,1,"avoiding",FALSE
"species","Crypturgus alutaceus","Raffaelea subfusca",69,5,3,0,5,3,61,0,0.0463803330236546,0.0669093873979899,-0.69318125344319,1,0.6755,1,1,1,1,"avoiding",FALSE
"species","Crypturgus alutaceus","Sporothrix eucastaneae",69,5,10,0,5,10,54,0,0.0904985459762874,0.0600782347755612,-1.50634495694439,1,0.15,0.3,1,1,1,"avoiding",FALSE
"species","Cyclorhipidion bodoanum","Ophiostoma sparsiannulatum",69,8,3,2,6,1,60,0.222222222222222,0.145603357234174,0.101321953381758,0.756192142282986,0.4015,0.921,0.803,1,0.0336679772493034,0.293515699096491,"co-occurring",FALSE
"species","Cyclorhipidion bodoanum","Sporothrix eucastaneae",69,8,10,2,6,8,53,0.125,0.105540165040504,0.0567350874102903,0.342994711875011,0.589,0.8515,1,1,0.326795784583521,0.838570315157714,"co-occurring",FALSE
"species","Cyclorhipidion bodoanum","Ophiostoma karelicum",69,8,3,1,7,2,59,0.1,0.0671835917958963,0.0469662393485358,0.698723352333442,0.672,1,1,1,0.313089285032637,0.838570315157714,"co-occurring",FALSE
"species","Cyclorhipidion bodoanum","Sporothrix rossii",69,8,16,2,6,14,47,0.0909090909090909,0.0612706127202503,0.0377530051571372,0.785062753692798,0.4195,0.9285,0.839,1,1,1,"co-occurring",FALSE
"species","Cyclorhipidion bodoanum","Ceratocystiopsis synnemata",69,8,5,1,7,4,57,0.0833333333333333,0.0278055694513926,0.0393033568338725,1.41279952541065,0.334,1,0.668,1,0.47064642804613,1,"co-occurring",FALSE
"species","Cyclorhipidion bodoanum","Ophiostoma denticiliatum",69,8,5,1,7,4,57,0.0833333333333333,0.119924356117456,0.0812100336265699,-0.450572683572324,0.843,0.587,1,1,0.47064642804613,1,"avoiding",FALSE
"species","Cyclorhipidion bodoanum","Grosmannia francke-grosmanniae",69,8,13,1,7,12,49,0.05,0.0893815070590004,0.0489191528061199,-0.805032483188746,0.9195,0.4085,0.817,1,1,1,"avoiding",FALSE
"species","Cyclorhipidion bodoanum","Leptographium gracile",69,8,13,1,7,12,49,0.05,0.0166833416708355,0.0235820141003233,1.41279952541067,0.334,1,0.668,1,1,1,"co-occurring",FALSE
"species","Cyclorhipidion bodoanum","Ceratocystiopsis manitobensis",69,8,14,1,7,13,48,0.0476190476190476,0.0324114438171476,0.029595790396791,0.513843475643379,0.6005,0.927,1,1,1,1,"co-occurring",FALSE
"species","Cyclorhipidion bodoanum","Ceratocystiopsis rollhanseniana",69,8,3,0,8,3,58,0,0.0351675837918961,0.0477612873600067,-0.736319846800109,1,0.6485,1,1,1,1,"avoiding",FALSE
"species","Cyclorhipidion bodoanum","Grosmannia cucullata",69,8,4,0,8,4,57,0,0.0311974168902637,0.0431715455471774,-0.722638406729531,1,0.657,1,1,1,1,"avoiding",FALSE
"species","Cyclorhipidion bodoanum","Grosmannia olivacea",69,8,5,0,8,5,56,0,0.0293063198265802,0.039801072800006,-0.736319846800105,1,0.6485,1,1,1,1,"avoiding",FALSE
"species","Cyclorhipidion bodoanum","Leptographium lundbergii",69,8,7,0,8,7,54,0,0.025119702708497,0.0341152052571475,-0.736319846800106,1,0.6485,1,1,0.58828055514699,1,"avoiding",FALSE
"species","Cyclorhipidion bodoanum","Ophiostoma adjuncti",69,8,7,0,8,7,54,0,0,0,NA,1,1,1,1,0.58828055514699,1,"co-occurring",FALSE
"species","Cyclorhipidion bodoanum","Ophiostoma denticulatum",69,8,6,0,8,6,55,0,0.0270519875322281,0.03673945181539,-0.736319846800113,1,0.6485,1,1,1,1,"avoiding",FALSE
"species","Cyclorhipidion bodoanum","Ophiostoma pallidulum",69,8,7,0,8,7,54,0,0.0509512998257368,0.0506650199368454,-1.00565044461145,1,0.4255,0.851,1,0.58828055514699,1,"avoiding",FALSE
"species","Cyclorhipidion bodoanum","Ophiostoma undulatum",69,8,6,0,8,6,55,0,0.0270519875322281,0.03673945181539,-0.736319846800113,1,0.6485,1,1,1,1,"avoiding",FALSE
"species","Cyclorhipidion bodoanum","Raffaelea arxii",69,8,9,0,8,9,52,0,0.0658421472641088,0.0515650826268412,-1.27687465839211,1,0.2605,0.521,1,0.584299283790853,1,"avoiding",FALSE
"species","Cyclorhipidion bodoanum","Raffaelea crossotarsi",69,8,3,0,8,3,58,0,0.0684119837696615,0.0620299660503781,-1.10288604243472,1,0.392,0.784,1,1,1,"avoiding",FALSE
"species","Cyclorhipidion bodoanum","Raffaelea subfusca",69,8,3,0,8,3,58,0,0.0351675837918961,0.0477612873600067,-0.736319846800109,1,0.6485,1,1,1,1,"avoiding",FALSE
"species","Cyclorhipidion pelliculosum","Grosmannia francke-grosmanniae",69,13,13,8,5,5,51,0.444444444444444,0.174041248122981,0.0641947455472101,4.21223254359041,0.0015,1,0.003,0.226666666666667,0.000134195691560037,0.0130361528944036,"co-occurring",FALSE
"species","Cyclorhipidion pelliculosum","Sporothrix eucastaneae",69,13,10,6,7,4,52,0.352941176470588,0.123101759355415,0.0546954123874998,4.20216992765011,5e-04,1,0.001,0.17,0.00199939584396605,0.0799758337586421,"co-occurring",FALSE
"species","Cyclorhipidion pelliculosum","Raffaelea arxii",69,13,9,5,8,4,52,0.294117647058824,0.119309236907509,0.0577885142635039,3.02496806466115,0.009,1,0.018,0.523076923076923,0.00922826944369984,0.143609508956686,"co-occurring",FALSE
"species","Cyclorhipidion pelliculosum","Ophiostoma denticiliatum",69,13,5,4,9,1,55,0.285714285714286,0.0941961526981985,0.0625990493747592,3.05944155588583,0.014,1,0.028,0.634666666666667,0.0036772658446896,0.102870264064294,"co-occurring",FALSE
"species","Cyclorhipidion pelliculosum","Raffaelea crossotarsi",69,13,3,3,10,0,56,0.230769230769231,0.10484363060651,0.061554082459112,2.04577170403553,0.094,1,0.188,1,0.0054586403023247,0.1159961064244,"co-occurring",FALSE
"species","Cyclorhipidion pelliculosum","Grosmannia cucullata",69,13,4,3,10,1,55,0.214285714285714,0.0647121179637444,0.0526161345829829,2.84273250985535,0.023,1,0.046,0.836923076923077,0.0193533610718784,0.206063404473528,"co-occurring",FALSE
"species","Cyclorhipidion pelliculosum","Ophiostoma pallidulum",69,13,7,3,10,4,52,0.176470588235294,0.0738224719514912,0.0540552646003816,1.89894762411501,0.1055,0.9925,0.211,1,0.117661373439707,0.548663799259537,"co-occurring",FALSE
"species","Cyclorhipidion pelliculosum","Sporothrix rossii",69,13,16,4,9,12,44,0.16,0.111523233549029,0.0536847311713418,0.902989833296388,0.2905,0.902,0.581,1,0.480829079979224,1,"co-occurring",FALSE
"species","Cyclorhipidion pelliculosum","Ophiostoma sparsiannulatum",69,13,3,2,11,1,55,0.142857142857143,0.0936966651824063,0.0616696808822655,0.797157970844531,0.4185,0.934,0.837,1,0.0888269649196473,0.483218689162881,"co-occurring",FALSE
"species","Cyclorhipidion pelliculosum","Leptographium gracile",69,13,13,3,10,10,46,0.130434782608696,0.0761141440285367,0.0426229156117778,1.27444680403677,0.2315,0.967,0.463,1,0.699504605302463,1,"co-occurring",FALSE
"species","Cyclorhipidion pelliculosum","Grosmannia olivacea",69,13,5,2,11,3,53,0.125,0.0502648383015048,0.0457179146771589,1.63470189369406,0.1575,0.982,0.315,1,0.235255945337252,0.762538020796492,"co-occurring",FALSE
"species","Cyclorhipidion pelliculosum","Ophiostoma denticulatum",69,13,6,2,11,4,52,0.117647058823529,0.0572917177543034,0.0421866874654126,1.43067267650984,0.2575,1,0.515,1,0.314916784364622,0.838570315157714,"co-occurring",FALSE
"species","Cyclorhipidion pelliculosum","Ophiostoma undulatum",69,13,6,2,11,4,52,0.117647058823529,0.0977571301990873,0.0572962581622991,0.347141842458566,0.563,0.8355,1,1,0.314916784364622,0.838570315157714,"co-occurring",FALSE
"species","Cyclorhipidion pelliculosum","Leptographium lundbergii",69,13,7,2,11,5,51,0.111111111111111,0.0554604787774016,0.0401519601450578,1.38600038784307,0.2725,1,0.545,1,0.608776768332252,1,"co-occurring",FALSE
"species","Cyclorhipidion pelliculosum","Ceratocystiopsis rollhanseniana",69,13,3,1,12,2,54,0.0666666666666667,0.0445603754258081,0.0427777916572541,0.516770276922648,0.58,0.9225,1,1,0.470931786082376,1,"co-occurring",FALSE
"species","Cyclorhipidion pelliculosum","Ophiostoma karelicum",69,13,3,1,12,2,54,0.0666666666666667,0.081736839115527,0.0593938242759338,-0.253732987100593,0.7895,0.666,1,1,0.470931786082376,1,"avoiding",FALSE
"species","Cyclorhipidion pelliculosum","Raffaelea subfusca",69,13,3,1,12,2,54,0.0666666666666667,0.0334167083541778,0.0333415696676842,0.997252338263963,0.5015,1,1,1,0.470931786082376,1,"co-occurring",FALSE
"species","Cyclorhipidion pelliculosum","Ceratocystiopsis synnemata",69,13,5,1,12,4,52,0.0588235294117647,0.0193331960097697,0.0276379535322228,1.42884433740558,0.329,1,0.658,1,1,1,"co-occurring",FALSE
"species","Cyclorhipidion pelliculosum","Ceratocystiopsis manitobensis",69,13,14,1,12,13,43,0.0384615384615385,0.0670784890773137,0.0380341947534918,-0.752400591132483,0.9085,0.4265,0.853,1,0.278157801867872,0.815290108923073,"avoiding",FALSE
"species","Cyclorhipidion pelliculosum","Ophiostoma adjuncti",69,13,7,0,13,7,49,0,0.0175760394817294,0.028430981492349,-0.618200236472991,1,0.699,1,1,0.332619193037371,0.845400795757707,"avoiding",FALSE
"species","Dendroctonus valens","Leptographium gracile",69,14,13,8,6,5,50,0.421052631578947,0.248948365491667,0.0725455718259446,2.37236073485233,0.0355,0.995,0.071,0.979661016949153,0.000288644276971136,0.0218086787044858,"co-occurring",TRUE
"species","Dendroctonus valens","Ophiostoma pallidulum",69,14,7,6,8,1,54,0.4,0.182288060955146,0.0749808267972487,2.90356812993748,0.014,1,0.028,0.634666666666667,0.000156267893270222,0.0132827709279689,"co-occurring",TRUE
"species","Dendroctonus valens","Ophiostoma denticulatum",69,14,6,5,9,1,54,0.333333333333333,0.169106347856714,0.0704843002273152,2.32997965429151,0.0485,0.999,0.097,1,0.000943571783028591,0.0493560624968801,"co-occurring",TRUE
"species","Dendroctonus valens","Sporothrix rossii",69,14,16,7,7,9,46,0.304347826086957,0.195240145059616,0.0538542852199758,2.0259795591321,0.07,0.9935,0.14,1,0.0135452645127125,0.186124284296263,"co-occurring",TRUE
"species","Dendroctonus valens","Raffaelea arxii",69,14,9,5,9,4,51,0.277777777777778,0.0886188233480316,0.0498789442363385,3.79236083132524,0.0015,1,0.003,0.226666666666667,0.0135311703959223,0.186124284296263,"co-occurring",TRUE
"species","Dendroctonus valens","Grosmannia olivacea",69,14,5,4,10,1,54,0.266666666666667,0.119444199223796,0.0642125639486743,2.29273616235831,0.052,1,0.104,1,0.00507691720426003,0.111364635448284,"co-occurring",TRUE
"species","Dendroctonus valens","Sporothrix eucastaneae",69,14,10,5,9,5,50,0.263157894736842,0.117288047572182,0.053413359705052,2.73096184119763,0.019,1,0.038,0.738285714285714,0.0237720746622119,0.241522789974561,"co-occurring",TRUE
"species","Dendroctonus valens","Leptographium lundbergii",69,14,7,4,10,3,52,0.235294117647059,0.160454091855012,0.0658842725292813,1.13593158001077,0.2555,0.952,0.511,1,0.0272526434324541,0.258520411018789,"co-occurring",TRUE
"species","Dendroctonus valens","Grosmannia francke-grosmanniae",69,14,13,5,9,8,47,0.227272727272727,0.103360805734059,0.0491595725627378,2.52060616232029,0.0315,0.9975,0.063,0.952,0.119241968133597,0.550667156767092,"co-occurring",TRUE
"species","Dendroctonus valens","Ceratocystiopsis rollhanseniana",69,14,3,3,11,0,55,0.214285714285714,0.0980514066557088,0.0599223059757265,1.93975024387563,0.108,1,0.216,1,0.00694736038477689,0.127681217882386,"co-occurring",TRUE
"species","Dendroctonus valens","Ophiostoma denticiliatum",69,14,5,3,11,2,53,0.1875,0.0778710433648205,0.0529119432868873,2.071913254835,0.0875,1,0.175,1,0.0531740275604077,0.358179230806386,"co-occurring",TRUE
"species","Dendroctonus valens","Ceratocystiopsis manitobensis",69,14,14,4,10,10,45,0.166666666666667,0.187066126894735,0.0633338905174016,-0.322093906775923,0.7445,0.5355,1,1,0.460047337652862,1,"avoiding",TRUE
"species","Dendroctonus valens","Ophiostoma adjuncti",69,14,7,3,11,4,51,0.166666666666667,0.148333403027625,0.0600458296078841,0.305321181483586,0.5715,0.814,1,1,0.142318299805321,0.604852774172615,"co-occurring",TRUE
"species","Dendroctonus valens","Raffaelea crossotarsi",69,14,3,2,12,1,54,0.133333333333333,0.0403201600800401,0.0371064833492419,2.50665557223152,0.0515,1,0.103,1,0.102473565675459,0.497728747566515,"co-occurring",TRUE
"species","Dendroctonus valens","Raffaelea subfusca",69,14,3,2,12,1,54,0.133333333333333,0.0430277638819411,0.0432835764373533,2.08637032529177,0.11,1,0.22,1,0.102473565675459,0.497728747566515,"co-occurring",TRUE
"species","Dendroctonus valens","Ophiostoma undulatum",69,14,6,2,12,4,51,0.111111111111111,0.0636011160034793,0.0471597364205861,1.00742707049764,0.3245,0.947,0.649,1,0.593729720960415,1,"co-occurring",TRUE
"species","Dendroctonus valens","Ophiostoma karelicum",69,14,3,1,13,2,53,0.0625,0.0403951975987994,0.0298893755659131,0.739553837531811,0.6465,1,1,1,0.499274726113677,1,"co-occurring",TRUE
"species","Dendroctonus valens","Ophiostoma sparsiannulatum",69,14,3,1,13,2,53,0.0625,0.0202288644322161,0.0292493597760432,1.44519866046457,0.324,1,0.648,1,0.499274726113677,1,"co-occurring",TRUE
"species","Dendroctonus valens","Grosmannia cucullata",69,14,4,1,13,3,52,0.0588235294117647,0.0296913162463592,0.0294177951901097,0.99029220161271,0.505,1,1,1,1,1,"co-occurring",TRUE
"species","Dendroctonus valens","Ceratocystiopsis synnemata",69,14,5,0,14,5,50,0,0,0,NA,1,1,1,1,0.575142191854029,1,"co-occurring",TRUE
"species","Dryocoetes affaber","Ophiostoma denticulatum",69,5,6,4,1,2,62,0.571428571428571,0.236488085312502,0.126237037267671,2.65326637384452,0.042,1,0.084,0.979661016949153,8.4619735724824e-05,0.0115082840585761,"co-occurring",FALSE
"species","Dryocoetes affaber","Ophiostoma pallidulum",69,5,7,3,2,4,60,0.333333333333333,0.133591037943213,0.086620875127375,2.30593716695198,0.0705,1,0.141,1,0.00608407891684604,0.125368898892585,"co-occurring",FALSE
"species","Dryocoetes affaber","Grosmannia olivacea",69,5,5,2,3,3,61,0.25,0.09721527430382,0.0823022020497486,1.85638685103258,0.1565,1,0.313,1,0.0388949143004951,0.304129890298456,"co-occurring",FALSE
"species","Dryocoetes affaber","Ophiostoma denticiliatum",69,5,5,2,3,3,61,0.25,0.0990356289255752,0.08501080763237,1.7758256306336,0.174,1,0.348,1,0.0388949143004951,0.304129890298456,"co-occurring",FALSE
"species","Dryocoetes affaber","Sporothrix eucastaneae",69,5,10,3,2,7,57,0.25,0.0886638374132144,0.062376625090041,2.58648431770548,0.037,1,0.074,0.979661016949153,0.0193942027739791,0.206063404473528,"co-occurring",FALSE
"species","Dryocoetes affaber","Sporothrix rossii",69,5,16,4,1,12,52,0.235294117647059,0.179856504619703,0.0515559533127867,1.07529023255606,0.3295,0.967,0.659,1,0.0089716495411804,0.143609508956686,"co-occurring",FALSE
"species","Dryocoetes affaber","Leptographium gracile",69,5,13,3,2,10,54,0.2,0.151764432636485,0.0648192346784468,0.744155150902365,0.412,0.9135,0.824,1,0.0428675039126618,0.321650855036558,"co-occurring",FALSE
"species","Dryocoetes affaber","Leptographium lundbergii",69,5,7,2,3,5,59,0.2,0.210030772962232,0.109813184296446,-0.0913439768320868,0.718,0.718,1,1,0.0767535705123979,0.445857440965458,"avoiding",FALSE
"species","Dryocoetes affaber","Ophiostoma adjuncti",69,5,7,2,3,5,59,0.2,0.186884351266537,0.0983327661436509,0.133380247986751,0.6445,0.802,1,1,0.0767535705123979,0.445857440965458,"co-occurring",FALSE
"species","Dryocoetes affaber","Ceratocystiopsis rollhanseniana",69,5,3,1,4,2,62,0.142857142857143,0.0717501607946822,0.0714457200875359,0.995258805920631,0.5025,1,1,1,0.204794442111692,0.696301103179753,"co-occurring",FALSE
"species","Dryocoetes affaber","Grosmannia cucullata",69,5,4,1,4,3,61,0.125,0.0432091045522761,0.0594632674625768,1.37548605951059,0.346,1,0.692,1,0.265037287406261,0.804433240708387,"co-occurring",FALSE
"species","Dryocoetes affaber","Grosmannia francke-grosmanniae",69,5,13,2,3,11,53,0.125,0.0717020274843316,0.0496353237279826,1.07379117355531,0.336,0.9695,0.672,1,0.235255945337252,0.762538020796492,"co-occurring",FALSE
"species","Dryocoetes affaber","Ceratocystiopsis manitobensis",69,5,14,2,3,12,52,0.117647058823529,0.153206779626976,0.065035226130559,-0.546776307536171,0.862,0.511,1,1,0.265602931633393,0.804433240708387,"avoiding",FALSE
"species","Dryocoetes affaber","Raffaelea arxii",69,5,9,1,4,8,56,0.0769230769230769,0.0386347019663687,0.0384707723548274,0.995258805920585,0.5025,1,1,1,0.51403606509153,1,"co-occurring",FALSE
"species","Dryocoetes affaber","Ceratocystiopsis synnemata",69,5,5,0,5,5,59,0,0,0,NA,1,1,1,1,1,1,"co-occurring",FALSE
"species","Dryocoetes affaber","Ophiostoma karelicum",69,5,3,0,5,3,61,0,0,0,NA,1,1,1,1,1,1,"co-occurring",FALSE
"species","Dryocoetes affaber","Ophiostoma sparsiannulatum",69,5,3,0,5,3,61,0,0,0,NA,1,1,1,1,1,1,"co-occurring",FALSE
"species","Dryocoetes affaber","Ophiostoma undulatum",69,5,6,0,5,6,58,0,0.0320660330165086,0.0466847202511252,-0.686863557155743,1,0.6795,1,1,1,1,"avoiding",FALSE
"species","Dryocoetes affaber","Raffaelea crossotarsi",69,5,3,0,5,3,61,0,0,0,NA,1,1,1,1,1,1,"co-occurring",FALSE
"species","Dryocoetes affaber","Raffaelea subfusca",69,5,3,0,5,3,61,0,0,0,NA,1,1,1,1,1,1,"co-occurring",FALSE
"species","Dryocoetes autographus","Ophiostoma denticulatum",69,14,6,3,11,3,52,0.176470588235294,0.169470915368246,0.0619141727547133,0.113054451922975,0.6535,0.763,1,1,0.0930044470740925,0.486484800079868,"co-occurring",FALSE
"species","Dryocoetes autographus","Leptographium gracile",69,14,13,4,10,9,46,0.173913043478261,0.280337923846699,0.0747005014071942,-1.42468763078729,0.9835,0.1295,0.259,1,0.442831455664983,0.984069901477739,"avoiding",FALSE
"species","Dryocoetes autographus","Ophiostoma adjuncti",69,14,7,3,11,4,51,0.166666666666667,0.163055327973588,0.0630674089688278,0.0572615674581462,0.6485,0.7435,1,1,0.142318299805321,0.604852774172615,"co-occurring",FALSE
"species","Dryocoetes autographus","Ceratocystiopsis manitobensis",69,14,14,3,11,11,44,0.12,0.172766956882493,0.0551748263201909,-0.956359274722044,0.935,0.3065,0.613,1,1,1,"avoiding",FALSE
"species","Dryocoetes autographus","Grosmannia olivacea",69,14,5,2,12,3,52,0.117647058823529,0.0782016825406175,0.0478111121654496,0.825025281704632,0.417,0.942,0.834,1,0.265602931633393,0.804433240708387,"co-occurring",FALSE
"species","Dryocoetes autographus","Sporothrix rossii",69,14,16,3,11,13,42,0.111111111111111,0.238501236144619,0.0605604669376248,-2.10351953139191,1,0.0165,0.033,0.68,1,1,"avoiding",FALSE
"species","Dryocoetes autographus","Leptographium lundbergii",69,14,7,1,13,6,49,0.05,0.173228732529323,0.0657510068702037,-1.87417255484139,0.997,0.0505,0.101,1,1,1,"avoiding",FALSE
"species","Dryocoetes autographus","Ophiostoma pallidulum",69,14,7,1,13,6,49,0.05,0.119333041133571,0.0554092570079453,-1.25128985439436,0.9755,0.227,0.454,1,1,1,"avoiding",FALSE
"species","Dryocoetes autographus","Sporothrix eucastaneae",69,14,10,1,13,9,46,0.0434782608695652,0.0871541925677688,0.0431060627441173,-1.01322015785735,0.95,0.3185,0.637,1,0.674153046072605,1,"avoiding",FALSE
"species","Dryocoetes autographus","Ceratocystiopsis rollhanseniana",69,14,3,0,14,3,52,0,0.0560217608804406,0.0408379967311232,-1.37180482307413,1,0.2605,0.521,1,1,1,"avoiding",FALSE
"species","Dryocoetes autographus","Ceratocystiopsis synnemata",69,14,5,0,14,5,50,0,0.0118114612861987,0.0227363206214141,-0.51949748083136,1,0.7875,1,1,0.575142191854029,1,"avoiding",FALSE
"species","Dryocoetes autographus","Grosmannia cucullata",69,14,4,0,14,4,51,0,0.0404283023864883,0.0387519167287084,-1.04325942557928,1,0.416,0.832,1,0.575142191854029,1,"avoiding",FALSE
"species","Dryocoetes autographus","Grosmannia francke-grosmanniae",69,14,13,0,14,13,42,0,0.120738486452105,0.049689417993272,-2.4298631645968,1,0.01,0.02,0.523076923076923,0.0561754624240655,0.362061241451369,"avoiding",FALSE
"species","Dryocoetes autographus","Ophiostoma denticiliatum",69,14,5,0,14,5,50,0,0.0687010171752556,0.0413145858146564,-1.66287561210123,1,0.163,0.326,1,0.575142191854029,1,"avoiding",FALSE
"species","Dryocoetes autographus","Ophiostoma karelicum",69,14,3,0,14,3,52,0,0.0226738369184592,0.0340399638656591,-0.666094623600159,1,0.668,1,1,1,1,"avoiding",FALSE
"species","Dryocoetes autographus","Ophiostoma sparsiannulatum",69,14,3,0,14,3,52,0,0,0,NA,1,1,1,1,1,1,"co-occurring",FALSE
"species","Dryocoetes autographus","Ophiostoma undulatum",69,14,6,0,14,6,49,0,0.083319609581194,0.0502366872383398,-1.65854108145901,1,0.117,0.234,1,0.334831994121464,0.845400795757707,"avoiding",FALSE
"species","Dryocoetes autographus","Raffaelea arxii",69,14,9,0,14,9,46,0,0.11507185011964,0.048381601441426,-2.37842168699094,1,0.017,0.034,0.68,0.187172983060235,0.656070249901855,"avoiding",FALSE
"species","Dryocoetes autographus","Raffaelea crossotarsi",69,14,3,0,14,3,52,0,0.010724112056028,0.0235696484323943,-0.454996691477533,1,0.8285,1,1,1,1,"avoiding",FALSE
"species","Dryocoetes autographus","Raffaelea subfusca",69,14,3,0,14,3,52,0,0.0550525262631319,0.0414106921111641,-1.32942782302086,1,0.276,0.552,1,1,1,"avoiding",FALSE
"species","Euwallacea validus","Sporothrix eucastaneae",69,8,10,5,3,5,56,0.384615384615385,0.12044936495397,0.0683928456020334,3.8624803126127,0.0035,1,0.007,0.34,0.00102359031524154,0.0497172438831605,"co-occurring",FALSE
"species","Euwallacea validus","Grosmannia olivacea",69,8,5,3,5,2,59,0.3,0.077069595403763,0.0734216416743494,3.03630373160289,0.024,1,0.048,0.836923076923077,0.00950357044566305,0.143609508956686,"co-occurring",FALSE
"species","Euwallacea validus","Ophiostoma denticiliatum",69,8,5,3,5,2,59,0.3,0.0891248654630358,0.0757695258265194,2.78311276514756,0.034,1,0.068,0.963333333333333,0.00950357044566305,0.143609508956686,"co-occurring",FALSE
"species","Euwallacea validus","Ophiostoma denticulatum",69,8,6,3,5,3,58,0.272727272727273,0.110612998807094,0.0701579781013349,2.31070333420989,0.072,1,0.144,1,0.0179098204540049,0.206063404473528,"co-occurring",FALSE
"species","Euwallacea validus","Ophiostoma sparsiannulatum",69,8,3,2,6,1,60,0.222222222222222,0.0685009171252284,0.0702277688480876,2.18889632432314,0.1025,1,0.205,1,0.0336679772493034,0.293515699096491,"co-occurring",FALSE
"species","Euwallacea validus","Leptographium lundbergii",69,8,7,2,6,5,56,0.153846153846154,0.102288781753517,0.0648543679547252,0.794971467899108,0.403,0.9295,0.806,1,0.183913243237784,0.65404234762585,"co-occurring",FALSE
"species","Euwallacea validus","Ophiostoma pallidulum",69,8,7,2,6,5,56,0.153846153846154,0.0501954273840214,0.0500057234753426,2.07277725945194,0.1135,1,0.227,1,0.183913243237784,0.65404234762585,"co-occurring",FALSE
"species","Euwallacea validus","Grosmannia francke-grosmanniae",69,8,13,2,6,11,50,0.105263157894737,0.0690409446209176,0.0460684570727306,0.786269295206337,0.4135,0.9305,0.827,1,0.639425592932951,1,"co-occurring",FALSE
"species","Euwallacea validus","Leptographium gracile",69,8,13,2,6,11,50,0.105263157894737,0.06835128090361,0.0325527289295564,1.13391037264506,0.398,1,0.796,1,0.639425592932951,1,"co-occurring",FALSE
"species","Euwallacea validus","Ceratocystiopsis manitobensis",69,8,14,2,6,12,49,0.1,0.118059535935346,0.0628662200666611,-0.287269314366227,0.756,0.589,1,1,0.660227962571435,1,"avoiding",FALSE
"species","Euwallacea validus","Ceratocystiopsis rollhanseniana",69,8,3,1,7,2,59,0.1,0.0339669834917461,0.0473715629405515,1.39393789035674,0.34,1,0.68,1,0.313089285032637,0.838570315157714,"co-occurring",FALSE
"species","Euwallacea validus","Raffaelea crossotarsi",69,8,3,1,7,2,59,0.1,0.0667166916791718,0.0620719300273539,0.536205468496966,0.594,0.94,1,1,0.313089285032637,0.838570315157714,"co-occurring",FALSE
"species","Euwallacea validus","Raffaelea subfusca",69,8,3,1,7,2,59,0.1,0.0339669834917461,0.0473715629405515,1.39393789035674,0.34,1,0.68,1,0.313089285032637,0.838570315157714,"co-occurring",FALSE
"species","Euwallacea validus","Grosmannia cucullata",69,8,4,1,7,3,58,0.0909090909090909,0.0314248033107467,0.043246012700055,1.37548605951061,0.346,1,0.692,1,0.396351189877166,0.932591035005097,"co-occurring",FALSE
"species","Euwallacea validus","Sporothrix rossii",69,8,16,2,6,14,47,0.0909090909090909,0.0707884180730441,0.0491591658245297,0.40929646584863,0.4925,0.827,0.985,1,1,1,"co-occurring",FALSE
"species","Euwallacea validus","Ceratocystiopsis synnemata",69,8,5,1,7,4,57,0.0833333333333333,0.0493163248290806,0.0409686889913073,0.830317233521201,0.592,1,1,1,0.47064642804613,1,"co-occurring",FALSE
"species","Euwallacea validus","Ophiostoma undulatum",69,8,6,1,7,5,56,0.0769230769230769,0.052333859237312,0.0555352247573967,0.442767951209019,0.5405,0.88,1,1,0.536815624540364,1,"co-occurring",FALSE
"species","Euwallacea validus","Ophiostoma adjuncti",69,8,7,1,7,6,55,0.0714285714285714,0.0382663859402225,0.0461812722681068,0.718087308115394,0.4575,0.932,0.915,1,1,1,"co-occurring",FALSE
"species","Euwallacea validus","Raffaelea arxii",69,8,9,1,7,8,53,0.0625,0.0413644322161081,0.0379727827458226,0.556597811789735,0.594,0.94,1,1,1,1,"co-occurring",FALSE
"species","Euwallacea validus","Ophiostoma karelicum",69,8,3,0,8,3,58,0,0.0341170585292648,0.0474221167949442,-0.71943348030601,1,0.659,1,1,1,1,"avoiding",FALSE
"species","Gnathotrichus materiarius","Sporothrix eucastaneae",69,17,10,7,10,3,49,0.35,0.171316623850962,0.0624887828526036,2.85944721583888,0.0135,0.9985,0.027,0.634666666666667,0.00136257415701252,0.057909401673032,"co-occurring",FALSE
"species","Gnathotrichus materiarius","Ceratocystiopsis manitobensis",69,17,14,8,9,6,46,0.347826086956522,0.23885635916575,0.0699015419802154,1.55890306141765,0.1225,0.9685,0.245,1,0.00364574566972676,0.102870264064294,"co-occurring",FALSE
"species","Gnathotrichus materiarius","Sporothrix rossii",69,17,16,8,9,8,44,0.32,0.221887246002948,0.0594829515616243,1.64942645617386,0.113,0.9755,0.226,1,0.0169032612654017,0.206063404473528,"co-occurring",FALSE
"species","Gnathotrichus materiarius","Grosmannia francke-grosmanniae",69,17,13,6,11,7,45,0.25,0.127227006852542,0.0504045756735244,2.43575095131583,0.031,0.998,0.062,0.952,0.0713277814903718,0.433061530477257,"co-occurring",FALSE
"species","Gnathotrichus materiarius","Leptographium gracile",69,17,13,6,11,7,45,0.25,0.170675916420225,0.0530504609702589,1.49525719718526,0.144,0.9705,0.288,1,0.0713277814903718,0.433061530477257,"co-occurring",FALSE
"species","Gnathotrichus materiarius","Ophiostoma denticulatum",69,17,6,4,13,2,50,0.210526315789474,0.173391461544594,0.0617513358757639,0.601361148195901,0.4445,0.8715,0.889,1,0.0291133266473954,0.270094883981971,"co-occurring",FALSE
"species","Gnathotrichus materiarius","Leptographium lundbergii",69,17,7,4,13,3,49,0.2,0.189185396084091,0.0669517261358506,0.161528380821206,0.6,0.75,1,1,0.0569714012283772,0.362061241451369,"co-occurring",FALSE
"species","Gnathotrichus materiarius","Ophiostoma adjuncti",69,17,7,4,13,3,49,0.2,0.162265864640688,0.0615883499314769,0.612683005816768,0.412,0.8715,0.824,1,0.0569714012283772,0.362061241451369,"co-occurring",FALSE
"species","Gnathotrichus materiarius","Grosmannia olivacea",69,17,5,3,14,2,50,0.157894736842105,0.0935313939342259,0.0499751817131976,1.28790613063208,0.2335,0.9735,0.467,1,0.0917939944546045,0.485942381117667,"co-occurring",FALSE
"species","Gnathotrichus materiarius","Ophiostoma denticiliatum",69,17,5,3,14,2,50,0.157894736842105,0.105368911297261,0.0566693763779457,0.92688201109772,0.317,0.9265,0.634,1,0.0917939944546045,0.485942381117667,"co-occurring",FALSE
"species","Gnathotrichus materiarius","Ophiostoma undulatum",69,17,6,3,14,3,49,0.15,0.0558840026073657,0.0398125096371319,2.36398052397218,0.0455,1,0.091,1,0.154474662261813,0.623834578271296,"co-occurring",FALSE
"species","Gnathotrichus materiarius","Ophiostoma pallidulum",69,17,7,3,14,4,48,0.142857142857143,0.137847752370344,0.0600980116040164,0.0833536809804216,0.6145,0.724,1,1,0.351603314127649,0.874665949753501,"co-occurring",FALSE
"species","Gnathotrichus materiarius","Raffaelea arxii",69,17,9,3,14,6,46,0.130434782608696,0.0921993228874939,0.0459785929394042,0.831592645116234,0.3485,0.9155,0.697,1,0.678947696974959,1,"co-occurring",FALSE
"species","Gnathotrichus materiarius","Ceratocystiopsis rollhanseniana",69,17,3,2,15,1,51,0.111111111111111,0.0732018916234877,0.0446090581827654,0.849809904802462,0.414,0.9475,0.828,1,0.147955872809864,0.609757536428529,"co-occurring",FALSE
"species","Gnathotrichus materiarius","Raffaelea subfusca",69,17,3,2,15,1,51,0.111111111111111,0.0601909141705367,0.0446027236654588,1.14163873315225,0.296,0.966,0.592,1,0.147955872809864,0.609757536428529,"co-occurring",FALSE
"species","Gnathotrichus materiarius","Ophiostoma sparsiannulatum",69,17,3,1,16,2,50,0.0526315789473684,0.0470386552065171,0.0409507334505703,0.136576888118554,0.6765,0.824,1,1,1,1,"co-occurring",FALSE
"species","Gnathotrichus materiarius","Raffaelea crossotarsi",69,17,3,1,16,2,50,0.0526315789473684,0.0529036448048597,0.0345743590758486,-0.0078690065344221,0.7985,0.814,1,1,1,1,"avoiding",FALSE
"species","Gnathotrichus materiarius","Grosmannia cucullata",69,17,4,1,16,3,49,0.05,0.0344514362444375,0.0318800211888075,0.487721249100718,0.598,0.9175,1,1,1,1,"co-occurring",FALSE
"species","Gnathotrichus materiarius","Ceratocystiopsis synnemata",69,17,5,1,16,4,48,0.0476190476190476,0.0276233354772631,0.0301524748303663,0.663153265338175,0.5055,0.932,1,1,1,1,"co-occurring",FALSE
"species","Gnathotrichus materiarius","Ophiostoma karelicum",69,17,3,0,17,3,49,0,0.0165404339596701,0.0268485074272733,-0.616065306590114,1,0.707,1,1,0.569759896171317,1,"avoiding",FALSE
"species","Heteroborips seriatus","Grosmannia francke-grosmanniae",69,21,13,13,8,0,48,0.619047619047619,0.278429395196374,0.0687954486924943,4.951173810549,5e-04,1,0.001,0.17,5.26483943325486e-09,3.5800908146133e-06,"co-occurring",FALSE
"species","Heteroborips seriatus","Raffaelea arxii",69,21,9,9,12,0,48,0.428571428571429,0.203417332597586,0.0619427013762036,3.63487692611901,0.0035,1,0.007,0.34,5.18650500411162e-06,0.00117560780093197,"co-occurring",FALSE
"species","Heteroborips seriatus","Sporothrix eucastaneae",69,21,10,7,14,3,45,0.291666666666667,0.14379659620098,0.0499967222243974,2.95759529598781,0.009,0.999,0.018,0.523076923076923,0.0066322404242797,0.127681217882386,"co-occurring",FALSE
"species","Heteroborips seriatus","Sporothrix rossii",69,21,16,8,13,8,40,0.275862068965517,0.183093555738749,0.0467337083708047,1.98504498061023,0.063,0.9935,0.126,1,0.0672350996095225,0.415635161222503,"co-occurring",FALSE
"species","Heteroborips seriatus","Leptographium gracile",69,21,13,7,14,6,42,0.259259259259259,0.174608047299139,0.049854709874488,1.69795817031598,0.102,0.9865,0.204,1,0.0525734166628686,0.358179230806386,"co-occurring",FALSE
"species","Heteroborips seriatus","Ophiostoma undulatum",69,21,6,5,16,1,47,0.227272727272727,0.142540505799961,0.0513086193847377,1.65142275291802,0.127,0.9835,0.254,1,0.00860058176735659,0.143609508956686,"co-occurring",FALSE
"species","Heteroborips seriatus","Ophiostoma pallidulum",69,21,7,5,16,2,46,0.217391304347826,0.0873521921371938,0.0431564139537095,3.01320476604278,0.0095,1,0.019,0.523076923076923,0.0237970984239641,0.241522789974561,"co-occurring",FALSE
"species","Heteroborips seriatus","Grosmannia cucullata",69,21,4,4,17,0,48,0.19047619047619,0.0967858882386777,0.042976409005093,2.18004026875326,0.054,1,0.108,1,0.00692306891490004,0.127681217882386,"co-occurring",FALSE
"species","Heteroborips seriatus","Ophiostoma denticiliatum",69,21,5,4,17,1,47,0.181818181818182,0.0787003778569132,0.0429677748257891,2.39988699390078,0.041,1,0.082,0.979661016949153,0.0273727494019894,0.258520411018789,"co-occurring",FALSE
"species","Heteroborips seriatus","Ophiostoma denticulatum",69,21,6,4,17,2,46,0.173913043478261,0.0901246625136837,0.045155281627086,1.85556103174246,0.096,0.99,0.192,1,0.064917084671255,0.404987317215169,"co-occurring",FALSE
"species","Heteroborips seriatus","Raffaelea crossotarsi",69,21,3,3,18,0,48,0.142857142857143,0.0825565238858845,0.0354040093709642,1.70321441109753,0.15,1,0.3,1,0.0253845860213002,0.250166934702668,"co-occurring",FALSE
"species","Heteroborips seriatus","Leptographium lundbergii",69,21,7,3,18,4,44,0.12,0.0855117029591228,0.0432077974454058,0.798196137733105,0.372,0.9095,0.744,1,0.666711690416695,1,"co-occurring",FALSE
"species","Heteroborips seriatus","Ceratocystiopsis manitobensis",69,21,14,3,18,11,37,0.09375,0.0949878784697787,0.0368647649738398,-0.0335789057832641,0.69,0.6815,1,1,0.526053019441669,1,"avoiding",FALSE
"species","Heteroborips seriatus","Ceratocystiopsis rollhanseniana",69,21,3,2,19,1,47,0.0909090909090909,0.0372953275056497,0.0313669978834309,1.7092411458274,0.175,1,0.35,1,0.217773027445891,0.729486003267023,"co-occurring",FALSE
"species","Heteroborips seriatus","Ophiostoma sparsiannulatum",69,21,3,2,19,1,47,0.0909090909090909,0.051634512908628,0.0320426827931073,1.22569568391169,0.336,1,0.672,1,0.217773027445891,0.729486003267023,"co-occurring",FALSE
"species","Heteroborips seriatus","Raffaelea subfusca",69,21,3,2,19,1,47,0.0909090909090909,0.0450857839987184,0.032265607481983,1.42019042833643,0.2585,1,0.517,1,0.217773027445891,0.729486003267023,"co-occurring",FALSE
"species","Heteroborips seriatus","Ophiostoma karelicum",69,21,3,1,20,2,46,0.0434782608695652,0.0360180090045013,0.0163962771703612,0.454996691477594,0.8285,1,1,1,1,1,"co-occurring",FALSE
"species","Heteroborips seriatus","Ceratocystiopsis synnemata",69,21,5,1,20,4,44,0.04,0.0266333166583287,0.01887265979779,0.708256466491098,0.666,1,1,1,1,1,"co-occurring",FALSE
"species","Heteroborips seriatus","Grosmannia olivacea",69,21,5,1,20,4,44,0.04,0.0482064945516241,0.0354789051403724,-0.231306307766687,0.775,0.659,1,1,1,1,"avoiding",FALSE
"species","Heteroborips seriatus","Ophiostoma adjuncti",69,21,7,1,20,6,42,0.037037037037037,0.0509422802569388,0.0313569307224198,-0.443450391972185,0.8635,0.595,1,1,0.426845103974165,0.957936206938719,"avoiding",FALSE
"species","Hylastes opacus","Grosmannia francke-grosmanniae",69,8,13,5,3,8,53,0.3125,0.0881044237288937,0.0565236053927475,3.96994449862001,0.0025,1,0.005,0.309090909090909,0.00459437611053716,0.111364635448284,"co-occurring",FALSE
"species","Hylastes opacus","Raffaelea arxii",69,8,9,4,4,5,56,0.307692307692308,0.113046679017164,0.0702092515875111,2.7723643860885,0.0275,0.9995,0.055,0.885581395348837,0.00788195229983687,0.137428911894592,"co-occurring",FALSE
"species","Hylastes opacus","Sporothrix rossii",69,8,16,5,3,11,50,0.263157894736842,0.102276491153538,0.0500693544144177,3.21317111963756,0.01,1,0.02,0.523076923076923,0.0136314792225282,0.186124284296263,"co-occurring",FALSE
"species","Hylastes opacus","Grosmannia cucullata",69,8,4,2,6,2,59,0.2,0.0465990571043104,0.0618316431960279,2.48094559624358,0.0715,0.9965,0.143,1,0.0633035704990508,0.398578036475505,"co-occurring",FALSE
"species","Hylastes opacus","Ophiostoma denticiliatum",69,8,5,2,6,3,58,0.181818181818182,0.0284233025603713,0.0463038229840479,3.31279081018119,0.033,1,0.066,0.963333333333333,0.0991702372013094,0.495851186006547,"co-occurring",FALSE
"species","Hylastes opacus","Leptographium gracile",69,8,13,3,5,10,51,0.166666666666667,0.147884739583416,0.0640599997424747,0.293192743658366,0.558,0.8115,1,1,0.166657072282347,0.65130350087354,"co-occurring",FALSE
"species","Hylastes opacus","Ophiostoma denticulatum",69,8,6,2,6,4,57,0.166666666666667,0.0663536896653467,0.0564540541171632,1.77689589472411,0.1665,1,0.333,1,0.139800445574962,0.601672803740341,"co-occurring",FALSE
"species","Hylastes opacus","Ophiostoma undulatum",69,8,6,2,6,4,57,0.166666666666667,0.0938471566785712,0.0764951083494161,0.951949890121978,0.3205,0.942,0.641,1,0.139800445574962,0.601672803740341,"co-occurring",FALSE
"species","Hylastes opacus","Leptographium lundbergii",69,8,7,2,6,5,56,0.153846153846154,0.0634300666816923,0.0515649873597809,1.75343952929936,0.17,1,0.34,1,0.183913243237784,0.65404234762585,"co-occurring",FALSE
"species","Hylastes opacus","Ophiostoma pallidulum",69,8,7,2,6,5,56,0.153846153846154,0.0367958704627036,0.0452681977769519,2.58570672418167,0.0615,1,0.123,1,0.183913243237784,0.65404234762585,"co-occurring",FALSE
"species","Hylastes opacus","Sporothrix eucastaneae",69,8,10,2,6,8,53,0.125,0.0408571933025344,0.0458138729128059,1.83662286874563,0.1315,0.986,0.263,1,0.326795784583521,0.838570315157714,"co-occurring",FALSE
"species","Hylastes opacus","Ceratocystiopsis rollhanseniana",69,8,3,1,7,2,59,0.1,0.0164582291145574,0.0370895911117172,2.25243170338027,0.165,1,0.33,1,0.313089285032637,0.838570315157714,"co-occurring",FALSE
"species","Hylastes opacus","Raffaelea subfusca",69,8,3,1,7,2,59,0.1,0.0507253626813399,0.0500072478436166,0.985349913131641,0.5075,1,1,1,0.313089285032637,0.838570315157714,"co-occurring",FALSE
"species","Hylastes opacus","Ceratocystiopsis synnemata",69,8,5,1,7,4,57,0.0833333333333333,0.0478989494747368,0.0412082424579923,0.859885832178315,0.575,1,1,1,0.47064642804613,1,"co-occurring",FALSE
"species","Hylastes opacus","Ophiostoma adjuncti",69,8,7,1,7,6,55,0.0714285714285714,0.0478398539929301,0.0468529669873159,0.503462618323132,0.573,0.916,1,1,1,1,"co-occurring",FALSE
"species","Hylastes opacus","Ceratocystiopsis manitobensis",69,8,14,1,7,13,48,0.0476190476190476,0.058563116144539,0.0414256460499194,-0.264185826149903,0.7955,0.655,1,1,1,1,"avoiding",FALSE
"species","Hylastes opacus","Grosmannia olivacea",69,8,5,0,8,5,56,0,0.0424515287947003,0.0561285009385782,-0.756327500019202,1,0.579,1,1,1,1,"avoiding",FALSE
"species","Hylastes opacus","Ophiostoma karelicum",69,8,3,0,8,3,58,0,0.0169084542271137,0.0374920361722076,-0.450987888453166,1,0.831,1,1,1,1,"avoiding",FALSE
"species","Hylastes opacus","Ophiostoma sparsiannulatum",69,8,3,0,8,3,58,0,0,0,NA,1,1,1,1,1,1,"co-occurring",FALSE
"species","Hylastes opacus","Raffaelea crossotarsi",69,8,3,0,8,3,58,0,0.0169084542271137,0.0374920361722076,-0.450987888453166,1,0.831,1,1,1,1,"avoiding",FALSE
"species","Hylastes porculus","Ophiostoma adjuncti",69,10,7,4,6,3,56,0.307692307692308,0.19159641634004,0.0749964272715714,1.54801896004819,0.1715,0.9845,0.343,1,0.006738891969071,0.127681217882386,"co-occurring",FALSE
"species","Hylastes porculus","Sporothrix rossii",69,10,16,5,5,11,48,0.238095238095238,0.21293314245065,0.0547824147187258,0.459309721445834,0.4945,0.8475,0.989,1,0.04460182943708,0.321650855036558,"co-occurring",FALSE
"species","Hylastes porculus","Leptographium gracile",69,10,13,3,7,10,49,0.15,0.215166278479416,0.0749115634334581,-0.869909470482507,0.907,0.3325,0.665,1,0.384511309248254,0.907873924613934,"avoiding",FALSE
"species","Hylastes porculus","Ceratocystiopsis manitobensis",69,10,14,3,7,11,48,0.142857142857143,0.145279186593206,0.0531551486669398,-0.0455655528543302,0.695,0.6955,1,1,0.412361476250596,0.953761237586412,"avoiding",FALSE
"species","Hylastes porculus","Ophiostoma pallidulum",69,10,7,2,8,5,54,0.133333333333333,0.178943707201587,0.0795657205534473,-0.57324151092952,0.866,0.5015,1,1,0.266172763469687,0.804433240708387,"avoiding",FALSE
"species","Hylastes porculus","Raffaelea arxii",69,10,9,2,8,7,52,0.117647058823529,0.0775344780233265,0.0455259717376552,0.88109224842806,0.43,0.9635,0.86,1,0.608718861382374,1,"co-occurring",FALSE
"species","Hylastes porculus","Grosmannia francke-grosmanniae",69,10,13,2,8,11,48,0.0952380952380952,0.0640430604912864,0.0398845911097865,0.782132494750699,0.4205,0.928,0.841,1,1,1,"co-occurring",FALSE
"species","Hylastes porculus","Ceratocystiopsis rollhanseniana",69,10,3,1,9,2,57,0.0833333333333333,0.104855458032049,0.0625864678772144,-0.343878244430389,0.851,0.6555,1,1,0.379528190250792,0.902374718078806,"avoiding",FALSE
"species","Hylastes porculus","Raffaelea subfusca",69,10,3,1,9,2,57,0.0833333333333333,0.0277221944305488,0.0392738387246876,1.4159842966363,0.333,1,0.666,1,0.379528190250792,0.902374718078806,"co-occurring",FALSE
"species","Hylastes porculus","Grosmannia olivacea",69,10,5,1,9,4,55,0.0714285714285714,0.0993243874684623,0.0650471413690904,-0.428855372469091,0.849,0.602,1,1,0.554533059667235,1,"avoiding",FALSE
"species","Hylastes porculus","Ophiostoma denticiliatum",69,10,5,1,9,4,55,0.0714285714285714,0.0621492064713671,0.0455487388986787,0.20372386111163,0.734,0.882,1,1,0.554533059667235,1,"co-occurring",FALSE
"species","Hylastes porculus","Ophiostoma denticulatum",69,10,6,1,9,5,54,0.0666666666666667,0.131976977499737,0.0627881437069187,-1.04016948068929,0.964,0.3425,0.685,1,1,1,"avoiding",FALSE
"species","Hylastes porculus","Ophiostoma undulatum",69,10,6,1,9,5,54,0.0666666666666667,0.0340122442173473,0.0414233314820431,0.78830990364633,0.447,0.9445,0.894,1,1,1,"co-occurring",FALSE
"species","Hylastes porculus","Leptographium lundbergii",69,10,7,1,9,6,53,0.0625,0.127025715238571,0.0572995096946478,-1.12611286872143,0.9715,0.3095,0.619,1,1,1,"avoiding",FALSE
"species","Hylastes porculus","Sporothrix eucastaneae",69,10,10,1,9,9,50,0.0526315789473684,0.0546530575229147,0.0366934905080598,-0.05509093159459,0.7895,0.776,1,1,1,1,"avoiding",FALSE
"species","Hylastes porculus","Ceratocystiopsis synnemata",69,10,5,0,10,5,54,0,0,0,NA,1,1,1,1,1,1,"co-occurring",FALSE
"species","Hylastes porculus","Grosmannia cucullata",69,10,4,0,10,4,55,0,0.0133143494824335,0.0291089798098377,-0.457396637374896,1,0.827,1,1,1,1,"avoiding",FALSE
"species","Hylastes porculus","Ophiostoma karelicum",69,10,3,0,10,3,56,0,0.0430631982657993,0.0416536764158625,-1.03383907427196,1,0.4835,0.967,1,1,1,"avoiding",FALSE
"species","Hylastes porculus","Ophiostoma sparsiannulatum",69,10,3,0,10,3,56,0,0,0,NA,1,1,1,1,1,1,"co-occurring",FALSE
"species","Hylastes porculus","Raffaelea crossotarsi",69,10,3,0,10,3,56,0,0,0,NA,1,1,1,1,1,1,"co-occurring",FALSE
"species","Hylesinus aculeatus","Sporothrix eucastaneae",69,6,10,5,1,5,58,0.454545454545455,0.123731329534229,0.0791329440578745,4.18048549753542,0.0045,1,0.009,0.408,0.00012577842816038,0.0130361528944036,"co-occurring",FALSE
"species","Hylesinus aculeatus","Ophiostoma denticiliatum",69,6,5,3,3,2,61,0.375,0.0884608971152231,0.0809145632770525,3.54125501368231,0.0165,1,0.033,0.68,0.00356016850271918,0.102870264064294,"co-occurring",FALSE
"species","Hylesinus aculeatus","Grosmannia francke-grosmanniae",69,6,13,5,1,8,55,0.357142857142857,0.119557275136169,0.0601980493723116,3.94673223607752,0.0025,1,0.005,0.309090909090909,0.000615528495629272,0.0380508524570823,"co-occurring",FALSE
"species","Hylesinus aculeatus","Ophiostoma pallidulum",69,6,7,3,3,4,59,0.3,0.0889270392772156,0.0717309179588673,2.94256600541234,0.028,1,0.056,0.885581395348837,0.0116051329477485,0.171554139227587,"co-occurring",FALSE
"species","Hylesinus aculeatus","Grosmannia cucullata",69,6,4,2,4,2,61,0.25,0.0773720193430061,0.0734324624017135,2.3508401463188,0.0805,1,0.161,1,0.0353614397207175,0.295761162596129,"co-occurring",FALSE
"species","Hylesinus aculeatus","Ophiostoma denticulatum",69,6,6,2,4,4,59,0.2,0.0789212788212297,0.0676166444445196,1.7906644462092,0.1665,1,0.333,1,0.0814070303384443,0.465183030505396,"co-occurring",FALSE
"species","Hylesinus aculeatus","Leptographium lundbergii",69,6,7,2,4,5,58,0.181818181818182,0.0939143814331424,0.0746811355659163,1.17705495127953,0.2685,0.9625,0.537,1,0.109327789294723,0.527254586669584,"co-occurring",FALSE
"species","Hylesinus aculeatus","Sporothrix rossii",69,6,16,3,3,13,50,0.157894736842105,0.093202574553775,0.0472402823715098,1.36942793397326,0.213,0.977,0.426,1,0.132352073623975,0.580641355253568,"co-occurring",FALSE
"species","Hylesinus aculeatus","Raffaelea arxii",69,6,9,2,4,7,56,0.153846153846154,0.0487386550418061,0.0457867938296438,2.29558547373758,0.0785,1,0.157,1,0.172342673359011,0.65404234762585,"co-occurring",FALSE
"species","Hylesinus aculeatus","Ceratocystiopsis rollhanseniana",69,6,3,1,5,2,61,0.125,0.0205727863931966,0.0463619888896459,2.25243170338029,0.165,1,0.33,1,0.242069702637706,0.772804684477185,"co-occurring",FALSE
"species","Hylesinus aculeatus","Leptographium gracile",69,6,13,2,4,11,52,0.117647058823529,0.0871311881430917,0.0528291166525351,0.577633559181864,0.4925,0.8885,0.985,1,0.314916784364622,0.838570315157714,"co-occurring",FALSE
"species","Hylesinus aculeatus","Ceratocystiopsis manitobensis",69,6,14,2,4,12,51,0.111111111111111,0.0767533749674989,0.0510903227757524,0.672490097477295,0.442,0.8965,0.884,1,0.593729720960415,1,"co-occurring",FALSE
"species","Hylesinus aculeatus","Ceratocystiopsis synnemata",69,6,5,1,5,4,59,0.1,0.0715635595575556,0.0694461574086053,0.409474641989635,0.5905,0.8975,1,1,0.374574999379366,0.896869716823835,"co-occurring",FALSE
"species","Hylesinus aculeatus","Ophiostoma adjuncti",69,6,7,1,5,6,57,0.0833333333333333,0.0749192778207288,0.0695870240750365,0.120914144906263,0.6535,0.815,1,1,0.487188727169689,1,"co-occurring",FALSE
"species","Hylesinus aculeatus","Grosmannia olivacea",69,6,5,0,6,5,58,0,0.0318770496359293,0.0517263728112953,-0.61626299899707,1,0.704,1,1,1,1,"avoiding",FALSE
"species","Hylesinus aculeatus","Ophiostoma karelicum",69,6,3,0,6,3,60,0,0,0,NA,1,1,1,1,1,1,"co-occurring",FALSE
"species","Hylesinus aculeatus","Ophiostoma sparsiannulatum",69,6,3,0,6,3,60,0,0.0608429214607304,0.0624936620503694,-0.973585471942602,1,0.5135,1,1,1,1,"avoiding",FALSE
"species","Hylesinus aculeatus","Ophiostoma undulatum",69,6,6,0,6,6,57,0,0.0130519805357224,0.0318857035755633,-0.409336444616678,1,0.8565,1,1,1,1,"avoiding",FALSE
"species","Hylesinus aculeatus","Raffaelea crossotarsi",69,6,3,0,6,3,60,0,0,0,NA,1,1,1,1,1,1,"co-occurring",FALSE
"species","Hylesinus aculeatus","Raffaelea subfusca",69,6,3,0,6,3,60,0,0.0250750375187594,0.0500687152664671,-0.500812481113393,1,0.7995,1,1,1,1,"avoiding",FALSE
"species","Hylurgops pinifex","Leptographium gracile",69,11,13,8,3,5,53,0.5,0.360286696495824,0.061382571285223,2.27610705415023,0.065,1,0.13,1,2.01736067507995e-05,0.00342951314763592,"co-occurring",FALSE
"species","Hylurgops pinifex","Ophiostoma denticulatum",69,11,6,4,7,2,56,0.307692307692308,0.247508369569407,0.0447266247969014,1.34559534496934,0.356,1,0.712,1,0.0047777784302959,0.111364635448284,"co-occurring",FALSE
"species","Hylurgops pinifex","Leptographium lundbergii",69,11,7,3,8,4,54,0.2,0.227699564067741,0.0400972167945107,-0.690810143000585,1,0.677,1,1,0.0750561206362443,0.445857440965458,"avoiding",FALSE
"species","Hylurgops pinifex","Sporothrix rossii",69,11,16,4,7,12,46,0.173913043478261,0.149573482393368,0.0290476424327895,0.837918641459799,0.556,1,1,1,0.265208746397885,0.804433240708387,"co-occurring",FALSE
"species","Hylurgops pinifex","Grosmannia francke-grosmanniae",69,11,13,3,8,10,48,0.142857142857143,0.135016859078889,0.0332287715576243,0.235948649641097,0.7155,0.8785,1,1,0.42218928094532,0.955179122018407,"co-occurring",FALSE
"species","Hylurgops pinifex","Ceratocystiopsis manitobensis",69,11,14,3,8,11,47,0.136363636363636,0.163379308701971,0.0270630165729769,-0.998250592851894,1,0.501,1,1,0.682744114537735,1,"avoiding",FALSE
"species","Hylurgops pinifex","Ophiostoma undulatum",69,11,6,2,9,4,54,0.133333333333333,0.109308821077204,0.033542837358435,0.716233752064731,0.661,1,1,1,0.241903983427345,0.772804684477185,"co-occurring",FALSE
"species","Hylurgops pinifex","Ophiostoma pallidulum",69,11,7,2,9,5,53,0.125,0.0823610334579071,0.031687807706456,1.3455953449694,0.356,1,0.712,1,0.308643128543785,0.838570315157714,"co-occurring",FALSE
"species","Hylurgops pinifex","Raffaelea arxii",69,11,9,2,9,7,51,0.111111111111111,0.082885612052674,0.0423465485887323,0.666535998779069,0.4965,0.93,0.993,1,0.627951324127986,1,"co-occurring",FALSE
"species","Hylurgops pinifex","Sporothrix eucastaneae",69,11,10,2,9,8,50,0.105263157894737,0.116075581650476,0.0233941451940916,-0.462185032452896,1,0.824,1,1,0.655510485303691,1,"avoiding",FALSE
"species","Hylurgops pinifex","Raffaelea subfusca",69,11,3,1,10,2,56,0.0769230769230769,0.0508331088621248,0.0364266107059937,0.716233752064648,0.661,1,1,1,0.411077604305837,0.953761237586412,"co-occurring",FALSE
"species","Hylurgops pinifex","Grosmannia cucullata",69,11,4,1,10,3,55,0.0714285714285714,0.0714285714285715,0,NA,1,1,1,1,0.509231336921531,1,"avoiding",FALSE
"species","Hylurgops pinifex","Grosmannia olivacea",69,11,5,1,10,4,54,0.0666666666666667,0.0799304414111801,0.0288974624133642,-0.458994445767643,1,0.826,1,1,1,1,"avoiding",FALSE
"species","Hylurgops pinifex","Ophiostoma denticiliatum",69,11,5,1,10,4,54,0.0666666666666667,0.0800828985921515,0.0290278373020566,-0.462185032452775,1,0.824,1,1,1,1,"avoiding",FALSE
"species","Hylurgops pinifex","Ophiostoma adjuncti",69,11,7,1,10,6,52,0.0588235294117647,0.0918621075243518,0.0330964773265998,-0.998250592851881,1,0.501,1,1,1,1,"avoiding",FALSE
"species","Hylurgops pinifex","Ceratocystiopsis rollhanseniana",69,11,3,0,11,3,55,0,0.0135452341555393,0.0293069511222685,-0.462185032452834,1,0.824,1,1,1,1,"avoiding",FALSE
"species","Hylurgops pinifex","Ceratocystiopsis synnemata",69,11,5,0,11,5,53,0,0,0,NA,1,1,1,1,0.584734208164372,1,"co-occurring",FALSE
"species","Hylurgops pinifex","Ophiostoma karelicum",69,11,3,0,11,3,55,0,0,0,NA,1,1,1,1,1,1,"co-occurring",FALSE
"species","Hylurgops pinifex","Ophiostoma sparsiannulatum",69,11,3,0,11,3,55,0,0,0,NA,1,1,1,1,1,1,"co-occurring",FALSE
"species","Hylurgops pinifex","Raffaelea crossotarsi",69,11,3,0,11,3,55,0,0,0,NA,1,1,1,1,1,1,"co-occurring",FALSE
"species","Ips grandicollis","Leptographium gracile",69,19,13,8,11,5,45,0.333333333333333,0.362157667172786,0.0545890169233447,-0.528024417071451,0.8585,0.5105,1,1,0.00474300003099477,0.111364635448284,"avoiding",TRUE
"species","Ips grandicollis","Ophiostoma denticulatum",69,19,6,5,14,1,49,0.25,0.20204041414647,0.0393570247439349,1.21857752626284,0.3415,1,0.683,1,0.00507628322359018,0.111364635448284,"co-occurring",TRUE
"species","Ips grandicollis","Sporothrix rossii",69,19,16,7,12,9,41,0.25,0.26595066370989,0.0354148766356347,-0.450394445080185,0.857,0.5715,1,1,0.117801345135136,0.548663799259537,"avoiding",TRUE
"species","Ips grandicollis","Ophiostoma adjuncti",69,19,7,5,14,2,48,0.238095238095238,0.201035394414696,0.034317534122135,1.0799098661532,0.4185,1,0.837,1,0.014506745687797,0.186124284296263,"co-occurring",TRUE
"species","Ips grandicollis","Ophiostoma pallidulum",69,19,7,5,14,2,48,0.238095238095238,0.210870445574757,0.0328103466814647,0.829762415642532,0.5635,1,1,1,0.014506745687797,0.186124284296263,"co-occurring",TRUE
"species","Ips grandicollis","Ceratocystiopsis manitobensis",69,19,14,6,13,8,42,0.222222222222222,0.223057041341188,0.0324142190856565,-0.0257547194569059,0.7445,0.745,1,1,0.185632607487925,0.65404234762585,"avoiding",TRUE
"species","Ips grandicollis","Leptographium lundbergii",69,19,7,4,15,3,47,0.181818181818182,0.194529694736322,0.0365355759027621,-0.347921514963156,0.859,0.6455,1,1,0.084920865420541,0.470045563032379,"avoiding",TRUE
"species","Ips grandicollis","Grosmannia olivacea",69,19,5,3,16,2,48,0.142857142857143,0.124825540946644,0.0274055666026856,0.657953990585697,0.68,1,1,1,0.123900110272596,0.550667156767092,"co-occurring",TRUE
"species","Ips grandicollis","Sporothrix eucastaneae",69,19,10,3,16,7,43,0.115384615384615,0.0953330755731952,0.0238803535698518,0.839666789386847,0.5585,1,1,1,1,1,"co-occurring",TRUE
"species","Ips grandicollis","Grosmannia francke-grosmanniae",69,19,13,3,16,10,40,0.103448275862069,0.104494913911744,0.0292624600143356,-0.0357672611654168,0.7525,0.7215,1,1,1,1,"avoiding",TRUE
"species","Ips grandicollis","Ceratocystiopsis rollhanseniana",69,19,3,2,17,1,49,0.1,0.0924009623859518,0.0184518230749732,0.411831263673618,0.855,1,1,1,0.181681108523877,0.65404234762585,"co-occurring",TRUE
"species","Ips grandicollis","Ophiostoma denticiliatum",69,19,5,2,17,3,47,0.0909090909090909,0.0762357463316648,0.0237900766211327,0.616784250471552,0.7105,1,1,1,0.610651337948357,1,"co-occurring",TRUE
"species","Ips grandicollis","Raffaelea arxii",69,19,9,2,17,7,43,0.0769230769230769,0.0712501549920271,0.0287278528087789,0.197471143033574,0.721,0.8475,1,1,1,1,"co-occurring",TRUE
"species","Ips grandicollis","Ophiostoma karelicum",69,19,3,1,18,2,48,0.0476190476190476,0.0476190476190498,0,NA,1,1,1,1,1,1,"avoiding",TRUE
"species","Ips grandicollis","Raffaelea subfusca",69,19,3,1,18,2,48,0.0476190476190476,0.023559398746993,0.0238141672249787,1.01030821883279,0.495,1,0.99,1,1,1,"co-occurring",TRUE
"species","Ips grandicollis","Grosmannia cucullata",69,19,4,1,18,3,47,0.0454545454545455,0.0379053162945117,0.0169203764813783,0.446162008767479,0.834,1,1,1,1,1,"co-occurring",TRUE
"species","Ips grandicollis","Ophiostoma undulatum",69,19,6,1,18,5,45,0.0416666666666667,0.0564004828501207,0.0278394028568371,-0.529243254936971,0.9105,0.5925,1,1,1,1,"avoiding",TRUE
"species","Ips grandicollis","Ceratocystiopsis synnemata",69,19,5,0,19,5,45,0,0,0,NA,1,1,1,1,0.31242683084497,0.838570315157714,"co-occurring",TRUE
"species","Ips grandicollis","Ophiostoma sparsiannulatum",69,19,3,0,19,3,47,0,0,0,NA,1,1,1,1,0.555769744627247,1,"co-occurring",TRUE
"species","Ips grandicollis","Raffaelea crossotarsi",69,19,3,0,19,3,47,0,0,0,NA,1,1,1,1,0.555769744627247,1,"co-occurring",TRUE
"species","Ips pini","Sporothrix eucastaneae",69,5,10,3,2,7,57,0.25,0.0821042389326549,0.0651855401323471,2.5756595822703,0.0425,1,0.085,0.979661016949153,0.0193942027739791,0.206063404473528,"co-occurring",TRUE
"species","Ips pini","Raffaelea crossotarsi",69,5,3,1,4,2,62,0.142857142857143,0.0463088687200742,0.066882577033169,1.44354895429923,0.3245,1,0.649,1,0.204794442111692,0.696301103179753,"co-occurring",TRUE
"species","Ips pini","Ceratocystiopsis manitobensis",69,5,14,2,3,12,52,0.117647058823529,0.10412777000078,0.0630320525600985,0.214482763509232,0.587,0.795,1,1,0.265602931633393,0.804433240708387,"co-occurring",TRUE
"species","Ips pini","Ceratocystiopsis synnemata",69,5,5,1,4,4,60,0.111111111111111,0.116169195708967,0.0892318842852077,-0.0566847224887563,0.738,0.754,1,1,0.321572880682702,0.838570315157714,"avoiding",TRUE
"species","Ips pini","Grosmannia olivacea",69,5,5,1,4,4,60,0.111111111111111,0.0421043855260969,0.0652875345212738,1.05696632735501,0.3305,0.961,0.661,1,0.321572880682702,0.838570315157714,"co-occurring",TRUE
"species","Ips pini","Ophiostoma adjuncti",69,5,7,1,4,6,58,0.0909090909090909,0.0558279139569794,0.0611510502203591,0.573680694373944,0.5165,0.9185,1,1,0.424211904190528,0.955179122018407,"co-occurring",TRUE
"species","Ips pini","Raffaelea arxii",69,5,9,1,4,8,56,0.0769230769230769,0.024935544695425,0.0360136953255524,1.44354895429922,0.3245,1,0.649,1,0.51403606509153,1,"co-occurring",TRUE
"species","Ips pini","Grosmannia francke-grosmanniae",69,5,13,1,4,12,52,0.0588235294117647,0.019068357708266,0.0275398846607165,1.44354895429923,0.3245,1,0.649,1,1,1,"co-occurring",TRUE
"species","Ips pini","Ceratocystiopsis rollhanseniana",69,5,3,0,5,3,61,0,0.0230829700564569,0.0525939863470413,-0.43888991232085,1,0.8385,1,1,1,1,"avoiding",TRUE
"species","Ips pini","Grosmannia cucullata",69,5,4,0,5,4,60,0,0,0,NA,1,1,1,1,1,1,"co-occurring",TRUE
"species","Ips pini","Leptographium gracile",69,5,13,0,5,13,51,0,0,0,NA,1,1,1,1,0.575142191854029,1,"co-occurring",TRUE
"species","Ips pini","Leptographium lundbergii",69,5,7,0,5,7,57,0,0.051480285597345,0.0582736942557302,-0.883422378739663,1,0.509,1,1,1,1,"avoiding",TRUE
"species","Ips pini","Ophiostoma denticiliatum",69,5,5,0,5,5,59,0,0.017953421155022,0.0409064338254773,-0.438889912320839,1,0.8385,1,1,1,1,"avoiding",TRUE
"species","Ips pini","Ophiostoma denticulatum",69,5,6,0,5,6,58,0,0.0161580790395199,0.0368157904429296,-0.438889912320842,1,0.8385,1,1,1,1,"avoiding",TRUE
"species","Ips pini","Ophiostoma karelicum",69,5,3,0,5,3,61,0,0,0,NA,1,1,1,1,1,1,"co-occurring",TRUE
"species","Ips pini","Ophiostoma pallidulum",69,5,7,0,5,7,57,0,0.0146891627631997,0.0334689004026636,-0.438889912320834,1,0.8385,1,1,1,1,"avoiding",TRUE
"species","Ips pini","Ophiostoma sparsiannulatum",69,5,3,0,5,3,61,0,0.0230829700564569,0.0525939863470413,-0.43888991232085,1,0.8385,1,1,1,1,"avoiding",TRUE
"species","Ips pini","Ophiostoma undulatum",69,5,6,0,5,6,58,0,0.0161580790395199,0.0368157904429296,-0.438889912320842,1,0.8385,1,1,1,1,"avoiding",TRUE
"species","Ips pini","Raffaelea subfusca",69,5,3,0,5,3,61,0,0.0820886633793078,0.0946737880762325,-0.867068541856687,1,0.509,1,1,1,1,"avoiding",TRUE
"species","Ips pini","Sporothrix rossii",69,5,16,0,5,16,48,0,0.0382814214124602,0.0387119152411669,-0.988879552302569,1,0.417,0.834,1,0.583112107446955,1,"avoiding",TRUE
"species","Monarthrum fasciatum","Sporothrix eucastaneae",69,6,10,3,3,7,56,0.230769230769231,0.0742657042807107,0.0594939169029036,2.63058031199963,0.0395,1,0.079,0.979661016949153,0.0356653166660038,0.295761162596129,"co-occurring",FALSE
"species","Monarthrum fasciatum","Grosmannia olivacea",69,6,5,2,4,3,60,0.222222222222222,0.0766476492214355,0.0877873597336985,1.65826348397292,0.1535,0.978,0.307,1,0.0565622871993831,0.362061241451369,"co-occurring",FALSE
"species","Monarthrum fasciatum","Ceratocystiopsis synnemata",69,6,5,1,5,4,59,0.1,0.0591795897948962,0.0491624267895683,0.830317233521218,0.592,1,1,1,0.374574999379366,0.896869716823835,"co-occurring",FALSE
"species","Monarthrum fasciatum","Ophiostoma denticulatum",69,6,6,1,5,5,58,0.0909090909090909,0.0637955341307028,0.0611544894001129,0.443361673760259,0.5915,0.908,1,1,0.433208593187551,0.969019221603732,"co-occurring",FALSE
"species","Monarthrum fasciatum","Ophiostoma adjuncti",69,6,7,1,5,6,57,0.0833333333333333,0.0278699956038627,0.0454570146836218,1.22012714903282,0.3005,0.971,0.601,1,0.487188727169689,1,"co-occurring",FALSE
"species","Monarthrum fasciatum","Leptographium gracile",69,6,13,1,5,12,51,0.0555555555555556,0.0694184919257024,0.0472454452981408,-0.293423763553613,0.821,0.6645,1,1,1,1,"avoiding",FALSE
"species","Monarthrum fasciatum","Ceratocystiopsis manitobensis",69,6,14,1,5,13,50,0.0526315789473684,0.065500199360087,0.0515774141798096,-0.249501077503729,0.767,0.659,1,1,1,1,"avoiding",FALSE
"species","Monarthrum fasciatum","Ceratocystiopsis rollhanseniana",69,6,3,0,6,3,60,0,0.0467912527692418,0.0716392032923333,-0.653151495533862,1,0.667,1,1,1,1,"avoiding",FALSE
"species","Monarthrum fasciatum","Grosmannia cucullata",69,6,4,0,6,4,59,0,0.038074592851982,0.0607116872186686,-0.627137781805449,1,0.69,1,1,1,1,"avoiding",FALSE
"species","Monarthrum fasciatum","Grosmannia francke-grosmanniae",69,6,13,0,6,13,50,0,0.0690240953810249,0.0502058047262117,-1.374823006173,1,0.213,0.426,1,0.585763637057678,1,"avoiding",FALSE
"species","Monarthrum fasciatum","Leptographium lundbergii",69,6,7,0,6,7,56,0,0.0564069913744746,0.055245980628122,-1.02101529800272,1,0.4245,0.849,1,1,1,"avoiding",FALSE
"species","Monarthrum fasciatum","Ophiostoma denticiliatum",69,6,5,0,6,5,58,0,0.0535990217330883,0.0727929830877474,-0.73632126970917,1,0.5755,1,1,1,1,"avoiding",FALSE
"species","Monarthrum fasciatum","Ophiostoma karelicum",69,6,3,0,6,3,60,0,0.0685878653612522,0.0915289249953929,-0.749357270007318,1,0.563,1,1,1,1,"avoiding",FALSE
"species","Monarthrum fasciatum","Ophiostoma pallidulum",69,6,7,0,6,7,56,0,0.060593933330301,0.0650608034950433,-0.931343144800193,1,0.442,0.884,1,1,1,"avoiding",FALSE
"species","Monarthrum fasciatum","Ophiostoma sparsiannulatum",69,6,3,0,6,3,60,0,0.0434949617665976,0.0709977014055133,-0.612624928772976,1,0.694,1,1,1,1,"avoiding",FALSE
"species","Monarthrum fasciatum","Ophiostoma undulatum",69,6,6,0,6,6,57,0,0.0646474752527789,0.0705365794268332,-0.916509926878961,1,0.4515,0.903,1,1,1,"avoiding",FALSE
"species","Monarthrum fasciatum","Raffaelea arxii",69,6,9,0,6,9,54,0,0.0499810344732803,0.0500673427391134,-0.998276156450266,1,0.431,0.862,1,1,1,"avoiding",FALSE
"species","Monarthrum fasciatum","Raffaelea crossotarsi",69,6,3,0,6,3,60,0,0.0644340027156437,0.0791935977397748,-0.813626411157247,1,0.551,1,1,1,1,"avoiding",FALSE
"species","Monarthrum fasciatum","Raffaelea subfusca",69,6,3,0,6,3,60,0,0.0221985992996498,0.0477827298017422,-0.464573694130812,1,0.8225,1,1,1,1,"avoiding",FALSE
"species","Monarthrum fasciatum","Sporothrix rossii",69,6,16,0,6,16,47,0,0.0692813899209668,0.054125230217631,-1.28002023533932,1,0.207,0.414,1,0.32385994926553,0.838570315157714,"avoiding",FALSE
"species","Monarthrum mali","Ceratocystiopsis manitobensis",69,19,14,6,13,8,42,0.222222222222222,0.183605655884724,0.0547219275990241,0.705687245165441,0.368,0.879,0.736,1,0.185632607487925,0.65404234762585,"co-occurring",FALSE
"species","Monarthrum mali","Sporothrix rossii",69,19,16,6,13,10,40,0.206896551724138,0.208119237323738,0.0578169571379763,-0.0211475259184225,0.6225,0.659,1,1,0.347299703994792,0.87145313179505,"avoiding",FALSE
"species","Monarthrum mali","Ophiostoma denticulatum",69,19,6,4,15,2,48,0.19047619047619,0.15616143757932,0.0526831368605905,0.65134224994373,0.423,0.8875,0.846,1,0.0446842255732587,0.321650855036558,"co-occurring",FALSE
"species","Monarthrum mali","Leptographium gracile",69,19,13,5,14,8,42,0.185185185185185,0.225246039480559,0.0638830935234864,-0.627096342487633,0.833,0.41,0.82,1,0.325953908493068,0.838570315157714,"avoiding",FALSE
"species","Monarthrum mali","Leptographium lundbergii",69,19,7,4,15,3,47,0.181818181818182,0.149374655330677,0.0507588647954842,0.639169662643654,0.4315,0.8855,0.863,1,0.084920865420541,0.470045563032379,"co-occurring",FALSE
"species","Monarthrum mali","Ophiostoma sparsiannulatum",69,19,3,3,16,0,50,0.157894736842105,0.0400027081209786,0.0374160157396397,3.15084400064083,0.0155,1,0.031,0.68,0.018494484101233,0.206063404473528,"co-occurring",FALSE
"species","Monarthrum mali","Grosmannia francke-grosmanniae",69,19,13,4,15,9,41,0.142857142857143,0.173525989521164,0.0606278779608963,-0.505853869465816,0.7945,0.452,0.904,1,0.742467165815336,1,"avoiding",FALSE
"species","Monarthrum mali","Grosmannia olivacea",69,19,5,3,16,2,48,0.142857142857143,0.0941700663996592,0.0483231024973518,1.00753209006296,0.3015,0.9385,0.603,1,0.123900110272596,0.550667156767092,"co-occurring",FALSE
"species","Monarthrum mali","Ophiostoma denticiliatum",69,19,5,3,16,2,48,0.142857142857143,0.093140733640617,0.0508221080091036,0.978243743994647,0.3065,0.935,0.613,1,0.123900110272596,0.550667156767092,"co-occurring",FALSE
"species","Monarthrum mali","Ophiostoma undulatum",69,19,6,3,16,3,47,0.136363636363636,0.0786779376889638,0.0445608412250182,1.29453791914246,0.2155,0.966,0.431,1,0.335673845374384,0.845400795757707,"co-occurring",FALSE
"species","Monarthrum mali","Ophiostoma pallidulum",69,19,7,3,16,4,46,0.130434782608696,0.150127302895805,0.0627204050744092,-0.313973104346925,0.7495,0.5655,1,1,0.384342428130839,0.907873924613934,"avoiding",FALSE
"species","Monarthrum mali","Raffaelea crossotarsi",69,19,3,2,17,1,49,0.1,0.0484899091149592,0.0392438168575204,1.31256577493608,0.2465,0.976,0.493,1,0.181681108523877,0.65404234762585,"co-occurring",FALSE
"species","Monarthrum mali","Grosmannia cucullata",69,19,4,2,17,2,48,0.0952380952380952,0.0621412437820659,0.0416739000054883,0.794186564052576,0.3935,0.917,0.787,1,0.302834814534628,0.838570315157714,"co-occurring",FALSE
"species","Monarthrum mali","Raffaelea arxii",69,19,9,2,17,7,43,0.0769230769230769,0.100654400260725,0.0536010954023731,-0.442739521636664,0.789,0.5125,1,1,1,1,"avoiding",FALSE
"species","Monarthrum mali","Sporothrix eucastaneae",69,19,10,2,17,8,42,0.0740740740740741,0.140605715154621,0.0519912476624917,-1.27967002277856,0.966,0.185,0.37,1,0.715356626135887,1,"avoiding",FALSE
"species","Monarthrum mali","Ceratocystiopsis rollhanseniana",69,19,3,1,18,2,48,0.0476190476190476,0.067452899382022,0.0448150941420798,-0.442570793226362,0.8375,0.5755,1,1,1,1,"avoiding",FALSE
"species","Monarthrum mali","Ophiostoma karelicum",69,19,3,1,18,2,48,0.0476190476190476,0.0489548032161453,0.0387897311973218,-0.0344358044221218,0.7315,0.7575,1,1,1,1,"avoiding",FALSE
"species","Monarthrum mali","Raffaelea subfusca",69,19,3,1,18,2,48,0.0476190476190476,0.0232116058029019,0.0285176503714411,0.855871416411939,0.436,0.953,0.872,1,1,1,"co-occurring",FALSE
"species","Monarthrum mali","Ophiostoma adjuncti",69,19,7,1,18,6,44,0.04,0.126355736686338,0.0500480858623179,-1.72545533357464,0.994,0.086,0.172,1,0.664186778980458,1,"avoiding",FALSE
"species","Monarthrum mali","Ceratocystiopsis synnemata",69,19,5,0,19,5,45,0,0.0146812536703135,0.0205666664124634,-0.713837302355265,1,0.6625,1,1,0.31242683084497,0.838570315157714,"avoiding",FALSE
"species","Orthotomicus caelatus","Sporothrix rossii",69,27,16,9,18,7,35,0.264705882352941,0.2254954458495,0.0459564577011578,0.853208416506243,0.3205,0.9015,0.641,1,0.146355705687924,0.609757536428529,"co-occurring",FALSE
"species","Orthotomicus caelatus","Leptographium gracile",69,27,13,8,19,5,37,0.25,0.239138692591364,0.0483039452590083,0.22485342243573,0.5435,0.7515,1,1,0.112508352798571,0.538772393683297,"co-occurring",FALSE
"species","Orthotomicus caelatus","Ceratocystiopsis manitobensis",69,27,14,8,19,6,36,0.242424242424242,0.268232868106609,0.0595930156006429,-0.433081384156169,0.7595,0.47,0.94,1,0.138199213893104,0.601672803740341,"avoiding",FALSE
"species","Orthotomicus caelatus","Sporothrix eucastaneae",69,27,10,7,20,3,39,0.233333333333333,0.166304300562455,0.0466826117834093,1.43584581517995,0.1525,0.9715,0.305,1,0.0405337634988622,0.31321544521848,"co-occurring",FALSE
"species","Orthotomicus caelatus","Ophiostoma denticulatum",69,27,6,5,22,1,41,0.178571428571429,0.154028299528579,0.0381647266868405,0.643084103398331,0.458,0.8855,0.916,1,0.030753651528454,0.275164250517746,"co-occurring",FALSE
"species","Orthotomicus caelatus","Leptographium lundbergii",69,27,7,5,22,2,40,0.172413793103448,0.170782602709091,0.0416208102884631,0.0391917020128072,0.6535,0.705,1,1,0.101777354797739,0.497728747566515,"co-occurring",FALSE
"species","Orthotomicus caelatus","Grosmannia francke-grosmanniae",69,27,13,5,22,8,34,0.142857142857143,0.123588458255794,0.0360113913161284,0.535071928551648,0.457,0.842,0.914,1,1,1,"co-occurring",FALSE
"species","Orthotomicus caelatus","Ophiostoma adjuncti",69,27,7,4,23,3,39,0.133333333333333,0.154094044483747,0.0435494360521998,-0.476715958515041,0.822,0.492,0.984,1,0.419796723774756,0.955179122018407,"avoiding",FALSE
"species","Orthotomicus caelatus","Ophiostoma pallidulum",69,27,7,4,23,3,39,0.133333333333333,0.14310690544984,0.0431545983344997,-0.226478115744461,0.747,0.596,1,1,0.419796723774756,0.955179122018407,"avoiding",FALSE
"species","Orthotomicus caelatus","Ceratocystiopsis synnemata",69,27,5,3,24,2,40,0.103448275862069,0.0670135321911698,0.0303951747228427,1.19870157033569,0.2675,0.9705,0.535,1,0.372551333081165,0.896869716823835,"co-occurring",FALSE
"species","Orthotomicus caelatus","Grosmannia olivacea",69,27,5,3,24,2,40,0.103448275862069,0.108542553966154,0.0391753533670504,-0.130037834154401,0.728,0.6345,1,1,0.372551333081165,0.896869716823835,"avoiding",FALSE
"species","Orthotomicus caelatus","Ceratocystiopsis rollhanseniana",69,27,3,2,25,1,41,0.0714285714285714,0.0668124155126272,0.0316594752411021,0.145806457017685,0.6715,0.7635,1,1,0.556304156964538,1,"co-occurring",FALSE
"species","Orthotomicus caelatus","Raffaelea subfusca",69,27,3,2,25,1,41,0.0714285714285714,0.0580795323770248,0.0307089171821921,0.434695856332169,0.576,0.865,1,1,0.556304156964538,1,"co-occurring",FALSE
"species","Orthotomicus caelatus","Ophiostoma denticiliatum",69,27,5,2,25,3,39,0.0666666666666667,0.0744682262207416,0.0318369623276698,-0.245047233896887,0.791,0.6215,1,1,1,1,"avoiding",FALSE
"species","Orthotomicus caelatus","Ophiostoma undulatum",69,27,6,2,25,4,38,0.0645161290322581,0.0598993044909542,0.0268433301038155,0.171991497457599,0.679,0.793,1,1,1,1,"co-occurring",FALSE
"species","Orthotomicus caelatus","Raffaelea arxii",69,27,9,2,25,7,35,0.0588235294117647,0.0870671945425893,0.0356633248965085,-0.791952663213118,0.902,0.374,0.748,1,0.465818967986821,1,"avoiding",FALSE
"species","Orthotomicus caelatus","Ophiostoma karelicum",69,27,3,1,26,2,40,0.0344827586206897,0.0231667557916893,0.0161952549477713,0.698723352333369,0.672,1,1,1,1,1,"co-occurring",FALSE
"species","Orthotomicus caelatus","Grosmannia cucullata",69,27,4,1,26,3,39,0.0333333333333333,0.0339779084944768,0.0181277855934363,-0.0355573027836815,0.867,0.8575,1,1,1,1,"avoiding",FALSE
"species","Orthotomicus caelatus","Ophiostoma sparsiannulatum",69,27,3,0,27,3,39,0,0.0237520237951491,0.0222277212532006,-1.06857664465848,1,0.4085,0.817,1,0.274936061381074,0.811526781676036,"avoiding",FALSE
"species","Orthotomicus caelatus","Raffaelea crossotarsi",69,27,3,0,27,3,39,0,0.0358134732390824,0.0221632759204156,-1.61589258590121,1,0.1805,0.361,1,0.274936061381074,0.811526781676036,"avoiding",FALSE
"species","Phloeotribus liminaris","Sporothrix eucastaneae",69,5,10,4,1,6,58,0.363636363636364,0.124859632613513,0.0828665667834385,2.88146040425283,0.024,0.999,0.048,0.836923076923077,0.00112488191275839,0.0509946467117137,"co-occurring",FALSE
"species","Phloeotribus liminaris","Ophiostoma sparsiannulatum",69,5,3,1,4,2,62,0.142857142857143,0.0755615903189683,0.0965088217034126,0.697299493977709,0.4405,0.9335,0.881,1,0.204794442111692,0.696301103179753,"co-occurring",FALSE
"species","Phloeotribus liminaris","Grosmannia cucullata",69,5,4,1,4,3,61,0.125,0.0418334167083542,0.058999013953874,1.4096266652298,0.335,1,0.67,1,0.265037287406261,0.804433240708387,"co-occurring",FALSE
"species","Phloeotribus liminaris","Ceratocystiopsis synnemata",69,5,5,1,4,4,60,0.111111111111111,0.137445706980475,0.106358139158806,-0.2476030144721,0.7835,0.69,1,1,0.321572880682702,0.838570315157714,"avoiding",FALSE
"species","Phloeotribus liminaris","Grosmannia olivacea",69,5,5,1,4,4,60,0.111111111111111,0.0437301984325502,0.0641281081145677,1.05072353854852,0.352,0.9665,0.704,1,0.321572880682702,0.838570315157714,"co-occurring",FALSE
"species","Phloeotribus liminaris","Ophiostoma denticiliatum",69,5,5,1,4,4,60,0.111111111111111,0.0584458896114733,0.0706487094832199,0.745451996007748,0.4575,0.945,0.915,1,0.321572880682702,0.838570315157714,"co-occurring",FALSE
"species","Phloeotribus liminaris","Ophiostoma pallidulum",69,5,7,1,4,6,58,0.0909090909090909,0.0475692391650378,0.0571303494469592,0.75861345438278,0.4575,0.945,0.915,1,0.424211904190528,0.955179122018407,"co-occurring",FALSE
"species","Phloeotribus liminaris","Raffaelea arxii",69,5,9,1,4,8,56,0.0769230769230769,0.0533022921717281,0.0541209438984604,0.436444434444182,0.563,0.8885,1,1,0.51403606509153,1,"co-occurring",FALSE
"species","Phloeotribus liminaris","Grosmannia francke-grosmanniae",69,5,13,1,4,12,52,0.0588235294117647,0.0831290645322672,0.0512329137981556,-0.474412507870625,0.871,0.5885,1,1,1,1,"avoiding",FALSE
"species","Phloeotribus liminaris","Ceratocystiopsis manitobensis",69,5,14,1,4,13,51,0.0555555555555556,0.0537611534525444,0.0461386950456533,0.0388914792938044,0.686,0.771,1,1,1,1,"co-occurring",FALSE
"species","Phloeotribus liminaris","Ceratocystiopsis rollhanseniana",69,5,3,0,5,3,61,0,0.0253698277710285,0.0546088340591336,-0.464573694130818,1,0.8225,1,1,1,1,"avoiding",FALSE
"species","Phloeotribus liminaris","Leptographium gracile",69,5,13,0,5,13,51,0,0.0201277109142808,0.0279150150860054,-0.721035287004788,1,0.658,1,1,0.575142191854029,1,"avoiding",FALSE
"species","Phloeotribus liminaris","Leptographium lundbergii",69,5,7,0,5,7,57,0,0.0349629360134617,0.0515354395791152,-0.678425105112143,1,0.654,1,1,1,1,"avoiding",FALSE
"species","Phloeotribus liminaris","Ophiostoma adjuncti",69,5,7,0,5,7,57,0,0.0182363909227341,0.0364136111028849,-0.500812481113397,1,0.7995,1,1,1,1,"avoiding",FALSE
"species","Phloeotribus liminaris","Ophiostoma denticulatum",69,5,6,0,5,6,58,0,0.01775887943972,0.0382261838413933,-0.46457369413082,1,0.8225,1,1,1,1,"avoiding",FALSE
"species","Phloeotribus liminaris","Ophiostoma karelicum",69,5,3,0,5,3,61,0,0,0,NA,1,1,1,1,1,1,"co-occurring",FALSE
"species","Phloeotribus liminaris","Ophiostoma undulatum",69,5,6,0,5,6,58,0,0.01775887943972,0.0382261838413933,-0.46457369413082,1,0.8225,1,1,1,1,"avoiding",FALSE
"species","Phloeotribus liminaris","Raffaelea crossotarsi",69,5,3,0,5,3,61,0,0.0485242621310654,0.0676736613436456,-0.717033202691074,1,0.6605,1,1,1,1,"avoiding",FALSE
"species","Phloeotribus liminaris","Raffaelea subfusca",69,5,3,0,5,3,61,0,0.0555515853164674,0.0829829461296289,-0.669433756059823,1,0.654,1,1,1,1,"avoiding",FALSE
"species","Phloeotribus liminaris","Sporothrix rossii",69,5,16,0,5,16,48,0,0.0473295471265041,0.0447890596199177,-1.05672116200128,1,0.352,0.704,1,0.583112107446955,1,"avoiding",FALSE
"species","Pityogenes hopkinsi","Sporothrix rossii",69,19,16,10,9,6,44,0.4,0.25975264514908,0.0621121589504293,2.25796940922387,0.048,0.9895,0.096,1,0.000857323506115396,0.0485816653465391,"co-occurring",FALSE
"species","Pityogenes hopkinsi","Ceratocystiopsis manitobensis",69,19,14,8,11,6,44,0.32,0.228550838514144,0.062336954614765,1.46701362058831,0.149,0.9605,0.298,1,0.0152483614472249,0.192016403409498,"co-occurring",FALSE
"species","Pityogenes hopkinsi","Grosmannia francke-grosmanniae",69,19,13,7,12,6,44,0.28,0.10981647821941,0.043329084331391,3.92769716708035,0.001,1,0.002,0.194285714285714,0.0346405070363353,0.29444430980885,"co-occurring",FALSE
"species","Pityogenes hopkinsi","Leptographium gracile",69,19,13,7,12,6,44,0.28,0.151206361745425,0.0410336814517251,3.138729787287,0.009,1,0.018,0.523076923076923,0.0346405070363353,0.29444430980885,"co-occurring",FALSE
"species","Pityogenes hopkinsi","Sporothrix eucastaneae",69,19,10,6,13,4,46,0.260869565217391,0.145923269941802,0.0543293870051377,2.11572965593592,0.0545,0.9935,0.109,1,0.021566775884163,0.225621655403552,"co-occurring",FALSE
"species","Pityogenes hopkinsi","Ophiostoma denticulatum",69,19,6,5,14,1,49,0.25,0.164936197654932,0.0521984927410209,1.62962181239804,0.1365,0.986,0.273,1,0.00507628322359018,0.111364635448284,"co-occurring",FALSE
"species","Pityogenes hopkinsi","Leptographium lundbergii",69,19,7,5,14,2,48,0.238095238095238,0.17687169770904,0.0565600773375559,1.0824514970305,0.269,0.948,0.538,1,0.014506745687797,0.186124284296263,"co-occurring",FALSE
"species","Pityogenes hopkinsi","Ophiostoma pallidulum",69,19,7,5,14,2,48,0.238095238095238,0.124162333378247,0.0462118376589345,2.46544847573193,0.037,1,0.074,0.979661016949153,0.014506745687797,0.186124284296263,"co-occurring",FALSE
"species","Pityogenes hopkinsi","Raffaelea arxii",69,19,9,5,14,4,46,0.217391304347826,0.0765157569494529,0.0373976902101225,3.7669585101874,0.001,1,0.002,0.194285714285714,0.102003430956505,0.497728747566515,"co-occurring",FALSE
"species","Pityogenes hopkinsi","Ophiostoma denticiliatum",69,19,5,4,15,1,49,0.2,0.092668525115183,0.0446463375456461,2.40403761618928,0.0425,1,0.085,0.979661016949153,0.0182789306734797,0.206063404473528,"co-occurring",FALSE
"species","Pityogenes hopkinsi","Ophiostoma adjuncti",69,19,7,4,15,3,47,0.181818181818182,0.161235384302353,0.0495253059129572,0.415601622976419,0.523,0.842,1,1,0.084920865420541,0.470045563032379,"co-occurring",FALSE
"species","Pityogenes hopkinsi","Ceratocystiopsis rollhanseniana",69,19,3,3,16,0,50,0.157894736842105,0.0647056611012278,0.0363616920672378,2.56283661300904,0.041,1,0.082,0.979661016949153,0.018494484101233,0.206063404473528,"co-occurring",FALSE
"species","Pityogenes hopkinsi","Grosmannia olivacea",69,19,5,3,16,2,48,0.142857142857143,0.104154713393428,0.0497806798534788,0.77745883699517,0.378,0.911,0.756,1,0.123900110272596,0.550667156767092,"co-occurring",FALSE
"species","Pityogenes hopkinsi","Ophiostoma undulatum",69,19,6,3,16,3,47,0.136363636363636,0.0574760724047324,0.0407493787683022,1.93592065310867,0.095,0.9935,0.19,1,0.335673845374384,0.845400795757707,"co-occurring",FALSE
"species","Pityogenes hopkinsi","Ophiostoma sparsiannulatum",69,19,3,2,17,1,49,0.1,0.0318921365444635,0.032761864014455,2.07887632478684,0.1095,1,0.219,1,0.181681108523877,0.65404234762585,"co-occurring",FALSE
"species","Pityogenes hopkinsi","Raffaelea crossotarsi",69,19,3,2,17,1,49,0.1,0.0391366109119732,0.0346957895407473,1.75420101094825,0.1435,0.99,0.287,1,0.181681108523877,0.65404234762585,"co-occurring",FALSE
"species","Pityogenes hopkinsi","Raffaelea subfusca",69,19,3,2,17,1,49,0.1,0.0350937373448637,0.0335657161765337,1.93370706925399,0.1315,1,0.263,1,0.181681108523877,0.65404234762585,"co-occurring",FALSE
"species","Pityogenes hopkinsi","Grosmannia cucullata",69,19,4,2,17,2,48,0.0952380952380952,0.0388319700976035,0.0343913013948096,1.64012767336,0.1655,0.987,0.331,1,0.302834814534628,0.838570315157714,"co-occurring",FALSE
"species","Pityogenes hopkinsi","Ceratocystiopsis synnemata",69,19,5,2,17,3,47,0.0909090909090909,0.072543329824144,0.0376631685388469,0.487631864164693,0.5405,0.879,1,1,0.610651337948357,1,"co-occurring",FALSE
"species","Pityogenes hopkinsi","Ophiostoma karelicum",69,19,3,1,18,2,48,0.0476190476190476,0.0325175118887772,0.0354957154779625,0.425446720172359,0.5325,0.872,1,1,1,1,"co-occurring",FALSE
"species","Pityophthorus cariniceps","Sporothrix eucastaneae",69,8,10,2,6,8,53,0.125,0.13508434081294,0.0799342901885715,-0.126157882795356,0.689,0.676,1,1,0.326795784583521,0.838570315157714,"avoiding",FALSE
"species","Pityophthorus cariniceps","Ceratocystiopsis manitobensis",69,8,14,2,6,12,49,0.1,0.150299419329794,0.0709071605301229,-0.709370096810259,0.8825,0.415,0.83,1,0.660227962571435,1,"avoiding",FALSE
"species","Pityophthorus cariniceps","Sporothrix rossii",69,8,16,2,6,14,47,0.0909090909090909,0.114857312753972,0.0576537274794807,-0.415380286615542,0.7935,0.554,1,1,1,1,"avoiding",FALSE
"species","Pityophthorus cariniceps","Grosmannia olivacea",69,8,5,1,7,4,57,0.0833333333333333,0.0758874386688298,0.0768135803689542,0.0969346127174275,0.623,0.7985,1,1,0.47064642804613,1,"co-occurring",FALSE
"species","Pityophthorus cariniceps","Ophiostoma undulatum",69,8,6,1,7,5,56,0.0769230769230769,0.0410205102551284,0.04823791280914,0.744281097111354,0.467,0.943,0.934,1,0.536815624540364,1,"co-occurring",FALSE
"species","Pityophthorus cariniceps","Leptographium lundbergii",69,8,7,1,7,6,55,0.0714285714285714,0.148989704642533,0.0897582058717583,-0.864111893287798,0.934,0.378,0.756,1,1,1,"avoiding",FALSE
"species","Pityophthorus cariniceps","Grosmannia francke-grosmanniae",69,8,13,1,7,12,49,0.05,0.0890424056197358,0.0563289145796399,-0.693114822309175,0.886,0.443,0.886,1,1,1,"avoiding",FALSE
"species","Pityophthorus cariniceps","Leptographium gracile",69,8,13,1,7,12,49,0.05,0.119198150416799,0.0587859886347868,-1.17711978693934,0.9775,0.2535,0.507,1,1,1,"avoiding",FALSE
"species","Pityophthorus cariniceps","Ceratocystiopsis rollhanseniana",69,8,3,0,8,3,58,0,0.0494928019565334,0.0672364576957323,-0.736100675923545,1,0.5895,1,1,1,1,"avoiding",FALSE
"species","Pityophthorus cariniceps","Ceratocystiopsis synnemata",69,8,5,0,8,5,56,0,0.04766019373323,0.0533684584004003,-0.893040480496108,1,0.504,1,1,1,1,"avoiding",FALSE
"species","Pityophthorus cariniceps","Grosmannia cucullata",69,8,4,0,8,4,57,0,0.0468688889899502,0.0569605969505467,-0.822830017575868,1,0.5495,1,1,1,1,"avoiding",FALSE
"species","Pityophthorus cariniceps","Ophiostoma adjuncti",69,8,7,0,8,7,54,0,0.107708574567007,0.0765147071234722,-1.40768459576271,1,0.168,0.336,1,0.58828055514699,1,"avoiding",FALSE
"species","Pityophthorus cariniceps","Ophiostoma denticiliatum",69,8,5,0,8,5,56,0,0.0726967018862969,0.073244239156993,-0.992524500534132,1,0.3865,0.773,1,1,1,"avoiding",FALSE
"species","Pityophthorus cariniceps","Ophiostoma denticulatum",69,8,6,0,8,6,55,0,0.125405476631087,0.0810184417173943,-1.54786335027921,1,0.1095,0.219,1,1,1,"avoiding",FALSE
"species","Pityophthorus cariniceps","Ophiostoma karelicum",69,8,3,0,8,3,58,0,0.0156078039019511,0.0363020122751458,-0.429943215920208,1,0.844,1,1,1,1,"avoiding",FALSE
"species","Pityophthorus cariniceps","Ophiostoma pallidulum",69,8,7,0,8,7,54,0,0.103144479332576,0.0807832134047164,-1.27680584846052,1,0.2015,0.403,1,0.58828055514699,1,"avoiding",FALSE
"species","Pityophthorus cariniceps","Ophiostoma sparsiannulatum",69,8,3,0,8,3,58,0,0.0347118003446169,0.0552797248979589,-0.627930048651501,1,0.6885,1,1,1,1,"avoiding",FALSE
"species","Pityophthorus cariniceps","Raffaelea arxii",69,8,9,0,8,9,52,0,0.0416791729197933,0.0453398979229812,-0.919260404833591,1,0.4655,0.931,1,0.584299283790853,1,"avoiding",FALSE
"species","Pityophthorus cariniceps","Raffaelea crossotarsi",69,8,3,0,8,3,58,0,0.0339669834917461,0.0473715629405521,-0.717033202691079,1,0.6605,1,1,1,1,"avoiding",FALSE
"species","Pityophthorus cariniceps","Raffaelea subfusca",69,8,3,0,8,3,58,0,0.0590017230837634,0.066369273213152,-0.888991550265634,1,0.4995,0.999,1,1,1,"avoiding",FALSE
"species","Pityophthorus consimilis","Sporothrix eucastaneae",69,5,10,3,2,7,57,0.25,0.0792978907035951,0.0628778861478002,2.71481946602267,0.0335,1,0.067,0.963333333333333,0.0193942027739791,0.206063404473528,"co-occurring",FALSE
"species","Pityophthorus consimilis","Ceratocystiopsis manitobensis",69,5,14,3,2,11,53,0.1875,0.0812185095815889,0.057636033818335,1.84401117456145,0.1145,0.9925,0.229,1,0.0531740275604077,0.358179230806386,"co-occurring",FALSE
"species","Pityophthorus consimilis","Raffaelea subfusca",69,5,3,1,4,2,62,0.142857142857143,0.0839181495509653,0.107444538749707,0.548552713725884,0.4595,0.9095,0.919,1,0.204794442111692,0.696301103179753,"co-occurring",FALSE
"species","Pityophthorus consimilis","Leptographium gracile",69,5,13,2,3,11,53,0.125,0.092703704793574,0.0545720233973089,0.591810477161428,0.4935,0.898,0.987,1,0.235255945337252,0.762538020796492,"co-occurring",FALSE
"species","Pityophthorus consimilis","Grosmannia olivacea",69,5,5,1,4,4,60,0.111111111111111,0.0612290272120195,0.0798639067291608,0.624588577519187,0.442,0.919,0.884,1,0.321572880682702,0.838570315157714,"co-occurring",FALSE
"species","Pityophthorus consimilis","Ophiostoma denticulatum",69,5,6,1,4,5,59,0.1,0.0703796342615743,0.0677272514191616,0.437347819640669,0.5915,0.908,1,1,0.374574999379366,0.896869716823835,"co-occurring",FALSE
"species","Pityophthorus consimilis","Ophiostoma undulatum",69,5,6,1,4,5,59,0.1,0.0554346617753317,0.0741787718758758,0.600782907261393,0.4325,0.9095,0.865,1,0.374574999379366,0.896869716823835,"co-occurring",FALSE
"species","Pityophthorus consimilis","Ophiostoma adjuncti",69,5,7,1,4,6,58,0.0909090909090909,0.0499037397486629,0.065944186606275,0.621819045327736,0.4325,0.9095,0.865,1,0.424211904190528,0.955179122018407,"co-occurring",FALSE
"species","Pityophthorus consimilis","Raffaelea arxii",69,5,9,1,4,8,56,0.0769230769230769,0.0536037249393939,0.0547939915405187,0.425582282437647,0.5605,0.883,1,1,0.51403606509153,1,"co-occurring",FALSE
"species","Pityophthorus consimilis","Grosmannia francke-grosmanniae",69,5,13,1,4,12,52,0.0588235294117647,0.0528293558543988,0.0488289043775579,0.122758715022916,0.6475,0.801,1,1,1,1,"co-occurring",FALSE
"species","Pityophthorus consimilis","Sporothrix rossii",69,5,16,1,4,15,49,0.05,0.0555978711750094,0.0499146478291255,-0.112148866484498,0.6975,0.71,1,1,1,1,"avoiding",FALSE
"species","Pityophthorus consimilis","Ceratocystiopsis rollhanseniana",69,5,3,0,5,3,61,0,0.0503823340241547,0.0798588148151415,-0.630892583877942,1,0.6835,1,1,1,1,"avoiding",FALSE
"species","Pityophthorus consimilis","Ceratocystiopsis synnemata",69,5,5,0,5,5,59,0,0.0222889222388974,0.0445055246813041,-0.500812481113395,1,0.7995,1,1,1,1,"avoiding",FALSE
"species","Pityophthorus consimilis","Grosmannia cucullata",69,5,4,0,5,4,60,0,0.0218859429714857,0.0475171324405645,-0.460590566967844,1,0.825,1,1,1,1,"avoiding",FALSE
"species","Pityophthorus consimilis","Leptographium lundbergii",69,5,7,0,5,7,57,0,0.0824290933345469,0.0756929913947774,-1.08899241284622,1,0.339,0.678,1,1,1,"avoiding",FALSE
"species","Pityophthorus consimilis","Ophiostoma denticiliatum",69,5,5,0,5,5,59,0,0.0399922183313884,0.0620771955636117,-0.644233650832497,1,0.6765,1,1,1,1,"avoiding",FALSE
"species","Pityophthorus consimilis","Ophiostoma karelicum",69,5,3,0,5,3,61,0,0.0237261487886802,0.0531783260843317,-0.44616200876753,1,0.834,1,1,1,1,"avoiding",FALSE
"species","Pityophthorus consimilis","Ophiostoma pallidulum",69,5,7,0,5,7,57,0,0.0641260023951379,0.0709392211389356,-0.903956955906608,1,0.4575,0.915,1,1,1,"avoiding",FALSE
"species","Pityophthorus consimilis","Ophiostoma sparsiannulatum",69,5,3,0,5,3,61,0,0.0253698277710285,0.0546088340591336,-0.464573694130818,1,0.8225,1,1,1,1,"avoiding",FALSE
"species","Pityophthorus consimilis","Raffaelea crossotarsi",69,5,3,0,5,3,61,0,0.0485242621310654,0.0676736613436456,-0.717033202691074,1,0.6605,1,1,1,1,"avoiding",FALSE
"species","Pityophthorus lautus","Ceratocystiopsis synnemata",69,4,5,1,3,4,61,0.125,0.040520260130065,0.0585222549040237,1.44354895429921,0.3245,1,0.649,1,0.265037287406261,0.804433240708387,"co-occurring",FALSE
"species","Pityophthorus lautus","Sporothrix eucastaneae",69,4,10,1,3,9,56,0.0769230769230769,0.0944662307843883,0.0670048273424082,-0.261819253285474,0.7975,0.6665,1,1,0.473539070515824,1,"avoiding",FALSE
"species","Pityophthorus lautus","Grosmannia francke-grosmanniae",69,4,13,1,3,12,53,0.0625,0.0881071488125015,0.0560168130843747,-0.457133267719659,0.863,0.5955,1,1,0.575142191854029,1,"avoiding",FALSE
"species","Pityophthorus lautus","Leptographium gracile",69,4,13,1,3,12,53,0.0625,0.0202601300650325,0.0292611274520118,1.44354895429921,0.3245,1,0.649,1,0.575142191854029,1,"co-occurring",FALSE
"species","Pityophthorus lautus","Sporothrix rossii",69,4,16,1,3,15,50,0.0526315789473684,0.0354470320815729,0.0388126543988629,0.442756289976884,0.5315,0.881,1,1,1,1,"co-occurring",FALSE
"species","Pityophthorus lautus","Ceratocystiopsis manitobensis",69,4,14,0,4,14,51,0,0.0188917988405969,0.0274728919116055,-0.687652355688711,1,0.679,1,1,0.575142191854029,1,"avoiding",FALSE
"species","Pityophthorus lautus","Ceratocystiopsis rollhanseniana",69,4,3,0,4,3,62,0,0.0268467567116891,0.0612828674288242,-0.438079317076175,1,0.839,1,1,1,1,"avoiding",FALSE
"species","Pityophthorus lautus","Grosmannia cucullata",69,4,4,0,4,4,61,0,0.0477381547916814,0.067402356420678,-0.708256466491075,1,0.666,1,1,1,1,"avoiding",FALSE
"species","Pityophthorus lautus","Grosmannia olivacea",69,4,5,0,4,5,60,0,0.0201350675337669,0.0459621505716175,-0.438079317076183,1,0.839,1,1,1,1,"avoiding",FALSE
"species","Pityophthorus lautus","Leptographium lundbergii",69,4,7,0,4,7,58,0,0.0161080540270136,0.0367697204572949,-0.438079317076175,1,0.839,1,1,1,1,"avoiding",FALSE
"species","Pityophthorus lautus","Ophiostoma adjuncti",69,4,7,0,4,7,58,0,0,0,NA,1,1,1,1,1,1,"co-occurring",FALSE
"species","Pityophthorus lautus","Ophiostoma denticiliatum",69,4,5,0,4,5,60,0,0.0872579146716215,0.101492237029515,-0.85974964416486,1,0.4735,0.947,1,1,1,"avoiding",FALSE
"species","Pityophthorus lautus","Ophiostoma denticulatum",69,4,6,0,4,6,59,0,0.0178978378077928,0.0408552449525499,-0.438079317076172,1,0.839,1,1,1,1,"avoiding",FALSE
"species","Pityophthorus lautus","Ophiostoma karelicum",69,4,3,0,4,3,62,0,0.0288477572119392,0.0630694562546464,-0.457396637374908,1,0.827,1,1,1,1,"avoiding",FALSE
"species","Pityophthorus lautus","Ophiostoma pallidulum",69,4,7,0,4,7,58,0,0.0507698293591235,0.0634284516749337,-0.800426748855786,1,0.561,1,1,1,1,"avoiding",FALSE
"species","Pityophthorus lautus","Ophiostoma sparsiannulatum",69,4,3,0,4,3,62,0,0.118459229614806,0.142845483112532,-0.829282291841778,1,0.473,0.946,1,1,1,"avoiding",FALSE
"species","Pityophthorus lautus","Ophiostoma undulatum",69,4,6,0,4,6,59,0,0.0178978378077928,0.0408552449525499,-0.438079317076172,1,0.839,1,1,1,1,"avoiding",FALSE
"species","Pityophthorus lautus","Raffaelea arxii",69,4,9,0,4,9,56,0,0.0576235087240584,0.0584641078521062,-0.985621962620653,1,0.4365,0.873,1,1,1,"avoiding",FALSE
"species","Pityophthorus lautus","Raffaelea crossotarsi",69,4,3,0,4,3,62,0,0.0562781390695353,0.078838887914445,-0.713837302355249,1,0.6625,1,1,1,1,"avoiding",FALSE
"species","Pityophthorus lautus","Raffaelea subfusca",69,4,3,0,4,3,62,0,0.0268467567116891,0.0612828674288242,-0.438079317076175,1,0.839,1,1,1,1,"avoiding",FALSE
"species","Pityophthorus puberulus","Ceratocystiopsis manitobensis",69,15,14,4,11,10,44,0.16,0.166311542746719,0.0528386566446531,-0.119449341590292,0.701,0.6485,1,1,0.485329402110588,1,"avoiding",FALSE
"species","Pityophthorus puberulus","Ophiostoma adjuncti",69,15,7,3,12,4,50,0.157894736842105,0.17853849832676,0.0676690611932499,-0.305069423465176,0.7655,0.5935,1,1,0.168992611055395,0.652356165141009,"avoiding",FALSE
"species","Pityophthorus puberulus","Ophiostoma pallidulum",69,15,7,3,12,4,50,0.157894736842105,0.12007825132282,0.0502136764017387,0.753111268267455,0.4175,0.9165,0.835,1,0.168992611055395,0.652356165141009,"co-occurring",FALSE
"species","Pityophthorus puberulus","Sporothrix rossii",69,15,16,4,11,12,42,0.148148148148148,0.172382532332506,0.0409062012384773,-0.592437905516444,0.876,0.505,1,1,0.736453631107346,1,"avoiding",FALSE
"species","Pityophthorus puberulus","Ceratocystiopsis rollhanseniana",69,15,3,2,13,1,53,0.125,0.0702777859518006,0.0438046675866936,1.24923249194618,0.3295,1,0.659,1,0.116902698782303,0.548663799259537,"co-occurring",FALSE
"species","Pityophthorus puberulus","Ophiostoma denticiliatum",69,15,5,2,13,3,51,0.111111111111111,0.0627214191891281,0.0392332383067917,1.23338510942152,0.3345,1,0.669,1,0.296501681316737,0.838570315157714,"co-occurring",FALSE
"species","Pityophthorus puberulus","Leptographium lundbergii",69,15,7,2,13,5,49,0.1,0.0761932344618415,0.0368003368417867,0.64691705514842,0.5185,0.933,1,1,0.640922733172084,1,"co-occurring",FALSE
"species","Pityophthorus puberulus","Raffaelea arxii",69,15,9,2,13,7,47,0.0909090909090909,0.0351717360656607,0.0268656658535428,2.07466865505141,0.1,1,0.2,1,1,1,"co-occurring",FALSE
"species","Pityophthorus puberulus","Sporothrix eucastaneae",69,15,10,2,13,8,46,0.0869565217391304,0.0356564151641036,0.0265558655302642,1.93178062739333,0.125,1,0.25,1,1,1,"co-occurring",FALSE
"species","Pityophthorus puberulus","Grosmannia francke-grosmanniae",69,15,13,2,13,11,43,0.0769230769230769,0.0299095416654202,0.0227788063058238,2.06391566908565,0.1,1,0.2,1,0.718285567471058,1,"co-occurring",FALSE
"species","Pityophthorus puberulus","Leptographium gracile",69,15,13,2,13,11,43,0.0769230769230769,0.0927228286507929,0.0380971631351423,-0.414722525970487,0.835,0.554,1,1,0.718285567471058,1,"avoiding",FALSE
"species","Pityophthorus puberulus","Ophiostoma karelicum",69,15,3,1,14,2,52,0.0588235294117647,0.0611923608863267,0.04462399089906,-0.0530842586428528,0.75,0.742,1,1,0.526587013780204,1,"avoiding",FALSE
"species","Pityophthorus puberulus","Ophiostoma sparsiannulatum",69,15,3,1,14,2,52,0.0588235294117647,0.0301032869375872,0.029410991477454,0.976513916444945,0.512,1,1,1,0.526587013780204,1,"co-occurring",FALSE
"species","Pityophthorus puberulus","Grosmannia cucullata",69,15,4,1,14,3,51,0.0555555555555556,0.00872658551497971,0.0202203250388409,2.31593557228298,0.1575,1,0.315,1,1,1,"co-occurring",FALSE
"species","Pityophthorus puberulus","Grosmannia olivacea",69,15,5,1,14,4,50,0.0526315789473684,0.0623060068045732,0.0385750346245313,-0.250795053105474,0.8265,0.6785,1,1,1,1,"avoiding",FALSE
"species","Pityophthorus puberulus","Ophiostoma denticulatum",69,15,6,1,14,5,49,0.05,0.0672349332561018,0.03204943063646,-0.53776098089228,0.9295,0.6245,1,1,1,1,"avoiding",FALSE
"species","Pityophthorus puberulus","Ophiostoma undulatum",69,15,6,1,14,5,49,0.05,0.00785392696348178,0.0181982925349568,2.31593557228298,0.1575,1,0.315,1,1,1,"co-occurring",FALSE
"species","Pityophthorus puberulus","Ceratocystiopsis synnemata",69,15,5,0,15,5,49,0,0.0105579105342145,0.0210815643227231,-0.500812481113392,1,0.7995,1,1,0.577901008790042,1,"avoiding",FALSE
"species","Pityophthorus puberulus","Raffaelea crossotarsi",69,15,3,0,15,3,51,0,0,0,NA,1,1,1,1,1,1,"co-occurring",FALSE
"species","Pityophthorus puberulus","Raffaelea subfusca",69,15,3,0,15,3,51,0,0.0118000176558867,0.0235617483606904,-0.50081248111339,1,0.7995,1,1,1,1,"avoiding",FALSE
"species","Pseudopityophthorus minutissimus","Raffaelea subfusca",69,5,3,1,4,2,62,0.142857142857143,0.0494294766430833,0.079999683322701,1.16785045057232,0.309,0.972,0.618,1,0.204794442111692,0.696301103179753,"co-occurring",FALSE
"species","Pseudopityophthorus minutissimus","Ophiostoma undulatum",69,5,6,1,4,5,59,0.1,0.0342893669056752,0.0549141038872336,1.19660758243933,0.309,0.972,0.618,1,0.374574999379366,0.896869716823835,"co-occurring",FALSE
"species","Pseudopityophthorus minutissimus","Raffaelea arxii",69,5,9,1,4,8,56,0.0769230769230769,0.0533728402662882,0.0540323093020394,0.435854712874541,0.5645,0.889,1,1,0.51403606509153,1,"co-occurring",FALSE
"species","Pseudopityophthorus minutissimus","Grosmannia francke-grosmanniae",69,5,13,1,4,12,52,0.0588235294117647,0.0305961804431634,0.0363249222051689,0.777079405956298,0.4585,0.945,0.917,1,1,1,"co-occurring",FALSE
"species","Pseudopityophthorus minutissimus","Leptographium gracile",69,5,13,1,4,12,52,0.0588235294117647,0.049123826619193,0.0425910762338276,0.227740260408535,0.6535,0.8385,1,1,1,1,"co-occurring",FALSE
"species","Pseudopityophthorus minutissimus","Ceratocystiopsis manitobensis",69,5,14,1,4,13,51,0.0555555555555556,0.0266571194093783,0.0334374622612241,0.864253271388047,0.427,0.9525,0.854,1,1,1,"co-occurring",FALSE
"species","Pseudopityophthorus minutissimus","Sporothrix rossii",69,5,16,1,4,15,49,0.05,0.0426790020397192,0.0426530145823134,0.171640809728758,0.609,0.811,1,1,1,1,"co-occurring",FALSE
"species","Pseudopityophthorus minutissimus","Ceratocystiopsis rollhanseniana",69,5,3,0,5,3,61,0,0.0479763691369493,0.078782989386656,-0.608968630290073,1,0.699,1,1,1,1,"avoiding",FALSE
"species","Pseudopityophthorus minutissimus","Ceratocystiopsis synnemata",69,5,5,0,5,5,59,0,0,0,NA,1,1,1,1,1,1,"co-occurring",FALSE
"species","Pseudopityophthorus minutissimus","Grosmannia cucullata",69,5,4,0,5,4,60,0,0,0,NA,1,1,1,1,1,1,"co-occurring",FALSE
"species","Pseudopityophthorus minutissimus","Grosmannia olivacea",69,5,5,0,5,5,59,0,0.0386304263242737,0.0614374198065701,-0.628776834149253,1,0.6875,1,1,1,1,"avoiding",FALSE
"species","Pseudopityophthorus minutissimus","Leptographium lundbergii",69,5,7,0,5,7,57,0,0.0146436854791031,0.0334270185975405,-0.438079317076175,1,0.839,1,1,1,1,"avoiding",FALSE
"species","Pseudopityophthorus minutissimus","Ophiostoma adjuncti",69,5,7,0,5,7,57,0,0.0142798672063304,0.033087804609012,-0.431574937505557,1,0.843,1,1,1,1,"avoiding",FALSE
"species","Pseudopityophthorus minutissimus","Ophiostoma denticiliatum",69,5,5,0,5,5,59,0,0.0549580345728428,0.0703356643885212,-0.781367959635169,1,0.5725,1,1,1,1,"avoiding",FALSE
"species","Pseudopityophthorus minutissimus","Ophiostoma denticulatum",69,5,6,0,5,6,58,0,0.0161080540270136,0.0367697204572949,-0.438079317076175,1,0.839,1,1,1,1,"avoiding",FALSE
"species","Pseudopityophthorus minutissimus","Ophiostoma karelicum",69,5,3,0,5,3,61,0,0.07391791133662,0.092532025359774,-0.79883598191242,1,0.5555,1,1,1,1,"avoiding",FALSE
"species","Pseudopityophthorus minutissimus","Ophiostoma pallidulum",69,5,7,0,5,7,57,0,0.0448587930328808,0.0554205350071379,-0.809425477886547,1,0.562,1,1,1,1,"avoiding",FALSE
"species","Pseudopityophthorus minutissimus","Ophiostoma sparsiannulatum",69,5,3,0,5,3,61,0,0.0712975535386734,0.0922214879433073,-0.77311215779237,1,0.5725,1,1,1,1,"avoiding",FALSE
"species","Pseudopityophthorus minutissimus","Raffaelea crossotarsi",69,5,3,0,5,3,61,0,0.0482384049167439,0.0675761896409529,-0.71383730235524,1,0.6625,1,1,1,1,"avoiding",FALSE
"species","Pseudopityophthorus minutissimus","Sporothrix eucastaneae",69,5,10,0,5,10,54,0,0.0359108125491313,0.0357226812466487,-1.00526643846199,1,0.4975,0.995,1,1,1,"avoiding",FALSE
"species","Xyleborinus attenuatus","Grosmannia francke-grosmanniae",69,24,13,12,12,1,44,0.48,0.175963446110508,0.0563298518444793,5.39743215957509,5e-04,1,0.001,0.17,3.2129560114677e-06,0.00109240504389902,"co-occurring",FALSE
"species","Xyleborinus attenuatus","Raffaelea arxii",69,24,9,8,16,1,44,0.32,0.113712574369852,0.0502522058370925,4.10504220051335,5e-04,1,0.001,0.17,0.000607066162091144,0.0380508524570823,"co-occurring",FALSE
"species","Xyleborinus attenuatus","Leptographium gracile",69,24,13,8,16,5,40,0.275862068965517,0.182762249060951,0.0546595221467138,1.70326809031871,0.0975,0.9805,0.195,1,0.0488231696355849,0.342265519094822,"co-occurring",FALSE
"species","Xyleborinus attenuatus","Sporothrix eucastaneae",69,24,10,7,17,3,42,0.259259259259259,0.130777795676728,0.0515017174980944,2.4947025036065,0.0255,0.9975,0.051,0.867,0.0261454996120805,0.253984853374496,"co-occurring",FALSE
"species","Xyleborinus attenuatus","Sporothrix rossii",69,24,16,8,16,8,37,0.25,0.188395299178426,0.0585837419972818,1.05156650499438,0.2275,0.9105,0.455,1,0.230019556469037,0.759287856305558,"co-occurring",FALSE
"species","Xyleborinus attenuatus","Ophiostoma denticiliatum",69,24,5,5,19,0,45,0.208333333333333,0.074550722654775,0.0425575831271036,3.14356692387816,0.0065,1,0.013,0.52,0.00378199500236375,0.102870264064294,"co-occurring",FALSE
"species","Xyleborinus attenuatus","Leptographium lundbergii",69,24,7,5,19,2,43,0.192307692307692,0.104509599578255,0.0448732792233215,1.95657848610733,0.0765,0.9895,0.153,1,0.0449365165124603,0.321650855036558,"co-occurring",FALSE
"species","Xyleborinus attenuatus","Ophiostoma pallidulum",69,24,7,5,19,2,43,0.192307692307692,0.108631751527596,0.048294192428241,1.73262946480425,0.1005,0.983,0.201,1,0.0449365165124603,0.321650855036558,"co-occurring",FALSE
"species","Xyleborinus attenuatus","Ophiostoma undulatum",69,24,6,4,20,2,43,0.153846153846154,0.0864500447352235,0.0445568326297051,1.51258752324327,0.149,0.9735,0.298,1,0.172777050220078,0.65404234762585,"co-occurring",FALSE
"species","Xyleborinus attenuatus","Ceratocystiopsis manitobensis",69,24,14,5,19,9,36,0.151515151515152,0.142557608795749,0.0489689863034979,0.182922772055881,0.5415,0.7255,1,1,1,1,"co-occurring",FALSE
"species","Xyleborinus attenuatus","Ceratocystiopsis rollhanseniana",69,24,3,3,21,0,45,0.125,0.04505791357217,0.0333490794729966,2.39713022641481,0.0465,1,0.093,1,0.038630377524144,0.304129890298456,"co-occurring",FALSE
"species","Xyleborinus attenuatus","Raffaelea crossotarsi",69,24,3,3,21,0,45,0.125,0.0447675760957394,0.0311715796465116,2.57389663321856,0.028,1,0.056,0.885581395348837,0.038630377524144,0.304129890298456,"co-occurring",FALSE
"species","Xyleborinus attenuatus","Grosmannia cucullata",69,24,4,3,21,1,44,0.12,0.0651740115071795,0.038681080115251,1.41738514874625,0.1955,0.977,0.391,1,0.117647058823529,0.548663799259537,"co-occurring",FALSE
"species","Xyleborinus attenuatus","Ophiostoma denticulatum",69,24,6,3,21,3,42,0.111111111111111,0.0913983548550854,0.0413902173634887,0.476266072316276,0.473,0.8395,0.946,1,0.412359680057317,0.953761237586412,"co-occurring",FALSE
"species","Xyleborinus attenuatus","Ophiostoma karelicum",69,24,3,2,22,1,44,0.08,0.0534338323007647,0.035481498274003,0.748732973283152,0.4155,0.9095,0.831,1,0.2756804214223,0.811526781676036,"co-occurring",FALSE
"species","Xyleborinus attenuatus","Ophiostoma sparsiannulatum",69,24,3,2,22,1,44,0.08,0.0454290606841876,0.0344467611464017,1.00360493019599,0.325,0.9435,0.65,1,0.2756804214223,0.811526781676036,"co-occurring",FALSE
"species","Xyleborinus attenuatus","Raffaelea subfusca",69,24,3,2,22,1,44,0.08,0.0423078847115861,0.0331897406035289,1.13565561535019,0.2825,0.9565,0.565,1,0.2756804214223,0.811526781676036,"co-occurring",FALSE
"species","Xyleborinus attenuatus","Ceratocystiopsis synnemata",69,24,5,2,22,3,42,0.0740740740740741,0.0552508651558188,0.0328802101628663,0.572478363885689,0.501,0.884,1,1,1,1,"co-occurring",FALSE
"species","Xyleborinus attenuatus","Grosmannia olivacea",69,24,5,2,22,3,42,0.0740740740740741,0.0689060647539894,0.0418056982000748,0.123619734691463,0.612,0.744,1,1,1,1,"co-occurring",FALSE
"species","Xyleborinus attenuatus","Ophiostoma adjuncti",69,24,7,1,23,6,39,0.0333333333333333,0.084447011725306,0.0410932708584767,-1.24384545995391,0.972,0.226,0.452,1,0.407940501114338,0.953263026658934,"avoiding",FALSE
"species","Xyleborinus saxesenii","Grosmannia francke-grosmanniae",69,25,13,8,17,5,39,0.266666666666667,0.241741591479783,0.0554831450757115,0.44923688361341,0.4545,0.8085,0.909,1,0.0537857529439694,0.358179230806386,"co-occurring",FALSE
"species","Xyleborinus saxesenii","Leptographium gracile",69,25,13,8,17,5,39,0.266666666666667,0.176355301483774,0.051632056152581,1.74913361799901,0.0875,0.9815,0.175,1,0.0537857529439694,0.358179230806386,"co-occurring",FALSE
"species","Xyleborinus saxesenii","Sporothrix eucastaneae",69,25,10,6,19,4,40,0.206896551724138,0.155762614894241,0.041101038964632,1.24410326643807,0.219,0.9605,0.438,1,0.152128839733474,0.623178379631099,"co-occurring",FALSE
"species","Xyleborinus saxesenii","Sporothrix rossii",69,25,16,7,18,9,35,0.205882352941176,0.19165243141145,0.050498885534262,0.281786843000169,0.5145,0.74,1,1,0.557339971808557,1,"co-occurring",FALSE
"species","Xyleborinus saxesenii","Ophiostoma pallidulum",69,25,7,5,20,2,42,0.185185185185185,0.112856527899821,0.0436932789425266,1.6553726118954,0.121,0.986,0.242,1,0.0897718927168864,0.484483230535578,"co-occurring",FALSE
"species","Xyleborinus saxesenii","Raffaelea arxii",69,25,9,5,20,4,40,0.172413793103448,0.166826725780347,0.0492486477267057,0.1134461062587,0.603,0.7145,1,1,0.26824646385444,0.807113254075306,"co-occurring",FALSE
"species","Xyleborinus saxesenii","Ophiostoma denticiliatum",69,25,5,4,21,1,43,0.153846153846154,0.100926727521062,0.0410984996591537,1.28762428711446,0.2195,0.968,0.439,1,0.0542536187839085,0.358179230806386,"co-occurring",FALSE
"species","Xyleborinus saxesenii","Ophiostoma denticulatum",69,25,6,4,21,2,42,0.148148148148148,0.0842357402439166,0.0370120300950171,1.72680092770259,0.1215,0.993,0.243,1,0.179689908709453,0.65404234762585,"co-occurring",FALSE
"species","Xyleborinus saxesenii","Ophiostoma sparsiannulatum",69,25,3,3,22,0,44,0.12,0.0790062837686656,0.0321193512254941,1.27629340778205,0.295,1,0.59,1,0.0438981562774364,0.321650855036558,"co-occurring",FALSE
"species","Xyleborinus saxesenii","Grosmannia cucullata",69,25,4,3,22,1,43,0.115384615384615,0.0684374034799258,0.0300927446167369,1.56008408347634,0.186,1,0.372,1,0.131694468832309,0.580641355253568,"co-occurring",FALSE
"species","Xyleborinus saxesenii","Ceratocystiopsis manitobensis",69,25,14,4,21,10,34,0.114285714285714,0.105564335807208,0.0371072667239568,0.235031551727728,0.5565,0.763,1,1,0.756372925858921,1,"co-occurring",FALSE
"species","Xyleborinus saxesenii","Ophiostoma undulatum",69,25,6,3,22,3,41,0.107142857142857,0.101813265761619,0.0414085816758533,0.128707411979431,0.6155,0.7285,1,1,0.66027561875846,1,"co-occurring",FALSE
"species","Xyleborinus saxesenii","Ceratocystiopsis rollhanseniana",69,25,3,2,23,1,43,0.0769230769230769,0.0520599331004546,0.0325943562492588,0.762805181132786,0.416,0.9175,0.832,1,0.295835401000114,0.838570315157714,"co-occurring",FALSE
"species","Xyleborinus saxesenii","Ophiostoma karelicum",69,25,3,2,23,1,43,0.0769230769230769,0.0573632115202914,0.0333205075894862,0.587021831832998,0.5095,0.8965,1,1,0.295835401000114,0.838570315157714,"co-occurring",FALSE
"species","Xyleborinus saxesenii","Raffaelea crossotarsi",69,25,3,2,23,1,43,0.0769230769230769,0.077375154813875,0.0308386196763439,-0.0146594722961885,0.7545,0.745,1,1,0.295835401000114,0.838570315157714,"avoiding",FALSE
"species","Xyleborinus saxesenii","Raffaelea subfusca",69,25,3,2,23,1,43,0.0769230769230769,0.0442999277416497,0.0271317439149205,1.20239779955636,0.345,1,0.69,1,0.295835401000114,0.838570315157714,"co-occurring",FALSE
"species","Xyleborinus saxesenii","Grosmannia olivacea",69,25,5,2,23,3,41,0.0714285714285714,0.0599207755113285,0.0358688870495216,0.320829467090934,0.556,0.81,1,1,1,1,"co-occurring",FALSE
"species","Xyleborinus saxesenii","Leptographium lundbergii",69,25,7,2,23,5,39,0.0666666666666667,0.0803742096224805,0.0360688932333371,-0.380037803409628,0.8175,0.5595,1,1,1,1,"avoiding",FALSE
"species","Xyleborinus saxesenii","Ophiostoma adjuncti",69,25,7,2,23,5,39,0.0666666666666667,0.0562522693626057,0.0312733232024271,0.333012172599959,0.5615,0.8225,1,1,1,1,"co-occurring",FALSE
"species","Xyleborinus saxesenii","Ceratocystiopsis synnemata",69,25,5,1,24,4,40,0.0344827586206897,0.0288420072105023,0.0127582138079133,0.442127048120848,0.8365,1,1,1,0.64646568456165,1,"co-occurring",FALSE
"species","Xylosandrus crassiusculus","Sporothrix rossii",69,8,16,4,4,12,49,0.2,0.202264290039753,0.0400885033799564,-0.0564822791784588,0.7865,0.771,1,1,0.077369379461653,0.445857440965458,"avoiding",FALSE
"species","Xylosandrus crassiusculus","Leptographium gracile",69,8,13,3,5,10,51,0.166666666666667,0.106539673345446,0.0444501706421209,1.35268307078768,0.267,1,0.534,1,0.166657072282347,0.65130350087354,"co-occurring",FALSE
"species","Xylosandrus crassiusculus","Ophiostoma adjuncti",69,8,7,2,6,5,56,0.153846153846154,0.157721718001858,0.0558577563481648,-0.0693827394632153,0.8125,0.799,1,1,0.183913243237784,0.65404234762585,"avoiding",FALSE
"species","Xylosandrus crassiusculus","Ceratocystiopsis manitobensis",69,8,14,2,6,12,49,0.1,0.10181632169468,0.0344391691981523,-0.0527399974206528,0.8125,0.799,1,1,0.660227962571435,1,"avoiding",FALSE
"species","Xylosandrus crassiusculus","Ophiostoma sparsiannulatum",69,8,3,1,7,2,59,0.1,0.0680340170085025,0.0466461435289972,0.685286726256932,0.6805,1,1,1,0.313089285032637,0.838570315157714,"co-occurring",FALSE
"species","Xylosandrus crassiusculus","Ceratocystiopsis synnemata",69,8,5,1,7,4,57,0.0833333333333333,0.0556528264132056,0.0392590049147834,0.705074083772927,0.668,1,1,1,0.47064642804613,1,"co-occurring",FALSE
"species","Xylosandrus crassiusculus","Grosmannia olivacea",69,8,5,1,7,4,57,0.0833333333333333,0.0559863264965806,0.0391385327904466,0.698723352333429,0.672,1,1,1,0.47064642804613,1,"co-occurring",FALSE
"species","Xylosandrus crassiusculus","Ophiostoma denticulatum",69,8,6,1,7,5,56,0.0769230769230769,0.108541450212283,0.0520095711369503,-0.607933743694005,0.9325,0.59,1,1,0.536815624540364,1,"avoiding",FALSE
"species","Xylosandrus crassiusculus","Ophiostoma pallidulum",69,8,7,1,7,6,55,0.0714285714285714,0.158228839694573,0.0668070160003014,-1.29926875143787,0.9745,0.235,0.47,1,1,1,"avoiding",FALSE
"species","Xylosandrus crassiusculus","Sporothrix eucastaneae",69,8,10,1,7,9,52,0.0588235294117647,0.128949033340199,0.0526009479347058,-1.33316045968376,0.981,0.2345,0.469,1,1,1,"avoiding",FALSE
"species","Xylosandrus crassiusculus","Grosmannia francke-grosmanniae",69,8,13,1,7,12,49,0.05,0.148997279857681,0.0490178980581059,-2.01961495248795,1,0.062,0.124,1,1,1,"avoiding",FALSE
"species","Xylosandrus crassiusculus","Ceratocystiopsis rollhanseniana",69,8,3,0,8,3,58,0,0.0690345172586275,0.0462466978953171,-1.49274478828504,1,0.31,0.62,1,1,1,"avoiding",FALSE
"species","Xylosandrus crassiusculus","Grosmannia cucullata",69,8,4,0,8,4,57,0,0.0602574014279879,0.042987388586742,-1.4017460331743,1,0.3375,0.675,1,1,1,"avoiding",FALSE
"species","Xylosandrus crassiusculus","Leptographium lundbergii",69,8,7,0,8,7,54,0,0.101220940140403,0.0479021418711732,-2.11307754072093,1,0.0665,0.133,1,0.58828055514699,1,"avoiding",FALSE
"species","Xylosandrus crassiusculus","Ophiostoma denticiliatum",69,8,5,0,8,5,56,0,0.119563569663623,0.0608690915377329,-1.96427393021802,1,0.096,0.192,1,1,1,"avoiding",FALSE
"species","Xylosandrus crassiusculus","Ophiostoma karelicum",69,8,3,0,8,3,58,0,0,0,NA,1,1,1,1,1,1,"co-occurring",FALSE
"species","Xylosandrus crassiusculus","Ophiostoma undulatum",69,8,6,0,8,6,55,0,0,0,NA,1,1,1,1,1,1,"co-occurring",FALSE
"species","Xylosandrus crassiusculus","Raffaelea arxii",69,8,9,0,8,9,52,0,0.0883129064532268,0.0442642029918818,-1.99513151675686,1,0.096,0.192,1,0.584299283790853,1,"avoiding",FALSE
"species","Xylosandrus crassiusculus","Raffaelea crossotarsi",69,8,3,0,8,3,58,0,0,0,NA,1,1,1,1,1,1,"co-occurring",FALSE
"species","Xylosandrus crassiusculus","Raffaelea subfusca",69,8,3,0,8,3,58,0,0,0,NA,1,1,1,1,1,1,"co-occurring",FALSE
"species","Xylosandrus germanus","Sporothrix rossii",69,45,16,14,31,2,22,0.297872340425532,0.27800269405277,0.0320222311511673,0.620495376445298,0.4355,0.8615,0.871,1,0.0389107359646553,0.304129890298456,"co-occurring",FALSE
"species","Xylosandrus germanus","Leptographium gracile",69,45,13,11,34,2,22,0.234042553191489,0.221823220639699,0.0264016162802519,0.462825170326046,0.5135,0.84,1,1,0.12130725780979,0.550667156767092,"co-occurring",FALSE
"species","Xylosandrus germanus","Grosmannia francke-grosmanniae",69,45,13,10,35,3,21,0.208333333333333,0.196584116734215,0.0245991573803526,0.47762679092833,0.497,0.8375,0.994,1,0.519330367235168,1,"co-occurring",FALSE
"species","Xylosandrus germanus","Sporothrix eucastaneae",69,45,10,9,36,1,23,0.195652173913043,0.192330917874398,0.0206831174303805,0.160578116419113,0.693,0.7865,1,1,0.14766933165124,0.609757536428529,"co-occurring",FALSE
"species","Xylosandrus germanus","Ceratocystiopsis manitobensis",69,45,14,9,36,5,19,0.18,0.215574485507171,0.0202801808687566,-1.75415030750426,0.99,0.1125,0.225,1,1,1,"avoiding",FALSE
"species","Xylosandrus germanus","Ophiostoma pallidulum",69,45,7,7,38,0,24,0.155555555555556,0.143054125479846,0.0151675656346267,0.824221261134348,0.561,1,1,1,0.0869976303804605,0.477083779505751,"co-occurring",FALSE
"species","Xylosandrus germanus","Raffaelea arxii",69,45,9,7,38,2,22,0.148936170212766,0.121364592124566,0.0231186610808948,1.19261137103589,0.2425,0.9625,0.485,1,0.480025874608666,1,"co-occurring",FALSE
"species","Xylosandrus germanus","Ophiostoma denticulatum",69,45,6,6,39,0,24,0.133333333333333,0.133333333333331,0,NA,1,1,1,1,0.0850229474308567,0.470045563032379,"co-occurring",FALSE
"species","Xylosandrus germanus","Leptographium lundbergii",69,45,7,6,39,1,23,0.130434782608696,0.140689185172297,0.0123499816089736,-0.830317233521231,1,0.592,1,1,0.407940501114338,0.953263026658934,"avoiding",FALSE
"species","Xylosandrus germanus","Grosmannia olivacea",69,45,5,5,40,0,24,0.111111111111111,0.102182811006697,0.0132651520030501,0.673064289226507,0.6655,1,1,1,0.155041240776248,0.623834578271296,"co-occurring",FALSE
"species","Xylosandrus germanus","Ophiostoma denticiliatum",69,45,5,5,40,0,24,0.111111111111111,0.102301587632135,0.0131534254113516,0.669751277973028,0.6685,1,1,1,0.155041240776248,0.623834578271296,"co-occurring",FALSE
"species","Xylosandrus germanus","Ophiostoma adjuncti",69,45,7,5,40,2,22,0.106382978723404,0.112517752863483,0.0145832307411491,-0.420673186138984,0.9055,0.6545,1,1,1,1,"avoiding",FALSE
"species","Xylosandrus germanus","Ophiostoma undulatum",69,45,6,4,41,2,22,0.0851063829787234,0.0737533954398136,0.0186489083604905,0.60877491161693,0.499,0.8975,0.998,1,1,1,"co-occurring",FALSE
"species","Xylosandrus germanus","Ceratocystiopsis rollhanseniana",69,45,3,3,42,0,24,0.0666666666666667,0.0628154657038653,0.00863184423397863,0.446162008767655,0.834,1,1,1,0.546512959499179,1,"co-occurring",FALSE
"species","Xylosandrus germanus","Ophiostoma karelicum",69,45,3,3,42,0,24,0.0666666666666667,0.0475611842307207,0.0166805141499817,1.1453773105649,0.352,1,0.704,1,0.546512959499179,1,"co-occurring",FALSE
"species","Xylosandrus germanus","Ophiostoma sparsiannulatum",69,45,3,3,42,0,24,0.0666666666666667,0.0586081199711778,0.0122156368924213,0.659691080085102,0.6785,1,1,1,0.546512959499179,1,"co-occurring",FALSE
"species","Xylosandrus germanus","Raffaelea crossotarsi",69,45,3,3,42,0,24,0.0666666666666667,0.0548346637086648,0.0115946644510408,1.02046963135184,0.49,1,0.98,1,0.546512959499179,1,"co-occurring",FALSE
"species","Xylosandrus germanus","Grosmannia cucullata",69,45,4,3,42,1,23,0.0652173913043478,0.049729526727594,0.0142603424747293,1.08607942650745,0.4085,1,0.817,1,1,1,"co-occurring",FALSE
"species","Xylosandrus germanus","Ceratocystiopsis synnemata",69,45,5,3,42,2,22,0.0638297872340425,0.0788682706035925,0.0186405418472565,-0.806762136679162,0.938,0.44,0.88,1,1,1,"avoiding",FALSE
"species","Xylosandrus germanus","Raffaelea subfusca",69,45,3,2,43,1,23,0.0434782608695652,0.0418036647062346,0.0158232434204383,0.105831410086732,0.7105,0.795,1,1,1,1,"co-occurring",FALSE
"species","Xyloterinus politus","Grosmannia francke-grosmanniae",69,22,13,9,13,4,43,0.346153846153846,0.125623071184886,0.0518377847904419,4.25424766626259,0.001,1,0.002,0.194285714285714,0.00258730144664164,0.0925981570377008,"co-occurring",FALSE
"species","Xyloterinus politus","Sporothrix rossii",69,22,16,9,13,7,40,0.310344827586207,0.165902052837506,0.0553899098912395,2.60774525599194,0.0215,0.9975,0.043,0.812222222222222,0.0300392908154369,0.272356236726628,"co-occurring",FALSE
"species","Xyloterinus politus","Sporothrix eucastaneae",69,22,10,7,15,3,44,0.28,0.122819384342246,0.0529568806506508,2.96808674768162,0.01,0.998,0.02,0.523076923076923,0.00921990745940801,0.143609508956686,"co-occurring",FALSE
"species","Xyloterinus politus","Ophiostoma pallidulum",69,22,7,6,16,1,46,0.260869565217391,0.090400220283205,0.0486020539778792,3.50745145486596,0.0035,1,0.007,0.34,0.00340843857634901,0.102870264064294,"co-occurring",FALSE
"species","Xyloterinus politus","Leptographium gracile",69,22,13,7,15,6,41,0.25,0.136891070245799,0.0496130413719147,2.27982253509318,0.044,0.997,0.088,0.997333333333333,0.0960381105971932,0.491021918842792,"co-occurring",FALSE
"species","Xyloterinus politus","Raffaelea arxii",69,22,9,6,16,3,44,0.24,0.0971509103042108,0.0494354863392438,2.88960623782495,0.0135,0.999,0.027,0.634666666666667,0.0248752930219342,0.248752930219342,"co-occurring",FALSE
"species","Xyloterinus politus","Ophiostoma denticiliatum",69,22,5,5,17,0,47,0.227272727272727,0.0751015717649033,0.0453684232854815,3.35412043196398,0.0065,1,0.013,0.52,0.00234319255581232,0.088520607664021,"co-occurring",FALSE
"species","Xyloterinus politus","Ophiostoma denticulatum",69,22,6,4,18,2,45,0.166666666666667,0.0797343760447059,0.0422034246896675,2.05983972298921,0.0685,0.9925,0.137,1,0.0769104139933816,0.445857440965458,"co-occurring",FALSE
"species","Xyloterinus politus","Ophiostoma undulatum",69,22,6,4,18,2,45,0.166666666666667,0.0656632577406021,0.0436512993406972,2.31386947127818,0.0425,0.9955,0.085,0.979661016949153,0.0769104139933816,0.445857440965458,"co-occurring",FALSE
"species","Xyloterinus politus","Ceratocystiopsis rollhanseniana",69,22,3,3,19,0,47,0.136363636363636,0.042781107286186,0.0360409230770423,2.59656304799422,0.0385,1,0.077,0.979661016949153,0.0293926785509791,0.270094883981971,"co-occurring",FALSE
"species","Xyloterinus politus","Grosmannia cucullata",69,22,4,3,19,1,46,0.130434782608696,0.0486259532928525,0.0383849871191181,2.13127150627849,0.074,0.993,0.148,1,0.0921861281826163,0.485942381117667,"co-occurring",FALSE
"species","Xyloterinus politus","Ceratocystiopsis manitobensis",69,22,14,4,18,10,37,0.125,0.142314005509838,0.049507373140294,-0.349725796615666,0.756,0.513,1,1,1,1,"avoiding",FALSE
"species","Xyloterinus politus","Leptographium lundbergii",69,22,7,3,19,4,43,0.115384615384615,0.101027372793473,0.0475170207955193,0.302149468775125,0.542,0.7895,1,1,0.671572144931451,1,"co-occurring",FALSE
"species","Xyloterinus politus","Ophiostoma sparsiannulatum",69,22,3,2,20,1,46,0.0869565217391304,0.0499969187492298,0.0357428392262111,1.03404216872613,0.33,0.956,0.66,1,0.236611062335382,0.762538020796492,"co-occurring",FALSE
"species","Xyloterinus politus","Raffaelea subfusca",69,22,3,2,20,1,46,0.0869565217391304,0.0560742327685582,0.0369806378843345,0.835093463427096,0.3895,0.9285,0.779,1,0.236611062335382,0.762538020796492,"co-occurring",FALSE
"species","Xyloterinus politus","Ceratocystiopsis synnemata",69,22,5,2,20,3,44,0.08,0.0604717743487115,0.0348092374268944,0.561006993971104,0.508,0.886,1,1,0.650840818531775,1,"co-occurring",FALSE
"species","Xyloterinus politus","Grosmannia olivacea",69,22,5,2,20,3,44,0.08,0.0611523266954232,0.0434246837777632,0.434031331144161,0.476,0.837,0.952,1,0.650840818531775,1,"co-occurring",FALSE
"species","Xyloterinus politus","Ophiostoma karelicum",69,22,3,1,21,2,45,0.0416666666666667,0.0427935476302052,0.0348539389179464,-0.0323315240263513,0.713,0.74,1,1,1,1,"avoiding",FALSE
"species","Xyloterinus politus","Raffaelea crossotarsi",69,22,3,1,21,2,45,0.0416666666666667,0.0349071109995048,0.0302443702056416,0.223497980655619,0.663,0.8495,1,1,1,1,"co-occurring",FALSE
"species","Xyloterinus politus","Ophiostoma adjuncti",69,22,7,1,21,6,41,0.0357142857142857,0.0870477373403835,0.0424396259671795,-1.20956418573991,0.954,0.2165,0.433,1,0.416976908444204,0.955179122018407,"avoiding",FALSE
