"grid","beetle","fungal_unit","n_samples","beetle_n","fungus_n","shared_n","beetle_only","fungus_only","both_absent","jaccard","exp_jaccard_null","sd_jaccard_null","z_score","p_pos","p_neg","p_perm","q_perm","p_fisher","q_fisher","direction","scheme","in_block","asv_genus","asv_species","asv_lab"
"genus","Cyclorhipidion pelliculosum","Grosmannia",69,13,18,9,4,9,47,0.409090909090909,0.163147936930146,0.055415325650815,4.4381760690266,5e-04,1,0.001,0.0366666666666667,0.00033900839734151,0.00382290030084966,"co-occurring","within_trap",TRUE,NA,NA,"Grosmannia"
"genus","Cyclorhipidion pelliculosum","Sporothrix",69,13,34,11,2,23,33,0.305555555555556,0.1764319221169,0.0409051725954892,3.15665783189714,0.0035,1,0.007,0.0513333333333333,0.00569707530869645,0.0325116686502936,"co-occurring","within_trap",TRUE,NA,NA,"Sporothrix"
"genus","Cyclorhipidion pelliculosum","Raffaelea",69,13,10,5,8,5,51,0.277777777777778,0.113396375031142,0.0546639545646464,3.00712606791438,0.009,1,0.018,0.0860869565217391,0.0164571430434337,0.0670476198065817,"co-occurring","within_trap",TRUE,NA,NA,"Raffaelea"
"genus","Cyclorhipidion pelliculosum","Any Ophiostomatales",69,13,44,12,1,32,24,0.266666666666667,0.183941794461205,0.0340323782485314,2.43076965122271,0.018,0.9995,0.036,0.132,0.0233956813255396,0.0765898709525595,"co-occurring","within_trap",TRUE,NA,NA,"Any Ophiostomatales"
"genus","Cyclorhipidion pelliculosum","Ophiostomatales (unclassified genus)",69,13,7,4,9,3,53,0.25,0.103015603088784,0.0517334333213958,2.84118774793218,0.0275,0.9985,0.055,0.155128205128205,0.0202981257395885,0.0720256074630559,"co-occurring","within_trap",TRUE,NA,NA,"Ophiostomatales (unclassified genus)"
"genus","Cyclorhipidion pelliculosum","Ophiostoma",69,13,23,7,6,16,40,0.241379310344828,0.16778695781435,0.0544458668761417,1.35166095707305,0.156,0.9505,0.312,0.539846153846154,0.106526632068099,0.225344798605595,"co-occurring","within_trap",TRUE,NA,NA,"Ophiostoma"
"genus","Cyclorhipidion pelliculosum","Graphilbum",69,13,20,5,8,15,41,0.178571428571429,0.113323624158145,0.0453339382964824,1.43927059649142,0.1595,0.9715,0.319,0.539846153846154,0.500083321876829,0.647166651840603,"co-occurring","within_trap",TRUE,NA,NA,"Graphilbum"
"genus","Cyclorhipidion pelliculosum","Leptographium",69,13,20,5,8,15,41,0.178571428571429,0.106095283669077,0.0406908918059296,1.78113925956743,0.1005,0.99,0.201,0.387894736842105,0.500083321876829,0.647166651840603,"co-occurring","within_trap",TRUE,NA,NA,"Leptographium"
"genus","Cyclorhipidion pelliculosum","Hawksworthiomyces",69,13,10,3,10,7,49,0.15,0.106150198589842,0.0488377753308096,0.897866479648906,0.347,0.935,0.694,0.919759036144578,0.384511309248254,0.556529526543526,"co-occurring","within_trap",TRUE,NA,NA,"Hawksworthiomyces"
"genus","Cyclorhipidion pelliculosum","Ceratocystiopsis",69,13,21,2,11,19,37,0.0625,0.0686617247259149,0.0352027811962309,-0.175035168146732,0.7305,0.6225,1,1,0.31656412575196,0.50466744685095,"avoiding","within_trap",TRUE,NA,NA,"Ceratocystiopsis"
"genus","Dendroctonus valens","Leptographium",69,14,20,11,3,9,46,0.478260869565217,0.31833146131419,0.0671301699266584,2.38237752750746,0.0345,0.9955,0.069,0.17906976744186,2.09987702950972e-05,0.00079162920306047,"co-occurring","within_trap",TRUE,NA,NA,"Leptographium"
"genus","Dendroctonus valens","Grosmannia",69,14,18,8,6,10,45,0.333333333333333,0.171938521069234,0.0533883266574204,3.02303560288993,0.0105,0.9995,0.021,0.0924,0.00591121248187156,0.0325116686502936,"co-occurring","within_trap",TRUE,NA,NA,"Grosmannia"
"genus","Dendroctonus valens","Ophiostoma",69,14,23,9,5,14,41,0.321428571428571,0.207510330269179,0.0514302859041343,2.21500306982028,0.0385,0.9925,0.077,0.186521739130435,0.0101467354992249,0.0531495669007018,"co-occurring","within_trap",TRUE,NA,NA,"Ophiostoma"
"genus","Dendroctonus valens","Sporothrix",69,14,34,11,3,23,32,0.297297297297297,0.221423709312453,0.0389391849335365,1.94851505275082,0.073,0.994,0.146,0.297407407407407,0.0178088051732819,0.0699631631807502,"co-occurring","within_trap",TRUE,NA,NA,"Sporothrix"
"genus","Dendroctonus valens","Any Ophiostomatales",69,14,44,13,1,31,24,0.288888888888889,0.221827250760689,0.029910069232139,2.24210909067842,0.039,0.9975,0.078,0.186521739130435,0.0124238721073794,0.0547984519407621,"co-occurring","within_trap",TRUE,NA,NA,"Any Ophiostomatales"
"genus","Dendroctonus valens","Raffaelea",69,14,10,5,9,5,50,0.263157894736842,0.0845158054078301,0.047416960073157,3.76747242027737,0.0015,1,0.003,0.044,0.0237720746622119,0.0765898709525595,"co-occurring","within_trap",TRUE,NA,NA,"Raffaelea"
"genus","Dendroctonus valens","Graphilbum",69,14,20,7,7,13,42,0.259259259259259,0.188593068563348,0.0498973879715268,1.41623025911167,0.1575,0.968,0.315,0.539846153846154,0.095149580971838,0.213601100140861,"co-occurring","within_trap",TRUE,NA,NA,"Graphilbum"
"genus","Dendroctonus valens","Ophiostomatales (unclassified genus)",69,14,7,4,10,3,52,0.235294117647059,0.108364915171725,0.0568800440953481,2.23152433325406,0.0525,1,0.105,0.240625,0.0272526434324541,0.0832719660436097,"co-occurring","within_trap",TRUE,NA,NA,"Ophiostomatales (unclassified genus)"
"genus","Dendroctonus valens","Ceratocystiopsis",69,14,21,6,8,15,40,0.206896551724138,0.208759493038966,0.0509591446594463,-0.0365575467813961,0.6555,0.6645,1,1,0.331673767971503,0.513860767279794,"avoiding","within_trap",TRUE,NA,NA,"Ceratocystiopsis"
"genus","Dendroctonus valens","Hawksworthiomyces",69,14,10,3,11,7,48,0.142857142857143,0.093945504655207,0.0462270545354388,1.05807386374658,0.31,0.956,0.62,0.874358974358974,0.412361476250596,0.570476834813251,"co-occurring","within_trap",TRUE,NA,NA,"Hawksworthiomyces"
"genus","Dryocoetes autographus","Leptographium",69,14,20,5,9,15,40,0.172413793103448,0.313796155180084,0.063835283173913,-2.21479963817899,1,0.0115,0.023,0.0973076923076923,0.527626940506205,0.674871668089332,"avoiding","within_trap",FALSE,NA,NA,"Leptographium"
"genus","Dryocoetes autographus","Ophiostoma",69,14,23,5,9,18,37,0.15625,0.210999173520376,0.051635847001417,-1.06029389851732,0.943,0.261,0.522,0.775945945945946,1,1,"avoiding","within_trap",FALSE,NA,NA,"Ophiostoma"
"genus","Dryocoetes autographus","Sporothrix",69,14,34,6,8,28,27,0.142857142857143,0.229041995483814,0.0374618617887106,-2.30060249308387,0.9985,0.019,0.038,0.133333333333333,0.766011435153338,0.868672761514095,"avoiding","within_trap",FALSE,NA,NA,"Sporothrix"
"genus","Dryocoetes autographus","Any Ophiostomatales",69,14,44,7,7,37,18,0.137254901960784,0.21943529341911,0.0283878215171565,-2.89491715342296,1,0.003,0.006,0.0513333333333333,0.350327802290456,0.520757543945272,"avoiding","within_trap",FALSE,NA,NA,"Any Ophiostomatales"
"genus","Dryocoetes autographus","Graphilbum",69,14,20,4,10,16,39,0.133333333333333,0.192342312851421,0.0478847603312956,-1.23231230792068,0.9695,0.2115,0.423,0.664714285714286,1,1,"avoiding","within_trap",FALSE,NA,NA,"Graphilbum"
"genus","Dryocoetes autographus","Ceratocystiopsis",69,14,21,4,10,17,38,0.129032258064516,0.191883743597917,0.044424002926168,-1.41480914355825,0.9855,0.1535,0.307,0.539846153846154,1,1,"avoiding","within_trap",FALSE,NA,NA,"Ceratocystiopsis"
"genus","Dryocoetes autographus","Grosmannia",69,14,18,3,11,15,40,0.103448275862069,0.174382361738487,0.0505289876518052,-1.40382954760985,0.974,0.152,0.304,0.539846153846154,0.747095483759605,0.856046908474547,"avoiding","within_trap",FALSE,NA,NA,"Grosmannia"
"genus","Dryocoetes autographus","Hawksworthiomyces",69,14,10,1,13,9,46,0.0434782608695652,0.104757948233232,0.0486492936560522,-1.25962131735994,0.981,0.2205,0.441,0.681388888888889,0.674153046072605,0.806052555086811,"avoiding","within_trap",FALSE,NA,NA,"Hawksworthiomyces"
"genus","Dryocoetes autographus","Raffaelea",69,14,10,0,14,10,45,0,0.121095808982085,0.0516293422456571,-2.34548424819941,1,0.0125,0.025,0.0982142857142857,0.195130173632333,0.346198695154139,"avoiding","within_trap",FALSE,NA,NA,"Raffaelea"
"genus","Dryocoetes autographus","Ophiostomatales (unclassified genus)",69,14,7,0,14,7,48,0,0.141040018203118,0.0660809051406328,-2.13435360643076,1,0.0235,0.047,0.147714285714286,0.330406391953277,0.513860767279794,"avoiding","within_trap",FALSE,NA,NA,"Ophiostomatales (unclassified genus)"
"genus","Heteroborips seriatus","Grosmannia",69,21,18,13,8,5,43,0.5,0.274140479188286,0.0615593897990577,3.66896945452132,0.002,1,0.004,0.044,2.15898873561946e-05,0.00079162920306047,"co-occurring","within_trap",TRUE,NA,NA,"Grosmannia"
"genus","Heteroborips seriatus","Raffaelea",69,21,10,9,12,1,47,0.409090909090909,0.195454847173318,0.0591297956886821,3.61300186191042,0.0035,1,0.007,0.0513333333333333,4.25293410337153e-05,0.000935645502741736,"co-occurring","within_trap",TRUE,NA,NA,"Raffaelea"
"genus","Heteroborips seriatus","Any Ophiostomatales",69,21,44,18,3,26,22,0.382978723404255,0.283140707494591,0.0337409819813647,2.95895406852135,0.0085,0.999,0.017,0.0860869565217391,0.0146568403030815,0.0620097089745757,"co-occurring","within_trap",TRUE,NA,NA,"Any Ophiostomatales"
"genus","Heteroborips seriatus","Ophiostoma",69,21,23,12,9,11,37,0.375,0.235027370370488,0.0510018830739438,2.74446003153602,0.0125,0.9985,0.025,0.0982142857142857,0.0112071446872039,0.0535993876344535,"co-occurring","within_trap",TRUE,NA,NA,"Ophiostoma"
"genus","Heteroborips seriatus","Sporothrix",69,21,34,15,6,19,29,0.375,0.269743852126565,0.0409600592517982,2.56972645538384,0.0195,0.9985,0.039,0.133333333333333,0.0194043856952348,0.0711494142158609,"co-occurring","within_trap",TRUE,NA,NA,"Sporothrix"
"genus","Heteroborips seriatus","Leptographium",69,21,20,10,11,10,38,0.32258064516129,0.206577160363107,0.0470166406070048,2.46728569503326,0.023,0.999,0.046,0.147714285714286,0.0416853853362099,0.114634809674577,"co-occurring","within_trap",TRUE,NA,NA,"Leptographium"
"genus","Heteroborips seriatus","Ophiostomatales (unclassified genus)",69,21,7,6,15,1,47,0.272727272727273,0.153716562345224,0.0472594702622395,2.51824046527958,0.035,1,0.07,0.17906976744186,0.00252197510471358,0.0173385788449059,"co-occurring","within_trap",TRUE,NA,NA,"Ophiostomatales (unclassified genus)"
"genus","Heteroborips seriatus","Graphilbum",69,21,20,6,15,14,34,0.171428571428571,0.124375324321425,0.0335431353884922,1.40276830302778,0.176,0.979,0.352,0.561159420289855,1,1,"co-occurring","within_trap",TRUE,NA,NA,"Graphilbum"
"genus","Heteroborips seriatus","Hawksworthiomyces",69,21,10,3,18,7,41,0.107142857142857,0.135617378953185,0.0381511521813114,-0.746360730470306,0.898,0.4225,0.845,1,1,1,"avoiding","within_trap",TRUE,NA,NA,"Hawksworthiomyces"
"genus","Heteroborips seriatus","Ceratocystiopsis",69,21,21,4,17,17,31,0.105263157894737,0.11557240738407,0.0329745972023467,-0.312642165909431,0.7695,0.544,1,1,0.256686086985143,0.415227493652437,"avoiding","within_trap",TRUE,NA,NA,"Ceratocystiopsis"
"genus","Hylastes opacus","Ophiostomatales (unclassified genus)",69,8,7,4,4,3,58,0.363636363636364,0.103455698878413,0.0729276159648791,3.56765624812485,0.0075,1,0.015,0.0825,0.0024316458354707,0.0173385788449059,"co-occurring","within_trap",TRUE,NA,NA,"Ophiostomatales (unclassified genus)"
"genus","Hylastes opacus","Raffaelea",69,8,10,4,4,6,55,0.285714285714286,0.105846806725923,0.0653439511137426,2.75262630928564,0.0275,0.9995,0.055,0.155128205128205,0.0124541936229005,0.0547984519407621,"co-occurring","within_trap",TRUE,NA,NA,"Raffaelea"
"genus","Hylastes opacus","Grosmannia",69,8,18,5,3,13,48,0.238095238095238,0.100205963135907,0.0524469366207558,2.62911971306178,0.0265,0.998,0.053,0.155128205128205,0.0243695043939962,0.0765898709525595,"co-occurring","within_trap",TRUE,NA,NA,"Grosmannia"
"genus","Hylastes opacus","Leptographium",69,8,20,4,4,16,45,0.166666666666667,0.128927011054596,0.0443203497799215,0.851519805224282,0.3585,0.9265,0.717,0.927882352941176,0.216788762230434,0.372605685083559,"co-occurring","within_trap",TRUE,NA,NA,"Leptographium"
"genus","Hylastes opacus","Sporothrix",69,8,34,6,2,28,33,0.166666666666667,0.106654675620031,0.0315111653503352,1.90446752379463,0.08,0.9955,0.16,0.32,0.150551589876704,0.29217339988814,"co-occurring","within_trap",TRUE,NA,NA,"Sporothrix"
"genus","Hylastes opacus","Any Ophiostomatales",69,8,44,7,1,37,24,0.155555555555556,0.108914009198029,0.0238467436870472,1.9558874356024,0.07,0.998,0.14,0.294716981132075,0.242621630350402,0.401983305276514,"co-occurring","within_trap",TRUE,NA,NA,"Any Ophiostomatales"
"genus","Hylastes opacus","Ophiostoma",69,8,23,4,4,19,42,0.148148148148148,0.0883869383360507,0.0399204315202865,1.49700811179178,0.1645,0.9835,0.329,0.545074626865672,0.426246831090497,0.578853721234008,"co-occurring","within_trap",TRUE,NA,NA,"Ophiostoma"
"genus","Hylastes opacus","Graphilbum",69,8,20,3,5,17,44,0.12,0.0812876523731958,0.0373245733099232,1.03718125068323,0.3245,0.961,0.649,0.897875,0.68224125322882,0.806952019948067,"co-occurring","within_trap",TRUE,NA,NA,"Graphilbum"
"genus","Hylastes opacus","Ceratocystiopsis",69,8,21,2,6,19,42,0.0740740740740741,0.078565686994902,0.0299144401699108,-0.150148653804517,0.7975,0.686,1,1,1,1,"avoiding","within_trap",TRUE,NA,NA,"Ceratocystiopsis"
"genus","Hylastes opacus","Hawksworthiomyces",69,8,10,1,7,9,52,0.0588235294117647,0.0496571815319435,0.0427777876587348,0.214278212630978,0.6575,0.834,1,1,1,1,"co-occurring","within_trap",TRUE,NA,NA,"Hawksworthiomyces"
"genus","Hylesinus aculeatus","Grosmannia",69,6,18,5,1,13,50,0.263157894736842,0.116679303127446,0.049209023090509,2.97666123832576,0.0105,1,0.021,0.0924,0.00379998003294563,0.0232221002013344,"co-occurring","within_trap",TRUE,NA,NA,"Grosmannia"
"genus","Hylesinus aculeatus","Ophiostomatales (unclassified genus)",69,6,7,2,4,5,58,0.181818181818182,0.0284233025603713,0.0463038229840479,3.31279081018119,0.033,1,0.066,0.177073170731707,0.109327789294723,0.226906732498481,"co-occurring","within_trap",TRUE,NA,NA,"Ophiostomatales (unclassified genus)"
"genus","Hylesinus aculeatus","Raffaelea",69,6,10,2,4,8,55,0.142857142857143,0.060170378229407,0.0534504614854045,1.54697943347626,0.176,0.9795,0.352,0.561159420289855,0.206512012532263,0.360576529818237,"co-occurring","within_trap",TRUE,NA,NA,"Raffaelea"
"genus","Hylesinus aculeatus","Sporothrix",69,6,34,5,1,29,34,0.142857142857143,0.0834623087591697,0.0280601196192915,2.11669924803666,0.056,1,0.112,0.251428571428571,0.106000099835272,0.225344798605595,"co-occurring","within_trap",TRUE,NA,NA,"Sporothrix"
"genus","Hylesinus aculeatus","Any Ophiostomatales",69,6,44,6,0,38,25,0.136363636363636,0.0924995536294018,0.021232347708427,2.06590827055951,0.0655,1,0.131,0.282549019607843,0.0798638129439366,0.190978683126805,"co-occurring","within_trap",TRUE,NA,NA,"Any Ophiostomatales"
"genus","Hylesinus aculeatus","Graphilbum",69,6,20,3,3,17,46,0.130434782608696,0.0722397430599363,0.0356189517801643,1.63382235131263,0.166,1,0.332,0.545074626865672,0.346047938014575,0.520757543945272,"co-occurring","within_trap",TRUE,NA,NA,"Graphilbum"
"genus","Hylesinus aculeatus","Leptographium",69,6,20,3,3,17,46,0.130434782608696,0.093608358856636,0.0406658152670351,0.90558675659731,0.375,0.9455,0.75,0.95080459770115,0.346047938014575,0.520757543945272,"co-occurring","within_trap",TRUE,NA,NA,"Leptographium"
"genus","Hylesinus aculeatus","Ceratocystiopsis",69,6,21,3,3,18,45,0.125,0.0906702347829446,0.0422435951335798,0.81266201677438,0.376,0.9095,0.752,0.95080459770115,0.359177477483009,0.526793633641746,"co-occurring","within_trap",TRUE,NA,NA,"Ceratocystiopsis"
"genus","Hylesinus aculeatus","Ophiostoma",69,6,23,3,3,20,43,0.115384615384615,0.0961135899655154,0.0414117001321759,0.465352191713735,0.507,0.8485,1,1,0.392603582764909,0.560862261092727,"co-occurring","within_trap",TRUE,NA,NA,"Ophiostoma"
"genus","Hylesinus aculeatus","Hawksworthiomyces",69,6,10,1,5,9,54,0.0666666666666667,0.0353653016984687,0.0425473832416702,0.735682492866961,0.457,0.9355,0.914,1,1,1,"co-occurring","within_trap",TRUE,NA,NA,"Hawksworthiomyces"
"genus","Ips grandicollis","Leptographium",69,19,20,11,8,9,41,0.392857142857143,0.446444822027874,0.0479148529508985,-1.11839389814357,0.969,0.28,0.56,0.8,0.00230429938235522,0.0173385788449059,"avoiding","within_trap",FALSE,NA,NA,"Leptographium"
"genus","Ips grandicollis","Ophiostoma",69,19,23,10,9,13,37,0.3125,0.279549064898154,0.0327831612846665,1.00511768269457,0.3265,0.9445,0.653,0.897875,0.0477634480471936,0.125094744885507,"co-occurring","within_trap",FALSE,NA,NA,"Ophiostoma"
"genus","Ips grandicollis","Sporothrix",69,19,34,12,7,22,28,0.292682926829268,0.304113185258573,0.0269115070783801,-0.424734980319533,0.8565,0.602,1,1,0.185228684699618,0.334018939622262,"avoiding","within_trap",FALSE,NA,NA,"Sporothrix"
"genus","Ips grandicollis","Any Ophiostomatales",69,19,44,14,5,30,20,0.285714285714286,0.303515467427119,0.0208530363622922,-0.853649387243325,0.952,0.426,0.852,1,0.402684165236973,0.567887925334193,"avoiding","within_trap",FALSE,NA,NA,"Any Ophiostomatales"
"genus","Ips grandicollis","Graphilbum",69,19,20,8,11,12,38,0.258064516129032,0.246043989736803,0.0270631959890323,0.444165071896944,0.568,0.8815,1,1,0.1513989435784,0.29217339988814,"co-occurring","within_trap",FALSE,NA,NA,"Graphilbum"
"genus","Ips grandicollis","Ceratocystiopsis",69,19,21,8,11,13,37,0.25,0.277061918055804,0.0264213417448028,-1.02424465483958,1,0.43,0.86,1,0.24484437685024,0.401983305276514,"avoiding","within_trap",FALSE,NA,NA,"Ceratocystiopsis"
"genus","Ips grandicollis","Grosmannia",69,19,18,7,12,11,39,0.233333333333333,0.214139675510725,0.0333912995567243,0.574810147475772,0.498,0.885,0.996,1,0.231851967443854,0.392364867981907,"co-occurring","within_trap",FALSE,NA,NA,"Grosmannia"
"genus","Ips grandicollis","Ophiostomatales (unclassified genus)",69,19,7,4,15,3,47,0.181818181818182,0.140648314934806,0.0354917266122529,1.1599848982597,0.3555,1,0.711,0.927882352941176,0.084920865420541,0.19461031658874,"co-occurring","within_trap",FALSE,NA,NA,"Ophiostomatales (unclassified genus)"
"genus","Ips grandicollis","Hawksworthiomyces",69,19,10,3,16,7,43,0.115384615384615,0.102282622792877,0.0192294871334285,0.68134903967156,0.683,1,1,1,1,1,"co-occurring","within_trap",FALSE,NA,NA,"Hawksworthiomyces"
"genus","Ips grandicollis","Raffaelea",69,19,10,2,17,8,42,0.0740740740740741,0.0685973837549636,0.02760506015233,0.198394435255315,0.721,0.8475,1,1,0.715356626135887,0.837119456116464,"co-occurring","within_trap",FALSE,NA,NA,"Raffaelea"
"genus","Ips pini","Graphilbum",69,5,20,3,2,17,47,0.136363636363636,0.0857911545646703,0.0462395160246224,1.09370698802376,0.2735,0.9495,0.547,0.79171052631579,0.141793580698799,0.283587161397597,"co-occurring","within_trap",FALSE,NA,NA,"Graphilbum"
"genus","Ips pini","Ceratocystiopsis",69,5,21,3,2,18,46,0.130434782608696,0.100265139157195,0.0457475496890469,0.659481079458212,0.427,0.8875,0.854,1,0.160863719248267,0.300731080870057,"co-occurring","within_trap",FALSE,NA,NA,"Ceratocystiopsis"
"genus","Ips pini","Grosmannia",69,5,18,2,3,16,48,0.0952380952380952,0.0244765239762742,0.0291259610981828,2.42950167458117,0.071,1,0.142,0.294716981132075,0.599751319413876,0.741265675680072,"co-occurring","within_trap",FALSE,NA,NA,"Grosmannia"
"genus","Ips pini","Any Ophiostomatales",69,5,44,4,1,40,24,0.0888888888888889,0.0623872748005575,0.0229157423866383,1.15648071274287,0.268,0.969,0.536,0.786133333333333,0.64646568456165,0.79012472557535,"co-occurring","within_trap",FALSE,NA,NA,"Any Ophiostomatales"
"genus","Ips pini","Sporothrix",69,5,34,3,2,31,33,0.0833333333333333,0.0570653639293987,0.0306611634159636,0.856717961010518,0.345,0.913,0.69,0.919759036144578,0.673289073029501,0.806052555086811,"co-occurring","within_trap",FALSE,NA,NA,"Sporothrix"
"genus","Ips pini","Ophiostoma",69,5,23,2,3,21,43,0.0769230769230769,0.0349268651419734,0.030380219356534,1.38235380358013,0.2265,0.9775,0.453,0.682602739726027,1,1,"co-occurring","within_trap",FALSE,NA,NA,"Ophiostoma"
"genus","Ips pini","Hawksworthiomyces",69,5,10,1,4,9,55,0.0714285714285714,0.0732797717540097,0.0614558096297579,-0.0301224625725524,0.7085,0.7535,1,1,0.554533059667235,0.693166324584044,"avoiding","within_trap",FALSE,NA,NA,"Hawksworthiomyces"
"genus","Ips pini","Raffaelea",69,5,10,1,4,9,55,0.0714285714285714,0.0525482521480517,0.0508479158560975,0.371309599668787,0.591,0.8745,1,1,0.554533059667235,0.693166324584044,"co-occurring","within_trap",FALSE,NA,NA,"Raffaelea"
"genus","Ips pini","Leptographium",69,5,20,1,4,19,45,0.0416666666666667,0.0303031950757984,0.0289701008953029,0.392248257330394,0.591,0.8745,1,1,1,1,"co-occurring","within_trap",FALSE,NA,NA,"Leptographium"
"genus","Ips pini","Ophiostomatales (unclassified genus)",69,5,7,0,5,7,57,0,0,0,NA,1,1,1,1,1,1,"co-occurring","within_trap",FALSE,NA,NA,"Ophiostomatales (unclassified genus)"
"genus","Pityogenes hopkinsi","Graphilbum",69,19,20,14,5,6,44,0.56,0.303720910739681,0.0653335784560276,3.92262440412331,0.001,0.9995,0.002,0.0366666666666667,1.67095737617325e-06,0.000183805311379057,"co-occurring","within_trap",TRUE,NA,NA,"Graphilbum"
"genus","Pityogenes hopkinsi","Ophiostoma",69,19,23,13,6,10,40,0.448275862068966,0.239489295826421,0.0542886191345112,3.84586253198361,0.002,1,0.004,0.044,0.000347536390986333,0.00382290030084966,"co-occurring","within_trap",TRUE,NA,NA,"Ophiostoma"
"genus","Pityogenes hopkinsi","Leptographium",69,19,20,12,7,8,42,0.444444444444444,0.240970995261992,0.0484217990298584,4.20210428482808,0.001,1,0.002,0.0366666666666667,0.000259059405672516,0.00382290030084966,"co-occurring","within_trap",TRUE,NA,NA,"Leptographium"
"genus","Pityogenes hopkinsi","Sporothrix",69,19,34,16,3,18,32,0.432432432432432,0.276877242443657,0.0471900304548284,3.29635705867316,0.005,0.999,0.01,0.0647058823529412,0.000402058969674789,0.00402058969674789,"co-occurring","within_trap",TRUE,NA,NA,"Sporothrix"
"genus","Pityogenes hopkinsi","Any Ophiostomatales",69,19,44,19,0,25,25,0.431818181818182,0.284252113711855,0.0379663887354164,3.88675544399808,5e-04,1,0.001,0.0366666666666667,4.06607353173474e-05,0.000935645502741736,"co-occurring","within_trap",TRUE,NA,NA,"Any Ophiostomatales"
"genus","Pityogenes hopkinsi","Ceratocystiopsis",69,19,21,12,7,9,41,0.428571428571429,0.296511393596421,0.0559355062583163,2.36093393640061,0.036,0.995,0.072,0.18,0.000775971156452571,0.00711306893414857,"co-occurring","within_trap",TRUE,NA,NA,"Ceratocystiopsis"
"genus","Pityogenes hopkinsi","Grosmannia",69,19,18,9,10,9,41,0.321428571428571,0.176774657519935,0.0489260667054134,2.95658170887935,0.009,0.9985,0.018,0.0860869565217391,0.0287037883736584,0.0853355870568224,"co-occurring","within_trap",TRUE,NA,NA,"Grosmannia"
"genus","Pityogenes hopkinsi","Raffaelea",69,19,10,6,13,4,46,0.260869565217391,0.0901407534295714,0.0417990299385245,4.08451612486982,0.001,1,0.002,0.0366666666666667,0.021566775884163,0.0741357921018103,"co-occurring","within_trap",TRUE,NA,NA,"Raffaelea"
"genus","Pityogenes hopkinsi","Ophiostomatales (unclassified genus)",69,19,7,4,15,3,47,0.181818181818182,0.0843729506386926,0.0396332412347654,2.45867428813802,0.0285,1,0.057,0.15675,0.084920865420541,0.19461031658874,"co-occurring","within_trap",TRUE,NA,NA,"Ophiostomatales (unclassified genus)"
"genus","Pityogenes hopkinsi","Hawksworthiomyces",69,19,10,4,15,6,44,0.16,0.121448235885562,0.0440654005666427,0.874876061914686,0.341,0.921,0.682,0.919759036144578,0.445364014161838,0.59743953119271,"co-occurring","within_trap",TRUE,NA,NA,"Hawksworthiomyces"
"genus","Xyleborinus attenuatus","Grosmannia",69,24,18,13,11,5,40,0.448275862068966,0.219287055213021,0.0591688690366967,3.87008929837623,0.002,0.9995,0.004,0.044,0.000294641253513014,0.00382290030084966,"co-occurring","within_trap",TRUE,NA,NA,"Grosmannia"
"genus","Xyleborinus attenuatus","Any Ophiostomatales",69,24,44,21,3,23,22,0.446808510638298,0.312144294855392,0.0454343158797443,2.96393184700603,0.006,0.9985,0.012,0.0694736842105263,0.00348571614556371,0.0225546338830593,"co-occurring","within_trap",TRUE,NA,NA,"Any Ophiostomatales"
"genus","Xyleborinus attenuatus","Sporothrix",69,24,34,16,8,18,27,0.380952380952381,0.286892600139012,0.0537295430812136,1.75061568402313,0.0825,0.9735,0.165,0.324107142857143,0.0449472246879217,0.120590115016375,"co-occurring","within_trap",TRUE,NA,NA,"Sporothrix"
"genus","Xyleborinus attenuatus","Leptographium",69,24,20,12,12,8,37,0.375,0.236824949429064,0.0551588888833103,2.50503687380738,0.02,0.996,0.04,0.133333333333333,0.0108026010176985,0.0535993876344535,"co-occurring","within_trap",TRUE,NA,NA,"Leptographium"
"genus","Xyleborinus attenuatus","Raffaelea",69,24,10,8,16,2,43,0.307692307692308,0.124799027073551,0.0530724518695612,3.44610573237246,0.0035,1,0.007,0.0513333333333333,0.00232011746984478,0.0173385788449059,"co-occurring","within_trap",TRUE,NA,NA,"Raffaelea"
"genus","Xyleborinus attenuatus","Ophiostoma",69,24,23,11,13,12,33,0.305555555555556,0.241130162827617,0.0613806277596343,1.0496046567042,0.223,0.9045,0.446,0.681388888888889,0.118649286694861,0.241692991415458,"co-occurring","within_trap",TRUE,NA,NA,"Ophiostoma"
"genus","Xyleborinus attenuatus","Graphilbum",69,24,20,10,14,10,35,0.294117647058824,0.193175132453586,0.0521758970041413,1.93465796279891,0.061,0.986,0.122,0.2684,0.103349548068589,0.225344798605595,"co-occurring","within_trap",TRUE,NA,NA,"Graphilbum"
"genus","Xyleborinus attenuatus","Ophiostomatales (unclassified genus)",69,24,7,7,17,0,45,0.291666666666667,0.115504446011337,0.0462084836037659,3.81233502847457,0.001,1,0.002,0.0366666666666667,0.000320794218950496,0.00382290030084966,"co-occurring","within_trap",TRUE,NA,NA,"Ophiostomatales (unclassified genus)"
"genus","Xyleborinus attenuatus","Ceratocystiopsis",69,24,21,9,15,12,33,0.25,0.184408319575557,0.0470398844361668,1.39438438700782,0.1485,0.9545,0.297,0.539846153846154,0.414892243500546,0.570476834813251,"co-occurring","within_trap",TRUE,NA,NA,"Ceratocystiopsis"
"genus","Xyleborinus attenuatus","Hawksworthiomyces",69,24,10,4,20,6,39,0.133333333333333,0.112002273124575,0.0450744330372114,0.473240787990584,0.4675,0.826,0.935,1,0.729883571225281,0.845128345629273,"co-occurring","within_trap",TRUE,NA,NA,"Hawksworthiomyces"
"genus","Xyloterinus politus","Any Ophiostomatales",69,22,44,18,4,26,21,0.375,0.25358291232272,0.0420917828981652,2.88457934820748,0.0045,0.9995,0.009,0.061875,0.0583780115691844,0.145945028922961,"co-occurring","within_trap",TRUE,NA,NA,"Any Ophiostomatales"
"genus","Xyloterinus politus","Sporothrix",69,22,34,15,7,19,28,0.365853658536585,0.230700293934986,0.0497553565559697,2.71635807593029,0.015,0.9975,0.03,0.113793103448276,0.0406055059187453,0.11452835002723,"co-occurring","within_trap",TRUE,NA,NA,"Sporothrix"
"genus","Xyloterinus politus","Grosmannia",69,22,18,10,12,8,39,0.333333333333333,0.156531446601481,0.053408729839722,3.31035557786957,0.0035,1,0.007,0.0513333333333333,0.0185910138821605,0.0705176388633675,"co-occurring","within_trap",TRUE,NA,NA,"Grosmannia"
"genus","Xyloterinus politus","Graphilbum",69,22,20,10,12,10,37,0.3125,0.188339631674638,0.0516069876645024,2.40588288416542,0.025,0.996,0.05,0.152777777777778,0.0498694576001735,0.127573031070211,"co-occurring","within_trap",TRUE,NA,NA,"Graphilbum"
"genus","Xyloterinus politus","Ophiostoma",69,22,23,10,12,13,34,0.285714285714286,0.200832340348721,0.0571087948681819,1.48632002411343,0.1225,0.9605,0.245,0.464655172413793,0.175774608751533,0.322253449377811,"co-occurring","within_trap",TRUE,NA,NA,"Ophiostoma"
"genus","Xyloterinus politus","Leptographium",69,22,20,9,13,11,36,0.272727272727273,0.194330627384293,0.0520657342648445,1.50572437803713,0.126,0.9625,0.252,0.469830508474576,0.16130121610303,0.300731080870057,"co-occurring","within_trap",TRUE,NA,NA,"Leptographium"
"genus","Xyloterinus politus","Raffaelea",69,22,10,6,16,4,43,0.230769230769231,0.117342628435659,0.0528836811685746,2.14483182386656,0.0475,0.99,0.095,0.222340425531915,0.0635865260939953,0.155433730451988,"co-occurring","within_trap",TRUE,NA,NA,"Raffaelea"
"genus","Xyloterinus politus","Ophiostomatales (unclassified genus)",69,22,7,5,17,2,45,0.208333333333333,0.0698215489511143,0.0422615625100839,3.27748848257017,0.0055,1,0.011,0.0672222222222222,0.0297937630850273,0.0862451036671843,"co-occurring","within_trap",TRUE,NA,NA,"Ophiostomatales (unclassified genus)"
"genus","Xyloterinus politus","Ceratocystiopsis",69,22,21,7,15,14,33,0.194444444444444,0.173416069984458,0.0458396724759556,0.458737449989774,0.441,0.806,0.882,1,1,1,"co-occurring","within_trap",TRUE,NA,NA,"Ceratocystiopsis"
"genus","Xyloterinus politus","Hawksworthiomyces",69,22,10,2,20,8,39,0.0666666666666667,0.0840136380304668,0.0412023185345268,-0.42101930135955,0.8005,0.5265,1,1,0.484172009754844,0.641673747867866,"avoiding","within_trap",TRUE,NA,NA,"Hawksworthiomyces"
"species","Cyclorhipidion pelliculosum","Grosmannia francke-grosmanniae",69,13,13,8,5,5,51,0.444444444444444,0.174041248122981,0.0641947455472101,4.21223254359041,0.0015,1,0.003,0.0733333333333333,0.000134195691560037,0.00572982275324147,"co-occurring","within_trap",TRUE,NA,NA,"Grosmannia francke-grosmanniae"
"species","Cyclorhipidion pelliculosum","Sporothrix eucastaneae",69,13,10,6,7,4,52,0.352941176470588,0.123101759355415,0.0546954123874998,4.20216992765011,5e-04,1,0.001,0.055,0.00199939584396605,0.036655590472711,"co-occurring","within_trap",TRUE,NA,NA,"Sporothrix eucastaneae"
"species","Cyclorhipidion pelliculosum","Raffaelea arxii",69,13,9,5,8,4,52,0.294117647058824,0.119309236907509,0.0577885142635039,3.02496806466115,0.009,1,0.018,0.191304347826087,0.00922826944369984,0.0654909444391602,"co-occurring","within_trap",TRUE,NA,NA,"Raffaelea arxii"
"species","Cyclorhipidion pelliculosum","Ophiostoma denticiliatum",69,13,5,4,9,1,55,0.285714285714286,0.0941961526981985,0.0625990493747592,3.05944155588583,0.014,1,0.028,0.236923076923077,0.0036772658446896,0.0462243833622236,"co-occurring","within_trap",TRUE,NA,NA,"Ophiostoma denticiliatum"
"species","Cyclorhipidion pelliculosum","Raffaelea crossotarsi",69,13,3,3,10,0,56,0.230769230769231,0.10484363060651,0.061554082459112,2.04577170403553,0.094,1,0.188,0.621176470588235,0.0054586403023247,0.0500375361046431,"co-occurring","within_trap",TRUE,NA,NA,"Raffaelea crossotarsi"
"species","Cyclorhipidion pelliculosum","Grosmannia cucullata",69,13,4,3,10,1,55,0.214285714285714,0.0647121179637444,0.0526161345829829,2.84273250985535,0.023,1,0.046,0.31625,0.0193533610718784,0.0969710138698955,"co-occurring","within_trap",TRUE,NA,NA,"Grosmannia cucullata"
"species","Cyclorhipidion pelliculosum","Ophiostoma pallidulum",69,13,7,3,10,4,52,0.176470588235294,0.0738224719514912,0.0540552646003816,1.89894762411501,0.1055,0.9925,0.211,0.644722222222222,0.117661373439707,0.304897599173293,"co-occurring","within_trap",TRUE,NA,NA,"Ophiostoma pallidulum"
"species","Cyclorhipidion pelliculosum","Sporothrix rossii",69,13,16,4,9,12,44,0.16,0.111523233549029,0.0536847311713418,0.902989833296388,0.2905,0.902,0.581,1,0.480829079979224,0.729533776520202,"co-occurring","within_trap",TRUE,NA,NA,"Sporothrix rossii"
"species","Cyclorhipidion pelliculosum","Ophiostoma sparsiannulatum",69,13,3,2,11,1,55,0.142857142857143,0.0936966651824063,0.0616696808822655,0.797157970844531,0.4185,0.934,0.837,1,0.0888269649196473,0.26408016597733,"co-occurring","within_trap",TRUE,NA,NA,"Ophiostoma sparsiannulatum"
"species","Cyclorhipidion pelliculosum","Leptographium gracile",69,13,13,3,10,10,46,0.130434782608696,0.0761141440285367,0.0426229156117778,1.27444680403677,0.2315,0.967,0.463,1,0.699504605302463,0.910597711044626,"co-occurring","within_trap",TRUE,NA,NA,"Leptographium gracile"
"species","Cyclorhipidion pelliculosum","Grosmannia olivacea",69,13,5,2,11,3,53,0.125,0.0502648383015048,0.0457179146771589,1.63470189369406,0.1575,0.982,0.315,0.796304347826087,0.235255945337252,0.464771729587358,"co-occurring","within_trap",TRUE,NA,NA,"Grosmannia olivacea"
"species","Cyclorhipidion pelliculosum","Ophiostoma denticulatum",69,13,6,2,11,4,52,0.117647058823529,0.0572917177543034,0.0421866874654126,1.43067267650984,0.2575,1,0.515,1,0.314916784364622,0.549854702858864,"co-occurring","within_trap",TRUE,NA,NA,"Ophiostoma denticulatum"
"species","Cyclorhipidion pelliculosum","Ophiostoma undulatum",69,13,6,2,11,4,52,0.117647058823529,0.0977571301990873,0.0572962581622991,0.347141842458566,0.563,0.8355,1,1,0.314916784364622,0.549854702858864,"co-occurring","within_trap",TRUE,NA,NA,"Ophiostoma undulatum"
"species","Cyclorhipidion pelliculosum","Leptographium lundbergii",69,13,7,2,11,5,51,0.111111111111111,0.0554604787774016,0.0401519601450578,1.38600038784307,0.2725,1,0.545,1,0.608776768332252,0.824191989868948,"co-occurring","within_trap",TRUE,NA,NA,"Leptographium lundbergii"
"species","Cyclorhipidion pelliculosum","Ceratocystiopsis rollhanseniana",69,13,3,1,12,2,54,0.0666666666666667,0.0445603754258081,0.0427777916572541,0.516770276922648,0.58,0.9225,1,1,0.470931786082376,0.719479117625852,"co-occurring","within_trap",TRUE,NA,NA,"Ceratocystiopsis rollhanseniana"
"species","Cyclorhipidion pelliculosum","Ophiostoma karelicum",69,13,3,1,12,2,54,0.0666666666666667,0.081736839115527,0.0593938242759338,-0.253732987100593,0.7895,0.666,1,1,0.470931786082376,0.719479117625852,"avoiding","within_trap",TRUE,NA,NA,"Ophiostoma karelicum"
"species","Cyclorhipidion pelliculosum","Raffaelea subfusca",69,13,3,1,12,2,54,0.0666666666666667,0.0334167083541778,0.0333415696676842,0.997252338263963,0.5015,1,1,1,0.470931786082376,0.719479117625852,"co-occurring","within_trap",TRUE,NA,NA,"Raffaelea subfusca"
"species","Cyclorhipidion pelliculosum","Ceratocystiopsis synnemata",69,13,5,1,12,4,52,0.0588235294117647,0.0193331960097697,0.0276379535322228,1.42884433740558,0.329,1,0.658,1,1,1,"co-occurring","within_trap",TRUE,NA,NA,"Ceratocystiopsis synnemata"
"species","Cyclorhipidion pelliculosum","Ceratocystiopsis manitobensis",69,13,14,1,12,13,43,0.0384615384615385,0.0670784890773137,0.0380341947534918,-0.752400591132483,0.9085,0.4265,0.853,1,0.278157801867872,0.514241314377578,"avoiding","within_trap",TRUE,NA,NA,"Ceratocystiopsis manitobensis"
"species","Cyclorhipidion pelliculosum","Ophiostoma adjuncti",69,13,7,0,13,7,49,0,0.0175760394817294,0.028430981492349,-0.618200236472991,1,0.699,1,1,0.332619193037371,0.559456408957306,"avoiding","within_trap",TRUE,NA,NA,"Ophiostoma adjuncti"
"species","Dendroctonus valens","Leptographium gracile",69,14,13,8,6,5,50,0.421052631578947,0.248948365491667,0.0725455718259446,2.37236073485233,0.0355,0.995,0.071,0.40051282051282,0.000288644276971136,0.0090716772762357,"co-occurring","within_trap",TRUE,NA,NA,"Leptographium gracile"
"species","Dendroctonus valens","Ophiostoma pallidulum",69,14,7,6,8,1,54,0.4,0.182288060955146,0.0749808267972487,2.90356812993748,0.014,1,0.028,0.236923076923077,0.000156267893270222,0.00572982275324147,"co-occurring","within_trap",TRUE,NA,NA,"Ophiostoma pallidulum"
"species","Dendroctonus valens","Ophiostoma denticulatum",69,14,6,5,9,1,54,0.333333333333333,0.169106347856714,0.0704843002273152,2.32997965429151,0.0485,0.999,0.097,0.4268,0.000943571783028591,0.0188714356605718,"co-occurring","within_trap",TRUE,NA,NA,"Ophiostoma denticulatum"
"species","Dendroctonus valens","Sporothrix rossii",69,14,16,7,7,9,46,0.304347826086957,0.195240145059616,0.0538542852199758,2.0259795591321,0.07,0.9935,0.14,0.522033898305085,0.0135452645127125,0.0818329243927008,"co-occurring","within_trap",TRUE,NA,NA,"Sporothrix rossii"
"species","Dendroctonus valens","Raffaelea arxii",69,14,9,5,9,4,51,0.277777777777778,0.0886188233480316,0.0498789442363385,3.79236083132524,0.0015,1,0.003,0.0733333333333333,0.0135311703959223,0.0818329243927008,"co-occurring","within_trap",TRUE,NA,NA,"Raffaelea arxii"
"species","Dendroctonus valens","Grosmannia olivacea",69,14,5,4,10,1,54,0.266666666666667,0.119444199223796,0.0642125639486743,2.29273616235831,0.052,1,0.104,0.431698113207547,0.00507691720426003,0.0485618167364003,"co-occurring","within_trap",TRUE,NA,NA,"Grosmannia olivacea"
"species","Dendroctonus valens","Sporothrix eucastaneae",69,14,10,5,9,5,50,0.263157894736842,0.117288047572182,0.053413359705052,2.73096184119763,0.019,1,0.038,0.278666666666667,0.0237720746622119,0.111390673473874,"co-occurring","within_trap",TRUE,NA,NA,"Sporothrix eucastaneae"
"species","Dendroctonus valens","Leptographium lundbergii",69,14,7,4,10,3,52,0.235294117647059,0.160454091855012,0.0658842725292813,1.13593158001077,0.2555,0.952,0.511,1,0.0272526434324541,0.115807785931494,"co-occurring","within_trap",TRUE,NA,NA,"Leptographium lundbergii"
"species","Dendroctonus valens","Grosmannia francke-grosmanniae",69,14,13,5,9,8,47,0.227272727272727,0.103360805734059,0.0491595725627378,2.52060616232029,0.0315,0.9975,0.063,0.374594594594595,0.119241968133597,0.3050375928999,"co-occurring","within_trap",TRUE,NA,NA,"Grosmannia francke-grosmanniae"
"species","Dendroctonus valens","Ceratocystiopsis rollhanseniana",69,14,3,3,11,0,55,0.214285714285714,0.0980514066557088,0.0599223059757265,1.93975024387563,0.108,1,0.216,0.645333333333333,0.00694736038477689,0.0566081216537376,"co-occurring","within_trap",TRUE,NA,NA,"Ceratocystiopsis rollhanseniana"
"species","Dendroctonus valens","Ophiostoma denticiliatum",69,14,5,3,11,2,53,0.1875,0.0778710433648205,0.0529119432868873,2.071913254835,0.0875,1,0.175,0.592307692307692,0.0531740275604077,0.182785719738902,"co-occurring","within_trap",TRUE,NA,NA,"Ophiostoma denticiliatum"
"species","Dendroctonus valens","Ceratocystiopsis manitobensis",69,14,14,4,10,10,45,0.166666666666667,0.187066126894735,0.0633338905174016,-0.322093906775923,0.7445,0.5355,1,1,0.460047337652862,0.719479117625852,"avoiding","within_trap",TRUE,NA,NA,"Ceratocystiopsis manitobensis"
"species","Dendroctonus valens","Ophiostoma adjuncti",69,14,7,3,11,4,51,0.166666666666667,0.148333403027625,0.0600458296078841,0.305321181483586,0.5715,0.814,1,1,0.142318299805321,0.336666945776029,"co-occurring","within_trap",TRUE,NA,NA,"Ophiostoma adjuncti"
"species","Dendroctonus valens","Raffaelea crossotarsi",69,14,3,2,12,1,54,0.133333333333333,0.0403201600800401,0.0371064833492419,2.50665557223152,0.0515,1,0.103,0.431698113207547,0.102473565675459,0.278323264797543,"co-occurring","within_trap",TRUE,NA,NA,"Raffaelea crossotarsi"
"species","Dendroctonus valens","Raffaelea subfusca",69,14,3,2,12,1,54,0.133333333333333,0.0430277638819411,0.0432835764373533,2.08637032529177,0.11,1,0.22,0.645333333333333,0.102473565675459,0.278323264797543,"co-occurring","within_trap",TRUE,NA,NA,"Raffaelea subfusca"
"species","Dendroctonus valens","Ophiostoma undulatum",69,14,6,2,12,4,51,0.111111111111111,0.0636011160034793,0.0471597364205861,1.00742707049764,0.3245,0.947,0.649,1,0.593729720960415,0.816378366320571,"co-occurring","within_trap",TRUE,NA,NA,"Ophiostoma undulatum"
"species","Dendroctonus valens","Ophiostoma karelicum",69,14,3,1,13,2,53,0.0625,0.0403951975987994,0.0298893755659131,0.739553837531811,0.6465,1,1,1,0.499274726113677,0.742165133412223,"co-occurring","within_trap",TRUE,NA,NA,"Ophiostoma karelicum"
"species","Dendroctonus valens","Ophiostoma sparsiannulatum",69,14,3,1,13,2,53,0.0625,0.0202288644322161,0.0292493597760432,1.44519866046457,0.324,1,0.648,1,0.499274726113677,0.742165133412223,"co-occurring","within_trap",TRUE,NA,NA,"Ophiostoma sparsiannulatum"
"species","Dendroctonus valens","Grosmannia cucullata",69,14,4,1,13,3,52,0.0588235294117647,0.0296913162463592,0.0294177951901097,0.99029220161271,0.505,1,1,1,1,1,"co-occurring","within_trap",TRUE,NA,NA,"Grosmannia cucullata"
"species","Dendroctonus valens","Ceratocystiopsis synnemata",69,14,5,0,14,5,50,0,0,0,NA,1,1,1,1,0.575142191854029,0.805931733808194,"co-occurring","within_trap",TRUE,NA,NA,"Ceratocystiopsis synnemata"
"species","Dryocoetes autographus","Ophiostoma denticulatum",69,14,6,3,11,3,52,0.176470588235294,0.169470915368246,0.0619141727547133,0.113054451922975,0.6535,0.763,1,1,0.0930044470740925,0.269223399425005,"co-occurring","within_trap",FALSE,NA,NA,"Ophiostoma denticulatum"
"species","Dryocoetes autographus","Leptographium gracile",69,14,13,4,10,9,46,0.173913043478261,0.280337923846699,0.0747005014071942,-1.42468763078729,0.9835,0.1295,0.259,0.72325,0.442831455664983,0.700884318318677,"avoiding","within_trap",FALSE,NA,NA,"Leptographium gracile"
"species","Dryocoetes autographus","Ophiostoma adjuncti",69,14,7,3,11,4,51,0.166666666666667,0.163055327973588,0.0630674089688278,0.0572615674581462,0.6485,0.7435,1,1,0.142318299805321,0.336666945776029,"co-occurring","within_trap",FALSE,NA,NA,"Ophiostoma adjuncti"
"species","Dryocoetes autographus","Ceratocystiopsis manitobensis",69,14,14,3,11,11,44,0.12,0.172766956882493,0.0551748263201909,-0.956359274722044,0.935,0.3065,0.613,1,1,1,"avoiding","within_trap",FALSE,NA,NA,"Ceratocystiopsis manitobensis"
"species","Dryocoetes autographus","Grosmannia olivacea",69,14,5,2,12,3,52,0.117647058823529,0.0782016825406175,0.0478111121654496,0.825025281704632,0.417,0.942,0.834,1,0.265602931633393,0.50810995616823,"co-occurring","within_trap",FALSE,NA,NA,"Grosmannia olivacea"
"species","Dryocoetes autographus","Sporothrix rossii",69,14,16,3,11,13,42,0.111111111111111,0.238501236144619,0.0605604669376248,-2.10351953139191,1,0.0165,0.033,0.257931034482759,1,1,"avoiding","within_trap",FALSE,NA,NA,"Sporothrix rossii"
"species","Dryocoetes autographus","Leptographium lundbergii",69,14,7,1,13,6,49,0.05,0.173228732529323,0.0657510068702037,-1.87417255484139,0.997,0.0505,0.101,0.431698113207547,1,1,"avoiding","within_trap",FALSE,NA,NA,"Leptographium lundbergii"
"species","Dryocoetes autographus","Ophiostoma pallidulum",69,14,7,1,13,6,49,0.05,0.119333041133571,0.0554092570079453,-1.25128985439436,0.9755,0.227,0.454,1,1,1,"avoiding","within_trap",FALSE,NA,NA,"Ophiostoma pallidulum"
"species","Dryocoetes autographus","Sporothrix eucastaneae",69,14,10,1,13,9,46,0.0434782608695652,0.0871541925677688,0.0431060627441173,-1.01322015785735,0.95,0.3185,0.637,1,0.674153046072605,0.882819465095078,"avoiding","within_trap",FALSE,NA,NA,"Sporothrix eucastaneae"
"species","Dryocoetes autographus","Ceratocystiopsis rollhanseniana",69,14,3,0,14,3,52,0,0.0560217608804406,0.0408379967311232,-1.37180482307413,1,0.2605,0.521,1,1,1,"avoiding","within_trap",FALSE,NA,NA,"Ceratocystiopsis rollhanseniana"
"species","Dryocoetes autographus","Ceratocystiopsis synnemata",69,14,5,0,14,5,50,0,0.0118114612861987,0.0227363206214141,-0.51949748083136,1,0.7875,1,1,0.575142191854029,0.805931733808194,"avoiding","within_trap",FALSE,NA,NA,"Ceratocystiopsis synnemata"
"species","Dryocoetes autographus","Grosmannia cucullata",69,14,4,0,14,4,51,0,0.0404283023864883,0.0387519167287084,-1.04325942557928,1,0.416,0.832,1,0.575142191854029,0.805931733808194,"avoiding","within_trap",FALSE,NA,NA,"Grosmannia cucullata"
"species","Dryocoetes autographus","Grosmannia francke-grosmanniae",69,14,13,0,14,13,42,0,0.120738486452105,0.049689417993272,-2.4298631645968,1,0.01,0.02,0.191304347826087,0.0561754624240655,0.190132334358375,"avoiding","within_trap",FALSE,NA,NA,"Grosmannia francke-grosmanniae"
"species","Dryocoetes autographus","Ophiostoma denticiliatum",69,14,5,0,14,5,50,0,0.0687010171752556,0.0413145858146564,-1.66287561210123,1,0.163,0.326,0.796304347826087,0.575142191854029,0.805931733808194,"avoiding","within_trap",FALSE,NA,NA,"Ophiostoma denticiliatum"
"species","Dryocoetes autographus","Ophiostoma karelicum",69,14,3,0,14,3,52,0,0.0226738369184592,0.0340399638656591,-0.666094623600159,1,0.668,1,1,1,1,"avoiding","within_trap",FALSE,NA,NA,"Ophiostoma karelicum"
"species","Dryocoetes autographus","Ophiostoma sparsiannulatum",69,14,3,0,14,3,52,0,0,0,NA,1,1,1,1,1,1,"co-occurring","within_trap",FALSE,NA,NA,"Ophiostoma sparsiannulatum"
"species","Dryocoetes autographus","Ophiostoma undulatum",69,14,6,0,14,6,49,0,0.083319609581194,0.0502366872383398,-1.65854108145901,1,0.117,0.234,0.677368421052632,0.334831994121464,0.559456408957306,"avoiding","within_trap",FALSE,NA,NA,"Ophiostoma undulatum"
"species","Dryocoetes autographus","Raffaelea arxii",69,14,9,0,14,9,46,0,0.11507185011964,0.048381601441426,-2.37842168699094,1,0.017,0.034,0.257931034482759,0.187172983060235,0.395942848781267,"avoiding","within_trap",FALSE,NA,NA,"Raffaelea arxii"
"species","Dryocoetes autographus","Raffaelea crossotarsi",69,14,3,0,14,3,52,0,0.010724112056028,0.0235696484323943,-0.454996691477533,1,0.8285,1,1,1,1,"avoiding","within_trap",FALSE,NA,NA,"Raffaelea crossotarsi"
"species","Dryocoetes autographus","Raffaelea subfusca",69,14,3,0,14,3,52,0,0.0550525262631319,0.0414106921111641,-1.32942782302086,1,0.276,0.552,1,1,1,"avoiding","within_trap",FALSE,NA,NA,"Raffaelea subfusca"
"species","Heteroborips seriatus","Grosmannia francke-grosmanniae",69,21,13,13,8,0,48,0.619047619047619,0.278429395196374,0.0687954486924943,4.951173810549,5e-04,1,0.001,0.055,5.26483943325486e-09,1.15826467531607e-06,"co-occurring","within_trap",TRUE,NA,NA,"Grosmannia francke-grosmanniae"
"species","Heteroborips seriatus","Raffaelea arxii",69,21,9,9,12,0,48,0.428571428571429,0.203417332597586,0.0619427013762036,3.63487692611901,0.0035,1,0.007,0.118461538461538,5.18650500411162e-06,0.000380343700301518,"co-occurring","within_trap",TRUE,NA,NA,"Raffaelea arxii"
"species","Heteroborips seriatus","Sporothrix eucastaneae",69,21,10,7,14,3,45,0.291666666666667,0.14379659620098,0.0499967222243974,2.95759529598781,0.009,0.999,0.018,0.191304347826087,0.0066322404242797,0.0566081216537376,"co-occurring","within_trap",TRUE,NA,NA,"Sporothrix eucastaneae"
"species","Heteroborips seriatus","Sporothrix rossii",69,21,16,8,13,8,40,0.275862068965517,0.183093555738749,0.0467337083708047,1.98504498061023,0.063,0.9935,0.126,0.486315789473684,0.0672350996095225,0.217525322266102,"co-occurring","within_trap",TRUE,NA,NA,"Sporothrix rossii"
"species","Heteroborips seriatus","Leptographium gracile",69,21,13,7,14,6,42,0.259259259259259,0.174608047299139,0.049854709874488,1.69795817031598,0.102,0.9865,0.204,0.632112676056338,0.0525734166628686,0.182785719738902,"co-occurring","within_trap",TRUE,NA,NA,"Leptographium gracile"
"species","Heteroborips seriatus","Ophiostoma undulatum",69,21,6,5,16,1,47,0.227272727272727,0.142540505799961,0.0513086193847377,1.65142275291802,0.127,0.9835,0.254,0.72325,0.00860058176735659,0.0652457927178775,"co-occurring","within_trap",TRUE,NA,NA,"Ophiostoma undulatum"
"species","Heteroborips seriatus","Ophiostoma pallidulum",69,21,7,5,16,2,46,0.217391304347826,0.0873521921371938,0.0431564139537095,3.01320476604278,0.0095,1,0.019,0.191304347826087,0.0237970984239641,0.111390673473874,"co-occurring","within_trap",TRUE,NA,NA,"Ophiostoma pallidulum"
"species","Heteroborips seriatus","Grosmannia cucullata",69,21,4,4,17,0,48,0.19047619047619,0.0967858882386777,0.042976409005093,2.18004026875326,0.054,1,0.108,0.436,0.00692306891490004,0.0566081216537376,"co-occurring","within_trap",TRUE,NA,NA,"Grosmannia cucullata"
"species","Heteroborips seriatus","Ophiostoma denticiliatum",69,21,5,4,17,1,47,0.181818181818182,0.0787003778569132,0.0429677748257891,2.39988699390078,0.041,1,0.082,0.406521739130435,0.0273727494019894,0.115807785931494,"co-occurring","within_trap",TRUE,NA,NA,"Ophiostoma denticiliatum"
"species","Heteroborips seriatus","Ophiostoma denticulatum",69,21,6,4,17,2,46,0.173913043478261,0.0901246625136837,0.045155281627086,1.85556103174246,0.096,0.99,0.192,0.621176470588235,0.064917084671255,0.213160576532479,"co-occurring","within_trap",TRUE,NA,NA,"Ophiostoma denticulatum"
"species","Heteroborips seriatus","Raffaelea crossotarsi",69,21,3,3,18,0,48,0.142857142857143,0.0825565238858845,0.0354040093709642,1.70321441109753,0.15,1,0.3,0.776470588235294,0.0253845860213002,0.113971610707878,"co-occurring","within_trap",TRUE,NA,NA,"Raffaelea crossotarsi"
"species","Heteroborips seriatus","Leptographium lundbergii",69,21,7,3,18,4,44,0.12,0.0855117029591228,0.0432077974454058,0.798196137733105,0.372,0.9095,0.744,1,0.666711690416695,0.882819465095078,"co-occurring","within_trap",TRUE,NA,NA,"Leptographium lundbergii"
"species","Heteroborips seriatus","Ceratocystiopsis manitobensis",69,21,14,3,18,11,37,0.09375,0.0949878784697787,0.0368647649738398,-0.0335789057832641,0.69,0.6815,1,1,0.526053019441669,0.771544428514448,"avoiding","within_trap",TRUE,NA,NA,"Ceratocystiopsis manitobensis"
"species","Heteroborips seriatus","Ceratocystiopsis rollhanseniana",69,21,3,2,19,1,47,0.0909090909090909,0.0372953275056497,0.0313669978834309,1.7092411458274,0.175,1,0.35,0.819148936170213,0.217773027445891,0.443611722574963,"co-occurring","within_trap",TRUE,NA,NA,"Ceratocystiopsis rollhanseniana"
"species","Heteroborips seriatus","Ophiostoma sparsiannulatum",69,21,3,2,19,1,47,0.0909090909090909,0.051634512908628,0.0320426827931073,1.22569568391169,0.336,1,0.672,1,0.217773027445891,0.443611722574963,"co-occurring","within_trap",TRUE,NA,NA,"Ophiostoma sparsiannulatum"
"species","Heteroborips seriatus","Raffaelea subfusca",69,21,3,2,19,1,47,0.0909090909090909,0.0450857839987184,0.032265607481983,1.42019042833643,0.2585,1,0.517,1,0.217773027445891,0.443611722574963,"co-occurring","within_trap",TRUE,NA,NA,"Raffaelea subfusca"
"species","Heteroborips seriatus","Ophiostoma karelicum",69,21,3,1,20,2,46,0.0434782608695652,0.0360180090045013,0.0163962771703612,0.454996691477594,0.8285,1,1,1,1,1,"co-occurring","within_trap",TRUE,NA,NA,"Ophiostoma karelicum"
"species","Heteroborips seriatus","Ceratocystiopsis synnemata",69,21,5,1,20,4,44,0.04,0.0266333166583287,0.01887265979779,0.708256466491098,0.666,1,1,1,1,1,"co-occurring","within_trap",TRUE,NA,NA,"Ceratocystiopsis synnemata"
"species","Heteroborips seriatus","Grosmannia olivacea",69,21,5,1,20,4,44,0.04,0.0482064945516241,0.0354789051403724,-0.231306307766687,0.775,0.659,1,1,1,1,"avoiding","within_trap",TRUE,NA,NA,"Grosmannia olivacea"
"species","Heteroborips seriatus","Ophiostoma adjuncti",69,21,7,1,20,6,42,0.037037037037037,0.0509422802569388,0.0313569307224198,-0.443450391972185,0.8635,0.595,1,1,0.426845103974165,0.680477701987799,"avoiding","within_trap",TRUE,NA,NA,"Ophiostoma adjuncti"
"species","Hylastes opacus","Grosmannia francke-grosmanniae",69,8,13,5,3,8,53,0.3125,0.0881044237288937,0.0565236053927475,3.96994449862001,0.0025,1,0.005,0.1,0.00459437611053716,0.0485618167364003,"co-occurring","within_trap",TRUE,NA,NA,"Grosmannia francke-grosmanniae"
"species","Hylastes opacus","Raffaelea arxii",69,8,9,4,4,5,56,0.307692307692308,0.113046679017164,0.0702092515875111,2.7723643860885,0.0275,0.9995,0.055,0.342222222222222,0.00788195229983687,0.061929625213004,"co-occurring","within_trap",TRUE,NA,NA,"Raffaelea arxii"
"species","Hylastes opacus","Sporothrix rossii",69,8,16,5,3,11,50,0.263157894736842,0.102276491153538,0.0500693544144177,3.21317111963756,0.01,1,0.02,0.191304347826087,0.0136314792225282,0.0818329243927008,"co-occurring","within_trap",TRUE,NA,NA,"Sporothrix rossii"
"species","Hylastes opacus","Grosmannia cucullata",69,8,4,2,6,2,59,0.2,0.0465990571043104,0.0618316431960279,2.48094559624358,0.0715,0.9965,0.143,0.524333333333333,0.0633035704990508,0.211011901663503,"co-occurring","within_trap",TRUE,NA,NA,"Grosmannia cucullata"
"species","Hylastes opacus","Ophiostoma denticiliatum",69,8,5,2,6,3,58,0.181818181818182,0.0284233025603713,0.0463038229840479,3.31279081018119,0.033,1,0.066,0.382105263157895,0.0991702372013094,0.278323264797543,"co-occurring","within_trap",TRUE,NA,NA,"Ophiostoma denticiliatum"
"species","Hylastes opacus","Leptographium gracile",69,8,13,3,5,10,51,0.166666666666667,0.147884739583416,0.0640599997424747,0.293192743658366,0.558,0.8115,1,1,0.166657072282347,0.390048467043791,"co-occurring","within_trap",TRUE,NA,NA,"Leptographium gracile"
"species","Hylastes opacus","Ophiostoma denticulatum",69,8,6,2,6,4,57,0.166666666666667,0.0663536896653467,0.0564540541171632,1.77689589472411,0.1665,1,0.333,0.796304347826087,0.139800445574962,0.336666945776029,"co-occurring","within_trap",TRUE,NA,NA,"Ophiostoma denticulatum"
"species","Hylastes opacus","Ophiostoma undulatum",69,8,6,2,6,4,57,0.166666666666667,0.0938471566785712,0.0764951083494161,0.951949890121978,0.3205,0.942,0.641,1,0.139800445574962,0.336666945776029,"co-occurring","within_trap",TRUE,NA,NA,"Ophiostoma undulatum"
"species","Hylastes opacus","Leptographium lundbergii",69,8,7,2,6,5,56,0.153846153846154,0.0634300666816923,0.0515649873597809,1.75343952929936,0.17,1,0.34,0.804301075268817,0.183913243237784,0.395942848781267,"co-occurring","within_trap",TRUE,NA,NA,"Leptographium lundbergii"
"species","Hylastes opacus","Ophiostoma pallidulum",69,8,7,2,6,5,56,0.153846153846154,0.0367958704627036,0.0452681977769519,2.58570672418167,0.0615,1,0.123,0.483214285714286,0.183913243237784,0.395942848781267,"co-occurring","within_trap",TRUE,NA,NA,"Ophiostoma pallidulum"
"species","Hylastes opacus","Sporothrix eucastaneae",69,8,10,2,6,8,53,0.125,0.0408571933025344,0.0458138729128059,1.83662286874563,0.1315,0.986,0.263,0.72325,0.326795784583521,0.557326144250966,"co-occurring","within_trap",TRUE,NA,NA,"Sporothrix eucastaneae"
"species","Hylastes opacus","Ceratocystiopsis rollhanseniana",69,8,3,1,7,2,59,0.1,0.0164582291145574,0.0370895911117172,2.25243170338027,0.165,1,0.33,0.796304347826087,0.313089285032637,0.549854702858864,"co-occurring","within_trap",TRUE,NA,NA,"Ceratocystiopsis rollhanseniana"
"species","Hylastes opacus","Raffaelea subfusca",69,8,3,1,7,2,59,0.1,0.0507253626813399,0.0500072478436166,0.985349913131641,0.5075,1,1,1,0.313089285032637,0.549854702858864,"co-occurring","within_trap",TRUE,NA,NA,"Raffaelea subfusca"
"species","Hylastes opacus","Ceratocystiopsis synnemata",69,8,5,1,7,4,57,0.0833333333333333,0.0478989494747368,0.0412082424579923,0.859885832178315,0.575,1,1,1,0.47064642804613,0.719479117625852,"co-occurring","within_trap",TRUE,NA,NA,"Ceratocystiopsis synnemata"
"species","Hylastes opacus","Ophiostoma adjuncti",69,8,7,1,7,6,55,0.0714285714285714,0.0478398539929301,0.0468529669873159,0.503462618323132,0.573,0.916,1,1,1,1,"co-occurring","within_trap",TRUE,NA,NA,"Ophiostoma adjuncti"
"species","Hylastes opacus","Ceratocystiopsis manitobensis",69,8,14,1,7,13,48,0.0476190476190476,0.058563116144539,0.0414256460499194,-0.264185826149903,0.7955,0.655,1,1,1,1,"avoiding","within_trap",TRUE,NA,NA,"Ceratocystiopsis manitobensis"
"species","Hylastes opacus","Grosmannia olivacea",69,8,5,0,8,5,56,0,0.0424515287947003,0.0561285009385782,-0.756327500019202,1,0.579,1,1,1,1,"avoiding","within_trap",TRUE,NA,NA,"Grosmannia olivacea"
"species","Hylastes opacus","Ophiostoma karelicum",69,8,3,0,8,3,58,0,0.0169084542271137,0.0374920361722076,-0.450987888453166,1,0.831,1,1,1,1,"avoiding","within_trap",TRUE,NA,NA,"Ophiostoma karelicum"
"species","Hylastes opacus","Ophiostoma sparsiannulatum",69,8,3,0,8,3,58,0,0,0,NA,1,1,1,1,1,1,"co-occurring","within_trap",TRUE,NA,NA,"Ophiostoma sparsiannulatum"
"species","Hylastes opacus","Raffaelea crossotarsi",69,8,3,0,8,3,58,0,0.0169084542271137,0.0374920361722076,-0.450987888453166,1,0.831,1,1,1,1,"avoiding","within_trap",TRUE,NA,NA,"Raffaelea crossotarsi"
"species","Hylesinus aculeatus","Sporothrix eucastaneae",69,6,10,5,1,5,58,0.454545454545455,0.123731329534229,0.0791329440578745,4.18048549753542,0.0045,1,0.009,0.141428571428571,0.00012577842816038,0.00572982275324147,"co-occurring","within_trap",TRUE,NA,NA,"Sporothrix eucastaneae"
"species","Hylesinus aculeatus","Ophiostoma denticiliatum",69,6,5,3,3,2,61,0.375,0.0884608971152231,0.0809145632770525,3.54125501368231,0.0165,1,0.033,0.257931034482759,0.00356016850271918,0.0462243833622236,"co-occurring","within_trap",TRUE,NA,NA,"Ophiostoma denticiliatum"
"species","Hylesinus aculeatus","Grosmannia francke-grosmanniae",69,6,13,5,1,8,55,0.357142857142857,0.119557275136169,0.0601980493723116,3.94673223607752,0.0025,1,0.005,0.1,0.000615528495629272,0.0150462521153822,"co-occurring","within_trap",TRUE,NA,NA,"Grosmannia francke-grosmanniae"
"species","Hylesinus aculeatus","Ophiostoma pallidulum",69,6,7,3,3,4,59,0.3,0.0889270392772156,0.0717309179588673,2.94256600541234,0.028,1,0.056,0.342222222222222,0.0116051329477485,0.0797852890157711,"co-occurring","within_trap",TRUE,NA,NA,"Ophiostoma pallidulum"
"species","Hylesinus aculeatus","Grosmannia cucullata",69,6,4,2,4,2,61,0.25,0.0773720193430061,0.0734324624017135,2.3508401463188,0.0805,1,0.161,0.5534375,0.0353614397207175,0.13648274979926,"co-occurring","within_trap",TRUE,NA,NA,"Grosmannia cucullata"
"species","Hylesinus aculeatus","Ophiostoma denticulatum",69,6,6,2,4,4,59,0.2,0.0789212788212297,0.0676166444445196,1.7906644462092,0.1665,1,0.333,0.796304347826087,0.0814070303384443,0.252247136259968,"co-occurring","within_trap",TRUE,NA,NA,"Ophiostoma denticulatum"
"species","Hylesinus aculeatus","Leptographium lundbergii",69,6,7,2,4,5,58,0.181818181818182,0.0939143814331424,0.0746811355659163,1.17705495127953,0.2685,0.9625,0.537,1,0.109327789294723,0.293318459083402,"co-occurring","within_trap",TRUE,NA,NA,"Leptographium lundbergii"
"species","Hylesinus aculeatus","Sporothrix rossii",69,6,16,3,3,13,50,0.157894736842105,0.093202574553775,0.0472402823715098,1.36942793397326,0.213,0.977,0.426,0.97625,0.132352073623975,0.32716242918286,"co-occurring","within_trap",TRUE,NA,NA,"Sporothrix rossii"
"species","Hylesinus aculeatus","Raffaelea arxii",69,6,9,2,4,7,56,0.153846153846154,0.0487386550418061,0.0457867938296438,2.29558547373758,0.0785,1,0.157,0.548253968253968,0.172342673359011,0.395942848781267,"co-occurring","within_trap",TRUE,NA,NA,"Raffaelea arxii"
"species","Hylesinus aculeatus","Ceratocystiopsis rollhanseniana",69,6,3,1,5,2,61,0.125,0.0205727863931966,0.0463619888896459,2.25243170338029,0.165,1,0.33,0.796304347826087,0.242069702637706,0.471286146728278,"co-occurring","within_trap",TRUE,NA,NA,"Ceratocystiopsis rollhanseniana"
"species","Hylesinus aculeatus","Leptographium gracile",69,6,13,2,4,11,52,0.117647058823529,0.0871311881430917,0.0528291166525351,0.577633559181864,0.4925,0.8885,0.985,1,0.314916784364622,0.549854702858864,"co-occurring","within_trap",TRUE,NA,NA,"Leptographium gracile"
"species","Hylesinus aculeatus","Ceratocystiopsis manitobensis",69,6,14,2,4,12,51,0.111111111111111,0.0767533749674989,0.0510903227757524,0.672490097477295,0.442,0.8965,0.884,1,0.593729720960415,0.816378366320571,"co-occurring","within_trap",TRUE,NA,NA,"Ceratocystiopsis manitobensis"
"species","Hylesinus aculeatus","Ceratocystiopsis synnemata",69,6,5,1,5,4,59,0.1,0.0715635595575556,0.0694461574086053,0.409474641989635,0.5905,0.8975,1,1,0.374574999379366,0.61959774333429,"co-occurring","within_trap",TRUE,NA,NA,"Ceratocystiopsis synnemata"
"species","Hylesinus aculeatus","Ophiostoma adjuncti",69,6,7,1,5,6,57,0.0833333333333333,0.0749192778207288,0.0695870240750365,0.120914144906263,0.6535,0.815,1,1,0.487188727169689,0.734119999844736,"co-occurring","within_trap",TRUE,NA,NA,"Ophiostoma adjuncti"
"species","Hylesinus aculeatus","Grosmannia olivacea",69,6,5,0,6,5,58,0,0.0318770496359293,0.0517263728112953,-0.61626299899707,1,0.704,1,1,1,1,"avoiding","within_trap",TRUE,NA,NA,"Grosmannia olivacea"
"species","Hylesinus aculeatus","Ophiostoma karelicum",69,6,3,0,6,3,60,0,0,0,NA,1,1,1,1,1,1,"co-occurring","within_trap",TRUE,NA,NA,"Ophiostoma karelicum"
"species","Hylesinus aculeatus","Ophiostoma sparsiannulatum",69,6,3,0,6,3,60,0,0.0608429214607304,0.0624936620503694,-0.973585471942602,1,0.5135,1,1,1,1,"avoiding","within_trap",TRUE,NA,NA,"Ophiostoma sparsiannulatum"
"species","Hylesinus aculeatus","Ophiostoma undulatum",69,6,6,0,6,6,57,0,0.0130519805357224,0.0318857035755633,-0.409336444616678,1,0.8565,1,1,1,1,"avoiding","within_trap",TRUE,NA,NA,"Ophiostoma undulatum"
"species","Hylesinus aculeatus","Raffaelea crossotarsi",69,6,3,0,6,3,60,0,0,0,NA,1,1,1,1,1,1,"co-occurring","within_trap",TRUE,NA,NA,"Raffaelea crossotarsi"
"species","Hylesinus aculeatus","Raffaelea subfusca",69,6,3,0,6,3,60,0,0.0250750375187594,0.0500687152664671,-0.500812481113393,1,0.7995,1,1,1,1,"avoiding","within_trap",TRUE,NA,NA,"Raffaelea subfusca"
"species","Ips grandicollis","Leptographium gracile",69,19,13,8,11,5,45,0.333333333333333,0.362157667172786,0.0545890169233447,-0.528024417071451,0.8585,0.5105,1,1,0.00474300003099477,0.0485618167364003,"avoiding","within_trap",FALSE,NA,NA,"Leptographium gracile"
"species","Ips grandicollis","Ophiostoma denticulatum",69,19,6,5,14,1,49,0.25,0.20204041414647,0.0393570247439349,1.21857752626284,0.3415,1,0.683,1,0.00507628322359018,0.0485618167364003,"co-occurring","within_trap",FALSE,NA,NA,"Ophiostoma denticulatum"
"species","Ips grandicollis","Sporothrix rossii",69,19,16,7,12,9,41,0.25,0.26595066370989,0.0354148766356347,-0.450394445080185,0.857,0.5715,1,1,0.117801345135136,0.304897599173293,"avoiding","within_trap",FALSE,NA,NA,"Sporothrix rossii"
"species","Ips grandicollis","Ophiostoma adjuncti",69,19,7,5,14,2,48,0.238095238095238,0.201035394414696,0.034317534122135,1.0799098661532,0.4185,1,0.837,1,0.014506745687797,0.0818329243927008,"co-occurring","within_trap",FALSE,NA,NA,"Ophiostoma adjuncti"
"species","Ips grandicollis","Ophiostoma pallidulum",69,19,7,5,14,2,48,0.238095238095238,0.210870445574757,0.0328103466814647,0.829762415642532,0.5635,1,1,1,0.014506745687797,0.0818329243927008,"co-occurring","within_trap",FALSE,NA,NA,"Ophiostoma pallidulum"
"species","Ips grandicollis","Ceratocystiopsis manitobensis",69,19,14,6,13,8,42,0.222222222222222,0.223057041341188,0.0324142190856565,-0.0257547194569059,0.7445,0.745,1,1,0.185632607487925,0.395942848781267,"avoiding","within_trap",FALSE,NA,NA,"Ceratocystiopsis manitobensis"
"species","Ips grandicollis","Leptographium lundbergii",69,19,7,4,15,3,47,0.181818181818182,0.194529694736322,0.0365355759027621,-0.347921514963156,0.859,0.6455,1,1,0.084920865420541,0.255925895787932,"avoiding","within_trap",FALSE,NA,NA,"Leptographium lundbergii"
"species","Ips grandicollis","Grosmannia olivacea",69,19,5,3,16,2,48,0.142857142857143,0.124825540946644,0.0274055666026856,0.657953990585697,0.68,1,1,1,0.123900110272596,0.309750275681489,"co-occurring","within_trap",FALSE,NA,NA,"Grosmannia olivacea"
"species","Ips grandicollis","Sporothrix eucastaneae",69,19,10,3,16,7,43,0.115384615384615,0.0953330755731952,0.0238803535698518,0.839666789386847,0.5585,1,1,1,1,1,"co-occurring","within_trap",FALSE,NA,NA,"Sporothrix eucastaneae"
"species","Ips grandicollis","Grosmannia francke-grosmanniae",69,19,13,3,16,10,40,0.103448275862069,0.104494913911744,0.0292624600143356,-0.0357672611654168,0.7525,0.7215,1,1,1,1,"avoiding","within_trap",FALSE,NA,NA,"Grosmannia francke-grosmanniae"
"species","Ips grandicollis","Ceratocystiopsis rollhanseniana",69,19,3,2,17,1,49,0.1,0.0924009623859518,0.0184518230749732,0.411831263673618,0.855,1,1,1,0.181681108523877,0.395942848781267,"co-occurring","within_trap",FALSE,NA,NA,"Ceratocystiopsis rollhanseniana"
"species","Ips grandicollis","Ophiostoma denticiliatum",69,19,5,2,17,3,47,0.0909090909090909,0.0762357463316648,0.0237900766211327,0.616784250471552,0.7105,1,1,1,0.610651337948357,0.824191989868948,"co-occurring","within_trap",FALSE,NA,NA,"Ophiostoma denticiliatum"
"species","Ips grandicollis","Raffaelea arxii",69,19,9,2,17,7,43,0.0769230769230769,0.0712501549920271,0.0287278528087789,0.197471143033574,0.721,0.8475,1,1,1,1,"co-occurring","within_trap",FALSE,NA,NA,"Raffaelea arxii"
"species","Ips grandicollis","Ophiostoma karelicum",69,19,3,1,18,2,48,0.0476190476190476,0.0476190476190498,0,NA,1,1,1,1,1,1,"avoiding","within_trap",FALSE,NA,NA,"Ophiostoma karelicum"
"species","Ips grandicollis","Raffaelea subfusca",69,19,3,1,18,2,48,0.0476190476190476,0.023559398746993,0.0238141672249787,1.01030821883279,0.495,1,0.99,1,1,1,"co-occurring","within_trap",FALSE,NA,NA,"Raffaelea subfusca"
"species","Ips grandicollis","Grosmannia cucullata",69,19,4,1,18,3,47,0.0454545454545455,0.0379053162945117,0.0169203764813783,0.446162008767479,0.834,1,1,1,1,1,"co-occurring","within_trap",FALSE,NA,NA,"Grosmannia cucullata"
"species","Ips grandicollis","Ophiostoma undulatum",69,19,6,1,18,5,45,0.0416666666666667,0.0564004828501207,0.0278394028568371,-0.529243254936971,0.9105,0.5925,1,1,1,1,"avoiding","within_trap",FALSE,NA,NA,"Ophiostoma undulatum"
"species","Ips grandicollis","Ceratocystiopsis synnemata",69,19,5,0,19,5,45,0,0,0,NA,1,1,1,1,0.31242683084497,0.549854702858864,"co-occurring","within_trap",FALSE,NA,NA,"Ceratocystiopsis synnemata"
"species","Ips grandicollis","Ophiostoma sparsiannulatum",69,19,3,0,19,3,47,0,0,0,NA,1,1,1,1,0.555769744627247,0.804403577749963,"co-occurring","within_trap",FALSE,NA,NA,"Ophiostoma sparsiannulatum"
"species","Ips grandicollis","Raffaelea crossotarsi",69,19,3,0,19,3,47,0,0,0,NA,1,1,1,1,0.555769744627247,0.804403577749963,"co-occurring","within_trap",FALSE,NA,NA,"Raffaelea crossotarsi"
"species","Ips pini","Sporothrix eucastaneae",69,5,10,3,2,7,57,0.25,0.0821042389326549,0.0651855401323471,2.5756595822703,0.0425,1,0.085,0.406521739130435,0.0193942027739791,0.0969710138698955,"co-occurring","within_trap",FALSE,NA,NA,"Sporothrix eucastaneae"
"species","Ips pini","Raffaelea crossotarsi",69,5,3,1,4,2,62,0.142857142857143,0.0463088687200742,0.066882577033169,1.44354895429923,0.3245,1,0.649,1,0.204794442111692,0.42909311680545,"co-occurring","within_trap",FALSE,NA,NA,"Raffaelea crossotarsi"
"species","Ips pini","Ceratocystiopsis manitobensis",69,5,14,2,3,12,52,0.117647058823529,0.10412777000078,0.0630320525600985,0.214482763509232,0.587,0.795,1,1,0.265602931633393,0.50810995616823,"co-occurring","within_trap",FALSE,NA,NA,"Ceratocystiopsis manitobensis"
"species","Ips pini","Ceratocystiopsis synnemata",69,5,5,1,4,4,60,0.111111111111111,0.116169195708967,0.0892318842852077,-0.0566847224887563,0.738,0.754,1,1,0.321572880682702,0.552703388673395,"avoiding","within_trap",FALSE,NA,NA,"Ceratocystiopsis synnemata"
"species","Ips pini","Grosmannia olivacea",69,5,5,1,4,4,60,0.111111111111111,0.0421043855260969,0.0652875345212738,1.05696632735501,0.3305,0.961,0.661,1,0.321572880682702,0.552703388673395,"co-occurring","within_trap",FALSE,NA,NA,"Grosmannia olivacea"
"species","Ips pini","Ophiostoma adjuncti",69,5,7,1,4,6,58,0.0909090909090909,0.0558279139569794,0.0611510502203591,0.573680694373944,0.5165,0.9185,1,1,0.424211904190528,0.680477701987799,"co-occurring","within_trap",FALSE,NA,NA,"Ophiostoma adjuncti"
"species","Ips pini","Raffaelea arxii",69,5,9,1,4,8,56,0.0769230769230769,0.024935544695425,0.0360136953255524,1.44354895429922,0.3245,1,0.649,1,0.51403606509153,0.758979424967359,"co-occurring","within_trap",FALSE,NA,NA,"Raffaelea arxii"
"species","Ips pini","Grosmannia francke-grosmanniae",69,5,13,1,4,12,52,0.0588235294117647,0.019068357708266,0.0275398846607165,1.44354895429923,0.3245,1,0.649,1,1,1,"co-occurring","within_trap",FALSE,NA,NA,"Grosmannia francke-grosmanniae"
"species","Ips pini","Ceratocystiopsis rollhanseniana",69,5,3,0,5,3,61,0,0.0230829700564569,0.0525939863470413,-0.43888991232085,1,0.8385,1,1,1,1,"avoiding","within_trap",FALSE,NA,NA,"Ceratocystiopsis rollhanseniana"
"species","Ips pini","Grosmannia cucullata",69,5,4,0,5,4,60,0,0,0,NA,1,1,1,1,1,1,"co-occurring","within_trap",FALSE,NA,NA,"Grosmannia cucullata"
"species","Ips pini","Leptographium gracile",69,5,13,0,5,13,51,0,0,0,NA,1,1,1,1,0.575142191854029,0.805931733808194,"co-occurring","within_trap",FALSE,NA,NA,"Leptographium gracile"
"species","Ips pini","Leptographium lundbergii",69,5,7,0,5,7,57,0,0.051480285597345,0.0582736942557302,-0.883422378739663,1,0.509,1,1,1,1,"avoiding","within_trap",FALSE,NA,NA,"Leptographium lundbergii"
"species","Ips pini","Ophiostoma denticiliatum",69,5,5,0,5,5,59,0,0.017953421155022,0.0409064338254773,-0.438889912320839,1,0.8385,1,1,1,1,"avoiding","within_trap",FALSE,NA,NA,"Ophiostoma denticiliatum"
"species","Ips pini","Ophiostoma denticulatum",69,5,6,0,5,6,58,0,0.0161580790395199,0.0368157904429296,-0.438889912320842,1,0.8385,1,1,1,1,"avoiding","within_trap",FALSE,NA,NA,"Ophiostoma denticulatum"
"species","Ips pini","Ophiostoma karelicum",69,5,3,0,5,3,61,0,0,0,NA,1,1,1,1,1,1,"co-occurring","within_trap",FALSE,NA,NA,"Ophiostoma karelicum"
"species","Ips pini","Ophiostoma pallidulum",69,5,7,0,5,7,57,0,0.0146891627631997,0.0334689004026636,-0.438889912320834,1,0.8385,1,1,1,1,"avoiding","within_trap",FALSE,NA,NA,"Ophiostoma pallidulum"
"species","Ips pini","Ophiostoma sparsiannulatum",69,5,3,0,5,3,61,0,0.0230829700564569,0.0525939863470413,-0.43888991232085,1,0.8385,1,1,1,1,"avoiding","within_trap",FALSE,NA,NA,"Ophiostoma sparsiannulatum"
"species","Ips pini","Ophiostoma undulatum",69,5,6,0,5,6,58,0,0.0161580790395199,0.0368157904429296,-0.438889912320842,1,0.8385,1,1,1,1,"avoiding","within_trap",FALSE,NA,NA,"Ophiostoma undulatum"
"species","Ips pini","Raffaelea subfusca",69,5,3,0,5,3,61,0,0.0820886633793078,0.0946737880762325,-0.867068541856687,1,0.509,1,1,1,1,"avoiding","within_trap",FALSE,NA,NA,"Raffaelea subfusca"
"species","Ips pini","Sporothrix rossii",69,5,16,0,5,16,48,0,0.0382814214124602,0.0387119152411669,-0.988879552302569,1,0.417,0.834,1,0.583112107446955,0.811928250875507,"avoiding","within_trap",FALSE,NA,NA,"Sporothrix rossii"
"species","Pityogenes hopkinsi","Sporothrix rossii",69,19,16,10,9,6,44,0.4,0.25975264514908,0.0621121589504293,2.25796940922387,0.048,0.9895,0.096,0.4268,0.000857323506115396,0.0188611171345387,"co-occurring","within_trap",TRUE,NA,NA,"Sporothrix rossii"
"species","Pityogenes hopkinsi","Ceratocystiopsis manitobensis",69,19,14,8,11,6,44,0.32,0.228550838514144,0.062336954614765,1.46701362058831,0.149,0.9605,0.298,0.776470588235294,0.0152483614472249,0.0838659879597368,"co-occurring","within_trap",TRUE,NA,NA,"Ceratocystiopsis manitobensis"
"species","Pityogenes hopkinsi","Grosmannia francke-grosmanniae",69,19,13,7,12,6,44,0.28,0.10981647821941,0.043329084331391,3.92769716708035,0.001,1,0.002,0.0628571428571429,0.0346405070363353,0.136087706214175,"co-occurring","within_trap",TRUE,NA,NA,"Grosmannia francke-grosmanniae"
"species","Pityogenes hopkinsi","Leptographium gracile",69,19,13,7,12,6,44,0.28,0.151206361745425,0.0410336814517251,3.138729787287,0.009,1,0.018,0.191304347826087,0.0346405070363353,0.136087706214175,"co-occurring","within_trap",TRUE,NA,NA,"Leptographium gracile"
"species","Pityogenes hopkinsi","Sporothrix eucastaneae",69,19,10,6,13,4,46,0.260869565217391,0.145923269941802,0.0543293870051377,2.11572965593592,0.0545,0.9935,0.109,0.436,0.021566775884163,0.105437570989241,"co-occurring","within_trap",TRUE,NA,NA,"Sporothrix eucastaneae"
"species","Pityogenes hopkinsi","Ophiostoma denticulatum",69,19,6,5,14,1,49,0.25,0.164936197654932,0.0521984927410209,1.62962181239804,0.1365,0.986,0.273,0.741481481481482,0.00507628322359018,0.0485618167364003,"co-occurring","within_trap",TRUE,NA,NA,"Ophiostoma denticulatum"
"species","Pityogenes hopkinsi","Leptographium lundbergii",69,19,7,5,14,2,48,0.238095238095238,0.17687169770904,0.0565600773375559,1.0824514970305,0.269,0.948,0.538,1,0.014506745687797,0.0818329243927008,"co-occurring","within_trap",TRUE,NA,NA,"Leptographium lundbergii"
"species","Pityogenes hopkinsi","Ophiostoma pallidulum",69,19,7,5,14,2,48,0.238095238095238,0.124162333378247,0.0462118376589345,2.46544847573193,0.037,1,0.074,0.406521739130435,0.014506745687797,0.0818329243927008,"co-occurring","within_trap",TRUE,NA,NA,"Ophiostoma pallidulum"
"species","Pityogenes hopkinsi","Raffaelea arxii",69,19,9,5,14,4,46,0.217391304347826,0.0765157569494529,0.0373976902101225,3.7669585101874,0.001,1,0.002,0.0628571428571429,0.102003430956505,0.278323264797543,"co-occurring","within_trap",TRUE,NA,NA,"Raffaelea arxii"
"species","Pityogenes hopkinsi","Ophiostoma denticiliatum",69,19,5,4,15,1,49,0.2,0.092668525115183,0.0446463375456461,2.40403761618928,0.0425,1,0.085,0.406521739130435,0.0182789306734797,0.0968758691016965,"co-occurring","within_trap",TRUE,NA,NA,"Ophiostoma denticiliatum"
"species","Pityogenes hopkinsi","Ophiostoma adjuncti",69,19,7,4,15,3,47,0.181818181818182,0.161235384302353,0.0495253059129572,0.415601622976419,0.523,0.842,1,1,0.084920865420541,0.255925895787932,"co-occurring","within_trap",TRUE,NA,NA,"Ophiostoma adjuncti"
"species","Pityogenes hopkinsi","Ceratocystiopsis rollhanseniana",69,19,3,3,16,0,50,0.157894736842105,0.0647056611012278,0.0363616920672378,2.56283661300904,0.041,1,0.082,0.406521739130435,0.018494484101233,0.0968758691016965,"co-occurring","within_trap",TRUE,NA,NA,"Ceratocystiopsis rollhanseniana"
"species","Pityogenes hopkinsi","Grosmannia olivacea",69,19,5,3,16,2,48,0.142857142857143,0.104154713393428,0.0497806798534788,0.77745883699517,0.378,0.911,0.756,1,0.123900110272596,0.309750275681489,"co-occurring","within_trap",TRUE,NA,NA,"Grosmannia olivacea"
"species","Pityogenes hopkinsi","Ophiostoma undulatum",69,19,6,3,16,3,47,0.136363636363636,0.0574760724047324,0.0407493787683022,1.93592065310867,0.095,0.9935,0.19,0.621176470588235,0.335673845374384,0.559456408957306,"co-occurring","within_trap",TRUE,NA,NA,"Ophiostoma undulatum"
"species","Pityogenes hopkinsi","Ophiostoma sparsiannulatum",69,19,3,2,17,1,49,0.1,0.0318921365444635,0.032761864014455,2.07887632478684,0.1095,1,0.219,0.645333333333333,0.181681108523877,0.395942848781267,"co-occurring","within_trap",TRUE,NA,NA,"Ophiostoma sparsiannulatum"
"species","Pityogenes hopkinsi","Raffaelea crossotarsi",69,19,3,2,17,1,49,0.1,0.0391366109119732,0.0346957895407473,1.75420101094825,0.1435,0.99,0.287,0.77,0.181681108523877,0.395942848781267,"co-occurring","within_trap",TRUE,NA,NA,"Raffaelea crossotarsi"
"species","Pityogenes hopkinsi","Raffaelea subfusca",69,19,3,2,17,1,49,0.1,0.0350937373448637,0.0335657161765337,1.93370706925399,0.1315,1,0.263,0.72325,0.181681108523877,0.395942848781267,"co-occurring","within_trap",TRUE,NA,NA,"Raffaelea subfusca"
"species","Pityogenes hopkinsi","Grosmannia cucullata",69,19,4,2,17,2,48,0.0952380952380952,0.0388319700976035,0.0343913013948096,1.64012767336,0.1655,0.987,0.331,0.796304347826087,0.302834814534628,0.549854702858864,"co-occurring","within_trap",TRUE,NA,NA,"Grosmannia cucullata"
"species","Pityogenes hopkinsi","Ceratocystiopsis synnemata",69,19,5,2,17,3,47,0.0909090909090909,0.072543329824144,0.0376631685388469,0.487631864164693,0.5405,0.879,1,1,0.610651337948357,0.824191989868948,"co-occurring","within_trap",TRUE,NA,NA,"Ceratocystiopsis synnemata"
"species","Pityogenes hopkinsi","Ophiostoma karelicum",69,19,3,1,18,2,48,0.0476190476190476,0.0325175118887772,0.0354957154779625,0.425446720172359,0.5325,0.872,1,1,1,1,"co-occurring","within_trap",TRUE,NA,NA,"Ophiostoma karelicum"
"species","Xyleborinus attenuatus","Grosmannia francke-grosmanniae",69,24,13,12,12,1,44,0.48,0.175963446110508,0.0563298518444793,5.39743215957509,5e-04,1,0.001,0.055,3.2129560114677e-06,0.000353425161261447,"co-occurring","within_trap",TRUE,NA,NA,"Grosmannia francke-grosmanniae"
"species","Xyleborinus attenuatus","Raffaelea arxii",69,24,9,8,16,1,44,0.32,0.113712574369852,0.0502522058370925,4.10504220051335,5e-04,1,0.001,0.055,0.000607066162091144,0.0150462521153822,"co-occurring","within_trap",TRUE,NA,NA,"Raffaelea arxii"
"species","Xyleborinus attenuatus","Leptographium gracile",69,24,13,8,16,5,40,0.275862068965517,0.182762249060951,0.0546595221467138,1.70326809031871,0.0975,0.9805,0.195,0.621739130434783,0.0488231696355849,0.173243505158527,"co-occurring","within_trap",TRUE,NA,NA,"Leptographium gracile"
"species","Xyleborinus attenuatus","Sporothrix eucastaneae",69,24,10,7,17,3,42,0.259259259259259,0.130777795676728,0.0515017174980944,2.4947025036065,0.0255,0.9975,0.051,0.34,0.0261454996120805,0.115040198293154,"co-occurring","within_trap",TRUE,NA,NA,"Sporothrix eucastaneae"
"species","Xyleborinus attenuatus","Sporothrix rossii",69,24,16,8,16,8,37,0.25,0.188395299178426,0.0585837419972818,1.05156650499438,0.2275,0.9105,0.455,1,0.230019556469037,0.464259655258606,"co-occurring","within_trap",TRUE,NA,NA,"Sporothrix rossii"
"species","Xyleborinus attenuatus","Ophiostoma denticiliatum",69,24,5,5,19,0,45,0.208333333333333,0.074550722654775,0.0425575831271036,3.14356692387816,0.0065,1,0.013,0.17875,0.00378199500236375,0.0462243833622236,"co-occurring","within_trap",TRUE,NA,NA,"Ophiostoma denticiliatum"
"species","Xyleborinus attenuatus","Leptographium lundbergii",69,24,7,5,19,2,43,0.192307692307692,0.104509599578255,0.0448732792233215,1.95657848610733,0.0765,0.9895,0.153,0.542903225806452,0.0449365165124603,0.162066125126906,"co-occurring","within_trap",TRUE,NA,NA,"Leptographium lundbergii"
"species","Xyleborinus attenuatus","Ophiostoma pallidulum",69,24,7,5,19,2,43,0.192307692307692,0.108631751527596,0.048294192428241,1.73262946480425,0.1005,0.983,0.201,0.631714285714286,0.0449365165124603,0.162066125126906,"co-occurring","within_trap",TRUE,NA,NA,"Ophiostoma pallidulum"
"species","Xyleborinus attenuatus","Ophiostoma undulatum",69,24,6,4,20,2,43,0.153846153846154,0.0864500447352235,0.0445568326297051,1.51258752324327,0.149,0.9735,0.298,0.776470588235294,0.172777050220078,0.395942848781267,"co-occurring","within_trap",TRUE,NA,NA,"Ophiostoma undulatum"
"species","Xyleborinus attenuatus","Ceratocystiopsis manitobensis",69,24,14,5,19,9,36,0.151515151515152,0.142557608795749,0.0489689863034979,0.182922772055881,0.5415,0.7255,1,1,1,1,"co-occurring","within_trap",TRUE,NA,NA,"Ceratocystiopsis manitobensis"
"species","Xyleborinus attenuatus","Ceratocystiopsis rollhanseniana",69,24,3,3,21,0,45,0.125,0.04505791357217,0.0333490794729966,2.39713022641481,0.0465,1,0.093,0.42625,0.038630377524144,0.144045475513757,"co-occurring","within_trap",TRUE,NA,NA,"Ceratocystiopsis rollhanseniana"
"species","Xyleborinus attenuatus","Raffaelea crossotarsi",69,24,3,3,21,0,45,0.125,0.0447675760957394,0.0311715796465116,2.57389663321856,0.028,1,0.056,0.342222222222222,0.038630377524144,0.144045475513757,"co-occurring","within_trap",TRUE,NA,NA,"Raffaelea crossotarsi"
"species","Xyleborinus attenuatus","Grosmannia cucullata",69,24,4,3,21,1,44,0.12,0.0651740115071795,0.038681080115251,1.41738514874625,0.1955,0.977,0.391,0.905473684210526,0.117647058823529,0.304897599173293,"co-occurring","within_trap",TRUE,NA,NA,"Grosmannia cucullata"
"species","Xyleborinus attenuatus","Ophiostoma denticulatum",69,24,6,3,21,3,42,0.111111111111111,0.0913983548550854,0.0413902173634887,0.476266072316276,0.473,0.8395,0.946,1,0.412359680057317,0.671993552685998,"co-occurring","within_trap",TRUE,NA,NA,"Ophiostoma denticulatum"
"species","Xyleborinus attenuatus","Ophiostoma karelicum",69,24,3,2,22,1,44,0.08,0.0534338323007647,0.035481498274003,0.748732973283152,0.4155,0.9095,0.831,1,0.2756804214223,0.513980446719543,"co-occurring","within_trap",TRUE,NA,NA,"Ophiostoma karelicum"
"species","Xyleborinus attenuatus","Ophiostoma sparsiannulatum",69,24,3,2,22,1,44,0.08,0.0454290606841876,0.0344467611464017,1.00360493019599,0.325,0.9435,0.65,1,0.2756804214223,0.513980446719543,"co-occurring","within_trap",TRUE,NA,NA,"Ophiostoma sparsiannulatum"
"species","Xyleborinus attenuatus","Raffaelea subfusca",69,24,3,2,22,1,44,0.08,0.0423078847115861,0.0331897406035289,1.13565561535019,0.2825,0.9565,0.565,1,0.2756804214223,0.513980446719543,"co-occurring","within_trap",TRUE,NA,NA,"Raffaelea subfusca"
"species","Xyleborinus attenuatus","Ceratocystiopsis synnemata",69,24,5,2,22,3,42,0.0740740740740741,0.0552508651558188,0.0328802101628663,0.572478363885689,0.501,0.884,1,1,1,1,"co-occurring","within_trap",TRUE,NA,NA,"Ceratocystiopsis synnemata"
"species","Xyleborinus attenuatus","Grosmannia olivacea",69,24,5,2,22,3,42,0.0740740740740741,0.0689060647539894,0.0418056982000748,0.123619734691463,0.612,0.744,1,1,1,1,"co-occurring","within_trap",TRUE,NA,NA,"Grosmannia olivacea"
"species","Xyleborinus attenuatus","Ophiostoma adjuncti",69,24,7,1,23,6,39,0.0333333333333333,0.084447011725306,0.0410932708584767,-1.24384545995391,0.972,0.226,0.452,1,0.407940501114338,0.669753061531002,"avoiding","within_trap",TRUE,NA,NA,"Ophiostoma adjuncti"
"species","Xyloterinus politus","Grosmannia francke-grosmanniae",69,22,13,9,13,4,43,0.346153846153846,0.125623071184886,0.0518377847904419,4.25424766626259,0.001,1,0.002,0.0628571428571429,0.00258730144664164,0.0406575941615115,"co-occurring","within_trap",TRUE,NA,NA,"Grosmannia francke-grosmanniae"
"species","Xyloterinus politus","Sporothrix rossii",69,22,16,9,13,7,40,0.310344827586207,0.165902052837506,0.0553899098912395,2.60774525599194,0.0215,0.9975,0.043,0.305161290322581,0.0300392908154369,0.122382295914743,"co-occurring","within_trap",TRUE,NA,NA,"Sporothrix rossii"
"species","Xyloterinus politus","Sporothrix eucastaneae",69,22,10,7,15,3,44,0.28,0.122819384342246,0.0529568806506508,2.96808674768162,0.01,0.998,0.02,0.191304347826087,0.00921990745940801,0.0654909444391602,"co-occurring","within_trap",TRUE,NA,NA,"Sporothrix eucastaneae"
"species","Xyloterinus politus","Ophiostoma pallidulum",69,22,7,6,16,1,46,0.260869565217391,0.090400220283205,0.0486020539778792,3.50745145486596,0.0035,1,0.007,0.118461538461538,0.00340843857634901,0.0462243833622236,"co-occurring","within_trap",TRUE,NA,NA,"Ophiostoma pallidulum"
"species","Xyloterinus politus","Leptographium gracile",69,22,13,7,15,6,41,0.25,0.136891070245799,0.0496130413719147,2.27982253509318,0.044,0.997,0.088,0.411914893617021,0.0960381105971932,0.274394601706266,"co-occurring","within_trap",TRUE,NA,NA,"Leptographium gracile"
"species","Xyloterinus politus","Raffaelea arxii",69,22,9,6,16,3,44,0.24,0.0971509103042108,0.0494354863392438,2.88960623782495,0.0135,0.999,0.027,0.236923076923077,0.0248752930219342,0.113971610707878,"co-occurring","within_trap",TRUE,NA,NA,"Raffaelea arxii"
"species","Xyloterinus politus","Ophiostoma denticiliatum",69,22,5,5,17,0,47,0.227272727272727,0.0751015717649033,0.0453684232854815,3.35412043196398,0.0065,1,0.013,0.17875,0.00234319255581232,0.0396540278675931,"co-occurring","within_trap",TRUE,NA,NA,"Ophiostoma denticiliatum"
"species","Xyloterinus politus","Ophiostoma denticulatum",69,22,6,4,18,2,45,0.166666666666667,0.0797343760447059,0.0422034246896675,2.05983972298921,0.0685,0.9925,0.137,0.519655172413793,0.0769104139933816,0.241718443979199,"co-occurring","within_trap",TRUE,NA,NA,"Ophiostoma denticulatum"
"species","Xyloterinus politus","Ophiostoma undulatum",69,22,6,4,18,2,45,0.166666666666667,0.0656632577406021,0.0436512993406972,2.31386947127818,0.0425,0.9955,0.085,0.406521739130435,0.0769104139933816,0.241718443979199,"co-occurring","within_trap",TRUE,NA,NA,"Ophiostoma undulatum"
"species","Xyloterinus politus","Ceratocystiopsis rollhanseniana",69,22,3,3,19,0,47,0.136363636363636,0.042781107286186,0.0360409230770423,2.59656304799422,0.0385,1,0.077,0.406521739130435,0.0293926785509791,0.122007344928593,"co-occurring","within_trap",TRUE,NA,NA,"Ceratocystiopsis rollhanseniana"
"species","Xyloterinus politus","Grosmannia cucullata",69,22,4,3,19,1,46,0.130434782608696,0.0486259532928525,0.0383849871191181,2.13127150627849,0.074,0.993,0.148,0.533770491803279,0.0921861281826163,0.269223399425005,"co-occurring","within_trap",TRUE,NA,NA,"Grosmannia cucullata"
"species","Xyloterinus politus","Ceratocystiopsis manitobensis",69,22,14,4,18,10,37,0.125,0.142314005509838,0.049507373140294,-0.349725796615666,0.756,0.513,1,1,1,1,"avoiding","within_trap",TRUE,NA,NA,"Ceratocystiopsis manitobensis"
"species","Xyloterinus politus","Leptographium lundbergii",69,22,7,3,19,4,43,0.115384615384615,0.101027372793473,0.0475170207955193,0.302149468775125,0.542,0.7895,1,1,0.671572144931451,0.882819465095078,"co-occurring","within_trap",TRUE,NA,NA,"Leptographium lundbergii"
"species","Xyloterinus politus","Ophiostoma sparsiannulatum",69,22,3,2,20,1,46,0.0869565217391304,0.0499969187492298,0.0357428392262111,1.03404216872613,0.33,0.956,0.66,1,0.236611062335382,0.464771729587358,"co-occurring","within_trap",TRUE,NA,NA,"Ophiostoma sparsiannulatum"
"species","Xyloterinus politus","Raffaelea subfusca",69,22,3,2,20,1,46,0.0869565217391304,0.0560742327685582,0.0369806378843345,0.835093463427096,0.3895,0.9285,0.779,1,0.236611062335382,0.464771729587358,"co-occurring","within_trap",TRUE,NA,NA,"Raffaelea subfusca"
"species","Xyloterinus politus","Ceratocystiopsis synnemata",69,22,5,2,20,3,44,0.08,0.0604717743487115,0.0348092374268944,0.561006993971104,0.508,0.886,1,1,0.650840818531775,0.867787758042367,"co-occurring","within_trap",TRUE,NA,NA,"Ceratocystiopsis synnemata"
"species","Xyloterinus politus","Grosmannia olivacea",69,22,5,2,20,3,44,0.08,0.0611523266954232,0.0434246837777632,0.434031331144161,0.476,0.837,0.952,1,0.650840818531775,0.867787758042367,"co-occurring","within_trap",TRUE,NA,NA,"Grosmannia olivacea"
"species","Xyloterinus politus","Ophiostoma karelicum",69,22,3,1,21,2,45,0.0416666666666667,0.0427935476302052,0.0348539389179464,-0.0323315240263513,0.713,0.74,1,1,1,1,"avoiding","within_trap",TRUE,NA,NA,"Ophiostoma karelicum"
"species","Xyloterinus politus","Raffaelea crossotarsi",69,22,3,1,21,2,45,0.0416666666666667,0.0349071109995048,0.0302443702056416,0.223497980655619,0.663,0.8495,1,1,1,1,"co-occurring","within_trap",TRUE,NA,NA,"Raffaelea crossotarsi"
"species","Xyloterinus politus","Ophiostoma adjuncti",69,22,7,1,21,6,41,0.0357142857142857,0.0870477373403835,0.0424396259671795,-1.20956418573991,0.954,0.2165,0.433,0.982061855670103,0.416976908444204,0.674521469542095,"avoiding","within_trap",TRUE,NA,NA,"Ophiostoma adjuncti"
"asv","Cyclorhipidion pelliculosum","ASV_5162",69,13,7,7,6,0,56,0.538461538461538,0.1601514367189,0.081110992811661,4.66410394730429,5e-04,1,0.001,0.10725,1.59051290860277e-06,0.000341165018895294,"co-occurring","within_trap",TRUE,"Sporothrix",NA,"ASV_5162  Sporothrix sp."
"asv","Cyclorhipidion pelliculosum","ASV_660",69,13,13,8,5,5,51,0.444444444444444,0.174041248122981,0.0641947455472101,4.21223254359041,0.0015,1,0.003,0.1287,0.000134195691560037,0.00957698945898931,"co-occurring","within_trap",TRUE,"Grosmannia","francke-grosmanniae","ASV_660  Grosmannia francke-grosmanniae"
"asv","Cyclorhipidion pelliculosum","ASV_3603",69,13,10,6,7,4,52,0.352941176470588,0.123101759355415,0.0546954123874998,4.20216992765011,5e-04,1,0.001,0.10725,0.00199939584396605,0.0476522676145242,"co-occurring","within_trap",TRUE,"Sporothrix","eucastaneae","ASV_3603  Sporothrix eucastaneae"
"asv","Cyclorhipidion pelliculosum","ASV_5724",69,13,4,4,9,0,56,0.307692307692308,0.136687299693803,0.0733806880727879,2.33038163704436,0.048,1,0.096,0.611955882352941,0.00082706671247344,0.0295676349709255,"co-occurring","within_trap",TRUE,"Graphilbum",NA,"ASV_5724  Graphilbum sp."
"asv","Cyclorhipidion pelliculosum","ASV_7106",69,13,5,4,9,1,55,0.285714285714286,0.0941961526981985,0.0625990493747592,3.05944155588583,0.014,1,0.028,0.324648648648649,0.0036772658446896,0.057945566286216,"co-occurring","within_trap",TRUE,"Ophiostoma","denticiliatum","ASV_7106  Ophiostoma denticiliatum"
"asv","Cyclorhipidion pelliculosum","ASV_1122",69,13,8,4,9,4,52,0.235294117647059,0.0973399496445862,0.0542991548038294,2.54063195828499,0.0305,1,0.061,0.488172413793103,0.0360018753686398,0.173537129585916,"co-occurring","within_trap",TRUE,"Raffaelea","arxii","ASV_1122  Raffaelea arxii"
"asv","Cyclorhipidion pelliculosum","ASV_11554",69,13,3,3,10,0,56,0.230769230769231,0.10484363060651,0.061554082459112,2.04577170403553,0.094,1,0.188,0.7755,0.0054586403023247,0.0616251760446657,"co-occurring","within_trap",TRUE,"Raffaelea","crossotarsi","ASV_11554  Raffaelea crossotarsi"
"asv","Cyclorhipidion pelliculosum","ASV_3556",69,13,9,4,9,5,51,0.222222222222222,0.11234565388252,0.0605540271504928,1.81452123847402,0.0995,0.982,0.199,0.780702702702703,0.0574207601085919,0.232391566854584,"co-occurring","within_trap",TRUE,"Sporothrix","rossii","ASV_3556  Sporothrix rossii"
"asv","Cyclorhipidion pelliculosum","ASV_22166",69,13,4,3,10,1,55,0.214285714285714,0.0647121179637444,0.0526161345829829,2.84273250985535,0.023,1,0.046,0.467133333333333,0.0193533610718784,0.124180790896075,"co-occurring","within_trap",TRUE,"Grosmannia","cucullata","ASV_22166  Grosmannia cucullata"
"asv","Cyclorhipidion pelliculosum","ASV_1646",69,13,5,3,10,2,54,0.2,0.0807021157637654,0.0516353527029291,2.31039158234446,0.063,1,0.126,0.658821428571429,0.0428675039126618,0.197743647080988,"co-occurring","within_trap",TRUE,"Raffaelea","arxii","ASV_1646  Raffaelea arxii"
"asv","Cyclorhipidion pelliculosum","ASV_15258",69,13,7,3,10,4,52,0.176470588235294,0.0738224719514912,0.0540552646003816,1.89894762411501,0.1055,0.9925,0.211,0.793109243697479,0.117661373439707,0.34105898111915,"co-occurring","within_trap",TRUE,"Ophiostoma","pallidulum","ASV_15258  Ophiostoma pallidulum"
"asv","Cyclorhipidion pelliculosum","ASV_9224",69,13,3,2,11,1,55,0.142857142857143,0.0936966651824063,0.0616696808822655,0.797157970844531,0.4185,0.934,0.837,1,0.0888269649196473,0.299991787930719,"co-occurring","within_trap",TRUE,"Ophiostoma","sparsiannulatum","ASV_9224  Ophiostoma sparsiannulatum"
"asv","Cyclorhipidion pelliculosum","ASV_4337",69,13,4,2,11,2,54,0.133333333333333,0.100030967864885,0.0589224030047484,0.565190212384325,0.506,0.894,1,1,0.158300568767416,0.416631558289702,"co-occurring","within_trap",TRUE,"Ophiostoma","undulatum","ASV_4337  Ophiostoma undulatum"
"asv","Cyclorhipidion pelliculosum","ASV_6117",69,13,13,3,10,10,46,0.130434782608696,0.0761141440285367,0.0426229156117778,1.27444680403677,0.2315,0.967,0.463,1,0.699504605302463,0.92051372906367,"co-occurring","within_trap",TRUE,"Leptographium","gracile","ASV_6117  Leptographium gracile"
"asv","Cyclorhipidion pelliculosum","ASV_7819",69,13,5,2,11,3,53,0.125,0.10564441884808,0.0607791275934154,0.318457699514874,0.5725,0.832,1,1,0.235255945337252,0.52054433713784,"co-occurring","within_trap",TRUE,"Hawksworthiomyces",NA,"ASV_7819  Hawksworthiomyces sp."
"asv","Cyclorhipidion pelliculosum","ASV_15268",69,13,5,2,11,3,53,0.125,0.0502648383015048,0.0457179146771589,1.63470189369406,0.1575,0.982,0.315,0.95238,0.235255945337252,0.52054433713784,"co-occurring","within_trap",TRUE,"Grosmannia","olivacea","ASV_15268  Grosmannia olivacea"
"asv","Cyclorhipidion pelliculosum","ASV_13249",69,13,6,2,11,4,52,0.117647058823529,0.0572917177543034,0.0421866874654126,1.43067267650984,0.2575,1,0.515,1,0.314916784364622,0.619721561891848,"co-occurring","within_trap",TRUE,"Ophiostoma","denticulatum","ASV_13249  Ophiostoma denticulatum"
"asv","Cyclorhipidion pelliculosum","ASV_22950",69,13,6,2,11,4,52,0.117647058823529,0.0671524487734076,0.0437413896336244,1.15438970899329,0.2995,0.971,0.599,1,0.314916784364622,0.619721561891848,"co-occurring","within_trap",TRUE,"Sporothrix",NA,"ASV_22950  Sporothrix sp."
"asv","Cyclorhipidion pelliculosum","ASV_7618",69,13,7,2,11,5,51,0.111111111111111,0.0554604787774016,0.0401519601450578,1.38600038784307,0.2725,1,0.545,1,0.608776768332252,0.858916144196213,"co-occurring","within_trap",TRUE,"Leptographium","lundbergii","ASV_7618  Leptographium lundbergii"
"asv","Cyclorhipidion pelliculosum","ASV_13560",69,13,7,2,11,5,51,0.111111111111111,0.0819563548544155,0.0388322326875605,0.75078753496538,0.4945,0.9545,0.989,1,0.608776768332252,0.858916144196213,"co-occurring","within_trap",TRUE,"Hawksworthiomyces",NA,"ASV_13560  Hawksworthiomyces sp."
"asv","Cyclorhipidion pelliculosum","ASV_21569",69,13,7,2,11,5,51,0.111111111111111,0.06093449201381,0.0405353200400811,1.23784933849509,0.2695,0.974,0.539,1,0.608776768332252,0.858916144196213,"co-occurring","within_trap",TRUE,"Sporothrix",NA,"ASV_21569  Sporothrix sp."
"asv","Cyclorhipidion pelliculosum","ASV_8274",69,13,12,2,11,10,46,0.0869565217391304,0.0655469839192136,0.0426076915384672,0.502480586177447,0.487,0.856,0.974,1,1,1,"co-occurring","within_trap",TRUE,"Sporothrix","rossii","ASV_8274  Sporothrix rossii"
"asv","Cyclorhipidion pelliculosum","ASV_8974",69,13,3,1,12,2,54,0.0666666666666667,0.081736839115527,0.0593938242759338,-0.253732987100593,0.7895,0.666,1,1,0.470931786082376,0.77703744703592,"avoiding","within_trap",TRUE,"Ophiostoma","karelicum","ASV_8974  Ophiostoma karelicum"
"asv","Cyclorhipidion pelliculosum","ASV_16537",69,13,3,1,12,2,54,0.0666666666666667,0.0234450558612643,0.0318408582400044,1.35742606181071,0.352,1,0.704,1,0.470931786082376,0.77703744703592,"co-occurring","within_trap",TRUE,"Graphilbum",NA,"ASV_16537  Graphilbum sp."
"asv","Cyclorhipidion pelliculosum","ASV_17726",69,13,3,1,12,2,54,0.0666666666666667,0.0219919483551302,0.0350445278746334,1.27479869243363,0.3045,0.9775,0.609,1,0.470931786082376,0.77703744703592,"co-occurring","within_trap",TRUE,NA,NA,"ASV_17726  "
"asv","Cyclorhipidion pelliculosum","ASV_28495",69,13,3,1,12,2,54,0.0666666666666667,0.0334167083541778,0.0333415696676842,0.997252338263963,0.5015,1,1,1,0.470931786082376,0.77703744703592,"co-occurring","within_trap",TRUE,"Raffaelea","subfusca","ASV_28495  Raffaelea subfusca"
"asv","Cyclorhipidion pelliculosum","ASV_7886",69,13,4,1,12,3,53,0.0625,0.0312343671835918,0.0312578154309088,1.00025009378908,0.5,1,1,1,0.575142191854029,0.85549951917986,"co-occurring","within_trap",TRUE,"Grosmannia",NA,"ASV_7886  Grosmannia sp."
"asv","Cyclorhipidion pelliculosum","ASV_11600",69,13,4,1,12,3,53,0.0625,0.04087251959313,0.0391408237061557,0.552555576480335,0.5765,0.9315,1,1,0.575142191854029,0.85549951917986,"co-occurring","within_trap",TRUE,"Ophiostoma","undulatum","ASV_11600  Ophiostoma undulatum"
"asv","Cyclorhipidion pelliculosum","ASV_27488",69,13,4,1,12,3,53,0.0625,0.0205415207603802,0.0293653256279862,1.4288443374056,0.329,1,0.658,1,0.575142191854029,0.85549951917986,"co-occurring","within_trap",TRUE,"Ceratocystiopsis","synnemata","ASV_27488  Ceratocystiopsis synnemata"
"asv","Cyclorhipidion pelliculosum","ASV_8131",69,13,6,1,12,5,51,0.0555555555555556,0.0381694115031379,0.0364603999870764,0.47685006359174,0.5855,0.909,1,1,1,1,"co-occurring","within_trap",TRUE,"Graphilbum",NA,"ASV_8131  Graphilbum sp."
"asv","Cyclorhipidion pelliculosum","ASV_6045",69,13,7,1,12,6,50,0.0526315789473684,0.0843778872580441,0.0527936180429497,-0.60132852203554,0.887,0.517,1,1,1,1,"avoiding","within_trap",TRUE,"Sporothrix",NA,"ASV_6045  Sporothrix sp."
"asv","Cyclorhipidion pelliculosum","ASV_8895",69,13,13,1,12,12,44,0.04,0.0698968324742088,0.0397175198939215,-0.752736640003154,0.9085,0.4265,0.853,1,0.436026759227085,0.739349722167666,"avoiding","within_trap",TRUE,"Ceratocystiopsis","manitobensis","ASV_8895  Ceratocystiopsis manitobensis"
"asv","Cyclorhipidion pelliculosum","ASV_4044",69,13,6,0,13,6,50,0,0.0275137568784397,0.0277834732351034,-0.990292201612761,1,0.505,1,1,0.585763637057678,0.85549951917986,"avoiding","within_trap",TRUE,"Graphilbum",NA,"ASV_4044  Graphilbum sp."
"asv","Cyclorhipidion pelliculosum","ASV_6746",69,13,4,0,13,4,52,0,0.0189490578622645,0.0328053450874539,-0.577621049610947,1,0.727,1,1,1,1,"avoiding","within_trap",TRUE,"Graphilbum",NA,"ASV_6746  Graphilbum sp."
"asv","Cyclorhipidion pelliculosum","ASV_6959",69,13,7,0,13,7,49,0,0.0175760394817294,0.028430981492349,-0.618200236472991,1,0.699,1,1,0.332619193037371,0.631596840638643,"avoiding","within_trap",TRUE,"Ophiostoma","adjuncti","ASV_6959  Ophiostoma adjuncti"
"asv","Cyclorhipidion pelliculosum","ASV_9363",69,13,5,0,13,5,51,0,0,0,NA,1,1,1,1,0.575142191854029,0.85549951917986,"co-occurring","within_trap",TRUE,"Sporothrix",NA,"ASV_9363  Sporothrix sp."
"asv","Cyclorhipidion pelliculosum","ASV_15738",69,13,7,0,13,7,49,0,0.0185092546273139,0.0251375196631618,-0.736319846800105,1,0.6485,1,1,0.332619193037371,0.631596840638643,"avoiding","within_trap",TRUE,"Graphilbum",NA,"ASV_15738  Graphilbum sp."
"asv","Cyclorhipidion pelliculosum","ASV_23023",69,13,4,0,13,4,52,0,0.0216983491745873,0.02976191482163,-0.729064285837471,1,0.653,1,1,1,1,"avoiding","within_trap",TRUE,"Sporothrix",NA,"ASV_23023  Sporothrix sp."
"asv","Cyclorhipidion pelliculosum","ASV_25723",69,13,4,0,13,4,52,0,0.0411372352843089,0.0388320635636286,-1.05936258620156,1,0.4175,0.835,1,1,1,"avoiding","within_trap",TRUE,"Ceratocystiopsis","manitobensis","ASV_25723  Ceratocystiopsis manitobensis"
"asv","Dendroctonus valens","ASV_6117",69,14,13,8,6,5,50,0.421052631578947,0.248948365491667,0.0725455718259446,2.37236073485233,0.0355,0.995,0.071,0.516254237288136,0.000288644276971136,0.0137587105356241,"co-occurring","within_trap",TRUE,"Leptographium","gracile","ASV_6117  Leptographium gracile"
"asv","Dendroctonus valens","ASV_15258",69,14,7,6,8,1,54,0.4,0.182288060955146,0.0749808267972487,2.90356812993748,0.014,1,0.028,0.324648648648649,0.000156267893270222,0.00957698945898931,"co-occurring","within_trap",TRUE,"Ophiostoma","pallidulum","ASV_15258  Ophiostoma pallidulum"
"asv","Dendroctonus valens","ASV_8274",69,14,12,7,7,5,50,0.368421052631579,0.232818756071518,0.0662394935774611,2.04715177058965,0.07,0.9935,0.14,0.697666666666667,0.00147671031859497,0.042233915111816,"co-occurring","within_trap",TRUE,"Sporothrix","rossii","ASV_8274  Sporothrix rossii"
"asv","Dendroctonus valens","ASV_13249",69,14,6,5,9,1,54,0.333333333333333,0.169106347856714,0.0704843002273152,2.32997965429151,0.0485,0.999,0.097,0.611955882352941,0.000943571783028591,0.0311378688399435,"co-occurring","within_trap",TRUE,"Ophiostoma","denticulatum","ASV_13249  Ophiostoma denticulatum"
"asv","Dendroctonus valens","ASV_1646",69,14,5,4,10,1,54,0.266666666666667,0.088015208584685,0.0564094877237452,3.16704627698257,0.0105,1,0.021,0.277588235294118,0.00507691720426003,0.0588647967737176,"co-occurring","within_trap",TRUE,"Raffaelea","arxii","ASV_1646  Raffaelea arxii"
"asv","Dendroctonus valens","ASV_15268",69,14,5,4,10,1,54,0.266666666666667,0.119444199223796,0.0642125639486743,2.29273616235831,0.052,1,0.104,0.619666666666667,0.00507691720426003,0.0588647967737176,"co-occurring","within_trap",TRUE,"Grosmannia","olivacea","ASV_15268  Grosmannia olivacea"
"asv","Dendroctonus valens","ASV_3603",69,14,10,5,9,5,50,0.263157894736842,0.117288047572182,0.053413359705052,2.73096184119763,0.019,1,0.038,0.40755,0.0237720746622119,0.143788101744797,"co-occurring","within_trap",TRUE,"Sporothrix","eucastaneae","ASV_3603  Sporothrix eucastaneae"
"asv","Dendroctonus valens","ASV_7618",69,14,7,4,10,3,52,0.235294117647059,0.160454091855012,0.0658842725292813,1.13593158001077,0.2555,0.952,0.511,1,0.0272526434324541,0.150550121710942,"co-occurring","within_trap",TRUE,"Leptographium","lundbergii","ASV_7618  Leptographium lundbergii"
"asv","Dendroctonus valens","ASV_21569",69,14,7,4,10,3,52,0.235294117647059,0.137400388790889,0.0680997055874864,1.43750590419819,0.163,0.965,0.326,0.95238,0.0272526434324541,0.150550121710942,"co-occurring","within_trap",TRUE,"Sporothrix",NA,"ASV_21569  Sporothrix sp."
"asv","Dendroctonus valens","ASV_660",69,14,13,5,9,8,47,0.227272727272727,0.103360805734059,0.0491595725627378,2.52060616232029,0.0315,0.9975,0.063,0.488172413793103,0.119241968133597,0.343320834424921,"co-occurring","within_trap",TRUE,"Grosmannia","francke-grosmanniae","ASV_660  Grosmannia francke-grosmanniae"
"asv","Dendroctonus valens","ASV_1122",69,14,8,4,10,4,51,0.222222222222222,0.076000907722031,0.0479531548642963,3.04925327465912,0.0095,1,0.019,0.277588235294118,0.0476675179502209,0.208666991843314,"co-occurring","within_trap",TRUE,"Raffaelea","arxii","ASV_1122  Raffaelea arxii"
"asv","Dendroctonus valens","ASV_16537",69,14,3,3,11,0,55,0.214285714285714,0.101001989089783,0.0570557812866936,1.98549073627971,0.1005,1,0.201,0.780702702702703,0.00694736038477689,0.0693120373271927,"co-occurring","within_trap",TRUE,"Graphilbum",NA,"ASV_16537  Graphilbum sp."
"asv","Dendroctonus valens","ASV_17726",69,14,3,3,11,0,55,0.214285714285714,0.111101384025346,0.0612221032302055,1.68540975915803,0.158,1,0.316,0.95238,0.00694736038477689,0.0693120373271927,"co-occurring","within_trap",TRUE,NA,NA,"ASV_17726  "
"asv","Dendroctonus valens","ASV_3556",69,14,9,4,10,5,50,0.210526315789474,0.115033638942965,0.0550100564708925,1.73591308521992,0.118,0.9865,0.236,0.836727272727273,0.0749765959936596,0.277284135183448,"co-occurring","within_trap",TRUE,"Sporothrix","rossii","ASV_3556  Sporothrix rossii"
"asv","Dendroctonus valens","ASV_7886",69,14,4,3,11,1,54,0.2,0.117494461516473,0.0577698421946526,1.42817662900184,0.2125,0.985,0.425,1,0.0243157613467191,0.144881411357535,"co-occurring","within_trap",TRUE,"Grosmannia",NA,"ASV_7886  Grosmannia sp."
"asv","Dendroctonus valens","ASV_7106",69,14,5,3,11,2,53,0.1875,0.0778710433648205,0.0529119432868873,2.071913254835,0.0875,1,0.175,0.736029411764706,0.0531740275604077,0.223643704151127,"co-occurring","within_trap",TRUE,"Ophiostoma","denticiliatum","ASV_7106  Ophiostoma denticiliatum"
"asv","Dendroctonus valens","ASV_9363",69,14,5,3,11,2,53,0.1875,0.110576816185871,0.0545690939523647,1.40964744405098,0.2175,0.9835,0.435,1,0.0531740275604077,0.223643704151127,"co-occurring","within_trap",TRUE,"Sporothrix",NA,"ASV_9363  Sporothrix sp."
"asv","Dendroctonus valens","ASV_8131",69,14,6,3,11,3,52,0.176470588235294,0.137175829056601,0.0615196266847472,0.638735332060066,0.437,0.8955,0.874,1,0.0930044470740925,0.299991787930719,"co-occurring","within_trap",TRUE,"Graphilbum",NA,"ASV_8131  Graphilbum sp."
"asv","Dendroctonus valens","ASV_8895",69,14,13,4,10,9,46,0.173913043478261,0.195505274857771,0.0666402689272091,-0.324011768366289,0.7445,0.5355,1,1,0.442831455664983,0.744998801883441,"avoiding","within_trap",TRUE,"Ceratocystiopsis","manitobensis","ASV_8895  Ceratocystiopsis manitobensis"
"asv","Dendroctonus valens","ASV_5162",69,14,7,3,11,4,51,0.166666666666667,0.0780438464846469,0.0464663048772899,1.90724914356884,0.1095,1,0.219,0.793109243697479,0.142318299805321,0.376879942077054,"co-occurring","within_trap",TRUE,"Sporothrix",NA,"ASV_5162  Sporothrix sp."
"asv","Dendroctonus valens","ASV_6045",69,14,7,3,11,4,51,0.166666666666667,0.120469806626741,0.0557124124015572,0.829202291707526,0.3885,0.926,0.777,1,0.142318299805321,0.376879942077054,"co-occurring","within_trap",TRUE,"Sporothrix",NA,"ASV_6045  Sporothrix sp."
"asv","Dendroctonus valens","ASV_6959",69,14,7,3,11,4,51,0.166666666666667,0.148333403027625,0.0600458296078841,0.305321181483586,0.5715,0.814,1,1,0.142318299805321,0.376879942077054,"co-occurring","within_trap",TRUE,"Ophiostoma","adjuncti","ASV_6959  Ophiostoma adjuncti"
"asv","Dendroctonus valens","ASV_15738",69,14,7,3,11,4,51,0.166666666666667,0.109517607100766,0.0533203951790576,1.07180487642648,0.2885,0.9505,0.577,1,0.142318299805321,0.376879942077054,"co-occurring","within_trap",TRUE,"Graphilbum",NA,"ASV_15738  Graphilbum sp."
"asv","Dendroctonus valens","ASV_11554",69,14,3,2,12,1,54,0.133333333333333,0.0403201600800401,0.0371064833492419,2.50665557223152,0.0515,1,0.103,0.619666666666667,0.102473565675459,0.316267335789726,"co-occurring","within_trap",TRUE,"Raffaelea","crossotarsi","ASV_11554  Raffaelea crossotarsi"
"asv","Dendroctonus valens","ASV_28495",69,14,3,2,12,1,54,0.133333333333333,0.0430277638819411,0.0432835764373533,2.08637032529177,0.11,1,0.22,0.793109243697479,0.102473565675459,0.316267335789726,"co-occurring","within_trap",TRUE,"Raffaelea","subfusca","ASV_28495  Raffaelea subfusca"
"asv","Dendroctonus valens","ASV_4337",69,14,4,2,12,2,53,0.125,0.0404430156254607,0.0406255165916097,2.08137622530572,0.11,1,0.22,0.793109243697479,0.180631370004199,0.43350978763192,"co-occurring","within_trap",TRUE,"Ophiostoma","undulatum","ASV_4337  Ophiostoma undulatum"
"asv","Dendroctonus valens","ASV_6746",69,14,4,2,12,2,53,0.125,0.102878645204956,0.0577282528540007,0.383198065096321,0.5705,0.8425,1,1,0.180631370004199,0.43350978763192,"co-occurring","within_trap",TRUE,"Graphilbum",NA,"ASV_6746  Graphilbum sp."
"asv","Dendroctonus valens","ASV_11600",69,14,4,2,12,2,53,0.125,0.0714519024218003,0.0532838397787956,1.00495943611611,0.3245,0.947,0.649,1,0.180631370004199,0.43350978763192,"co-occurring","within_trap",TRUE,"Ophiostoma","undulatum","ASV_11600  Ophiostoma undulatum"
"asv","Dendroctonus valens","ASV_23023",69,14,4,2,12,2,53,0.125,0.14197729116659,0.065309895690626,-0.259949751673347,0.7695,0.625,1,1,0.180631370004199,0.43350978763192,"avoiding","within_trap",TRUE,"Sporothrix",NA,"ASV_23023  Sporothrix sp."
"asv","Dendroctonus valens","ASV_7819",69,14,5,2,12,3,52,0.117647058823529,0.0891225841679016,0.0519352169868539,0.549231837480299,0.509,0.887,1,1,0.265602931633393,0.566883869008586,"co-occurring","within_trap",TRUE,"Hawksworthiomyces",NA,"ASV_7819  Hawksworthiomyces sp."
"asv","Dendroctonus valens","ASV_8974",69,14,3,1,13,2,53,0.0625,0.0403951975987994,0.0298893755659131,0.739553837531811,0.6465,1,1,1,0.499274726113677,0.814406302291892,"co-occurring","within_trap",TRUE,"Ophiostoma","karelicum","ASV_8974  Ophiostoma karelicum"
"asv","Dendroctonus valens","ASV_9224",69,14,3,1,13,2,53,0.0625,0.0202288644322161,0.0292493597760432,1.44519866046457,0.324,1,0.648,1,0.499274726113677,0.814406302291892,"co-occurring","within_trap",TRUE,"Ophiostoma","sparsiannulatum","ASV_9224  Ophiostoma sparsiannulatum"
"asv","Dendroctonus valens","ASV_5724",69,14,4,1,13,3,52,0.0588235294117647,0.0190389312303212,0.0275288092009827,1.44519866046452,0.324,1,0.648,1,1,1,"co-occurring","within_trap",TRUE,"Graphilbum",NA,"ASV_5724  Graphilbum sp."
"asv","Dendroctonus valens","ASV_22166",69,14,4,1,13,3,52,0.0588235294117647,0.0296913162463592,0.0294177951901097,0.99029220161271,0.505,1,1,1,1,1,"co-occurring","within_trap",TRUE,"Grosmannia","cucullata","ASV_22166  Grosmannia cucullata"
"asv","Dendroctonus valens","ASV_25723",69,14,4,1,13,3,52,0.0588235294117647,0.0835660477297482,0.0554548733282068,-0.446173921839947,0.8425,0.5815,1,1,1,1,"avoiding","within_trap",TRUE,"Ceratocystiopsis","manitobensis","ASV_25723  Ceratocystiopsis manitobensis"
"asv","Dendroctonus valens","ASV_4044",69,14,6,1,13,5,50,0.0526315789473684,0.0829202010706093,0.0400201662564318,-0.756833990372868,0.945,0.4915,0.983,1,1,1,"avoiding","within_trap",TRUE,"Graphilbum",NA,"ASV_4044  Graphilbum sp."
"asv","Dendroctonus valens","ASV_22950",69,14,6,1,13,5,50,0.0526315789473684,0.026565914536216,0.0263211851700982,0.990292201612712,0.505,1,1,1,1,1,"co-occurring","within_trap",TRUE,"Sporothrix",NA,"ASV_22950  Sporothrix sp."
"asv","Dendroctonus valens","ASV_13560",69,14,7,1,13,6,49,0.05,0.0253376688344168,0.0250039743941618,0.986336443031297,0.507,1,1,1,1,1,"co-occurring","within_trap",TRUE,"Hawksworthiomyces",NA,"ASV_13560  Hawksworthiomyces sp."
"asv","Dendroctonus valens","ASV_27488",69,14,4,0,14,4,51,0,0,0,NA,1,1,1,1,0.575142191854029,0.85549951917986,"co-occurring","within_trap",TRUE,"Ceratocystiopsis","synnemata","ASV_27488  Ceratocystiopsis synnemata"
"asv","Dryocoetes autographus","ASV_13249",69,14,6,3,11,3,52,0.176470588235294,0.169470915368246,0.0619141727547133,0.113054451922975,0.6535,0.763,1,1,0.0930044470740925,0.299991787930719,"co-occurring","within_trap",FALSE,"Ophiostoma","denticulatum","ASV_13249  Ophiostoma denticulatum"
"asv","Dryocoetes autographus","ASV_6117",69,14,13,4,10,9,46,0.173913043478261,0.280337923846699,0.0747005014071942,-1.42468763078729,0.9835,0.1295,0.259,0.8679,0.442831455664983,0.744998801883441,"avoiding","within_trap",FALSE,"Leptographium","gracile","ASV_6117  Leptographium gracile"
"asv","Dryocoetes autographus","ASV_6959",69,14,7,3,11,4,51,0.166666666666667,0.163055327973588,0.0630674089688278,0.0572615674581462,0.6485,0.7435,1,1,0.142318299805321,0.376879942077054,"co-occurring","within_trap",FALSE,"Ophiostoma","adjuncti","ASV_6959  Ophiostoma adjuncti"
"asv","Dryocoetes autographus","ASV_8274",69,14,12,3,11,9,46,0.130434782608696,0.264831877566582,0.0668895297779169,-2.00923964339567,1,0.0245,0.049,0.467133333333333,0.698059915904878,0.92051372906367,"avoiding","within_trap",FALSE,"Sporothrix","rossii","ASV_8274  Sporothrix rossii"
"asv","Dryocoetes autographus","ASV_7886",69,14,4,2,12,2,53,0.125,0.139250087228487,0.0590687493662339,-0.241245792087703,0.7955,0.65,1,1,0.180631370004199,0.43350978763192,"avoiding","within_trap",FALSE,"Grosmannia",NA,"ASV_7886  Grosmannia sp."
"asv","Dryocoetes autographus","ASV_8895",69,14,13,3,11,10,45,0.125,0.170633374710566,0.055218505444043,-0.826414520704657,0.9185,0.3685,0.737,1,0.718285567471059,0.942337946315242,"avoiding","within_trap",FALSE,"Ceratocystiopsis","manitobensis","ASV_8895  Ceratocystiopsis manitobensis"
"asv","Dryocoetes autographus","ASV_23023",69,14,4,2,12,2,53,0.125,0.105754347762117,0.0545273861279224,0.352953875190944,0.6045,0.853,1,1,0.180631370004199,0.43350978763192,"co-occurring","within_trap",FALSE,"Sporothrix",NA,"ASV_23023  Sporothrix sp."
"asv","Dryocoetes autographus","ASV_9363",69,14,5,2,12,3,52,0.117647058823529,0.167100502865813,0.0559323225932367,-0.884165751562478,0.936,0.3885,0.777,1,0.265602931633393,0.566883869008586,"avoiding","within_trap",FALSE,"Sporothrix",NA,"ASV_9363  Sporothrix sp."
"asv","Dryocoetes autographus","ASV_15268",69,14,5,2,12,3,52,0.117647058823529,0.0782016825406175,0.0478111121654496,0.825025281704632,0.417,0.942,0.834,1,0.265602931633393,0.566883869008586,"co-occurring","within_trap",FALSE,"Grosmannia","olivacea","ASV_15268  Grosmannia olivacea"
"asv","Dryocoetes autographus","ASV_8131",69,14,6,2,12,4,51,0.111111111111111,0.161357037307784,0.061924394407908,-0.811407631469002,0.921,0.4075,0.815,1,0.593729720960415,0.858916144196213,"avoiding","within_trap",FALSE,"Graphilbum",NA,"ASV_8131  Graphilbum sp."
"asv","Dryocoetes autographus","ASV_6045",69,14,7,2,12,5,50,0.105263157894737,0.116474581459978,0.0604366516306575,-0.185507026990129,0.7375,0.655,1,1,0.623823815704088,0.868897457587837,"avoiding","within_trap",FALSE,"Sporothrix",NA,"ASV_6045  Sporothrix sp."
"asv","Dryocoetes autographus","ASV_15738",69,14,7,2,12,5,50,0.105263157894737,0.153450506212862,0.0641058803696103,-0.751683746331767,0.8945,0.409,0.818,1,0.623823815704088,0.868897457587837,"avoiding","within_trap",FALSE,"Graphilbum",NA,"ASV_15738  Graphilbum sp."
"asv","Dryocoetes autographus","ASV_21569",69,14,7,2,12,5,50,0.105263157894737,0.137099019065778,0.0555544920389906,-0.573056471269638,0.8645,0.4945,0.989,1,0.623823815704088,0.868897457587837,"avoiding","within_trap",FALSE,"Sporothrix",NA,"ASV_21569  Sporothrix sp."
"asv","Dryocoetes autographus","ASV_4044",69,14,6,1,13,5,50,0.0526315789473684,0.0950646461861842,0.0470968440814991,-0.900974748231265,0.9575,0.4015,0.803,1,1,1,"avoiding","within_trap",FALSE,"Graphilbum",NA,"ASV_4044  Graphilbum sp."
"asv","Dryocoetes autographus","ASV_7618",69,14,7,1,13,6,49,0.05,0.173228732529323,0.0657510068702037,-1.87417255484139,0.997,0.0505,0.101,0.618985714285714,1,1,"avoiding","within_trap",FALSE,"Leptographium","lundbergii","ASV_7618  Leptographium lundbergii"
"asv","Dryocoetes autographus","ASV_13560",69,14,7,1,13,6,49,0.05,0.0720544482767706,0.0436436899646492,-0.505329597351517,0.8735,0.565,1,1,1,1,"avoiding","within_trap",FALSE,"Hawksworthiomyces",NA,"ASV_13560  Hawksworthiomyces sp."
"asv","Dryocoetes autographus","ASV_15258",69,14,7,1,13,6,49,0.05,0.119333041133571,0.0554092570079453,-1.25128985439436,0.9755,0.227,0.454,1,1,1,"avoiding","within_trap",FALSE,"Ophiostoma","pallidulum","ASV_15258  Ophiostoma pallidulum"
"asv","Dryocoetes autographus","ASV_3556",69,14,9,1,13,8,47,0.0454545454545455,0.136572951547546,0.0566056240674147,-1.6097058833674,0.9885,0.101,0.202,0.780702702702703,0.674153046072605,0.898172847096732,"avoiding","within_trap",FALSE,"Sporothrix","rossii","ASV_3556  Sporothrix rossii"
"asv","Dryocoetes autographus","ASV_3603",69,14,10,1,13,9,46,0.0434782608695652,0.0871541925677688,0.0431060627441173,-1.01322015785735,0.95,0.3185,0.637,1,0.674153046072605,0.898172847096732,"avoiding","within_trap",FALSE,"Sporothrix","eucastaneae","ASV_3603  Sporothrix eucastaneae"
"asv","Dryocoetes autographus","ASV_660",69,14,13,0,14,13,42,0,0.120738486452105,0.049689417993272,-2.4298631645968,1,0.01,0.02,0.277588235294118,0.0561754624240655,0.231097344843194,"avoiding","within_trap",FALSE,"Grosmannia","francke-grosmanniae","ASV_660  Grosmannia francke-grosmanniae"
"asv","Dryocoetes autographus","ASV_1122",69,14,8,0,14,8,47,0,0.121047909084032,0.0511245438471613,-2.36770638865569,1,0.017,0.034,0.374,0.193284105419606,0.45310864057383,"avoiding","within_trap",FALSE,"Raffaelea","arxii","ASV_1122  Raffaelea arxii"
"asv","Dryocoetes autographus","ASV_1646",69,14,5,0,14,5,50,0,0.0773703845386756,0.0396556739590399,-1.95105458599925,1,0.1065,0.213,0.793109243697479,0.575142191854029,0.85549951917986,"avoiding","within_trap",FALSE,"Raffaelea","arxii","ASV_1646  Raffaelea arxii"
"asv","Dryocoetes autographus","ASV_4337",69,14,4,0,14,4,51,0,0.0595150516434701,0.0423917293135804,-1.40393073382841,1,0.2385,0.477,1,0.575142191854029,0.85549951917986,"avoiding","within_trap",FALSE,"Ophiostoma","undulatum","ASV_4337  Ophiostoma undulatum"
"asv","Dryocoetes autographus","ASV_5162",69,14,7,0,14,7,48,0,0.0522449821401925,0.042609750969043,-1.22612737582413,1,0.281,0.562,1,0.330406391953277,0.631596840638643,"avoiding","within_trap",FALSE,"Sporothrix",NA,"ASV_5162  Sporothrix sp."
"asv","Dryocoetes autographus","ASV_5724",69,14,4,0,14,4,51,0,0.0100932819350852,0.0221831985246067,-0.454996691477524,1,0.8285,1,1,0.575142191854029,0.85549951917986,"avoiding","within_trap",FALSE,"Graphilbum",NA,"ASV_5724  Graphilbum sp."
"asv","Dryocoetes autographus","ASV_6746",69,14,4,0,14,4,51,0,0.0862916752493904,0.0515602655414227,-1.67360804571623,1,0.125,0.25,0.858,0.575142191854029,0.85549951917986,"avoiding","within_trap",FALSE,"Graphilbum",NA,"ASV_6746  Graphilbum sp."
"asv","Dryocoetes autographus","ASV_7106",69,14,5,0,14,5,50,0,0.0687010171752556,0.0413145858146564,-1.66287561210123,1,0.163,0.326,0.95238,0.575142191854029,0.85549951917986,"avoiding","within_trap",FALSE,"Ophiostoma","denticiliatum","ASV_7106  Ophiostoma denticiliatum"
"asv","Dryocoetes autographus","ASV_7819",69,14,5,0,14,5,50,0,0.0680289082449734,0.0456696418712555,-1.48958707486145,1,0.176,0.352,0.980571428571428,0.575142191854029,0.85549951917986,"avoiding","within_trap",FALSE,"Hawksworthiomyces",NA,"ASV_7819  Hawksworthiomyces sp."
"asv","Dryocoetes autographus","ASV_8974",69,14,3,0,14,3,52,0,0.0226738369184592,0.0340399638656591,-0.666094623600159,1,0.668,1,1,1,1,"avoiding","within_trap",FALSE,"Ophiostoma","karelicum","ASV_8974  Ophiostoma karelicum"
"asv","Dryocoetes autographus","ASV_9224",69,14,3,0,14,3,52,0,0,0,NA,1,1,1,1,1,1,"co-occurring","within_trap",FALSE,"Ophiostoma","sparsiannulatum","ASV_9224  Ophiostoma sparsiannulatum"
"asv","Dryocoetes autographus","ASV_11554",69,14,3,0,14,3,52,0,0.010724112056028,0.0235696484323943,-0.454996691477533,1,0.8285,1,1,1,1,"avoiding","within_trap",FALSE,"Raffaelea","crossotarsi","ASV_11554  Raffaelea crossotarsi"
"asv","Dryocoetes autographus","ASV_11600",69,14,4,0,14,4,51,0,0.0709509166347893,0.0435009525925741,-1.63101983764147,1,0.1685,0.337,0.957437086092715,0.575142191854029,0.85549951917986,"avoiding","within_trap",FALSE,"Ophiostoma","undulatum","ASV_11600  Ophiostoma undulatum"
"asv","Dryocoetes autographus","ASV_16537",69,14,3,0,14,3,52,0,0.112165904380761,0.0573515768055104,-1.95575973021869,1,0.0645,0.129,0.658821428571429,1,1,"avoiding","within_trap",FALSE,"Graphilbum",NA,"ASV_16537  Graphilbum sp."
"asv","Dryocoetes autographus","ASV_17726",69,14,3,0,14,3,52,0,0.0913942090092666,0.056420321948057,-1.61988102608504,1,0.1365,0.273,0.883804511278195,1,1,"avoiding","within_trap",FALSE,NA,NA,"ASV_17726  "
"asv","Dryocoetes autographus","ASV_22166",69,14,4,0,14,4,51,0,0.0404283023864883,0.0387519167287084,-1.04325942557928,1,0.416,0.832,1,0.575142191854029,0.85549951917986,"avoiding","within_trap",FALSE,"Grosmannia","cucullata","ASV_22166  Grosmannia cucullata"
"asv","Dryocoetes autographus","ASV_22950",69,14,6,0,14,6,49,0,0.0444988576159434,0.0376698197144028,-1.1812867158196,1,0.3355,0.671,1,0.334831994121464,0.631596840638643,"avoiding","within_trap",FALSE,"Sporothrix",NA,"ASV_22950  Sporothrix sp."
"asv","Dryocoetes autographus","ASV_25723",69,14,4,0,14,4,51,0,0.0862997675308253,0.0516908857545521,-1.66953547556931,1,0.1225,0.245,0.854512195121951,0.575142191854029,0.85549951917986,"avoiding","within_trap",FALSE,"Ceratocystiopsis","manitobensis","ASV_25723  Ceratocystiopsis manitobensis"
"asv","Dryocoetes autographus","ASV_27488",69,14,4,0,14,4,51,0,0,0,NA,1,1,1,1,0.575142191854029,0.85549951917986,"co-occurring","within_trap",FALSE,"Ceratocystiopsis","synnemata","ASV_27488  Ceratocystiopsis synnemata"
"asv","Dryocoetes autographus","ASV_28495",69,14,3,0,14,3,52,0,0.0550525262631319,0.0414106921111641,-1.32942782302086,1,0.276,0.552,1,1,1,"avoiding","within_trap",FALSE,"Raffaelea","subfusca","ASV_28495  Raffaelea subfusca"
"asv","Heteroborips seriatus","ASV_660",69,21,13,13,8,0,48,0.619047619047619,0.278429395196374,0.0687954486924943,4.951173810549,5e-04,1,0.001,0.10725,5.26483943325486e-09,2.25861611686634e-06,"co-occurring","within_trap",TRUE,"Grosmannia","francke-grosmanniae","ASV_660  Grosmannia francke-grosmanniae"
"asv","Heteroborips seriatus","ASV_1122",69,21,8,8,13,0,48,0.380952380952381,0.188028233102076,0.0596602242385544,3.23371476243348,0.008,1,0.016,0.277588235294118,2.43366773269852e-05,0.00261010864331916,"co-occurring","within_trap",TRUE,"Raffaelea","arxii","ASV_1122  Raffaelea arxii"
"asv","Heteroborips seriatus","ASV_3603",69,21,10,7,14,3,45,0.291666666666667,0.14379659620098,0.0499967222243974,2.95759529598781,0.009,0.999,0.018,0.277588235294118,0.0066322404242797,0.0693120373271927,"co-occurring","within_trap",TRUE,"Sporothrix","eucastaneae","ASV_3603  Sporothrix eucastaneae"
"asv","Heteroborips seriatus","ASV_21569",69,21,7,6,15,1,47,0.272727272727273,0.114126761927183,0.0533301803880463,2.97393538979365,0.0115,0.9995,0.023,0.281914285714286,0.00252197510471358,0.0528548724099649,"co-occurring","within_trap",TRUE,"Sporothrix",NA,"ASV_21569  Sporothrix sp."
"asv","Heteroborips seriatus","ASV_6117",69,21,13,7,14,6,42,0.259259259259259,0.174608047299139,0.049854709874488,1.69795817031598,0.102,0.9865,0.204,0.781392857142857,0.0525734166628686,0.223643704151127,"co-occurring","within_trap",TRUE,"Leptographium","gracile","ASV_6117  Leptographium gracile"
"asv","Heteroborips seriatus","ASV_3556",69,21,9,6,15,3,45,0.25,0.163925015689876,0.0552107955252414,1.55902452575189,0.129,0.9745,0.258,0.8679,0.0190530421928955,0.124180790896075,"co-occurring","within_trap",TRUE,"Sporothrix","rossii","ASV_3556  Sporothrix rossii"
"asv","Heteroborips seriatus","ASV_1646",69,21,5,5,16,0,48,0.238095238095238,0.10907390736588,0.0491090472947366,2.62724157434807,0.022,1,0.044,0.460390243902439,0.0018106487931277,0.0476522676145242,"co-occurring","within_trap",TRUE,"Raffaelea","arxii","ASV_1646  Raffaelea arxii"
"asv","Heteroborips seriatus","ASV_8274",69,21,12,6,15,6,42,0.222222222222222,0.113921333945482,0.0390147783347883,2.77589397913282,0.011,1,0.022,0.277588235294118,0.164975151898807,0.428935394936899,"co-occurring","within_trap",TRUE,"Sporothrix","rossii","ASV_8274  Sporothrix rossii"
"asv","Heteroborips seriatus","ASV_5162",69,21,7,5,16,2,46,0.217391304347826,0.130106878039539,0.0439276161388685,1.98700576039352,0.0765,1,0.153,0.697666666666667,0.0237970984239641,0.143788101744797,"co-occurring","within_trap",TRUE,"Sporothrix",NA,"ASV_5162  Sporothrix sp."
"asv","Heteroborips seriatus","ASV_15258",69,21,7,5,16,2,46,0.217391304347826,0.0873521921371938,0.0431564139537095,3.01320476604278,0.0095,1,0.019,0.277588235294118,0.0237970984239641,0.143788101744797,"co-occurring","within_trap",TRUE,"Ophiostoma","pallidulum","ASV_15258  Ophiostoma pallidulum"
"asv","Heteroborips seriatus","ASV_11600",69,21,4,4,17,0,48,0.19047619047619,0.0728955080777725,0.0442765898190779,2.65559481610652,0.0245,1,0.049,0.467133333333333,0.00692306891490004,0.0693120373271927,"co-occurring","within_trap",TRUE,"Ophiostoma","undulatum","ASV_11600  Ophiostoma undulatum"
"asv","Heteroborips seriatus","ASV_22166",69,21,4,4,17,0,48,0.19047619047619,0.0967858882386777,0.042976409005093,2.18004026875326,0.054,1,0.108,0.631905405405405,0.00692306891490004,0.0693120373271927,"co-occurring","within_trap",TRUE,"Grosmannia","cucullata","ASV_22166  Grosmannia cucullata"
"asv","Heteroborips seriatus","ASV_7106",69,21,5,4,17,1,47,0.181818181818182,0.0787003778569132,0.0429677748257891,2.39988699390078,0.041,1,0.082,0.558380952380952,0.0273727494019894,0.150550121710942,"co-occurring","within_trap",TRUE,"Ophiostoma","denticiliatum","ASV_7106  Ophiostoma denticiliatum"
"asv","Heteroborips seriatus","ASV_13249",69,21,6,4,17,2,46,0.173913043478261,0.0901246625136837,0.045155281627086,1.85556103174246,0.096,0.99,0.192,0.780702702702703,0.064917084671255,0.242168950643203,"co-occurring","within_trap",TRUE,"Ophiostoma","denticulatum","ASV_13249  Ophiostoma denticulatum"
"asv","Heteroborips seriatus","ASV_11554",69,21,3,3,18,0,48,0.142857142857143,0.0825565238858845,0.0354040093709642,1.70321441109753,0.15,1,0.3,0.93941605839416,0.0253845860213002,0.149177909632024,"co-occurring","within_trap",TRUE,"Raffaelea","crossotarsi","ASV_11554  Raffaelea crossotarsi"
"asv","Heteroborips seriatus","ASV_4337",69,21,4,3,18,1,47,0.136363636363636,0.121478182155258,0.0428706614727868,0.347217740454684,0.5895,0.829,1,1,0.0807691373405005,0.291030133459938,"co-occurring","within_trap",TRUE,"Ophiostoma","undulatum","ASV_4337  Ophiostoma undulatum"
"asv","Heteroborips seriatus","ASV_8131",69,21,6,3,18,3,45,0.125,0.0753464190289125,0.0393426308506892,1.26208084963941,0.2325,0.967,0.465,1,0.359177477483009,0.669944077566133,"co-occurring","within_trap",TRUE,"Graphilbum",NA,"ASV_8131  Graphilbum sp."
"asv","Heteroborips seriatus","ASV_22950",69,21,6,3,18,3,45,0.125,0.0955612254287693,0.0360452106529439,0.816718061511076,0.393,0.9255,0.786,1,0.359177477483009,0.669944077566133,"co-occurring","within_trap",TRUE,"Sporothrix",NA,"ASV_22950  Sporothrix sp."
"asv","Heteroborips seriatus","ASV_7618",69,21,7,3,18,4,44,0.12,0.0855117029591228,0.0432077974454058,0.798196137733105,0.372,0.9095,0.744,1,0.666711690416695,0.898172847096732,"co-occurring","within_trap",TRUE,"Leptographium","lundbergii","ASV_7618  Leptographium lundbergii"
"asv","Heteroborips seriatus","ASV_8895",69,21,13,3,18,10,38,0.0967741935483871,0.0980970618056324,0.0381673006078953,-0.0346597279916536,0.69,0.6815,1,1,0.7403030243516,0.968262187337915,"avoiding","within_trap",TRUE,"Ceratocystiopsis","manitobensis","ASV_8895  Ceratocystiopsis manitobensis"
"asv","Heteroborips seriatus","ASV_9224",69,21,3,2,19,1,47,0.0909090909090909,0.051634512908628,0.0320426827931073,1.22569568391169,0.336,1,0.672,1,0.217773027445891,0.494310205154958,"co-occurring","within_trap",TRUE,"Ophiostoma","sparsiannulatum","ASV_9224  Ophiostoma sparsiannulatum"
"asv","Heteroborips seriatus","ASV_16537",69,21,3,2,19,1,47,0.0909090909090909,0.0454199431731672,0.0355769403342144,1.27861326209035,0.25,0.972,0.5,1,0.217773027445891,0.494310205154958,"co-occurring","within_trap",TRUE,"Graphilbum",NA,"ASV_16537  Graphilbum sp."
"asv","Heteroborips seriatus","ASV_17726",69,21,3,2,19,1,47,0.0909090909090909,0.0299378938481096,0.0306369854086057,1.9901173776665,0.124,1,0.248,0.858,0.217773027445891,0.494310205154958,"co-occurring","within_trap",TRUE,NA,NA,"ASV_17726  "
"asv","Heteroborips seriatus","ASV_28495",69,21,3,2,19,1,47,0.0909090909090909,0.0450857839987184,0.032265607481983,1.42019042833643,0.2585,1,0.517,1,0.217773027445891,0.494310205154958,"co-occurring","within_trap",TRUE,"Raffaelea","subfusca","ASV_28495  Raffaelea subfusca"
"asv","Heteroborips seriatus","ASV_5724",69,21,4,2,19,2,46,0.0869565217391304,0.0569070767267691,0.0277180045747903,1.08411285275894,0.4155,1,0.831,1,0.579854737010137,0.85549951917986,"co-occurring","within_trap",TRUE,"Graphilbum",NA,"ASV_5724  Graphilbum sp."
"asv","Heteroborips seriatus","ASV_6746",69,21,4,2,19,2,46,0.0869565217391304,0.02794060073515,0.0287268482142465,2.05438203884521,0.1125,1,0.225,0.804375,0.579854737010137,0.85549951917986,"co-occurring","within_trap",TRUE,"Graphilbum",NA,"ASV_6746  Graphilbum sp."
"asv","Heteroborips seriatus","ASV_7886",69,21,4,2,19,2,46,0.0869565217391304,0.065566874346264,0.036920337058791,0.579345940390689,0.499,0.8925,0.998,1,0.579854737010137,0.85549951917986,"co-occurring","within_trap",TRUE,"Grosmannia",NA,"ASV_7886  Grosmannia sp."
"asv","Heteroborips seriatus","ASV_25723",69,21,4,2,19,2,46,0.0869565217391304,0.0501850892508181,0.0362942639542214,1.01314721617424,0.3235,0.9475,0.647,1,0.579854737010137,0.85549951917986,"co-occurring","within_trap",TRUE,"Ceratocystiopsis","manitobensis","ASV_25723  Ceratocystiopsis manitobensis"
"asv","Heteroborips seriatus","ASV_7819",69,21,5,2,19,3,45,0.0833333333333333,0.108384989596248,0.0394896011656942,-0.634386155428632,0.8925,0.4955,0.991,1,0.636412753181849,0.880713132629075,"avoiding","within_trap",TRUE,"Hawksworthiomyces",NA,"ASV_7819  Hawksworthiomyces sp."
"asv","Heteroborips seriatus","ASV_9363",69,21,5,2,19,3,45,0.0833333333333333,0.0627795781948952,0.0357308455999871,0.575238419167039,0.507,0.893,1,1,0.636412753181849,0.880713132629075,"co-occurring","within_trap",TRUE,"Sporothrix",NA,"ASV_9363  Sporothrix sp."
"asv","Heteroborips seriatus","ASV_6045",69,21,7,2,19,5,43,0.0769230769230769,0.106332171412103,0.0387364220252409,-0.759210400740224,0.9155,0.433,0.866,1,1,1,"avoiding","within_trap",TRUE,"Sporothrix",NA,"ASV_6045  Sporothrix sp."
"asv","Heteroborips seriatus","ASV_13560",69,21,7,2,19,5,43,0.0769230769230769,0.11302163902464,0.0301697601015252,-1.19651472136626,1,0.3325,0.665,1,1,1,"avoiding","within_trap",TRUE,"Hawksworthiomyces",NA,"ASV_13560  Hawksworthiomyces sp."
"asv","Heteroborips seriatus","ASV_8974",69,21,3,1,20,2,46,0.0434782608695652,0.0360180090045013,0.0163962771703612,0.454996691477594,0.8285,1,1,1,1,1,"co-occurring","within_trap",TRUE,"Ophiostoma","karelicum","ASV_8974  Ophiostoma karelicum"
"asv","Heteroborips seriatus","ASV_27488",69,21,4,1,20,3,45,0.0416666666666667,0.0277430381857591,0.0196590206226981,0.70825646649109,0.666,1,1,1,1,1,"co-occurring","within_trap",TRUE,"Ceratocystiopsis","synnemata","ASV_27488  Ceratocystiopsis synnemata"
"asv","Heteroborips seriatus","ASV_15268",69,21,5,1,20,4,44,0.04,0.0482064945516241,0.0354789051403724,-0.231306307766687,0.775,0.659,1,1,1,1,"avoiding","within_trap",TRUE,"Grosmannia","olivacea","ASV_15268  Grosmannia olivacea"
"asv","Heteroborips seriatus","ASV_4044",69,21,6,1,20,5,43,0.0384615384615385,0.0384453765344208,0.0250529177819119,0.000645111569770459,0.796,0.8115,1,1,0.659136956107983,0.897681759270872,"co-occurring","within_trap",TRUE,"Graphilbum",NA,"ASV_4044  Graphilbum sp."
"asv","Heteroborips seriatus","ASV_6959",69,21,7,1,20,6,42,0.037037037037037,0.0509422802569388,0.0313569307224198,-0.443450391972185,0.8635,0.595,1,1,0.426845103974165,0.72954800639409,"avoiding","within_trap",TRUE,"Ophiostoma","adjuncti","ASV_6959  Ophiostoma adjuncti"
"asv","Heteroborips seriatus","ASV_15738",69,21,7,1,20,6,42,0.037037037037037,0.0510963173894651,0.0329550482700739,-0.426619928977472,0.846,0.5865,1,1,0.426845103974165,0.72954800639409,"avoiding","within_trap",TRUE,"Graphilbum",NA,"ASV_15738  Graphilbum sp."
"asv","Heteroborips seriatus","ASV_23023",69,21,4,0,21,4,44,0,0.0341801335450332,0.0297786710336717,-1.14780587442551,1,0.354,0.708,1,0.305846956799356,0.619721561891848,"avoiding","within_trap",TRUE,"Sporothrix",NA,"ASV_23023  Sporothrix sp."
"asv","Hylastes opacus","ASV_1122",69,8,8,4,4,4,57,0.333333333333333,0.121301843062721,0.0758580287834583,2.79510941255631,0.0275,0.9995,0.055,0.48048,0.00461606564050578,0.0588647967737176,"co-occurring","within_trap",TRUE,"Raffaelea","arxii","ASV_1122  Raffaelea arxii"
"asv","Hylastes opacus","ASV_660",69,8,13,5,3,8,53,0.3125,0.0881044237288937,0.0565236053927475,3.96994449862001,0.0025,1,0.005,0.153214285714286,0.00459437611053716,0.0588647967737176,"co-occurring","within_trap",TRUE,"Grosmannia","francke-grosmanniae","ASV_660  Grosmannia francke-grosmanniae"
"asv","Hylastes opacus","ASV_3556",69,8,9,4,4,5,56,0.307692307692308,0.0772334198234651,0.0644413283473248,3.57625911475193,0.01,1,0.02,0.277588235294118,0.00788195229983687,0.0768490349234095,"co-occurring","within_trap",TRUE,"Sporothrix","rossii","ASV_3556  Sporothrix rossii"
"asv","Hylastes opacus","ASV_22950",69,8,6,3,5,3,58,0.272727272727273,0.0695046824111363,0.0679226979188405,2.9919687607074,0.027,0.999,0.054,0.48048,0.0179098204540049,0.123970838741077,"co-occurring","within_trap",TRUE,"Sporothrix",NA,"ASV_22950  Sporothrix sp."
"asv","Hylastes opacus","ASV_16537",69,8,3,2,6,1,60,0.222222222222222,0.0529153465621695,0.0637936774241759,2.65397579346774,0.0585,1,0.117,0.658821428571429,0.0336679772493034,0.172387018638498,"co-occurring","within_trap",TRUE,"Graphilbum",NA,"ASV_16537  Graphilbum sp."
"asv","Hylastes opacus","ASV_17726",69,8,3,2,6,1,60,0.222222222222222,0.0342393418931689,0.0560029305735599,3.35666148902936,0.033,1,0.066,0.488172413793103,0.0336679772493034,0.172387018638498,"co-occurring","within_trap",TRUE,NA,NA,"ASV_17726  "
"asv","Hylastes opacus","ASV_7886",69,8,4,2,6,2,59,0.2,0.0962299331483928,0.0714949303266287,1.45143251944617,0.258,1,0.516,1,0.0633035704990508,0.238221331088533,"co-occurring","within_trap",TRUE,"Grosmannia",NA,"ASV_7886  Grosmannia sp."
"asv","Hylastes opacus","ASV_11600",69,8,4,2,6,2,59,0.2,0.0768414510285455,0.0726055612568469,1.69626880970967,0.1545,0.986,0.309,0.95238,0.0633035704990508,0.238221331088533,"co-occurring","within_trap",TRUE,"Ophiostoma","undulatum","ASV_11600  Ophiostoma undulatum"
"asv","Hylastes opacus","ASV_22166",69,8,4,2,6,2,59,0.2,0.0465990571043104,0.0618316431960279,2.48094559624358,0.0715,0.9965,0.143,0.697666666666667,0.0633035704990508,0.238221331088533,"co-occurring","within_trap",TRUE,"Grosmannia","cucullata","ASV_22166  Grosmannia cucullata"
"asv","Hylastes opacus","ASV_1646",69,8,5,2,6,3,58,0.181818181818182,0.0571763154304419,0.0538828810771616,2.31319973795109,0.079,1,0.158,0.697666666666667,0.0991702372013094,0.31054037780556,"co-occurring","within_trap",TRUE,"Raffaelea","arxii","ASV_1646  Raffaelea arxii"
"asv","Hylastes opacus","ASV_7106",69,8,5,2,6,3,58,0.181818181818182,0.0284233025603713,0.0463038229840479,3.31279081018119,0.033,1,0.066,0.488172413793103,0.0991702372013094,0.31054037780556,"co-occurring","within_trap",TRUE,"Ophiostoma","denticiliatum","ASV_7106  Ophiostoma denticiliatum"
"asv","Hylastes opacus","ASV_9363",69,8,5,2,6,3,58,0.181818181818182,0.0864106295572042,0.063739035774666,1.49684649448209,0.242,1,0.484,1,0.0991702372013094,0.31054037780556,"co-occurring","within_trap",TRUE,"Sporothrix",NA,"ASV_9363  Sporothrix sp."
"asv","Hylastes opacus","ASV_8274",69,8,12,3,5,9,52,0.176470588235294,0.0920007647442591,0.0458509683576039,1.84226912793275,0.1295,1,0.259,0.8679,0.136505872994569,0.376879942077054,"co-occurring","within_trap",TRUE,"Sporothrix","rossii","ASV_8274  Sporothrix rossii"
"asv","Hylastes opacus","ASV_6117",69,8,13,3,5,10,51,0.166666666666667,0.147884739583416,0.0640599997424747,0.293192743658366,0.558,0.8115,1,1,0.166657072282347,0.430698096440523,"co-occurring","within_trap",TRUE,"Leptographium","gracile","ASV_6117  Leptographium gracile"
"asv","Hylastes opacus","ASV_8131",69,8,6,2,6,4,57,0.166666666666667,0.0527058400995382,0.0506422851393696,2.25030972148085,0.0865,1,0.173,0.734821782178218,0.139800445574962,0.376879942077054,"co-occurring","within_trap",TRUE,"Graphilbum",NA,"ASV_8131  Graphilbum sp."
"asv","Hylastes opacus","ASV_13249",69,8,6,2,6,4,57,0.166666666666667,0.0663536896653467,0.0564540541171632,1.77689589472411,0.1665,1,0.333,0.95238,0.139800445574962,0.376879942077054,"co-occurring","within_trap",TRUE,"Ophiostoma","denticulatum","ASV_13249  Ophiostoma denticulatum"
"asv","Hylastes opacus","ASV_5162",69,8,7,2,6,5,56,0.153846153846154,0.0368810779015879,0.0449848131582037,2.60010140607276,0.0595,1,0.119,0.658821428571429,0.183913243237784,0.43350978763192,"co-occurring","within_trap",TRUE,"Sporothrix",NA,"ASV_5162  Sporothrix sp."
"asv","Hylastes opacus","ASV_7618",69,8,7,2,6,5,56,0.153846153846154,0.0634300666816923,0.0515649873597809,1.75343952929936,0.17,1,0.34,0.958941176470588,0.183913243237784,0.43350978763192,"co-occurring","within_trap",TRUE,"Leptographium","lundbergii","ASV_7618  Leptographium lundbergii"
"asv","Hylastes opacus","ASV_15258",69,8,7,2,6,5,56,0.153846153846154,0.0367958704627036,0.0452681977769519,2.58570672418167,0.0615,1,0.123,0.658821428571429,0.183913243237784,0.43350978763192,"co-occurring","within_trap",TRUE,"Ophiostoma","pallidulum","ASV_15258  Ophiostoma pallidulum"
"asv","Hylastes opacus","ASV_15738",69,8,7,2,6,5,56,0.153846153846154,0.0647755196279457,0.0592027002096663,1.50450290109682,0.191,0.9795,0.382,1,0.183913243237784,0.43350978763192,"co-occurring","within_trap",TRUE,"Graphilbum",NA,"ASV_15738  Graphilbum sp."
"asv","Hylastes opacus","ASV_21569",69,8,7,2,6,5,56,0.153846153846154,0.0868331268531387,0.0698429019210875,0.959482283091992,0.3095,0.936,0.619,1,0.183913243237784,0.43350978763192,"co-occurring","within_trap",TRUE,"Sporothrix",NA,"ASV_21569  Sporothrix sp."
"asv","Hylastes opacus","ASV_3603",69,8,10,2,6,8,53,0.125,0.0408571933025344,0.0458138729128059,1.83662286874563,0.1315,0.986,0.263,0.8679,0.326795784583521,0.631510772911398,"co-occurring","within_trap",TRUE,"Sporothrix","eucastaneae","ASV_3603  Sporothrix eucastaneae"
"asv","Hylastes opacus","ASV_28495",69,8,3,1,7,2,59,0.1,0.0507253626813399,0.0500072478436166,0.985349913131641,0.5075,1,1,1,0.313089285032637,0.619721561891848,"co-occurring","within_trap",TRUE,"Raffaelea","subfusca","ASV_28495  Raffaelea subfusca"
"asv","Hylastes opacus","ASV_4337",69,8,4,1,7,3,58,0.0909090909090909,0.079503388057666,0.0680512277145014,0.167604659526141,0.67,0.8295,1,1,0.396351189877166,0.702622563873158,"co-occurring","within_trap",TRUE,"Ophiostoma","undulatum","ASV_4337  Ophiostoma undulatum"
"asv","Hylastes opacus","ASV_6746",69,8,4,1,7,3,58,0.0909090909090909,0.0459623751269581,0.0628135184292563,0.715558002577965,0.4115,0.9275,0.823,1,0.396351189877166,0.702622563873158,"co-occurring","within_trap",TRUE,"Graphilbum",NA,"ASV_6746  Graphilbum sp."
"asv","Hylastes opacus","ASV_25723",69,8,4,1,7,3,58,0.0909090909090909,0.028414207103552,0.0475090708379905,1.31543056311606,0.2865,0.978,0.573,1,0.396351189877166,0.702622563873158,"co-occurring","within_trap",TRUE,"Ceratocystiopsis","manitobensis","ASV_25723  Ceratocystiopsis manitobensis"
"asv","Hylastes opacus","ASV_27488",69,8,4,1,7,3,58,0.0909090909090909,0.0522533994269872,0.0449544463178102,0.859885832178272,0.575,1,1,1,0.396351189877166,0.702622563873158,"co-occurring","within_trap",TRUE,"Ceratocystiopsis","synnemata","ASV_27488  Ceratocystiopsis synnemata"
"asv","Hylastes opacus","ASV_7819",69,8,5,1,7,4,57,0.0833333333333333,0.0424075674200736,0.052773099750825,0.77550430250442,0.44,0.9415,0.88,1,0.47064642804613,0.77703744703592,"co-occurring","within_trap",TRUE,"Hawksworthiomyces",NA,"ASV_7819  Hawksworthiomyces sp."
"asv","Hylastes opacus","ASV_6959",69,8,7,1,7,6,55,0.0714285714285714,0.0478398539929301,0.0468529669873159,0.503462618323132,0.573,0.916,1,1,1,1,"co-occurring","within_trap",TRUE,"Ophiostoma","adjuncti","ASV_6959  Ophiostoma adjuncti"
"asv","Hylastes opacus","ASV_8895",69,8,13,1,7,12,49,0.05,0.0616097522445432,0.0436708504075525,-0.265846717803676,0.7955,0.655,1,1,1,1,"avoiding","within_trap",TRUE,"Ceratocystiopsis","manitobensis","ASV_8895  Ceratocystiopsis manitobensis"
"asv","Hylastes opacus","ASV_4044",69,8,6,0,8,6,55,0,0.055091648388298,0.052110721621867,-1.05720371304895,1,0.402,0.804,1,1,1,"avoiding","within_trap",TRUE,"Graphilbum",NA,"ASV_4044  Graphilbum sp."
"asv","Hylastes opacus","ASV_5724",69,8,4,0,8,4,57,0,0.0153713220246486,0.0340836692474613,-0.450987888453165,1,0.831,1,1,1,1,"avoiding","within_trap",TRUE,"Graphilbum",NA,"ASV_5724  Graphilbum sp."
"asv","Hylastes opacus","ASV_6045",69,8,7,0,8,7,54,0,0.0626893116888114,0.0597635430481919,-1.04895574277215,1,0.3625,0.725,1,0.58828055514699,0.85549951917986,"avoiding","within_trap",TRUE,"Sporothrix",NA,"ASV_6045  Sporothrix sp."
"asv","Hylastes opacus","ASV_8974",69,8,3,0,8,3,58,0,0.0169084542271137,0.0374920361722076,-0.450987888453166,1,0.831,1,1,1,1,"avoiding","within_trap",TRUE,"Ophiostoma","karelicum","ASV_8974  Ophiostoma karelicum"
"asv","Hylastes opacus","ASV_9224",69,8,3,0,8,3,58,0,0,0,NA,1,1,1,1,1,1,"co-occurring","within_trap",TRUE,"Ophiostoma","sparsiannulatum","ASV_9224  Ophiostoma sparsiannulatum"
"asv","Hylastes opacus","ASV_11554",69,8,3,0,8,3,58,0,0.0169084542271137,0.0374920361722076,-0.450987888453166,1,0.831,1,1,1,1,"avoiding","within_trap",TRUE,"Raffaelea","crossotarsi","ASV_11554  Raffaelea crossotarsi"
"asv","Hylastes opacus","ASV_13560",69,8,7,0,8,7,54,0,0.0479333073129967,0.0462148120449922,-1.03718494551772,1,0.421,0.842,1,0.58828055514699,0.85549951917986,"avoiding","within_trap",TRUE,"Hawksworthiomyces",NA,"ASV_13560  Hawksworthiomyces sp."
"asv","Hylastes opacus","ASV_15268",69,8,5,0,8,5,56,0,0.0424515287947003,0.0561285009385782,-0.756327500019202,1,0.579,1,1,1,1,"avoiding","within_trap",TRUE,"Grosmannia","olivacea","ASV_15268  Grosmannia olivacea"
"asv","Hylastes opacus","ASV_23023",69,8,4,0,8,4,57,0,0.0595479557960809,0.0598570620920398,-0.9948359260352,1,0.4395,0.879,1,1,1,"avoiding","within_trap",TRUE,"Sporothrix",NA,"ASV_23023  Sporothrix sp."
"asv","Hylesinus aculeatus","ASV_3603",69,6,10,5,1,5,58,0.454545454545455,0.123731329534229,0.0791329440578745,4.18048549753542,0.0045,1,0.009,0.227117647058824,0.00012577842816038,0.00957698945898931,"co-occurring","within_trap",TRUE,"Sporothrix","eucastaneae","ASV_3603  Sporothrix eucastaneae"
"asv","Hylesinus aculeatus","ASV_7106",69,6,5,3,3,2,61,0.375,0.0884608971152231,0.0809145632770525,3.54125501368231,0.0165,1,0.033,0.372552631578947,0.00356016850271918,0.057945566286216,"co-occurring","within_trap",TRUE,"Ophiostoma","denticiliatum","ASV_7106  Ophiostoma denticiliatum"
"asv","Hylesinus aculeatus","ASV_660",69,6,13,5,1,8,55,0.357142857142857,0.119557275136169,0.0601980493723116,3.94673223607752,0.0025,1,0.005,0.153214285714286,0.000615528495629272,0.0240056113295416,"co-occurring","within_trap",TRUE,"Grosmannia","francke-grosmanniae","ASV_660  Grosmannia francke-grosmanniae"
"asv","Hylesinus aculeatus","ASV_15258",69,6,7,3,3,4,59,0.3,0.0889270392772156,0.0717309179588673,2.94256600541234,0.028,1,0.056,0.48048,0.0116051329477485,0.101604123154778,"co-occurring","within_trap",TRUE,"Ophiostoma","pallidulum","ASV_15258  Ophiostoma pallidulum"
"asv","Hylesinus aculeatus","ASV_16537",69,6,3,2,4,1,62,0.285714285714286,0.0666047309368972,0.0809770280297734,2.70582361576455,0.0585,1,0.117,0.658821428571429,0.01841813948162,0.123970838741077,"co-occurring","within_trap",TRUE,"Graphilbum",NA,"ASV_16537  Graphilbum sp."
"asv","Hylesinus aculeatus","ASV_17726",69,6,3,2,4,1,62,0.285714285714286,0.0430572429071679,0.0708790226841699,3.4235382150848,0.033,1,0.066,0.488172413793103,0.01841813948162,0.123970838741077,"co-occurring","within_trap",TRUE,NA,NA,"ASV_17726  "
"asv","Hylesinus aculeatus","ASV_3556",69,6,9,3,3,6,57,0.25,0.0851827012407322,0.0663344342823571,2.48464165772051,0.0505,1,0.101,0.618985714285714,0.025902648330789,0.1495522577811,"co-occurring","within_trap",TRUE,"Sporothrix","rossii","ASV_3556  Sporothrix rossii"
"asv","Hylesinus aculeatus","ASV_22166",69,6,4,2,4,2,61,0.25,0.0773720193430061,0.0734324624017135,2.3508401463188,0.0805,1,0.161,0.697666666666667,0.0353614397207175,0.172387018638498,"co-occurring","within_trap",TRUE,"Grosmannia","cucullata","ASV_22166  Grosmannia cucullata"
"asv","Hylesinus aculeatus","ASV_25723",69,6,4,2,4,2,61,0.25,0.0593550743625789,0.0804260883246025,2.370436379648,0.0865,0.996,0.173,0.734821782178218,0.0353614397207175,0.172387018638498,"co-occurring","within_trap",TRUE,"Ceratocystiopsis","manitobensis","ASV_25723  Ceratocystiopsis manitobensis"
"asv","Hylesinus aculeatus","ASV_1646",69,6,5,2,4,3,60,0.222222222222222,0.0687677171919281,0.0653413109023456,2.34850667841109,0.0785,1,0.157,0.697666666666667,0.0565622871993831,0.231097344843194,"co-occurring","within_trap",TRUE,"Raffaelea","arxii","ASV_1646  Raffaelea arxii"
"asv","Hylesinus aculeatus","ASV_8131",69,6,6,2,4,4,59,0.2,0.0831688571558515,0.0741935764384009,1.57468002558345,0.1825,0.985,0.365,1,0.0814070303384443,0.291030133459938,"co-occurring","within_trap",TRUE,"Graphilbum",NA,"ASV_8131  Graphilbum sp."
"asv","Hylesinus aculeatus","ASV_13249",69,6,6,2,4,4,59,0.2,0.0789212788212297,0.0676166444445196,1.7906644462092,0.1665,1,0.333,0.95238,0.0814070303384443,0.291030133459938,"co-occurring","within_trap",TRUE,"Ophiostoma","denticulatum","ASV_13249  Ophiostoma denticulatum"
"asv","Hylesinus aculeatus","ASV_5162",69,6,7,2,4,5,58,0.181818181818182,0.057574241666287,0.054016138967716,2.300126268302,0.0805,1,0.161,0.697666666666667,0.109327789294723,0.330293109911521,"co-occurring","within_trap",TRUE,"Sporothrix",NA,"ASV_5162  Sporothrix sp."
"asv","Hylesinus aculeatus","ASV_7618",69,6,7,2,4,5,58,0.181818181818182,0.0939143814331424,0.0746811355659163,1.17705495127953,0.2685,0.9625,0.537,1,0.109327789294723,0.330293109911521,"co-occurring","within_trap",TRUE,"Leptographium","lundbergii","ASV_7618  Leptographium lundbergii"
"asv","Hylesinus aculeatus","ASV_15738",69,6,7,2,4,5,58,0.181818181818182,0.0954318068124989,0.0774910832777806,1.11479116501721,0.2895,0.958,0.579,1,0.109327789294723,0.330293109911521,"co-occurring","within_trap",TRUE,"Graphilbum",NA,"ASV_15738  Graphilbum sp."
"asv","Hylesinus aculeatus","ASV_1122",69,6,8,2,4,6,57,0.166666666666667,0.052564743910418,0.0494860068470574,2.30574115848334,0.0785,1,0.157,0.697666666666667,0.139800445574962,0.376879942077054,"co-occurring","within_trap",TRUE,"Raffaelea","arxii","ASV_1122  Raffaelea arxii"
"asv","Hylesinus aculeatus","ASV_8274",69,6,12,2,4,10,53,0.125,0.0827178295029882,0.0455695093397224,0.927860999814517,0.3815,0.955,0.763,1,0.278150243275067,0.58208026519514,"co-occurring","within_trap",TRUE,"Sporothrix","rossii","ASV_8274  Sporothrix rossii"
"asv","Hylesinus aculeatus","ASV_6117",69,6,13,2,4,11,52,0.117647058823529,0.0871311881430917,0.0528291166525351,0.577633559181864,0.4925,0.8885,0.985,1,0.314916784364622,0.619721561891848,"co-occurring","within_trap",TRUE,"Leptographium","gracile","ASV_6117  Leptographium gracile"
"asv","Hylesinus aculeatus","ASV_6746",69,6,4,1,5,3,60,0.111111111111111,0.0348507587126901,0.0585125189936264,1.3033168578288,0.2865,0.978,0.573,1,0.31097245694337,0.619721561891848,"co-occurring","within_trap",TRUE,"Graphilbum",NA,"ASV_6746  Graphilbum sp."
"asv","Hylesinus aculeatus","ASV_7886",69,6,4,1,5,3,60,0.111111111111111,0.055527763881942,0.0555694496549484,1.00025009378907,0.5,1,1,1,0.31097245694337,0.619721561891848,"co-occurring","within_trap",TRUE,"Grosmannia",NA,"ASV_7886  Grosmannia sp."
"asv","Hylesinus aculeatus","ASV_27488",69,6,4,1,5,3,60,0.111111111111111,0.0546940136735045,0.0555627742450308,1.01537581958756,0.4925,1,0.985,1,0.31097245694337,0.619721561891848,"co-occurring","within_trap",TRUE,"Ceratocystiopsis","synnemata","ASV_27488  Ceratocystiopsis synnemata"
"asv","Hylesinus aculeatus","ASV_7819",69,6,5,1,5,4,59,0.1,0.0164582291145574,0.0370895911117172,2.25243170338027,0.165,1,0.33,0.95238,0.374574999379366,0.684185338949807,"co-occurring","within_trap",TRUE,"Hawksworthiomyces",NA,"ASV_7819  Hawksworthiomyces sp."
"asv","Hylesinus aculeatus","ASV_9363",69,6,5,1,5,4,59,0.1,0.0485742871435712,0.049992175155282,1.02867524160919,0.486,1,0.972,1,0.374574999379366,0.684185338949807,"co-occurring","within_trap",TRUE,"Sporothrix",NA,"ASV_9363  Sporothrix sp."
"asv","Hylesinus aculeatus","ASV_22950",69,6,6,1,5,5,58,0.0909090909090909,0.0155077538769384,0.0342036637600855,2.20448129653711,0.171,1,0.342,0.958941176470588,0.433208593187551,0.737486057450235,"co-occurring","within_trap",TRUE,"Sporothrix",NA,"ASV_22950  Sporothrix sp."
"asv","Hylesinus aculeatus","ASV_6959",69,6,7,1,5,6,57,0.0833333333333333,0.0749192778207288,0.0695870240750365,0.120914144906263,0.6535,0.815,1,1,0.487188727169689,0.800781471095006,"co-occurring","within_trap",TRUE,"Ophiostoma","adjuncti","ASV_6959  Ophiostoma adjuncti"
"asv","Hylesinus aculeatus","ASV_8895",69,6,13,1,5,12,51,0.0555555555555556,0.0686317423417602,0.0498702465536125,-0.262204173627801,0.7905,0.66,1,1,1,1,"avoiding","within_trap",TRUE,"Ceratocystiopsis","manitobensis","ASV_8895  Ceratocystiopsis manitobensis"
"asv","Hylesinus aculeatus","ASV_4044",69,6,6,0,6,6,57,0,0.0650961844558654,0.0623458493207468,-1.04411416581991,1,0.4055,0.811,1,1,1,"avoiding","within_trap",TRUE,"Graphilbum",NA,"ASV_4044  Graphilbum sp."
"asv","Hylesinus aculeatus","ASV_4337",69,6,4,0,6,4,59,0,0,0,NA,1,1,1,1,1,1,"co-occurring","within_trap",TRUE,"Ophiostoma","undulatum","ASV_4337  Ophiostoma undulatum"
"asv","Hylesinus aculeatus","ASV_5724",69,6,4,0,6,4,59,0,0,0,NA,1,1,1,1,1,1,"co-occurring","within_trap",TRUE,"Graphilbum",NA,"ASV_5724  Graphilbum sp."
"asv","Hylesinus aculeatus","ASV_6045",69,6,7,0,6,7,56,0,0.0432223687601375,0.0530095674023269,-0.815369203677753,1,0.5525,1,1,1,1,"avoiding","within_trap",TRUE,"Sporothrix",NA,"ASV_6045  Sporothrix sp."
"asv","Hylesinus aculeatus","ASV_8974",69,6,3,0,6,3,60,0,0,0,NA,1,1,1,1,1,1,"co-occurring","within_trap",TRUE,"Ophiostoma","karelicum","ASV_8974  Ophiostoma karelicum"
"asv","Hylesinus aculeatus","ASV_9224",69,6,3,0,6,3,60,0,0.0608429214607304,0.0624936620503694,-0.973585471942602,1,0.5135,1,1,1,1,"avoiding","within_trap",TRUE,"Ophiostoma","sparsiannulatum","ASV_9224  Ophiostoma sparsiannulatum"
"asv","Hylesinus aculeatus","ASV_11554",69,6,3,0,6,3,60,0,0,0,NA,1,1,1,1,1,1,"co-occurring","within_trap",TRUE,"Raffaelea","crossotarsi","ASV_11554  Raffaelea crossotarsi"
"asv","Hylesinus aculeatus","ASV_11600",69,6,4,0,6,4,59,0,0.0159524206547718,0.0389714154812438,-0.409336444616681,1,0.8565,1,1,1,1,"avoiding","within_trap",TRUE,"Ophiostoma","undulatum","ASV_11600  Ophiostoma undulatum"
"asv","Hylesinus aculeatus","ASV_13560",69,6,7,0,6,7,56,0,0.0301779677717649,0.0462887846306874,-0.65194988402781,1,0.6735,1,1,1,1,"avoiding","within_trap",TRUE,"Hawksworthiomyces",NA,"ASV_13560  Hawksworthiomyces sp."
"asv","Hylesinus aculeatus","ASV_15268",69,6,5,0,6,5,58,0,0.0318770496359293,0.0517263728112953,-0.61626299899707,1,0.704,1,1,1,1,"avoiding","within_trap",TRUE,"Grosmannia","olivacea","ASV_15268  Grosmannia olivacea"
"asv","Hylesinus aculeatus","ASV_21569",69,6,7,0,6,7,56,0,0.0406187942456075,0.0504229428444535,-0.805561753325461,1,0.566,1,1,1,1,"avoiding","within_trap",TRUE,"Sporothrix",NA,"ASV_21569  Sporothrix sp."
"asv","Hylesinus aculeatus","ASV_23023",69,6,4,0,6,4,59,0,0.0173420043355011,0.0403355691946063,-0.429943215920207,1,0.844,1,1,1,1,"avoiding","within_trap",TRUE,"Sporothrix",NA,"ASV_23023  Sporothrix sp."
"asv","Hylesinus aculeatus","ASV_28495",69,6,3,0,6,3,60,0,0.0250750375187594,0.0500687152664671,-0.500812481113393,1,0.7995,1,1,1,1,"avoiding","within_trap",TRUE,"Raffaelea","subfusca","ASV_28495  Raffaelea subfusca"
"asv","Ips grandicollis","ASV_6117",69,19,13,8,11,5,45,0.333333333333333,0.362157667172786,0.0545890169233447,-0.528024417071451,0.8585,0.5105,1,1,0.00474300003099477,0.0588647967737176,"avoiding","within_trap",FALSE,"Leptographium","gracile","ASV_6117  Leptographium gracile"
"asv","Ips grandicollis","ASV_8274",69,19,12,7,12,5,45,0.291666666666667,0.311139930966798,0.0428936221923151,-0.453989737980681,0.857,0.5715,1,1,0.0143043696289403,0.11113203392973,"avoiding","within_trap",FALSE,"Sporothrix","rossii","ASV_8274  Sporothrix rossii"
"asv","Ips grandicollis","ASV_13249",69,19,6,5,14,1,49,0.25,0.20204041414647,0.0393570247439349,1.21857752626284,0.3415,1,0.683,1,0.00507628322359018,0.0588647967737176,"co-occurring","within_trap",FALSE,"Ophiostoma","denticulatum","ASV_13249  Ophiostoma denticulatum"
"asv","Ips grandicollis","ASV_6959",69,19,7,5,14,2,48,0.238095238095238,0.201035394414696,0.034317534122135,1.0799098661532,0.4185,1,0.837,1,0.014506745687797,0.11113203392973,"co-occurring","within_trap",FALSE,"Ophiostoma","adjuncti","ASV_6959  Ophiostoma adjuncti"
"asv","Ips grandicollis","ASV_15258",69,19,7,5,14,2,48,0.238095238095238,0.210870445574757,0.0328103466814647,0.829762415642532,0.5635,1,1,1,0.014506745687797,0.11113203392973,"co-occurring","within_trap",FALSE,"Ophiostoma","pallidulum","ASV_15258  Ophiostoma pallidulum"
"asv","Ips grandicollis","ASV_8895",69,19,13,6,13,7,43,0.230769230769231,0.231676807064494,0.0339008299007445,-0.0267715067129747,0.7445,0.745,1,1,0.164435057784917,0.428935394936899,"avoiding","within_trap",FALSE,"Ceratocystiopsis","manitobensis","ASV_8895  Ceratocystiopsis manitobensis"
"asv","Ips grandicollis","ASV_7886",69,19,4,4,15,0,50,0.210526315789474,0.151267363004812,0.0411843290247655,1.43887139083965,0.2535,1,0.507,1,0.00448351129726859,0.0588647967737176,"co-occurring","within_trap",FALSE,"Grosmannia",NA,"ASV_7886  Grosmannia sp."
"asv","Ips grandicollis","ASV_9363",69,19,5,4,15,1,49,0.2,0.144902321290514,0.03876287598404,1.42140327080404,0.259,1,0.518,1,0.0182789306734797,0.123970838741077,"co-occurring","within_trap",FALSE,"Sporothrix",NA,"ASV_9363  Sporothrix sp."
"asv","Ips grandicollis","ASV_8131",69,19,6,4,15,2,48,0.19047619047619,0.155549071354801,0.0327854518986249,1.0653237060568,0.427,1,0.854,1,0.0446842255732587,0.19873985137985,"co-occurring","within_trap",FALSE,"Graphilbum",NA,"ASV_8131  Graphilbum sp."
"asv","Ips grandicollis","ASV_6045",69,19,7,4,15,3,47,0.181818181818182,0.157141812012727,0.0301679829629753,0.817965517805419,0.5695,1,1,1,0.084920865420541,0.293798800527517,"co-occurring","within_trap",FALSE,"Sporothrix",NA,"ASV_6045  Sporothrix sp."
"asv","Ips grandicollis","ASV_7618",69,19,7,4,15,3,47,0.181818181818182,0.194529694736322,0.0365355759027621,-0.347921514963156,0.859,0.6455,1,1,0.084920865420541,0.293798800527517,"avoiding","within_trap",FALSE,"Leptographium","lundbergii","ASV_7618  Leptographium lundbergii"
"asv","Ips grandicollis","ASV_15738",69,19,7,4,15,3,47,0.181818181818182,0.149884560198413,0.0329507959190879,0.969130508961994,0.4705,1,0.941,1,0.084920865420541,0.293798800527517,"co-occurring","within_trap",FALSE,"Graphilbum",NA,"ASV_15738  Graphilbum sp."
"asv","Ips grandicollis","ASV_16537",69,19,3,3,16,0,50,0.157894736842105,0.130985041392877,0.0332127126902062,0.810222751156472,0.5775,1,1,1,0.018494484101233,0.123970838741077,"co-occurring","within_trap",FALSE,"Graphilbum",NA,"ASV_16537  Graphilbum sp."
"asv","Ips grandicollis","ASV_17726",69,19,3,3,16,0,50,0.157894736842105,0.139999072217813,0.0289911019392497,0.617281283815703,0.7105,1,1,1,0.018494484101233,0.123970838741077,"co-occurring","within_trap",FALSE,NA,NA,"ASV_17726  "
"asv","Ips grandicollis","ASV_23023",69,19,4,3,16,1,49,0.15,0.170427757738519,0.0370473926274159,-0.551395288298964,0.9125,0.5835,1,1,0.060527402513126,0.233930231334514,"avoiding","within_trap",FALSE,"Sporothrix",NA,"ASV_23023  Sporothrix sp."
"asv","Ips grandicollis","ASV_15268",69,19,5,3,16,2,48,0.142857142857143,0.124825540946644,0.0274055666026856,0.657953990585697,0.68,1,1,1,0.123900110272596,0.347406191548651,"co-occurring","within_trap",FALSE,"Grosmannia","olivacea","ASV_15268  Grosmannia olivacea"
"asv","Ips grandicollis","ASV_21569",69,19,7,3,16,4,46,0.130434782608696,0.130575215143804,0.0377413989667116,-0.00372091493568316,0.7495,0.7415,1,1,0.384342428130839,0.692785301126597,"avoiding","within_trap",FALSE,"Sporothrix",NA,"ASV_21569  Sporothrix sp."
"asv","Ips grandicollis","ASV_3556",69,19,9,3,16,6,44,0.12,0.136271469067867,0.0303715186747037,-0.535747627313073,0.8895,0.5495,1,1,0.698612898261527,0.92051372906367,"avoiding","within_trap",FALSE,"Sporothrix","rossii","ASV_3556  Sporothrix rossii"
"asv","Ips grandicollis","ASV_3603",69,19,10,3,16,7,43,0.115384615384615,0.0953330755731952,0.0238803535698518,0.839666789386847,0.5585,1,1,1,1,1,"co-occurring","within_trap",FALSE,"Sporothrix","eucastaneae","ASV_3603  Sporothrix eucastaneae"
"asv","Ips grandicollis","ASV_660",69,19,13,3,16,10,40,0.103448275862069,0.104494913911744,0.0292624600143356,-0.0357672611654168,0.7525,0.7215,1,1,1,1,"avoiding","within_trap",FALSE,"Grosmannia","francke-grosmanniae","ASV_660  Grosmannia francke-grosmanniae"
"asv","Ips grandicollis","ASV_6746",69,19,4,2,17,2,48,0.0952380952380952,0.132497309260694,0.0277431902095412,-1.34300394948037,0.9775,0.2995,0.599,1,0.302834814534628,0.618648263977882,"avoiding","within_trap",FALSE,"Graphilbum",NA,"ASV_6746  Graphilbum sp."
"asv","Ips grandicollis","ASV_1646",69,19,5,2,17,3,47,0.0909090909090909,0.0603602196355094,0.0285082853373199,1.07157869763533,0.425,1,0.85,1,0.610651337948357,0.858916144196213,"co-occurring","within_trap",FALSE,"Raffaelea","arxii","ASV_1646  Raffaelea arxii"
"asv","Ips grandicollis","ASV_7106",69,19,5,2,17,3,47,0.0909090909090909,0.0762357463316648,0.0237900766211327,0.616784250471552,0.7105,1,1,1,0.610651337948357,0.858916144196213,"co-occurring","within_trap",FALSE,"Ophiostoma","denticiliatum","ASV_7106  Ophiostoma denticiliatum"
"asv","Ips grandicollis","ASV_7819",69,19,5,2,17,3,47,0.0909090909090909,0.0840281800979556,0.016708082698143,0.411831263673367,0.855,1,1,1,0.610651337948357,0.858916144196213,"co-occurring","within_trap",FALSE,"Hawksworthiomyces",NA,"ASV_7819  Hawksworthiomyces sp."
"asv","Ips grandicollis","ASV_4044",69,19,6,2,17,4,46,0.0869565217391304,0.112191471229682,0.024704021195196,-1.02149157382763,1,0.4895,0.979,1,0.664186778980458,0.898172847096732,"avoiding","within_trap",FALSE,"Graphilbum",NA,"ASV_4044  Graphilbum sp."
"asv","Ips grandicollis","ASV_5162",69,19,7,2,17,5,45,0.0833333333333333,0.0761364015341004,0.0161307589122472,0.44616200876753,0.834,1,1,1,1,1,"co-occurring","within_trap",FALSE,"Sporothrix",NA,"ASV_5162  Sporothrix sp."
"asv","Ips grandicollis","ASV_1122",69,19,8,2,17,6,44,0.08,0.0741164813175821,0.0299457219821675,0.196472761148371,0.721,0.8475,1,1,1,1,"co-occurring","within_trap",FALSE,"Raffaelea","arxii","ASV_1122  Raffaelea arxii"
"asv","Ips grandicollis","ASV_8974",69,19,3,1,18,2,48,0.0476190476190476,0.0476190476190498,0,NA,1,1,1,1,1,1,"avoiding","within_trap",FALSE,"Ophiostoma","karelicum","ASV_8974  Ophiostoma karelicum"
"asv","Ips grandicollis","ASV_28495",69,19,3,1,18,2,48,0.0476190476190476,0.023559398746993,0.0238141672249787,1.01030821883279,0.495,1,0.99,1,1,1,"co-occurring","within_trap",FALSE,"Raffaelea","subfusca","ASV_28495  Raffaelea subfusca"
"asv","Ips grandicollis","ASV_4337",69,19,4,1,18,3,47,0.0454545454545455,0.022488516985766,0.0227317050783886,1.01030821883281,0.495,1,0.99,1,1,1,"co-occurring","within_trap",FALSE,"Ophiostoma","undulatum","ASV_4337  Ophiostoma undulatum"
"asv","Ips grandicollis","ASV_11600",69,19,4,1,18,3,47,0.0454545454545455,0.0616812735372033,0.0305388878885169,-0.531346398136501,0.9105,0.5925,1,1,1,1,"avoiding","within_trap",FALSE,"Ophiostoma","undulatum","ASV_11600  Ophiostoma undulatum"
"asv","Ips grandicollis","ASV_22166",69,19,4,1,18,3,47,0.0454545454545455,0.0379053162945117,0.0169203764813783,0.446162008767479,0.834,1,1,1,1,1,"co-occurring","within_trap",FALSE,"Grosmannia","cucullata","ASV_22166  Grosmannia cucullata"
"asv","Ips grandicollis","ASV_25723",69,19,4,1,18,3,47,0.0454545454545455,0.0793221285967682,0.0252349996723467,-1.3420877187225,0.9775,0.2995,0.599,1,1,1,"avoiding","within_trap",FALSE,"Ceratocystiopsis","manitobensis","ASV_25723  Ceratocystiopsis manitobensis"
"asv","Ips grandicollis","ASV_22950",69,19,6,1,18,5,45,0.0416666666666667,0.0347465399366346,0.0155103451079299,0.44616200876756,0.834,1,1,1,1,1,"co-occurring","within_trap",FALSE,"Sporothrix",NA,"ASV_22950  Sporothrix sp."
"asv","Ips grandicollis","ASV_13560",69,19,7,1,18,6,44,0.04,0.0331165582791391,0.0151019863246999,0.455797109920746,0.828,1,1,1,0.664186778980458,0.898172847096732,"co-occurring","within_trap",FALSE,"Hawksworthiomyces",NA,"ASV_13560  Hawksworthiomyces sp."
"asv","Ips grandicollis","ASV_5724",69,19,4,0,19,4,46,0,0,0,NA,1,1,1,1,0.569231267517331,0.85549951917986,"co-occurring","within_trap",FALSE,"Graphilbum",NA,"ASV_5724  Graphilbum sp."
"asv","Ips grandicollis","ASV_9224",69,19,3,0,19,3,47,0,0,0,NA,1,1,1,1,0.555769744627247,0.85549951917986,"co-occurring","within_trap",FALSE,"Ophiostoma","sparsiannulatum","ASV_9224  Ophiostoma sparsiannulatum"
"asv","Ips grandicollis","ASV_11554",69,19,3,0,19,3,47,0,0,0,NA,1,1,1,1,0.555769744627247,0.85549951917986,"co-occurring","within_trap",FALSE,"Raffaelea","crossotarsi","ASV_11554  Raffaelea crossotarsi"
"asv","Ips grandicollis","ASV_27488",69,19,4,0,19,4,46,0,0,0,NA,1,1,1,1,0.569231267517331,0.85549951917986,"co-occurring","within_trap",FALSE,"Ceratocystiopsis","synnemata","ASV_27488  Ceratocystiopsis synnemata"
"asv","Ips pini","ASV_3603",69,5,10,3,2,7,57,0.25,0.0821042389326549,0.0651855401323471,2.5756595822703,0.0425,1,0.085,0.561,0.0193942027739791,0.124180790896075,"co-occurring","within_trap",FALSE,"Sporothrix","eucastaneae","ASV_3603  Sporothrix eucastaneae"
"asv","Ips pini","ASV_11554",69,5,3,1,4,2,62,0.142857142857143,0.0463088687200742,0.066882577033169,1.44354895429923,0.3245,1,0.649,1,0.204794442111692,0.474901706302248,"co-occurring","within_trap",FALSE,"Raffaelea","crossotarsi","ASV_11554  Raffaelea crossotarsi"
"asv","Ips pini","ASV_6746",69,5,4,1,4,3,61,0.125,0.0259504752376188,0.0507116230980775,1.95319176771008,0.208,1,0.416,1,0.265037287406261,0.566883869008586,"co-occurring","within_trap",FALSE,"Graphilbum",NA,"ASV_6746  Graphilbum sp."
"asv","Ips pini","ASV_25723",69,5,4,1,4,3,61,0.125,0.0732509111698707,0.0824816880595473,0.627400942531259,0.502,0.9345,1,1,0.265037287406261,0.566883869008586,"co-occurring","within_trap",FALSE,"Ceratocystiopsis","manitobensis","ASV_25723  Ceratocystiopsis manitobensis"
"asv","Ips pini","ASV_27488",69,5,4,1,4,3,61,0.125,0.0739744872436218,0.0614530334869613,0.830317233521181,0.592,1,1,1,0.265037287406261,0.566883869008586,"co-occurring","within_trap",FALSE,"Ceratocystiopsis","synnemata","ASV_27488  Ceratocystiopsis synnemata"
"asv","Ips pini","ASV_1646",69,5,5,1,4,4,60,0.111111111111111,0.0360180090045028,0.0520197821369087,1.44354895429923,0.3245,1,0.649,1,0.321572880682702,0.62422970956054,"co-occurring","within_trap",FALSE,"Raffaelea","arxii","ASV_1646  Raffaelea arxii"
"asv","Ips pini","ASV_15268",69,5,5,1,4,4,60,0.111111111111111,0.0421043855260969,0.0652875345212738,1.05696632735501,0.3305,0.961,0.661,1,0.321572880682702,0.62422970956054,"co-occurring","within_trap",FALSE,"Grosmannia","olivacea","ASV_15268  Grosmannia olivacea"
"asv","Ips pini","ASV_4044",69,5,6,1,4,5,59,0.1,0.0848118503696284,0.0825021497282396,0.184093986404004,0.6285,0.839,1,1,0.374574999379366,0.684185338949807,"co-occurring","within_trap",FALSE,"Graphilbum",NA,"ASV_4044  Graphilbum sp."
"asv","Ips pini","ASV_6959",69,5,7,1,4,6,58,0.0909090909090909,0.0558279139569794,0.0611510502203591,0.573680694373944,0.5165,0.9185,1,1,0.424211904190528,0.72954800639409,"co-occurring","within_trap",FALSE,"Ophiostoma","adjuncti","ASV_6959  Ophiostoma adjuncti"
"asv","Ips pini","ASV_13560",69,5,7,1,4,6,58,0.0909090909090909,0.0757924416753841,0.0683627436536273,0.221124086392702,0.64,0.8385,1,1,0.424211904190528,0.72954800639409,"co-occurring","within_trap",FALSE,"Hawksworthiomyces",NA,"ASV_13560  Hawksworthiomyces sp."
"asv","Ips pini","ASV_15738",69,5,7,1,4,6,58,0.0909090909090909,0.0932223687601384,0.0741337506307803,-0.0312041119107635,0.7445,0.7885,1,1,0.424211904190528,0.72954800639409,"avoiding","within_trap",FALSE,"Graphilbum",NA,"ASV_15738  Graphilbum sp."
"asv","Ips pini","ASV_21569",69,5,7,1,4,6,58,0.0909090909090909,0.0294692800945931,0.042561639930198,1.44354895429923,0.3245,1,0.649,1,0.424211904190528,0.72954800639409,"co-occurring","within_trap",FALSE,"Sporothrix",NA,"ASV_21569  Sporothrix sp."
"asv","Ips pini","ASV_660",69,5,13,1,4,12,52,0.0588235294117647,0.019068357708266,0.0275398846607165,1.44354895429923,0.3245,1,0.649,1,1,1,"co-occurring","within_trap",FALSE,"Grosmannia","francke-grosmanniae","ASV_660  Grosmannia francke-grosmanniae"
"asv","Ips pini","ASV_8895",69,5,13,1,4,12,52,0.0588235294117647,0.084170761851515,0.0600049695773892,-0.42241888660671,0.823,0.5845,1,1,1,1,"avoiding","within_trap",FALSE,"Ceratocystiopsis","manitobensis","ASV_8895  Ceratocystiopsis manitobensis"
"asv","Ips pini","ASV_1122",69,5,8,0,5,8,56,0,0.0134650658662664,0.0306798253691079,-0.438889912320839,1,0.8385,1,1,1,1,"avoiding","within_trap",FALSE,"Raffaelea","arxii","ASV_1122  Raffaelea arxii"
"asv","Ips pini","ASV_3556",69,5,9,0,5,9,55,0,0.0276997473095526,0.0430203895863887,-0.643874859708767,1,0.678,1,1,1,1,"avoiding","within_trap",FALSE,"Sporothrix","rossii","ASV_3556  Sporothrix rossii"
"asv","Ips pini","ASV_4337",69,5,4,0,5,4,60,0,0.0201975987993997,0.0460197380536623,-0.438889912320836,1,0.8385,1,1,1,1,"avoiding","within_trap",FALSE,"Ophiostoma","undulatum","ASV_4337  Ophiostoma undulatum"
"asv","Ips pini","ASV_5162",69,5,7,0,5,7,57,0,0.0146891627631997,0.0334689004026636,-0.438889912320834,1,0.8385,1,1,1,1,"avoiding","within_trap",FALSE,"Sporothrix",NA,"ASV_5162  Sporothrix sp."
"asv","Ips pini","ASV_5724",69,5,4,0,5,4,60,0,0.0201975987993997,0.0460197380536623,-0.438889912320836,1,0.8385,1,1,1,1,"avoiding","within_trap",FALSE,"Graphilbum",NA,"ASV_5724  Graphilbum sp."
"asv","Ips pini","ASV_6045",69,5,7,0,5,7,57,0,0.0185092546273137,0.0366160853850021,-0.505495178763567,1,0.7965,1,1,1,1,"avoiding","within_trap",FALSE,"Sporothrix",NA,"ASV_6045  Sporothrix sp."
"asv","Ips pini","ASV_6117",69,5,13,0,5,13,51,0,0,0,NA,1,1,1,1,0.575142191854029,0.85549951917986,"co-occurring","within_trap",FALSE,"Leptographium","gracile","ASV_6117  Leptographium gracile"
"asv","Ips pini","ASV_7106",69,5,5,0,5,5,59,0,0.017953421155022,0.0409064338254773,-0.438889912320839,1,0.8385,1,1,1,1,"avoiding","within_trap",FALSE,"Ophiostoma","denticiliatum","ASV_7106  Ophiostoma denticiliatum"
"asv","Ips pini","ASV_7618",69,5,7,0,5,7,57,0,0.051480285597345,0.0582736942557302,-0.883422378739663,1,0.509,1,1,1,1,"avoiding","within_trap",FALSE,"Leptographium","lundbergii","ASV_7618  Leptographium lundbergii"
"asv","Ips pini","ASV_7819",69,5,5,0,5,5,59,0,0.0197876716135846,0.0425203795251094,-0.4653691202803,1,0.822,1,1,1,1,"avoiding","within_trap",FALSE,"Hawksworthiomyces",NA,"ASV_7819  Hawksworthiomyces sp."
"asv","Ips pini","ASV_7886",69,5,4,0,5,4,60,0,0,0,NA,1,1,1,1,1,1,"co-occurring","within_trap",FALSE,"Grosmannia",NA,"ASV_7886  Grosmannia sp."
"asv","Ips pini","ASV_8131",69,5,6,0,5,6,58,0,0.0585181479628697,0.0651937938141098,-0.897603046844079,1,0.497,0.994,1,1,1,"avoiding","within_trap",FALSE,"Graphilbum",NA,"ASV_8131  Graphilbum sp."
"asv","Ips pini","ASV_8274",69,5,12,0,5,12,52,0,0.0351321494080374,0.039406107259317,-0.891540724305643,1,0.509,1,1,0.578225339953782,0.85549951917986,"avoiding","within_trap",FALSE,"Sporothrix","rossii","ASV_8274  Sporothrix rossii"
"asv","Ips pini","ASV_8974",69,5,3,0,5,3,61,0,0,0,NA,1,1,1,1,1,1,"co-occurring","within_trap",FALSE,"Ophiostoma","karelicum","ASV_8974  Ophiostoma karelicum"
"asv","Ips pini","ASV_9224",69,5,3,0,5,3,61,0,0.0230829700564569,0.0525939863470413,-0.43888991232085,1,0.8385,1,1,1,1,"avoiding","within_trap",FALSE,"Ophiostoma","sparsiannulatum","ASV_9224  Ophiostoma sparsiannulatum"
"asv","Ips pini","ASV_9363",69,5,5,0,5,5,59,0,0.021844255461064,0.044169491269257,-0.494555287673601,1,0.8035,1,1,1,1,"avoiding","within_trap",FALSE,"Sporothrix",NA,"ASV_9363  Sporothrix sp."
"asv","Ips pini","ASV_11600",69,5,4,0,5,4,60,0,0.0201975987993997,0.0460197380536623,-0.438889912320836,1,0.8385,1,1,1,1,"avoiding","within_trap",FALSE,"Ophiostoma","undulatum","ASV_11600  Ophiostoma undulatum"
"asv","Ips pini","ASV_13249",69,5,6,0,5,6,58,0,0.0161580790395199,0.0368157904429296,-0.438889912320842,1,0.8385,1,1,1,1,"avoiding","within_trap",FALSE,"Ophiostoma","denticulatum","ASV_13249  Ophiostoma denticulatum"
"asv","Ips pini","ASV_15258",69,5,7,0,5,7,57,0,0.0146891627631997,0.0334689004026636,-0.438889912320834,1,0.8385,1,1,1,1,"avoiding","within_trap",FALSE,"Ophiostoma","pallidulum","ASV_15258  Ophiostoma pallidulum"
"asv","Ips pini","ASV_16537",69,5,3,0,5,3,61,0,0,0,NA,1,1,1,1,1,1,"co-occurring","within_trap",FALSE,"Graphilbum",NA,"ASV_16537  Graphilbum sp."
"asv","Ips pini","ASV_17726",69,5,3,0,5,3,61,0,0,0,NA,1,1,1,1,1,1,"co-occurring","within_trap",FALSE,NA,NA,"ASV_17726  "
"asv","Ips pini","ASV_22166",69,5,4,0,5,4,60,0,0,0,NA,1,1,1,1,1,1,"co-occurring","within_trap",FALSE,"Grosmannia","cucullata","ASV_22166  Grosmannia cucullata"
"asv","Ips pini","ASV_22950",69,5,6,0,5,6,58,0,0.0406147518203545,0.0597377665003386,-0.679884003030551,1,0.646,1,1,1,1,"avoiding","within_trap",FALSE,"Sporothrix",NA,"ASV_22950  Sporothrix sp."
"asv","Ips pini","ASV_23023",69,5,4,0,5,4,60,0,0,0,NA,1,1,1,1,1,1,"co-occurring","within_trap",FALSE,"Sporothrix",NA,"ASV_23023  Sporothrix sp."
"asv","Ips pini","ASV_28495",69,5,3,0,5,3,61,0,0.0820886633793078,0.0946737880762325,-0.867068541856687,1,0.509,1,1,1,1,"avoiding","within_trap",FALSE,"Raffaelea","subfusca","ASV_28495  Raffaelea subfusca"
"asv","Pityogenes hopkinsi","ASV_8274",69,19,12,9,10,3,47,0.409090909090909,0.263065979392731,0.0610693018349598,2.39113474872877,0.0385,0.9955,0.077,0.541524590163934,0.000218670793706039,0.0117262213124864,"co-occurring","within_trap",TRUE,"Sporothrix","rossii","ASV_8274  Sporothrix rossii"
"asv","Pityogenes hopkinsi","ASV_21569",69,19,7,6,13,1,49,0.3,0.130477342002453,0.0471648804423187,3.59425607375106,0.001,1,0.002,0.10725,0.00130409823790745,0.0399612960044498,"co-occurring","within_trap",TRUE,"Sporothrix",NA,"ASV_21569  Sporothrix sp."
"asv","Pityogenes hopkinsi","ASV_660",69,19,13,7,12,6,44,0.28,0.10981647821941,0.043329084331391,3.92769716708035,0.001,1,0.002,0.10725,0.0346405070363353,0.172387018638498,"co-occurring","within_trap",TRUE,"Grosmannia","francke-grosmanniae","ASV_660  Grosmannia francke-grosmanniae"
"asv","Pityogenes hopkinsi","ASV_6117",69,19,13,7,12,6,44,0.28,0.151206361745425,0.0410336814517251,3.138729787287,0.009,1,0.018,0.277588235294118,0.0346405070363353,0.172387018638498,"co-occurring","within_trap",TRUE,"Leptographium","gracile","ASV_6117  Leptographium gracile"
"asv","Pityogenes hopkinsi","ASV_8895",69,19,13,7,12,6,44,0.28,0.217370280952623,0.0613078222999521,1.02156163272213,0.2515,0.917,0.503,1,0.0346405070363353,0.172387018638498,"co-occurring","within_trap",TRUE,"Ceratocystiopsis","manitobensis","ASV_8895  Ceratocystiopsis manitobensis"
"asv","Pityogenes hopkinsi","ASV_3556",69,19,9,6,13,3,47,0.272727272727273,0.157484873197947,0.0554307236538563,2.0790347289884,0.064,0.992,0.128,0.658821428571429,0.0105410641692686,0.0951229236880115,"co-occurring","within_trap",TRUE,"Sporothrix","rossii","ASV_3556  Sporothrix rossii"
"asv","Pityogenes hopkinsi","ASV_3603",69,19,10,6,13,4,46,0.260869565217391,0.145923269941802,0.0543293870051377,2.11572965593592,0.0545,0.9935,0.109,0.631905405405405,0.021566775884163,0.136060983151558,"co-occurring","within_trap",TRUE,"Sporothrix","eucastaneae","ASV_3603  Sporothrix eucastaneae"
"asv","Pityogenes hopkinsi","ASV_8131",69,19,6,5,14,1,49,0.25,0.179876005196275,0.054962418560647,1.27585351300268,0.221,0.962,0.442,1,0.00507628322359018,0.0588647967737176,"co-occurring","within_trap",TRUE,"Graphilbum",NA,"ASV_8131  Graphilbum sp."
"asv","Pityogenes hopkinsi","ASV_13249",69,19,6,5,14,1,49,0.25,0.164936197654932,0.0521984927410209,1.62962181239804,0.1365,0.986,0.273,0.883804511278195,0.00507628322359018,0.0588647967737176,"co-occurring","within_trap",TRUE,"Ophiostoma","denticulatum","ASV_13249  Ophiostoma denticulatum"
"asv","Pityogenes hopkinsi","ASV_7618",69,19,7,5,14,2,48,0.238095238095238,0.17687169770904,0.0565600773375559,1.0824514970305,0.269,0.948,0.538,1,0.014506745687797,0.11113203392973,"co-occurring","within_trap",TRUE,"Leptographium","lundbergii","ASV_7618  Leptographium lundbergii"
"asv","Pityogenes hopkinsi","ASV_15258",69,19,7,5,14,2,48,0.238095238095238,0.124162333378247,0.0462118376589345,2.46544847573193,0.037,1,0.074,0.5291,0.014506745687797,0.11113203392973,"co-occurring","within_trap",TRUE,"Ophiostoma","pallidulum","ASV_15258  Ophiostoma pallidulum"
"asv","Pityogenes hopkinsi","ASV_15738",69,19,7,5,14,2,48,0.238095238095238,0.178572049306377,0.0589585685150779,1.00957656008285,0.2775,0.936,0.555,1,0.014506745687797,0.11113203392973,"co-occurring","within_trap",TRUE,"Graphilbum",NA,"ASV_15738  Graphilbum sp."
"asv","Pityogenes hopkinsi","ASV_7106",69,19,5,4,15,1,49,0.2,0.092668525115183,0.0446463375456461,2.40403761618928,0.0425,1,0.085,0.561,0.0182789306734797,0.123970838741077,"co-occurring","within_trap",TRUE,"Ophiostoma","denticiliatum","ASV_7106  Ophiostoma denticiliatum"
"asv","Pityogenes hopkinsi","ASV_22950",69,19,6,4,15,2,48,0.19047619047619,0.0624126057005541,0.0417465225624254,3.06764676229349,0.009,1,0.018,0.277588235294118,0.0446842255732587,0.19873985137985,"co-occurring","within_trap",TRUE,"Sporothrix",NA,"ASV_22950  Sporothrix sp."
"asv","Pityogenes hopkinsi","ASV_6959",69,19,7,4,15,3,47,0.181818181818182,0.161235384302353,0.0495253059129572,0.415601622976419,0.523,0.842,1,1,0.084920865420541,0.293798800527517,"co-occurring","within_trap",TRUE,"Ophiostoma","adjuncti","ASV_6959  Ophiostoma adjuncti"
"asv","Pityogenes hopkinsi","ASV_1122",69,19,8,4,15,4,46,0.173913043478261,0.0660393574713768,0.035762771120823,3.01636821269911,0.009,1,0.018,0.277588235294118,0.20250808034376,0.472151991671048,"co-occurring","within_trap",TRUE,"Raffaelea","arxii","ASV_1122  Raffaelea arxii"
"asv","Pityogenes hopkinsi","ASV_17726",69,19,3,3,16,0,50,0.157894736842105,0.0745755083055302,0.0379718547468927,2.19423647045825,0.064,1,0.128,0.658821428571429,0.018494484101233,0.123970838741077,"co-occurring","within_trap",TRUE,NA,NA,"ASV_17726  "
"asv","Pityogenes hopkinsi","ASV_5724",69,19,4,3,16,1,49,0.15,0.0542169410063896,0.0422005402608575,2.2697116767117,0.06,0.996,0.12,0.658821428571429,0.060527402513126,0.233930231334514,"co-occurring","within_trap",TRUE,"Graphilbum",NA,"ASV_5724  Graphilbum sp."
"asv","Pityogenes hopkinsi","ASV_6746",69,19,4,3,16,1,49,0.15,0.0906544010214284,0.0454291629920405,1.30633265219897,0.23,0.974,0.46,1,0.060527402513126,0.233930231334514,"co-occurring","within_trap",TRUE,"Graphilbum",NA,"ASV_6746  Graphilbum sp."
"asv","Pityogenes hopkinsi","ASV_11600",69,19,4,3,16,1,49,0.15,0.0457271926006302,0.0374141192003877,2.78699083735985,0.0235,1,0.047,0.467133333333333,0.060527402513126,0.233930231334514,"co-occurring","within_trap",TRUE,"Ophiostoma","undulatum","ASV_11600  Ophiostoma undulatum"
"asv","Pityogenes hopkinsi","ASV_25723",69,19,4,3,16,1,49,0.15,0.103063288308545,0.050450051757652,0.930360030489689,0.3385,0.933,0.677,1,0.060527402513126,0.233930231334514,"co-occurring","within_trap",TRUE,"Ceratocystiopsis","manitobensis","ASV_25723  Ceratocystiopsis manitobensis"
"asv","Pityogenes hopkinsi","ASV_1646",69,19,5,3,16,2,48,0.142857142857143,0.0660539191108824,0.0320295293119832,2.39788799261331,0.041,1,0.082,0.558380952380952,0.123900110272596,0.347406191548651,"co-occurring","within_trap",TRUE,"Raffaelea","arxii","ASV_1646  Raffaelea arxii"
"asv","Pityogenes hopkinsi","ASV_9363",69,19,5,3,16,2,48,0.142857142857143,0.116844136353891,0.0259804959100581,1.00125134613697,0.4995,1,0.999,1,0.123900110272596,0.347406191548651,"co-occurring","within_trap",TRUE,"Sporothrix",NA,"ASV_9363  Sporothrix sp."
"asv","Pityogenes hopkinsi","ASV_15268",69,19,5,3,16,2,48,0.142857142857143,0.104154713393428,0.0497806798534788,0.77745883699517,0.378,0.911,0.756,1,0.123900110272596,0.347406191548651,"co-occurring","within_trap",TRUE,"Grosmannia","olivacea","ASV_15268  Grosmannia olivacea"
"asv","Pityogenes hopkinsi","ASV_4044",69,19,6,3,16,3,47,0.136363636363636,0.101517432441044,0.0460590169928663,0.756555528051957,0.399,0.907,0.798,1,0.335673845374384,0.631596840638643,"co-occurring","within_trap",TRUE,"Graphilbum",NA,"ASV_4044  Graphilbum sp."
"asv","Pityogenes hopkinsi","ASV_5162",69,19,7,3,16,4,46,0.130434782608696,0.0696272934133175,0.0452714788342518,1.34317435085359,0.186,0.959,0.372,1,0.384342428130839,0.692785301126597,"co-occurring","within_trap",TRUE,"Sporothrix",NA,"ASV_5162  Sporothrix sp."
"asv","Pityogenes hopkinsi","ASV_13560",69,19,7,3,16,4,46,0.130434782608696,0.0735667108916783,0.033628743137914,1.69105552008879,0.1575,1,0.315,0.95238,0.384342428130839,0.692785301126597,"co-occurring","within_trap",TRUE,"Hawksworthiomyces",NA,"ASV_13560  Hawksworthiomyces sp."
"asv","Pityogenes hopkinsi","ASV_9224",69,19,3,2,17,1,49,0.1,0.0318921365444635,0.032761864014455,2.07887632478684,0.1095,1,0.219,0.793109243697479,0.181681108523877,0.43350978763192,"co-occurring","within_trap",TRUE,"Ophiostoma","sparsiannulatum","ASV_9224  Ophiostoma sparsiannulatum"
"asv","Pityogenes hopkinsi","ASV_11554",69,19,3,2,17,1,49,0.1,0.0391366109119732,0.0346957895407473,1.75420101094825,0.1435,0.99,0.287,0.912022222222222,0.181681108523877,0.43350978763192,"co-occurring","within_trap",TRUE,"Raffaelea","crossotarsi","ASV_11554  Raffaelea crossotarsi"
"asv","Pityogenes hopkinsi","ASV_16537",69,19,3,2,17,1,49,0.1,0.0919996339021623,0.0388438638058114,0.205962160145377,0.6955,0.84,1,1,0.181681108523877,0.43350978763192,"co-occurring","within_trap",TRUE,"Graphilbum",NA,"ASV_16537  Graphilbum sp."
"asv","Pityogenes hopkinsi","ASV_28495",69,19,3,2,17,1,49,0.1,0.0350937373448637,0.0335657161765337,1.93370706925399,0.1315,1,0.263,0.8679,0.181681108523877,0.43350978763192,"co-occurring","within_trap",TRUE,"Raffaelea","subfusca","ASV_28495  Raffaelea subfusca"
"asv","Pityogenes hopkinsi","ASV_7886",69,19,4,2,17,2,48,0.0952380952380952,0.0710720078654063,0.0346848023679462,0.696734181049334,0.5005,0.9405,1,1,0.302834814534628,0.618648263977882,"co-occurring","within_trap",TRUE,"Grosmannia",NA,"ASV_7886  Grosmannia sp."
"asv","Pityogenes hopkinsi","ASV_22166",69,19,4,2,17,2,48,0.0952380952380952,0.0388319700976035,0.0343913013948096,1.64012767336,0.1655,0.987,0.331,0.95238,0.302834814534628,0.618648263977882,"co-occurring","within_trap",TRUE,"Grosmannia","cucullata","ASV_22166  Grosmannia cucullata"
"asv","Pityogenes hopkinsi","ASV_7819",69,19,5,2,17,3,47,0.0909090909090909,0.0773768024610836,0.041885983407987,0.323074387825569,0.572,0.831,1,1,0.610651337948357,0.858916144196213,"co-occurring","within_trap",TRUE,"Hawksworthiomyces",NA,"ASV_7819  Hawksworthiomyces sp."
"asv","Pityogenes hopkinsi","ASV_6045",69,19,7,2,17,5,45,0.0833333333333333,0.0998295421002436,0.0447417061384926,-0.368698697270243,0.811,0.5855,1,1,1,1,"avoiding","within_trap",TRUE,"Sporothrix",NA,"ASV_6045  Sporothrix sp."
"asv","Pityogenes hopkinsi","ASV_8974",69,19,3,1,18,2,48,0.0476190476190476,0.0325175118887772,0.0354957154779625,0.425446720172359,0.5325,0.872,1,1,1,1,"co-occurring","within_trap",TRUE,"Ophiostoma","karelicum","ASV_8974  Ophiostoma karelicum"
"asv","Pityogenes hopkinsi","ASV_4337",69,19,4,1,18,3,47,0.0454545454545455,0.0309278015631196,0.0312460424380921,0.464914682242008,0.559,0.889,1,1,1,1,"co-occurring","within_trap",TRUE,"Ophiostoma","undulatum","ASV_4337  Ophiostoma undulatum"
"asv","Pityogenes hopkinsi","ASV_23023",69,19,4,1,18,3,47,0.0454545454545455,0.0556587817718397,0.0290874414543586,-0.350812440252121,0.898,0.702,1,1,1,1,"avoiding","within_trap",TRUE,"Sporothrix",NA,"ASV_23023  Sporothrix sp."
"asv","Pityogenes hopkinsi","ASV_27488",69,19,4,1,18,3,47,0.0454545454545455,0.0556468710545764,0.0293040793759479,-0.34781251679234,0.895,0.6995,1,1,1,1,"avoiding","within_trap",TRUE,"Ceratocystiopsis","synnemata","ASV_27488  Ceratocystiopsis synnemata"
"asv","Xyleborinus attenuatus","ASV_660",69,24,13,12,12,1,44,0.48,0.175963446110508,0.0563298518444793,5.39743215957509,5e-04,1,0.001,0.10725,3.2129560114677e-06,0.00045945270963988,"co-occurring","within_trap",TRUE,"Grosmannia","francke-grosmanniae","ASV_660  Grosmannia francke-grosmanniae"
"asv","Xyleborinus attenuatus","ASV_5162",69,24,7,7,17,0,45,0.291666666666667,0.115928568293802,0.0504906893227728,3.48060406245239,0.003,1,0.006,0.1716,0.000320794218950496,0.0137620719929763,"co-occurring","within_trap",TRUE,"Sporothrix",NA,"ASV_5162  Sporothrix sp."
"asv","Xyleborinus attenuatus","ASV_1122",69,24,8,7,17,1,44,0.28,0.105383780002645,0.0488258252180978,3.57630862801335,0.002,1,0.004,0.153214285714286,0.00195063581523125,0.0476522676145242,"co-occurring","within_trap",TRUE,"Raffaelea","arxii","ASV_1122  Raffaelea arxii"
"asv","Xyleborinus attenuatus","ASV_6117",69,24,13,8,16,5,40,0.275862068965517,0.182762249060951,0.0546595221467138,1.70326809031871,0.0975,0.9805,0.195,0.780702702702703,0.0488231696355849,0.211567068420868,"co-occurring","within_trap",TRUE,"Leptographium","gracile","ASV_6117  Leptographium gracile"
"asv","Xyleborinus attenuatus","ASV_3603",69,24,10,7,17,3,42,0.259259259259259,0.130777795676728,0.0515017174980944,2.4947025036065,0.0255,0.9975,0.051,0.475630434782609,0.0261454996120805,0.1495522577811,"co-occurring","within_trap",TRUE,"Sporothrix","eucastaneae","ASV_3603  Sporothrix eucastaneae"
"asv","Xyleborinus attenuatus","ASV_3556",69,24,9,6,18,3,42,0.222222222222222,0.127307433768249,0.0536161665761781,1.77026435336658,0.0915,0.98,0.183,0.762203883495146,0.0559910156857852,0.231097344843194,"co-occurring","within_trap",TRUE,"Sporothrix","rossii","ASV_3556  Sporothrix rossii"
"asv","Xyleborinus attenuatus","ASV_1646",69,24,5,5,19,0,45,0.208333333333333,0.0677964480815915,0.0397907315619123,3.53190001126453,0.0015,1,0.003,0.1287,0.00378199500236375,0.057945566286216,"co-occurring","within_trap",TRUE,"Raffaelea","arxii","ASV_1646  Raffaelea arxii"
"asv","Xyleborinus attenuatus","ASV_7106",69,24,5,5,19,0,45,0.208333333333333,0.074550722654775,0.0425575831271036,3.14356692387816,0.0065,1,0.013,0.277588235294118,0.00378199500236375,0.057945566286216,"co-occurring","within_trap",TRUE,"Ophiostoma","denticiliatum","ASV_7106  Ophiostoma denticiliatum"
"asv","Xyleborinus attenuatus","ASV_8274",69,24,12,6,18,6,39,0.2,0.146443931218568,0.0491202055692573,1.09030628355006,0.2395,0.935,0.479,1,0.317887606793005,0.622711339334242,"co-occurring","within_trap",TRUE,"Sporothrix","rossii","ASV_8274  Sporothrix rossii"
"asv","Xyleborinus attenuatus","ASV_7618",69,24,7,5,19,2,43,0.192307692307692,0.104509599578255,0.0448732792233215,1.95657848610733,0.0765,0.9895,0.153,0.697666666666667,0.0449365165124603,0.19873985137985,"co-occurring","within_trap",TRUE,"Leptographium","lundbergii","ASV_7618  Leptographium lundbergii"
"asv","Xyleborinus attenuatus","ASV_15258",69,24,7,5,19,2,43,0.192307692307692,0.108631751527596,0.048294192428241,1.73262946480425,0.1005,0.983,0.201,0.780702702702703,0.0449365165124603,0.19873985137985,"co-occurring","within_trap",TRUE,"Ophiostoma","pallidulum","ASV_15258  Ophiostoma pallidulum"
"asv","Xyleborinus attenuatus","ASV_5724",69,24,4,4,20,0,45,0.166666666666667,0.0569814821940898,0.0370433763594567,2.96099317211877,0.0105,1,0.021,0.277588235294118,0.0122914837576822,0.105460930640913,"co-occurring","within_trap",TRUE,"Graphilbum",NA,"ASV_5724  Graphilbum sp."
"asv","Xyleborinus attenuatus","ASV_21569",69,24,7,4,20,3,42,0.148148148148148,0.0830849925966448,0.0435756311148627,1.4931087373124,0.1465,0.9715,0.293,0.924242647058823,0.226754164452183,0.511987034473614,"co-occurring","within_trap",TRUE,"Sporothrix",NA,"ASV_21569  Sporothrix sp."
"asv","Xyleborinus attenuatus","ASV_11554",69,24,3,3,21,0,45,0.125,0.0447675760957394,0.0311715796465116,2.57389663321856,0.028,1,0.056,0.48048,0.038630377524144,0.180135129976715,"co-occurring","within_trap",TRUE,"Raffaelea","crossotarsi","ASV_11554  Raffaelea crossotarsi"
"asv","Xyleborinus attenuatus","ASV_16537",69,24,3,3,21,0,45,0.125,0.052657867395235,0.0326253407260982,2.21736021738758,0.0645,1,0.129,0.658821428571429,0.038630377524144,0.180135129976715,"co-occurring","within_trap",TRUE,"Graphilbum",NA,"ASV_16537  Graphilbum sp."
"asv","Xyleborinus attenuatus","ASV_17726",69,24,3,3,21,0,45,0.125,0.0521177896640618,0.034433006104784,2.11663803369791,0.073,1,0.146,0.697666666666667,0.038630377524144,0.180135129976715,"co-occurring","within_trap",TRUE,NA,NA,"ASV_17726  "
"asv","Xyleborinus attenuatus","ASV_8895",69,24,13,4,20,9,36,0.121212121212121,0.132646975620154,0.0475803344001295,-0.240327323298538,0.7135,0.5745,1,1,1,1,"avoiding","within_trap",TRUE,"Ceratocystiopsis","manitobensis","ASV_8895  Ceratocystiopsis manitobensis"
"asv","Xyleborinus attenuatus","ASV_4337",69,24,4,3,21,1,44,0.12,0.0649606569666614,0.0382726987168233,1.43808367004821,0.191,0.9765,0.382,1,0.117647058823529,0.34105898111915,"co-occurring","within_trap",TRUE,"Ophiostoma","undulatum","ASV_4337  Ophiostoma undulatum"
"asv","Xyleborinus attenuatus","ASV_6746",69,24,4,3,21,1,44,0.12,0.057588936918603,0.0377837061746437,1.65179833849334,0.142,0.9865,0.284,0.909223880597015,0.117647058823529,0.34105898111915,"co-occurring","within_trap",TRUE,"Graphilbum",NA,"ASV_6746  Graphilbum sp."
"asv","Xyleborinus attenuatus","ASV_11600",69,24,4,3,21,1,44,0.12,0.051524138137446,0.0362760923659562,1.88763059625507,0.098,0.9915,0.196,0.780702702702703,0.117647058823529,0.34105898111915,"co-occurring","within_trap",TRUE,"Ophiostoma","undulatum","ASV_11600  Ophiostoma undulatum"
"asv","Xyleborinus attenuatus","ASV_22166",69,24,4,3,21,1,44,0.12,0.0651740115071795,0.038681080115251,1.41738514874625,0.1955,0.977,0.391,1,0.117647058823529,0.34105898111915,"co-occurring","within_trap",TRUE,"Grosmannia","cucullata","ASV_22166  Grosmannia cucullata"
"asv","Xyleborinus attenuatus","ASV_25723",69,24,4,3,21,1,44,0.12,0.0602774036590959,0.0388429416386078,1.53754051113222,0.163,0.9795,0.326,0.95238,0.117647058823529,0.34105898111915,"co-occurring","within_trap",TRUE,"Ceratocystiopsis","manitobensis","ASV_25723  Ceratocystiopsis manitobensis"
"asv","Xyleborinus attenuatus","ASV_7819",69,24,5,3,21,2,43,0.115384615384615,0.0818579996143778,0.0417834053780288,0.802390697141862,0.369,0.9115,0.738,1,0.333335290887682,0.631596840638643,"co-occurring","within_trap",TRUE,"Hawksworthiomyces",NA,"ASV_7819  Hawksworthiomyces sp."
"asv","Xyleborinus attenuatus","ASV_13249",69,24,6,3,21,3,42,0.111111111111111,0.0913983548550854,0.0413902173634887,0.476266072316276,0.473,0.8395,0.946,1,0.412359680057317,0.725009437477824,"co-occurring","within_trap",TRUE,"Ophiostoma","denticulatum","ASV_13249  Ophiostoma denticulatum"
"asv","Xyleborinus attenuatus","ASV_15738",69,24,7,3,21,4,41,0.107142857142857,0.0959927329389645,0.0443756379666641,0.251266792204066,0.5545,0.779,1,1,0.687453569257784,0.913057526970864,"co-occurring","within_trap",TRUE,"Graphilbum",NA,"ASV_15738  Graphilbum sp."
"asv","Xyleborinus attenuatus","ASV_8974",69,24,3,2,22,1,44,0.08,0.0534338323007647,0.035481498274003,0.748732973283152,0.4155,0.9095,0.831,1,0.2756804214223,0.57973970975572,"co-occurring","within_trap",TRUE,"Ophiostoma","karelicum","ASV_8974  Ophiostoma karelicum"
"asv","Xyleborinus attenuatus","ASV_9224",69,24,3,2,22,1,44,0.08,0.0454290606841876,0.0344467611464017,1.00360493019599,0.325,0.9435,0.65,1,0.2756804214223,0.57973970975572,"co-occurring","within_trap",TRUE,"Ophiostoma","sparsiannulatum","ASV_9224  Ophiostoma sparsiannulatum"
"asv","Xyleborinus attenuatus","ASV_28495",69,24,3,2,22,1,44,0.08,0.0423078847115861,0.0331897406035289,1.13565561535019,0.2825,0.9565,0.565,1,0.2756804214223,0.57973970975572,"co-occurring","within_trap",TRUE,"Raffaelea","subfusca","ASV_28495  Raffaelea subfusca"
"asv","Xyleborinus attenuatus","ASV_7886",69,24,4,2,22,2,43,0.0769230769230769,0.0715031874911826,0.0339809037819067,0.159498095362025,0.65,0.7955,1,1,0.606061762797267,0.858916144196213,"co-occurring","within_trap",TRUE,"Grosmannia",NA,"ASV_7886  Grosmannia sp."
"asv","Xyleborinus attenuatus","ASV_27488",69,24,4,2,22,2,43,0.0769230769230769,0.0414338223242685,0.0272428499151646,1.3026997802845,0.3015,1,0.603,1,0.606061762797267,0.858916144196213,"co-occurring","within_trap",TRUE,"Ceratocystiopsis","synnemata","ASV_27488  Ceratocystiopsis synnemata"
"asv","Xyleborinus attenuatus","ASV_9363",69,24,5,2,22,3,42,0.0740740740740741,0.0484266858704088,0.0299090724716933,0.857511988308518,0.3885,0.936,0.777,1,1,1,"co-occurring","within_trap",TRUE,"Sporothrix",NA,"ASV_9363  Sporothrix sp."
"asv","Xyleborinus attenuatus","ASV_15268",69,24,5,2,22,3,42,0.0740740740740741,0.0689060647539894,0.0418056982000748,0.123619734691463,0.612,0.744,1,1,1,1,"co-occurring","within_trap",TRUE,"Grosmannia","olivacea","ASV_15268  Grosmannia olivacea"
"asv","Xyleborinus attenuatus","ASV_4044",69,24,6,2,22,4,41,0.0714285714285714,0.0765358764599773,0.0362869868736699,-0.14074756466241,0.7325,0.686,1,1,1,1,"avoiding","within_trap",TRUE,"Graphilbum",NA,"ASV_4044  Graphilbum sp."
"asv","Xyleborinus attenuatus","ASV_8131",69,24,6,2,22,4,41,0.0714285714285714,0.0820722811407825,0.04115133332754,-0.258647991487749,0.752,0.6005,1,1,1,1,"avoiding","within_trap",TRUE,"Graphilbum",NA,"ASV_8131  Graphilbum sp."
"asv","Xyleborinus attenuatus","ASV_22950",69,24,6,2,22,4,41,0.0714285714285714,0.0680744797475573,0.0368868831343538,0.0909291161521402,0.6415,0.7505,1,1,1,1,"co-occurring","within_trap",TRUE,"Sporothrix",NA,"ASV_22950  Sporothrix sp."
"asv","Xyleborinus attenuatus","ASV_6045",69,24,7,2,22,5,40,0.0689655172413793,0.102653584943006,0.0447801581169163,-0.752298989513844,0.8755,0.3725,0.745,1,1,1,"avoiding","within_trap",TRUE,"Sporothrix",NA,"ASV_6045  Sporothrix sp."
"asv","Xyleborinus attenuatus","ASV_13560",69,24,7,2,22,5,40,0.0689655172413793,0.0781608918082326,0.0359487571567723,-0.25579116759871,0.7695,0.628,1,1,1,1,"avoiding","within_trap",TRUE,"Hawksworthiomyces",NA,"ASV_13560  Hawksworthiomyces sp."
"asv","Xyleborinus attenuatus","ASV_6959",69,24,7,1,23,6,39,0.0333333333333333,0.084447011725306,0.0410932708584767,-1.24384545995391,0.972,0.226,0.452,1,0.407940501114338,0.720191255053707,"avoiding","within_trap",TRUE,"Ophiostoma","adjuncti","ASV_6959  Ophiostoma adjuncti"
"asv","Xyleborinus attenuatus","ASV_23023",69,24,4,0,24,4,41,0,0.063918854013903,0.0373058018192733,-1.71337569216595,1,0.08,0.16,0.697666666666667,0.289995037599725,0.603921704515933,"avoiding","within_trap",TRUE,"Sporothrix",NA,"ASV_23023  Sporothrix sp."
"asv","Xyloterinus politus","ASV_660",69,22,13,9,13,4,43,0.346153846153846,0.125623071184886,0.0518377847904419,4.25424766626259,0.001,1,0.002,0.10725,0.00258730144664164,0.0528548724099649,"co-occurring","within_trap",TRUE,"Grosmannia","francke-grosmanniae","ASV_660  Grosmannia francke-grosmanniae"
"asv","Xyloterinus politus","ASV_3556",69,22,9,7,15,2,45,0.291666666666667,0.0908353055873365,0.0487734517717997,4.11763682461878,0.0025,1,0.005,0.153214285714286,0.00352703998212574,0.057945566286216,"co-occurring","within_trap",TRUE,"Sporothrix","rossii","ASV_3556  Sporothrix rossii"
"asv","Xyloterinus politus","ASV_3603",69,22,10,7,15,3,44,0.28,0.122819384342246,0.0529568806506508,2.96808674768162,0.01,0.998,0.02,0.277588235294118,0.00921990745940801,0.0859856586975225,"co-occurring","within_trap",TRUE,"Sporothrix","eucastaneae","ASV_3603  Sporothrix eucastaneae"
"asv","Xyloterinus politus","ASV_5162",69,22,7,6,16,1,46,0.260869565217391,0.0827386844667224,0.0473642321180811,3.76087340140089,0.001,1,0.002,0.10725,0.00340843857634901,0.057945566286216,"co-occurring","within_trap",TRUE,"Sporothrix",NA,"ASV_5162  Sporothrix sp."
"asv","Xyloterinus politus","ASV_15258",69,22,7,6,16,1,46,0.260869565217391,0.090400220283205,0.0486020539778792,3.50745145486596,0.0035,1,0.007,0.1876875,0.00340843857634901,0.057945566286216,"co-occurring","within_trap",TRUE,"Ophiostoma","pallidulum","ASV_15258  Ophiostoma pallidulum"
"asv","Xyloterinus politus","ASV_1122",69,22,8,6,16,2,45,0.25,0.0881022623643952,0.0489333433651895,3.30853619437695,0.007,1,0.014,0.277588235294118,0.0106431243287286,0.0951229236880115,"co-occurring","within_trap",TRUE,"Raffaelea","arxii","ASV_1122  Raffaelea arxii"
"asv","Xyloterinus politus","ASV_6117",69,22,13,7,15,6,41,0.25,0.136891070245799,0.0496130413719147,2.27982253509318,0.044,0.997,0.088,0.572,0.0960381105971932,0.307465294374596,"co-occurring","within_trap",TRUE,"Leptographium","gracile","ASV_6117  Leptographium gracile"
"asv","Xyloterinus politus","ASV_7106",69,22,5,5,17,0,47,0.227272727272727,0.0751015717649033,0.0453684232854815,3.35412043196398,0.0065,1,0.013,0.277588235294118,0.00234319255581232,0.0528548724099649,"co-occurring","within_trap",TRUE,"Ophiostoma","denticiliatum","ASV_7106  Ophiostoma denticiliatum"
"asv","Xyloterinus politus","ASV_8274",69,22,12,6,16,6,41,0.214285714285714,0.153924992836953,0.0519036057697055,1.16293888552906,0.215,0.9405,0.43,1,0.177426476875721,0.43350978763192,"co-occurring","within_trap",TRUE,"Sporothrix","rossii","ASV_8274  Sporothrix rossii"
"asv","Xyloterinus politus","ASV_21569",69,22,7,5,17,2,45,0.208333333333333,0.0897872032404513,0.0480220331867249,2.46857790531144,0.031,0.9985,0.062,0.488172413793103,0.0297937630850273,0.159769054543459,"co-occurring","within_trap",TRUE,"Sporothrix",NA,"ASV_21569  Sporothrix sp."
"asv","Xyloterinus politus","ASV_11600",69,22,4,4,18,0,47,0.181818181818182,0.0562715745224396,0.040942153015012,3.06643881795148,0.011,1,0.022,0.277588235294118,0.00846152867376672,0.080666573356576,"co-occurring","within_trap",TRUE,"Ophiostoma","undulatum","ASV_11600  Ophiostoma undulatum"
"asv","Xyloterinus politus","ASV_1646",69,22,5,4,18,1,46,0.173913043478261,0.0677575463012739,0.0427522298970157,2.48304000592954,0.0325,0.998,0.065,0.488172413793103,0.0329348731455843,0.172387018638498,"co-occurring","within_trap",TRUE,"Raffaelea","arxii","ASV_1646  Raffaelea arxii"
"asv","Xyloterinus politus","ASV_13249",69,22,6,4,18,2,45,0.166666666666667,0.0797343760447059,0.0422034246896675,2.05983972298921,0.0685,0.9925,0.137,0.691447058823529,0.0769104139933816,0.282004851309066,"co-occurring","within_trap",TRUE,"Ophiostoma","denticulatum","ASV_13249  Ophiostoma denticulatum"
"asv","Xyloterinus politus","ASV_17726",69,22,3,3,19,0,47,0.136363636363636,0.0426243259969906,0.0356121297650323,2.63222983250749,0.033,1,0.066,0.488172413793103,0.0293926785509791,0.159613406308482,"co-occurring","within_trap",TRUE,NA,NA,"ASV_17726  "
"asv","Xyloterinus politus","ASV_5724",69,22,4,3,19,1,46,0.130434782608696,0.062320679443807,0.0380629696590326,1.78951100702477,0.1225,0.9905,0.245,0.854512195121951,0.0921861281826163,0.299991787930719,"co-occurring","within_trap",TRUE,"Graphilbum",NA,"ASV_5724  Graphilbum sp."
"asv","Xyloterinus politus","ASV_6746",69,22,4,3,19,1,46,0.130434782608696,0.0480722904271641,0.0392131116281259,2.1003814479863,0.072,0.99,0.144,0.697666666666667,0.0921861281826163,0.299991787930719,"co-occurring","within_trap",TRUE,"Graphilbum",NA,"ASV_6746  Graphilbum sp."
"asv","Xyloterinus politus","ASV_22166",69,22,4,3,19,1,46,0.130434782608696,0.0486259532928525,0.0383849871191181,2.13127150627849,0.074,0.993,0.148,0.697666666666667,0.0921861281826163,0.299991787930719,"co-occurring","within_trap",TRUE,"Grosmannia","cucullata","ASV_22166  Grosmannia cucullata"
"asv","Xyloterinus politus","ASV_25723",69,22,4,3,19,1,46,0.130434782608696,0.0663383404482223,0.0416014691946701,1.54072544554954,0.158,0.9795,0.316,0.95238,0.0921861281826163,0.299991787930719,"co-occurring","within_trap",TRUE,"Ceratocystiopsis","manitobensis","ASV_25723  Ceratocystiopsis manitobensis"
"asv","Xyloterinus politus","ASV_8131",69,22,6,3,19,3,44,0.12,0.0907086591728915,0.0429510970063378,0.681969562332396,0.4095,0.8895,0.819,1,0.374786840683461,0.684185338949807,"co-occurring","within_trap",TRUE,"Graphilbum",NA,"ASV_8131  Graphilbum sp."
"asv","Xyloterinus politus","ASV_22950",69,22,6,3,19,3,44,0.12,0.0462568036154839,0.0357972365939966,2.06002483434387,0.0785,0.993,0.157,0.697666666666667,0.374786840683461,0.684185338949807,"co-occurring","within_trap",TRUE,"Sporothrix",NA,"ASV_22950  Sporothrix sp."
"asv","Xyloterinus politus","ASV_7618",69,22,7,3,19,4,43,0.115384615384615,0.101027372793473,0.0475170207955193,0.302149468775125,0.542,0.7895,1,1,0.671572144931451,0.898172847096732,"co-occurring","within_trap",TRUE,"Leptographium","lundbergii","ASV_7618  Leptographium lundbergii"
"asv","Xyloterinus politus","ASV_15738",69,22,7,3,19,4,43,0.115384615384615,0.106036698477483,0.0465905546810534,0.20063974277888,0.5765,0.773,1,1,0.671572144931451,0.898172847096732,"co-occurring","within_trap",TRUE,"Graphilbum",NA,"ASV_15738  Graphilbum sp."
"asv","Xyloterinus politus","ASV_8895",69,22,13,3,19,10,37,0.09375,0.125007905466727,0.0475412623701918,-0.657490018319862,0.8445,0.394,0.788,1,0.52785647066145,0.85549951917986,"avoiding","within_trap",TRUE,"Ceratocystiopsis","manitobensis","ASV_8895  Ceratocystiopsis manitobensis"
"asv","Xyloterinus politus","ASV_9224",69,22,3,2,20,1,46,0.0869565217391304,0.0499969187492298,0.0357428392262111,1.03404216872613,0.33,0.956,0.66,1,0.236611062335382,0.52054433713784,"co-occurring","within_trap",TRUE,"Ophiostoma","sparsiannulatum","ASV_9224  Ophiostoma sparsiannulatum"
"asv","Xyloterinus politus","ASV_16537",69,22,3,2,20,1,46,0.0869565217391304,0.0434757892780384,0.034006395974374,1.27860454527018,0.25,0.972,0.5,1,0.236611062335382,0.52054433713784,"co-occurring","within_trap",TRUE,"Graphilbum",NA,"ASV_16537  Graphilbum sp."
"asv","Xyloterinus politus","ASV_28495",69,22,3,2,20,1,46,0.0869565217391304,0.0560742327685582,0.0369806378843345,0.835093463427096,0.3895,0.9285,0.779,1,0.236611062335382,0.52054433713784,"co-occurring","within_trap",TRUE,"Raffaelea","subfusca","ASV_28495  Raffaelea subfusca"
"asv","Xyloterinus politus","ASV_4337",69,22,4,2,20,2,45,0.0833333333333333,0.0421405630351411,0.0353887172776179,1.1640085729879,0.279,0.959,0.558,1,0.587357330992098,0.85549951917986,"co-occurring","within_trap",TRUE,"Ophiostoma","undulatum","ASV_4337  Ophiostoma undulatum"
"asv","Xyloterinus politus","ASV_7886",69,22,4,2,20,2,45,0.0833333333333333,0.0558168214542061,0.0346909084645717,0.793190870375406,0.401,0.922,0.802,1,0.587357330992098,0.85549951917986,"co-occurring","within_trap",TRUE,"Grosmannia",NA,"ASV_7886  Grosmannia sp."
"asv","Xyloterinus politus","ASV_27488",69,22,4,2,20,2,45,0.0833333333333333,0.0367583791895949,0.0281345938412406,1.65543367736368,0.1865,1,0.373,1,0.587357330992098,0.85549951917986,"co-occurring","within_trap",TRUE,"Ceratocystiopsis","synnemata","ASV_27488  Ceratocystiopsis synnemata"
"asv","Xyloterinus politus","ASV_7819",69,22,5,2,20,3,44,0.08,0.0532157466693202,0.0390047181824412,0.686692651012084,0.404,0.8935,0.808,1,0.650840818531775,0.892047000479654,"co-occurring","within_trap",TRUE,"Hawksworthiomyces",NA,"ASV_7819  Hawksworthiomyces sp."
"asv","Xyloterinus politus","ASV_9363",69,22,5,2,20,3,44,0.08,0.0535013660676481,0.0330239313967256,0.802407006422601,0.408,0.928,0.816,1,0.650840818531775,0.892047000479654,"co-occurring","within_trap",TRUE,"Sporothrix",NA,"ASV_9363  Sporothrix sp."
"asv","Xyloterinus politus","ASV_15268",69,22,5,2,20,3,44,0.08,0.0611523266954232,0.0434246837777632,0.434031331144161,0.476,0.837,0.952,1,0.650840818531775,0.892047000479654,"co-occurring","within_trap",TRUE,"Grosmannia","olivacea","ASV_15268  Grosmannia olivacea"
"asv","Xyloterinus politus","ASV_8974",69,22,3,1,21,2,45,0.0416666666666667,0.0427935476302052,0.0348539389179464,-0.0323315240263513,0.713,0.74,1,1,1,1,"avoiding","within_trap",TRUE,"Ophiostoma","karelicum","ASV_8974  Ophiostoma karelicum"
"asv","Xyloterinus politus","ASV_11554",69,22,3,1,21,2,45,0.0416666666666667,0.0349071109995048,0.0302443702056416,0.223497980655619,0.663,0.8495,1,1,1,1,"co-occurring","within_trap",TRUE,"Raffaelea","crossotarsi","ASV_11554  Raffaelea crossotarsi"
"asv","Xyloterinus politus","ASV_4044",69,22,6,1,21,5,42,0.037037037037037,0.0698865102066716,0.037296779568686,-0.880758970332511,0.9325,0.372,0.744,1,0.656296430742217,0.8966597732115,"avoiding","within_trap",TRUE,"Graphilbum",NA,"ASV_4044  Graphilbum sp."
"asv","Xyloterinus politus","ASV_6959",69,22,7,1,21,6,41,0.0357142857142857,0.0870477373403835,0.0424396259671795,-1.20956418573991,0.954,0.2165,0.433,1,0.416976908444204,0.72954800639409,"avoiding","within_trap",TRUE,"Ophiostoma","adjuncti","ASV_6959  Ophiostoma adjuncti"
"asv","Xyloterinus politus","ASV_6045",69,22,7,0,22,7,40,0,0.0624460632839833,0.0392174496525346,-1.59230301402191,1,0.1085,0.217,0.793109243697479,0.0880861529456788,0.299912377886478,"avoiding","within_trap",TRUE,"Sporothrix",NA,"ASV_6045  Sporothrix sp."
"asv","Xyloterinus politus","ASV_13560",69,22,7,0,22,7,40,0,0.0532959296090873,0.0321715228644581,-1.65661817855588,1,0.137,0.274,0.883804511278195,0.0880861529456788,0.299912377886478,"avoiding","within_trap",TRUE,"Hawksworthiomyces",NA,"ASV_13560  Hawksworthiomyces sp."
"asv","Xyloterinus politus","ASV_23023",69,22,4,0,22,4,43,0,0.0555154520606819,0.0379329484290705,-1.46351534377794,1,0.161,0.322,0.95238,0.298507462686567,0.618645900930132,"avoiding","within_trap",TRUE,"Sporothrix",NA,"ASV_23023  Sporothrix sp."
"genus","Cyclorhipidion pelliculosum","Grosmannia",69,13,18,9,4,9,47,0.409090909090909,0.248206198265753,0.0755263373159783,2.13018023304991,0.0475,0.9885,0.095,0.5775,0.00033900839734151,0.00382290030084966,"co-occurring","within_date",TRUE,NA,NA,"Grosmannia"
"genus","Cyclorhipidion pelliculosum","Sporothrix",69,13,34,11,2,23,33,0.305555555555556,0.216384564448978,0.0441265729275427,2.02080028406012,0.0515,0.9915,0.103,0.5775,0.00569707530869645,0.0325116686502936,"co-occurring","within_date",TRUE,NA,NA,"Sporothrix"
"genus","Cyclorhipidion pelliculosum","Raffaelea",69,13,10,5,8,5,51,0.277777777777778,0.186886425613102,0.0783701433661861,1.15977014026864,0.2175,0.94,0.435,1,0.0164571430434337,0.0670476198065817,"co-occurring","within_date",TRUE,NA,NA,"Raffaelea"
"genus","Cyclorhipidion pelliculosum","Any Ophiostomatales",69,13,44,12,1,32,24,0.266666666666667,0.218276489139603,0.0308385850541046,1.56914389691245,0.131,0.9835,0.262,0.741794871794872,0.0233956813255396,0.0765898709525595,"co-occurring","within_date",TRUE,NA,NA,"Any Ophiostomatales"
"genus","Cyclorhipidion pelliculosum","Ophiostomatales (unclassified genus)",69,13,7,4,9,3,53,0.25,0.166532425971356,0.0758967381005362,1.09975179589509,0.2625,0.9455,0.525,1,0.0202981257395885,0.0720256074630559,"co-occurring","within_date",TRUE,NA,NA,"Ophiostomatales (unclassified genus)"
"genus","Cyclorhipidion pelliculosum","Ophiostoma",69,13,23,7,6,16,40,0.241379310344828,0.180505824590338,0.0523724376318369,1.16231912255856,0.208,0.9355,0.416,1,0.106526632068099,0.225344798605595,"co-occurring","within_date",TRUE,NA,NA,"Ophiostoma"
"genus","Cyclorhipidion pelliculosum","Graphilbum",69,13,20,5,8,15,41,0.178571428571429,0.168991771298331,0.0537070839970541,0.178368597960423,0.559,0.7265,1,1,0.500083321876829,0.647166651840603,"co-occurring","within_date",TRUE,NA,NA,"Graphilbum"
"genus","Cyclorhipidion pelliculosum","Leptographium",69,13,20,5,8,15,41,0.178571428571429,0.176275111276661,0.061083450816124,0.0375931166966908,0.602,0.6665,1,1,0.500083321876829,0.647166651840603,"co-occurring","within_date",TRUE,NA,NA,"Leptographium"
"genus","Cyclorhipidion pelliculosum","Hawksworthiomyces",69,13,10,3,10,7,49,0.15,0.0719125625697347,0.0473498959627726,1.64915752912444,0.1375,0.9835,0.275,0.748536585365854,0.384511309248254,0.556529526543526,"co-occurring","within_date",TRUE,NA,NA,"Hawksworthiomyces"
"genus","Cyclorhipidion pelliculosum","Ceratocystiopsis",69,13,21,2,11,19,37,0.0625,0.142298604264053,0.0521431311682443,-1.5303761488081,0.9835,0.107,0.214,0.741794871794872,0.31656412575196,0.50466744685095,"avoiding","within_date",TRUE,NA,NA,"Ceratocystiopsis"
"genus","Dendroctonus valens","Leptographium",69,14,20,11,3,9,46,0.478260869565217,0.172535040262653,0.0642531832703053,4.7581429236963,5e-04,1,0.001,0.0275,2.09987702950972e-05,0.00079162920306047,"co-occurring","within_date",TRUE,NA,NA,"Leptographium"
"genus","Dendroctonus valens","Grosmannia",69,14,18,8,6,10,45,0.333333333333333,0.218650258796169,0.0693422448628108,1.65387023111318,0.1115,0.978,0.223,0.741794871794872,0.00591121248187156,0.0325116686502936,"co-occurring","within_date",TRUE,NA,NA,"Grosmannia"
"genus","Dendroctonus valens","Ophiostoma",69,14,23,9,5,14,41,0.321428571428571,0.180195474094789,0.0557259382817962,2.53442295793373,0.0205,0.996,0.041,0.363846153846154,0.0101467354992249,0.0531495669007018,"co-occurring","within_date",TRUE,NA,NA,"Ophiostoma"
"genus","Dendroctonus valens","Sporothrix",69,14,34,11,3,23,32,0.297297297297297,0.224671750045548,0.0478224971382629,1.51864815929158,0.127,0.966,0.254,0.741794871794872,0.0178088051732819,0.0699631631807502,"co-occurring","within_date",TRUE,NA,NA,"Sporothrix"
"genus","Dendroctonus valens","Any Ophiostomatales",69,14,44,13,1,31,24,0.288888888888889,0.224089149283868,0.0353477373655795,1.83320756672026,0.075,0.9905,0.15,0.717391304347826,0.0124238721073794,0.0547984519407621,"co-occurring","within_date",TRUE,NA,NA,"Any Ophiostomatales"
"genus","Dendroctonus valens","Raffaelea",69,14,10,5,9,5,50,0.263157894736842,0.153673043791988,0.0665413091690048,1.64536664986226,0.1225,0.977,0.245,0.741794871794872,0.0237720746622119,0.0765898709525595,"co-occurring","within_date",TRUE,NA,NA,"Raffaelea"
"genus","Dendroctonus valens","Graphilbum",69,14,20,7,7,13,42,0.259259259259259,0.173127587858801,0.0581685290683799,1.48072630991246,0.1245,0.9595,0.249,0.741794871794872,0.095149580971838,0.213601100140861,"co-occurring","within_date",TRUE,NA,NA,"Graphilbum"
"genus","Dendroctonus valens","Ophiostomatales (unclassified genus)",69,14,7,4,10,3,52,0.235294117647059,0.148119293134702,0.069025213648137,1.26294175570016,0.2085,0.9575,0.417,1,0.0272526434324541,0.0832719660436097,"co-occurring","within_date",TRUE,NA,NA,"Ophiostomatales (unclassified genus)"
"genus","Dendroctonus valens","Ceratocystiopsis",69,14,21,6,8,15,40,0.206896551724138,0.151295553033461,0.0570614404139846,0.974405803416255,0.24,0.904,0.48,1,0.331673767971503,0.513860767279794,"co-occurring","within_date",TRUE,NA,NA,"Ceratocystiopsis"
"genus","Dendroctonus valens","Hawksworthiomyces",69,14,10,3,11,7,48,0.142857142857143,0.084773405950699,0.0554806524839401,1.04691877809579,0.2665,0.9295,0.533,1,0.412361476250596,0.570476834813251,"co-occurring","within_date",TRUE,NA,NA,"Hawksworthiomyces"
"genus","Dryocoetes autographus","Leptographium",69,14,20,5,9,15,40,0.172413793103448,0.111809085434406,0.0491410294887596,1.23328119698643,0.1885,0.9425,0.377,0.964418604651163,0.527626940506205,0.674871668089332,"co-occurring","within_date",FALSE,NA,NA,"Leptographium"
"genus","Dryocoetes autographus","Ophiostoma",69,14,23,5,9,18,37,0.15625,0.107242852520788,0.0455300228696993,1.07636992890305,0.2285,0.9255,0.457,1,1,1,"co-occurring","within_date",FALSE,NA,NA,"Ophiostoma"
"genus","Dryocoetes autographus","Sporothrix",69,14,34,6,8,28,27,0.142857142857143,0.132981982938485,0.0384152462569075,0.257063558895754,0.524,0.731,1,1,0.766011435153338,0.868672761514095,"co-occurring","within_date",FALSE,NA,NA,"Sporothrix"
"genus","Dryocoetes autographus","Any Ophiostomatales",69,14,44,7,7,37,18,0.137254901960784,0.131353629197893,0.0330346227261216,0.178639024026917,0.549,0.7005,1,1,0.350327802290456,0.520757543945272,"co-occurring","within_date",FALSE,NA,NA,"Any Ophiostomatales"
"genus","Dryocoetes autographus","Graphilbum",69,14,20,4,10,16,39,0.133333333333333,0.0912250811835333,0.0450484419725091,0.93473270785917,0.2835,0.9115,0.567,1,1,1,"co-occurring","within_date",FALSE,NA,NA,"Graphilbum"
"genus","Dryocoetes autographus","Ceratocystiopsis",69,14,21,4,10,17,38,0.129032258064516,0.110831259109832,0.0480732272777874,0.378609882991851,0.4615,0.784,0.923,1,1,1,"co-occurring","within_date",FALSE,NA,NA,"Ceratocystiopsis"
"genus","Dryocoetes autographus","Grosmannia",69,14,18,3,11,15,40,0.103448275862069,0.0643702350377701,0.0356018131885796,1.0976418705785,0.267,0.9465,0.534,1,0.747095483759605,0.856046908474547,"co-occurring","within_date",FALSE,NA,NA,"Grosmannia"
"genus","Dryocoetes autographus","Hawksworthiomyces",69,14,10,1,13,9,46,0.0434782608695652,0.0834148388646459,0.0529473629747051,-0.754269443298995,0.893,0.4055,0.811,1,0.674153046072605,0.806052555086811,"avoiding","within_date",FALSE,NA,NA,"Hawksworthiomyces"
"genus","Dryocoetes autographus","Raffaelea",69,14,10,0,14,10,45,0,0.0339932812255926,0.0306210198755432,-1.11012896904661,1,0.374,0.748,1,0.195130173632333,0.346198695154139,"avoiding","within_date",FALSE,NA,NA,"Raffaelea"
"genus","Dryocoetes autographus","Ophiostomatales (unclassified genus)",69,14,7,0,14,7,48,0,0.0162831415707855,0.0234369614518939,-0.694763337995325,1,0.6745,1,1,0.330406391953277,0.513860767279794,"avoiding","within_date",FALSE,NA,NA,"Ophiostomatales (unclassified genus)"
"genus","Heteroborips seriatus","Grosmannia",69,21,18,13,8,5,43,0.5,0.255749252235038,0.0620051855915335,3.9391987207972,0.001,1,0.002,0.0366666666666667,2.15898873561946e-05,0.00079162920306047,"co-occurring","within_date",TRUE,NA,NA,"Grosmannia"
"genus","Heteroborips seriatus","Raffaelea",69,21,10,9,12,1,47,0.409090909090909,0.194543470305031,0.062843159054941,3.41401422226895,0.003,0.9995,0.006,0.0825,4.25293410337153e-05,0.000935645502741736,"co-occurring","within_date",TRUE,NA,NA,"Raffaelea"
"genus","Heteroborips seriatus","Any Ophiostomatales",69,21,44,18,3,26,22,0.382978723404255,0.287322472968578,0.0384595685231646,2.48718990120918,0.0245,0.998,0.049,0.385,0.0146568403030815,0.0620097089745757,"co-occurring","within_date",TRUE,NA,NA,"Any Ophiostomatales"
"genus","Heteroborips seriatus","Ophiostoma",69,21,23,12,9,11,37,0.375,0.235298418211002,0.0556583115762553,2.50998598111619,0.0215,0.9945,0.043,0.363846153846154,0.0112071446872039,0.0535993876344535,"co-occurring","within_date",TRUE,NA,NA,"Ophiostoma"
"genus","Heteroborips seriatus","Sporothrix",69,21,34,15,6,19,29,0.375,0.272394997912696,0.0481148382095793,2.13250227799533,0.0425,0.9955,0.085,0.55,0.0194043856952348,0.0711494142158609,"co-occurring","within_date",TRUE,NA,NA,"Sporothrix"
"genus","Heteroborips seriatus","Leptographium",69,21,20,10,11,10,38,0.32258064516129,0.211928778494927,0.0586065957015568,1.88804460217819,0.059,0.984,0.118,0.59,0.0416853853362099,0.114634809674577,"co-occurring","within_date",TRUE,NA,NA,"Leptographium"
"genus","Heteroborips seriatus","Ophiostomatales (unclassified genus)",69,21,7,6,15,1,47,0.272727272727273,0.153198664014506,0.0538294069347139,2.22050762806535,0.0555,0.997,0.111,0.581428571428571,0.00252197510471358,0.0173385788449059,"co-occurring","within_date",TRUE,NA,NA,"Ophiostomatales (unclassified genus)"
"genus","Heteroborips seriatus","Graphilbum",69,21,20,6,15,14,34,0.171428571428571,0.210266454001158,0.0560202589311575,-0.693282810783031,0.849,0.37,0.74,1,1,1,"avoiding","within_date",TRUE,NA,NA,"Graphilbum"
"genus","Heteroborips seriatus","Hawksworthiomyces",69,21,10,3,18,7,41,0.107142857142857,0.0841761602595466,0.044762796903188,0.513075555421223,0.439,0.836,0.878,1,1,1,"co-occurring","within_date",TRUE,NA,NA,"Hawksworthiomyces"
"genus","Heteroborips seriatus","Ceratocystiopsis",69,21,21,4,17,17,31,0.105263157894737,0.176454176556466,0.0519524849308421,-1.37031017393099,0.965,0.127,0.254,0.741794871794872,0.256686086985143,0.415227493652437,"avoiding","within_date",TRUE,NA,NA,"Ceratocystiopsis"
"genus","Hylastes opacus","Ophiostomatales (unclassified genus)",69,8,7,4,4,3,58,0.363636363636364,0.220765144476999,0.0995624254499511,1.43499134853022,0.169,0.969,0.338,0.885238095238095,0.0024316458354707,0.0173385788449059,"co-occurring","within_date",TRUE,NA,NA,"Ophiostomatales (unclassified genus)"
"genus","Hylastes opacus","Raffaelea",69,8,10,4,4,6,55,0.285714285714286,0.191178620984697,0.0817508101149681,1.15638810914095,0.2415,0.9515,0.483,1,0.0124541936229005,0.0547984519407621,"co-occurring","within_date",TRUE,NA,NA,"Raffaelea"
"genus","Hylastes opacus","Grosmannia",69,8,18,5,3,13,48,0.238095238095238,0.198255307117372,0.0627653379806746,0.634744147958434,0.391,0.869,0.782,1,0.0243695043939962,0.0765898709525595,"co-occurring","within_date",TRUE,NA,NA,"Grosmannia"
"genus","Hylastes opacus","Leptographium",69,8,20,4,4,16,45,0.166666666666667,0.130625859983581,0.0527620909593474,0.68308147057429,0.3815,0.876,0.763,1,0.216788762230434,0.372605685083559,"co-occurring","within_date",TRUE,NA,NA,"Leptographium"
"genus","Hylastes opacus","Sporothrix",69,8,34,6,2,28,33,0.166666666666667,0.16848684152971,0.0314780010170034,-0.0578237119333021,0.7145,0.6865,1,1,0.150551589876704,0.29217339988814,"avoiding","within_date",TRUE,NA,NA,"Sporothrix"
"genus","Hylastes opacus","Any Ophiostomatales",69,8,44,7,1,37,24,0.155555555555556,0.152848240339722,0.0201974902538276,0.1340421597837,0.691,0.7745,1,1,0.242621630350402,0.401983305276514,"co-occurring","within_date",TRUE,NA,NA,"Any Ophiostomatales"
"genus","Hylastes opacus","Ophiostoma",69,8,23,4,4,19,42,0.148148148148148,0.171082859799102,0.0469409223861703,-0.488586727424656,0.832,0.521,1,1,0.426246831090497,0.578853721234008,"avoiding","within_date",TRUE,NA,NA,"Ophiostoma"
"genus","Hylastes opacus","Graphilbum",69,8,20,3,5,17,44,0.12,0.165904996235379,0.0526762870827199,-0.871454667321029,0.918,0.345,0.69,1,0.68224125322882,0.806952019948067,"avoiding","within_date",TRUE,NA,NA,"Graphilbum"
"genus","Hylastes opacus","Ceratocystiopsis",69,8,21,2,6,19,42,0.0740740740740741,0.119403904762453,0.0486657844764436,-0.931451761767458,0.928,0.3195,0.639,1,1,1,"avoiding","within_date",TRUE,NA,NA,"Ceratocystiopsis"
"genus","Hylastes opacus","Hawksworthiomyces",69,8,10,1,7,9,52,0.0588235294117647,0.0441478091987181,0.0408057106540453,0.359648685878033,0.624,0.8965,1,1,1,1,"co-occurring","within_date",TRUE,NA,NA,"Hawksworthiomyces"
"genus","Hylesinus aculeatus","Grosmannia",69,6,18,5,1,13,50,0.263157894736842,0.151169743192297,0.0615868025042258,1.8183790518571,0.096,0.9885,0.192,0.741794871794872,0.00379998003294563,0.0232221002013344,"co-occurring","within_date",TRUE,NA,NA,"Grosmannia"
"genus","Hylesinus aculeatus","Ophiostomatales (unclassified genus)",69,6,7,2,4,5,58,0.181818181818182,0.170830743654658,0.100333926452811,0.109508703107433,0.6335,0.7835,1,1,0.109327789294723,0.226906732498481,"co-occurring","within_date",TRUE,NA,NA,"Ophiostomatales (unclassified genus)"
"genus","Hylesinus aculeatus","Raffaelea",69,6,10,2,4,8,55,0.142857142857143,0.149642520227812,0.0843399233699425,-0.080452733409613,0.6875,0.702,1,1,0.206512012532263,0.360576529818237,"avoiding","within_date",TRUE,NA,NA,"Raffaelea"
"genus","Hylesinus aculeatus","Sporothrix",69,6,34,5,1,29,34,0.142857142857143,0.122561034805084,0.0297240702944339,0.682817253862413,0.446,0.895,0.892,1,0.106000099835272,0.225344798605595,"co-occurring","within_date",TRUE,NA,NA,"Sporothrix"
"genus","Hylesinus aculeatus","Any Ophiostomatales",69,6,44,6,0,38,25,0.136363636363636,0.112602328037751,0.0194218596801415,1.22343116041461,0.306,1,0.612,1,0.0798638129439366,0.190978683126805,"co-occurring","within_date",TRUE,NA,NA,"Any Ophiostomatales"
"genus","Hylesinus aculeatus","Graphilbum",69,6,20,3,3,17,46,0.130434782608696,0.122562449114639,0.0505531413297316,0.155723923122981,0.601,0.767,1,1,0.346047938014575,0.520757543945272,"co-occurring","within_date",TRUE,NA,NA,"Graphilbum"
"genus","Hylesinus aculeatus","Leptographium",69,6,20,3,3,17,46,0.130434782608696,0.101252692975512,0.0509533129328814,0.572722124499035,0.4315,0.862,0.863,1,0.346047938014575,0.520757543945272,"co-occurring","within_date",TRUE,NA,NA,"Leptographium"
"genus","Hylesinus aculeatus","Ceratocystiopsis",69,6,21,3,3,18,45,0.125,0.09038713923265,0.0452620164341078,0.764722022885109,0.3695,0.9,0.739,1,0.359177477483009,0.526793633641746,"co-occurring","within_date",TRUE,NA,NA,"Ceratocystiopsis"
"genus","Hylesinus aculeatus","Ophiostoma",69,6,23,3,3,20,43,0.115384615384615,0.124253067987869,0.0444140047671887,-0.199676940860002,0.7475,0.6365,1,1,0.392603582764909,0.560862261092727,"avoiding","within_date",TRUE,NA,NA,"Ophiostoma"
"genus","Hylesinus aculeatus","Hawksworthiomyces",69,6,10,1,5,9,54,0.0666666666666667,0.040719627212874,0.0470220842532026,0.551805388167698,0.496,0.904,0.992,1,1,1,"co-occurring","within_date",TRUE,NA,NA,"Hawksworthiomyces"
"genus","Ips grandicollis","Leptographium",69,19,20,11,8,9,41,0.392857142857143,0.1639561247659,0.0591128605096775,3.87227104419637,0.003,1,0.006,0.0825,0.00230429938235522,0.0173385788449059,"co-occurring","within_date",FALSE,NA,NA,"Leptographium"
"genus","Ips grandicollis","Ophiostoma",69,19,23,10,9,13,37,0.3125,0.187316932735246,0.056078080429187,2.23229943512117,0.04,0.9895,0.08,0.55,0.0477634480471936,0.125094744885507,"co-occurring","within_date",FALSE,NA,NA,"Ophiostoma"
"genus","Ips grandicollis","Sporothrix",69,19,34,12,7,22,28,0.292682926829268,0.22107520471422,0.0480487752767775,1.49031315996221,0.118,0.9635,0.236,0.741794871794872,0.185228684699618,0.334018939622262,"co-occurring","within_date",FALSE,NA,NA,"Sporothrix"
"genus","Ips grandicollis","Any Ophiostomatales",69,19,44,14,5,30,20,0.285714285714286,0.226705976343476,0.038934205664279,1.51559042656796,0.1195,0.9685,0.239,0.741794871794872,0.402684165236973,0.567887925334193,"co-occurring","within_date",FALSE,NA,NA,"Any Ophiostomatales"
"genus","Ips grandicollis","Graphilbum",69,19,20,8,11,12,38,0.258064516129032,0.169009746696092,0.0576428175942294,1.54494129797458,0.113,0.964,0.226,0.741794871794872,0.1513989435784,0.29217339988814,"co-occurring","within_date",FALSE,NA,NA,"Graphilbum"
"genus","Ips grandicollis","Ceratocystiopsis",69,19,21,8,11,13,37,0.25,0.168896201511727,0.0569264859740787,1.42471113578315,0.1315,0.955,0.263,0.741794871794872,0.24484437685024,0.401983305276514,"co-occurring","within_date",FALSE,NA,NA,"Ceratocystiopsis"
"genus","Ips grandicollis","Grosmannia",69,19,18,7,12,11,39,0.233333333333333,0.147394971563679,0.0493229845643013,1.74235931845565,0.0865,0.98,0.173,0.741794871794872,0.231851967443854,0.392364867981907,"co-occurring","within_date",FALSE,NA,NA,"Grosmannia"
"genus","Ips grandicollis","Ophiostomatales (unclassified genus)",69,19,7,4,15,3,47,0.181818181818182,0.0910335687324188,0.0465306333257906,1.95107194114729,0.0865,0.9915,0.173,0.741794871794872,0.084920865420541,0.19461031658874,"co-occurring","within_date",FALSE,NA,NA,"Ophiostomatales (unclassified genus)"
"genus","Ips grandicollis","Hawksworthiomyces",69,19,10,3,16,7,43,0.115384615384615,0.0974130461005415,0.0538044353237796,0.334016502095527,0.4935,0.787,0.987,1,1,1,"co-occurring","within_date",FALSE,NA,NA,"Hawksworthiomyces"
"genus","Ips grandicollis","Raffaelea",69,19,10,2,17,8,42,0.0740740740740741,0.101950791183668,0.0479845640337019,-0.58095176378001,0.8445,0.465,0.93,1,0.715356626135887,0.837119456116464,"avoiding","within_date",FALSE,NA,NA,"Raffaelea"
"genus","Ips pini","Graphilbum",69,5,20,3,2,17,47,0.136363636363636,0.0764341798228296,0.0467036622760271,1.2831853781961,0.218,0.964,0.436,1,0.141793580698799,0.283587161397597,"co-occurring","within_date",FALSE,NA,NA,"Graphilbum"
"genus","Ips pini","Ceratocystiopsis",69,5,21,3,2,18,46,0.130434782608696,0.083970291187379,0.0486543937737873,0.954990655876789,0.2945,0.9215,0.589,1,0.160863719248267,0.300731080870057,"co-occurring","within_date",FALSE,NA,NA,"Ceratocystiopsis"
"genus","Ips pini","Grosmannia",69,5,18,2,3,16,48,0.0952380952380952,0.0651009487427714,0.041886203404955,0.719500552579532,0.4275,0.908,0.855,1,0.599751319413876,0.741265675680072,"co-occurring","within_date",FALSE,NA,NA,"Grosmannia"
"genus","Ips pini","Any Ophiostomatales",69,5,44,4,1,40,24,0.0888888888888889,0.0818907999818885,0.0221370973449855,0.316124955225242,0.603,0.798,1,1,0.64646568456165,0.79012472557535,"co-occurring","within_date",FALSE,NA,NA,"Any Ophiostomatales"
"genus","Ips pini","Sporothrix",69,5,34,3,2,31,33,0.0833333333333333,0.0701158139505015,0.0289150109366346,0.457116181342527,0.5175,0.8435,1,1,0.673289073029501,0.806052555086811,"co-occurring","within_date",FALSE,NA,NA,"Sporothrix"
"genus","Ips pini","Ophiostoma",69,5,23,2,3,21,43,0.0769230769230769,0.0733272445711283,0.0423204459657848,0.0849667877993485,0.626,0.744,1,1,1,1,"co-occurring","within_date",FALSE,NA,NA,"Ophiostoma"
"genus","Ips pini","Hawksworthiomyces",69,5,10,1,4,9,55,0.0714285714285714,0.0652094278907686,0.0642317903690274,0.0968234499158797,0.6335,0.8,1,1,0.554533059667235,0.693166324584044,"co-occurring","within_date",FALSE,NA,NA,"Hawksworthiomyces"
"genus","Ips pini","Raffaelea",69,5,10,1,4,9,55,0.0714285714285714,0.0578792143324408,0.0567062133957059,0.238939549738242,0.6105,0.8425,1,1,0.554533059667235,0.693166324584044,"co-occurring","within_date",FALSE,NA,NA,"Raffaelea"
"genus","Ips pini","Leptographium",69,5,20,1,4,19,45,0.0416666666666667,0.0628047295810527,0.0440586336733862,-0.479771185622456,0.838,0.551,1,1,1,1,"avoiding","within_date",FALSE,NA,NA,"Leptographium"
"genus","Ips pini","Ophiostomatales (unclassified genus)",69,5,7,0,5,7,57,0,0.0560825867479203,0.062111672834064,-0.902931513336457,1,0.48,0.96,1,1,1,"avoiding","within_date",FALSE,NA,NA,"Ophiostomatales (unclassified genus)"
"genus","Pityogenes hopkinsi","Graphilbum",69,19,20,14,5,6,44,0.56,0.22828942331684,0.0596044789052064,5.56519548154604,5e-04,1,0.001,0.0275,1.67095737617325e-06,0.000183805311379057,"co-occurring","within_date",TRUE,NA,NA,"Graphilbum"
"genus","Pityogenes hopkinsi","Ophiostoma",69,19,23,13,6,10,40,0.448275862068966,0.248297691971566,0.059800378411179,3.34409539555716,0.0045,0.999,0.009,0.11,0.000347536390986333,0.00382290030084966,"co-occurring","within_date",TRUE,NA,NA,"Ophiostoma"
"genus","Pityogenes hopkinsi","Leptographium",69,19,20,12,7,8,42,0.444444444444444,0.206688266708309,0.0579503812805998,4.10275433020714,5e-04,1,0.001,0.0275,0.000259059405672516,0.00382290030084966,"co-occurring","within_date",TRUE,NA,NA,"Leptographium"
"genus","Pityogenes hopkinsi","Sporothrix",69,19,34,16,3,18,32,0.432432432432432,0.280219502183241,0.0476202515740715,3.19639072070903,0.005,0.9995,0.01,0.11,0.000402058969674789,0.00402058969674789,"co-occurring","within_date",TRUE,NA,NA,"Sporothrix"
"genus","Pityogenes hopkinsi","Any Ophiostomatales",69,19,44,19,0,25,25,0.431818181818182,0.291742444411722,0.0372982389381473,3.75555901281966,5e-04,1,0.001,0.0275,4.06607353173474e-05,0.000935645502741736,"co-occurring","within_date",TRUE,NA,NA,"Any Ophiostomatales"
"genus","Pityogenes hopkinsi","Ceratocystiopsis",69,19,21,12,7,9,41,0.428571428571429,0.186133727281983,0.0539634946054261,4.49262419089271,0.001,1,0.002,0.0366666666666667,0.000775971156452571,0.00711306893414857,"co-occurring","within_date",TRUE,NA,NA,"Ceratocystiopsis"
"genus","Pityogenes hopkinsi","Grosmannia",69,19,18,9,10,9,41,0.321428571428571,0.266177136597887,0.0628401377567378,0.879237964827025,0.292,0.898,0.584,1,0.0287037883736584,0.0853355870568224,"co-occurring","within_date",TRUE,NA,NA,"Grosmannia"
"genus","Pityogenes hopkinsi","Raffaelea",69,19,10,6,13,4,46,0.260869565217391,0.204876112533964,0.0636131080179677,0.880218785530991,0.3,0.8975,0.6,1,0.021566775884163,0.0741357921018103,"co-occurring","within_date",TRUE,NA,NA,"Raffaelea"
"genus","Pityogenes hopkinsi","Ophiostomatales (unclassified genus)",69,19,7,4,15,3,47,0.181818181818182,0.18336785320355,0.0578466440120008,-0.0267893049257461,0.6665,0.698,1,1,0.084920865420541,0.19461031658874,"avoiding","within_date",TRUE,NA,NA,"Ophiostomatales (unclassified genus)"
"genus","Pityogenes hopkinsi","Hawksworthiomyces",69,19,10,4,15,6,44,0.16,0.0872295842936596,0.0467332671341543,1.55714376864435,0.1395,0.9745,0.279,0.748536585365854,0.445364014161838,0.59743953119271,"co-occurring","within_date",TRUE,NA,NA,"Hawksworthiomyces"
"genus","Xyleborinus attenuatus","Grosmannia",69,24,18,13,11,5,40,0.448275862068966,0.35264583892209,0.0438267158824596,2.18200294549446,0.0525,0.9945,0.105,0.5775,0.000294641253513014,0.00382290030084966,"co-occurring","within_date",TRUE,NA,NA,"Grosmannia"
"genus","Xyleborinus attenuatus","Any Ophiostomatales",69,24,44,21,3,23,22,0.446808510638298,0.398268324065567,0.0299394265472107,1.62127976954364,0.13,0.9855,0.26,0.741794871794872,0.00348571614556371,0.0225546338830593,"co-occurring","within_date",TRUE,NA,NA,"Any Ophiostomatales"
"genus","Xyleborinus attenuatus","Sporothrix",69,24,34,16,8,18,27,0.380952380952381,0.324699710648073,0.033228752194893,1.69289144456509,0.113,0.9825,0.226,0.741794871794872,0.0449472246879217,0.120590115016375,"co-occurring","within_date",TRUE,NA,NA,"Sporothrix"
"genus","Xyleborinus attenuatus","Leptographium",69,24,20,12,12,8,37,0.375,0.250150956821942,0.0416689353339098,2.99621389837759,0.0085,1,0.017,0.17,0.0108026010176985,0.0535993876344535,"co-occurring","within_date",TRUE,NA,NA,"Leptographium"
"genus","Xyleborinus attenuatus","Raffaelea",69,24,10,8,16,2,43,0.307692307692308,0.261061886675727,0.0426725504188296,1.09274980189617,0.2825,0.9525,0.565,1,0.00232011746984478,0.0173385788449059,"co-occurring","within_date",TRUE,NA,NA,"Raffaelea"
"genus","Xyleborinus attenuatus","Ophiostoma",69,24,23,11,13,12,33,0.305555555555556,0.275057707802553,0.0394733411416663,0.772618857966655,0.339,0.8925,0.678,1,0.118649286694861,0.241692991415458,"co-occurring","within_date",TRUE,NA,NA,"Ophiostoma"
"genus","Xyleborinus attenuatus","Graphilbum",69,24,20,10,14,10,35,0.294117647058824,0.262627394621692,0.0402065196870437,0.783212590451577,0.3455,0.8885,0.691,1,0.103349548068589,0.225344798605595,"co-occurring","within_date",TRUE,NA,NA,"Graphilbum"
"genus","Xyleborinus attenuatus","Ophiostomatales (unclassified genus)",69,24,7,7,17,0,45,0.291666666666667,0.190346532647681,0.0392205213816167,2.58334490337693,0.0265,1,0.053,0.388666666666667,0.000320794218950496,0.00382290030084966,"co-occurring","within_date",TRUE,NA,NA,"Ophiostomatales (unclassified genus)"
"genus","Xyleborinus attenuatus","Ceratocystiopsis",69,24,21,9,15,12,33,0.25,0.215029353313081,0.0376558497736809,0.92869094435791,0.31,0.919,0.62,1,0.414892243500546,0.570476834813251,"co-occurring","within_date",TRUE,NA,NA,"Ceratocystiopsis"
"genus","Xyleborinus attenuatus","Hawksworthiomyces",69,24,10,4,20,6,39,0.133333333333333,0.106908185209188,0.0281824313786197,0.937646144476829,0.348,0.9475,0.696,1,0.729883571225281,0.845128345629273,"co-occurring","within_date",TRUE,NA,NA,"Hawksworthiomyces"
"genus","Xyloterinus politus","Any Ophiostomatales",69,22,44,18,4,26,21,0.375,0.373095171811728,0.031338478650942,0.0607824077706003,0.653,0.711,1,1,0.0583780115691844,0.145945028922961,"co-occurring","within_date",TRUE,NA,NA,"Any Ophiostomatales"
"genus","Xyloterinus politus","Sporothrix",69,22,34,15,7,19,28,0.365853658536585,0.361869710658509,0.0423746184751717,0.0940173155874088,0.6025,0.7085,1,1,0.0406055059187453,0.11452835002723,"co-occurring","within_date",TRUE,NA,NA,"Sporothrix"
"genus","Xyloterinus politus","Grosmannia",69,22,18,10,12,8,39,0.333333333333333,0.373221644299132,0.0606382860047891,-0.657807362210873,0.8475,0.3985,0.797,1,0.0185910138821605,0.0705176388633675,"avoiding","within_date",TRUE,NA,NA,"Grosmannia"
"genus","Xyloterinus politus","Graphilbum",69,22,20,10,12,10,37,0.3125,0.269104826908883,0.0433094912880881,1.00197836087382,0.289,0.932,0.578,1,0.0498694576001735,0.127573031070211,"co-occurring","within_date",TRUE,NA,NA,"Graphilbum"
"genus","Xyloterinus politus","Ophiostoma",69,22,23,10,12,13,34,0.285714285714286,0.295419497952042,0.043882191717597,-0.221165166503404,0.7375,0.605,1,1,0.175774608751533,0.322253449377811,"avoiding","within_date",TRUE,NA,NA,"Ophiostoma"
"genus","Xyloterinus politus","Leptographium",69,22,20,9,13,11,36,0.272727272727273,0.252799591038692,0.0474561605010069,0.419917698317747,0.476,0.8085,0.952,1,0.16130121610303,0.300731080870057,"co-occurring","within_date",TRUE,NA,NA,"Leptographium"
"genus","Xyloterinus politus","Raffaelea",69,22,10,6,16,4,43,0.230769230769231,0.262845529044708,0.0521235984334613,-0.615389175719025,0.858,0.448,0.896,1,0.0635865260939953,0.155433730451988,"avoiding","within_date",TRUE,NA,NA,"Raffaelea"
"genus","Xyloterinus politus","Ophiostomatales (unclassified genus)",69,22,7,5,17,2,45,0.208333333333333,0.236246608152558,0.0454600631487782,-0.614017510883608,0.8795,0.495,0.99,1,0.0297937630850273,0.0862451036671843,"avoiding","within_date",TRUE,NA,NA,"Ophiostomatales (unclassified genus)"
"genus","Xyloterinus politus","Ceratocystiopsis",69,22,21,7,15,14,33,0.194444444444444,0.212244225842837,0.0412771892286216,-0.431225617127295,0.797,0.509,1,1,1,1,"avoiding","within_date",TRUE,NA,NA,"Ceratocystiopsis"
"genus","Xyloterinus politus","Hawksworthiomyces",69,22,10,2,20,8,39,0.0666666666666667,0.0818015342752665,0.03240917107621,-0.466993357312663,0.847,0.5485,1,1,0.484172009754844,0.641673747867866,"avoiding","within_date",TRUE,NA,NA,"Hawksworthiomyces"
"species","Cyclorhipidion pelliculosum","Grosmannia francke-grosmanniae",69,13,13,8,5,5,51,0.444444444444444,0.245666886415484,0.083124672350252,2.39131839451224,0.041,0.995,0.082,0.760833333333333,0.000134195691560037,0.00572982275324147,"co-occurring","within_date",TRUE,NA,NA,"Grosmannia francke-grosmanniae"
"species","Cyclorhipidion pelliculosum","Sporothrix eucastaneae",69,13,10,6,7,4,52,0.352941176470588,0.202289282013179,0.0824109509073918,1.82805674244315,0.0915,0.9845,0.183,1,0.00199939584396605,0.036655590472711,"co-occurring","within_date",TRUE,NA,NA,"Sporothrix eucastaneae"
"species","Cyclorhipidion pelliculosum","Raffaelea arxii",69,13,9,5,8,4,52,0.294117647058824,0.19735504577194,0.0834960773355466,1.1588879906061,0.2175,0.94,0.435,1,0.00922826944369984,0.0654909444391602,"co-occurring","within_date",TRUE,NA,NA,"Raffaelea arxii"
"species","Cyclorhipidion pelliculosum","Ophiostoma denticiliatum",69,13,5,4,9,1,55,0.285714285714286,0.135623912473366,0.0615821882055594,2.43723676625331,0.0395,0.998,0.079,0.760833333333333,0.0036772658446896,0.0462243833622236,"co-occurring","within_date",TRUE,NA,NA,"Ophiostoma denticiliatum"
"species","Cyclorhipidion pelliculosum","Raffaelea crossotarsi",69,13,3,3,10,0,56,0.230769230769231,0.0832243960808228,0.0612045987326319,2.41068216675919,0.0555,1,0.111,0.842068965517241,0.0054586403023247,0.0500375361046431,"co-occurring","within_date",TRUE,NA,NA,"Raffaelea crossotarsi"
"species","Cyclorhipidion pelliculosum","Grosmannia cucullata",69,13,4,3,10,1,55,0.214285714285714,0.108107808482996,0.0661161607340883,1.60592969440185,0.152,0.9845,0.304,1,0.0193533610718784,0.0969710138698955,"co-occurring","within_date",TRUE,NA,NA,"Grosmannia cucullata"
"species","Cyclorhipidion pelliculosum","Ophiostoma pallidulum",69,13,7,3,10,4,52,0.176470588235294,0.143250780385525,0.0660675509206178,0.502815790609272,0.485,0.859,0.97,1,0.117661373439707,0.304897599173293,"co-occurring","within_date",TRUE,NA,NA,"Ophiostoma pallidulum"
"species","Cyclorhipidion pelliculosum","Sporothrix rossii",69,13,16,4,9,12,44,0.16,0.158823117192739,0.0614340245438554,0.0191568567418415,0.608,0.684,1,1,0.480829079979224,0.729533776520202,"co-occurring","within_date",TRUE,NA,NA,"Sporothrix rossii"
"species","Cyclorhipidion pelliculosum","Ophiostoma sparsiannulatum",69,13,3,2,11,1,55,0.142857142857143,0.0584196860334923,0.0463573106316857,1.82144856276319,0.1535,1,0.307,1,0.0888269649196473,0.26408016597733,"co-occurring","within_date",TRUE,NA,NA,"Ophiostoma sparsiannulatum"
"species","Cyclorhipidion pelliculosum","Leptographium gracile",69,13,13,3,10,10,46,0.130434782608696,0.149058312279958,0.0648273634566036,-0.287278838414109,0.7405,0.571,1,1,0.699504605302463,0.910597711044626,"avoiding","within_date",TRUE,NA,NA,"Leptographium gracile"
"species","Cyclorhipidion pelliculosum","Grosmannia olivacea",69,13,5,2,11,3,53,0.125,0.0936784568754973,0.0654085519769813,0.47886006000447,0.4735,0.8505,0.947,1,0.235255945337252,0.464771729587358,"co-occurring","within_date",TRUE,NA,NA,"Grosmannia olivacea"
"species","Cyclorhipidion pelliculosum","Ophiostoma denticulatum",69,13,6,2,11,4,52,0.117647058823529,0.120061647303578,0.0671842619644151,-0.0359397931814366,0.6775,0.703,1,1,0.314916784364622,0.549854702858864,"avoiding","within_date",TRUE,NA,NA,"Ophiostoma denticulatum"
"species","Cyclorhipidion pelliculosum","Ophiostoma undulatum",69,13,6,2,11,4,52,0.117647058823529,0.121690589692606,0.0696282925285192,-0.058073101066219,0.683,0.7015,1,1,0.314916784364622,0.549854702858864,"avoiding","within_date",TRUE,NA,NA,"Ophiostoma undulatum"
"species","Cyclorhipidion pelliculosum","Leptographium lundbergii",69,13,7,2,11,5,51,0.111111111111111,0.0906831554752282,0.0540790041008066,0.377742822293915,0.5445,0.8395,1,1,0.608776768332252,0.824191989868948,"co-occurring","within_date",TRUE,NA,NA,"Leptographium lundbergii"
"species","Cyclorhipidion pelliculosum","Ceratocystiopsis rollhanseniana",69,13,3,1,12,2,54,0.0666666666666667,0.0898830367564718,0.0589354243565543,-0.393928954330558,0.8435,0.6185,1,1,0.470931786082376,0.719479117625852,"avoiding","within_date",TRUE,NA,NA,"Ceratocystiopsis rollhanseniana"
"species","Cyclorhipidion pelliculosum","Ophiostoma karelicum",69,13,3,1,12,2,54,0.0666666666666667,0.0536887491364726,0.0474882879986651,0.273286700303007,0.642,0.857,1,1,0.470931786082376,0.719479117625852,"co-occurring","within_date",TRUE,NA,NA,"Ophiostoma karelicum"
"species","Cyclorhipidion pelliculosum","Raffaelea subfusca",69,13,3,1,12,2,54,0.0666666666666667,0.0590009290359459,0.0482337520571666,0.158928909814757,0.6885,0.828,1,1,0.470931786082376,0.719479117625852,"co-occurring","within_date",TRUE,NA,NA,"Raffaelea subfusca"
"species","Cyclorhipidion pelliculosum","Ceratocystiopsis synnemata",69,13,5,1,12,4,52,0.0588235294117647,0.0898913742585587,0.062285396266706,-0.498798220914602,0.8415,0.55,1,1,1,1,"avoiding","within_date",TRUE,NA,NA,"Ceratocystiopsis synnemata"
"species","Cyclorhipidion pelliculosum","Ceratocystiopsis manitobensis",69,13,14,1,12,13,43,0.0384615384615385,0.0817905661556841,0.0459077061825486,-0.943829071351354,0.9375,0.335,0.67,1,0.278157801867872,0.514241314377578,"avoiding","within_date",TRUE,NA,NA,"Ceratocystiopsis manitobensis"
"species","Cyclorhipidion pelliculosum","Ophiostoma adjuncti",69,13,7,0,13,7,49,0,0.0417606464050747,0.0384951000765105,-1.08483018155749,1,0.3825,0.765,1,0.332619193037371,0.559456408957306,"avoiding","within_date",TRUE,NA,NA,"Ophiostoma adjuncti"
"species","Dendroctonus valens","Leptographium gracile",69,14,13,8,6,5,50,0.421052631578947,0.14318694495166,0.0692222569554194,4.01410902863567,0.002,1,0.004,0.22,0.000288644276971136,0.0090716772762357,"co-occurring","within_date",TRUE,NA,NA,"Leptographium gracile"
"species","Dendroctonus valens","Ophiostoma pallidulum",69,14,7,6,8,1,54,0.4,0.138726019356429,0.0634055841904172,4.12067776016262,0.0025,1,0.005,0.22,0.000156267893270222,0.00572982275324147,"co-occurring","within_date",TRUE,NA,NA,"Ophiostoma pallidulum"
"species","Dendroctonus valens","Ophiostoma denticulatum",69,14,6,5,9,1,54,0.333333333333333,0.110116781325453,0.0663925543997031,3.36207205802099,0.0145,0.9995,0.029,0.524615384615385,0.000943571783028591,0.0188714356605718,"co-occurring","within_date",TRUE,NA,NA,"Ophiostoma denticulatum"
"species","Dendroctonus valens","Sporothrix rossii",69,14,16,7,7,9,46,0.304347826086957,0.161804599787645,0.0649037943954531,2.19622331216583,0.0515,0.9895,0.103,0.809285714285714,0.0135452645127125,0.0818329243927008,"co-occurring","within_date",TRUE,NA,NA,"Sporothrix rossii"
"species","Dendroctonus valens","Raffaelea arxii",69,14,9,5,9,4,51,0.277777777777778,0.16163826136595,0.0704811061090872,1.64781063781934,0.1225,0.977,0.245,1,0.0135311703959223,0.0818329243927008,"co-occurring","within_date",TRUE,NA,NA,"Raffaelea arxii"
"species","Dendroctonus valens","Grosmannia olivacea",69,14,5,4,10,1,54,0.266666666666667,0.0793628023161914,0.0605372530740257,3.09402648517001,0.0155,1,0.031,0.524615384615385,0.00507691720426003,0.0485618167364003,"co-occurring","within_date",TRUE,NA,NA,"Grosmannia olivacea"
"species","Dendroctonus valens","Sporothrix eucastaneae",69,14,10,5,9,5,50,0.263157894736842,0.167286030435755,0.0693729658877277,1.38197730303538,0.1635,0.9615,0.327,1,0.0237720746622119,0.111390673473874,"co-occurring","within_date",TRUE,NA,NA,"Sporothrix eucastaneae"
"species","Dendroctonus valens","Leptographium lundbergii",69,14,7,4,10,3,52,0.235294117647059,0.0964495341065802,0.0597221115030496,2.32484384838585,0.051,0.9925,0.102,0.809285714285714,0.0272526434324541,0.115807785931494,"co-occurring","within_date",TRUE,NA,NA,"Leptographium lundbergii"
"species","Dendroctonus valens","Grosmannia francke-grosmanniae",69,14,13,5,9,8,47,0.227272727272727,0.205232350451246,0.0710196481841975,0.310341960077253,0.487,0.771,0.974,1,0.119241968133597,0.3050375928999,"co-occurring","within_date",TRUE,NA,NA,"Grosmannia francke-grosmanniae"
"species","Dendroctonus valens","Ceratocystiopsis rollhanseniana",69,14,3,3,11,0,55,0.214285714285714,0.0805655804092525,0.0530037437723326,2.52284318728184,0.0415,1,0.083,0.760833333333333,0.00694736038477689,0.0566081216537376,"co-occurring","within_date",TRUE,NA,NA,"Ceratocystiopsis rollhanseniana"
"species","Dendroctonus valens","Ophiostoma denticiliatum",69,14,5,3,11,2,53,0.1875,0.124547515354317,0.0579061334146994,1.08714709363935,0.298,0.962,0.596,1,0.0531740275604077,0.182785719738902,"co-occurring","within_date",TRUE,NA,NA,"Ophiostoma denticiliatum"
"species","Dendroctonus valens","Ceratocystiopsis manitobensis",69,14,14,4,10,10,45,0.166666666666667,0.097951526127353,0.050596003507604,1.35811399667143,0.175,0.9555,0.35,1,0.460047337652862,0.719479117625852,"co-occurring","within_date",TRUE,NA,NA,"Ceratocystiopsis manitobensis"
"species","Dendroctonus valens","Ophiostoma adjuncti",69,14,7,3,11,4,51,0.166666666666667,0.0514733889132385,0.0439444753780021,2.62133696585423,0.033,0.9965,0.066,0.691428571428572,0.142318299805321,0.336666945776029,"co-occurring","within_date",TRUE,NA,NA,"Ophiostoma adjuncti"
"species","Dendroctonus valens","Raffaelea crossotarsi",69,14,3,2,12,1,54,0.133333333333333,0.0602313061292556,0.052240180097809,1.39934485423307,0.2075,0.9725,0.415,1,0.102473565675459,0.278323264797543,"co-occurring","within_date",TRUE,NA,NA,"Raffaelea crossotarsi"
"species","Dendroctonus valens","Raffaelea subfusca",69,14,3,2,12,1,54,0.133333333333333,0.0526033850258466,0.0438181807124934,1.84238475890144,0.1485,1,0.297,1,0.102473565675459,0.278323264797543,"co-occurring","within_date",TRUE,NA,NA,"Raffaelea subfusca"
"species","Dendroctonus valens","Ophiostoma undulatum",69,14,6,2,12,4,51,0.111111111111111,0.106574719616924,0.064364415328289,0.0704798058220451,0.626,0.7405,1,1,0.593729720960415,0.816378366320571,"co-occurring","within_date",TRUE,NA,NA,"Ophiostoma undulatum"
"species","Dendroctonus valens","Ophiostoma karelicum",69,14,3,1,13,2,53,0.0625,0.0497189070725842,0.0482708791755936,0.264778540306308,0.6065,0.844,1,1,0.499274726113677,0.742165133412223,"co-occurring","within_date",TRUE,NA,NA,"Ophiostoma karelicum"
"species","Dendroctonus valens","Ophiostoma sparsiannulatum",69,14,3,1,13,2,53,0.0625,0.0504627313656831,0.0425806236793565,0.282693572667248,0.663,0.8725,1,1,0.499274726113677,0.742165133412223,"co-occurring","within_date",TRUE,NA,NA,"Ophiostoma sparsiannulatum"
"species","Dendroctonus valens","Grosmannia cucullata",69,14,4,1,13,3,52,0.0588235294117647,0.0965143285928685,0.0619829069068395,-0.608083761507881,0.875,0.4995,0.999,1,1,1,"avoiding","within_date",TRUE,NA,NA,"Grosmannia cucullata"
"species","Dendroctonus valens","Ceratocystiopsis synnemata",69,14,5,0,14,5,50,0,0.0703426876837122,0.0555338015736803,-1.26666436819356,1,0.2345,0.469,1,0.575142191854029,0.805931733808194,"avoiding","within_date",TRUE,NA,NA,"Ceratocystiopsis synnemata"
"species","Dryocoetes autographus","Ophiostoma denticulatum",69,14,6,3,11,3,52,0.176470588235294,0.0511065646342273,0.0442452648680039,2.83338847614684,0.028,1,0.056,0.648421052631579,0.0930044470740925,0.269223399425005,"co-occurring","within_date",FALSE,NA,NA,"Ophiostoma denticulatum"
"species","Dryocoetes autographus","Leptographium gracile",69,14,13,4,10,9,46,0.173913043478261,0.103015790025927,0.0533868694089097,1.32799046352214,0.184,0.9565,0.368,1,0.442831455664983,0.700884318318677,"co-occurring","within_date",FALSE,NA,NA,"Leptographium gracile"
"species","Dryocoetes autographus","Ophiostoma adjuncti",69,14,7,3,11,4,51,0.166666666666667,0.09730605756955,0.0620577211755144,1.1176789573202,0.2425,0.9445,0.485,1,0.142318299805321,0.336666945776029,"co-occurring","within_date",FALSE,NA,NA,"Ophiostoma adjuncti"
"species","Dryocoetes autographus","Ceratocystiopsis manitobensis",69,14,14,3,11,11,44,0.12,0.0988910998859449,0.0500332142533649,0.421897741911224,0.4695,0.819,0.939,1,1,1,"co-occurring","within_date",FALSE,NA,NA,"Ceratocystiopsis manitobensis"
"species","Dryocoetes autographus","Grosmannia olivacea",69,14,5,2,12,3,52,0.117647058823529,0.0558134459386568,0.0469689091546016,1.31647964574486,0.2445,0.975,0.489,1,0.265602931633393,0.50810995616823,"co-occurring","within_date",FALSE,NA,NA,"Grosmannia olivacea"
"species","Dryocoetes autographus","Sporothrix rossii",69,14,16,3,11,13,42,0.111111111111111,0.0904961272943633,0.0486597745649892,0.423655555354346,0.4645,0.821,0.929,1,1,1,"co-occurring","within_date",FALSE,NA,NA,"Sporothrix rossii"
"species","Dryocoetes autographus","Leptographium lundbergii",69,14,7,1,13,6,49,0.05,0.0455148626945047,0.0406476070944613,0.110341976467944,0.66,0.7935,1,1,1,1,"co-occurring","within_date",FALSE,NA,NA,"Leptographium lundbergii"
"species","Dryocoetes autographus","Ophiostoma pallidulum",69,14,7,1,13,6,49,0.05,0.0301176904241591,0.0331645403276677,0.599505055079989,0.5075,0.914,1,1,1,1,"co-occurring","within_date",FALSE,NA,NA,"Ophiostoma pallidulum"
"species","Dryocoetes autographus","Sporothrix eucastaneae",69,14,10,1,13,9,46,0.0434782608695652,0.0609563392650586,0.0389903594441538,-0.448266665007984,0.856,0.5855,1,1,0.674153046072605,0.882819465095078,"avoiding","within_date",FALSE,NA,NA,"Sporothrix eucastaneae"
"species","Dryocoetes autographus","Ceratocystiopsis rollhanseniana",69,14,3,0,14,3,52,0,0,0,NA,1,1,1,1,1,1,"co-occurring","within_date",FALSE,NA,NA,"Ceratocystiopsis rollhanseniana"
"species","Dryocoetes autographus","Ceratocystiopsis synnemata",69,14,5,0,14,5,50,0,0.0648134524778744,0.0488140394316462,-1.32776252964338,1,0.2335,0.467,1,0.575142191854029,0.805931733808194,"avoiding","within_date",FALSE,NA,NA,"Ceratocystiopsis synnemata"
"species","Dryocoetes autographus","Grosmannia cucullata",69,14,4,0,14,4,51,0,0,0,NA,1,1,1,1,0.575142191854029,0.805931733808194,"co-occurring","within_date",FALSE,NA,NA,"Grosmannia cucullata"
"species","Dryocoetes autographus","Grosmannia francke-grosmanniae",69,14,13,0,14,13,42,0,0.025293415938739,0.024818899712636,-1.01911914837471,1,0.4345,0.869,1,0.0561754624240655,0.190132334358375,"avoiding","within_date",FALSE,NA,NA,"Grosmannia francke-grosmanniae"
"species","Dryocoetes autographus","Ophiostoma denticiliatum",69,14,5,0,14,5,50,0,0,0,NA,1,1,1,1,0.575142191854029,0.805931733808194,"co-occurring","within_date",FALSE,NA,NA,"Ophiostoma denticiliatum"
"species","Dryocoetes autographus","Ophiostoma karelicum",69,14,3,0,14,3,52,0,0.0108804402201101,0.023704949635963,-0.458994445767699,1,0.826,1,1,1,1,"avoiding","within_date",FALSE,NA,NA,"Ophiostoma karelicum"
"species","Dryocoetes autographus","Ophiostoma sparsiannulatum",69,14,3,0,14,3,52,0,0.0284204602301151,0.0311294228593442,-0.912977421988537,1,0.5455,1,1,1,1,"avoiding","within_date",FALSE,NA,NA,"Ophiostoma sparsiannulatum"
"species","Dryocoetes autographus","Ophiostoma undulatum",69,14,6,0,14,6,49,0,0.00839893631026037,0.0192793435535874,-0.435644309512682,1,0.8405,1,1,0.334831994121464,0.559456408957306,"avoiding","within_date",FALSE,NA,NA,"Ophiostoma undulatum"
"species","Dryocoetes autographus","Raffaelea arxii",69,14,9,0,14,9,46,0,0.0148028559734414,0.0213063285926309,-0.694763337995324,1,0.6745,1,1,0.187172983060235,0.395942848781267,"avoiding","within_date",FALSE,NA,NA,"Raffaelea arxii"
"species","Dryocoetes autographus","Raffaelea crossotarsi",69,14,3,0,14,3,52,0,0,0,NA,1,1,1,1,1,1,"co-occurring","within_date",FALSE,NA,NA,"Raffaelea crossotarsi"
"species","Dryocoetes autographus","Raffaelea subfusca",69,14,3,0,14,3,52,0,0.0277013506753377,0.0310556283985987,-0.891991310553795,1,0.557,1,1,1,1,"avoiding","within_date",FALSE,NA,NA,"Raffaelea subfusca"
"species","Heteroborips seriatus","Grosmannia francke-grosmanniae",69,21,13,13,8,0,48,0.619047619047619,0.241906285618488,0.0632011563822309,5.96731697673755,5e-04,1,0.001,0.11,5.26483943325486e-09,1.15826467531607e-06,"co-occurring","within_date",TRUE,NA,NA,"Grosmannia francke-grosmanniae"
"species","Heteroborips seriatus","Raffaelea arxii",69,21,9,9,12,0,48,0.428571428571429,0.184676712049127,0.0599838270379768,4.06600793190283,0.0015,1,0.003,0.22,5.18650500411162e-06,0.000380343700301518,"co-occurring","within_date",TRUE,NA,NA,"Raffaelea arxii"
"species","Heteroborips seriatus","Sporothrix eucastaneae",69,21,10,7,14,3,45,0.291666666666667,0.183427161551095,0.0604150182073481,1.79159931300669,0.0895,0.982,0.179,1,0.0066322404242797,0.0566081216537376,"co-occurring","within_date",TRUE,NA,NA,"Sporothrix eucastaneae"
"species","Heteroborips seriatus","Sporothrix rossii",69,21,16,8,13,8,40,0.275862068965517,0.196577499025164,0.0589097698648853,1.3458645335434,0.1655,0.955,0.331,1,0.0672350996095225,0.217525322266102,"co-occurring","within_date",TRUE,NA,NA,"Sporothrix rossii"
"species","Heteroborips seriatus","Leptographium gracile",69,21,13,7,14,6,42,0.259259259259259,0.156857666631371,0.0572223926733918,1.78953706484044,0.0855,0.979,0.171,1,0.0525734166628686,0.182785719738902,"co-occurring","within_date",TRUE,NA,NA,"Leptographium gracile"
"species","Heteroborips seriatus","Ophiostoma undulatum",69,21,6,5,16,1,47,0.227272727272727,0.111108202322506,0.0463296255910436,2.50734866660951,0.0295,1,0.059,0.649,0.00860058176735659,0.0652457927178775,"co-occurring","within_date",TRUE,NA,NA,"Ophiostoma undulatum"
"species","Heteroborips seriatus","Ophiostoma pallidulum",69,21,7,5,16,2,46,0.217391304347826,0.13792830764447,0.0485042558380043,1.63826854634672,0.1195,0.9775,0.239,1,0.0237970984239641,0.111390673473874,"co-occurring","within_date",TRUE,NA,NA,"Ophiostoma pallidulum"
"species","Heteroborips seriatus","Grosmannia cucullata",69,21,4,4,17,0,48,0.19047619047619,0.0975564480904087,0.0455416959102546,2.04032240189059,0.082,1,0.164,1,0.00692306891490004,0.0566081216537376,"co-occurring","within_date",TRUE,NA,NA,"Grosmannia cucullata"
"species","Heteroborips seriatus","Ophiostoma denticiliatum",69,21,5,4,17,1,47,0.181818181818182,0.128514156381787,0.0433487447076131,1.22965557124965,0.247,0.97,0.494,1,0.0273727494019894,0.115807785931494,"co-occurring","within_date",TRUE,NA,NA,"Ophiostoma denticiliatum"
"species","Heteroborips seriatus","Ophiostoma denticulatum",69,21,6,4,17,2,46,0.173913043478261,0.106705900728674,0.0476985625436534,1.40899723525377,0.182,0.972,0.364,1,0.064917084671255,0.213160576532479,"co-occurring","within_date",TRUE,NA,NA,"Ophiostoma denticulatum"
"species","Heteroborips seriatus","Raffaelea crossotarsi",69,21,3,3,18,0,48,0.142857142857143,0.0678377020243604,0.0396587491619544,1.89162397750936,0.108,1,0.216,1,0.0253845860213002,0.113971610707878,"co-occurring","within_date",TRUE,NA,NA,"Raffaelea crossotarsi"
"species","Heteroborips seriatus","Leptographium lundbergii",69,21,7,3,18,4,44,0.12,0.107673601110319,0.0460268570164025,0.267808833553161,0.5735,0.79,1,1,0.666711690416695,0.882819465095078,"co-occurring","within_date",TRUE,NA,NA,"Leptographium lundbergii"
"species","Heteroborips seriatus","Ceratocystiopsis manitobensis",69,21,14,3,18,11,37,0.09375,0.110122476737913,0.0444604039679798,-0.368248492517173,0.773,0.54,1,1,0.526053019441669,0.771544428514448,"avoiding","within_date",TRUE,NA,NA,"Ceratocystiopsis manitobensis"
"species","Heteroborips seriatus","Ceratocystiopsis rollhanseniana",69,21,3,2,19,1,47,0.0909090909090909,0.0802578025319831,0.0371063099404767,0.2870479008609,0.6335,0.8385,1,1,0.217773027445891,0.443611722574963,"co-occurring","within_date",TRUE,NA,NA,"Ceratocystiopsis rollhanseniana"
"species","Heteroborips seriatus","Ophiostoma sparsiannulatum",69,21,3,2,19,1,47,0.0909090909090909,0.0691119133818744,0.0386001978216789,0.564690824329783,0.5145,0.8945,1,1,0.217773027445891,0.443611722574963,"co-occurring","within_date",TRUE,NA,NA,"Ophiostoma sparsiannulatum"
"species","Heteroborips seriatus","Raffaelea subfusca",69,21,3,2,19,1,47,0.0909090909090909,0.0700604395930318,0.0395821290674634,0.526718794750148,0.5155,0.878,1,1,0.217773027445891,0.443611722574963,"co-occurring","within_date",TRUE,NA,NA,"Raffaelea subfusca"
"species","Heteroborips seriatus","Ophiostoma karelicum",69,21,3,1,20,2,46,0.0434782608695652,0.0450739203593888,0.0320729619091217,-0.0497509239821662,0.7585,0.745,1,1,1,1,"avoiding","within_date",TRUE,NA,NA,"Ophiostoma karelicum"
"species","Heteroborips seriatus","Ceratocystiopsis synnemata",69,21,5,1,20,4,44,0.04,0.0882887745397267,0.0478246926310538,-1.00970381372345,0.938,0.2985,0.597,1,1,1,"avoiding","within_date",TRUE,NA,NA,"Ceratocystiopsis synnemata"
"species","Heteroborips seriatus","Grosmannia olivacea",69,21,5,1,20,4,44,0.04,0.0768127334888984,0.044746922824455,-0.822687486988033,0.914,0.3865,0.773,1,1,1,"avoiding","within_date",TRUE,NA,NA,"Grosmannia olivacea"
"species","Heteroborips seriatus","Ophiostoma adjuncti",69,21,7,1,20,6,42,0.037037037037037,0.0689009585927622,0.0389915530222875,-0.817200626441112,0.921,0.3935,0.787,1,0.426845103974165,0.680477701987799,"avoiding","within_date",TRUE,NA,NA,"Ophiostoma adjuncti"
"species","Hylastes opacus","Grosmannia francke-grosmanniae",69,8,13,5,3,8,53,0.3125,0.240145625027332,0.0818714055835524,0.883756354944074,0.3055,0.9115,0.611,1,0.00459437611053716,0.0485618167364003,"co-occurring","within_date",TRUE,NA,NA,"Grosmannia francke-grosmanniae"
"species","Hylastes opacus","Raffaelea arxii",69,8,9,4,4,5,56,0.307692307692308,0.205158321335162,0.088784573830546,1.15486262909638,0.2415,0.9515,0.483,1,0.00788195229983687,0.061929625213004,"co-occurring","within_date",TRUE,NA,NA,"Raffaelea arxii"
"species","Hylastes opacus","Sporothrix rossii",69,8,16,5,3,11,50,0.263157894736842,0.164579545933594,0.0599402480331126,1.64461029171568,0.1265,0.977,0.253,1,0.0136314792225282,0.0818329243927008,"co-occurring","within_date",TRUE,NA,NA,"Sporothrix rossii"
"species","Hylastes opacus","Grosmannia cucullata",69,8,4,2,6,2,59,0.2,0.158979489744869,0.0949396453129869,0.432069343843654,0.534,0.876,1,1,0.0633035704990508,0.211011901663503,"co-occurring","within_date",TRUE,NA,NA,"Grosmannia cucullata"
"species","Hylastes opacus","Ophiostoma denticiliatum",69,8,5,2,6,3,58,0.181818181818182,0.248658672770734,0.111349465969294,-0.600276708744916,0.8675,0.488,0.976,1,0.0991702372013094,0.278323264797543,"avoiding","within_date",TRUE,NA,NA,"Ophiostoma denticiliatum"
"species","Hylastes opacus","Leptographium gracile",69,8,13,3,5,10,51,0.166666666666667,0.108003537372403,0.05965923186706,0.983303462991009,0.2915,0.9325,0.583,1,0.166657072282347,0.390048467043791,"co-occurring","within_date",TRUE,NA,NA,"Leptographium gracile"
"species","Hylastes opacus","Ophiostoma denticulatum",69,8,6,2,6,4,57,0.166666666666667,0.139981879051412,0.0822128749218642,0.324581613775409,0.571,0.8405,1,1,0.139800445574962,0.336666945776029,"co-occurring","within_date",TRUE,NA,NA,"Ophiostoma denticulatum"
"species","Hylastes opacus","Ophiostoma undulatum",69,8,6,2,6,4,57,0.166666666666667,0.139093206276796,0.0825602271392117,0.333979948279167,0.549,0.844,1,1,0.139800445574962,0.336666945776029,"co-occurring","within_date",TRUE,NA,NA,"Ophiostoma undulatum"
"species","Hylastes opacus","Leptographium lundbergii",69,8,7,2,6,5,56,0.153846153846154,0.124036543746403,0.0729451099396619,0.4086581009256,0.546,0.8605,1,1,0.183913243237784,0.395942848781267,"co-occurring","within_date",TRUE,NA,NA,"Leptographium lundbergii"
"species","Hylastes opacus","Ophiostoma pallidulum",69,8,7,2,6,5,56,0.153846153846154,0.21506682412135,0.095353517948876,-0.64203892622,0.8905,0.483,0.966,1,0.183913243237784,0.395942848781267,"avoiding","within_date",TRUE,NA,NA,"Ophiostoma pallidulum"
"species","Hylastes opacus","Sporothrix eucastaneae",69,8,10,2,6,8,53,0.125,0.202137146465925,0.0871585485069183,-0.885021008120641,0.9295,0.3505,0.701,1,0.326795784583521,0.557326144250966,"avoiding","within_date",TRUE,NA,NA,"Sporothrix eucastaneae"
"species","Hylastes opacus","Ceratocystiopsis rollhanseniana",69,8,3,1,7,2,59,0.1,0.164255738980604,0.0985470519812651,-0.6520310622059,0.9115,0.5215,1,1,0.313089285032637,0.549854702858864,"avoiding","within_date",TRUE,NA,NA,"Ceratocystiopsis rollhanseniana"
"species","Hylastes opacus","Raffaelea subfusca",69,8,3,1,7,2,59,0.1,0.103735200933799,0.0751531738896584,-0.0497011734898015,0.766,0.778,1,1,0.313089285032637,0.549854702858864,"avoiding","within_date",TRUE,NA,NA,"Raffaelea subfusca"
"species","Hylastes opacus","Ceratocystiopsis synnemata",69,8,5,1,7,4,57,0.0833333333333333,0.0658056300877705,0.062739876926308,0.279371017353926,0.619,0.8645,1,1,0.47064642804613,0.719479117625852,"co-occurring","within_date",TRUE,NA,NA,"Ceratocystiopsis synnemata"
"species","Hylastes opacus","Ophiostoma adjuncti",69,8,7,1,7,6,55,0.0714285714285714,0.0417763826968425,0.0417220306318052,0.710708186603093,0.5395,0.9605,1,1,1,1,"co-occurring","within_date",TRUE,NA,NA,"Ophiostoma adjuncti"
"species","Hylastes opacus","Ceratocystiopsis manitobensis",69,8,14,1,7,13,48,0.0476190476190476,0.0851740308210018,0.0473019531729174,-0.793941490421503,0.932,0.4275,0.855,1,1,1,"avoiding","within_date",TRUE,NA,NA,"Ceratocystiopsis manitobensis"
"species","Hylastes opacus","Grosmannia olivacea",69,8,5,0,8,5,56,0,0.0638705716494604,0.0595317548664546,-1.0728823934846,1,0.378,0.756,1,1,1,"avoiding","within_date",TRUE,NA,NA,"Grosmannia olivacea"
"species","Hylastes opacus","Ophiostoma karelicum",69,8,3,0,8,3,58,0,0.0574287143571777,0.0585217426948631,-0.981322696704633,1,0.47,0.94,1,1,1,"avoiding","within_date",TRUE,NA,NA,"Ophiostoma karelicum"
"species","Hylastes opacus","Ophiostoma sparsiannulatum",69,8,3,0,8,3,58,0,0.104285476071368,0.0763755054717872,-1.36543091174553,1,0.24,0.48,1,1,1,"avoiding","within_date",TRUE,NA,NA,"Ophiostoma sparsiannulatum"
"species","Hylastes opacus","Raffaelea crossotarsi",69,8,3,0,8,3,58,0,0.0681340670335158,0.0670581020182196,-1.01604526497043,1,0.4235,0.847,1,1,1,"avoiding","within_date",TRUE,NA,NA,"Raffaelea crossotarsi"
"species","Hylesinus aculeatus","Sporothrix eucastaneae",69,6,10,5,1,5,58,0.454545454545455,0.157249520531161,0.0845745498083015,3.51519381052753,0.0055,1,0.011,0.385,0.00012577842816038,0.00572982275324147,"co-occurring","within_date",TRUE,NA,NA,"Sporothrix eucastaneae"
"species","Hylesinus aculeatus","Ophiostoma denticiliatum",69,6,5,3,3,2,61,0.375,0.190966117979629,0.112335264401732,1.63825565373872,0.161,0.9875,0.322,1,0.00356016850271918,0.0462243833622236,"co-occurring","within_date",TRUE,NA,NA,"Ophiostoma denticiliatum"
"species","Hylesinus aculeatus","Grosmannia francke-grosmanniae",69,6,13,5,1,8,55,0.357142857142857,0.180815181795452,0.0786220298342015,2.24272606188426,0.0575,0.9965,0.115,0.843333333333333,0.000615528495629272,0.0150462521153822,"co-occurring","within_date",TRUE,NA,NA,"Grosmannia francke-grosmanniae"
"species","Hylesinus aculeatus","Ophiostoma pallidulum",69,6,7,3,3,4,59,0.3,0.165534155966875,0.0966498002789943,1.39126872114551,0.207,0.9785,0.414,1,0.0116051329477485,0.0797852890157711,"co-occurring","within_date",TRUE,NA,NA,"Ophiostoma pallidulum"
"species","Hylesinus aculeatus","Grosmannia cucullata",69,6,4,2,4,2,61,0.25,0.13321740235197,0.107097745734387,1.09043002583511,0.2855,0.959,0.571,1,0.0353614397207175,0.13648274979926,"co-occurring","within_date",TRUE,NA,NA,"Grosmannia cucullata"
"species","Hylesinus aculeatus","Ophiostoma denticulatum",69,6,6,2,4,4,59,0.2,0.117141904285476,0.0900761271252251,0.919867431681797,0.3345,0.9435,0.669,1,0.0814070303384443,0.252247136259968,"co-occurring","within_date",TRUE,NA,NA,"Ophiostoma denticulatum"
"species","Hylesinus aculeatus","Leptographium lundbergii",69,6,7,2,4,5,58,0.181818181818182,0.0987435637010443,0.0772670928017301,1.07516169050529,0.2895,0.955,0.579,1,0.109327789294723,0.293318459083402,"co-occurring","within_date",TRUE,NA,NA,"Leptographium lundbergii"
"species","Hylesinus aculeatus","Sporothrix rossii",69,6,16,3,3,13,50,0.157894736842105,0.122040311521429,0.0590524075032114,0.60716280396742,0.4195,0.8795,0.839,1,0.132352073623975,0.32716242918286,"co-occurring","within_date",TRUE,NA,NA,"Sporothrix rossii"
"species","Hylesinus aculeatus","Raffaelea arxii",69,6,9,2,4,7,56,0.153846153846154,0.161750080834624,0.0921313841266278,-0.0857897345556679,0.6875,0.702,1,1,0.172342673359011,0.395942848781267,"avoiding","within_date",TRUE,NA,NA,"Raffaelea arxii"
"species","Hylesinus aculeatus","Ceratocystiopsis rollhanseniana",69,6,3,1,5,2,61,0.125,0.135880440220109,0.107541226178309,-0.101174597005886,0.757,0.764,1,1,0.242069702637706,0.471286146728278,"avoiding","within_date",TRUE,NA,NA,"Ceratocystiopsis rollhanseniana"
"species","Hylesinus aculeatus","Leptographium gracile",69,6,13,2,4,11,52,0.117647058823529,0.0882736711493006,0.0613034714682781,0.479147215821673,0.463,0.8545,0.926,1,0.314916784364622,0.549854702858864,"co-occurring","within_date",TRUE,NA,NA,"Leptographium gracile"
"species","Hylesinus aculeatus","Ceratocystiopsis manitobensis",69,6,14,2,4,12,51,0.111111111111111,0.0649922484462057,0.04748714526893,0.971186252694793,0.3225,0.948,0.645,1,0.593729720960415,0.816378366320571,"co-occurring","within_date",TRUE,NA,NA,"Ceratocystiopsis manitobensis"
"species","Hylesinus aculeatus","Ceratocystiopsis synnemata",69,6,5,1,5,4,59,0.1,0.0620838196876209,0.0713060152408829,0.531738874824127,0.504,0.908,1,1,0.374574999379366,0.61959774333429,"co-occurring","within_date",TRUE,NA,NA,"Ceratocystiopsis synnemata"
"species","Hylesinus aculeatus","Ophiostoma adjuncti",69,6,7,1,5,6,57,0.0833333333333333,0.0362832931617324,0.0481394814293488,0.977369069516321,0.3955,0.966,0.791,1,0.487188727169689,0.734119999844736,"co-occurring","within_date",TRUE,NA,NA,"Ophiostoma adjuncti"
"species","Hylesinus aculeatus","Grosmannia olivacea",69,6,5,0,6,5,58,0,0.0608276360402416,0.071353018290981,-0.852488619222576,1,0.5005,1,1,1,1,"avoiding","within_date",TRUE,NA,NA,"Grosmannia olivacea"
"species","Hylesinus aculeatus","Ophiostoma karelicum",69,6,3,0,6,3,60,0,0.0523744014864576,0.0716839705813984,-0.730629191737998,1,0.6185,1,1,1,1,"avoiding","within_date",TRUE,NA,NA,"Ophiostoma karelicum"
"species","Hylesinus aculeatus","Ophiostoma sparsiannulatum",69,6,3,0,6,3,60,0,0.0852390480954763,0.0866296119469725,-0.983948169451026,1,0.4335,0.867,1,1,1,"avoiding","within_date",TRUE,NA,NA,"Ophiostoma sparsiannulatum"
"species","Hylesinus aculeatus","Ophiostoma undulatum",69,6,6,0,6,6,57,0,0.113511301105098,0.0912542447586071,-1.24390160047204,1,0.2235,0.447,1,1,1,"avoiding","within_date",TRUE,NA,NA,"Ophiostoma undulatum"
"species","Hylesinus aculeatus","Raffaelea crossotarsi",69,6,3,0,6,3,60,0,0.0651754448652899,0.0816021040965524,-0.798698092247397,1,0.556,1,1,1,1,"avoiding","within_date",TRUE,NA,NA,"Raffaelea crossotarsi"
"species","Hylesinus aculeatus","Raffaelea subfusca",69,6,3,0,6,3,60,0,0.0839705567069249,0.084947423441183,-0.988500337094574,1,0.434,0.868,1,1,1,"avoiding","within_date",TRUE,NA,NA,"Raffaelea subfusca"
"species","Ips grandicollis","Leptographium gracile",69,19,13,8,11,5,45,0.333333333333333,0.133866307072074,0.0602703008590113,3.30954090851259,0.0065,0.9985,0.013,0.385,0.00474300003099477,0.0485618167364003,"co-occurring","within_date",FALSE,NA,NA,"Leptographium gracile"
"species","Ips grandicollis","Ophiostoma denticulatum",69,19,6,5,14,1,49,0.25,0.0855803160379347,0.0510031542261695,3.22371599279839,0.011,1,0.022,0.484,0.00507628322359018,0.0485618167364003,"co-occurring","within_date",FALSE,NA,NA,"Ophiostoma denticulatum"
"species","Ips grandicollis","Sporothrix rossii",69,19,16,7,12,9,41,0.25,0.154409851618038,0.0603569474011846,1.58374723205577,0.1075,0.964,0.215,1,0.117801345135136,0.304897599173293,"co-occurring","within_date",FALSE,NA,NA,"Sporothrix rossii"
"species","Ips grandicollis","Ophiostoma adjuncti",69,19,7,5,14,2,48,0.238095238095238,0.0919037045343687,0.0529141731532327,2.76280483751522,0.0185,0.997,0.037,0.557333333333333,0.014506745687797,0.0818329243927008,"co-occurring","within_date",FALSE,NA,NA,"Ophiostoma adjuncti"
"species","Ips grandicollis","Ophiostoma pallidulum",69,19,7,5,14,2,48,0.238095238095238,0.0979777146242997,0.0497949642206419,2.81388942966354,0.019,0.9985,0.038,0.557333333333333,0.014506745687797,0.0818329243927008,"co-occurring","within_date",FALSE,NA,NA,"Ophiostoma pallidulum"
"species","Ips grandicollis","Ceratocystiopsis manitobensis",69,19,14,6,13,8,42,0.222222222222222,0.13592646535262,0.0558374648397011,1.54548128424779,0.1255,0.967,0.251,1,0.185632607487925,0.395942848781267,"co-occurring","within_date",FALSE,NA,NA,"Ceratocystiopsis manitobensis"
"species","Ips grandicollis","Leptographium lundbergii",69,19,7,4,15,3,47,0.181818181818182,0.0844902406030805,0.0508092954186955,1.91555384527708,0.0895,0.987,0.179,1,0.084920865420541,0.255925895787932,"co-occurring","within_date",FALSE,NA,NA,"Leptographium lundbergii"
"species","Ips grandicollis","Grosmannia olivacea",69,19,5,3,16,2,48,0.142857142857143,0.0619619952922758,0.0461308953314757,1.75360020618701,0.117,0.9805,0.234,1,0.123900110272596,0.309750275681489,"co-occurring","within_date",FALSE,NA,NA,"Grosmannia olivacea"
"species","Ips grandicollis","Sporothrix eucastaneae",69,19,10,3,16,7,43,0.115384615384615,0.122506610717672,0.0524204555622765,-0.135862904216763,0.699,0.6355,1,1,1,1,"avoiding","within_date",FALSE,NA,NA,"Sporothrix eucastaneae"
"species","Ips grandicollis","Grosmannia francke-grosmanniae",69,19,13,3,16,10,40,0.103448275862069,0.119633549176572,0.0448692558431736,-0.360720787772232,0.7815,0.5475,1,1,1,1,"avoiding","within_date",FALSE,NA,NA,"Grosmannia francke-grosmanniae"
"species","Ips grandicollis","Ceratocystiopsis rollhanseniana",69,19,3,2,17,1,49,0.1,0.0484224568424572,0.0368123884064938,1.4010920070713,0.235,0.9865,0.47,1,0.181681108523877,0.395942848781267,"co-occurring","within_date",FALSE,NA,NA,"Ceratocystiopsis rollhanseniana"
"species","Ips grandicollis","Ophiostoma denticiliatum",69,19,5,2,17,3,47,0.0909090909090909,0.0755105955010255,0.0396918340037733,0.387951219553159,0.579,0.865,1,1,0.610651337948357,0.824191989868948,"co-occurring","within_date",FALSE,NA,NA,"Ophiostoma denticiliatum"
"species","Ips grandicollis","Raffaelea arxii",69,19,9,2,17,7,43,0.0769230769230769,0.0901985866755209,0.044642114312031,-0.297376366622184,0.7665,0.5995,1,1,1,1,"avoiding","within_date",FALSE,NA,NA,"Raffaelea arxii"
"species","Ips grandicollis","Ophiostoma karelicum",69,19,3,1,18,2,48,0.0476190476190476,0.0335641504963016,0.0351740491158996,0.399581437907097,0.5525,0.868,1,1,1,1,"co-occurring","within_date",FALSE,NA,NA,"Ophiostoma karelicum"
"species","Ips grandicollis","Raffaelea subfusca",69,19,3,1,18,2,48,0.0476190476190476,0.0492864226599524,0.0399592900517695,-0.0417268434635492,0.725,0.753,1,1,1,1,"avoiding","within_date",FALSE,NA,NA,"Raffaelea subfusca"
"species","Ips grandicollis","Grosmannia cucullata",69,19,4,1,18,3,47,0.0454545454545455,0.0530428520252392,0.039342677843189,-0.192877226124236,0.7835,0.7035,1,1,1,1,"avoiding","within_date",FALSE,NA,NA,"Grosmannia cucullata"
"species","Ips grandicollis","Ophiostoma undulatum",69,19,6,1,18,5,45,0.0416666666666667,0.0613737840122773,0.0426711599794115,-0.461836925809357,0.8375,0.566,1,1,1,1,"avoiding","within_date",FALSE,NA,NA,"Ophiostoma undulatum"
"species","Ips grandicollis","Ceratocystiopsis synnemata",69,19,5,0,19,5,45,0,0.066753353496267,0.0477468039179239,-1.39806956735817,1,0.1695,0.339,1,0.31242683084497,0.549854702858864,"avoiding","within_date",FALSE,NA,NA,"Ceratocystiopsis synnemata"
"species","Ips grandicollis","Ophiostoma sparsiannulatum",69,19,3,0,19,3,47,0,0.0488293018689804,0.0394614992388436,-1.23739094587962,1,0.28,0.56,1,0.555769744627247,0.804403577749963,"avoiding","within_date",FALSE,NA,NA,"Ophiostoma sparsiannulatum"
"species","Ips grandicollis","Raffaelea crossotarsi",69,19,3,0,19,3,47,0,0.0241120560280145,0.029337902842917,-0.821873879571994,1,0.5555,1,1,0.555769744627247,0.804403577749963,"avoiding","within_date",FALSE,NA,NA,"Raffaelea crossotarsi"
"species","Ips pini","Sporothrix eucastaneae",69,5,10,3,2,7,57,0.25,0.061589860864498,0.0561356441951898,3.35633699117052,0.013,1,0.026,0.52,0.0193942027739791,0.0969710138698955,"co-occurring","within_date",FALSE,NA,NA,"Sporothrix eucastaneae"
"species","Ips pini","Raffaelea crossotarsi",69,5,3,1,4,2,62,0.142857142857143,0.0371376164272614,0.0668457854657341,1.58154363350363,0.249,0.9915,0.498,1,0.204794442111692,0.42909311680545,"co-occurring","within_date",FALSE,NA,NA,"Raffaelea crossotarsi"
"species","Ips pini","Ceratocystiopsis manitobensis",69,5,14,2,3,12,52,0.117647058823529,0.0863337481065465,0.0570721027166131,0.548662292547142,0.4535,0.8695,0.907,1,0.265602931633393,0.50810995616823,"co-occurring","within_date",FALSE,NA,NA,"Ceratocystiopsis manitobensis"
"species","Ips pini","Ceratocystiopsis synnemata",69,5,5,1,4,4,60,0.111111111111111,0.0386066048897469,0.0647037635166922,1.1205608805531,0.301,0.9645,0.602,1,0.321572880682702,0.552703388673395,"co-occurring","within_date",FALSE,NA,NA,"Ceratocystiopsis synnemata"
"species","Ips pini","Grosmannia olivacea",69,5,5,1,4,4,60,0.111111111111111,0.0377192564536241,0.0621538245700755,1.18080995280896,0.3015,0.97,0.603,1,0.321572880682702,0.552703388673395,"co-occurring","within_date",FALSE,NA,NA,"Grosmannia olivacea"
"species","Ips pini","Ophiostoma adjuncti",69,5,7,1,4,6,58,0.0909090909090909,0.0487819667409469,0.063161055234129,0.666979422873554,0.4395,0.925,0.879,1,0.424211904190528,0.680477701987799,"co-occurring","within_date",FALSE,NA,NA,"Ophiostoma adjuncti"
"species","Ips pini","Raffaelea arxii",69,5,9,1,4,8,56,0.0769230769230769,0.0625207708749493,0.0614697746058339,0.234298989063817,0.6105,0.8425,1,1,0.51403606509153,0.758979424967359,"co-occurring","within_date",FALSE,NA,NA,"Raffaelea arxii"
"species","Ips pini","Grosmannia francke-grosmanniae",69,5,13,1,4,12,52,0.0588235294117647,0.0686328458346833,0.050496560025102,-0.194257122030537,0.782,0.7,1,1,1,1,"avoiding","within_date",FALSE,NA,NA,"Grosmannia francke-grosmanniae"
"species","Ips pini","Ceratocystiopsis rollhanseniana",69,5,3,0,5,3,61,0,0.0353748302722792,0.0616771558377283,-0.573548338794186,1,0.7525,1,1,1,1,"avoiding","within_date",FALSE,NA,NA,"Ceratocystiopsis rollhanseniana"
"species","Ips pini","Grosmannia cucullata",69,5,4,0,5,4,60,0,0.0452815693561067,0.0683283394301894,-0.662705544049853,1,0.6675,1,1,1,1,"avoiding","within_date",FALSE,NA,NA,"Grosmannia cucullata"
"species","Ips pini","Leptographium gracile",69,5,13,0,5,13,51,0,0.057749883345035,0.0526056968492975,-1.09778763145129,1,0.3295,0.659,1,0.575142191854029,0.805931733808194,"avoiding","within_date",FALSE,NA,NA,"Leptographium gracile"
"species","Ips pini","Leptographium lundbergii",69,5,7,0,5,7,57,0,0.0467597435081184,0.062030910430971,-0.75381359363012,1,0.5785,1,1,1,1,"avoiding","within_date",FALSE,NA,NA,"Leptographium lundbergii"
"species","Ips pini","Ophiostoma denticiliatum",69,5,5,0,5,5,59,0,0.0468011783669621,0.0548751950323596,-0.852865822879785,1,0.579,1,1,1,1,"avoiding","within_date",FALSE,NA,NA,"Ophiostoma denticiliatum"
"species","Ips pini","Ophiostoma denticulatum",69,5,6,0,5,6,58,0,0.0420321271746983,0.0596022434181174,-0.705210488132762,1,0.63,1,1,1,1,"avoiding","within_date",FALSE,NA,NA,"Ophiostoma denticulatum"
"species","Ips pini","Ophiostoma karelicum",69,5,3,0,5,3,61,0,0.0512827842492673,0.0854578714391545,-0.600094331693954,1,0.692,1,1,1,1,"avoiding","within_date",FALSE,NA,NA,"Ophiostoma karelicum"
"species","Ips pini","Ophiostoma pallidulum",69,5,7,0,5,7,57,0,0.0456864796034388,0.0530061950776522,-0.861908302161845,1,0.5385,1,1,1,1,"avoiding","within_date",FALSE,NA,NA,"Ophiostoma pallidulum"
"species","Ips pini","Ophiostoma sparsiannulatum",69,5,3,0,5,3,61,0,0.0234402915743587,0.0529203816771061,-0.44293504376782,1,0.836,1,1,1,1,"avoiding","within_date",FALSE,NA,NA,"Ophiostoma sparsiannulatum"
"species","Ips pini","Ophiostoma undulatum",69,5,6,0,5,6,58,0,0.0626118614862982,0.0766168328452747,-0.817207644340257,1,0.512,1,1,1,1,"avoiding","within_date",FALSE,NA,NA,"Ophiostoma undulatum"
"species","Ips pini","Raffaelea subfusca",69,5,3,0,5,3,61,0,0.0229400414492962,0.0524621778545479,-0.4372681880058,1,0.8395,1,1,1,1,"avoiding","within_date",FALSE,NA,NA,"Raffaelea subfusca"
"species","Ips pini","Sporothrix rossii",69,5,16,0,5,16,48,0,0.0602347613435198,0.0482235490296453,-1.24907358656848,1,0.2455,0.491,1,0.583112107446955,0.811928250875507,"avoiding","within_date",FALSE,NA,NA,"Sporothrix rossii"
"species","Pityogenes hopkinsi","Sporothrix rossii",69,19,16,10,9,6,44,0.4,0.208810425746278,0.0608325457904957,3.14288300397898,0.007,1,0.014,0.385,0.000857323506115396,0.0188611171345387,"co-occurring","within_date",TRUE,NA,NA,"Sporothrix rossii"
"species","Pityogenes hopkinsi","Ceratocystiopsis manitobensis",69,19,14,8,11,6,44,0.32,0.122872324693694,0.0471672515466353,4.17933351726889,5e-04,1,0.001,0.11,0.0152483614472249,0.0838659879597368,"co-occurring","within_date",TRUE,NA,NA,"Ceratocystiopsis manitobensis"
"species","Pityogenes hopkinsi","Grosmannia francke-grosmanniae",69,19,13,7,12,6,44,0.28,0.264918165309343,0.0658769028949985,0.228939643909728,0.5445,0.7545,1,1,0.0346405070363353,0.136087706214175,"co-occurring","within_date",TRUE,NA,NA,"Grosmannia francke-grosmanniae"
"species","Pityogenes hopkinsi","Leptographium gracile",69,19,13,7,12,6,44,0.28,0.15399868441877,0.0570001143864234,2.21054496008593,0.0435,0.991,0.087,0.7656,0.0346405070363353,0.136087706214175,"co-occurring","within_date",TRUE,NA,NA,"Leptographium gracile"
"species","Pityogenes hopkinsi","Sporothrix eucastaneae",69,19,10,6,13,4,46,0.260869565217391,0.195511137492782,0.0606140789565543,1.07827139914896,0.2505,0.933,0.501,1,0.021566775884163,0.105437570989241,"co-occurring","within_date",TRUE,NA,NA,"Sporothrix eucastaneae"
"species","Pityogenes hopkinsi","Ophiostoma denticulatum",69,19,6,5,14,1,49,0.25,0.118614607362125,0.050199123887394,2.61728457517698,0.024,0.9985,0.048,0.598888888888889,0.00507628322359018,0.0485618167364003,"co-occurring","within_date",TRUE,NA,NA,"Ophiostoma denticulatum"
"species","Pityogenes hopkinsi","Leptographium lundbergii",69,19,7,5,14,2,48,0.238095238095238,0.119749267632123,0.0507753143389305,2.33077770180099,0.047,0.9965,0.094,0.795384615384615,0.014506745687797,0.0818329243927008,"co-occurring","within_date",TRUE,NA,NA,"Leptographium lundbergii"
"species","Pityogenes hopkinsi","Ophiostoma pallidulum",69,19,7,5,14,2,48,0.238095238095238,0.165821871974949,0.051811206100343,1.39493695592256,0.1885,0.9745,0.377,1,0.014506745687797,0.0818329243927008,"co-occurring","within_date",TRUE,NA,NA,"Ophiostoma pallidulum"
"species","Pityogenes hopkinsi","Raffaelea arxii",69,19,9,5,14,4,46,0.217391304347826,0.203679563957962,0.062386438087806,0.219787197508625,0.5465,0.7585,1,1,0.102003430956505,0.278323264797543,"co-occurring","within_date",TRUE,NA,NA,"Raffaelea arxii"
"species","Pityogenes hopkinsi","Ophiostoma denticiliatum",69,19,5,4,15,1,49,0.2,0.162447805376133,0.0483889802062099,0.776048481779071,0.4225,0.9275,0.845,1,0.0182789306734797,0.0968758691016965,"co-occurring","within_date",TRUE,NA,NA,"Ophiostoma denticiliatum"
"species","Pityogenes hopkinsi","Ophiostoma adjuncti",69,19,7,4,15,3,47,0.181818181818182,0.0644820424516802,0.0422469798644478,2.77738526500551,0.0245,0.9985,0.049,0.598888888888889,0.084920865420541,0.255925895787932,"co-occurring","within_date",TRUE,NA,NA,"Ophiostoma adjuncti"
"species","Pityogenes hopkinsi","Ceratocystiopsis rollhanseniana",69,19,3,3,16,0,50,0.157894736842105,0.0996194839274255,0.040724709456807,1.43095564565014,0.242,1,0.484,1,0.018494484101233,0.0968758691016965,"co-occurring","within_date",TRUE,NA,NA,"Ceratocystiopsis rollhanseniana"
"species","Pityogenes hopkinsi","Grosmannia olivacea",69,19,5,3,16,2,48,0.142857142857143,0.074964460743849,0.0466277181359406,1.4560584310679,0.178,0.9755,0.356,1,0.123900110272596,0.309750275681489,"co-occurring","within_date",TRUE,NA,NA,"Grosmannia olivacea"
"species","Pityogenes hopkinsi","Ophiostoma undulatum",69,19,6,3,16,3,47,0.136363636363636,0.131078846529963,0.0511713752195972,0.103276290914487,0.64,0.7545,1,1,0.335673845374384,0.559456408957306,"co-occurring","within_date",TRUE,NA,NA,"Ophiostoma undulatum"
"species","Pityogenes hopkinsi","Ophiostoma sparsiannulatum",69,19,3,2,17,1,49,0.1,0.0753394240980132,0.0392231764712702,0.628724599091304,0.503,0.9185,1,1,0.181681108523877,0.395942848781267,"co-occurring","within_date",TRUE,NA,NA,"Ophiostoma sparsiannulatum"
"species","Pityogenes hopkinsi","Raffaelea crossotarsi",69,19,3,2,17,1,49,0.1,0.0692297276457776,0.0410926832130019,0.748801731800432,0.4465,0.9305,0.893,1,0.181681108523877,0.395942848781267,"co-occurring","within_date",TRUE,NA,NA,"Raffaelea crossotarsi"
"species","Pityogenes hopkinsi","Raffaelea subfusca",69,19,3,2,17,1,49,0.1,0.0764220456092697,0.0396203672964652,0.595096815087675,0.527,0.917,1,1,0.181681108523877,0.395942848781267,"co-occurring","within_date",TRUE,NA,NA,"Raffaelea subfusca"
"species","Pityogenes hopkinsi","Grosmannia cucullata",69,19,4,2,17,2,48,0.0952380952380952,0.118555324597823,0.0478607169338033,-0.487189303745234,0.856,0.5485,1,1,0.302834814534628,0.549854702858864,"avoiding","within_date",TRUE,NA,NA,"Grosmannia cucullata"
"species","Pityogenes hopkinsi","Ceratocystiopsis synnemata",69,19,5,2,17,3,47,0.0909090909090909,0.0789109018534943,0.0461143699361733,0.260183302345955,0.588,0.819,1,1,0.610651337948357,0.824191989868948,"co-occurring","within_date",TRUE,NA,NA,"Ceratocystiopsis synnemata"
"species","Pityogenes hopkinsi","Ophiostoma karelicum",69,19,3,1,18,2,48,0.0476190476190476,0.054657027762002,0.0377817567783316,-0.186279854170009,0.795,0.702,1,1,1,1,"avoiding","within_date",TRUE,NA,NA,"Ophiostoma karelicum"
"species","Xyleborinus attenuatus","Grosmannia francke-grosmanniae",69,24,13,12,12,1,44,0.48,0.350969859271761,0.0457592343406318,2.81976179425857,0.0235,0.999,0.047,0.598888888888889,3.2129560114677e-06,0.000353425161261447,"co-occurring","within_date",TRUE,NA,NA,"Grosmannia francke-grosmanniae"
"species","Xyleborinus attenuatus","Raffaelea arxii",69,24,9,8,16,1,44,0.32,0.266793231780727,0.0416567017960144,1.27726790468956,0.2425,0.974,0.485,1,0.000607066162091144,0.0150462521153822,"co-occurring","within_date",TRUE,NA,NA,"Raffaelea arxii"
"species","Xyleborinus attenuatus","Leptographium gracile",69,24,13,8,16,5,40,0.275862068965517,0.160621256786029,0.0374447254997527,3.07762470258325,0.0085,1,0.017,0.415555555555556,0.0488231696355849,0.173243505158527,"co-occurring","within_date",TRUE,NA,NA,"Leptographium gracile"
"species","Xyleborinus attenuatus","Sporothrix eucastaneae",69,24,10,7,17,3,42,0.259259259259259,0.191096069303026,0.0430300384063603,1.58408387444429,0.139,0.9845,0.278,1,0.0261454996120805,0.115040198293154,"co-occurring","within_date",TRUE,NA,NA,"Sporothrix eucastaneae"
"species","Xyleborinus attenuatus","Sporothrix rossii",69,24,16,8,16,8,37,0.25,0.220470940982345,0.0416592139344863,0.708824200670054,0.369,0.8815,0.738,1,0.230019556469037,0.464259655258606,"co-occurring","within_date",TRUE,NA,NA,"Sporothrix rossii"
"species","Xyleborinus attenuatus","Ophiostoma denticiliatum",69,24,5,5,19,0,45,0.208333333333333,0.150154699857053,0.0355351124387767,1.63721540424324,0.168,1,0.336,1,0.00378199500236375,0.0462243833622236,"co-occurring","within_date",TRUE,NA,NA,"Ophiostoma denticiliatum"
"species","Xyleborinus attenuatus","Leptographium lundbergii",69,24,7,5,19,2,43,0.192307692307692,0.125939935920272,0.0327466008286119,2.02670673315907,0.0725,0.996,0.145,1,0.0449365165124603,0.162066125126906,"co-occurring","within_date",TRUE,NA,NA,"Leptographium lundbergii"
"species","Xyleborinus attenuatus","Ophiostoma pallidulum",69,24,7,5,19,2,43,0.192307692307692,0.147105239566297,0.037024477173781,1.22088024441856,0.256,0.968,0.512,1,0.0449365165124603,0.162066125126906,"co-occurring","within_date",TRUE,NA,NA,"Ophiostoma pallidulum"
"species","Xyleborinus attenuatus","Ophiostoma undulatum",69,24,6,4,20,2,43,0.153846153846154,0.16925086474861,0.033317315039114,-0.462363515318426,0.887,0.5915,1,1,0.172777050220078,0.395942848781267,"avoiding","within_date",TRUE,NA,NA,"Ophiostoma undulatum"
"species","Xyleborinus attenuatus","Ceratocystiopsis manitobensis",69,24,14,5,19,9,36,0.151515151515152,0.122054232982696,0.0340471538161537,0.865297542682642,0.341,0.9175,0.682,1,1,1,"co-occurring","within_date",TRUE,NA,NA,"Ceratocystiopsis manitobensis"
"species","Xyleborinus attenuatus","Ceratocystiopsis rollhanseniana",69,24,3,3,21,0,45,0.125,0.0921029745642066,0.0292673134055671,1.12401931055058,0.3845,1,0.769,1,0.038630377524144,0.144045475513757,"co-occurring","within_date",TRUE,NA,NA,"Ceratocystiopsis rollhanseniana"
"species","Xyleborinus attenuatus","Raffaelea crossotarsi",69,24,3,3,21,0,45,0.125,0.113744372186094,0.0194936961935088,0.577398339554194,0.75,1,1,1,0.038630377524144,0.144045475513757,"co-occurring","within_date",TRUE,NA,NA,"Raffaelea crossotarsi"
"species","Xyleborinus attenuatus","Grosmannia cucullata",69,24,4,3,21,1,44,0.12,0.132806032645953,0.0308128139740109,-0.415607372204106,0.873,0.6055,1,1,0.117647058823529,0.304897599173293,"avoiding","within_date",TRUE,NA,NA,"Grosmannia cucullata"
"species","Xyleborinus attenuatus","Ophiostoma denticulatum",69,24,6,3,21,3,42,0.111111111111111,0.0962375023560817,0.033716798288786,0.441133485677859,0.5565,0.864,1,1,0.412359680057317,0.671993552685998,"co-occurring","within_date",TRUE,NA,NA,"Ophiostoma denticulatum"
"species","Xyleborinus attenuatus","Ophiostoma karelicum",69,24,3,2,22,1,44,0.08,0.0734994420287067,0.0215792906063996,0.301240577823512,0.7775,0.939,1,1,0.2756804214223,0.513980446719543,"co-occurring","within_date",TRUE,NA,NA,"Ophiostoma karelicum"
"species","Xyleborinus attenuatus","Ophiostoma sparsiannulatum",69,24,3,2,22,1,44,0.08,0.0625801362219556,0.0273291313557116,0.637410079058506,0.5685,0.951,1,1,0.2756804214223,0.513980446719543,"co-occurring","within_date",TRUE,NA,NA,"Ophiostoma sparsiannulatum"
"species","Xyleborinus attenuatus","Raffaelea subfusca",69,24,3,2,22,1,44,0.08,0.0628412283064593,0.0279203322447368,0.614561873516934,0.575,0.9465,1,1,0.2756804214223,0.513980446719543,"co-occurring","within_date",TRUE,NA,NA,"Raffaelea subfusca"
"species","Xyleborinus attenuatus","Ceratocystiopsis synnemata",69,24,5,2,22,3,42,0.0740740740740741,0.081281705158644,0.0288270135934003,-0.250030446657854,0.8445,0.712,1,1,1,1,"avoiding","within_date",TRUE,NA,NA,"Ceratocystiopsis synnemata"
"species","Xyleborinus attenuatus","Grosmannia olivacea",69,24,5,2,22,3,42,0.0740740740740741,0.0781359870004198,0.0261135854370755,-0.155547882772878,0.841,0.7665,1,1,1,1,"avoiding","within_date",TRUE,NA,NA,"Grosmannia olivacea"
"species","Xyleborinus attenuatus","Ophiostoma adjuncti",69,24,7,1,23,6,39,0.0333333333333333,0.0433656665953848,0.0281524373843725,-0.356357537540264,0.8575,0.658,1,1,0.407940501114338,0.669753061531002,"avoiding","within_date",TRUE,NA,NA,"Ophiostoma adjuncti"
"species","Xyloterinus politus","Grosmannia francke-grosmanniae",69,22,13,9,13,4,43,0.346153846153846,0.371531504358202,0.0632332631264938,-0.401333996532645,0.7865,0.5255,1,1,0.00258730144664164,0.0406575941615115,"avoiding","within_date",TRUE,NA,NA,"Grosmannia francke-grosmanniae"
"species","Xyloterinus politus","Sporothrix rossii",69,22,16,9,13,7,40,0.310344827586207,0.244915553761359,0.0438313997742713,1.49274890060104,0.1665,0.9785,0.333,1,0.0300392908154369,0.122382295914743,"co-occurring","within_date",TRUE,NA,NA,"Sporothrix rossii"
"species","Xyloterinus politus","Sporothrix eucastaneae",69,22,10,7,15,3,44,0.28,0.273966008632466,0.0567451734524365,0.106334882782448,0.614,0.722,1,1,0.00921990745940801,0.0654909444391602,"co-occurring","within_date",TRUE,NA,NA,"Sporothrix eucastaneae"
"species","Xyloterinus politus","Ophiostoma pallidulum",69,22,7,6,16,1,46,0.260869565217391,0.209084977271244,0.0353100989353049,1.4665659261116,0.2425,1,0.485,1,0.00340843857634901,0.0462243833622236,"co-occurring","within_date",TRUE,NA,NA,"Ophiostoma pallidulum"
"species","Xyloterinus politus","Leptographium gracile",69,22,13,7,15,6,41,0.25,0.188013434669958,0.0455572001691358,1.36063158183361,0.179,0.969,0.358,1,0.0960381105971932,0.274394601706266,"co-occurring","within_date",TRUE,NA,NA,"Leptographium gracile"
"species","Xyloterinus politus","Raffaelea arxii",69,22,9,6,16,3,44,0.24,0.273737404692123,0.0547429101807578,-0.616288110747567,0.858,0.448,0.896,1,0.0248752930219342,0.113971610707878,"avoiding","within_date",TRUE,NA,NA,"Raffaelea arxii"
"species","Xyloterinus politus","Ophiostoma denticiliatum",69,22,5,5,17,0,47,0.227272727272727,0.205144074013292,0.0262953711109691,0.841541774255619,0.5855,1,1,1,0.00234319255581232,0.0396540278675931,"co-occurring","within_date",TRUE,NA,NA,"Ophiostoma denticiliatum"
"species","Xyloterinus politus","Ophiostoma denticulatum",69,22,6,4,18,2,45,0.166666666666667,0.148420085181944,0.0374107726409025,0.487736023521004,0.5575,0.8845,1,1,0.0769104139933816,0.241718443979199,"co-occurring","within_date",TRUE,NA,NA,"Ophiostoma denticulatum"
"species","Xyloterinus politus","Ophiostoma undulatum",69,22,6,4,18,2,45,0.166666666666667,0.160046132319225,0.0373322007351424,0.177341121527004,0.682,0.8035,1,1,0.0769104139933816,0.241718443979199,"co-occurring","within_date",TRUE,NA,NA,"Ophiostoma undulatum"
"species","Xyloterinus politus","Ceratocystiopsis rollhanseniana",69,22,3,3,19,0,47,0.136363636363636,0.123165337609512,0.0218662743960089,0.603591563660848,0.733,1,1,1,0.0293926785509791,0.122007344928593,"co-occurring","within_date",TRUE,NA,NA,"Ceratocystiopsis rollhanseniana"
"species","Xyloterinus politus","Grosmannia cucullata",69,22,4,3,19,1,46,0.130434782608696,0.146048155830221,0.0327394025452588,-0.476898538387843,0.8895,0.595,1,1,0.0921861281826163,0.269223399425005,"avoiding","within_date",TRUE,NA,NA,"Grosmannia cucullata"
"species","Xyloterinus politus","Ceratocystiopsis manitobensis",69,22,14,4,18,10,37,0.125,0.116173383396891,0.0285315285939834,0.309363607141967,0.602,0.8175,1,1,1,1,"co-occurring","within_date",TRUE,NA,NA,"Ceratocystiopsis manitobensis"
"species","Xyloterinus politus","Leptographium lundbergii",69,22,7,3,19,4,43,0.115384615384615,0.128721369231623,0.0289554546092016,-0.460595560560429,0.8815,0.5915,1,1,0.671572144931451,0.882819465095078,"avoiding","within_date",TRUE,NA,NA,"Leptographium lundbergii"
"species","Xyloterinus politus","Ophiostoma sparsiannulatum",69,22,3,2,20,1,46,0.0869565217391304,0.079434644858659,0.0168590707694892,0.446162008767661,0.834,1,1,1,0.236611062335382,0.464771729587358,"co-occurring","within_date",TRUE,NA,NA,"Ophiostoma sparsiannulatum"
"species","Xyloterinus politus","Raffaelea subfusca",69,22,3,2,20,1,46,0.0869565217391304,0.0796158949039714,0.0166946263258223,0.439699978417901,0.838,1,1,1,0.236611062335382,0.464771729587358,"co-occurring","within_date",TRUE,NA,NA,"Raffaelea subfusca"
"species","Xyloterinus politus","Ceratocystiopsis synnemata",69,22,5,2,20,3,44,0.08,0.0948122723569157,0.0389045102853307,-0.380734065235126,0.8245,0.5845,1,1,0.650840818531775,0.867787758042367,"avoiding","within_date",TRUE,NA,NA,"Ceratocystiopsis synnemata"
"species","Xyloterinus politus","Grosmannia olivacea",69,22,5,2,20,3,44,0.08,0.0946842568441423,0.0392505461662743,-0.374115987633304,0.8205,0.58,1,1,0.650840818531775,0.867787758042367,"avoiding","within_date",TRUE,NA,NA,"Grosmannia olivacea"
"species","Xyloterinus politus","Ophiostoma karelicum",69,22,3,1,21,2,45,0.0416666666666667,0.0619639529909882,0.0257582661086028,-0.787991172959526,0.957,0.5125,1,1,1,1,"avoiding","within_date",TRUE,NA,NA,"Ophiostoma karelicum"
"species","Xyloterinus politus","Raffaelea crossotarsi",69,22,3,1,21,2,45,0.0416666666666667,0.088504397126097,0.0333681483055689,-1.40366585614861,0.9855,0.217,0.434,1,1,1,"avoiding","within_date",TRUE,NA,NA,"Raffaelea crossotarsi"
"species","Xyloterinus politus","Ophiostoma adjuncti",69,22,7,1,21,6,41,0.0357142857142857,0.0489239328659052,0.0217730759723886,-0.606696415718717,0.9465,0.606,1,1,0.416976908444204,0.674521469542095,"avoiding","within_date",TRUE,NA,NA,"Ophiostoma adjuncti"
"asv","Cyclorhipidion pelliculosum","ASV_5162",69,13,7,7,6,0,56,0.538461538461538,0.171000502216807,0.0765627462099665,4.79947565147418,5e-04,1,0.001,0.2145,1.59051290860277e-06,0.000341165018895294,"co-occurring","within_date",TRUE,"Sporothrix",NA,"ASV_5162  Sporothrix sp."
"asv","Cyclorhipidion pelliculosum","ASV_660",69,13,13,8,5,5,51,0.444444444444444,0.245666886415484,0.083124672350252,2.39131839451224,0.041,0.995,0.082,0.937026315789474,0.000134195691560037,0.00957698945898931,"co-occurring","within_date",TRUE,"Grosmannia","francke-grosmanniae","ASV_660  Grosmannia francke-grosmanniae"
"asv","Cyclorhipidion pelliculosum","ASV_3603",69,13,10,6,7,4,52,0.352941176470588,0.202289282013179,0.0824109509073918,1.82805674244315,0.0915,0.9845,0.183,1,0.00199939584396605,0.0476522676145242,"co-occurring","within_date",TRUE,"Sporothrix","eucastaneae","ASV_3603  Sporothrix eucastaneae"
"asv","Cyclorhipidion pelliculosum","ASV_5724",69,13,4,4,9,0,56,0.307692307692308,0.108450974571535,0.0667557330263928,2.98463254147775,0.013,1,0.026,0.65208,0.00082706671247344,0.0295676349709255,"co-occurring","within_date",TRUE,"Graphilbum",NA,"ASV_5724  Graphilbum sp."
"asv","Cyclorhipidion pelliculosum","ASV_7106",69,13,5,4,9,1,55,0.285714285714286,0.135623912473366,0.0615821882055594,2.43723676625331,0.0395,0.998,0.079,0.937026315789474,0.0036772658446896,0.057945566286216,"co-occurring","within_date",TRUE,"Ophiostoma","denticiliatum","ASV_7106  Ophiostoma denticiliatum"
"asv","Cyclorhipidion pelliculosum","ASV_1122",69,13,8,4,9,4,52,0.235294117647059,0.184019905979826,0.0816711144890372,0.627813297124967,0.389,0.863,0.778,1,0.0360018753686398,0.173537129585916,"co-occurring","within_date",TRUE,"Raffaelea","arxii","ASV_1122  Raffaelea arxii"
"asv","Cyclorhipidion pelliculosum","ASV_11554",69,13,3,3,10,0,56,0.230769230769231,0.0832243960808228,0.0612045987326319,2.41068216675919,0.0555,1,0.111,1,0.0054586403023247,0.0616251760446657,"co-occurring","within_date",TRUE,"Raffaelea","crossotarsi","ASV_11554  Raffaelea crossotarsi"
"asv","Cyclorhipidion pelliculosum","ASV_3556",69,13,9,4,9,5,51,0.222222222222222,0.150100445205157,0.0687358809233289,1.04925951407407,0.255,0.935,0.51,1,0.0574207601085919,0.232391566854584,"co-occurring","within_date",TRUE,"Sporothrix","rossii","ASV_3556  Sporothrix rossii"
"asv","Cyclorhipidion pelliculosum","ASV_22166",69,13,4,3,10,1,55,0.214285714285714,0.108107808482996,0.0661161607340883,1.60592969440185,0.152,0.9845,0.304,1,0.0193533610718784,0.124180790896075,"co-occurring","within_date",TRUE,"Grosmannia","cucullata","ASV_22166  Grosmannia cucullata"
"asv","Cyclorhipidion pelliculosum","ASV_1646",69,13,5,3,10,2,54,0.2,0.133664197968408,0.0716334159458068,0.926045493653089,0.3175,0.928,0.635,1,0.0428675039126618,0.197743647080988,"co-occurring","within_date",TRUE,"Raffaelea","arxii","ASV_1646  Raffaelea arxii"
"asv","Cyclorhipidion pelliculosum","ASV_15258",69,13,7,3,10,4,52,0.176470588235294,0.143250780385525,0.0660675509206178,0.502815790609272,0.485,0.859,0.97,1,0.117661373439707,0.34105898111915,"co-occurring","within_date",TRUE,"Ophiostoma","pallidulum","ASV_15258  Ophiostoma pallidulum"
"asv","Cyclorhipidion pelliculosum","ASV_9224",69,13,3,2,11,1,55,0.142857142857143,0.0584196860334923,0.0463573106316857,1.82144856276319,0.1535,1,0.307,1,0.0888269649196473,0.299991787930719,"co-occurring","within_date",TRUE,"Ophiostoma","sparsiannulatum","ASV_9224  Ophiostoma sparsiannulatum"
"asv","Cyclorhipidion pelliculosum","ASV_4337",69,13,4,2,11,2,54,0.133333333333333,0.0818248409919249,0.0591306720880793,0.871096006902863,0.3715,0.932,0.743,1,0.158300568767416,0.416631558289702,"co-occurring","within_date",TRUE,"Ophiostoma","undulatum","ASV_4337  Ophiostoma undulatum"
"asv","Cyclorhipidion pelliculosum","ASV_6117",69,13,13,3,10,10,46,0.130434782608696,0.149058312279958,0.0648273634566036,-0.287278838414109,0.7405,0.571,1,1,0.699504605302463,0.92051372906367,"avoiding","within_date",TRUE,"Leptographium","gracile","ASV_6117  Leptographium gracile"
"asv","Cyclorhipidion pelliculosum","ASV_7819",69,13,5,2,11,3,53,0.125,0.069091898890623,0.0530593041499599,1.05369080889877,0.314,0.9535,0.628,1,0.235255945337252,0.52054433713784,"co-occurring","within_date",TRUE,"Hawksworthiomyces",NA,"ASV_7819  Hawksworthiomyces sp."
"asv","Cyclorhipidion pelliculosum","ASV_15268",69,13,5,2,11,3,53,0.125,0.0936784568754973,0.0654085519769813,0.47886006000447,0.4735,0.8505,0.947,1,0.235255945337252,0.52054433713784,"co-occurring","within_date",TRUE,"Grosmannia","olivacea","ASV_15268  Grosmannia olivacea"
"asv","Cyclorhipidion pelliculosum","ASV_13249",69,13,6,2,11,4,52,0.117647058823529,0.120061647303578,0.0671842619644151,-0.0359397931814366,0.6775,0.703,1,1,0.314916784364622,0.619721561891848,"avoiding","within_date",TRUE,"Ophiostoma","denticulatum","ASV_13249  Ophiostoma denticulatum"
"asv","Cyclorhipidion pelliculosum","ASV_22950",69,13,6,2,11,4,52,0.117647058823529,0.0924742600058204,0.0569660876180318,0.441890954255053,0.513,0.8575,1,1,0.314916784364622,0.619721561891848,"co-occurring","within_date",TRUE,"Sporothrix",NA,"ASV_22950  Sporothrix sp."
"asv","Cyclorhipidion pelliculosum","ASV_7618",69,13,7,2,11,5,51,0.111111111111111,0.0906831554752282,0.0540790041008066,0.377742822293915,0.5445,0.8395,1,1,0.608776768332252,0.858916144196213,"co-occurring","within_date",TRUE,"Leptographium","lundbergii","ASV_7618  Leptographium lundbergii"
"asv","Cyclorhipidion pelliculosum","ASV_13560",69,13,7,2,11,5,51,0.111111111111111,0.0380365621407202,0.0373425733854331,1.95686966230604,0.1295,1,0.259,1,0.608776768332252,0.858916144196213,"co-occurring","within_date",TRUE,"Hawksworthiomyces",NA,"ASV_13560  Hawksworthiomyces sp."
"asv","Cyclorhipidion pelliculosum","ASV_21569",69,13,7,2,11,5,51,0.111111111111111,0.136065096285921,0.0734591647168112,-0.33969873290839,0.764,0.567,1,1,0.608776768332252,0.858916144196213,"avoiding","within_date",TRUE,"Sporothrix",NA,"ASV_21569  Sporothrix sp."
"asv","Cyclorhipidion pelliculosum","ASV_8274",69,13,12,2,11,10,46,0.0869565217391304,0.125993384255236,0.0596771998680841,-0.654133615558311,0.857,0.4215,0.843,1,1,1,"avoiding","within_date",TRUE,"Sporothrix","rossii","ASV_8274  Sporothrix rossii"
"asv","Cyclorhipidion pelliculosum","ASV_8974",69,13,3,1,12,2,54,0.0666666666666667,0.0536887491364726,0.0474882879986651,0.273286700303007,0.642,0.857,1,1,0.470931786082376,0.77703744703592,"co-occurring","within_date",TRUE,"Ophiostoma","karelicum","ASV_8974  Ophiostoma karelicum"
"asv","Cyclorhipidion pelliculosum","ASV_16537",69,13,3,1,12,2,54,0.0666666666666667,0.0568617642154405,0.0460572613443164,0.212885051456411,0.689,0.8565,1,1,0.470931786082376,0.77703744703592,"co-occurring","within_date",TRUE,"Graphilbum",NA,"ASV_16537  Graphilbum sp."
"asv","Cyclorhipidion pelliculosum","ASV_17726",69,13,3,1,12,2,54,0.0666666666666667,0.0870083393345008,0.0589039268688857,-0.345336444429464,0.8295,0.6405,1,1,0.470931786082376,0.77703744703592,"avoiding","within_date",TRUE,NA,NA,"ASV_17726  "
"asv","Cyclorhipidion pelliculosum","ASV_28495",69,13,3,1,12,2,54,0.0666666666666667,0.0590009290359459,0.0482337520571666,0.158928909814757,0.6885,0.828,1,1,0.470931786082376,0.77703744703592,"co-occurring","within_date",TRUE,"Raffaelea","subfusca","ASV_28495  Raffaelea subfusca"
"asv","Cyclorhipidion pelliculosum","ASV_7886",69,13,4,1,12,3,53,0.0625,0.0769634817408708,0.0566114606501318,-0.255486814414797,0.791,0.6715,1,1,0.575142191854029,0.85549951917986,"avoiding","within_date",TRUE,"Grosmannia",NA,"ASV_7886  Grosmannia sp."
"asv","Cyclorhipidion pelliculosum","ASV_11600",69,13,4,1,12,3,53,0.0625,0.109261269829054,0.0679802672797669,-0.687865342403135,0.8995,0.462,0.924,1,0.575142191854029,0.85549951917986,"avoiding","within_date",TRUE,"Ophiostoma","undulatum","ASV_11600  Ophiostoma undulatum"
"asv","Cyclorhipidion pelliculosum","ASV_27488",69,13,4,1,12,3,53,0.0625,0.0959308866887657,0.0667749348325724,-0.500650233094026,0.8415,0.55,1,1,0.575142191854029,0.85549951917986,"avoiding","within_date",TRUE,"Ceratocystiopsis","synnemata","ASV_27488  Ceratocystiopsis synnemata"
"asv","Cyclorhipidion pelliculosum","ASV_8131",69,13,6,1,12,5,51,0.0555555555555556,0.0684625400935773,0.0496984857264237,-0.259705790817673,0.795,0.669,1,1,1,1,"avoiding","within_date",TRUE,"Graphilbum",NA,"ASV_8131  Graphilbum sp."
"asv","Cyclorhipidion pelliculosum","ASV_6045",69,13,7,1,12,6,50,0.0526315789473684,0.0173244516995342,0.0247382854116687,1.42722612583249,0.3295,1,0.659,1,1,1,"co-occurring","within_date",TRUE,"Sporothrix",NA,"ASV_6045  Sporothrix sp."
"asv","Cyclorhipidion pelliculosum","ASV_8895",69,13,13,1,12,12,44,0.04,0.0663126820327167,0.0426905688323653,-0.616358196960077,0.8705,0.486,0.972,1,0.436026759227085,0.739349722167666,"avoiding","within_date",TRUE,"Ceratocystiopsis","manitobensis","ASV_8895  Ceratocystiopsis manitobensis"
"asv","Cyclorhipidion pelliculosum","ASV_4044",69,13,6,0,13,6,50,0,0.0197876716135849,0.0266104749593689,-0.743604600962529,1,0.644,1,1,0.585763637057678,0.85549951917986,"avoiding","within_date",TRUE,"Graphilbum",NA,"ASV_4044  Graphilbum sp."
"asv","Cyclorhipidion pelliculosum","ASV_6746",69,13,4,0,13,4,52,0,0.101430614574687,0.0689629229214713,-1.47079923932729,1,0.1505,0.301,1,1,1,"avoiding","within_date",TRUE,"Graphilbum",NA,"ASV_6746  Graphilbum sp."
"asv","Cyclorhipidion pelliculosum","ASV_6959",69,13,7,0,13,7,49,0,0.0417606464050747,0.0384951000765105,-1.08483018155749,1,0.3825,0.765,1,0.332619193037371,0.631596840638643,"avoiding","within_date",TRUE,"Ophiostoma","adjuncti","ASV_6959  Ophiostoma adjuncti"
"asv","Cyclorhipidion pelliculosum","ASV_9363",69,13,5,0,13,5,51,0,0.0725605449783727,0.0528914436965073,-1.37187680855768,1,0.2085,0.417,1,0.575142191854029,0.85549951917986,"avoiding","within_date",TRUE,"Sporothrix",NA,"ASV_9363  Sporothrix sp."
"asv","Cyclorhipidion pelliculosum","ASV_15738",69,13,7,0,13,7,49,0,0.0694910578784417,0.0443432535717616,-1.56711680540046,1,0.1535,0.307,1,0.332619193037371,0.631596840638643,"avoiding","within_date",TRUE,"Graphilbum",NA,"ASV_15738  Graphilbum sp."
"asv","Cyclorhipidion pelliculosum","ASV_23023",69,13,4,0,13,4,52,0,0,0,NA,1,1,1,1,1,1,"co-occurring","within_date",TRUE,"Sporothrix",NA,"ASV_23023  Sporothrix sp."
"asv","Cyclorhipidion pelliculosum","ASV_25723",69,13,4,0,13,4,52,0,0.0789460206293626,0.0574045587459174,-1.37525698923654,1,0.202,0.404,1,1,1,"avoiding","within_date",TRUE,"Ceratocystiopsis","manitobensis","ASV_25723  Ceratocystiopsis manitobensis"
"asv","Dendroctonus valens","ASV_6117",69,14,13,8,6,5,50,0.421052631578947,0.14318694495166,0.0692222569554194,4.01410902863567,0.002,1,0.004,0.3432,0.000288644276971136,0.0137587105356241,"co-occurring","within_date",TRUE,"Leptographium","gracile","ASV_6117  Leptographium gracile"
"asv","Dendroctonus valens","ASV_15258",69,14,7,6,8,1,54,0.4,0.138726019356429,0.0634055841904172,4.12067776016262,0.0025,1,0.005,0.3575,0.000156267893270222,0.00957698945898931,"co-occurring","within_date",TRUE,"Ophiostoma","pallidulum","ASV_15258  Ophiostoma pallidulum"
"asv","Dendroctonus valens","ASV_8274",69,14,12,7,7,5,50,0.368421052631579,0.129926856864263,0.063585989634151,3.75073498328042,0.004,0.9995,0.008,0.429,0.00147671031859497,0.042233915111816,"co-occurring","within_date",TRUE,"Sporothrix","rossii","ASV_8274  Sporothrix rossii"
"asv","Dendroctonus valens","ASV_13249",69,14,6,5,9,1,54,0.333333333333333,0.110116781325453,0.0663925543997031,3.36207205802099,0.0145,0.9995,0.029,0.65208,0.000943571783028591,0.0311378688399435,"co-occurring","within_date",TRUE,"Ophiostoma","denticulatum","ASV_13249  Ophiostoma denticulatum"
"asv","Dendroctonus valens","ASV_1646",69,14,5,4,10,1,54,0.266666666666667,0.116353222129273,0.062427072410224,2.40782466218576,0.0465,0.998,0.093,0.960142857142857,0.00507691720426003,0.0588647967737176,"co-occurring","within_date",TRUE,"Raffaelea","arxii","ASV_1646  Raffaelea arxii"
"asv","Dendroctonus valens","ASV_15268",69,14,5,4,10,1,54,0.266666666666667,0.0793628023161914,0.0605372530740257,3.09402648517001,0.0155,1,0.031,0.65208,0.00507691720426003,0.0588647967737176,"co-occurring","within_date",TRUE,"Grosmannia","olivacea","ASV_15268  Grosmannia olivacea"
"asv","Dendroctonus valens","ASV_3603",69,14,10,5,9,5,50,0.263157894736842,0.167286030435755,0.0693729658877277,1.38197730303538,0.1635,0.9615,0.327,1,0.0237720746622119,0.143788101744797,"co-occurring","within_date",TRUE,"Sporothrix","eucastaneae","ASV_3603  Sporothrix eucastaneae"
"asv","Dendroctonus valens","ASV_7618",69,14,7,4,10,3,52,0.235294117647059,0.0964495341065802,0.0597221115030496,2.32484384838585,0.051,0.9925,0.102,0.9945,0.0272526434324541,0.150550121710942,"co-occurring","within_date",TRUE,"Leptographium","lundbergii","ASV_7618  Leptographium lundbergii"
"asv","Dendroctonus valens","ASV_21569",69,14,7,4,10,3,52,0.235294117647059,0.111080017562963,0.0635641288416107,1.95415405430338,0.087,0.988,0.174,1,0.0272526434324541,0.150550121710942,"co-occurring","within_date",TRUE,"Sporothrix",NA,"ASV_21569  Sporothrix sp."
"asv","Dendroctonus valens","ASV_660",69,14,13,5,9,8,47,0.227272727272727,0.205232350451246,0.0710196481841975,0.310341960077253,0.487,0.771,0.974,1,0.119241968133597,0.343320834424921,"co-occurring","within_date",TRUE,"Grosmannia","francke-grosmanniae","ASV_660  Grosmannia francke-grosmanniae"
"asv","Dendroctonus valens","ASV_1122",69,14,8,4,10,4,51,0.222222222222222,0.153438865607063,0.0699890645586671,0.9827729095808,0.2715,0.9255,0.543,1,0.0476675179502209,0.208666991843314,"co-occurring","within_date",TRUE,"Raffaelea","arxii","ASV_1122  Raffaelea arxii"
"asv","Dendroctonus valens","ASV_16537",69,14,3,3,11,0,55,0.214285714285714,0.0607095214273809,0.0482464350803777,3.18316146265477,0.0145,1,0.029,0.65208,0.00694736038477689,0.0693120373271927,"co-occurring","within_date",TRUE,"Graphilbum",NA,"ASV_16537  Graphilbum sp."
"asv","Dendroctonus valens","ASV_17726",69,14,3,3,11,0,55,0.214285714285714,0.0833535815526813,0.0531291319757218,2.46441317341425,0.0445,1,0.089,0.954525,0.00694736038477689,0.0693120373271927,"co-occurring","within_date",TRUE,NA,NA,"ASV_17726  "
"asv","Dendroctonus valens","ASV_3556",69,14,9,4,10,5,50,0.210526315789474,0.148292311947012,0.0703291496668676,0.884896293176439,0.2985,0.9085,0.597,1,0.0749765959936596,0.277284135183448,"co-occurring","within_date",TRUE,"Sporothrix","rossii","ASV_3556  Sporothrix rossii"
"asv","Dendroctonus valens","ASV_7886",69,14,4,3,11,1,54,0.2,0.0807652775967826,0.0599592906128268,1.98859461452184,0.0905,0.9915,0.181,1,0.0243157613467191,0.144881411357535,"co-occurring","within_date",TRUE,"Grosmannia",NA,"ASV_7886  Grosmannia sp."
"asv","Dendroctonus valens","ASV_7106",69,14,5,3,11,2,53,0.1875,0.124547515354317,0.0579061334146994,1.08714709363935,0.298,0.962,0.596,1,0.0531740275604077,0.223643704151127,"co-occurring","within_date",TRUE,"Ophiostoma","denticiliatum","ASV_7106  Ophiostoma denticiliatum"
"asv","Dendroctonus valens","ASV_9363",69,14,5,3,11,2,53,0.1875,0.0744105712987221,0.0552821731287293,2.04567625150949,0.082,0.9925,0.164,1,0.0531740275604077,0.223643704151127,"co-occurring","within_date",TRUE,"Sporothrix",NA,"ASV_9363  Sporothrix sp."
"asv","Dendroctonus valens","ASV_8131",69,14,6,3,11,3,52,0.176470588235294,0.0649546479466094,0.048340887385426,2.30686580905225,0.059,0.995,0.118,1,0.0930044470740925,0.299991787930719,"co-occurring","within_date",TRUE,"Graphilbum",NA,"ASV_8131  Graphilbum sp."
"asv","Dendroctonus valens","ASV_8895",69,14,13,4,10,9,46,0.173913043478261,0.0828760030017186,0.0486531771278755,1.87114276704415,0.094,0.9855,0.188,1,0.442831455664983,0.744998801883441,"co-occurring","within_date",TRUE,"Ceratocystiopsis","manitobensis","ASV_8895  Ceratocystiopsis manitobensis"
"asv","Dendroctonus valens","ASV_5162",69,14,7,3,11,4,51,0.166666666666667,0.144986896182872,0.0660234791959267,0.328364556788341,0.531,0.805,1,1,0.142318299805321,0.376879942077054,"co-occurring","within_date",TRUE,"Sporothrix",NA,"ASV_5162  Sporothrix sp."
"asv","Dendroctonus valens","ASV_6045",69,14,7,3,11,4,51,0.166666666666667,0.0664323906019057,0.0464274209520571,2.1589455974362,0.078,0.9955,0.156,1,0.142318299805321,0.376879942077054,"co-occurring","within_date",TRUE,"Sporothrix",NA,"ASV_6045  Sporothrix sp."
"asv","Dendroctonus valens","ASV_6959",69,14,7,3,11,4,51,0.166666666666667,0.0514733889132385,0.0439444753780021,2.62133696585423,0.033,0.9965,0.066,0.858,0.142318299805321,0.376879942077054,"co-occurring","within_date",TRUE,"Ophiostoma","adjuncti","ASV_6959  Ophiostoma adjuncti"
"asv","Dendroctonus valens","ASV_15738",69,14,7,3,11,4,51,0.166666666666667,0.0926114114848976,0.0569701689533723,1.29989530560073,0.2105,0.9675,0.421,1,0.142318299805321,0.376879942077054,"co-occurring","within_date",TRUE,"Graphilbum",NA,"ASV_15738  Graphilbum sp."
"asv","Dendroctonus valens","ASV_11554",69,14,3,2,12,1,54,0.133333333333333,0.0602313061292556,0.052240180097809,1.39934485423307,0.2075,0.9725,0.415,1,0.102473565675459,0.316267335789726,"co-occurring","within_date",TRUE,"Raffaelea","crossotarsi","ASV_11554  Raffaelea crossotarsi"
"asv","Dendroctonus valens","ASV_28495",69,14,3,2,12,1,54,0.133333333333333,0.0526033850258466,0.0438181807124934,1.84238475890144,0.1485,1,0.297,1,0.102473565675459,0.316267335789726,"co-occurring","within_date",TRUE,"Raffaelea","subfusca","ASV_28495  Raffaelea subfusca"
"asv","Dendroctonus valens","ASV_4337",69,14,4,2,12,2,53,0.125,0.0721011766387407,0.0559356682996393,0.945708256811879,0.3245,0.938,0.649,1,0.180631370004199,0.43350978763192,"co-occurring","within_date",TRUE,"Ophiostoma","undulatum","ASV_4337  Ophiostoma undulatum"
"asv","Dendroctonus valens","ASV_6746",69,14,4,2,12,2,53,0.125,0.0859883723374303,0.060423846092781,0.645632977461701,0.42,0.8925,0.84,1,0.180631370004199,0.43350978763192,"co-occurring","within_date",TRUE,"Graphilbum",NA,"ASV_6746  Graphilbum sp."
"asv","Dendroctonus valens","ASV_11600",69,14,4,2,12,2,53,0.125,0.0956544448694943,0.0604448482922217,0.485493072769974,0.5,0.867,1,1,0.180631370004199,0.43350978763192,"co-occurring","within_date",TRUE,"Ophiostoma","undulatum","ASV_11600  Ophiostoma undulatum"
"asv","Dendroctonus valens","ASV_23023",69,14,4,2,12,2,53,0.125,0.0385825265573972,0.0415141142652409,2.08164078584133,0.101,0.9945,0.202,1,0.180631370004199,0.43350978763192,"co-occurring","within_date",TRUE,"Sporothrix",NA,"ASV_23023  Sporothrix sp."
"asv","Dendroctonus valens","ASV_7819",69,14,5,2,12,3,52,0.117647058823529,0.0640256402711173,0.0527336623278869,1.01683471591647,0.306,0.943,0.612,1,0.265602931633393,0.566883869008586,"co-occurring","within_date",TRUE,"Hawksworthiomyces",NA,"ASV_7819  Hawksworthiomyces sp."
"asv","Dendroctonus valens","ASV_8974",69,14,3,1,13,2,53,0.0625,0.0497189070725842,0.0482708791755936,0.264778540306308,0.6065,0.844,1,1,0.499274726113677,0.814406302291892,"co-occurring","within_date",TRUE,"Ophiostoma","karelicum","ASV_8974  Ophiostoma karelicum"
"asv","Dendroctonus valens","ASV_9224",69,14,3,1,13,2,53,0.0625,0.0504627313656831,0.0425806236793565,0.282693572667248,0.663,0.8725,1,1,0.499274726113677,0.814406302291892,"co-occurring","within_date",TRUE,"Ophiostoma","sparsiannulatum","ASV_9224  Ophiostoma sparsiannulatum"
"asv","Dendroctonus valens","ASV_5724",69,14,4,1,13,3,52,0.0588235294117647,0.0830788293306328,0.0573751513794772,-0.422749209992396,0.842,0.6025,1,1,1,1,"avoiding","within_date",TRUE,"Graphilbum",NA,"ASV_5724  Graphilbum sp."
"asv","Dendroctonus valens","ASV_22166",69,14,4,1,13,3,52,0.0588235294117647,0.0965143285928685,0.0619829069068395,-0.608083761507881,0.875,0.4995,0.999,1,1,1,"avoiding","within_date",TRUE,"Grosmannia","cucullata","ASV_22166  Grosmannia cucullata"
"asv","Dendroctonus valens","ASV_25723",69,14,4,1,13,3,52,0.0588235294117647,0.0753111850042679,0.0567695297464838,-0.290431428023665,0.7895,0.65,1,1,1,1,"avoiding","within_date",TRUE,"Ceratocystiopsis","manitobensis","ASV_25723  Ceratocystiopsis manitobensis"
"asv","Dendroctonus valens","ASV_4044",69,14,6,1,13,5,50,0.0526315789473684,0.0388457042418705,0.0409326511628885,0.336794082812717,0.5615,0.8555,1,1,1,1,"co-occurring","within_date",TRUE,"Graphilbum",NA,"ASV_4044  Graphilbum sp."
"asv","Dendroctonus valens","ASV_22950",69,14,6,1,13,5,50,0.0526315789473684,0.101737487250679,0.062741616985201,-0.782668835501857,0.9105,0.4045,0.809,1,1,1,"avoiding","within_date",TRUE,"Sporothrix",NA,"ASV_22950  Sporothrix sp."
"asv","Dendroctonus valens","ASV_13560",69,14,7,1,13,6,49,0.05,0.0550295529601744,0.0481438256753752,-0.104469324770486,0.703,0.713,1,1,1,1,"avoiding","within_date",TRUE,"Hawksworthiomyces",NA,"ASV_13560  Hawksworthiomyces sp."
"asv","Dendroctonus valens","ASV_27488",69,14,4,0,14,4,51,0,0.074725177714909,0.0591970083152802,-1.26231341484229,1,0.2345,0.469,1,0.575142191854029,0.85549951917986,"avoiding","within_date",TRUE,"Ceratocystiopsis","synnemata","ASV_27488  Ceratocystiopsis synnemata"
"asv","Dryocoetes autographus","ASV_13249",69,14,6,3,11,3,52,0.176470588235294,0.0511065646342273,0.0442452648680039,2.83338847614684,0.028,1,0.056,0.774967741935484,0.0930044470740925,0.299991787930719,"co-occurring","within_date",FALSE,"Ophiostoma","denticulatum","ASV_13249  Ophiostoma denticulatum"
"asv","Dryocoetes autographus","ASV_6117",69,14,13,4,10,9,46,0.173913043478261,0.103015790025927,0.0533868694089097,1.32799046352214,0.184,0.9565,0.368,1,0.442831455664983,0.744998801883441,"co-occurring","within_date",FALSE,"Leptographium","gracile","ASV_6117  Leptographium gracile"
"asv","Dryocoetes autographus","ASV_6959",69,14,7,3,11,4,51,0.166666666666667,0.09730605756955,0.0620577211755144,1.1176789573202,0.2425,0.9445,0.485,1,0.142318299805321,0.376879942077054,"co-occurring","within_date",FALSE,"Ophiostoma","adjuncti","ASV_6959  Ophiostoma adjuncti"
"asv","Dryocoetes autographus","ASV_8274",69,14,12,3,11,9,46,0.130434782608696,0.0833858563010102,0.0500072494676465,0.940842114064382,0.2935,0.918,0.587,1,0.698059915904878,0.92051372906367,"co-occurring","within_date",FALSE,"Sporothrix","rossii","ASV_8274  Sporothrix rossii"
"asv","Dryocoetes autographus","ASV_7886",69,14,4,2,12,2,53,0.125,0.036602860253657,0.0400564541001207,2.20681390133523,0.096,1,0.192,1,0.180631370004199,0.43350978763192,"co-occurring","within_date",FALSE,"Grosmannia",NA,"ASV_7886  Grosmannia sp."
"asv","Dryocoetes autographus","ASV_8895",69,14,13,3,11,10,45,0.125,0.103027977959793,0.0523127639918836,0.420012638667228,0.4695,0.819,0.939,1,0.718285567471059,0.942337946315242,"co-occurring","within_date",FALSE,"Ceratocystiopsis","manitobensis","ASV_8895  Ceratocystiopsis manitobensis"
"asv","Dryocoetes autographus","ASV_23023",69,14,4,2,12,2,53,0.125,0.061554937132433,0.0507767364129158,1.24949075796507,0.2435,0.966,0.487,1,0.180631370004199,0.43350978763192,"co-occurring","within_date",FALSE,"Sporothrix",NA,"ASV_23023  Sporothrix sp."
"asv","Dryocoetes autographus","ASV_9363",69,14,5,2,12,3,52,0.117647058823529,0.0624711865736803,0.0499025381775309,1.10567266245172,0.288,0.953,0.576,1,0.265602931633393,0.566883869008586,"co-occurring","within_date",FALSE,"Sporothrix",NA,"ASV_9363  Sporothrix sp."
"asv","Dryocoetes autographus","ASV_15268",69,14,5,2,12,3,52,0.117647058823529,0.0558134459386568,0.0469689091546016,1.31647964574486,0.2445,0.975,0.489,1,0.265602931633393,0.566883869008586,"co-occurring","within_date",FALSE,"Grosmannia","olivacea","ASV_15268  Grosmannia olivacea"
"asv","Dryocoetes autographus","ASV_8131",69,14,6,2,12,4,51,0.111111111111111,0.0769584568686146,0.0528815500261727,0.645833078372198,0.4355,0.8955,0.871,1,0.593729720960415,0.858916144196213,"co-occurring","within_date",FALSE,"Graphilbum",NA,"ASV_8131  Graphilbum sp."
"asv","Dryocoetes autographus","ASV_6045",69,14,7,2,12,5,50,0.105263157894737,0.101667623027201,0.056095830859617,0.0640962940103982,0.649,0.7505,1,1,0.623823815704088,0.868897457587837,"co-occurring","within_date",FALSE,"Sporothrix",NA,"ASV_6045  Sporothrix sp."
"asv","Dryocoetes autographus","ASV_15738",69,14,7,2,12,5,50,0.105263157894737,0.0612826537107562,0.0473766384563708,0.928316267615363,0.332,0.936,0.664,1,0.623823815704088,0.868897457587837,"co-occurring","within_date",FALSE,"Graphilbum",NA,"ASV_15738  Graphilbum sp."
"asv","Dryocoetes autographus","ASV_21569",69,14,7,2,12,5,50,0.105263157894737,0.0397817329717486,0.0357385219636542,1.83223651469365,0.15,1,0.3,1,0.623823815704088,0.868897457587837,"co-occurring","within_date",FALSE,"Sporothrix",NA,"ASV_21569  Sporothrix sp."
"asv","Dryocoetes autographus","ASV_4044",69,14,6,1,13,5,50,0.0526315789473684,0.0666158242519964,0.051122838300377,-0.273542036583773,0.78,0.648,1,1,1,1,"avoiding","within_date",FALSE,"Graphilbum",NA,"ASV_4044  Graphilbum sp."
"asv","Dryocoetes autographus","ASV_7618",69,14,7,1,13,6,49,0.05,0.0455148626945047,0.0406476070944613,0.110341976467944,0.66,0.7935,1,1,1,1,"co-occurring","within_date",FALSE,"Leptographium","lundbergii","ASV_7618  Leptographium lundbergii"
"asv","Dryocoetes autographus","ASV_13560",69,14,7,1,13,6,49,0.05,0.0874342356936994,0.0584870316041909,-0.640043350926653,0.87,0.4685,0.937,1,1,1,"avoiding","within_date",FALSE,"Hawksworthiomyces",NA,"ASV_13560  Hawksworthiomyces sp."
"asv","Dryocoetes autographus","ASV_15258",69,14,7,1,13,6,49,0.05,0.0301176904241591,0.0331645403276677,0.599505055079989,0.5075,0.914,1,1,1,1,"co-occurring","within_date",FALSE,"Ophiostoma","pallidulum","ASV_15258  Ophiostoma pallidulum"
"asv","Dryocoetes autographus","ASV_3556",69,14,9,1,13,8,47,0.0454545454545455,0.0359896398415663,0.0348775128356762,0.271375589697943,0.607,0.8455,1,1,0.674153046072605,0.898172847096732,"co-occurring","within_date",FALSE,"Sporothrix","rossii","ASV_3556  Sporothrix rossii"
"asv","Dryocoetes autographus","ASV_3603",69,14,10,1,13,9,46,0.0434782608695652,0.0609563392650586,0.0389903594441538,-0.448266665007984,0.856,0.5855,1,1,0.674153046072605,0.898172847096732,"avoiding","within_date",FALSE,"Sporothrix","eucastaneae","ASV_3603  Sporothrix eucastaneae"
"asv","Dryocoetes autographus","ASV_660",69,14,13,0,14,13,42,0,0.025293415938739,0.024818899712636,-1.01911914837471,1,0.4345,0.869,1,0.0561754624240655,0.231097344843194,"avoiding","within_date",FALSE,"Grosmannia","francke-grosmanniae","ASV_660  Grosmannia francke-grosmanniae"
"asv","Dryocoetes autographus","ASV_1122",69,14,8,0,14,8,47,0,0.0155077538769384,0.0223209156684706,-0.694763337995309,1,0.6745,1,1,0.193284105419606,0.45310864057383,"avoiding","within_date",FALSE,"Raffaelea","arxii","ASV_1122  Raffaelea arxii"
"asv","Dryocoetes autographus","ASV_1646",69,14,5,0,14,5,50,0,0,0,NA,1,1,1,1,0.575142191854029,0.85549951917986,"co-occurring","within_date",FALSE,"Raffaelea","arxii","ASV_1646  Raffaelea arxii"
"asv","Dryocoetes autographus","ASV_4337",69,14,4,0,14,4,51,0,0.00938704646440864,0.0215475016187161,-0.435644309512668,1,0.8405,1,1,0.575142191854029,0.85549951917986,"avoiding","within_date",FALSE,"Ophiostoma","undulatum","ASV_4337  Ophiostoma undulatum"
"asv","Dryocoetes autographus","ASV_5162",69,14,7,0,14,7,48,0,0,0,NA,1,1,1,1,0.330406391953277,0.631596840638643,"co-occurring","within_date",FALSE,"Sporothrix",NA,"ASV_5162  Sporothrix sp."
"asv","Dryocoetes autographus","ASV_5724",69,14,4,0,14,4,51,0,0,0,NA,1,1,1,1,0.575142191854029,0.85549951917986,"co-occurring","within_date",FALSE,"Graphilbum",NA,"ASV_5724  Graphilbum sp."
"asv","Dryocoetes autographus","ASV_6746",69,14,4,0,14,4,51,0,0.0206573875172883,0.0280857149481117,-0.735512254377456,1,0.649,1,1,0.575142191854029,0.85549951917986,"avoiding","within_date",FALSE,"Graphilbum",NA,"ASV_6746  Graphilbum sp."
"asv","Dryocoetes autographus","ASV_7106",69,14,5,0,14,5,50,0,0,0,NA,1,1,1,1,0.575142191854029,0.85549951917986,"co-occurring","within_date",FALSE,"Ophiostoma","denticiliatum","ASV_7106  Ophiostoma denticiliatum"
"asv","Dryocoetes autographus","ASV_7819",69,14,5,0,14,5,50,0,0.0367324184968307,0.0394791497149295,-0.930425775683306,1,0.466,0.932,1,0.575142191854029,0.85549951917986,"avoiding","within_date",FALSE,"Hawksworthiomyces",NA,"ASV_7819  Hawksworthiomyces sp."
"asv","Dryocoetes autographus","ASV_8974",69,14,3,0,14,3,52,0,0.0108804402201101,0.023704949635963,-0.458994445767699,1,0.826,1,1,1,1,"avoiding","within_date",FALSE,"Ophiostoma","karelicum","ASV_8974  Ophiostoma karelicum"
"asv","Dryocoetes autographus","ASV_9224",69,14,3,0,14,3,52,0,0.0284204602301151,0.0311294228593442,-0.912977421988537,1,0.5455,1,1,1,1,"avoiding","within_date",FALSE,"Ophiostoma","sparsiannulatum","ASV_9224  Ophiostoma sparsiannulatum"
"asv","Dryocoetes autographus","ASV_11554",69,14,3,0,14,3,52,0,0,0,NA,1,1,1,1,1,1,"co-occurring","within_date",FALSE,"Raffaelea","crossotarsi","ASV_11554  Raffaelea crossotarsi"
"asv","Dryocoetes autographus","ASV_11600",69,14,4,0,14,4,51,0,0,0,NA,1,1,1,1,0.575142191854029,0.85549951917986,"co-occurring","within_date",FALSE,"Ophiostoma","undulatum","ASV_11600  Ophiostoma undulatum"
"asv","Dryocoetes autographus","ASV_16537",69,14,3,0,14,3,52,0,0.00997373686843422,0.0228942204698851,-0.435644309512682,1,0.8405,1,1,1,1,"avoiding","within_date",FALSE,"Graphilbum",NA,"ASV_16537  Graphilbum sp."
"asv","Dryocoetes autographus","ASV_17726",69,14,3,0,14,3,52,0,0,0,NA,1,1,1,1,1,1,"co-occurring","within_date",FALSE,NA,NA,"ASV_17726  "
"asv","Dryocoetes autographus","ASV_22166",69,14,4,0,14,4,51,0,0,0,NA,1,1,1,1,0.575142191854029,0.85549951917986,"co-occurring","within_date",FALSE,"Grosmannia","cucullata","ASV_22166  Grosmannia cucullata"
"asv","Dryocoetes autographus","ASV_22950",69,14,6,0,14,6,49,0,0.0405677554979768,0.0412131347815744,-0.984340446631443,1,0.4195,0.839,1,0.334831994121464,0.631596840638643,"avoiding","within_date",FALSE,"Sporothrix",NA,"ASV_22950  Sporothrix sp."
"asv","Dryocoetes autographus","ASV_25723",69,14,4,0,14,4,51,0,0.00953417885413292,0.0216833734867147,-0.439699978417771,1,0.838,1,1,0.575142191854029,0.85549951917986,"avoiding","within_date",FALSE,"Ceratocystiopsis","manitobensis","ASV_25723  Ceratocystiopsis manitobensis"
"asv","Dryocoetes autographus","ASV_27488",69,14,4,0,14,4,51,0,0.0404577288644332,0.0387435349895847,-1.04424464301746,1,0.4155,0.831,1,0.575142191854029,0.85549951917986,"avoiding","within_date",FALSE,"Ceratocystiopsis","synnemata","ASV_27488  Ceratocystiopsis synnemata"
"asv","Dryocoetes autographus","ASV_28495",69,14,3,0,14,3,52,0,0.0277013506753377,0.0310556283985987,-0.891991310553795,1,0.557,1,1,1,1,"avoiding","within_date",FALSE,"Raffaelea","subfusca","ASV_28495  Raffaelea subfusca"
"asv","Heteroborips seriatus","ASV_660",69,21,13,13,8,0,48,0.619047619047619,0.241906285618488,0.0632011563822309,5.96731697673755,5e-04,1,0.001,0.2145,5.26483943325486e-09,2.25861611686634e-06,"co-occurring","within_date",TRUE,"Grosmannia","francke-grosmanniae","ASV_660  Grosmannia francke-grosmanniae"
"asv","Heteroborips seriatus","ASV_1122",69,21,8,8,13,0,48,0.380952380952381,0.170089915352984,0.0574381688050865,3.6711209633954,0.003,1,0.006,0.367714285714286,2.43366773269852e-05,0.00261010864331916,"co-occurring","within_date",TRUE,"Raffaelea","arxii","ASV_1122  Raffaelea arxii"
"asv","Heteroborips seriatus","ASV_3603",69,21,10,7,14,3,45,0.291666666666667,0.183427161551095,0.0604150182073481,1.79159931300669,0.0895,0.982,0.179,1,0.0066322404242797,0.0693120373271927,"co-occurring","within_date",TRUE,"Sporothrix","eucastaneae","ASV_3603  Sporothrix eucastaneae"
"asv","Heteroborips seriatus","ASV_21569",69,21,7,6,15,1,47,0.272727272727273,0.139813458523682,0.0582200090236873,2.28295763660073,0.0395,0.9945,0.079,0.937026315789474,0.00252197510471358,0.0528548724099649,"co-occurring","within_date",TRUE,"Sporothrix",NA,"ASV_21569  Sporothrix sp."
"asv","Heteroborips seriatus","ASV_6117",69,21,13,7,14,6,42,0.259259259259259,0.156857666631371,0.0572223926733918,1.78953706484044,0.0855,0.979,0.171,1,0.0525734166628686,0.223643704151127,"co-occurring","within_date",TRUE,"Leptographium","gracile","ASV_6117  Leptographium gracile"
"asv","Heteroborips seriatus","ASV_3556",69,21,9,6,15,3,45,0.25,0.148161496039707,0.0521065569625344,1.95442780902827,0.072,0.9905,0.144,1,0.0190530421928955,0.124180790896075,"co-occurring","within_date",TRUE,"Sporothrix","rossii","ASV_3556  Sporothrix rossii"
"asv","Heteroborips seriatus","ASV_1646",69,21,5,5,16,0,48,0.238095238095238,0.123010050103163,0.0476055366760739,2.41747485749732,0.0345,1,0.069,0.870617647058824,0.0018106487931277,0.0476522676145242,"co-occurring","within_date",TRUE,"Raffaelea","arxii","ASV_1646  Raffaelea arxii"
"asv","Heteroborips seriatus","ASV_8274",69,21,12,6,15,6,42,0.222222222222222,0.161134195649628,0.057164302773152,1.06863940622198,0.2345,0.9215,0.469,1,0.164975151898807,0.428935394936899,"co-occurring","within_date",TRUE,"Sporothrix","rossii","ASV_8274  Sporothrix rossii"
"asv","Heteroborips seriatus","ASV_5162",69,21,7,5,16,2,46,0.217391304347826,0.15932306062719,0.0543316971579751,1.0687728666343,0.259,0.9375,0.518,1,0.0237970984239641,0.143788101744797,"co-occurring","within_date",TRUE,"Sporothrix",NA,"ASV_5162  Sporothrix sp."
"asv","Heteroborips seriatus","ASV_15258",69,21,7,5,16,2,46,0.217391304347826,0.13792830764447,0.0485042558380043,1.63826854634672,0.1195,0.9775,0.239,1,0.0237970984239641,0.143788101744797,"co-occurring","within_date",TRUE,"Ophiostoma","pallidulum","ASV_15258  Ophiostoma pallidulum"
"asv","Heteroborips seriatus","ASV_11600",69,21,4,4,17,0,48,0.19047619047619,0.0989681152452732,0.0442265795973351,2.06907420976392,0.073,1,0.146,1,0.00692306891490004,0.0693120373271927,"co-occurring","within_date",TRUE,"Ophiostoma","undulatum","ASV_11600  Ophiostoma undulatum"
"asv","Heteroborips seriatus","ASV_22166",69,21,4,4,17,0,48,0.19047619047619,0.0975564480904087,0.0455416959102546,2.04032240189059,0.082,1,0.164,1,0.00692306891490004,0.0693120373271927,"co-occurring","within_date",TRUE,"Grosmannia","cucullata","ASV_22166  Grosmannia cucullata"
"asv","Heteroborips seriatus","ASV_7106",69,21,5,4,17,1,47,0.181818181818182,0.128514156381787,0.0433487447076131,1.22965557124965,0.247,0.97,0.494,1,0.0273727494019894,0.150550121710942,"co-occurring","within_date",TRUE,"Ophiostoma","denticiliatum","ASV_7106  Ophiostoma denticiliatum"
"asv","Heteroborips seriatus","ASV_13249",69,21,6,4,17,2,46,0.173913043478261,0.106705900728674,0.0476985625436534,1.40899723525377,0.182,0.972,0.364,1,0.064917084671255,0.242168950643203,"co-occurring","within_date",TRUE,"Ophiostoma","denticulatum","ASV_13249  Ophiostoma denticulatum"
"asv","Heteroborips seriatus","ASV_11554",69,21,3,3,18,0,48,0.142857142857143,0.0678377020243604,0.0396587491619544,1.89162397750936,0.108,1,0.216,1,0.0253845860213002,0.149177909632024,"co-occurring","within_date",TRUE,"Raffaelea","crossotarsi","ASV_11554  Raffaelea crossotarsi"
"asv","Heteroborips seriatus","ASV_4337",69,21,4,3,18,1,47,0.136363636363636,0.0705614665040024,0.0377181438991304,1.74457603310515,0.1415,1,0.283,1,0.0807691373405005,0.291030133459938,"co-occurring","within_date",TRUE,"Ophiostoma","undulatum","ASV_4337  Ophiostoma undulatum"
"asv","Heteroborips seriatus","ASV_8131",69,21,6,3,18,3,45,0.125,0.0923665823486396,0.0459683564025732,0.709910473317112,0.3965,0.8945,0.793,1,0.359177477483009,0.669944077566133,"co-occurring","within_date",TRUE,"Graphilbum",NA,"ASV_8131  Graphilbum sp."
"asv","Heteroborips seriatus","ASV_22950",69,21,6,3,18,3,45,0.125,0.0890266629210025,0.0408721108149934,0.880143852658599,0.353,0.9315,0.706,1,0.359177477483009,0.669944077566133,"co-occurring","within_date",TRUE,"Sporothrix",NA,"ASV_22950  Sporothrix sp."
"asv","Heteroborips seriatus","ASV_7618",69,21,7,3,18,4,44,0.12,0.107673601110319,0.0460268570164025,0.267808833553161,0.5735,0.79,1,1,0.666711690416695,0.898172847096732,"co-occurring","within_date",TRUE,"Leptographium","lundbergii","ASV_7618  Leptographium lundbergii"
"asv","Heteroborips seriatus","ASV_8895",69,21,13,3,18,10,38,0.0967741935483871,0.0922344486254842,0.0415532316751021,0.109251308259208,0.604,0.7245,1,1,0.7403030243516,0.968262187337915,"co-occurring","within_date",TRUE,"Ceratocystiopsis","manitobensis","ASV_8895  Ceratocystiopsis manitobensis"
"asv","Heteroborips seriatus","ASV_9224",69,21,3,2,19,1,47,0.0909090909090909,0.0691119133818744,0.0386001978216789,0.564690824329783,0.5145,0.8945,1,1,0.217773027445891,0.494310205154958,"co-occurring","within_date",TRUE,"Ophiostoma","sparsiannulatum","ASV_9224  Ophiostoma sparsiannulatum"
"asv","Heteroborips seriatus","ASV_16537",69,21,3,2,19,1,47,0.0909090909090909,0.0522889903449746,0.0303000712191321,1.27458778181785,0.32,1,0.64,1,0.217773027445891,0.494310205154958,"co-occurring","within_date",TRUE,"Graphilbum",NA,"ASV_16537  Graphilbum sp."
"asv","Heteroborips seriatus","ASV_17726",69,21,3,2,19,1,47,0.0909090909090909,0.0796033250956366,0.0367005192313055,0.308054655635785,0.641,0.8525,1,1,0.217773027445891,0.494310205154958,"co-occurring","within_date",TRUE,NA,NA,"ASV_17726  "
"asv","Heteroborips seriatus","ASV_28495",69,21,3,2,19,1,47,0.0909090909090909,0.0700604395930318,0.0395821290674634,0.526718794750148,0.5155,0.878,1,1,0.217773027445891,0.494310205154958,"co-occurring","within_date",TRUE,"Raffaelea","subfusca","ASV_28495  Raffaelea subfusca"
"asv","Heteroborips seriatus","ASV_5724",69,21,4,2,19,2,46,0.0869565217391304,0.0923971890895551,0.0457873667827572,-0.118824639473994,0.7295,0.678,1,1,0.579854737010137,0.85549951917986,"avoiding","within_date",TRUE,"Graphilbum",NA,"ASV_5724  Graphilbum sp."
"asv","Heteroborips seriatus","ASV_6746",69,21,4,2,19,2,46,0.0869565217391304,0.0863520175295611,0.0450210934308289,0.0134271330059573,0.6665,0.716,1,1,0.579854737010137,0.85549951917986,"co-occurring","within_date",TRUE,"Graphilbum",NA,"ASV_6746  Graphilbum sp."
"asv","Heteroborips seriatus","ASV_7886",69,21,4,2,19,2,46,0.0869565217391304,0.0706523857637452,0.0406841894664546,0.40074869843059,0.5415,0.844,1,1,0.579854737010137,0.85549951917986,"co-occurring","within_date",TRUE,"Grosmannia",NA,"ASV_7886  Grosmannia sp."
"asv","Heteroborips seriatus","ASV_25723",69,21,4,2,19,2,46,0.0869565217391304,0.0720793532471102,0.0381414788639685,0.390052219660375,0.5715,0.8445,1,1,0.579854737010137,0.85549951917986,"co-occurring","within_date",TRUE,"Ceratocystiopsis","manitobensis","ASV_25723  Ceratocystiopsis manitobensis"
"asv","Heteroborips seriatus","ASV_7819",69,21,5,2,19,3,45,0.0833333333333333,0.0568552392138106,0.0364148265765092,0.727123993406672,0.432,0.9115,0.864,1,0.636412753181849,0.880713132629075,"co-occurring","within_date",TRUE,"Hawksworthiomyces",NA,"ASV_7819  Hawksworthiomyces sp."
"asv","Heteroborips seriatus","ASV_9363",69,21,5,2,19,3,45,0.0833333333333333,0.083760510972596,0.0439173596416557,-0.00972685158552899,0.6785,0.7175,1,1,0.636412753181849,0.880713132629075,"avoiding","within_date",TRUE,"Sporothrix",NA,"ASV_9363  Sporothrix sp."
"asv","Heteroborips seriatus","ASV_6045",69,21,7,2,19,5,43,0.0769230769230769,0.0296943343466611,0.0262890648387456,1.79651664546122,0.1545,1,0.309,1,1,1,"co-occurring","within_date",TRUE,"Sporothrix",NA,"ASV_6045  Sporothrix sp."
"asv","Heteroborips seriatus","ASV_13560",69,21,7,2,19,5,43,0.0769230769230769,0.0508468764296689,0.0387740818959232,0.672516258757624,0.4085,0.888,0.817,1,1,1,"co-occurring","within_date",TRUE,"Hawksworthiomyces",NA,"ASV_13560  Hawksworthiomyces sp."
"asv","Heteroborips seriatus","ASV_8974",69,21,3,1,20,2,46,0.0434782608695652,0.0450739203593888,0.0320729619091217,-0.0497509239821662,0.7585,0.745,1,1,1,1,"avoiding","within_date",TRUE,"Ophiostoma","karelicum","ASV_8974  Ophiostoma karelicum"
"asv","Heteroborips seriatus","ASV_27488",69,21,4,1,20,3,45,0.0416666666666667,0.0746345198761614,0.043540248866976,-0.757181092607395,0.9025,0.4205,0.841,1,1,1,"avoiding","within_date",TRUE,"Ceratocystiopsis","synnemata","ASV_27488  Ceratocystiopsis synnemata"
"asv","Heteroborips seriatus","ASV_15268",69,21,5,1,20,4,44,0.04,0.0768127334888984,0.044746922824455,-0.822687486988033,0.914,0.3865,0.773,1,1,1,"avoiding","within_date",TRUE,"Grosmannia","olivacea","ASV_15268  Grosmannia olivacea"
"asv","Heteroborips seriatus","ASV_4044",69,21,6,1,20,5,43,0.0384615384615385,0.0363833839996921,0.0302283726057374,0.0687484731299083,0.6935,0.783,1,1,0.659136956107983,0.897681759270872,"co-occurring","within_date",TRUE,"Graphilbum",NA,"ASV_4044  Graphilbum sp."
"asv","Heteroborips seriatus","ASV_6959",69,21,7,1,20,6,42,0.037037037037037,0.0689009585927622,0.0389915530222875,-0.817200626441112,0.921,0.3935,0.787,1,0.426845103974165,0.72954800639409,"avoiding","within_date",TRUE,"Ophiostoma","adjuncti","ASV_6959  Ophiostoma adjuncti"
"asv","Heteroborips seriatus","ASV_15738",69,21,7,1,20,6,42,0.037037037037037,0.0927700763549122,0.0427347213087053,-1.30416292913842,0.979,0.1975,0.395,1,0.426845103974165,0.72954800639409,"avoiding","within_date",TRUE,"Graphilbum",NA,"ASV_15738  Graphilbum sp."
"asv","Heteroborips seriatus","ASV_23023",69,21,4,0,21,4,44,0,0.0108804402201101,0.0183067022686843,-0.594341900601197,1,0.739,1,1,0.305846956799356,0.619721561891848,"avoiding","within_date",TRUE,"Sporothrix",NA,"ASV_23023  Sporothrix sp."
"asv","Hylastes opacus","ASV_1122",69,8,8,4,4,4,57,0.333333333333333,0.212216764392853,0.0931606901274987,1.30008234991306,0.2075,0.965,0.415,1,0.00461606564050578,0.0588647967737176,"co-occurring","within_date",TRUE,"Raffaelea","arxii","ASV_1122  Raffaelea arxii"
"asv","Hylastes opacus","ASV_660",69,8,13,5,3,8,53,0.3125,0.240145625027332,0.0818714055835524,0.883756354944074,0.3055,0.9115,0.611,1,0.00459437611053716,0.0588647967737176,"co-occurring","within_date",TRUE,"Grosmannia","francke-grosmanniae","ASV_660  Grosmannia francke-grosmanniae"
"asv","Hylastes opacus","ASV_3556",69,8,9,4,4,5,56,0.307692307692308,0.19160082871939,0.0831203037737493,1.39666812682633,0.1895,0.973,0.379,1,0.00788195229983687,0.0768490349234095,"co-occurring","within_date",TRUE,"Sporothrix","rossii","ASV_3556  Sporothrix rossii"
"asv","Hylastes opacus","ASV_22950",69,8,6,3,5,3,58,0.272727272727273,0.131999099782989,0.0768019814601644,1.83235081008003,0.121,0.992,0.242,1,0.0179098204540049,0.123970838741077,"co-occurring","within_date",TRUE,"Sporothrix",NA,"ASV_22950  Sporothrix sp."
"asv","Hylastes opacus","ASV_16537",69,8,3,2,6,1,60,0.222222222222222,0.105708409760435,0.0771265344098782,1.5106838827036,0.2415,1,0.483,1,0.0336679772493034,0.172387018638498,"co-occurring","within_date",TRUE,"Graphilbum",NA,"ASV_16537  Graphilbum sp."
"asv","Hylastes opacus","ASV_17726",69,8,3,2,6,1,60,0.222222222222222,0.165636985159249,0.098812101649355,0.572654929087247,0.501,0.9075,1,1,0.0336679772493034,0.172387018638498,"co-occurring","within_date",TRUE,NA,NA,"ASV_17726  "
"asv","Hylastes opacus","ASV_7886",69,8,4,2,6,2,59,0.2,0.103836766868283,0.0754230615407037,1.27498448309236,0.2765,0.983,0.553,1,0.0633035704990508,0.238221331088533,"co-occurring","within_date",TRUE,"Grosmannia",NA,"ASV_7886  Grosmannia sp."
"asv","Hylastes opacus","ASV_11600",69,8,4,2,6,2,59,0.2,0.158489850986095,0.0956670181936813,0.433902402287337,0.52,0.8735,1,1,0.0633035704990508,0.238221331088533,"co-occurring","within_date",TRUE,"Ophiostoma","undulatum","ASV_11600  Ophiostoma undulatum"
"asv","Hylastes opacus","ASV_22166",69,8,4,2,6,2,59,0.2,0.158979489744869,0.0949396453129869,0.432069343843654,0.534,0.876,1,1,0.0633035704990508,0.238221331088533,"co-occurring","within_date",TRUE,"Grosmannia","cucullata","ASV_22166  Grosmannia cucullata"
"asv","Hylastes opacus","ASV_1646",69,8,5,2,6,3,58,0.181818181818182,0.200189109706372,0.101560259217697,-0.180886973208793,0.75,0.6785,1,1,0.0991702372013094,0.31054037780556,"avoiding","within_date",TRUE,"Raffaelea","arxii","ASV_1646  Raffaelea arxii"
"asv","Hylastes opacus","ASV_7106",69,8,5,2,6,3,58,0.181818181818182,0.248658672770734,0.111349465969294,-0.600276708744916,0.8675,0.488,0.976,1,0.0991702372013094,0.31054037780556,"avoiding","within_date",TRUE,"Ophiostoma","denticiliatum","ASV_7106  Ophiostoma denticiliatum"
"asv","Hylastes opacus","ASV_9363",69,8,5,2,6,3,58,0.181818181818182,0.0958244273651997,0.0696233135862037,1.23512872375012,0.272,0.975,0.544,1,0.0991702372013094,0.31054037780556,"co-occurring","within_date",TRUE,"Sporothrix",NA,"ASV_9363  Sporothrix sp."
"asv","Hylastes opacus","ASV_8274",69,8,12,3,5,9,52,0.176470588235294,0.13148289954108,0.0638731347407059,0.70432880548047,0.401,0.8995,0.802,1,0.136505872994569,0.376879942077054,"co-occurring","within_date",TRUE,"Sporothrix","rossii","ASV_8274  Sporothrix rossii"
"asv","Hylastes opacus","ASV_6117",69,8,13,3,5,10,51,0.166666666666667,0.108003537372403,0.05965923186706,0.983303462991009,0.2915,0.9325,0.583,1,0.166657072282347,0.430698096440523,"co-occurring","within_date",TRUE,"Leptographium","gracile","ASV_6117  Leptographium gracile"
"asv","Hylastes opacus","ASV_8131",69,8,6,2,6,4,57,0.166666666666667,0.0872808198971272,0.0631077615182295,1.25794109725486,0.2845,0.9835,0.569,1,0.139800445574962,0.376879942077054,"co-occurring","within_date",TRUE,"Graphilbum",NA,"ASV_8131  Graphilbum sp."
"asv","Hylastes opacus","ASV_13249",69,8,6,2,6,4,57,0.166666666666667,0.139981879051412,0.0822128749218642,0.324581613775409,0.571,0.8405,1,1,0.139800445574962,0.376879942077054,"co-occurring","within_date",TRUE,"Ophiostoma","denticulatum","ASV_13249  Ophiostoma denticulatum"
"asv","Hylastes opacus","ASV_5162",69,8,7,2,6,5,56,0.153846153846154,0.222448928426916,0.0988105636959904,-0.694285833565645,0.893,0.4425,0.885,1,0.183913243237784,0.43350978763192,"avoiding","within_date",TRUE,"Sporothrix",NA,"ASV_5162  Sporothrix sp."
"asv","Hylastes opacus","ASV_7618",69,8,7,2,6,5,56,0.153846153846154,0.124036543746403,0.0729451099396619,0.4086581009256,0.546,0.8605,1,1,0.183913243237784,0.43350978763192,"co-occurring","within_date",TRUE,"Leptographium","lundbergii","ASV_7618  Leptographium lundbergii"
"asv","Hylastes opacus","ASV_15258",69,8,7,2,6,5,56,0.153846153846154,0.21506682412135,0.095353517948876,-0.64203892622,0.8905,0.483,0.966,1,0.183913243237784,0.43350978763192,"avoiding","within_date",TRUE,"Ophiostoma","pallidulum","ASV_15258  Ophiostoma pallidulum"
"asv","Hylastes opacus","ASV_15738",69,8,7,2,6,5,56,0.153846153846154,0.116376869753562,0.0659059075591536,0.568526942125205,0.5055,0.901,1,1,0.183913243237784,0.43350978763192,"co-occurring","within_date",TRUE,"Graphilbum",NA,"ASV_15738  Graphilbum sp."
"asv","Hylastes opacus","ASV_21569",69,8,7,2,6,5,56,0.153846153846154,0.137207964621674,0.0811294060344144,0.205082103244069,0.5835,0.8055,1,1,0.183913243237784,0.43350978763192,"co-occurring","within_date",TRUE,"Sporothrix",NA,"ASV_21569  Sporothrix sp."
"asv","Hylastes opacus","ASV_3603",69,8,10,2,6,8,53,0.125,0.202137146465925,0.0871585485069183,-0.885021008120641,0.9295,0.3505,0.701,1,0.326795784583521,0.631510772911398,"avoiding","within_date",TRUE,"Sporothrix","eucastaneae","ASV_3603  Sporothrix eucastaneae"
"asv","Hylastes opacus","ASV_28495",69,8,3,1,7,2,59,0.1,0.103735200933799,0.0751531738896584,-0.0497011734898015,0.766,0.778,1,1,0.313089285032637,0.619721561891848,"avoiding","within_date",TRUE,"Raffaelea","subfusca","ASV_28495  Raffaelea subfusca"
"asv","Hylastes opacus","ASV_4337",69,8,4,1,7,3,58,0.0909090909090909,0.101935816393045,0.0743214880770667,-0.148365240918219,0.7835,0.7375,1,1,0.396351189877166,0.702622563873158,"avoiding","within_date",TRUE,"Ophiostoma","undulatum","ASV_4337  Ophiostoma undulatum"
"asv","Hylastes opacus","ASV_6746",69,8,4,1,7,3,58,0.0909090909090909,0.114769505965104,0.0844402293836454,-0.282571651334646,0.8105,0.68,1,1,0.396351189877166,0.702622563873158,"avoiding","within_date",TRUE,"Graphilbum",NA,"ASV_6746  Graphilbum sp."
"asv","Hylastes opacus","ASV_25723",69,8,4,1,7,3,58,0.0909090909090909,0.10748101323389,0.0768244050179922,-0.215711691108026,0.8,0.709,1,1,0.396351189877166,0.702622563873158,"avoiding","within_date",TRUE,"Ceratocystiopsis","manitobensis","ASV_25723  Ceratocystiopsis manitobensis"
"asv","Hylastes opacus","ASV_27488",69,8,4,1,7,3,58,0.0909090909090909,0.0720451134658249,0.0690067219412742,0.273364346437432,0.619,0.8645,1,1,0.396351189877166,0.702622563873158,"co-occurring","within_date",TRUE,"Ceratocystiopsis","synnemata","ASV_27488  Ceratocystiopsis synnemata"
"asv","Hylastes opacus","ASV_7819",69,8,5,1,7,4,57,0.0833333333333333,0.0564335197901974,0.05534424969523,0.486045319816747,0.584,0.927,1,1,0.47064642804613,0.77703744703592,"co-occurring","within_date",TRUE,"Hawksworthiomyces",NA,"ASV_7819  Hawksworthiomyces sp."
"asv","Hylastes opacus","ASV_6959",69,8,7,1,7,6,55,0.0714285714285714,0.0417763826968425,0.0417220306318052,0.710708186603093,0.5395,0.9605,1,1,1,1,"co-occurring","within_date",TRUE,"Ophiostoma","adjuncti","ASV_6959  Ophiostoma adjuncti"
"asv","Hylastes opacus","ASV_8895",69,8,13,1,7,12,49,0.05,0.0607470143740598,0.0423265058381204,-0.253907431318857,0.811,0.681,1,1,1,1,"avoiding","within_date",TRUE,"Ceratocystiopsis","manitobensis","ASV_8895  Ceratocystiopsis manitobensis"
"asv","Hylastes opacus","ASV_4044",69,8,6,0,8,6,55,0,0.00754223265478892,0.0228811794800197,-0.329626043158087,1,0.902,1,1,1,1,"avoiding","within_date",TRUE,"Graphilbum",NA,"ASV_4044  Graphilbum sp."
"asv","Hylastes opacus","ASV_5724",69,8,4,0,8,4,57,0,0.112974669152758,0.0843822485637786,-1.33884402318775,1,0.2035,0.407,1,1,1,"avoiding","within_date",TRUE,"Graphilbum",NA,"ASV_5724  Graphilbum sp."
"asv","Hylastes opacus","ASV_6045",69,8,7,0,8,7,54,0,0.00589580504537982,0.0196611747427424,-0.29987043615266,1,0.9175,1,1,0.58828055514699,0.85549951917986,"avoiding","within_date",TRUE,"Sporothrix",NA,"ASV_6045  Sporothrix sp."
"asv","Hylastes opacus","ASV_8974",69,8,3,0,8,3,58,0,0.0574287143571777,0.0585217426948631,-0.981322696704633,1,0.47,0.94,1,1,1,"avoiding","within_date",TRUE,"Ophiostoma","karelicum","ASV_8974  Ophiostoma karelicum"
"asv","Hylastes opacus","ASV_9224",69,8,3,0,8,3,58,0,0.104285476071368,0.0763755054717872,-1.36543091174553,1,0.24,0.48,1,1,1,"avoiding","within_date",TRUE,"Ophiostoma","sparsiannulatum","ASV_9224  Ophiostoma sparsiannulatum"
"asv","Hylastes opacus","ASV_11554",69,8,3,0,8,3,58,0,0.0681340670335158,0.0670581020182196,-1.01604526497043,1,0.4235,0.847,1,1,1,"avoiding","within_date",TRUE,"Raffaelea","crossotarsi","ASV_11554  Raffaelea crossotarsi"
"asv","Hylastes opacus","ASV_13560",69,8,7,0,8,7,54,0,0.0112198956621168,0.0275385774539936,-0.407424663850592,1,0.8505,1,1,0.58828055514699,0.85549951917986,"avoiding","within_date",TRUE,"Hawksworthiomyces",NA,"ASV_13560  Hawksworthiomyces sp."
"asv","Hylastes opacus","ASV_15268",69,8,5,0,8,5,56,0,0.0638705716494604,0.0595317548664546,-1.0728823934846,1,0.378,0.756,1,1,1,"avoiding","within_date",TRUE,"Grosmannia","olivacea","ASV_15268  Grosmannia olivacea"
"asv","Hylastes opacus","ASV_23023",69,8,4,0,8,4,57,0,0,0,NA,1,1,1,1,1,1,"co-occurring","within_date",TRUE,"Sporothrix",NA,"ASV_23023  Sporothrix sp."
"asv","Hylesinus aculeatus","ASV_3603",69,6,10,5,1,5,58,0.454545454545455,0.157249520531161,0.0845745498083015,3.51519381052753,0.0055,1,0.011,0.524333333333333,0.00012577842816038,0.00957698945898931,"co-occurring","within_date",TRUE,"Sporothrix","eucastaneae","ASV_3603  Sporothrix eucastaneae"
"asv","Hylesinus aculeatus","ASV_7106",69,6,5,3,3,2,61,0.375,0.190966117979629,0.112335264401732,1.63825565373872,0.161,0.9875,0.322,1,0.00356016850271918,0.057945566286216,"co-occurring","within_date",TRUE,"Ophiostoma","denticiliatum","ASV_7106  Ophiostoma denticiliatum"
"asv","Hylesinus aculeatus","ASV_660",69,6,13,5,1,8,55,0.357142857142857,0.180815181795452,0.0786220298342015,2.24272606188426,0.0575,0.9965,0.115,1,0.000615528495629272,0.0240056113295416,"co-occurring","within_date",TRUE,"Grosmannia","francke-grosmanniae","ASV_660  Grosmannia francke-grosmanniae"
"asv","Hylesinus aculeatus","ASV_15258",69,6,7,3,3,4,59,0.3,0.165534155966875,0.0966498002789943,1.39126872114551,0.207,0.9785,0.414,1,0.0116051329477485,0.101604123154778,"co-occurring","within_date",TRUE,"Ophiostoma","pallidulum","ASV_15258  Ophiostoma pallidulum"
"asv","Hylesinus aculeatus","ASV_16537",69,6,3,2,4,1,62,0.285714285714286,0.0901522189666261,0.0873195253059417,2.23961440539751,0.098,1,0.196,1,0.01841813948162,0.123970838741077,"co-occurring","within_date",TRUE,"Graphilbum",NA,"ASV_16537  Graphilbum sp."
"asv","Hylesinus aculeatus","ASV_17726",69,6,3,2,4,1,62,0.285714285714286,0.138479954262845,0.112503738047443,1.3087061284075,0.2425,0.976,0.485,1,0.01841813948162,0.123970838741077,"co-occurring","within_date",TRUE,NA,NA,"ASV_17726  "
"asv","Hylesinus aculeatus","ASV_3556",69,6,9,3,3,6,57,0.25,0.147436522123867,0.0851575811195681,1.20439632652465,0.2295,0.957,0.459,1,0.025902648330789,0.1495522577811,"co-occurring","within_date",TRUE,"Sporothrix","rossii","ASV_3556  Sporothrix rossii"
"asv","Hylesinus aculeatus","ASV_22166",69,6,4,2,4,2,61,0.25,0.13321740235197,0.107097745734387,1.09043002583511,0.2855,0.959,0.571,1,0.0353614397207175,0.172387018638498,"co-occurring","within_date",TRUE,"Grosmannia","cucullata","ASV_22166  Grosmannia cucullata"
"asv","Hylesinus aculeatus","ASV_25723",69,6,4,2,4,2,61,0.25,0.0893502306708922,0.0842866632389837,1.90599275324978,0.1285,0.993,0.257,1,0.0353614397207175,0.172387018638498,"co-occurring","within_date",TRUE,"Ceratocystiopsis","manitobensis","ASV_25723  Ceratocystiopsis manitobensis"
"asv","Hylesinus aculeatus","ASV_1646",69,6,5,2,4,3,60,0.222222222222222,0.157499980148806,0.107760311258292,0.600612983738349,0.447,0.902,0.894,1,0.0565622871993831,0.231097344843194,"co-occurring","within_date",TRUE,"Raffaelea","arxii","ASV_1646  Raffaelea arxii"
"asv","Hylesinus aculeatus","ASV_8131",69,6,6,2,4,4,59,0.2,0.0733154456015897,0.0689330874894766,1.83779022545233,0.136,0.9915,0.272,1,0.0814070303384443,0.291030133459938,"co-occurring","within_date",TRUE,"Graphilbum",NA,"ASV_8131  Graphilbum sp."
"asv","Hylesinus aculeatus","ASV_13249",69,6,6,2,4,4,59,0.2,0.117141904285476,0.0900761271252251,0.919867431681797,0.3345,0.9435,0.669,1,0.0814070303384443,0.291030133459938,"co-occurring","within_date",TRUE,"Ophiostoma","denticulatum","ASV_13249  Ophiostoma denticulatum"
"asv","Hylesinus aculeatus","ASV_5162",69,6,7,2,4,5,58,0.181818181818182,0.171851835008416,0.100049802988925,0.0996138574192813,0.637,0.7765,1,1,0.109327789294723,0.330293109911521,"co-occurring","within_date",TRUE,"Sporothrix",NA,"ASV_5162  Sporothrix sp."
"asv","Hylesinus aculeatus","ASV_7618",69,6,7,2,4,5,58,0.181818181818182,0.0987435637010443,0.0772670928017301,1.07516169050529,0.2895,0.955,0.579,1,0.109327789294723,0.330293109911521,"co-occurring","within_date",TRUE,"Leptographium","lundbergii","ASV_7618  Leptographium lundbergii"
"asv","Hylesinus aculeatus","ASV_15738",69,6,7,2,4,5,58,0.181818181818182,0.0903868600967165,0.0686027886845507,1.33276392220562,0.25,0.9815,0.5,1,0.109327789294723,0.330293109911521,"co-occurring","within_date",TRUE,"Graphilbum",NA,"ASV_15738  Graphilbum sp."
"asv","Hylesinus aculeatus","ASV_1122",69,6,8,2,4,6,57,0.166666666666667,0.166873957569305,0.0973101315878957,-0.00213020884111046,0.6615,0.741,1,1,0.139800445574962,0.376879942077054,"avoiding","within_date",TRUE,"Raffaelea","arxii","ASV_1122  Raffaelea arxii"
"asv","Hylesinus aculeatus","ASV_8274",69,6,12,2,4,10,53,0.125,0.100920208003162,0.0645172298907922,0.373230407405862,0.519,0.8415,1,1,0.278150243275067,0.58208026519514,"co-occurring","within_date",TRUE,"Sporothrix","rossii","ASV_8274  Sporothrix rossii"
"asv","Hylesinus aculeatus","ASV_6117",69,6,13,2,4,11,52,0.117647058823529,0.0882736711493006,0.0613034714682781,0.479147215821673,0.463,0.8545,0.926,1,0.314916784364622,0.619721561891848,"co-occurring","within_date",TRUE,"Leptographium","gracile","ASV_6117  Leptographium gracile"
"asv","Hylesinus aculeatus","ASV_6746",69,6,4,1,5,3,60,0.111111111111111,0.100383525095882,0.0986420022217224,0.108752719669212,0.6435,0.822,1,1,0.31097245694337,0.619721561891848,"co-occurring","within_date",TRUE,"Graphilbum",NA,"ASV_6746  Graphilbum sp."
"asv","Hylesinus aculeatus","ASV_7886",69,6,4,1,5,3,60,0.111111111111111,0.0868489800455796,0.0868058177787219,0.27949890556159,0.608,0.8745,1,1,0.31097245694337,0.619721561891848,"co-occurring","within_date",TRUE,"Grosmannia",NA,"ASV_7886  Grosmannia sp."
"asv","Hylesinus aculeatus","ASV_27488",69,6,4,1,5,3,60,0.111111111111111,0.0692925827993371,0.0800069192563064,0.522686396382869,0.504,0.908,1,1,0.31097245694337,0.619721561891848,"co-occurring","within_date",TRUE,"Ceratocystiopsis","synnemata","ASV_27488  Ceratocystiopsis synnemata"
"asv","Hylesinus aculeatus","ASV_7819",69,6,5,1,5,4,59,0.1,0.0529070090600851,0.0667901907222092,0.705088433356659,0.4465,0.936,0.893,1,0.374574999379366,0.684185338949807,"co-occurring","within_date",TRUE,"Hawksworthiomyces",NA,"ASV_7819  Hawksworthiomyces sp."
"asv","Hylesinus aculeatus","ASV_9363",69,6,5,1,5,4,59,0.1,0.0790200655883488,0.0785203703409355,0.267190976310432,0.6085,0.865,1,1,0.374574999379366,0.684185338949807,"co-occurring","within_date",TRUE,"Sporothrix",NA,"ASV_9363  Sporothrix sp."
"asv","Hylesinus aculeatus","ASV_22950",69,6,6,1,5,5,58,0.0909090909090909,0.108158624766929,0.082802138173919,-0.20832232401544,0.7845,0.7105,1,1,0.433208593187551,0.737486057450235,"avoiding","within_date",TRUE,"Sporothrix",NA,"ASV_22950  Sporothrix sp."
"asv","Hylesinus aculeatus","ASV_6959",69,6,7,1,5,6,57,0.0833333333333333,0.0362832931617324,0.0481394814293488,0.977369069516321,0.3955,0.966,0.791,1,0.487188727169689,0.800781471095006,"co-occurring","within_date",TRUE,"Ophiostoma","adjuncti","ASV_6959  Ophiostoma adjuncti"
"asv","Hylesinus aculeatus","ASV_8895",69,6,13,1,5,12,51,0.0555555555555556,0.0486226773517487,0.0444383209213307,0.156011254702448,0.658,0.8305,1,1,1,1,"co-occurring","within_date",TRUE,"Ceratocystiopsis","manitobensis","ASV_8895  Ceratocystiopsis manitobensis"
"asv","Hylesinus aculeatus","ASV_4044",69,6,6,0,6,6,57,0,0.00786757014871075,0.0255668141215782,-0.307725871174171,1,0.9135,1,1,1,1,"avoiding","within_date",TRUE,"Graphilbum",NA,"ASV_4044  Graphilbum sp."
"asv","Hylesinus aculeatus","ASV_4337",69,6,4,0,6,4,59,0,0.084994878391578,0.0840737272724279,-1.01095646819803,1,0.3965,0.793,1,1,1,"avoiding","within_date",TRUE,"Ophiostoma","undulatum","ASV_4337  Ophiostoma undulatum"
"asv","Hylesinus aculeatus","ASV_5724",69,6,4,0,6,4,59,0,0.0985472895177759,0.0937581497157281,-1.05107971751329,1,0.3545,0.709,1,1,1,"avoiding","within_date",TRUE,"Graphilbum",NA,"ASV_5724  Graphilbum sp."
"asv","Hylesinus aculeatus","ASV_6045",69,6,7,0,6,7,56,0,0.00658662664665667,0.0224889952479252,-0.292882210789935,1,0.921,1,1,1,1,"avoiding","within_date",TRUE,"Sporothrix",NA,"ASV_6045  Sporothrix sp."
"asv","Hylesinus aculeatus","ASV_8974",69,6,3,0,6,3,60,0,0.0523744014864576,0.0716839705813984,-0.730629191737998,1,0.6185,1,1,1,1,"avoiding","within_date",TRUE,"Ophiostoma","karelicum","ASV_8974  Ophiostoma karelicum"
"asv","Hylesinus aculeatus","ASV_9224",69,6,3,0,6,3,60,0,0.0852390480954763,0.0866296119469725,-0.983948169451026,1,0.4335,0.867,1,1,1,"avoiding","within_date",TRUE,"Ophiostoma","sparsiannulatum","ASV_9224  Ophiostoma sparsiannulatum"
"asv","Hylesinus aculeatus","ASV_11554",69,6,3,0,6,3,60,0,0.0651754448652899,0.0816021040965524,-0.798698092247397,1,0.556,1,1,1,1,"avoiding","within_date",TRUE,"Raffaelea","crossotarsi","ASV_11554  Raffaelea crossotarsi"
"asv","Hylesinus aculeatus","ASV_11600",69,6,4,0,6,4,59,0,0.129858580083694,0.108951473664485,-1.19189374605058,1,0.249,0.498,1,1,1,"avoiding","within_date",TRUE,"Ophiostoma","undulatum","ASV_11600  Ophiostoma undulatum"
"asv","Hylesinus aculeatus","ASV_13560",69,6,7,0,6,7,56,0,0.0135787590765079,0.0328950843633983,-0.412789914945977,1,0.846,1,1,1,1,"avoiding","within_date",TRUE,"Hawksworthiomyces",NA,"ASV_13560  Hawksworthiomyces sp."
"asv","Hylesinus aculeatus","ASV_15268",69,6,5,0,6,5,58,0,0.0608276360402416,0.071353018290981,-0.852488619222576,1,0.5005,1,1,1,1,"avoiding","within_date",TRUE,"Grosmannia","olivacea","ASV_15268  Grosmannia olivacea"
"asv","Hylesinus aculeatus","ASV_21569",69,6,7,0,6,7,56,0,0.112274318977673,0.0882714701616233,-1.27192080036847,1,0.206,0.412,1,1,1,"avoiding","within_date",TRUE,"Sporothrix",NA,"ASV_21569  Sporothrix sp."
"asv","Hylesinus aculeatus","ASV_23023",69,6,4,0,6,4,59,0,0,0,NA,1,1,1,1,1,1,"co-occurring","within_date",TRUE,"Sporothrix",NA,"ASV_23023  Sporothrix sp."
"asv","Hylesinus aculeatus","ASV_28495",69,6,3,0,6,3,60,0,0.0839705567069249,0.084947423441183,-0.988500337094574,1,0.434,0.868,1,1,1,"avoiding","within_date",TRUE,"Raffaelea","subfusca","ASV_28495  Raffaelea subfusca"
"asv","Ips grandicollis","ASV_6117",69,19,13,8,11,5,45,0.333333333333333,0.133866307072074,0.0602703008590113,3.30954090851259,0.0065,0.9985,0.013,0.5577,0.00474300003099477,0.0588647967737176,"co-occurring","within_date",FALSE,"Leptographium","gracile","ASV_6117  Leptographium gracile"
"asv","Ips grandicollis","ASV_8274",69,19,12,7,12,5,45,0.291666666666667,0.124058145591487,0.0575072912909679,2.91456122019617,0.0125,0.9975,0.025,0.65208,0.0143043696289403,0.11113203392973,"co-occurring","within_date",FALSE,"Sporothrix","rossii","ASV_8274  Sporothrix rossii"
"asv","Ips grandicollis","ASV_13249",69,19,6,5,14,1,49,0.25,0.0855803160379347,0.0510031542261695,3.22371599279839,0.011,1,0.022,0.65208,0.00507628322359018,0.0588647967737176,"co-occurring","within_date",FALSE,"Ophiostoma","denticulatum","ASV_13249  Ophiostoma denticulatum"
"asv","Ips grandicollis","ASV_6959",69,19,7,5,14,2,48,0.238095238095238,0.0919037045343687,0.0529141731532327,2.76280483751522,0.0185,0.997,0.037,0.65208,0.014506745687797,0.11113203392973,"co-occurring","within_date",FALSE,"Ophiostoma","adjuncti","ASV_6959  Ophiostoma adjuncti"
"asv","Ips grandicollis","ASV_15258",69,19,7,5,14,2,48,0.238095238095238,0.0979777146242997,0.0497949642206419,2.81388942966354,0.019,0.9985,0.038,0.65208,0.014506745687797,0.11113203392973,"co-occurring","within_date",FALSE,"Ophiostoma","pallidulum","ASV_15258  Ophiostoma pallidulum"
"asv","Ips grandicollis","ASV_8895",69,19,13,6,13,7,43,0.230769230769231,0.127049669490566,0.055350032694729,1.87388437240331,0.082,0.983,0.164,1,0.164435057784917,0.428935394936899,"co-occurring","within_date",FALSE,"Ceratocystiopsis","manitobensis","ASV_8895  Ceratocystiopsis manitobensis"
"asv","Ips grandicollis","ASV_7886",69,19,4,4,15,0,50,0.210526315789474,0.0610165757291968,0.0454995837026052,3.28595841749902,0.011,1,0.022,0.65208,0.00448351129726859,0.0588647967737176,"co-occurring","within_date",FALSE,"Grosmannia",NA,"ASV_7886  Grosmannia sp."
"asv","Ips grandicollis","ASV_9363",69,19,5,4,15,1,49,0.2,0.0764369673320712,0.0509553979981606,2.42492527822841,0.0415,0.9965,0.083,0.937026315789474,0.0182789306734797,0.123970838741077,"co-occurring","within_date",FALSE,"Sporothrix",NA,"ASV_9363  Sporothrix sp."
"asv","Ips grandicollis","ASV_8131",69,19,6,4,15,2,48,0.19047619047619,0.0892684713729948,0.0542026139164945,1.86721104002693,0.0895,0.987,0.179,1,0.0446842255732587,0.19873985137985,"co-occurring","within_date",FALSE,"Graphilbum",NA,"ASV_8131  Graphilbum sp."
"asv","Ips grandicollis","ASV_6045",69,19,7,4,15,3,47,0.181818181818182,0.0843593856028342,0.0452371123276757,2.15439914708533,0.0625,0.9955,0.125,1,0.084920865420541,0.293798800527517,"co-occurring","within_date",FALSE,"Sporothrix",NA,"ASV_6045  Sporothrix sp."
"asv","Ips grandicollis","ASV_7618",69,19,7,4,15,3,47,0.181818181818182,0.0844902406030805,0.0508092954186955,1.91555384527708,0.0895,0.987,0.179,1,0.084920865420541,0.293798800527517,"co-occurring","within_date",FALSE,"Leptographium","lundbergii","ASV_7618  Leptographium lundbergii"
"asv","Ips grandicollis","ASV_15738",69,19,7,4,15,3,47,0.181818181818182,0.0945526461706299,0.0545381494759332,1.60008244661951,0.129,0.974,0.258,1,0.084920865420541,0.293798800527517,"co-occurring","within_date",FALSE,"Graphilbum",NA,"ASV_15738  Graphilbum sp."
"asv","Ips grandicollis","ASV_16537",69,19,3,3,16,0,50,0.157894736842105,0.0460260205290624,0.0388897696047439,2.87655898839259,0.0235,1,0.047,0.7007,0.018494484101233,0.123970838741077,"co-occurring","within_date",FALSE,"Graphilbum",NA,"ASV_16537  Graphilbum sp."
"asv","Ips grandicollis","ASV_17726",69,19,3,3,16,0,50,0.157894736842105,0.0504184423038595,0.0378957657204864,2.83610299184809,0.02,1,0.04,0.66,0.018494484101233,0.123970838741077,"co-occurring","within_date",FALSE,NA,NA,"ASV_17726  "
"asv","Ips grandicollis","ASV_23023",69,19,4,3,16,1,49,0.15,0.0514153864355292,0.0400411106912508,2.46208488881933,0.049,0.9995,0.098,0.977720930232558,0.060527402513126,0.233930231334514,"co-occurring","within_date",FALSE,"Sporothrix",NA,"ASV_23023  Sporothrix sp."
"asv","Ips grandicollis","ASV_15268",69,19,5,3,16,2,48,0.142857142857143,0.0619619952922758,0.0461308953314757,1.75360020618701,0.117,0.9805,0.234,1,0.123900110272596,0.347406191548651,"co-occurring","within_date",FALSE,"Grosmannia","olivacea","ASV_15268  Grosmannia olivacea"
"asv","Ips grandicollis","ASV_21569",69,19,7,3,16,4,46,0.130434782608696,0.0788560382205037,0.0483197925445231,1.06744548500836,0.2555,0.9335,0.511,1,0.384342428130839,0.692785301126597,"co-occurring","within_date",FALSE,"Sporothrix",NA,"ASV_21569  Sporothrix sp."
"asv","Ips grandicollis","ASV_3556",69,19,9,3,16,6,44,0.12,0.105794311973053,0.0528305313008531,0.268891636657034,0.5175,0.784,1,1,0.698612898261527,0.92051372906367,"co-occurring","within_date",FALSE,"Sporothrix","rossii","ASV_3556  Sporothrix rossii"
"asv","Ips grandicollis","ASV_3603",69,19,10,3,16,7,43,0.115384615384615,0.122506610717672,0.0524204555622765,-0.135862904216763,0.699,0.6355,1,1,1,1,"avoiding","within_date",FALSE,"Sporothrix","eucastaneae","ASV_3603  Sporothrix eucastaneae"
"asv","Ips grandicollis","ASV_660",69,19,13,3,16,10,40,0.103448275862069,0.119633549176572,0.0448692558431736,-0.360720787772232,0.7815,0.5475,1,1,1,1,"avoiding","within_date",FALSE,"Grosmannia","francke-grosmanniae","ASV_660  Grosmannia francke-grosmanniae"
"asv","Ips grandicollis","ASV_6746",69,19,4,2,17,2,48,0.0952380952380952,0.0519771277755545,0.0408411013327544,1.05925075599873,0.3,0.95,0.6,1,0.302834814534628,0.618648263977882,"co-occurring","within_date",FALSE,"Graphilbum",NA,"ASV_6746  Graphilbum sp."
"asv","Ips grandicollis","ASV_1646",69,19,5,2,17,3,47,0.0909090909090909,0.0641526296745208,0.0411479683380315,0.650249874180062,0.429,0.899,0.858,1,0.610651337948357,0.858916144196213,"co-occurring","within_date",FALSE,"Raffaelea","arxii","ASV_1646  Raffaelea arxii"
"asv","Ips grandicollis","ASV_7106",69,19,5,2,17,3,47,0.0909090909090909,0.0755105955010255,0.0396918340037733,0.387951219553159,0.579,0.865,1,1,0.610651337948357,0.858916144196213,"co-occurring","within_date",FALSE,"Ophiostoma","denticiliatum","ASV_7106  Ophiostoma denticiliatum"
"asv","Ips grandicollis","ASV_7819",69,19,5,2,17,3,47,0.0909090909090909,0.057374932525551,0.0434779907346936,0.771290434927598,0.3775,0.9075,0.755,1,0.610651337948357,0.858916144196213,"co-occurring","within_date",FALSE,"Hawksworthiomyces",NA,"ASV_7819  Hawksworthiomyces sp."
"asv","Ips grandicollis","ASV_4044",69,19,6,2,17,4,46,0.0869565217391304,0.0639881629126254,0.0456363024910416,0.503291405586896,0.4615,0.861,0.923,1,0.664186778980458,0.898172847096732,"co-occurring","within_date",FALSE,"Graphilbum",NA,"ASV_4044  Graphilbum sp."
"asv","Ips grandicollis","ASV_5162",69,19,7,2,17,5,45,0.0833333333333333,0.0778202926044244,0.0411550902377513,0.133957687786866,0.6385,0.7735,1,1,1,1,"co-occurring","within_date",FALSE,"Sporothrix",NA,"ASV_5162  Sporothrix sp."
"asv","Ips grandicollis","ASV_1122",69,19,8,2,17,6,44,0.08,0.089645268818661,0.0450387048341357,-0.214155110680507,0.747,0.6425,1,1,1,1,"avoiding","within_date",FALSE,"Raffaelea","arxii","ASV_1122  Raffaelea arxii"
"asv","Ips grandicollis","ASV_8974",69,19,3,1,18,2,48,0.0476190476190476,0.0335641504963016,0.0351740491158996,0.399581437907097,0.5525,0.868,1,1,1,1,"co-occurring","within_date",FALSE,"Ophiostoma","karelicum","ASV_8974  Ophiostoma karelicum"
"asv","Ips grandicollis","ASV_28495",69,19,3,1,18,2,48,0.0476190476190476,0.0492864226599524,0.0399592900517695,-0.0417268434635492,0.725,0.753,1,1,1,1,"avoiding","within_date",FALSE,"Raffaelea","subfusca","ASV_28495  Raffaelea subfusca"
"asv","Ips grandicollis","ASV_4337",69,19,4,1,18,3,47,0.0454545454545455,0.0460846907846733,0.0395565039550809,-0.0159302584182714,0.7005,0.7585,1,1,1,1,"avoiding","within_date",FALSE,"Ophiostoma","undulatum","ASV_4337  Ophiostoma undulatum"
"asv","Ips grandicollis","ASV_11600",69,19,4,1,18,3,47,0.0454545454545455,0.0501419142015767,0.038278298827151,-0.122454991226164,0.7585,0.7245,1,1,1,1,"avoiding","within_date",FALSE,"Ophiostoma","undulatum","ASV_11600  Ophiostoma undulatum"
"asv","Ips grandicollis","ASV_22166",69,19,4,1,18,3,47,0.0454545454545455,0.0530428520252392,0.039342677843189,-0.192877226124236,0.7835,0.7035,1,1,1,1,"avoiding","within_date",FALSE,"Grosmannia","cucullata","ASV_22166  Grosmannia cucullata"
"asv","Ips grandicollis","ASV_25723",69,19,4,1,18,3,47,0.0454545454545455,0.047877960397379,0.0406722087222342,-0.0595840506077237,0.706,0.7305,1,1,1,1,"avoiding","within_date",FALSE,"Ceratocystiopsis","manitobensis","ASV_25723  Ceratocystiopsis manitobensis"
"asv","Ips grandicollis","ASV_22950",69,19,6,1,18,5,45,0.0416666666666667,0.0833104652269658,0.0506755537277452,-0.821772935803145,0.9105,0.3785,0.757,1,1,1,"avoiding","within_date",FALSE,"Sporothrix",NA,"ASV_22950  Sporothrix sp."
"asv","Ips grandicollis","ASV_13560",69,19,7,1,18,6,44,0.04,0.0780630518534265,0.0504411646945137,-0.754602953439861,0.888,0.3985,0.797,1,0.664186778980458,0.898172847096732,"avoiding","within_date",FALSE,"Hawksworthiomyces",NA,"ASV_13560  Hawksworthiomyces sp."
"asv","Ips grandicollis","ASV_5724",69,19,4,0,19,4,46,0,0.0376483696393657,0.0341977315523902,-1.10090254324879,1,0.355,0.71,1,0.569231267517331,0.85549951917986,"avoiding","within_date",FALSE,"Graphilbum",NA,"ASV_5724  Graphilbum sp."
"asv","Ips grandicollis","ASV_9224",69,19,3,0,19,3,47,0,0.0488293018689804,0.0394614992388436,-1.23739094587962,1,0.28,0.56,1,0.555769744627247,0.85549951917986,"avoiding","within_date",FALSE,"Ophiostoma","sparsiannulatum","ASV_9224  Ophiostoma sparsiannulatum"
"asv","Ips grandicollis","ASV_11554",69,19,3,0,19,3,47,0,0.0241120560280145,0.029337902842917,-0.821873879571994,1,0.5555,1,1,0.555769744627247,0.85549951917986,"avoiding","within_date",FALSE,"Raffaelea","crossotarsi","ASV_11554  Raffaelea crossotarsi"
"asv","Ips grandicollis","ASV_27488",69,19,4,0,19,4,46,0,0.0517379674115949,0.0415081718127045,-1.24645256950968,1,0.257,0.514,1,0.569231267517331,0.85549951917986,"avoiding","within_date",FALSE,"Ceratocystiopsis","synnemata","ASV_27488  Ceratocystiopsis synnemata"
"asv","Ips pini","ASV_3603",69,5,10,3,2,7,57,0.25,0.061589860864498,0.0561356441951898,3.35633699117052,0.013,1,0.026,0.65208,0.0193942027739791,0.124180790896075,"co-occurring","within_date",FALSE,"Sporothrix","eucastaneae","ASV_3603  Sporothrix eucastaneae"
"asv","Ips pini","ASV_11554",69,5,3,1,4,2,62,0.142857142857143,0.0371376164272614,0.0668457854657341,1.58154363350363,0.249,0.9915,0.498,1,0.204794442111692,0.474901706302248,"co-occurring","within_date",FALSE,"Raffaelea","crossotarsi","ASV_11554  Raffaelea crossotarsi"
"asv","Ips pini","ASV_6746",69,5,4,1,4,3,61,0.125,0.0452279711284214,0.0760112958630465,1.04947597545644,0.306,0.959,0.612,1,0.265037287406261,0.566883869008586,"co-occurring","within_date",FALSE,"Graphilbum",NA,"ASV_6746  Graphilbum sp."
"asv","Ips pini","ASV_25723",69,5,4,1,4,3,61,0.125,0.0581987422282571,0.085432524650487,0.781918339005355,0.375,0.932,0.75,1,0.265037287406261,0.566883869008586,"co-occurring","within_date",FALSE,"Ceratocystiopsis","manitobensis","ASV_25723  Ceratocystiopsis manitobensis"
"asv","Ips pini","ASV_27488",69,5,4,1,4,3,61,0.125,0.0436110912599157,0.0734544378596883,1.10801894496221,0.301,0.9645,0.602,1,0.265037287406261,0.566883869008586,"co-occurring","within_date",FALSE,"Ceratocystiopsis","synnemata","ASV_27488  Ceratocystiopsis synnemata"
"asv","Ips pini","ASV_1646",69,5,5,1,4,4,60,0.111111111111111,0.0467039075093109,0.0632467194941524,1.01834852648373,0.385,0.9715,0.77,1,0.321572880682702,0.62422970956054,"co-occurring","within_date",FALSE,"Raffaelea","arxii","ASV_1646  Raffaelea arxii"
"asv","Ips pini","ASV_15268",69,5,5,1,4,4,60,0.111111111111111,0.0377192564536241,0.0621538245700755,1.18080995280896,0.3015,0.97,0.603,1,0.321572880682702,0.62422970956054,"co-occurring","within_date",FALSE,"Grosmannia","olivacea","ASV_15268  Grosmannia olivacea"
"asv","Ips pini","ASV_4044",69,5,6,1,4,5,59,0.1,0.0638138513701288,0.0703372302369291,0.514466499576102,0.5245,0.91,1,1,0.374574999379366,0.684185338949807,"co-occurring","within_date",FALSE,"Graphilbum",NA,"ASV_4044  Graphilbum sp."
"asv","Ips pini","ASV_6959",69,5,7,1,4,6,58,0.0909090909090909,0.0487819667409469,0.063161055234129,0.666979422873554,0.4395,0.925,0.879,1,0.424211904190528,0.72954800639409,"co-occurring","within_date",FALSE,"Ophiostoma","adjuncti","ASV_6959  Ophiostoma adjuncti"
"asv","Ips pini","ASV_13560",69,5,7,1,4,6,58,0.0909090909090909,0.0484454348386321,0.0648084856916545,0.65521753235359,0.427,0.9195,0.854,1,0.424211904190528,0.72954800639409,"co-occurring","within_date",FALSE,"Hawksworthiomyces",NA,"ASV_13560  Hawksworthiomyces sp."
"asv","Ips pini","ASV_15738",69,5,7,1,4,6,58,0.0909090909090909,0.0387193596798404,0.0535033195584701,0.97544847048632,0.38,0.9615,0.76,1,0.424211904190528,0.72954800639409,"co-occurring","within_date",FALSE,"Graphilbum",NA,"ASV_15738  Graphilbum sp."
"asv","Ips pini","ASV_21569",69,5,7,1,4,6,58,0.0909090909090909,0.0476753528279298,0.0612435513722417,0.705931271333109,0.439,0.9335,0.878,1,0.424211904190528,0.72954800639409,"co-occurring","within_date",FALSE,"Sporothrix",NA,"ASV_21569  Sporothrix sp."
"asv","Ips pini","ASV_660",69,5,13,1,4,12,52,0.0588235294117647,0.0686328458346833,0.050496560025102,-0.194257122030537,0.782,0.7,1,1,1,1,"avoiding","within_date",FALSE,"Grosmannia","francke-grosmanniae","ASV_660  Grosmannia francke-grosmanniae"
"asv","Ips pini","ASV_8895",69,5,13,1,4,12,52,0.0588235294117647,0.0862109383715786,0.058206771641171,-0.47051929161524,0.856,0.5815,1,1,1,1,"avoiding","within_date",FALSE,"Ceratocystiopsis","manitobensis","ASV_8895  Ceratocystiopsis manitobensis"
"asv","Ips pini","ASV_1122",69,5,8,0,5,8,56,0,0.0603627571361433,0.0628766860131573,-0.960018107880432,1,0.43,0.86,1,1,1,"avoiding","within_date",FALSE,"Raffaelea","arxii","ASV_1122  Raffaelea arxii"
"asv","Ips pini","ASV_3556",69,5,9,0,5,9,55,0,0.0595717439139162,0.0608019219817428,-0.979767447677131,1,0.414,0.828,1,1,1,"avoiding","within_date",FALSE,"Sporothrix","rossii","ASV_3556  Sporothrix rossii"
"asv","Ips pini","ASV_4337",69,5,4,0,5,4,60,0,0.0535356964196385,0.0837650382439738,-0.639117435411545,1,0.651,1,1,1,1,"avoiding","within_date",FALSE,"Ophiostoma","undulatum","ASV_4337  Ophiostoma undulatum"
"asv","Ips pini","ASV_5162",69,5,7,0,5,7,57,0,0.0556914821046896,0.0589004582284309,-0.94551865604685,1,0.4705,0.941,1,1,1,"avoiding","within_date",FALSE,"Sporothrix",NA,"ASV_5162  Sporothrix sp."
"asv","Ips pini","ASV_5724",69,5,4,0,5,4,60,0,0.0459068820124348,0.07079311874966,-0.648465314471759,1,0.6715,1,1,1,1,"avoiding","within_date",FALSE,"Graphilbum",NA,"ASV_5724  Graphilbum sp."
"asv","Ips pini","ASV_6045",69,5,7,0,5,7,57,0,0.0234935649643005,0.0453231090744479,-0.518357311403988,1,0.7675,1,1,1,1,"avoiding","within_date",FALSE,"Sporothrix",NA,"ASV_6045  Sporothrix sp."
"asv","Ips pini","ASV_6117",69,5,13,0,5,13,51,0,0.057749883345035,0.0526056968492975,-1.09778763145129,1,0.3295,0.659,1,0.575142191854029,0.85549951917986,"avoiding","within_date",FALSE,"Leptographium","gracile","ASV_6117  Leptographium gracile"
"asv","Ips pini","ASV_7106",69,5,5,0,5,5,59,0,0.0468011783669621,0.0548751950323596,-0.852865822879785,1,0.579,1,1,1,1,"avoiding","within_date",FALSE,"Ophiostoma","denticiliatum","ASV_7106  Ophiostoma denticiliatum"
"asv","Ips pini","ASV_7618",69,5,7,0,5,7,57,0,0.0467597435081184,0.062030910430971,-0.75381359363012,1,0.5785,1,1,1,1,"avoiding","within_date",FALSE,"Leptographium","lundbergii","ASV_7618  Leptographium lundbergii"
"asv","Ips pini","ASV_7819",69,5,5,0,5,5,59,0,0.0700826603778088,0.0880791206112636,-0.795678475119183,1,0.5185,1,1,1,1,"avoiding","within_date",FALSE,"Hawksworthiomyces",NA,"ASV_7819  Hawksworthiomyces sp."
"asv","Ips pini","ASV_7886",69,5,4,0,5,4,60,0,0.0321500035732152,0.0610086148151918,-0.526974816107601,1,0.7635,1,1,1,1,"avoiding","within_date",FALSE,"Grosmannia",NA,"ASV_7886  Grosmannia sp."
"asv","Ips pini","ASV_8131",69,5,6,0,5,6,58,0,0.0440845422711353,0.0646013167880764,-0.682409344932611,1,0.6295,1,1,1,1,"avoiding","within_date",FALSE,"Graphilbum",NA,"ASV_8131  Graphilbum sp."
"asv","Ips pini","ASV_8274",69,5,12,0,5,12,52,0,0.0492534728902916,0.0518898396221125,-0.949193006742356,1,0.4285,0.857,1,0.578225339953782,0.85549951917986,"avoiding","within_date",FALSE,"Sporothrix","rossii","ASV_8274  Sporothrix rossii"
"asv","Ips pini","ASV_8974",69,5,3,0,5,3,61,0,0.0512827842492673,0.0854578714391545,-0.600094331693954,1,0.692,1,1,1,1,"avoiding","within_date",FALSE,"Ophiostoma","karelicum","ASV_8974  Ophiostoma karelicum"
"asv","Ips pini","ASV_9224",69,5,3,0,5,3,61,0,0.0234402915743587,0.0529203816771061,-0.44293504376782,1,0.836,1,1,1,1,"avoiding","within_date",FALSE,"Ophiostoma","sparsiannulatum","ASV_9224  Ophiostoma sparsiannulatum"
"asv","Ips pini","ASV_9363",69,5,5,0,5,5,59,0,0.0291395697848927,0.0531438913902251,-0.548314566784857,1,0.7535,1,1,1,1,"avoiding","within_date",FALSE,"Sporothrix",NA,"ASV_9363  Sporothrix sp."
"asv","Ips pini","ASV_11600",69,5,4,0,5,4,60,0,0.0444597298649325,0.0674376883517146,-0.659271261391067,1,0.6715,1,1,1,1,"avoiding","within_date",FALSE,"Ophiostoma","undulatum","ASV_11600  Ophiostoma undulatum"
"asv","Ips pini","ASV_13249",69,5,6,0,5,6,58,0,0.0420321271746983,0.0596022434181174,-0.705210488132762,1,0.63,1,1,1,1,"avoiding","within_date",FALSE,"Ophiostoma","denticulatum","ASV_13249  Ophiostoma denticulatum"
"asv","Ips pini","ASV_15258",69,5,7,0,5,7,57,0,0.0456864796034388,0.0530061950776522,-0.861908302161845,1,0.5385,1,1,1,1,"avoiding","within_date",FALSE,"Ophiostoma","pallidulum","ASV_15258  Ophiostoma pallidulum"
"asv","Ips pini","ASV_16537",69,5,3,0,5,3,61,0,0.0495485838157172,0.0798335797230196,-0.620648403687078,1,0.69,1,1,1,1,"avoiding","within_date",FALSE,"Graphilbum",NA,"ASV_16537  Graphilbum sp."
"asv","Ips pini","ASV_17726",69,5,3,0,5,3,61,0,0.0366611877367257,0.0624116850522224,-0.587409035760687,1,0.7435,1,1,1,1,"avoiding","within_date",FALSE,NA,NA,"ASV_17726  "
"asv","Ips pini","ASV_22166",69,5,4,0,5,4,60,0,0.0452815693561067,0.0683283394301894,-0.662705544049853,1,0.6675,1,1,1,1,"avoiding","within_date",FALSE,"Grosmannia","cucullata","ASV_22166  Grosmannia cucullata"
"asv","Ips pini","ASV_22950",69,5,6,0,5,6,58,0,0.0520579734311596,0.0678704327020415,-0.7670199136596,1,0.566,1,1,1,1,"avoiding","within_date",FALSE,"Sporothrix",NA,"ASV_22950  Sporothrix sp."
"asv","Ips pini","ASV_23023",69,5,4,0,5,4,60,0,0.0208229114557279,0.0465870798756368,-0.446967517846454,1,0.8335,1,1,1,1,"avoiding","within_date",FALSE,"Sporothrix",NA,"ASV_23023  Sporothrix sp."
"asv","Ips pini","ASV_28495",69,5,3,0,5,3,61,0,0.0229400414492962,0.0524621778545479,-0.4372681880058,1,0.8395,1,1,1,1,"avoiding","within_date",FALSE,"Raffaelea","subfusca","ASV_28495  Raffaelea subfusca"
"asv","Pityogenes hopkinsi","ASV_8274",69,19,12,9,10,3,47,0.409090909090909,0.164063125476874,0.0587537338139553,4.17042063045592,0.001,1,0.002,0.2145,0.000218670793706039,0.0117262213124864,"co-occurring","within_date",TRUE,"Sporothrix","rossii","ASV_8274  Sporothrix rossii"
"asv","Pityogenes hopkinsi","ASV_21569",69,19,7,6,13,1,49,0.3,0.141709094712989,0.0564716002694363,2.80301788034652,0.019,1,0.038,0.65208,0.00130409823790745,0.0399612960044498,"co-occurring","within_date",TRUE,"Sporothrix",NA,"ASV_21569  Sporothrix sp."
"asv","Pityogenes hopkinsi","ASV_660",69,19,13,7,12,6,44,0.28,0.264918165309343,0.0658769028949985,0.228939643909728,0.5445,0.7545,1,1,0.0346405070363353,0.172387018638498,"co-occurring","within_date",TRUE,"Grosmannia","francke-grosmanniae","ASV_660  Grosmannia francke-grosmanniae"
"asv","Pityogenes hopkinsi","ASV_6117",69,19,13,7,12,6,44,0.28,0.15399868441877,0.0570001143864234,2.21054496008593,0.0435,0.991,0.087,0.954525,0.0346405070363353,0.172387018638498,"co-occurring","within_date",TRUE,"Leptographium","gracile","ASV_6117  Leptographium gracile"
"asv","Pityogenes hopkinsi","ASV_8895",69,19,13,7,12,6,44,0.28,0.101015535802939,0.0445197296866522,4.02034031780574,0.001,1,0.002,0.2145,0.0346405070363353,0.172387018638498,"co-occurring","within_date",TRUE,"Ceratocystiopsis","manitobensis","ASV_8895  Ceratocystiopsis manitobensis"
"asv","Pityogenes hopkinsi","ASV_3556",69,19,9,6,13,3,47,0.272727272727273,0.175747593400767,0.0575933510729113,1.68386936199862,0.1195,0.9795,0.239,1,0.0105410641692686,0.0951229236880115,"co-occurring","within_date",TRUE,"Sporothrix","rossii","ASV_3556  Sporothrix rossii"
"asv","Pityogenes hopkinsi","ASV_3603",69,19,10,6,13,4,46,0.260869565217391,0.195511137492782,0.0606140789565543,1.07827139914896,0.2505,0.933,0.501,1,0.021566775884163,0.136060983151558,"co-occurring","within_date",TRUE,"Sporothrix","eucastaneae","ASV_3603  Sporothrix eucastaneae"
"asv","Pityogenes hopkinsi","ASV_8131",69,19,6,5,14,1,49,0.25,0.0908018040145297,0.0470463401416463,3.38385930778376,0.0085,0.9995,0.017,0.60775,0.00507628322359018,0.0588647967737176,"co-occurring","within_date",TRUE,"Graphilbum",NA,"ASV_8131  Graphilbum sp."
"asv","Pityogenes hopkinsi","ASV_13249",69,19,6,5,14,1,49,0.25,0.118614607362125,0.050199123887394,2.61728457517698,0.024,0.9985,0.048,0.7007,0.00507628322359018,0.0588647967737176,"co-occurring","within_date",TRUE,"Ophiostoma","denticulatum","ASV_13249  Ophiostoma denticulatum"
"asv","Pityogenes hopkinsi","ASV_7618",69,19,7,5,14,2,48,0.238095238095238,0.119749267632123,0.0507753143389305,2.33077770180099,0.047,0.9965,0.094,0.960142857142857,0.014506745687797,0.11113203392973,"co-occurring","within_date",TRUE,"Leptographium","lundbergii","ASV_7618  Leptographium lundbergii"
"asv","Pityogenes hopkinsi","ASV_15258",69,19,7,5,14,2,48,0.238095238095238,0.165821871974949,0.051811206100343,1.39493695592256,0.1885,0.9745,0.377,1,0.014506745687797,0.11113203392973,"co-occurring","within_date",TRUE,"Ophiostoma","pallidulum","ASV_15258  Ophiostoma pallidulum"
"asv","Pityogenes hopkinsi","ASV_15738",69,19,7,5,14,2,48,0.238095238095238,0.106725747590529,0.0458891836347576,2.86275501325778,0.018,1,0.036,0.65208,0.014506745687797,0.11113203392973,"co-occurring","within_date",TRUE,"Graphilbum",NA,"ASV_15738  Graphilbum sp."
"asv","Pityogenes hopkinsi","ASV_7106",69,19,5,4,15,1,49,0.2,0.162447805376133,0.0483889802062099,0.776048481779071,0.4225,0.9275,0.845,1,0.0182789306734797,0.123970838741077,"co-occurring","within_date",TRUE,"Ophiostoma","denticiliatum","ASV_7106  Ophiostoma denticiliatum"
"asv","Pityogenes hopkinsi","ASV_22950",69,19,6,4,15,2,48,0.19047619047619,0.110791898767692,0.047338556029223,1.68328522017671,0.1315,0.9855,0.263,1,0.0446842255732587,0.19873985137985,"co-occurring","within_date",TRUE,"Sporothrix",NA,"ASV_22950  Sporothrix sp."
"asv","Pityogenes hopkinsi","ASV_6959",69,19,7,4,15,3,47,0.181818181818182,0.0644820424516802,0.0422469798644478,2.77738526500551,0.0245,0.9985,0.049,0.7007,0.084920865420541,0.293798800527517,"co-occurring","within_date",TRUE,"Ophiostoma","adjuncti","ASV_6959  Ophiostoma adjuncti"
"asv","Pityogenes hopkinsi","ASV_1122",69,19,8,4,15,4,46,0.173913043478261,0.193605400829973,0.059931316269268,-0.328582093262153,0.7665,0.578,1,1,0.20250808034376,0.472151991671048,"avoiding","within_date",TRUE,"Raffaelea","arxii","ASV_1122  Raffaelea arxii"
"asv","Pityogenes hopkinsi","ASV_17726",69,19,3,3,16,0,50,0.157894736842105,0.100910605678777,0.0396369333566755,1.43765236958552,0.242,1,0.484,1,0.018494484101233,0.123970838741077,"co-occurring","within_date",TRUE,NA,NA,"ASV_17726  "
"asv","Pityogenes hopkinsi","ASV_5724",69,19,4,3,16,1,49,0.15,0.101052120956812,0.0478545660082419,1.02284657716377,0.322,0.9535,0.644,1,0.060527402513126,0.233930231334514,"co-occurring","within_date",TRUE,"Graphilbum",NA,"ASV_5724  Graphilbum sp."
"asv","Pityogenes hopkinsi","ASV_6746",69,19,4,3,16,1,49,0.15,0.0931250998021242,0.0471963077731983,1.20507096595751,0.2605,0.967,0.521,1,0.060527402513126,0.233930231334514,"co-occurring","within_date",TRUE,"Graphilbum",NA,"ASV_6746  Graphilbum sp."
"asv","Pityogenes hopkinsi","ASV_11600",69,19,4,3,16,1,49,0.15,0.117154920590852,0.0459516084099073,0.714775402770586,0.444,0.9175,0.888,1,0.060527402513126,0.233930231334514,"co-occurring","within_date",TRUE,"Ophiostoma","undulatum","ASV_11600  Ophiostoma undulatum"
"asv","Pityogenes hopkinsi","ASV_25723",69,19,4,3,16,1,49,0.15,0.0844737189738654,0.0432987505405728,1.51335269974439,0.183,0.989,0.366,1,0.060527402513126,0.233930231334514,"co-occurring","within_date",TRUE,"Ceratocystiopsis","manitobensis","ASV_25723  Ceratocystiopsis manitobensis"
"asv","Pityogenes hopkinsi","ASV_1646",69,19,5,3,16,2,48,0.142857142857143,0.146065377186199,0.0522217595286333,-0.0614348187042029,0.7085,0.698,1,1,0.123900110272596,0.347406191548651,"avoiding","within_date",TRUE,"Raffaelea","arxii","ASV_1646  Raffaelea arxii"
"asv","Pityogenes hopkinsi","ASV_9363",69,19,5,3,16,2,48,0.142857142857143,0.0862267979066651,0.0461637545737908,1.22672745042773,0.2305,0.957,0.461,1,0.123900110272596,0.347406191548651,"co-occurring","within_date",TRUE,"Sporothrix",NA,"ASV_9363  Sporothrix sp."
"asv","Pityogenes hopkinsi","ASV_15268",69,19,5,3,16,2,48,0.142857142857143,0.074964460743849,0.0466277181359406,1.4560584310679,0.178,0.9755,0.356,1,0.123900110272596,0.347406191548651,"co-occurring","within_date",TRUE,"Grosmannia","olivacea","ASV_15268  Grosmannia olivacea"
"asv","Pityogenes hopkinsi","ASV_4044",69,19,6,3,16,3,47,0.136363636363636,0.0387425031921193,0.0358322542960889,2.7243927318905,0.033,0.9985,0.066,0.858,0.335673845374384,0.631596840638643,"co-occurring","within_date",TRUE,"Graphilbum",NA,"ASV_4044  Graphilbum sp."
"asv","Pityogenes hopkinsi","ASV_5162",69,19,7,3,16,4,46,0.130434782608696,0.189207122110394,0.0588851649393778,-0.998083975177869,0.9345,0.288,0.576,1,0.384342428130839,0.692785301126597,"avoiding","within_date",TRUE,"Sporothrix",NA,"ASV_5162  Sporothrix sp."
"asv","Pityogenes hopkinsi","ASV_13560",69,19,7,3,16,4,46,0.130434782608696,0.0495035754278425,0.0406265728596028,1.99207566585877,0.0875,0.9895,0.175,1,0.384342428130839,0.692785301126597,"co-occurring","within_date",TRUE,"Hawksworthiomyces",NA,"ASV_13560  Hawksworthiomyces sp."
"asv","Pityogenes hopkinsi","ASV_9224",69,19,3,2,17,1,49,0.1,0.0753394240980132,0.0392231764712702,0.628724599091304,0.503,0.9185,1,1,0.181681108523877,0.43350978763192,"co-occurring","within_date",TRUE,"Ophiostoma","sparsiannulatum","ASV_9224  Ophiostoma sparsiannulatum"
"asv","Pityogenes hopkinsi","ASV_11554",69,19,3,2,17,1,49,0.1,0.0692297276457776,0.0410926832130019,0.748801731800432,0.4465,0.9305,0.893,1,0.181681108523877,0.43350978763192,"co-occurring","within_date",TRUE,"Raffaelea","crossotarsi","ASV_11554  Raffaelea crossotarsi"
"asv","Pityogenes hopkinsi","ASV_16537",69,19,3,2,17,1,49,0.1,0.0702203231941781,0.0351929425424236,0.846183201928162,0.4675,0.969,0.935,1,0.181681108523877,0.43350978763192,"co-occurring","within_date",TRUE,"Graphilbum",NA,"ASV_16537  Graphilbum sp."
"asv","Pityogenes hopkinsi","ASV_28495",69,19,3,2,17,1,49,0.1,0.0764220456092697,0.0396203672964652,0.595096815087675,0.527,0.917,1,1,0.181681108523877,0.43350978763192,"co-occurring","within_date",TRUE,"Raffaelea","subfusca","ASV_28495  Raffaelea subfusca"
"asv","Pityogenes hopkinsi","ASV_7886",69,19,4,2,17,2,48,0.0952380952380952,0.0827826535733136,0.0415843289953519,0.299522487573958,0.606,0.8405,1,1,0.302834814534628,0.618648263977882,"co-occurring","within_date",TRUE,"Grosmannia",NA,"ASV_7886  Grosmannia sp."
"asv","Pityogenes hopkinsi","ASV_22166",69,19,4,2,17,2,48,0.0952380952380952,0.118555324597823,0.0478607169338033,-0.487189303745234,0.856,0.5485,1,1,0.302834814534628,0.618648263977882,"avoiding","within_date",TRUE,"Grosmannia","cucullata","ASV_22166  Grosmannia cucullata"
"asv","Pityogenes hopkinsi","ASV_7819",69,19,5,2,17,3,47,0.0909090909090909,0.0647820804812342,0.0413212757573815,0.632289539685606,0.445,0.8965,0.89,1,0.610651337948357,0.858916144196213,"co-occurring","within_date",TRUE,"Hawksworthiomyces",NA,"ASV_7819  Hawksworthiomyces sp."
"asv","Pityogenes hopkinsi","ASV_6045",69,19,7,2,17,5,45,0.0833333333333333,0.032855340713835,0.0294460379632054,1.71425414456687,0.155,0.991,0.31,1,1,1,"co-occurring","within_date",TRUE,"Sporothrix",NA,"ASV_6045  Sporothrix sp."
"asv","Pityogenes hopkinsi","ASV_8974",69,19,3,1,18,2,48,0.0476190476190476,0.054657027762002,0.0377817567783316,-0.186279854170009,0.795,0.702,1,1,1,1,"avoiding","within_date",TRUE,"Ophiostoma","karelicum","ASV_8974  Ophiostoma karelicum"
"asv","Pityogenes hopkinsi","ASV_4337",69,19,4,1,18,3,47,0.0454545454545455,0.087740161947004,0.043985751012608,-0.961348062019855,0.9525,0.3545,0.709,1,1,1,"avoiding","within_date",TRUE,"Ophiostoma","undulatum","ASV_4337  Ophiostoma undulatum"
"asv","Pityogenes hopkinsi","ASV_23023",69,19,4,1,18,3,47,0.0454545454545455,0.01703449127161,0.0247488677132732,1.14833755273957,0.3455,0.973,0.691,1,1,1,"co-occurring","within_date",TRUE,"Sporothrix",NA,"ASV_23023  Sporothrix sp."
"asv","Pityogenes hopkinsi","ASV_27488",69,19,4,1,18,3,47,0.0454545454545455,0.0728533382663095,0.0436604802770624,-0.627542176309002,0.894,0.499,0.998,1,1,1,"avoiding","within_date",TRUE,"Ceratocystiopsis","synnemata","ASV_27488  Ceratocystiopsis synnemata"
"asv","Xyleborinus attenuatus","ASV_660",69,24,13,12,12,1,44,0.48,0.350969859271761,0.0457592343406318,2.81976179425857,0.0235,0.999,0.047,0.7007,3.2129560114677e-06,0.00045945270963988,"co-occurring","within_date",TRUE,"Grosmannia","francke-grosmanniae","ASV_660  Grosmannia francke-grosmanniae"
"asv","Xyleborinus attenuatus","ASV_5162",69,24,7,7,17,0,45,0.291666666666667,0.229214821085758,0.037689083579592,1.65702743737515,0.1615,1,0.323,1,0.000320794218950496,0.0137620719929763,"co-occurring","within_date",TRUE,"Sporothrix",NA,"ASV_5162  Sporothrix sp."
"asv","Xyleborinus attenuatus","ASV_1122",69,24,8,7,17,1,44,0.28,0.228405558090394,0.0403943774991651,1.27726790468976,0.2425,0.974,0.485,1,0.00195063581523125,0.0476522676145242,"co-occurring","within_date",TRUE,"Raffaelea","arxii","ASV_1122  Raffaelea arxii"
"asv","Xyleborinus attenuatus","ASV_6117",69,24,13,8,16,5,40,0.275862068965517,0.160621256786029,0.0374447254997527,3.07762470258325,0.0085,1,0.017,0.60775,0.0488231696355849,0.211567068420868,"co-occurring","within_date",TRUE,"Leptographium","gracile","ASV_6117  Leptographium gracile"
"asv","Xyleborinus attenuatus","ASV_3603",69,24,10,7,17,3,42,0.259259259259259,0.191096069303026,0.0430300384063603,1.58408387444429,0.139,0.9845,0.278,1,0.0261454996120805,0.1495522577811,"co-occurring","within_date",TRUE,"Sporothrix","eucastaneae","ASV_3603  Sporothrix eucastaneae"
"asv","Xyleborinus attenuatus","ASV_3556",69,24,9,6,18,3,42,0.222222222222222,0.180233377182887,0.0384348251144005,1.09246874193797,0.2795,0.9515,0.559,1,0.0559910156857852,0.231097344843194,"co-occurring","within_date",TRUE,"Sporothrix","rossii","ASV_3556  Sporothrix rossii"
"asv","Xyleborinus attenuatus","ASV_1646",69,24,5,5,19,0,45,0.208333333333333,0.161470977654072,0.0344908412184052,1.35868984413911,0.2655,1,0.531,1,0.00378199500236375,0.057945566286216,"co-occurring","within_date",TRUE,"Raffaelea","arxii","ASV_1646  Raffaelea arxii"
"asv","Xyleborinus attenuatus","ASV_7106",69,24,5,5,19,0,45,0.208333333333333,0.150154699857053,0.0355351124387767,1.63721540424324,0.168,1,0.336,1,0.00378199500236375,0.057945566286216,"co-occurring","within_date",TRUE,"Ophiostoma","denticiliatum","ASV_7106  Ophiostoma denticiliatum"
"asv","Xyleborinus attenuatus","ASV_8274",69,24,12,6,18,6,39,0.2,0.179408117194404,0.0380490979784329,0.541192404016198,0.463,0.8645,0.926,1,0.317887606793005,0.622711339334242,"co-occurring","within_date",TRUE,"Sporothrix","rossii","ASV_8274  Sporothrix rossii"
"asv","Xyleborinus attenuatus","ASV_7618",69,24,7,5,19,2,43,0.192307692307692,0.125939935920272,0.0327466008286119,2.02670673315907,0.0725,0.996,0.145,1,0.0449365165124603,0.19873985137985,"co-occurring","within_date",TRUE,"Leptographium","lundbergii","ASV_7618  Leptographium lundbergii"
"asv","Xyleborinus attenuatus","ASV_15258",69,24,7,5,19,2,43,0.192307692307692,0.147105239566297,0.037024477173781,1.22088024441856,0.256,0.968,0.512,1,0.0449365165124603,0.19873985137985,"co-occurring","within_date",TRUE,"Ophiostoma","pallidulum","ASV_15258  Ophiostoma pallidulum"
"asv","Xyleborinus attenuatus","ASV_5724",69,24,4,4,20,0,45,0.166666666666667,0.142897859186004,0.0272375536153423,0.872648396266931,0.538,1,1,1,0.0122914837576822,0.105460930640913,"co-occurring","within_date",TRUE,"Graphilbum",NA,"ASV_5724  Graphilbum sp."
"asv","Xyleborinus attenuatus","ASV_21569",69,24,7,4,20,3,42,0.148148148148148,0.171015650485901,0.0363888835948513,-0.628420002997519,0.9025,0.4945,0.989,1,0.226754164452183,0.511987034473614,"avoiding","within_date",TRUE,"Sporothrix",NA,"ASV_21569  Sporothrix sp."
"asv","Xyleborinus attenuatus","ASV_11554",69,24,3,3,21,0,45,0.125,0.113744372186094,0.0194936961935088,0.577398339554194,0.75,1,1,1,0.038630377524144,0.180135129976715,"co-occurring","within_date",TRUE,"Raffaelea","crossotarsi","ASV_11554  Raffaelea crossotarsi"
"asv","Xyleborinus attenuatus","ASV_16537",69,24,3,3,21,0,45,0.125,0.0640343248547334,0.0271600161457277,2.24468479025027,0.0565,1,0.113,1,0.038630377524144,0.180135129976715,"co-occurring","within_date",TRUE,"Graphilbum",NA,"ASV_16537  Graphilbum sp."
"asv","Xyleborinus attenuatus","ASV_17726",69,24,3,3,21,0,45,0.125,0.0924970177396406,0.0295912568000042,1.09839816808169,0.3945,1,0.789,1,0.038630377524144,0.180135129976715,"co-occurring","within_date",TRUE,NA,NA,"ASV_17726  "
"asv","Xyleborinus attenuatus","ASV_8895",69,24,13,4,20,9,36,0.121212121212121,0.100415187564267,0.0316466754231605,0.657160139881049,0.425,0.889,0.85,1,1,1,"co-occurring","within_date",TRUE,"Ceratocystiopsis","manitobensis","ASV_8895  Ceratocystiopsis manitobensis"
"asv","Xyleborinus attenuatus","ASV_4337",69,24,4,3,21,1,44,0.12,0.101986434812848,0.0284634438133241,0.632866679987586,0.5785,0.954,1,1,0.117647058823529,0.34105898111915,"co-occurring","within_date",TRUE,"Ophiostoma","undulatum","ASV_4337  Ophiostoma undulatum"
"asv","Xyleborinus attenuatus","ASV_6746",69,24,4,3,21,1,44,0.12,0.106493018589067,0.0303128242386729,0.445586373100172,0.613,0.903,1,1,0.117647058823529,0.34105898111915,"co-occurring","within_date",TRUE,"Graphilbum",NA,"ASV_6746  Graphilbum sp."
"asv","Xyleborinus attenuatus","ASV_11600",69,24,4,3,21,1,44,0.12,0.131689462965101,0.0304550818764521,-0.383826351625713,0.8785,0.6315,1,1,0.117647058823529,0.34105898111915,"avoiding","within_date",TRUE,"Ophiostoma","undulatum","ASV_11600  Ophiostoma undulatum"
"asv","Xyleborinus attenuatus","ASV_22166",69,24,4,3,21,1,44,0.12,0.132806032645953,0.0308128139740109,-0.415607372204106,0.873,0.6055,1,1,0.117647058823529,0.34105898111915,"avoiding","within_date",TRUE,"Grosmannia","cucullata","ASV_22166  Grosmannia cucullata"
"asv","Xyleborinus attenuatus","ASV_25723",69,24,4,3,21,1,44,0.12,0.103067887219964,0.02801811591336,0.604327315669446,0.59,0.95,1,1,0.117647058823529,0.34105898111915,"co-occurring","within_date",TRUE,"Ceratocystiopsis","manitobensis","ASV_25723  Ceratocystiopsis manitobensis"
"asv","Xyleborinus attenuatus","ASV_7819",69,24,5,3,21,2,43,0.115384615384615,0.0784665185665692,0.0275716300827934,1.33898854391949,0.2445,0.9805,0.489,1,0.333335290887682,0.631596840638643,"co-occurring","within_date",TRUE,"Hawksworthiomyces",NA,"ASV_7819  Hawksworthiomyces sp."
"asv","Xyleborinus attenuatus","ASV_13249",69,24,6,3,21,3,42,0.111111111111111,0.0962375023560817,0.033716798288786,0.441133485677859,0.5565,0.864,1,1,0.412359680057317,0.725009437477824,"co-occurring","within_date",TRUE,"Ophiostoma","denticulatum","ASV_13249  Ophiostoma denticulatum"
"asv","Xyleborinus attenuatus","ASV_15738",69,24,7,3,21,4,41,0.107142857142857,0.0866371125017688,0.0294656646620041,0.695919975887409,0.473,0.9305,0.946,1,0.687453569257784,0.913057526970864,"co-occurring","within_date",TRUE,"Graphilbum",NA,"ASV_15738  Graphilbum sp."
"asv","Xyleborinus attenuatus","ASV_8974",69,24,3,2,22,1,44,0.08,0.0734994420287067,0.0215792906063996,0.301240577823512,0.7775,0.939,1,1,0.2756804214223,0.57973970975572,"co-occurring","within_date",TRUE,"Ophiostoma","karelicum","ASV_8974  Ophiostoma karelicum"
"asv","Xyleborinus attenuatus","ASV_9224",69,24,3,2,22,1,44,0.08,0.0625801362219556,0.0273291313557116,0.637410079058506,0.5685,0.951,1,1,0.2756804214223,0.57973970975572,"co-occurring","within_date",TRUE,"Ophiostoma","sparsiannulatum","ASV_9224  Ophiostoma sparsiannulatum"
"asv","Xyleborinus attenuatus","ASV_28495",69,24,3,2,22,1,44,0.08,0.0628412283064593,0.0279203322447368,0.614561873516934,0.575,0.9465,1,1,0.2756804214223,0.57973970975572,"co-occurring","within_date",TRUE,"Raffaelea","subfusca","ASV_28495  Raffaelea subfusca"
"asv","Xyleborinus attenuatus","ASV_7886",69,24,4,2,22,2,43,0.0769230769230769,0.064165473049917,0.0274022561641441,0.465567645114321,0.619,0.914,1,1,0.606061762797267,0.858916144196213,"co-occurring","within_date",TRUE,"Grosmannia",NA,"ASV_7886  Grosmannia sp."
"asv","Xyleborinus attenuatus","ASV_27488",69,24,4,2,22,2,43,0.0769230769230769,0.080744075741575,0.0276751720785028,-0.138065946172242,0.828,0.764,1,1,0.606061762797267,0.858916144196213,"avoiding","within_date",TRUE,"Ceratocystiopsis","synnemata","ASV_27488  Ceratocystiopsis synnemata"
"asv","Xyleborinus attenuatus","ASV_9363",69,24,5,2,22,3,42,0.0740740740740741,0.0656484387900108,0.0304845118166095,0.276390690943344,0.6425,0.852,1,1,1,1,"co-occurring","within_date",TRUE,"Sporothrix",NA,"ASV_9363  Sporothrix sp."
"asv","Xyleborinus attenuatus","ASV_15268",69,24,5,2,22,3,42,0.0740740740740741,0.0781359870004198,0.0261135854370755,-0.155547882772878,0.841,0.7665,1,1,1,1,"avoiding","within_date",TRUE,"Grosmannia","olivacea","ASV_15268  Grosmannia olivacea"
"asv","Xyleborinus attenuatus","ASV_4044",69,24,6,2,22,4,41,0.0714285714285714,0.046823356943933,0.0194908011474642,1.26240139122448,0.3075,0.975,0.615,1,1,1,"co-occurring","within_date",TRUE,"Graphilbum",NA,"ASV_4044  Graphilbum sp."
"asv","Xyleborinus attenuatus","ASV_8131",69,24,6,2,22,4,41,0.0714285714285714,0.0705445118668973,0.0320571437004531,0.0275776148347759,0.7045,0.7615,1,1,1,1,"co-occurring","within_date",TRUE,"Graphilbum",NA,"ASV_8131  Graphilbum sp."
"asv","Xyleborinus attenuatus","ASV_22950",69,24,6,2,22,4,41,0.0714285714285714,0.0923998797849541,0.0325251233206669,-0.644772600848442,0.901,0.486,0.972,1,1,1,"avoiding","within_date",TRUE,"Sporothrix",NA,"ASV_22950  Sporothrix sp."
"asv","Xyleborinus attenuatus","ASV_6045",69,24,7,2,22,5,40,0.0689655172413793,0.00859452714863179,0.0159928785483335,3.77486703911962,0.018,1,0.036,0.65208,1,1,"co-occurring","within_date",TRUE,"Sporothrix",NA,"ASV_6045  Sporothrix sp."
"asv","Xyleborinus attenuatus","ASV_13560",69,24,7,2,22,5,40,0.0689655172413793,0.0484029599182,0.0223009609239426,0.922048040589277,0.357,0.9425,0.714,1,1,1,"co-occurring","within_date",TRUE,"Hawksworthiomyces",NA,"ASV_13560  Hawksworthiomyces sp."
"asv","Xyleborinus attenuatus","ASV_6959",69,24,7,1,23,6,39,0.0333333333333333,0.0433656665953848,0.0281524373843725,-0.356357537540264,0.8575,0.658,1,1,0.407940501114338,0.720191255053707,"avoiding","within_date",TRUE,"Ophiostoma","adjuncti","ASV_6959  Ophiostoma adjuncti"
"asv","Xyleborinus attenuatus","ASV_23023",69,24,4,0,24,4,41,0,0.00309413966242381,0.0102506892266561,-0.301846987456976,1,0.9165,1,1,0.289995037599725,0.603921704515933,"avoiding","within_date",TRUE,"Sporothrix",NA,"ASV_23023  Sporothrix sp."
"asv","Xyloterinus politus","ASV_660",69,22,13,9,13,4,43,0.346153846153846,0.371531504358202,0.0632332631264938,-0.401333996532645,0.7865,0.5255,1,1,0.00258730144664164,0.0528548724099649,"avoiding","within_date",TRUE,"Grosmannia","francke-grosmanniae","ASV_660  Grosmannia francke-grosmanniae"
"asv","Xyloterinus politus","ASV_3556",69,22,9,7,15,2,45,0.291666666666667,0.219322553014399,0.0410195153702678,1.76365110604658,0.1295,1,0.259,1,0.00352703998212574,0.057945566286216,"co-occurring","within_date",TRUE,"Sporothrix","rossii","ASV_3556  Sporothrix rossii"
"asv","Xyloterinus politus","ASV_3603",69,22,10,7,15,3,44,0.28,0.273966008632466,0.0567451734524365,0.106334882782448,0.614,0.722,1,1,0.00921990745940801,0.0859856586975225,"co-occurring","within_date",TRUE,"Sporothrix","eucastaneae","ASV_3603  Sporothrix eucastaneae"
"asv","Xyloterinus politus","ASV_5162",69,22,7,6,16,1,46,0.260869565217391,0.244764506759305,0.0443387563198332,0.363227564208484,0.5855,0.8385,1,1,0.00340843857634901,0.057945566286216,"co-occurring","within_date",TRUE,"Sporothrix",NA,"ASV_5162  Sporothrix sp."
"asv","Xyloterinus politus","ASV_15258",69,22,7,6,16,1,46,0.260869565217391,0.209084977271244,0.0353100989353049,1.4665659261116,0.2425,1,0.485,1,0.00340843857634901,0.057945566286216,"co-occurring","within_date",TRUE,"Ophiostoma","pallidulum","ASV_15258  Ophiostoma pallidulum"
"asv","Xyloterinus politus","ASV_1122",69,22,8,6,16,2,45,0.25,0.255209932421361,0.0508581370209243,-0.102440488907747,0.711,0.669,1,1,0.0106431243287286,0.0951229236880115,"avoiding","within_date",TRUE,"Raffaelea","arxii","ASV_1122  Raffaelea arxii"
"asv","Xyloterinus politus","ASV_6117",69,22,13,7,15,6,41,0.25,0.188013434669958,0.0455572001691358,1.36063158183361,0.179,0.969,0.358,1,0.0960381105971932,0.307465294374596,"co-occurring","within_date",TRUE,"Leptographium","gracile","ASV_6117  Leptographium gracile"
"asv","Xyloterinus politus","ASV_7106",69,22,5,5,17,0,47,0.227272727272727,0.205144074013292,0.0262953711109691,0.841541774255619,0.5855,1,1,1,0.00234319255581232,0.0528548724099649,"co-occurring","within_date",TRUE,"Ophiostoma","denticiliatum","ASV_7106  Ophiostoma denticiliatum"
"asv","Xyloterinus politus","ASV_8274",69,22,12,6,16,6,41,0.214285714285714,0.180932590112819,0.0381929731921113,0.873279071653528,0.373,0.9315,0.746,1,0.177426476875721,0.43350978763192,"co-occurring","within_date",TRUE,"Sporothrix","rossii","ASV_8274  Sporothrix rossii"
"asv","Xyloterinus politus","ASV_21569",69,22,7,5,17,2,45,0.208333333333333,0.174734152967729,0.0450524851644069,0.745778623376569,0.419,0.911,0.838,1,0.0297937630850273,0.159769054543459,"co-occurring","within_date",TRUE,"Sporothrix",NA,"ASV_21569  Sporothrix sp."
"asv","Xyloterinus politus","ASV_11600",69,22,4,4,18,0,47,0.181818181818182,0.146305201349028,0.0328174670564635,1.08213654661564,0.4105,1,0.821,1,0.00846152867376672,0.080666573356576,"co-occurring","within_date",TRUE,"Ophiostoma","undulatum","ASV_11600  Ophiostoma undulatum"
"asv","Xyloterinus politus","ASV_1646",69,22,5,4,18,1,46,0.173913043478261,0.186877035355622,0.0355676573318951,-0.364488213445965,0.852,0.6215,1,1,0.0329348731455843,0.172387018638498,"avoiding","within_date",TRUE,"Raffaelea","arxii","ASV_1646  Raffaelea arxii"
"asv","Xyloterinus politus","ASV_13249",69,22,6,4,18,2,45,0.166666666666667,0.148420085181944,0.0374107726409025,0.487736023521004,0.5575,0.8845,1,1,0.0769104139933816,0.282004851309066,"co-occurring","within_date",TRUE,"Ophiostoma","denticulatum","ASV_13249  Ophiostoma denticulatum"
"asv","Xyloterinus politus","ASV_17726",69,22,3,3,19,0,47,0.136363636363636,0.123140621694242,0.0218792677075431,0.60436276232569,0.7325,1,1,1,0.0293926785509791,0.159613406308482,"co-occurring","within_date",TRUE,NA,NA,"ASV_17726  "
"asv","Xyloterinus politus","ASV_5724",69,22,4,3,19,1,46,0.130434782608696,0.12722848248894,0.0367328489375402,0.0872869982180811,0.722,0.7835,1,1,0.0921861281826163,0.299991787930719,"co-occurring","within_date",TRUE,"Graphilbum",NA,"ASV_5724  Graphilbum sp."
"asv","Xyloterinus politus","ASV_6746",69,22,4,3,19,1,46,0.130434782608696,0.120941234780764,0.0387703526255081,0.244866171830622,0.64,0.8125,1,1,0.0921861281826163,0.299991787930719,"co-occurring","within_date",TRUE,"Graphilbum",NA,"ASV_6746  Graphilbum sp."
"asv","Xyloterinus politus","ASV_22166",69,22,4,3,19,1,46,0.130434782608696,0.146048155830221,0.0327394025452588,-0.476898538387843,0.8895,0.595,1,1,0.0921861281826163,0.299991787930719,"avoiding","within_date",TRUE,"Grosmannia","cucullata","ASV_22166  Grosmannia cucullata"
"asv","Xyloterinus politus","ASV_25723",69,22,4,3,19,1,46,0.130434782608696,0.101503795375949,0.0287068376393249,1.00780823008921,0.456,1,0.912,1,0.0921861281826163,0.299991787930719,"co-occurring","within_date",TRUE,"Ceratocystiopsis","manitobensis","ASV_25723  Ceratocystiopsis manitobensis"
"asv","Xyloterinus politus","ASV_8131",69,22,6,3,19,3,44,0.12,0.0878613095721651,0.0260381546408933,1.23429217128009,0.3455,1,0.691,1,0.374786840683461,0.684185338949807,"co-occurring","within_date",TRUE,"Graphilbum",NA,"ASV_8131  Graphilbum sp."
"asv","Xyloterinus politus","ASV_22950",69,22,6,3,19,3,44,0.12,0.127648183065892,0.0290218776650155,-0.263531641686699,0.8595,0.7065,1,1,0.374786840683461,0.684185338949807,"avoiding","within_date",TRUE,"Sporothrix",NA,"ASV_22950  Sporothrix sp."
"asv","Xyloterinus politus","ASV_7618",69,22,7,3,19,4,43,0.115384615384615,0.128721369231623,0.0289554546092016,-0.460595560560429,0.8815,0.5915,1,1,0.671572144931451,0.898172847096732,"avoiding","within_date",TRUE,"Leptographium","lundbergii","ASV_7618  Leptographium lundbergii"
"asv","Xyloterinus politus","ASV_15738",69,22,7,3,19,4,43,0.115384615384615,0.105237804087228,0.0177868140001116,0.57046817363266,0.7545,1,1,1,0.671572144931451,0.898172847096732,"co-occurring","within_date",TRUE,"Graphilbum",NA,"ASV_15738  Graphilbum sp."
"asv","Xyloterinus politus","ASV_8895",69,22,13,3,19,10,37,0.09375,0.0877161697331331,0.0268273365327293,0.224913504160415,0.6425,0.8015,1,1,0.52785647066145,0.85549951917986,"co-occurring","within_date",TRUE,"Ceratocystiopsis","manitobensis","ASV_8895  Ceratocystiopsis manitobensis"
"asv","Xyloterinus politus","ASV_9224",69,22,3,2,20,1,46,0.0869565217391304,0.079434644858659,0.0168590707694892,0.446162008767661,0.834,1,1,1,0.236611062335382,0.52054433713784,"co-occurring","within_date",TRUE,"Ophiostoma","sparsiannulatum","ASV_9224  Ophiostoma sparsiannulatum"
"asv","Xyloterinus politus","ASV_16537",69,22,3,2,20,1,46,0.0869565217391304,0.079072144768034,0.0171774997362052,0.458994445767821,0.826,1,1,1,0.236611062335382,0.52054433713784,"co-occurring","within_date",TRUE,"Graphilbum",NA,"ASV_16537  Graphilbum sp."
"asv","Xyloterinus politus","ASV_28495",69,22,3,2,20,1,46,0.0869565217391304,0.0796158949039714,0.0166946263258223,0.439699978417901,0.838,1,1,1,0.236611062335382,0.52054433713784,"co-occurring","within_date",TRUE,"Raffaelea","subfusca","ASV_28495  Raffaelea subfusca"
"asv","Xyloterinus politus","ASV_4337",69,22,4,2,20,2,45,0.0833333333333333,0.101321892830474,0.0283626275320901,-0.634234591868754,0.9285,0.5525,1,1,0.587357330992098,0.85549951917986,"avoiding","within_date",TRUE,"Ophiostoma","undulatum","ASV_4337  Ophiostoma undulatum"
"asv","Xyloterinus politus","ASV_7886",69,22,4,2,20,2,45,0.0833333333333333,0.0962823440705868,0.0282742479836218,-0.457978961801365,0.909,0.6415,1,1,0.587357330992098,0.85549951917986,"avoiding","within_date",TRUE,"Grosmannia",NA,"ASV_7886  Grosmannia sp."
"asv","Xyloterinus politus","ASV_27488",69,22,4,2,20,2,45,0.0833333333333333,0.0988803558564535,0.0407053688140303,-0.38194034291028,0.8245,0.5845,1,1,0.587357330992098,0.85549951917986,"avoiding","within_date",TRUE,"Ceratocystiopsis","synnemata","ASV_27488  Ceratocystiopsis synnemata"
"asv","Xyloterinus politus","ASV_7819",69,22,5,2,20,3,44,0.08,0.0747391003193906,0.0323011307903426,0.162870449172705,0.6775,0.7995,1,1,0.650840818531775,0.892047000479654,"co-occurring","within_date",TRUE,"Hawksworthiomyces",NA,"ASV_7819  Hawksworthiomyces sp."
"asv","Xyloterinus politus","ASV_9363",69,22,5,2,20,3,44,0.08,0.0915932966483256,0.027172030906465,-0.426662868455932,0.9025,0.6525,1,1,0.650840818531775,0.892047000479654,"avoiding","within_date",TRUE,"Sporothrix",NA,"ASV_9363  Sporothrix sp."
"asv","Xyloterinus politus","ASV_15268",69,22,5,2,20,3,44,0.08,0.0946842568441423,0.0392505461662743,-0.374115987633304,0.8205,0.58,1,1,0.650840818531775,0.892047000479654,"avoiding","within_date",TRUE,"Grosmannia","olivacea","ASV_15268  Grosmannia olivacea"
"asv","Xyloterinus politus","ASV_8974",69,22,3,1,21,2,45,0.0416666666666667,0.0619639529909882,0.0257582661086028,-0.787991172959526,0.957,0.5125,1,1,1,1,"avoiding","within_date",TRUE,"Ophiostoma","karelicum","ASV_8974  Ophiostoma karelicum"
"asv","Xyloterinus politus","ASV_11554",69,22,3,1,21,2,45,0.0416666666666667,0.088504397126097,0.0333681483055689,-1.40366585614861,0.9855,0.217,0.434,1,1,1,"avoiding","within_date",TRUE,"Raffaelea","crossotarsi","ASV_11554  Raffaelea crossotarsi"
"asv","Xyloterinus politus","ASV_4044",69,22,6,1,21,5,42,0.037037037037037,0.0202323383914182,0.0184436579589868,0.911136970929922,0.5465,1,1,1,0.656296430742217,0.8966597732115,"co-occurring","within_date",TRUE,"Graphilbum",NA,"ASV_4044  Graphilbum sp."
"asv","Xyloterinus politus","ASV_6959",69,22,7,1,21,6,41,0.0357142857142857,0.0489239328659052,0.0217730759723886,-0.606696415718717,0.9465,0.606,1,1,0.416976908444204,0.72954800639409,"avoiding","within_date",TRUE,"Ophiostoma","adjuncti","ASV_6959  Ophiostoma adjuncti"
"asv","Xyloterinus politus","ASV_6045",69,22,7,0,22,7,40,0,0.0143285928678624,0.017509433251918,-0.81833561724751,1,0.599,1,1,0.0880861529456788,0.299912377886478,"avoiding","within_date",TRUE,"Sporothrix",NA,"ASV_6045  Sporothrix sp."
"asv","Xyloterinus politus","ASV_13560",69,22,7,0,22,7,40,0,0.0341321454377983,0.0260179319903411,-1.31187003834392,1,0.28,0.56,1,0.0880861529456788,0.299912377886478,"avoiding","within_date",TRUE,"Hawksworthiomyces",NA,"ASV_13560  Hawksworthiomyces sp."
"asv","Xyloterinus politus","ASV_23023",69,22,4,0,22,4,43,0,0,0,NA,1,1,1,1,0.298507462686567,0.618645900930132,"co-occurring","within_date",TRUE,"Sporothrix",NA,"ASV_23023  Sporothrix sp."
"genus","Cyclorhipidion pelliculosum","Grosmannia",69,13,18,9,4,9,47,0.409090909090909,0.261612929241202,0.0640550447028079,2.30236323358998,0.04,0.9955,0.08,0.635555555555556,0.00033900839734151,0.00382290030084966,"co-occurring","within_site_x_date",TRUE,NA,NA,"Grosmannia"
"genus","Cyclorhipidion pelliculosum","Sporothrix",69,13,34,11,2,23,33,0.305555555555556,0.228011099886981,0.0379501867917057,2.04332210785118,0.052,0.99,0.104,0.635555555555556,0.00569707530869645,0.0325116686502936,"co-occurring","within_site_x_date",TRUE,NA,NA,"Sporothrix"
"genus","Cyclorhipidion pelliculosum","Raffaelea",69,13,10,5,8,5,51,0.277777777777778,0.174715951741925,0.0676810855395218,1.52275669360637,0.153,0.9785,0.306,0.968,0.0164571430434337,0.0670476198065817,"co-occurring","within_site_x_date",TRUE,NA,NA,"Raffaelea"
"genus","Cyclorhipidion pelliculosum","Any Ophiostomatales",69,13,44,12,1,32,24,0.266666666666667,0.23147244522465,0.0283996075531061,1.23925027401187,0.2145,0.959,0.429,1,0.0233956813255396,0.0765898709525595,"co-occurring","within_site_x_date",TRUE,NA,NA,"Any Ophiostomatales"
"genus","Cyclorhipidion pelliculosum","Ophiostomatales (unclassified genus)",69,13,7,4,9,3,53,0.25,0.160146901058766,0.0775403854559717,1.15879097599087,0.2355,0.9485,0.471,1,0.0202981257395885,0.0720256074630559,"co-occurring","within_site_x_date",TRUE,NA,NA,"Ophiostomatales (unclassified genus)"
"genus","Cyclorhipidion pelliculosum","Ophiostoma",69,13,23,7,6,16,40,0.241379310344828,0.176389154707977,0.0538158094220301,1.20764058619262,0.202,0.942,0.404,1,0.106526632068099,0.225344798605595,"co-occurring","within_site_x_date",TRUE,NA,NA,"Ophiostoma"
"genus","Cyclorhipidion pelliculosum","Graphilbum",69,13,20,5,8,15,41,0.178571428571429,0.208945047657509,0.0525768276966664,-0.577699728506186,0.83,0.451,0.902,1,0.500083321876829,0.647166651840603,"avoiding","within_site_x_date",TRUE,NA,NA,"Graphilbum"
"genus","Cyclorhipidion pelliculosum","Leptographium",69,13,20,5,8,15,41,0.178571428571429,0.169233901717817,0.0578170402941861,0.161501294533593,0.553,0.7085,1,1,0.500083321876829,0.647166651840603,"co-occurring","within_site_x_date",TRUE,NA,NA,"Leptographium"
"genus","Cyclorhipidion pelliculosum","Hawksworthiomyces",69,13,10,3,10,7,49,0.15,0.0975883988930006,0.0436656486827222,1.20029365618328,0.2535,0.9565,0.507,1,0.384511309248254,0.556529526543526,"co-occurring","within_site_x_date",TRUE,NA,NA,"Hawksworthiomyces"
"genus","Cyclorhipidion pelliculosum","Ceratocystiopsis",69,13,21,2,11,19,37,0.0625,0.13543129516662,0.0445708780506645,-1.63629926885708,0.9895,0.0955,0.191,0.758214285714286,0.31656412575196,0.50466744685095,"avoiding","within_site_x_date",TRUE,NA,NA,"Ceratocystiopsis"
"genus","Dendroctonus valens","Leptographium",69,14,20,11,3,9,46,0.478260869565217,0.17639302083978,0.062107404722004,4.86041640407636,5e-04,1,0.001,0.055,2.09987702950972e-05,0.00079162920306047,"co-occurring","within_site_x_date",TRUE,NA,NA,"Leptographium"
"genus","Dendroctonus valens","Grosmannia",69,14,18,8,6,10,45,0.333333333333333,0.233271864619438,0.0655827423744498,1.5257286458469,0.135,0.9685,0.27,0.928125,0.00591121248187156,0.0325116686502936,"co-occurring","within_site_x_date",TRUE,NA,NA,"Grosmannia"
"genus","Dendroctonus valens","Ophiostoma",69,14,23,9,5,14,41,0.321428571428571,0.171043847418419,0.0541011230001411,2.77969690222069,0.013,0.998,0.026,0.458333333333333,0.0101467354992249,0.0531495669007018,"co-occurring","within_site_x_date",TRUE,NA,NA,"Ophiostoma"
"genus","Dendroctonus valens","Sporothrix",69,14,34,11,3,23,32,0.297297297297297,0.2445868078816,0.0461925810515424,1.14110292639595,0.218,0.938,0.436,1,0.0178088051732819,0.0699631631807502,"co-occurring","within_site_x_date",TRUE,NA,NA,"Sporothrix"
"genus","Dendroctonus valens","Any Ophiostomatales",69,14,44,13,1,31,24,0.288888888888889,0.248667659263835,0.0310372945089561,1.29589998939656,0.2015,0.9655,0.403,1,0.0124238721073794,0.0547984519407621,"co-occurring","within_site_x_date",TRUE,NA,NA,"Any Ophiostomatales"
"genus","Dendroctonus valens","Raffaelea",69,14,10,5,9,5,50,0.263157894736842,0.144697600665171,0.0583288112231009,2.0309053379911,0.0655,1,0.131,0.640869565217391,0.0237720746622119,0.0765898709525595,"co-occurring","within_site_x_date",TRUE,NA,NA,"Raffaelea"
"genus","Dendroctonus valens","Graphilbum",69,14,20,7,7,13,42,0.259259259259259,0.247082227798266,0.0604236373377141,0.201527613985473,0.5575,0.7295,1,1,0.095149580971838,0.213601100140861,"co-occurring","within_site_x_date",TRUE,NA,NA,"Graphilbum"
"genus","Dendroctonus valens","Ophiostomatales (unclassified genus)",69,14,7,4,10,3,52,0.235294117647059,0.12694598718348,0.0641621560080978,1.68866099901482,0.125,0.9815,0.25,0.916666666666667,0.0272526434324541,0.0832719660436097,"co-occurring","within_site_x_date",TRUE,NA,NA,"Ophiostomatales (unclassified genus)"
"genus","Dendroctonus valens","Ceratocystiopsis",69,14,21,6,8,15,40,0.206896551724138,0.202199485834048,0.0553969352144459,0.0847892734842993,0.585,0.6925,1,1,0.331673767971503,0.513860767279794,"co-occurring","within_site_x_date",TRUE,NA,NA,"Ceratocystiopsis"
"genus","Dendroctonus valens","Hawksworthiomyces",69,14,10,3,11,7,48,0.142857142857143,0.110189041046918,0.0619218714309083,0.52756967861793,0.43,0.848,0.86,1,0.412361476250596,0.570476834813251,"co-occurring","within_site_x_date",TRUE,NA,NA,"Hawksworthiomyces"
"genus","Dryocoetes autographus","Leptographium",69,14,20,5,9,15,40,0.172413793103448,0.11010430882408,0.0426328202832059,1.46153793873951,0.154,0.9645,0.308,0.968,0.527626940506205,0.674871668089332,"co-occurring","within_site_x_date",FALSE,NA,NA,"Leptographium"
"genus","Dryocoetes autographus","Ophiostoma",69,14,23,5,9,18,37,0.15625,0.100667376164899,0.0381312083650473,1.45766751745667,0.15,0.9625,0.3,0.968,1,1,"co-occurring","within_site_x_date",FALSE,NA,NA,"Ophiostoma"
"genus","Dryocoetes autographus","Sporothrix",69,14,34,6,8,28,27,0.142857142857143,0.121566459784711,0.0333653003851809,0.638108538710706,0.381,0.8515,0.762,1,0.766011435153338,0.868672761514095,"co-occurring","within_site_x_date",FALSE,NA,NA,"Sporothrix"
"genus","Dryocoetes autographus","Any Ophiostomatales",69,14,44,7,7,37,18,0.137254901960784,0.112563819113058,0.0270940539270365,0.911310020797137,0.293,0.9035,0.586,1,0.350327802290456,0.520757543945272,"co-occurring","within_site_x_date",FALSE,NA,NA,"Any Ophiostomatales"
"genus","Dryocoetes autographus","Graphilbum",69,14,20,4,10,16,39,0.133333333333333,0.0804223645429075,0.0361236794407592,1.46471703906013,0.166,0.977,0.332,1,1,1,"co-occurring","within_site_x_date",FALSE,NA,NA,"Graphilbum"
"genus","Dryocoetes autographus","Ceratocystiopsis",69,14,21,4,10,17,38,0.129032258064516,0.0884064020394996,0.0361560971793023,1.12362393052403,0.2655,0.9525,0.531,1,1,1,"co-occurring","within_site_x_date",FALSE,NA,NA,"Ceratocystiopsis"
"genus","Dryocoetes autographus","Grosmannia",69,14,18,3,11,15,40,0.103448275862069,0.0852709214457368,0.0393653129675991,0.461760698595072,0.489,0.8385,0.978,1,0.747095483759605,0.856046908474547,"co-occurring","within_site_x_date",FALSE,NA,NA,"Grosmannia"
"genus","Dryocoetes autographus","Hawksworthiomyces",69,14,10,1,13,9,46,0.0434782608695652,0.0703097454995141,0.0468425959595835,-0.572800974845619,0.857,0.503,1,1,0.674153046072605,0.806052555086811,"avoiding","within_site_x_date",FALSE,NA,NA,"Hawksworthiomyces"
"genus","Dryocoetes autographus","Raffaelea",69,14,10,0,14,10,45,0,0.0301534166292629,0.0305431577822253,-0.987239657544865,1,0.441,0.882,1,0.195130173632333,0.346198695154139,"avoiding","within_site_x_date",FALSE,NA,NA,"Raffaelea"
"genus","Dryocoetes autographus","Ophiostomatales (unclassified genus)",69,14,7,0,14,7,48,0,0.0168334167083543,0.0236344314556579,-0.712241237532478,1,0.6635,1,1,0.330406391953277,0.513860767279794,"avoiding","within_site_x_date",FALSE,NA,NA,"Ophiostomatales (unclassified genus)"
"genus","Heteroborips seriatus","Grosmannia",69,21,18,13,8,5,43,0.5,0.332696813898306,0.0610847756964482,2.73886879658988,0.0205,0.9985,0.041,0.458333333333333,2.15898873561946e-05,0.00079162920306047,"co-occurring","within_site_x_date",TRUE,NA,NA,"Grosmannia"
"genus","Heteroborips seriatus","Raffaelea",69,21,10,9,12,1,47,0.409090909090909,0.276961160223336,0.0613061028046692,2.15524626134789,0.052,0.992,0.104,0.635555555555556,4.25293410337153e-05,0.000935645502741736,"co-occurring","within_site_x_date",TRUE,NA,NA,"Raffaelea"
"genus","Heteroborips seriatus","Any Ophiostomatales",69,21,44,18,3,26,22,0.382978723404255,0.310284916335802,0.0284512181335911,2.55503320550718,0.023,1,0.046,0.458333333333333,0.0146568403030815,0.0620097089745757,"co-occurring","within_site_x_date",TRUE,NA,NA,"Any Ophiostomatales"
"genus","Heteroborips seriatus","Ophiostoma",69,21,23,12,9,11,37,0.375,0.258647176672766,0.0447284784372132,2.60131413793926,0.0225,0.998,0.045,0.458333333333333,0.0112071446872039,0.0535993876344535,"co-occurring","within_site_x_date",TRUE,NA,NA,"Ophiostoma"
"genus","Heteroborips seriatus","Sporothrix",69,21,34,15,6,19,29,0.375,0.322524517646938,0.0395983700425495,1.3251929889204,0.1875,0.9615,0.375,1,0.0194043856952348,0.0711494142158609,"co-occurring","within_site_x_date",TRUE,NA,NA,"Sporothrix"
"genus","Heteroborips seriatus","Leptographium",69,21,20,10,11,10,38,0.32258064516129,0.259540638811887,0.0581604803954433,1.08389762121604,0.224,0.9195,0.448,1,0.0416853853362099,0.114634809674577,"co-occurring","within_site_x_date",TRUE,NA,NA,"Leptographium"
"genus","Heteroborips seriatus","Ophiostomatales (unclassified genus)",69,21,7,6,15,1,47,0.272727272727273,0.185036467762612,0.046718771065943,1.87699297228701,0.096,1,0.192,0.758214285714286,0.00252197510471358,0.0173385788449059,"co-occurring","within_site_x_date",TRUE,NA,NA,"Ophiostomatales (unclassified genus)"
"genus","Heteroborips seriatus","Graphilbum",69,21,20,6,15,14,34,0.171428571428571,0.184306497291311,0.0394561481544399,-0.326385784348052,0.777,0.5535,1,1,1,1,"avoiding","within_site_x_date",TRUE,NA,NA,"Graphilbum"
"genus","Heteroborips seriatus","Hawksworthiomyces",69,21,10,3,18,7,41,0.107142857142857,0.0701265839999002,0.0344559461985509,1.07430725975866,0.2965,0.9545,0.593,1,1,1,"co-occurring","within_site_x_date",TRUE,NA,NA,"Hawksworthiomyces"
"genus","Heteroborips seriatus","Ceratocystiopsis",69,21,21,4,17,17,31,0.105263157894737,0.180383160661149,0.0412142872499379,-1.82266897667932,0.9935,0.0605,0.121,0.640869565217391,0.256686086985143,0.415227493652437,"avoiding","within_site_x_date",TRUE,NA,NA,"Ceratocystiopsis"
"genus","Hylastes opacus","Ophiostomatales (unclassified genus)",69,8,7,4,4,3,58,0.363636363636364,0.330945192876162,0.112803665914458,0.28980592514602,0.5545,0.825,1,1,0.0024316458354707,0.0173385788449059,"co-occurring","within_site_x_date",TRUE,NA,NA,"Ophiostomatales (unclassified genus)"
"genus","Hylastes opacus","Raffaelea",69,8,10,4,4,6,55,0.285714285714286,0.320877609134235,0.0898897826584063,-0.391182650352767,0.8185,0.5765,1,1,0.0124541936229005,0.0547984519407621,"avoiding","within_site_x_date",TRUE,NA,NA,"Raffaelea"
"genus","Hylastes opacus","Grosmannia",69,8,18,5,3,13,48,0.238095238095238,0.279736693743696,0.0591912333712214,-0.703507145852182,0.8955,0.452,0.904,1,0.0243695043939962,0.0765898709525595,"avoiding","within_site_x_date",TRUE,NA,NA,"Grosmannia"
"genus","Hylastes opacus","Leptographium",69,8,20,4,4,16,45,0.166666666666667,0.135956527975145,0.0438429190513237,0.700458348942757,0.395,0.8965,0.79,1,0.216788762230434,0.372605685083559,"co-occurring","within_site_x_date",TRUE,NA,NA,"Leptographium"
"genus","Hylastes opacus","Sporothrix",69,8,34,6,2,28,33,0.166666666666667,0.189123973751581,0.0225263033074766,-0.996937081880675,1,0.4415,0.883,1,0.150551589876704,0.29217339988814,"avoiding","within_site_x_date",TRUE,NA,NA,"Sporothrix"
"genus","Hylastes opacus","Any Ophiostomatales",69,8,44,7,1,37,24,0.155555555555556,0.155694931347978,0.0171757806118928,-0.00811467004453106,0.7745,0.779,1,1,0.242621630350402,0.401983305276514,"avoiding","within_site_x_date",TRUE,NA,NA,"Any Ophiostomatales"
"genus","Hylastes opacus","Ophiostoma",69,8,23,4,4,19,42,0.148148148148148,0.177518300257168,0.0419268630650839,-0.70050917149294,0.8955,0.452,0.904,1,0.426246831090497,0.578853721234008,"avoiding","within_site_x_date",TRUE,NA,NA,"Ophiostoma"
"genus","Hylastes opacus","Graphilbum",69,8,20,3,5,17,44,0.12,0.121140313746617,0.0296332818266148,-0.0384808457358479,0.7865,0.7785,1,1,0.68224125322882,0.806952019948067,"avoiding","within_site_x_date",TRUE,NA,NA,"Graphilbum"
"genus","Hylastes opacus","Ceratocystiopsis",69,8,21,2,6,19,42,0.0740740740740741,0.0754630978492916,0.0265047105809442,-0.0524066758237392,0.7885,0.77,1,1,1,1,"avoiding","within_site_x_date",TRUE,NA,NA,"Ceratocystiopsis"
"genus","Hylastes opacus","Hawksworthiomyces",69,8,10,1,7,9,52,0.0588235294117647,0.0607656769561263,0.0512070821560493,-0.0379273229910477,0.7075,0.7475,1,1,1,1,"avoiding","within_site_x_date",TRUE,NA,NA,"Hawksworthiomyces"
"genus","Hylesinus aculeatus","Grosmannia",69,6,18,5,1,13,50,0.263157894736842,0.163378271500752,0.0472223325511993,2.11297532005449,0.0755,1,0.151,0.6644,0.00379998003294563,0.0232221002013344,"co-occurring","within_site_x_date",TRUE,NA,NA,"Grosmannia"
"genus","Hylesinus aculeatus","Ophiostomatales (unclassified genus)",69,6,7,2,4,5,58,0.181818181818182,0.115406187942459,0.0461637119506999,1.43861901630975,0.326,1,0.652,1,0.109327789294723,0.226906732498481,"co-occurring","within_site_x_date",TRUE,NA,NA,"Ophiostomatales (unclassified genus)"
"genus","Hylesinus aculeatus","Raffaelea",69,6,10,2,4,8,55,0.142857142857143,0.172234468882795,0.0414783731819558,-0.708256466491118,1,0.666,1,1,0.206512012532263,0.360576529818237,"avoiding","within_site_x_date",TRUE,NA,NA,"Raffaelea"
"genus","Hylesinus aculeatus","Sporothrix",69,6,34,5,1,29,34,0.142857142857143,0.144031399453229,0.0219914398008172,-0.0533960762333964,0.7855,0.7625,1,1,0.106000099835272,0.225344798605595,"avoiding","within_site_x_date",TRUE,NA,NA,"Sporothrix"
"genus","Hylesinus aculeatus","Any Ophiostomatales",69,6,44,6,0,38,25,0.136363636363636,0.120080791383833,0.01644274131733,0.990275566923981,0.455,1,0.91,1,0.0798638129439366,0.190978683126805,"co-occurring","within_site_x_date",TRUE,NA,NA,"Any Ophiostomatales"
"genus","Hylesinus aculeatus","Graphilbum",69,6,20,3,3,17,46,0.130434782608696,0.147142741331139,0.024075834278839,-0.69397216017261,1,0.675,1,1,0.346047938014575,0.520757543945272,"avoiding","within_site_x_date",TRUE,NA,NA,"Graphilbum"
"genus","Hylesinus aculeatus","Leptographium",69,6,20,3,3,17,46,0.130434782608696,0.116480295483711,0.0397849565199819,0.350747828968369,0.6065,0.842,1,1,0.346047938014575,0.520757543945272,"co-occurring","within_site_x_date",TRUE,NA,NA,"Leptographium"
"genus","Hylesinus aculeatus","Ceratocystiopsis",69,6,21,3,3,18,45,0.125,0.144095595228443,0.0398165020995585,-0.479589974546124,0.8645,0.5735,1,1,0.359177477483009,0.526793633641746,"avoiding","within_site_x_date",TRUE,NA,NA,"Ceratocystiopsis"
"genus","Hylesinus aculeatus","Ophiostoma",69,6,23,3,3,20,43,0.115384615384615,0.115470584294995,0.0285610958403607,-0.00301000041666477,0.7715,0.7865,1,1,0.392603582764909,0.560862261092727,"avoiding","within_site_x_date",TRUE,NA,NA,"Ophiostoma"
"genus","Hylesinus aculeatus","Hawksworthiomyces",69,6,10,1,5,9,54,0.0666666666666667,0.0666666666666654,0,NA,1,1,1,1,1,1,"co-occurring","within_site_x_date",TRUE,NA,NA,"Hawksworthiomyces"
"genus","Ips grandicollis","Leptographium",69,19,20,11,8,9,41,0.392857142857143,0.150285183024597,0.0566706688447889,4.28037933515322,5e-04,1,0.001,0.055,0.00230429938235522,0.0173385788449059,"co-occurring","within_site_x_date",FALSE,NA,NA,"Leptographium"
"genus","Ips grandicollis","Ophiostoma",69,19,23,10,9,13,37,0.3125,0.179619227486152,0.0538604824030404,2.46712926779035,0.0215,0.9945,0.043,0.458333333333333,0.0477634480471936,0.125094744885507,"co-occurring","within_site_x_date",FALSE,NA,NA,"Ophiostoma"
"genus","Ips grandicollis","Sporothrix",69,19,34,12,7,22,28,0.292682926829268,0.216435395592577,0.0439916083723475,1.7332289965697,0.0965,0.9865,0.193,0.758214285714286,0.185228684699618,0.334018939622262,"co-occurring","within_site_x_date",FALSE,NA,NA,"Sporothrix"
"genus","Ips grandicollis","Any Ophiostomatales",69,19,44,14,5,30,20,0.285714285714286,0.232744975645849,0.0321109851087706,1.64956976215498,0.1105,0.982,0.221,0.838275862068966,0.402684165236973,0.567887925334193,"co-occurring","within_site_x_date",FALSE,NA,NA,"Any Ophiostomatales"
"genus","Ips grandicollis","Graphilbum",69,19,20,8,11,12,38,0.258064516129032,0.196007738622996,0.0518681302264515,1.19643367198898,0.195,0.9395,0.39,1,0.1513989435784,0.29217339988814,"co-occurring","within_site_x_date",FALSE,NA,NA,"Graphilbum"
"genus","Ips grandicollis","Ceratocystiopsis",69,19,21,8,11,13,37,0.25,0.184717812103011,0.0531854676274518,1.22744408969517,0.1885,0.939,0.377,1,0.24484437685024,0.401983305276514,"co-occurring","within_site_x_date",FALSE,NA,NA,"Ceratocystiopsis"
"genus","Ips grandicollis","Grosmannia",69,19,18,7,12,11,39,0.233333333333333,0.157254410932556,0.0488604774044497,1.55706465516133,0.1295,0.977,0.259,0.919032258064516,0.231851967443854,0.392364867981907,"co-occurring","within_site_x_date",FALSE,NA,NA,"Grosmannia"
"genus","Ips grandicollis","Ophiostomatales (unclassified genus)",69,19,7,4,15,3,47,0.181818181818182,0.0841729117899818,0.0486059105975372,2.00891761573432,0.073,0.9915,0.146,0.6644,0.084920865420541,0.19461031658874,"co-occurring","within_site_x_date",FALSE,NA,NA,"Ophiostomatales (unclassified genus)"
"genus","Ips grandicollis","Hawksworthiomyces",69,19,10,3,16,7,43,0.115384615384615,0.118618956493872,0.0599480424002994,-0.0539524057793092,0.639,0.6595,1,1,1,1,"avoiding","within_site_x_date",FALSE,NA,NA,"Hawksworthiomyces"
"genus","Ips grandicollis","Raffaelea",69,19,10,2,17,8,42,0.0740740740740741,0.0893680886027056,0.0441276677502465,-0.346585607360727,0.7865,0.567,1,1,0.715356626135887,0.837119456116464,"avoiding","within_site_x_date",FALSE,NA,NA,"Raffaelea"
"genus","Ips pini","Graphilbum",69,5,20,3,2,17,47,0.136363636363636,0.0720663597373683,0.0427566592282501,1.50379561422296,0.172,0.9805,0.344,1,0.141793580698799,0.283587161397597,"co-occurring","within_site_x_date",FALSE,NA,NA,"Graphilbum"
"genus","Ips pini","Ceratocystiopsis",69,5,21,3,2,18,46,0.130434782608696,0.131043584092065,0.0520706848671314,-0.0116918278475367,0.686,0.688,1,1,0.160863719248267,0.300731080870057,"avoiding","within_site_x_date",FALSE,NA,NA,"Ceratocystiopsis"
"genus","Ips pini","Grosmannia",69,5,18,2,3,16,48,0.0952380952380952,0.0976660408126163,0.0412427726426676,-0.0588696011191361,0.752,0.7045,1,1,0.599751319413876,0.741265675680072,"avoiding","within_site_x_date",FALSE,NA,NA,"Grosmannia"
"genus","Ips pini","Any Ophiostomatales",69,5,44,4,1,40,24,0.0888888888888889,0.0970225011495686,0.0116274824708795,-0.699516192008893,1,0.6715,1,1,0.64646568456165,0.79012472557535,"avoiding","within_site_x_date",FALSE,NA,NA,"Any Ophiostomatales"
"genus","Ips pini","Sporothrix",69,5,34,3,2,31,33,0.0833333333333333,0.0943871871585757,0.0203531087965717,-0.54310395211489,0.89,0.539,1,1,0.673289073029501,0.806052555086811,"avoiding","within_site_x_date",FALSE,NA,NA,"Sporothrix"
"genus","Ips pini","Ophiostoma",69,5,23,2,3,21,43,0.0769230769230769,0.108008247899498,0.04517322158914,-0.688132700809938,0.879,0.4135,0.827,1,1,1,"avoiding","within_site_x_date",FALSE,NA,NA,"Ophiostoma"
"genus","Ips pini","Hawksworthiomyces",69,5,10,1,4,9,55,0.0714285714285714,0.0470757356700325,0.0490259233944654,0.496733851652209,0.545,0.901,1,1,0.554533059667235,0.693166324584044,"co-occurring","within_site_x_date",FALSE,NA,NA,"Hawksworthiomyces"
"genus","Ips pini","Raffaelea",69,5,10,1,4,9,55,0.0714285714285714,0.0742294224035105,0.0507110299372212,-0.055231593174235,0.7865,0.781,1,1,0.554533059667235,0.693166324584044,"avoiding","within_site_x_date",FALSE,NA,NA,"Raffaelea"
"genus","Ips pini","Leptographium",69,5,20,1,4,19,45,0.0416666666666667,0.0725663744727617,0.0439493678807114,-0.703075136142205,0.902,0.4555,0.911,1,1,1,"avoiding","within_site_x_date",FALSE,NA,NA,"Leptographium"
"genus","Ips pini","Ophiostomatales (unclassified genus)",69,5,7,0,5,7,57,0,0.0298330983673658,0.0426965812259416,-0.698723352333415,1,0.672,1,1,1,1,"avoiding","within_site_x_date",FALSE,NA,NA,"Ophiostomatales (unclassified genus)"
"genus","Pityogenes hopkinsi","Graphilbum",69,19,20,14,5,6,44,0.56,0.363213056452743,0.0657065643999167,2.99493582329966,0.007,0.9995,0.014,0.44,1.67095737617325e-06,0.000183805311379057,"co-occurring","within_site_x_date",TRUE,NA,NA,"Graphilbum"
"genus","Pityogenes hopkinsi","Ophiostoma",69,19,23,13,6,10,40,0.448275862068966,0.299952704018816,0.0494490570890165,2.99951438473625,0.008,0.9985,0.016,0.44,0.000347536390986333,0.00382290030084966,"co-occurring","within_site_x_date",TRUE,NA,NA,"Ophiostoma"
"genus","Pityogenes hopkinsi","Leptographium",69,19,20,12,7,8,42,0.444444444444444,0.273600680495995,0.0621486575496464,2.74895340759329,0.0155,0.999,0.031,0.458333333333333,0.000259059405672516,0.00382290030084966,"co-occurring","within_site_x_date",TRUE,NA,NA,"Leptographium"
"genus","Pityogenes hopkinsi","Sporothrix",69,19,34,16,3,18,32,0.432432432432432,0.327360353827501,0.0474444011093472,2.21463599809738,0.044,0.995,0.088,0.635555555555556,0.000402058969674789,0.00402058969674789,"co-occurring","within_site_x_date",TRUE,NA,NA,"Sporothrix"
"genus","Pityogenes hopkinsi","Any Ophiostomatales",69,19,44,19,0,25,25,0.431818181818182,0.356111550119515,0.0304649793875567,2.48503800825118,0.025,1,0.05,0.458333333333333,4.06607353173474e-05,0.000935645502741736,"co-occurring","within_site_x_date",TRUE,NA,NA,"Any Ophiostomatales"
"genus","Pityogenes hopkinsi","Ceratocystiopsis",69,19,21,12,7,9,41,0.428571428571429,0.313121044596714,0.0580966336144295,1.98721297245766,0.063,0.9885,0.126,0.640869565217391,0.000775971156452571,0.00711306893414857,"co-occurring","within_site_x_date",TRUE,NA,NA,"Ceratocystiopsis"
"genus","Pityogenes hopkinsi","Grosmannia",69,19,18,9,10,9,41,0.321428571428571,0.293150431595018,0.0620606082398828,0.455653604364458,0.437,0.808,0.874,1,0.0287037883736584,0.0853355870568224,"co-occurring","within_site_x_date",TRUE,NA,NA,"Grosmannia"
"genus","Pityogenes hopkinsi","Raffaelea",69,19,10,6,13,4,46,0.260869565217391,0.19362983570544,0.0520289217386329,1.29235293112031,0.2115,0.966,0.423,1,0.021566775884163,0.0741357921018103,"co-occurring","within_site_x_date",TRUE,NA,NA,"Raffaelea"
"genus","Pityogenes hopkinsi","Ophiostomatales (unclassified genus)",69,19,7,4,15,3,47,0.181818181818182,0.147489410054171,0.0470567739711523,0.729518172772646,0.4365,0.9125,0.873,1,0.084920865420541,0.19461031658874,"co-occurring","within_site_x_date",TRUE,NA,NA,"Ophiostomatales (unclassified genus)"
"genus","Pityogenes hopkinsi","Hawksworthiomyces",69,19,10,4,15,6,44,0.16,0.117671399094284,0.0502822476546147,0.841819983793651,0.3295,0.903,0.659,1,0.445364014161838,0.59743953119271,"co-occurring","within_site_x_date",TRUE,NA,NA,"Hawksworthiomyces"
"genus","Xyleborinus attenuatus","Grosmannia",69,24,18,13,11,5,40,0.448275862068966,0.356758878605043,0.0371046228289671,2.46645772107071,0.0435,1,0.087,0.635555555555556,0.000294641253513014,0.00382290030084966,"co-occurring","within_site_x_date",TRUE,NA,NA,"Grosmannia"
"genus","Xyleborinus attenuatus","Any Ophiostomatales",69,24,44,21,3,23,22,0.446808510638298,0.397497092735113,0.0232359743381244,2.12220142721869,0.067,1,0.134,0.640869565217391,0.00348571614556371,0.0225546338830593,"co-occurring","within_site_x_date",TRUE,NA,NA,"Any Ophiostomatales"
"genus","Xyleborinus attenuatus","Sporothrix",69,24,34,16,8,18,27,0.380952380952381,0.319415585725742,0.0286114303002501,2.15077661552982,0.057,1,0.114,0.640869565217391,0.0449472246879217,0.120590115016375,"co-occurring","within_site_x_date",TRUE,NA,NA,"Sporothrix"
"genus","Xyleborinus attenuatus","Leptographium",69,24,20,12,12,8,37,0.375,0.25920287804934,0.0420168048992654,2.75597162202795,0.012,1,0.024,0.458333333333333,0.0108026010176985,0.0535993876344535,"co-occurring","within_site_x_date",TRUE,NA,NA,"Leptographium"
"genus","Xyleborinus attenuatus","Raffaelea",69,24,10,8,16,2,43,0.307692307692308,0.276704086679072,0.0390602507298088,0.79334413973915,0.4085,0.9245,0.817,1,0.00232011746984478,0.0173385788449059,"co-occurring","within_site_x_date",TRUE,NA,NA,"Raffaelea"
"genus","Xyleborinus attenuatus","Ophiostoma",69,24,23,11,13,12,33,0.305555555555556,0.25946556848556,0.0357484359293088,1.28928681414586,0.2115,0.958,0.423,1,0.118649286694861,0.241692991415458,"co-occurring","within_site_x_date",TRUE,NA,NA,"Ophiostoma"
"genus","Xyleborinus attenuatus","Graphilbum",69,24,20,10,14,10,35,0.294117647058824,0.281093768172606,0.0246006798391577,0.529411340311316,0.544,0.902,1,1,0.103349548068589,0.225344798605595,"co-occurring","within_site_x_date",TRUE,NA,NA,"Graphilbum"
"genus","Xyleborinus attenuatus","Ophiostomatales (unclassified genus)",69,24,7,7,17,0,45,0.291666666666667,0.193555192329578,0.043080898546209,2.27737762321399,0.0495,1,0.099,0.635555555555556,0.000320794218950496,0.00382290030084966,"co-occurring","within_site_x_date",TRUE,NA,NA,"Ophiostomatales (unclassified genus)"
"genus","Xyleborinus attenuatus","Ceratocystiopsis",69,24,21,9,15,12,33,0.25,0.227897986790587,0.0275139989515081,0.803300648821233,0.417,0.9295,0.834,1,0.414892243500546,0.570476834813251,"co-occurring","within_site_x_date",TRUE,NA,NA,"Ceratocystiopsis"
"genus","Xyleborinus attenuatus","Hawksworthiomyces",69,24,10,4,20,6,39,0.133333333333333,0.121213591593719,0.0241223943565336,0.502426979697052,0.5655,0.9035,1,1,0.729883571225281,0.845128345629273,"co-occurring","within_site_x_date",TRUE,NA,NA,"Hawksworthiomyces"
"genus","Xyloterinus politus","Any Ophiostomatales",69,22,44,18,4,26,21,0.375,0.394124575943752,0.0281029174460561,-0.680519237209496,0.888,0.447,0.894,1,0.0583780115691844,0.145945028922961,"avoiding","within_site_x_date",TRUE,NA,NA,"Any Ophiostomatales"
"genus","Xyloterinus politus","Sporothrix",69,22,34,15,7,19,28,0.365853658536585,0.389248127439071,0.0366813984969799,-0.637774726730001,0.862,0.43,0.86,1,0.0406055059187453,0.11452835002723,"avoiding","within_site_x_date",TRUE,NA,NA,"Sporothrix"
"genus","Xyloterinus politus","Grosmannia",69,22,18,10,12,8,39,0.333333333333333,0.397387813504659,0.0455402775984629,-1.40654566790535,0.9765,0.179,0.358,1,0.0185910138821605,0.0705176388633675,"avoiding","within_site_x_date",TRUE,NA,NA,"Grosmannia"
"genus","Xyloterinus politus","Graphilbum",69,22,20,10,12,10,37,0.3125,0.299534121036711,0.0383385722416797,0.338194100749345,0.545,0.8155,1,1,0.0498694576001735,0.127573031070211,"co-occurring","within_site_x_date",TRUE,NA,NA,"Graphilbum"
"genus","Xyloterinus politus","Ophiostoma",69,22,23,10,12,13,34,0.285714285714286,0.286206443299696,0.0340191977113109,-0.0144670544433903,0.7,0.7135,1,1,0.175774608751533,0.322253449377811,"avoiding","within_site_x_date",TRUE,NA,NA,"Ophiostoma"
"genus","Xyloterinus politus","Leptographium",69,22,20,9,13,11,36,0.272727272727273,0.25961905432332,0.040722847498357,0.321888551739455,0.549,0.7965,1,1,0.16130121610303,0.300731080870057,"co-occurring","within_site_x_date",TRUE,NA,NA,"Leptographium"
"genus","Xyloterinus politus","Raffaelea",69,22,10,6,16,4,43,0.230769230769231,0.2642239068252,0.0341460261658099,-0.979753131257977,1,0.447,0.894,1,0.0635865260939953,0.155433730451988,"avoiding","within_site_x_date",TRUE,NA,NA,"Raffaelea"
"genus","Xyloterinus politus","Ophiostomatales (unclassified genus)",69,22,7,5,17,2,45,0.208333333333333,0.225757806439449,0.034075466142796,-0.511349515604476,0.8875,0.565,1,1,0.0297937630850273,0.0862451036671843,"avoiding","within_site_x_date",TRUE,NA,NA,"Ophiostomatales (unclassified genus)"
"genus","Xyloterinus politus","Ceratocystiopsis",69,22,21,7,15,14,33,0.194444444444444,0.205026554833354,0.0315429294593214,-0.335482802970359,0.801,0.5735,1,1,1,1,"avoiding","within_site_x_date",TRUE,NA,NA,"Ceratocystiopsis"
"genus","Xyloterinus politus","Hawksworthiomyces",69,22,10,2,20,8,39,0.0666666666666667,0.0913594728398657,0.0172816628983095,-1.42884433740543,1,0.329,0.658,1,0.484172009754844,0.641673747867866,"avoiding","within_site_x_date",TRUE,NA,NA,"Hawksworthiomyces"
"species","Cyclorhipidion pelliculosum","Grosmannia francke-grosmanniae",69,13,13,8,5,5,51,0.444444444444444,0.22411556308631,0.0676005218425045,3.25927781846797,0.008,1,0.016,0.691428571428571,0.000134195691560037,0.00572982275324147,"co-occurring","within_site_x_date",TRUE,NA,NA,"Grosmannia francke-grosmanniae"
"species","Cyclorhipidion pelliculosum","Sporothrix eucastaneae",69,13,10,6,7,4,52,0.352941176470588,0.213948554944826,0.0538542779553139,2.58090214562142,0.038,1,0.076,1,0.00199939584396605,0.036655590472711,"co-occurring","within_site_x_date",TRUE,NA,NA,"Sporothrix eucastaneae"
"species","Cyclorhipidion pelliculosum","Raffaelea arxii",69,13,9,5,8,4,52,0.294117647058824,0.184342813330102,0.0719529003821995,1.52564848874222,0.153,0.9785,0.306,1,0.00922826944369984,0.0654909444391602,"co-occurring","within_site_x_date",TRUE,NA,NA,"Raffaelea arxii"
"species","Cyclorhipidion pelliculosum","Ophiostoma denticiliatum",69,13,5,4,9,1,55,0.285714285714286,0.153653297236852,0.062816001232296,2.10234631123791,0.0845,1,0.169,1,0.0036772658446896,0.0462243833622236,"co-occurring","within_site_x_date",TRUE,NA,NA,"Ophiostoma denticiliatum"
"species","Cyclorhipidion pelliculosum","Raffaelea crossotarsi",69,13,3,3,10,0,56,0.230769230769231,0.094011841085376,0.0612437573213108,2.23300129948539,0.069,1,0.138,1,0.0054586403023247,0.0500375361046431,"co-occurring","within_site_x_date",TRUE,NA,NA,"Raffaelea crossotarsi"
"species","Cyclorhipidion pelliculosum","Grosmannia cucullata",69,13,4,3,10,1,55,0.214285714285714,0.111461912274818,0.0690842222124533,1.48838329097321,0.1795,0.979,0.359,1,0.0193533610718784,0.0969710138698955,"co-occurring","within_site_x_date",TRUE,NA,NA,"Grosmannia cucullata"
"species","Cyclorhipidion pelliculosum","Ophiostoma pallidulum",69,13,7,3,10,4,52,0.176470588235294,0.156916306450439,0.0619752824552074,0.315517429049033,0.562,0.8275,1,1,0.117661373439707,0.304897599173293,"co-occurring","within_site_x_date",TRUE,NA,NA,"Ophiostoma pallidulum"
"species","Cyclorhipidion pelliculosum","Sporothrix rossii",69,13,16,4,9,12,44,0.16,0.16331203134083,0.0434962811479717,-0.0761451612279917,0.716,0.696,1,1,0.480829079979224,0.729533776520202,"avoiding","within_site_x_date",TRUE,NA,NA,"Sporothrix rossii"
"species","Cyclorhipidion pelliculosum","Ophiostoma sparsiannulatum",69,13,3,2,11,1,55,0.142857142857143,0.0691631530050729,0.0479632175254128,1.53646885372159,0.2275,1,0.455,1,0.0888269649196473,0.26408016597733,"co-occurring","within_site_x_date",TRUE,NA,NA,"Ophiostoma sparsiannulatum"
"species","Cyclorhipidion pelliculosum","Leptographium gracile",69,13,13,3,10,10,46,0.130434782608696,0.152227156865175,0.0667173766476047,-0.326637157386817,0.742,0.537,1,1,0.699504605302463,0.910597711044626,"avoiding","within_site_x_date",TRUE,NA,NA,"Leptographium gracile"
"species","Cyclorhipidion pelliculosum","Grosmannia olivacea",69,13,5,2,11,3,53,0.125,0.151280787452548,0.0483022799950131,-0.544089998552053,0.8875,0.5505,1,1,0.235255945337252,0.464771729587358,"avoiding","within_site_x_date",TRUE,NA,NA,"Grosmannia olivacea"
"species","Cyclorhipidion pelliculosum","Ophiostoma denticulatum",69,13,6,2,11,4,52,0.117647058823529,0.144030955720625,0.0652871075120365,-0.404121087647077,0.806,0.5845,1,1,0.314916784364622,0.549854702858864,"avoiding","within_site_x_date",TRUE,NA,NA,"Ophiostoma denticulatum"
"species","Cyclorhipidion pelliculosum","Ophiostoma undulatum",69,13,6,2,11,4,52,0.117647058823529,0.12096918557318,0.0625689031551916,-0.0530954928426719,0.695,0.699,1,1,0.314916784364622,0.549854702858864,"avoiding","within_site_x_date",TRUE,NA,NA,"Ophiostoma undulatum"
"species","Cyclorhipidion pelliculosum","Leptographium lundbergii",69,13,7,2,11,5,51,0.111111111111111,0.0933227191511152,0.0414820117594076,0.428821824340805,0.5585,0.877,1,1,0.608776768332252,0.824191989868948,"co-occurring","within_site_x_date",TRUE,NA,NA,"Leptographium lundbergii"
"species","Cyclorhipidion pelliculosum","Ceratocystiopsis rollhanseniana",69,13,3,1,12,2,54,0.0666666666666667,0.0947444418179768,0.0618775614753932,-0.453763439958373,0.853,0.589,1,1,0.470931786082376,0.719479117625852,"avoiding","within_site_x_date",TRUE,NA,NA,"Ceratocystiopsis rollhanseniana"
"species","Cyclorhipidion pelliculosum","Ophiostoma karelicum",69,13,3,1,12,2,54,0.0666666666666667,0.0444889111222278,0.0457495988372038,0.484763934725561,0.5515,0.8985,1,1,0.470931786082376,0.719479117625852,"co-occurring","within_site_x_date",TRUE,NA,NA,"Ophiostoma karelicum"
"species","Cyclorhipidion pelliculosum","Raffaelea subfusca",69,13,3,1,12,2,54,0.0666666666666667,0.0699921389266051,0.0472747341079555,-0.0703435423316063,0.791,0.7735,1,1,0.470931786082376,0.719479117625852,"avoiding","within_site_x_date",TRUE,NA,NA,"Raffaelea subfusca"
"species","Cyclorhipidion pelliculosum","Ceratocystiopsis synnemata",69,13,5,1,12,4,52,0.0588235294117647,0.106940970485243,0.0648350579598326,-0.742151585694405,0.9105,0.4385,0.877,1,1,1,"avoiding","within_site_x_date",TRUE,NA,NA,"Ceratocystiopsis synnemata"
"species","Cyclorhipidion pelliculosum","Ceratocystiopsis manitobensis",69,13,14,1,12,13,43,0.0384615384615385,0.0816127712685778,0.0412930131217673,-1.04500082567945,0.948,0.299,0.598,1,0.278157801867872,0.514241314377578,"avoiding","within_site_x_date",TRUE,NA,NA,"Ceratocystiopsis manitobensis"
"species","Cyclorhipidion pelliculosum","Ophiostoma adjuncti",69,13,7,0,13,7,49,0,0.036448048585697,0.0368904402693399,-0.988007958690301,1,0.4395,0.879,1,0.332619193037371,0.559456408957306,"avoiding","within_site_x_date",TRUE,NA,NA,"Ophiostoma adjuncti"
"species","Dendroctonus valens","Leptographium gracile",69,14,13,8,6,5,50,0.421052631578947,0.16285639928119,0.0724936820830934,3.56163771626069,0.0035,1,0.007,0.513333333333333,0.000288644276971136,0.0090716772762357,"co-occurring","within_site_x_date",TRUE,NA,NA,"Leptographium gracile"
"species","Dendroctonus valens","Ophiostoma pallidulum",69,14,7,6,8,1,54,0.4,0.17178946800542,0.0726001688401557,3.14338844716784,0.011,1,0.022,0.691428571428571,0.000156267893270222,0.00572982275324147,"co-occurring","within_site_x_date",TRUE,NA,NA,"Ophiostoma pallidulum"
"species","Dendroctonus valens","Ophiostoma denticulatum",69,14,6,5,9,1,54,0.333333333333333,0.135407099834749,0.0614561338128077,3.22060990854806,0.0105,1,0.021,0.691428571428571,0.000943571783028591,0.0188714356605718,"co-occurring","within_site_x_date",TRUE,NA,NA,"Ophiostoma denticulatum"
"species","Dendroctonus valens","Sporothrix rossii",69,14,16,7,7,9,46,0.304347826086957,0.195958450879385,0.0562496766690174,1.92693330212995,0.08,0.9915,0.16,1,0.0135452645127125,0.0818329243927008,"co-occurring","within_site_x_date",TRUE,NA,NA,"Sporothrix rossii"
"species","Dendroctonus valens","Raffaelea arxii",69,14,9,5,9,4,51,0.277777777777778,0.152101947153421,0.0616402006433498,2.03886147859118,0.0655,1,0.131,1,0.0135311703959223,0.0818329243927008,"co-occurring","within_site_x_date",TRUE,NA,NA,"Raffaelea arxii"
"species","Dendroctonus valens","Grosmannia olivacea",69,14,5,4,10,1,54,0.266666666666667,0.143953185743199,0.0676736399657295,1.81331284951734,0.117,1,0.234,1,0.00507691720426003,0.0485618167364003,"co-occurring","within_site_x_date",TRUE,NA,NA,"Grosmannia olivacea"
"species","Dendroctonus valens","Sporothrix eucastaneae",69,14,10,5,9,5,50,0.263157894736842,0.202183547914305,0.0496389539551256,1.22835680376461,0.2525,0.962,0.505,1,0.0237720746622119,0.111390673473874,"co-occurring","within_site_x_date",TRUE,NA,NA,"Sporothrix eucastaneae"
"species","Dendroctonus valens","Leptographium lundbergii",69,14,7,4,10,3,52,0.235294117647059,0.107559352431635,0.0486793924378866,2.62400081057727,0.036,1,0.072,1,0.0272526434324541,0.115807785931494,"co-occurring","within_site_x_date",TRUE,NA,NA,"Leptographium lundbergii"
"species","Dendroctonus valens","Grosmannia francke-grosmanniae",69,14,13,5,9,8,47,0.227272727272727,0.192869096886104,0.0565308476125172,0.60858154157599,0.4245,0.8715,0.849,1,0.119241968133597,0.3050375928999,"co-occurring","within_site_x_date",TRUE,NA,NA,"Grosmannia francke-grosmanniae"
"species","Dendroctonus valens","Ceratocystiopsis rollhanseniana",69,14,3,3,11,0,55,0.214285714285714,0.0871462516972772,0.0571920418885615,2.22302716234835,0.0755,1,0.151,1,0.00694736038477689,0.0566081216537376,"co-occurring","within_site_x_date",TRUE,NA,NA,"Ceratocystiopsis rollhanseniana"
"species","Dendroctonus valens","Ophiostoma denticiliatum",69,14,5,3,11,2,53,0.1875,0.141241208839716,0.0568238975674876,0.81407283098356,0.402,0.9305,0.804,1,0.0531740275604077,0.182785719738902,"co-occurring","within_site_x_date",TRUE,NA,NA,"Ophiostoma denticiliatum"
"species","Dendroctonus valens","Ceratocystiopsis manitobensis",69,14,14,4,10,10,45,0.166666666666667,0.137058661308177,0.0478760202718812,0.61843079667755,0.4375,0.8795,0.875,1,0.460047337652862,0.719479117625852,"co-occurring","within_site_x_date",TRUE,NA,NA,"Ceratocystiopsis manitobensis"
"species","Dendroctonus valens","Ophiostoma adjuncti",69,14,7,3,11,4,51,0.166666666666667,0.0523564413785837,0.0447025512092549,2.55712978780542,0.041,1,0.082,1,0.142318299805321,0.336666945776029,"co-occurring","within_site_x_date",TRUE,NA,NA,"Ophiostoma adjuncti"
"species","Dendroctonus valens","Raffaelea crossotarsi",69,14,3,2,12,1,54,0.133333333333333,0.08813126801496,0.058952579962981,0.766752962241139,0.408,0.9185,0.816,1,0.102473565675459,0.278323264797543,"co-occurring","within_site_x_date",TRUE,NA,NA,"Raffaelea crossotarsi"
"species","Dendroctonus valens","Raffaelea subfusca",69,14,3,2,12,1,54,0.133333333333333,0.0641654160413547,0.0458319720863537,1.50916301750352,0.234,1,0.468,1,0.102473565675459,0.278323264797543,"co-occurring","within_site_x_date",TRUE,NA,NA,"Raffaelea subfusca"
"species","Dendroctonus valens","Ophiostoma undulatum",69,14,6,2,12,4,51,0.111111111111111,0.11433223491691,0.0579203416568389,-0.0556129973280111,0.7125,0.691,1,1,0.593729720960415,0.816378366320571,"avoiding","within_site_x_date",TRUE,NA,NA,"Ophiostoma undulatum"
"species","Dendroctonus valens","Ophiostoma karelicum",69,14,3,1,13,2,53,0.0625,0.0420314323828582,0.0435968189857995,0.469496814063632,0.548,0.89,1,1,0.499274726113677,0.742165133412223,"co-occurring","within_site_x_date",TRUE,NA,NA,"Ophiostoma karelicum"
"species","Dendroctonus valens","Ophiostoma sparsiannulatum",69,14,3,1,13,2,53,0.0625,0.0640674503918633,0.0442772743850454,-0.0354007877321534,0.778,0.782,1,1,0.499274726113677,0.742165133412223,"avoiding","within_site_x_date",TRUE,NA,NA,"Ophiostoma sparsiannulatum"
"species","Dendroctonus valens","Grosmannia cucullata",69,14,4,1,13,3,52,0.0588235294117647,0.105730176012376,0.0662416326062655,-0.708114289383848,0.895,0.449,0.898,1,1,1,"avoiding","within_site_x_date",TRUE,NA,NA,"Grosmannia cucullata"
"species","Dendroctonus valens","Ceratocystiopsis synnemata",69,14,5,0,14,5,50,0,0.0989558913443657,0.061115077671876,-1.61917312574902,1,0.1025,0.205,1,0.575142191854029,0.805931733808194,"avoiding","within_site_x_date",TRUE,NA,NA,"Ceratocystiopsis synnemata"
"species","Dryocoetes autographus","Ophiostoma denticulatum",69,14,6,3,11,3,52,0.176470588235294,0.0732402665040825,0.0466267624086941,2.21397147042668,0.076,1,0.152,1,0.0930044470740925,0.269223399425005,"co-occurring","within_site_x_date",FALSE,NA,NA,"Ophiostoma denticulatum"
"species","Dryocoetes autographus","Leptographium gracile",69,14,13,4,10,9,46,0.173913043478261,0.111233627498718,0.0495384933343383,1.26526690177103,0.2145,0.954,0.429,1,0.442831455664983,0.700884318318677,"co-occurring","within_site_x_date",FALSE,NA,NA,"Leptographium gracile"
"species","Dryocoetes autographus","Ophiostoma adjuncti",69,14,7,3,11,4,51,0.166666666666667,0.0691301791246504,0.0448738078789015,2.17357278449007,0.0765,1,0.153,1,0.142318299805321,0.336666945776029,"co-occurring","within_site_x_date",FALSE,NA,NA,"Ophiostoma adjuncti"
"species","Dryocoetes autographus","Ceratocystiopsis manitobensis",69,14,14,3,11,11,44,0.12,0.0506096923105439,0.0324013838328871,2.14158469426313,0.0765,1,0.153,1,1,1,"co-occurring","within_site_x_date",FALSE,NA,NA,"Ceratocystiopsis manitobensis"
"species","Dryocoetes autographus","Grosmannia olivacea",69,14,5,2,12,3,52,0.117647058823529,0.0667196343269689,0.0412394610441373,1.23491973966523,0.335,1,0.67,1,0.265602931633393,0.50810995616823,"co-occurring","within_site_x_date",FALSE,NA,NA,"Grosmannia olivacea"
"species","Dryocoetes autographus","Sporothrix rossii",69,14,16,3,11,13,42,0.111111111111111,0.105943660643428,0.0398133569909706,0.129791880369583,0.626,0.7515,1,1,1,1,"co-occurring","within_site_x_date",FALSE,NA,NA,"Sporothrix rossii"
"species","Dryocoetes autographus","Leptographium lundbergii",69,14,7,1,13,6,49,0.05,0.0342408046128323,0.0350699701911337,0.449364379304545,0.554,0.8815,1,1,1,1,"co-occurring","within_site_x_date",FALSE,NA,NA,"Leptographium lundbergii"
"species","Dryocoetes autographus","Ophiostoma pallidulum",69,14,7,1,13,6,49,0.05,0.0337418709354669,0.0234276387405628,0.693972160172661,0.675,1,1,1,1,1,"co-occurring","within_site_x_date",FALSE,NA,NA,"Ophiostoma pallidulum"
"species","Dryocoetes autographus","Sporothrix eucastaneae",69,14,10,1,13,9,46,0.0434782608695652,0.0743474504050451,0.0226163723400951,-1.36490455106073,1,0.3495,0.699,1,0.674153046072605,0.882819465095078,"avoiding","within_site_x_date",FALSE,NA,NA,"Sporothrix eucastaneae"
"species","Dryocoetes autographus","Ceratocystiopsis rollhanseniana",69,14,3,0,14,3,52,0,0,0,NA,1,1,1,1,1,1,"co-occurring","within_site_x_date",FALSE,NA,NA,"Ceratocystiopsis rollhanseniana"
"species","Dryocoetes autographus","Ceratocystiopsis synnemata",69,14,5,0,14,5,50,0,0.0770689674902818,0.0505016988433586,-1.52606683053034,1,0.156,0.312,1,0.575142191854029,0.805931733808194,"avoiding","within_site_x_date",FALSE,NA,NA,"Ceratocystiopsis synnemata"
"species","Dryocoetes autographus","Grosmannia cucullata",69,14,4,0,14,4,51,0,0,0,NA,1,1,1,1,0.575142191854029,0.805931733808194,"co-occurring","within_site_x_date",FALSE,NA,NA,"Grosmannia cucullata"
"species","Dryocoetes autographus","Grosmannia francke-grosmanniae",69,14,13,0,14,13,42,0,0.0386454765844457,0.026671917522656,-1.44892006926832,1,0.229,0.458,1,0.0561754624240655,0.190132334358375,"avoiding","within_site_x_date",FALSE,NA,NA,"Grosmannia francke-grosmanniae"
"species","Dryocoetes autographus","Ophiostoma denticiliatum",69,14,5,0,14,5,50,0,0,0,NA,1,1,1,1,0.575142191854029,0.805931733808194,"co-occurring","within_site_x_date",FALSE,NA,NA,"Ophiostoma denticiliatum"
"species","Dryocoetes autographus","Ophiostoma karelicum",69,14,3,0,14,3,52,0,0,0,NA,1,1,1,1,1,1,"co-occurring","within_site_x_date",FALSE,NA,NA,"Ophiostoma karelicum"
"species","Dryocoetes autographus","Ophiostoma sparsiannulatum",69,14,3,0,14,3,52,0,0.0211668334167084,0.0295859787004491,-0.715434619588468,1,0.6615,1,1,1,1,"avoiding","within_site_x_date",FALSE,NA,NA,"Ophiostoma sparsiannulatum"
"species","Dryocoetes autographus","Ophiostoma undulatum",69,14,6,0,14,6,49,0,0.0180879913641034,0.0250027366236776,-0.723440463192099,1,0.6565,1,1,0.334831994121464,0.559456408957306,"avoiding","within_site_x_date",FALSE,NA,NA,"Ophiostoma undulatum"
"species","Dryocoetes autographus","Raffaelea arxii",69,14,9,0,14,9,46,0,0.015303106098504,0.0214858467778702,-0.712241237532502,1,0.6635,1,1,0.187172983060235,0.395942848781267,"avoiding","within_site_x_date",FALSE,NA,NA,"Raffaelea arxii"
"species","Dryocoetes autographus","Raffaelea crossotarsi",69,14,3,0,14,3,52,0,0,0,NA,1,1,1,1,1,1,"co-occurring","within_site_x_date",FALSE,NA,NA,"Raffaelea crossotarsi"
"species","Dryocoetes autographus","Raffaelea subfusca",69,14,3,0,14,3,52,0,0.0216045522761381,0.0297316337312884,-0.726652039083957,1,0.6545,1,1,1,1,"avoiding","within_site_x_date",FALSE,NA,NA,"Raffaelea subfusca"
"species","Heteroborips seriatus","Grosmannia francke-grosmanniae",69,21,13,13,8,0,48,0.619047619047619,0.363720076242206,0.0686162593477986,3.72109388113423,0.0025,1,0.005,0.513333333333333,5.26483943325486e-09,1.15826467531607e-06,"co-occurring","within_site_x_date",TRUE,NA,NA,"Grosmannia francke-grosmanniae"
"species","Heteroborips seriatus","Raffaelea arxii",69,21,9,9,12,0,48,0.428571428571429,0.270267247162215,0.0573779915075153,2.75897042141112,0.019,1,0.038,1,5.18650500411162e-06,0.000380343700301518,"co-occurring","within_site_x_date",TRUE,NA,NA,"Raffaelea arxii"
"species","Heteroborips seriatus","Sporothrix eucastaneae",69,21,10,7,14,3,45,0.291666666666667,0.226126082984513,0.0383605986448763,1.70853912601565,0.1485,1,0.297,1,0.0066322404242797,0.0566081216537376,"co-occurring","within_site_x_date",TRUE,NA,NA,"Sporothrix eucastaneae"
"species","Heteroborips seriatus","Sporothrix rossii",69,21,16,8,13,8,40,0.275862068965517,0.264741460691414,0.0456458811871991,0.243627858305465,0.5815,0.7655,1,1,0.0672350996095225,0.217525322266102,"co-occurring","within_site_x_date",TRUE,NA,NA,"Sporothrix rossii"
"species","Heteroborips seriatus","Leptographium gracile",69,21,13,7,14,6,42,0.259259259259259,0.203488347141165,0.0574526074174509,0.970728999518907,0.2725,0.916,0.545,1,0.0525734166628686,0.182785719738902,"co-occurring","within_site_x_date",TRUE,NA,NA,"Leptographium gracile"
"species","Heteroborips seriatus","Ophiostoma undulatum",69,21,6,5,16,1,47,0.227272727272727,0.17480397313281,0.0410824527411376,1.27715729317637,0.287,1,0.574,1,0.00860058176735659,0.0652457927178775,"co-occurring","within_site_x_date",TRUE,NA,NA,"Ophiostoma undulatum"
"species","Heteroborips seriatus","Ophiostoma pallidulum",69,21,7,5,16,2,46,0.217391304347826,0.136461820653916,0.0387699008250129,2.0874307638594,0.081,1,0.162,1,0.0237970984239641,0.111390673473874,"co-occurring","within_site_x_date",TRUE,NA,NA,"Ophiostoma pallidulum"
"species","Heteroborips seriatus","Grosmannia cucullata",69,21,4,4,17,0,48,0.19047619047619,0.136970058999007,0.0415780399488645,1.28688441165069,0.2855,1,0.571,1,0.00692306891490004,0.0566081216537376,"co-occurring","within_site_x_date",TRUE,NA,NA,"Grosmannia cucullata"
"species","Heteroborips seriatus","Ophiostoma denticiliatum",69,21,5,4,17,1,47,0.181818181818182,0.115007767388307,0.0324606773144317,2.05819532915821,0.112,1,0.224,1,0.0273727494019894,0.115807785931494,"co-occurring","within_site_x_date",TRUE,NA,NA,"Ophiostoma denticiliatum"
"species","Heteroborips seriatus","Ophiostoma denticulatum",69,21,6,4,17,2,46,0.173913043478261,0.127206137273562,0.043989665408567,1.06176998099199,0.303,0.9565,0.606,1,0.064917084671255,0.213160576532479,"co-occurring","within_site_x_date",TRUE,NA,NA,"Ophiostoma denticulatum"
"species","Heteroborips seriatus","Raffaelea crossotarsi",69,21,3,3,18,0,48,0.142857142857143,0.0924310263545097,0.0401988298937895,1.25441752000905,0.297,1,0.594,1,0.0253845860213002,0.113971610707878,"co-occurring","within_site_x_date",TRUE,NA,NA,"Raffaelea crossotarsi"
"species","Heteroborips seriatus","Leptographium lundbergii",69,21,7,3,18,4,44,0.12,0.107762792581723,0.0416812355359971,0.293590323341262,0.5645,0.8025,1,1,0.666711690416695,0.882819465095078,"co-occurring","within_site_x_date",TRUE,NA,NA,"Leptographium lundbergii"
"species","Heteroborips seriatus","Ceratocystiopsis manitobensis",69,21,14,3,18,11,37,0.09375,0.118602893839634,0.0377804559554173,-0.657824084202743,0.8695,0.43,0.86,1,0.526053019441669,0.771544428514448,"avoiding","within_site_x_date",TRUE,NA,NA,"Ceratocystiopsis manitobensis"
"species","Heteroborips seriatus","Ceratocystiopsis rollhanseniana",69,21,3,2,19,1,47,0.0909090909090909,0.0600201286413959,0.0306998072725029,1.00616143917495,0.449,1,0.898,1,0.217773027445891,0.443611722574963,"co-occurring","within_site_x_date",TRUE,NA,NA,"Ceratocystiopsis rollhanseniana"
"species","Heteroborips seriatus","Ophiostoma sparsiannulatum",69,21,3,2,19,1,47,0.0909090909090909,0.0442909201636386,0.0299741220028273,1.55528060975581,0.217,1,0.434,1,0.217773027445891,0.443611722574963,"co-occurring","within_site_x_date",TRUE,NA,NA,"Ophiostoma sparsiannulatum"
"species","Heteroborips seriatus","Raffaelea subfusca",69,21,3,2,19,1,47,0.0909090909090909,0.0919621301333899,0.0331471544037974,-0.0317686161373291,0.7785,0.7775,1,1,0.217773027445891,0.443611722574963,"avoiding","within_site_x_date",TRUE,NA,NA,"Raffaelea subfusca"
"species","Heteroborips seriatus","Ophiostoma karelicum",69,21,3,1,20,2,46,0.0434782608695652,0.0286665071666262,0.0206110105722785,0.71863306512785,0.6595,1,1,1,1,1,"co-occurring","within_site_x_date",TRUE,NA,NA,"Ophiostoma karelicum"
"species","Heteroborips seriatus","Ceratocystiopsis synnemata",69,21,5,1,20,4,44,0.04,0.11726805714169,0.0489786106777076,-1.57758776887599,0.9865,0.116,0.232,1,1,1,"avoiding","within_site_x_date",TRUE,NA,NA,"Ceratocystiopsis synnemata"
"species","Heteroborips seriatus","Grosmannia olivacea",69,21,5,1,20,4,44,0.04,0.0549858262464568,0.0282913203849765,-0.529696954491198,0.8875,0.5505,1,1,1,1,"avoiding","within_site_x_date",TRUE,NA,NA,"Grosmannia olivacea"
"species","Heteroborips seriatus","Ophiostoma adjuncti",69,21,7,1,20,6,42,0.037037037037037,0.0646034128175214,0.0333217033850521,-0.827279910091583,0.928,0.413,0.826,1,0.426845103974165,0.680477701987799,"avoiding","within_site_x_date",TRUE,NA,NA,"Ophiostoma adjuncti"
"species","Hylastes opacus","Grosmannia francke-grosmanniae",69,8,13,5,3,8,53,0.3125,0.37233113162916,0.0846191992242498,-0.707063316335584,0.8955,0.452,0.904,1,0.00459437611053716,0.0485618167364003,"avoiding","within_site_x_date",TRUE,NA,NA,"Grosmannia francke-grosmanniae"
"species","Hylastes opacus","Raffaelea arxii",69,8,9,4,4,5,56,0.307692307692308,0.346822203975775,0.0989843640663182,-0.395313912985803,0.8185,0.5765,1,1,0.00788195229983687,0.061929625213004,"avoiding","within_site_x_date",TRUE,NA,NA,"Raffaelea arxii"
"species","Hylastes opacus","Sporothrix rossii",69,8,16,5,3,11,50,0.263157894736842,0.220536584081507,0.0295928068301845,1.44025914472775,0.3255,1,0.651,1,0.0136314792225282,0.0818329243927008,"co-occurring","within_site_x_date",TRUE,NA,NA,"Sporothrix rossii"
"species","Hylastes opacus","Grosmannia cucullata",69,8,4,2,6,2,59,0.2,0.247666257371102,0.107632278714202,-0.442862103641523,0.8415,0.5955,1,1,0.0633035704990508,0.211011901663503,"avoiding","within_site_x_date",TRUE,NA,NA,"Grosmannia cucullata"
"species","Hylastes opacus","Ophiostoma denticiliatum",69,8,5,2,6,3,58,0.181818181818182,0.183394727666867,0.0731640862285226,-0.0215480836289075,0.758,0.785,1,1,0.0991702372013094,0.278323264797543,"avoiding","within_site_x_date",TRUE,NA,NA,"Ophiostoma denticiliatum"
"species","Hylastes opacus","Leptographium gracile",69,8,13,3,5,10,51,0.166666666666667,0.126595470077661,0.0498505252960962,0.803826967739964,0.4025,0.927,0.805,1,0.166657072282347,0.390048467043791,"co-occurring","within_site_x_date",TRUE,NA,NA,"Leptographium gracile"
"species","Hylastes opacus","Ophiostoma denticulatum",69,8,6,2,6,4,57,0.166666666666667,0.137073198603962,0.063696284230303,0.464602738139408,0.541,0.8905,1,1,0.139800445574962,0.336666945776029,"co-occurring","within_site_x_date",TRUE,NA,NA,"Ophiostoma denticulatum"
"species","Hylastes opacus","Ophiostoma undulatum",69,8,6,2,6,4,57,0.166666666666667,0.277056710173262,0.0776658259437664,-1.42134641800529,1,0.2225,0.445,1,0.139800445574962,0.336666945776029,"avoiding","within_site_x_date",TRUE,NA,NA,"Ophiostoma undulatum"
"species","Hylastes opacus","Leptographium lundbergii",69,8,7,2,6,5,56,0.153846153846154,0.126531672429626,0.0582056618375169,0.469275334292685,0.541,0.8905,1,1,0.183913243237784,0.395942848781267,"co-occurring","within_site_x_date",TRUE,NA,NA,"Leptographium lundbergii"
"species","Hylastes opacus","Ophiostoma pallidulum",69,8,7,2,6,5,56,0.153846153846154,0.154574540017262,0.0602886681733345,-0.0120816430877817,0.758,0.785,1,1,0.183913243237784,0.395942848781267,"avoiding","within_site_x_date",TRUE,NA,NA,"Ophiostoma pallidulum"
"species","Hylastes opacus","Sporothrix eucastaneae",69,8,10,2,6,8,53,0.125,0.149387193596797,0.0351414581108432,-0.693972160172596,1,0.675,1,1,0.326795784583521,0.557326144250966,"avoiding","within_site_x_date",TRUE,NA,NA,"Sporothrix eucastaneae"
"species","Hylastes opacus","Ceratocystiopsis rollhanseniana",69,8,3,1,7,2,59,0.1,0.103974209326885,0.074069594304735,-0.0536550708045452,0.7745,0.783,1,1,0.313089285032637,0.549854702858864,"avoiding","within_site_x_date",TRUE,NA,NA,"Ceratocystiopsis rollhanseniana"
"species","Hylastes opacus","Raffaelea subfusca",69,8,3,1,7,2,59,0.1,0.181440720360185,0.057644923356346,-1.41279952541076,1,0.334,0.668,1,0.313089285032637,0.549854702858864,"avoiding","within_site_x_date",TRUE,NA,NA,"Raffaelea subfusca"
"species","Hylastes opacus","Ceratocystiopsis synnemata",69,8,5,1,7,4,57,0.0833333333333333,0.0562364515591119,0.0390460645676042,0.69397216017266,0.675,1,1,1,0.47064642804613,0.719479117625852,"co-occurring","within_site_x_date",TRUE,NA,NA,"Ceratocystiopsis synnemata"
"species","Hylastes opacus","Ophiostoma adjuncti",69,8,7,1,7,6,55,0.0714285714285714,0.0232258986636175,0.0334680553436608,1.44025914472751,0.3255,1,0.651,1,1,1,"co-occurring","within_site_x_date",TRUE,NA,NA,"Ophiostoma adjuncti"
"species","Hylastes opacus","Ceratocystiopsis manitobensis",69,8,14,1,7,13,48,0.0476190476190476,0.0661259201029085,0.0336524028042782,-0.549942082635124,0.894,0.5505,1,1,1,1,"avoiding","within_site_x_date",TRUE,NA,NA,"Ceratocystiopsis manitobensis"
"species","Hylastes opacus","Grosmannia olivacea",69,8,5,0,8,5,56,0,0.05552776388194,0.0393033568338725,-1.41279952541064,1,0.334,0.668,1,1,1,"avoiding","within_site_x_date",TRUE,NA,NA,"Grosmannia olivacea"
"species","Hylastes opacus","Ophiostoma karelicum",69,8,3,0,8,3,58,0,0.0330665332666336,0.0470570445414791,-0.702690396067832,1,0.6695,1,1,1,1,"avoiding","within_site_x_date",TRUE,NA,NA,"Ophiostoma karelicum"
"species","Hylastes opacus","Ophiostoma sparsiannulatum",69,8,3,0,8,3,58,0,0.0666333166583275,0.0471640282006467,-1.41279952541064,1,0.334,0.668,1,1,1,"avoiding","within_site_x_date",TRUE,NA,NA,"Ophiostoma sparsiannulatum"
"species","Hylastes opacus","Raffaelea crossotarsi",69,8,3,0,8,3,58,0,0.104568951142237,0.0740006263304294,-1.4130819741351,1,0.2225,0.445,1,1,1,"avoiding","within_site_x_date",TRUE,NA,NA,"Raffaelea crossotarsi"
"species","Hylesinus aculeatus","Sporothrix eucastaneae",69,6,10,5,1,5,58,0.454545454545455,0.33878127875127,0.0774306835189976,1.49506849911485,0.243,1,0.486,1,0.00012577842816038,0.00572982275324147,"co-occurring","within_site_x_date",TRUE,NA,NA,"Sporothrix eucastaneae"
"species","Hylesinus aculeatus","Ophiostoma denticiliatum",69,6,5,3,3,2,61,0.375,0.323029570340724,0.0723990560522068,0.717832973150929,0.66,1,1,1,0.00356016850271918,0.0462243833622236,"co-occurring","within_site_x_date",TRUE,NA,NA,"Ophiostoma denticiliatum"
"species","Hylesinus aculeatus","Grosmannia francke-grosmanniae",69,6,13,5,1,8,55,0.357142857142857,0.21649248994245,0.0653825900625439,2.15118989727791,0.0755,1,0.151,1,0.000615528495629272,0.0150462521153822,"co-occurring","within_site_x_date",TRUE,NA,NA,"Grosmannia francke-grosmanniae"
"species","Hylesinus aculeatus","Ophiostoma pallidulum",69,6,7,3,3,4,59,0.3,0.303836261565127,0.0874006967436641,-0.0438928030102345,0.7715,0.7865,1,1,0.0116051329477485,0.0797852890157711,"avoiding","within_site_x_date",TRUE,NA,NA,"Ophiostoma pallidulum"
"species","Hylesinus aculeatus","Grosmannia cucullata",69,6,4,2,4,2,61,0.25,0.156342059918846,0.065102670699705,1.43861901630985,0.326,1,0.652,1,0.0353614397207175,0.13648274979926,"co-occurring","within_site_x_date",TRUE,NA,NA,"Grosmannia cucullata"
"species","Hylesinus aculeatus","Ophiostoma denticulatum",69,6,6,2,4,4,59,0.2,0.203541164521648,0.0806775662249202,-0.0438928030101395,0.7715,0.7865,1,1,0.0814070303384443,0.252247136259968,"avoiding","within_site_x_date",TRUE,NA,NA,"Ophiostoma denticulatum"
"species","Hylesinus aculeatus","Leptographium lundbergii",69,6,7,2,4,5,58,0.181818181818182,0.187158730880595,0.072815379837058,-0.0733436957187305,0.78,0.7715,1,1,0.109327789294723,0.293318459083402,"avoiding","within_site_x_date",TRUE,NA,NA,"Leptographium lundbergii"
"species","Hylesinus aculeatus","Sporothrix rossii",69,6,16,3,3,13,50,0.157894736842105,0.160755523960811,0.041173504734018,-0.0694812631857883,0.7855,0.7625,1,1,0.132352073623975,0.32716242918286,"avoiding","within_site_x_date",TRUE,NA,NA,"Sporothrix rossii"
"species","Hylesinus aculeatus","Raffaelea arxii",69,6,9,2,4,7,56,0.153846153846154,0.185977604186706,0.0453669706677651,-0.708256466491005,1,0.666,1,1,0.172342673359011,0.395942848781267,"avoiding","within_site_x_date",TRUE,NA,NA,"Raffaelea arxii"
"species","Hylesinus aculeatus","Ceratocystiopsis rollhanseniana",69,6,3,1,5,2,61,0.125,0.17870542414064,0.0758276509732625,-0.70825646649106,1,0.666,1,1,0.242069702637706,0.471286146728278,"avoiding","within_site_x_date",TRUE,NA,NA,"Ceratocystiopsis rollhanseniana"
"species","Hylesinus aculeatus","Leptographium gracile",69,6,13,2,4,11,52,0.117647058823529,0.056974565714231,0.0388053907154084,1.56350682188099,0.2175,1,0.435,1,0.314916784364622,0.549854702858864,"co-occurring","within_site_x_date",TRUE,NA,NA,"Leptographium gracile"
"species","Hylesinus aculeatus","Ceratocystiopsis manitobensis",69,6,14,2,4,12,51,0.111111111111111,0.132952096963517,0.0308376794081538,-0.70825646649115,1,0.666,1,1,0.593729720960415,0.816378366320571,"avoiding","within_site_x_date",TRUE,NA,NA,"Ceratocystiopsis manitobensis"
"species","Hylesinus aculeatus","Ceratocystiopsis synnemata",69,6,5,1,5,4,59,0.1,0.0713023178255785,0.0703045053014995,0.408191225460616,0.583,0.8935,1,1,0.374574999379366,0.61959774333429,"co-occurring","within_site_x_date",TRUE,NA,NA,"Ceratocystiopsis synnemata"
"species","Hylesinus aculeatus","Ophiostoma adjuncti",69,6,7,1,5,6,57,0.0833333333333333,0.0833333333333341,0,NA,1,1,1,1,0.487188727169689,0.734119999844736,"avoiding","within_site_x_date",TRUE,NA,NA,"Ophiostoma adjuncti"
"species","Hylesinus aculeatus","Grosmannia olivacea",69,6,5,0,6,5,58,0,0.0334167083541773,0.0471816494944752,-0.708256466491073,1,0.666,1,1,1,1,"avoiding","within_site_x_date",TRUE,NA,NA,"Grosmannia olivacea"
"species","Hylesinus aculeatus","Ophiostoma karelicum",69,6,3,0,6,3,60,0,0,0,NA,1,1,1,1,1,1,"co-occurring","within_site_x_date",TRUE,NA,NA,"Ophiostoma karelicum"
"species","Hylesinus aculeatus","Ophiostoma sparsiannulatum",69,6,3,0,6,3,60,0,0.0417708854427214,0.0589770618680946,-0.70825646649106,1,0.666,1,1,1,1,"avoiding","within_site_x_date",TRUE,NA,NA,"Ophiostoma sparsiannulatum"
"species","Hylesinus aculeatus","Ophiostoma undulatum",69,6,6,0,6,6,57,0,0.030378825776525,0.042892408631341,-0.708256466491078,1,0.666,1,1,1,1,"avoiding","within_site_x_date",TRUE,NA,NA,"Ophiostoma undulatum"
"species","Hylesinus aculeatus","Raffaelea crossotarsi",69,6,3,0,6,3,60,0,0.0417708854427214,0.0589770618680946,-0.70825646649106,1,0.666,1,1,1,1,"avoiding","within_site_x_date",TRUE,NA,NA,"Raffaelea crossotarsi"
"species","Hylesinus aculeatus","Raffaelea subfusca",69,6,3,0,6,3,60,0,0.0417708854427214,0.0589770618680946,-0.70825646649106,1,0.666,1,1,1,1,"avoiding","within_site_x_date",TRUE,NA,NA,"Raffaelea subfusca"
"species","Ips grandicollis","Leptographium gracile",69,19,13,8,11,5,45,0.333333333333333,0.119474764196942,0.057187008386566,3.73963554258295,0.0025,0.9995,0.005,0.513333333333333,0.00474300003099477,0.0485618167364003,"co-occurring","within_site_x_date",FALSE,NA,NA,"Leptographium gracile"
"species","Ips grandicollis","Ophiostoma denticulatum",69,19,6,5,14,1,49,0.25,0.0887129170645912,0.0514473092199388,3.13499550085121,0.008,1,0.016,0.691428571428571,0.00507628322359018,0.0485618167364003,"co-occurring","within_site_x_date",FALSE,NA,NA,"Ophiostoma denticulatum"
"species","Ips grandicollis","Sporothrix rossii",69,19,16,7,12,9,41,0.25,0.150047408563747,0.0479009585388994,2.08665117536391,0.049,0.995,0.098,1,0.117801345135136,0.304897599173293,"co-occurring","within_site_x_date",FALSE,NA,NA,"Sporothrix rossii"
"species","Ips grandicollis","Ophiostoma adjuncti",69,19,7,5,14,2,48,0.238095238095238,0.101533814149688,0.0550763355880299,2.47949364255144,0.035,0.9965,0.07,1,0.014506745687797,0.0818329243927008,"co-occurring","within_site_x_date",FALSE,NA,NA,"Ophiostoma adjuncti"
"species","Ips grandicollis","Ophiostoma pallidulum",69,19,7,5,14,2,48,0.238095238095238,0.101088857057929,0.0510740132989174,2.68250666411235,0.0225,1,0.045,1,0.014506745687797,0.0818329243927008,"co-occurring","within_site_x_date",FALSE,NA,NA,"Ophiostoma pallidulum"
"species","Ips grandicollis","Ceratocystiopsis manitobensis",69,19,14,6,13,8,42,0.222222222222222,0.153298481452205,0.0497010614453822,1.38676597170384,0.167,0.96,0.334,1,0.185632607487925,0.395942848781267,"co-occurring","within_site_x_date",FALSE,NA,NA,"Ceratocystiopsis manitobensis"
"species","Ips grandicollis","Leptographium lundbergii",69,19,7,4,15,3,47,0.181818181818182,0.0856286810824959,0.0498203839294695,1.93072580235152,0.0855,0.99,0.171,1,0.084920865420541,0.255925895787932,"co-occurring","within_site_x_date",FALSE,NA,NA,"Leptographium lundbergii"
"species","Ips grandicollis","Grosmannia olivacea",69,19,5,3,16,2,48,0.142857142857143,0.0930573700175889,0.0491475969072393,1.01326974202921,0.313,0.944,0.626,1,0.123900110272596,0.309750275681489,"co-occurring","within_site_x_date",FALSE,NA,NA,"Grosmannia olivacea"
"species","Ips grandicollis","Sporothrix eucastaneae",69,19,10,3,16,7,43,0.115384615384615,0.115849178150327,0.0275605992995353,-0.0168560473109844,0.792,0.797,1,1,1,1,"avoiding","within_site_x_date",FALSE,NA,NA,"Sporothrix eucastaneae"
"species","Ips grandicollis","Grosmannia francke-grosmanniae",69,19,13,3,16,10,40,0.103448275862069,0.103759747522116,0.0347499717590045,-0.00896322052308323,0.7125,0.722,1,1,1,1,"avoiding","within_site_x_date",FALSE,NA,NA,"Grosmannia francke-grosmanniae"
"species","Ips grandicollis","Ceratocystiopsis rollhanseniana",69,19,3,2,17,1,49,0.1,0.0485127275417165,0.0410068975433885,1.25557590412213,0.24,0.9615,0.48,1,0.181681108523877,0.395942848781267,"co-occurring","within_site_x_date",FALSE,NA,NA,"Ceratocystiopsis rollhanseniana"
"species","Ips grandicollis","Ophiostoma denticiliatum",69,19,5,2,17,3,47,0.0909090909090909,0.0746287881377165,0.039929797333066,0.407723150597929,0.5775,0.8555,1,1,0.610651337948357,0.824191989868948,"co-occurring","within_site_x_date",FALSE,NA,NA,"Ophiostoma denticiliatum"
"species","Ips grandicollis","Raffaelea arxii",69,19,9,2,17,7,43,0.0769230769230769,0.077950086154189,0.0394957253373845,-0.0260030477308375,0.7065,0.71,1,1,1,1,"avoiding","within_site_x_date",FALSE,NA,NA,"Raffaelea arxii"
"species","Ips grandicollis","Ophiostoma karelicum",69,19,3,1,18,2,48,0.0476190476190476,0.0315419614569198,0.0317505192297524,0.50635663769122,0.5575,0.9045,1,1,1,1,"co-occurring","within_site_x_date",FALSE,NA,NA,"Ophiostoma karelicum"
"species","Ips grandicollis","Raffaelea subfusca",69,19,3,1,18,2,48,0.0476190476190476,0.0496654342208706,0.0423791969230612,-0.0482875266734798,0.7045,0.7415,1,1,1,1,"avoiding","within_site_x_date",FALSE,NA,NA,"Raffaelea subfusca"
"species","Ips grandicollis","Grosmannia cucullata",69,19,4,1,18,3,47,0.0454545454545455,0.0465340895556012,0.039465408173775,-0.0273541856276341,0.699,0.742,1,1,1,1,"avoiding","within_site_x_date",FALSE,NA,NA,"Grosmannia cucullata"
"species","Ips grandicollis","Ophiostoma undulatum",69,19,6,1,18,5,45,0.0416666666666667,0.0427170106792528,0.0291207164406351,-0.0360686185289197,0.779,0.7735,1,1,1,1,"avoiding","within_site_x_date",FALSE,NA,NA,"Ophiostoma undulatum"
"species","Ips grandicollis","Ceratocystiopsis synnemata",69,19,5,0,19,5,45,0,0.0613520763769799,0.0460927450117571,-1.33105711888781,1,0.194,0.388,1,0.31242683084497,0.549854702858864,"avoiding","within_site_x_date",FALSE,NA,NA,"Ceratocystiopsis synnemata"
"species","Ips grandicollis","Ophiostoma sparsiannulatum",69,19,3,0,19,3,47,0,0.0492529472756435,0.0411741036426352,-1.19621176706426,1,0.2925,0.585,1,0.555769744627247,0.804403577749963,"avoiding","within_site_x_date",FALSE,NA,NA,"Ophiostoma sparsiannulatum"
"species","Ips grandicollis","Raffaelea crossotarsi",69,19,3,0,19,3,47,0,0.0159127182638938,0.0224674521402258,-0.708256466491081,1,0.666,1,1,0.555769744627247,0.804403577749963,"avoiding","within_site_x_date",FALSE,NA,NA,"Raffaelea crossotarsi"
"species","Ips pini","Sporothrix eucastaneae",69,5,10,3,2,7,57,0.25,0.185881402239579,0.0453330261680369,1.41439041644278,0.3335,1,0.667,1,0.0193942027739791,0.0969710138698955,"co-occurring","within_site_x_date",FALSE,NA,NA,"Sporothrix eucastaneae"
"species","Ips pini","Raffaelea crossotarsi",69,5,3,1,4,2,62,0.142857142857143,0.0475952261845207,0.0673519245925108,1.41439041644275,0.3335,1,0.667,1,0.204794442111692,0.42909311680545,"co-occurring","within_site_x_date",FALSE,NA,NA,"Raffaelea crossotarsi"
"species","Ips pini","Ceratocystiopsis manitobensis",69,5,14,2,3,12,52,0.117647058823529,0.141888673094718,0.0743180562091335,-0.326187410001308,0.7715,0.5885,1,1,0.265602931633393,0.50810995616823,"avoiding","within_site_x_date",FALSE,NA,NA,"Ceratocystiopsis manitobensis"
"species","Ips pini","Ceratocystiopsis synnemata",69,5,5,1,4,4,60,0.111111111111111,0.0780251236729486,0.0824972926578158,0.401055433120664,0.5505,0.8785,1,1,0.321572880682702,0.552703388673395,"co-occurring","within_site_x_date",FALSE,NA,NA,"Ceratocystiopsis synnemata"
"species","Ips pini","Grosmannia olivacea",69,5,5,1,4,4,60,0.111111111111111,0.075259852148298,0.0519568174499438,0.690020303829288,0.6775,1,1,1,0.321572880682702,0.552703388673395,"co-occurring","within_site_x_date",FALSE,NA,NA,"Grosmannia olivacea"
"species","Ips pini","Ophiostoma adjuncti",69,5,7,1,4,6,58,0.0909090909090909,0.131312626009974,0.101745302196608,-0.397104674403633,0.807,0.6045,1,1,0.424211904190528,0.680477701987799,"avoiding","within_site_x_date",FALSE,NA,NA,"Ophiostoma adjuncti"
"species","Ips pini","Raffaelea arxii",69,5,9,1,4,8,56,0.0769230769230769,0.0801554623465576,0.0549517690446336,-0.0588222268305002,0.7865,0.781,1,1,0.51403606509153,0.758979424967359,"avoiding","within_site_x_date",FALSE,NA,NA,"Raffaelea arxii"
"species","Ips pini","Grosmannia francke-grosmanniae",69,5,13,1,4,12,52,0.0588235294117647,0.0820704469882012,0.0424352698935038,-0.547820660379381,0.891,0.552,1,1,1,1,"avoiding","within_site_x_date",FALSE,NA,NA,"Grosmannia francke-grosmanniae"
"species","Ips pini","Ceratocystiopsis rollhanseniana",69,5,3,0,5,3,61,0,0.0468805831487171,0.0670946276407667,-0.698723352333391,1,0.672,1,1,1,1,"avoiding","within_site_x_date",FALSE,NA,NA,"Ceratocystiopsis rollhanseniana"
"species","Ips pini","Grosmannia cucullata",69,5,4,0,5,4,60,0,0.0430215107553777,0.059402050816112,-0.724242852970805,1,0.656,1,1,1,1,"avoiding","within_site_x_date",FALSE,NA,NA,"Grosmannia cucullata"
"species","Ips pini","Leptographium gracile",69,5,13,0,5,13,51,0,0.040420945767002,0.0415384439221272,-0.973097255226503,1,0.4465,0.893,1,0.575142191854029,0.805931733808194,"avoiding","within_site_x_date",FALSE,NA,NA,"Leptographium gracile"
"species","Ips pini","Leptographium lundbergii",69,5,7,0,5,7,57,0,0.0298330983673658,0.0426965812259416,-0.698723352333415,1,0.672,1,1,1,1,"avoiding","within_site_x_date",FALSE,NA,NA,"Leptographium lundbergii"
"species","Ips pini","Ophiostoma denticiliatum",69,5,5,0,5,5,59,0,0.0747040186760063,0.0521643302698985,-1.43209005635627,1,0.328,0.656,1,1,1,"avoiding","within_site_x_date",FALSE,NA,NA,"Ophiostoma denticiliatum"
"species","Ips pini","Ophiostoma denticulatum",69,5,6,0,5,6,58,0,0.0689733755766763,0.0702951868281568,-0.981196276571371,1,0.4365,0.873,1,1,1,"avoiding","within_site_x_date",FALSE,NA,NA,"Ophiostoma denticulatum"
"species","Ips pini","Ophiostoma karelicum",69,5,3,0,5,3,61,0,0.0521689416136637,0.0688002572479109,-0.75826666498762,1,0.635,1,1,1,1,"avoiding","within_site_x_date",FALSE,NA,NA,"Ophiostoma karelicum"
"species","Ips pini","Ophiostoma pallidulum",69,5,7,0,5,7,57,0,0.0611214698258232,0.0426799065844632,-1.43209005635625,1,0.328,0.656,1,1,1,"avoiding","within_site_x_date",FALSE,NA,NA,"Ophiostoma pallidulum"
"species","Ips pini","Ophiostoma sparsiannulatum",69,5,3,0,5,3,61,0,0,0,NA,1,1,1,1,1,1,"co-occurring","within_site_x_date",FALSE,NA,NA,"Ophiostoma sparsiannulatum"
"species","Ips pini","Ophiostoma undulatum",69,5,6,0,5,6,58,0,0.0333666833416711,0.0471640282006467,-0.707460423009703,1,0.6665,1,1,1,1,"avoiding","within_site_x_date",FALSE,NA,NA,"Ophiostoma undulatum"
"species","Ips pini","Raffaelea subfusca",69,5,3,0,5,3,61,0,0,0,NA,1,1,1,1,1,1,"co-occurring","within_site_x_date",FALSE,NA,NA,"Raffaelea subfusca"
"species","Ips pini","Sporothrix rossii",69,5,16,0,5,16,48,0,0.0532770771350585,0.0446941515216661,-1.19203688449554,1,0.2915,0.583,1,0.583112107446955,0.811928250875507,"avoiding","within_site_x_date",FALSE,NA,NA,"Sporothrix rossii"
"species","Pityogenes hopkinsi","Sporothrix rossii",69,19,16,10,9,6,44,0.4,0.291218456234448,0.0587755311299207,1.85079643985003,0.083,0.988,0.166,1,0.000857323506115396,0.0188611171345387,"co-occurring","within_site_x_date",TRUE,NA,NA,"Sporothrix rossii"
"species","Pityogenes hopkinsi","Ceratocystiopsis manitobensis",69,19,14,8,11,6,44,0.32,0.208243533159787,0.0420959136076618,2.65480559186325,0.026,1,0.052,1,0.0152483614472249,0.0838659879597368,"co-occurring","within_site_x_date",TRUE,NA,NA,"Ceratocystiopsis manitobensis"
"species","Pityogenes hopkinsi","Grosmannia francke-grosmanniae",69,19,13,7,12,6,44,0.28,0.265294030977735,0.0539652150805292,0.272508300028461,0.539,0.7935,1,1,0.0346405070363353,0.136087706214175,"co-occurring","within_site_x_date",TRUE,NA,NA,"Grosmannia francke-grosmanniae"
"species","Pityogenes hopkinsi","Leptographium gracile",69,19,13,7,12,6,44,0.28,0.186821662967969,0.0584378411469274,1.59448629865976,0.1215,0.973,0.243,1,0.0346405070363353,0.136087706214175,"co-occurring","within_site_x_date",TRUE,NA,NA,"Leptographium gracile"
"species","Pityogenes hopkinsi","Sporothrix eucastaneae",69,19,10,6,13,4,46,0.260869565217391,0.262417770149893,0.0369976687026463,-0.0418460131892191,0.778,0.7695,1,1,0.021566775884163,0.105437570989241,"avoiding","within_site_x_date",TRUE,NA,NA,"Sporothrix eucastaneae"
"species","Pityogenes hopkinsi","Ophiostoma denticulatum",69,19,6,5,14,1,49,0.25,0.155249067221357,0.0442360366699825,2.14193991847689,0.074,1,0.148,1,0.00507628322359018,0.0485618167364003,"co-occurring","within_site_x_date",TRUE,NA,NA,"Ophiostoma denticulatum"
"species","Pityogenes hopkinsi","Leptographium lundbergii",69,19,7,5,14,2,48,0.238095238095238,0.183238786718789,0.0511355423598859,1.07276561164397,0.295,0.954,0.59,1,0.014506745687797,0.0818329243927008,"co-occurring","within_site_x_date",TRUE,NA,NA,"Leptographium lundbergii"
"species","Pityogenes hopkinsi","Ophiostoma pallidulum",69,19,7,5,14,2,48,0.238095238095238,0.200786917079849,0.0447238297066005,0.83419334301515,0.412,0.94,0.824,1,0.014506745687797,0.0818329243927008,"co-occurring","within_site_x_date",TRUE,NA,NA,"Ophiostoma pallidulum"
"species","Pityogenes hopkinsi","Raffaelea arxii",69,19,9,5,14,4,46,0.217391304347826,0.168023509068814,0.0456317184373905,1.08187455939771,0.294,0.953,0.588,1,0.102003430956505,0.278323264797543,"co-occurring","within_site_x_date",TRUE,NA,NA,"Raffaelea arxii"
"species","Pityogenes hopkinsi","Ophiostoma denticiliatum",69,19,5,4,15,1,49,0.2,0.200404713635009,0.0391897352613349,-0.0103270316145318,0.7805,0.795,1,1,0.0182789306734797,0.0968758691016965,"avoiding","within_site_x_date",TRUE,NA,NA,"Ophiostoma denticiliatum"
"species","Pityogenes hopkinsi","Ophiostoma adjuncti",69,19,7,4,15,3,47,0.181818181818182,0.0990109679345608,0.0387642200961563,2.13617644513972,0.074,1,0.148,1,0.084920865420541,0.255925895787932,"co-occurring","within_site_x_date",TRUE,NA,NA,"Ophiostoma adjuncti"
"species","Pityogenes hopkinsi","Ceratocystiopsis rollhanseniana",69,19,3,3,16,0,50,0.157894736842105,0.118305267922181,0.0377451454402408,1.04886253472261,0.426,1,0.852,1,0.018494484101233,0.0968758691016965,"co-occurring","within_site_x_date",TRUE,NA,NA,"Ceratocystiopsis rollhanseniana"
"species","Pityogenes hopkinsi","Grosmannia olivacea",69,19,5,3,16,2,48,0.142857142857143,0.126313128331528,0.0444432658298054,0.372250198465843,0.579,0.839,1,1,0.123900110272596,0.309750275681489,"co-occurring","within_site_x_date",TRUE,NA,NA,"Grosmannia olivacea"
"species","Pityogenes hopkinsi","Ophiostoma undulatum",69,19,6,3,16,3,47,0.136363636363636,0.103376128116756,0.0322476850161803,1.0229419020413,0.439,1,0.878,1,0.335673845374384,0.559456408957306,"co-occurring","within_site_x_date",TRUE,NA,NA,"Ophiostoma undulatum"
"species","Pityogenes hopkinsi","Ophiostoma sparsiannulatum",69,19,3,2,17,1,49,0.1,0.119969884691718,0.0375648029022272,-0.531611592471165,0.887,0.553,1,1,0.181681108523877,0.395942848781267,"avoiding","within_site_x_date",TRUE,NA,NA,"Ophiostoma sparsiannulatum"
"species","Pityogenes hopkinsi","Raffaelea crossotarsi",69,19,3,2,17,1,49,0.1,0.0828890635794065,0.0245724450188588,0.696346513644095,0.6735,1,1,1,0.181681108523877,0.395942848781267,"co-occurring","within_site_x_date",TRUE,NA,NA,"Raffaelea crossotarsi"
"species","Pityogenes hopkinsi","Raffaelea subfusca",69,19,3,2,17,1,49,0.1,0.100594407479427,0.0359802812881961,-0.0165203677721658,0.782,0.7925,1,1,0.181681108523877,0.395942848781267,"avoiding","within_site_x_date",TRUE,NA,NA,"Raffaelea subfusca"
"species","Pityogenes hopkinsi","Grosmannia cucullata",69,19,4,2,17,2,48,0.0952380952380952,0.0965978660325859,0.0347620354877568,-0.03911654698614,0.782,0.777,1,1,0.302834814534628,0.549854702858864,"avoiding","within_site_x_date",TRUE,NA,NA,"Grosmannia cucullata"
"species","Pityogenes hopkinsi","Ceratocystiopsis synnemata",69,19,5,2,17,3,47,0.0909090909090909,0.144736182766409,0.0519919052687541,-1.03529754447501,0.947,0.2945,0.589,1,0.610651337948357,0.824191989868948,"avoiding","within_site_x_date",TRUE,NA,NA,"Ceratocystiopsis synnemata"
"species","Pityogenes hopkinsi","Ophiostoma karelicum",69,19,3,1,18,2,48,0.0476190476190476,0.031015507753878,0.0226985673728774,0.731479638887223,0.6515,1,1,1,1,1,"co-occurring","within_site_x_date",TRUE,NA,NA,"Ophiostoma karelicum"
"species","Xyleborinus attenuatus","Grosmannia francke-grosmanniae",69,24,13,12,12,1,44,0.48,0.37277597080998,0.0431994589765337,2.48206879739547,0.0435,1,0.087,1,3.2129560114677e-06,0.000353425161261447,"co-occurring","within_site_x_date",TRUE,NA,NA,"Grosmannia francke-grosmanniae"
"species","Xyleborinus attenuatus","Raffaelea arxii",69,24,9,8,16,1,44,0.32,0.287548581983299,0.0409416818482451,0.79262542601415,0.4085,0.9245,0.817,1,0.000607066162091144,0.0150462521153822,"co-occurring","within_site_x_date",TRUE,NA,NA,"Raffaelea arxii"
"species","Xyleborinus attenuatus","Leptographium gracile",69,24,13,8,16,5,40,0.275862068965517,0.170638295003381,0.0429977923141765,2.44719015323593,0.023,1,0.046,1,0.0488231696355849,0.173243505158527,"co-occurring","within_site_x_date",TRUE,NA,NA,"Leptographium gracile"
"species","Xyleborinus attenuatus","Sporothrix eucastaneae",69,24,10,7,17,3,42,0.259259259259259,0.201432361866027,0.0292911280000415,1.97421203420881,0.1245,1,0.249,1,0.0261454996120805,0.115040198293154,"co-occurring","within_site_x_date",TRUE,NA,NA,"Sporothrix eucastaneae"
"species","Xyleborinus attenuatus","Sporothrix rossii",69,24,16,8,16,8,37,0.25,0.213068655539889,0.024343509787175,1.51709202095287,0.2255,1,0.451,1,0.230019556469037,0.464259655258606,"co-occurring","within_site_x_date",TRUE,NA,NA,"Sporothrix rossii"
"species","Xyleborinus attenuatus","Ophiostoma denticiliatum",69,24,5,5,19,0,45,0.208333333333333,0.160827657418455,0.0310315403347645,1.53088359141676,0.223,1,0.446,1,0.00378199500236375,0.0462243833622236,"co-occurring","within_site_x_date",TRUE,NA,NA,"Ophiostoma denticiliatum"
"species","Xyleborinus attenuatus","Leptographium lundbergii",69,24,7,5,19,2,43,0.192307692307692,0.135327584427135,0.0283193170609486,2.01205797999736,0.1175,1,0.235,1,0.0449365165124603,0.162066125126906,"co-occurring","within_site_x_date",TRUE,NA,NA,"Leptographium lundbergii"
"species","Xyleborinus attenuatus","Ophiostoma pallidulum",69,24,7,5,19,2,43,0.192307692307692,0.162592386954567,0.0351899960614608,0.844424799060128,0.402,0.9375,0.804,1,0.0449365165124603,0.162066125126906,"co-occurring","within_site_x_date",TRUE,NA,NA,"Ophiostoma pallidulum"
"species","Xyleborinus attenuatus","Ophiostoma undulatum",69,24,6,4,20,2,43,0.153846153846154,0.154904802828763,0.0294159065850668,-0.0359889972980413,0.785,0.778,1,1,0.172777050220078,0.395942848781267,"avoiding","within_site_x_date",TRUE,NA,NA,"Ophiostoma undulatum"
"species","Xyleborinus attenuatus","Ceratocystiopsis manitobensis",69,24,14,5,19,9,36,0.151515151515152,0.14026531982569,0.0159555314092164,0.705074083772793,0.668,1,1,1,1,1,"co-occurring","within_site_x_date",TRUE,NA,NA,"Ceratocystiopsis manitobensis"
"species","Xyleborinus attenuatus","Ceratocystiopsis rollhanseniana",69,24,3,3,21,0,45,0.125,0.0947691153268957,0.0294873522846639,1.02521529845279,0.437,1,0.874,1,0.038630377524144,0.144045475513757,"co-occurring","within_site_x_date",TRUE,NA,NA,"Ceratocystiopsis rollhanseniana"
"species","Xyleborinus attenuatus","Raffaelea crossotarsi",69,24,3,3,21,0,45,0.125,0.110052526263133,0.0211998626539827,0.705074083772849,0.668,1,1,1,0.038630377524144,0.144045475513757,"co-occurring","within_site_x_date",TRUE,NA,NA,"Raffaelea crossotarsi"
"species","Xyleborinus attenuatus","Grosmannia cucullata",69,24,4,3,21,1,44,0.12,0.135783019714985,0.0311051419584104,-0.507408702268209,0.876,0.5475,1,1,0.117647058823529,0.304897599173293,"avoiding","within_site_x_date",TRUE,NA,NA,"Grosmannia cucullata"
"species","Xyleborinus attenuatus","Ophiostoma denticulatum",69,24,6,3,21,3,42,0.111111111111111,0.097925336294524,0.0266633419970154,0.494528210982069,0.5575,0.8975,1,1,0.412359680057317,0.671993552685998,"co-occurring","within_site_x_date",TRUE,NA,NA,"Ophiostoma denticulatum"
"species","Xyleborinus attenuatus","Ophiostoma karelicum",69,24,3,2,22,1,44,0.08,0.0655166044560727,0.0198001349237259,0.731479638887323,0.6515,1,1,1,0.2756804214223,0.513980446719543,"co-occurring","within_site_x_date",TRUE,NA,NA,"Ophiostoma karelicum"
"species","Xyleborinus attenuatus","Ophiostoma sparsiannulatum",69,24,3,2,22,1,44,0.08,0.0526455535460025,0.0270767505107928,1.01025588144685,0.4455,1,0.891,1,0.2756804214223,0.513980446719543,"co-occurring","within_site_x_date",TRUE,NA,NA,"Ophiostoma sparsiannulatum"
"species","Xyleborinus attenuatus","Raffaelea subfusca",69,24,3,2,22,1,44,0.08,0.0531534998268352,0.027364676296658,0.981064050680674,0.4605,1,0.921,1,0.2756804214223,0.513980446719543,"co-occurring","within_site_x_date",TRUE,NA,NA,"Raffaelea subfusca"
"species","Xyleborinus attenuatus","Ceratocystiopsis synnemata",69,24,5,2,22,3,42,0.0740740740740741,0.0752948207925704,0.0263234643523117,-0.0463748502916625,0.7895,0.775,1,1,1,1,"avoiding","within_site_x_date",TRUE,NA,NA,"Ceratocystiopsis synnemata"
"species","Xyleborinus attenuatus","Grosmannia olivacea",69,24,5,2,22,3,42,0.0740740740740741,0.0613322534283032,0.0180716054369638,0.705074083772804,0.668,1,1,1,1,1,"co-occurring","within_site_x_date",TRUE,NA,NA,"Grosmannia olivacea"
"species","Xyleborinus attenuatus","Ophiostoma adjuncti",69,24,7,1,23,6,39,0.0333333333333333,0.0333333333333327,0,NA,1,1,1,1,0.407940501114338,0.669753061531002,"co-occurring","within_site_x_date",TRUE,NA,NA,"Ophiostoma adjuncti"
"species","Xyloterinus politus","Grosmannia francke-grosmanniae",69,22,13,9,13,4,43,0.346153846153846,0.383436768241664,0.0437949666785027,-0.851306095549982,0.938,0.4125,0.825,1,0.00258730144664164,0.0406575941615115,"avoiding","within_site_x_date",TRUE,NA,NA,"Grosmannia francke-grosmanniae"
"species","Xyloterinus politus","Sporothrix rossii",69,22,16,9,13,7,40,0.310344827586207,0.294912480870975,0.0295409373810861,0.522405450989925,0.5365,0.897,1,1,0.0300392908154369,0.122382295914743,"co-occurring","within_site_x_date",TRUE,NA,NA,"Sporothrix rossii"
"species","Xyloterinus politus","Sporothrix eucastaneae",69,22,10,7,15,3,44,0.28,0.298142404535591,0.025273852294589,-0.717832973150477,1,0.66,1,1,0.00921990745940801,0.0654909444391602,"avoiding","within_site_x_date",TRUE,NA,NA,"Sporothrix eucastaneae"
"species","Xyloterinus politus","Ophiostoma pallidulum",69,22,7,6,16,1,46,0.260869565217391,0.242551529387878,0.0250424411776853,0.731479638887458,0.6515,1,1,1,0.00340843857634901,0.0462243833622236,"co-occurring","within_site_x_date",TRUE,NA,NA,"Ophiostoma pallidulum"
"species","Xyloterinus politus","Leptographium gracile",69,22,13,7,15,6,41,0.25,0.206987485214612,0.0399760254442961,1.07595775986592,0.2905,0.9505,0.581,1,0.0960381105971932,0.274394601706266,"co-occurring","within_site_x_date",TRUE,NA,NA,"Leptographium gracile"
"species","Xyloterinus politus","Raffaelea arxii",69,22,9,6,16,3,44,0.24,0.275131805032955,0.0358797495702212,-0.979154131613927,1,0.447,0.894,1,0.0248752930219342,0.113971610707878,"avoiding","within_site_x_date",TRUE,NA,NA,"Raffaelea arxii"
"species","Xyloterinus politus","Ophiostoma denticiliatum",69,22,5,5,17,0,47,0.227272727272727,0.20941498417193,0.0251853498301124,0.709052811307224,0.6655,1,1,1,0.00234319255581232,0.0396540278675931,"co-occurring","within_site_x_date",TRUE,NA,NA,"Ophiostoma denticiliatum"
"species","Xyloterinus politus","Ophiostoma denticulatum",69,22,6,4,18,2,45,0.166666666666667,0.183541045885261,0.0239058148758973,-0.705869233330645,1,0.6675,1,1,0.0769104139933816,0.241718443979199,"avoiding","within_site_x_date",TRUE,NA,NA,"Ophiostoma denticulatum"
"species","Xyloterinus politus","Ophiostoma undulatum",69,22,6,4,18,2,45,0.166666666666667,0.167542611885653,0.0324602907410191,-0.0269851316482296,0.778,0.7785,1,1,0.0769104139933816,0.241718443979199,"avoiding","within_site_x_date",TRUE,NA,NA,"Ophiostoma undulatum"
"species","Xyloterinus politus","Ceratocystiopsis rollhanseniana",69,22,3,3,19,0,47,0.136363636363636,0.119136643420521,0.0235508851200805,0.731479638887423,0.6515,1,1,1,0.0293926785509791,0.122007344928593,"co-occurring","within_site_x_date",TRUE,NA,NA,"Ceratocystiopsis rollhanseniana"
"species","Xyloterinus politus","Grosmannia cucullata",69,22,4,3,19,1,46,0.130434782608696,0.164930291232575,0.0241422439945504,-1.42884433740565,1,0.329,0.658,1,0.0921861281826163,0.269223399425005,"avoiding","within_site_x_date",TRUE,NA,NA,"Grosmannia cucullata"
"species","Xyloterinus politus","Ceratocystiopsis manitobensis",69,22,14,4,18,10,37,0.125,0.113677256516822,0.0231648221923657,0.488790433578614,0.552,0.891,1,1,1,1,"co-occurring","within_site_x_date",TRUE,NA,NA,"Ceratocystiopsis manitobensis"
"species","Xyloterinus politus","Leptographium lundbergii",69,22,7,3,19,4,43,0.115384615384615,0.129266941162887,0.0206605873983242,-0.671923092535008,1,0.689,1,1,0.671572144931451,0.882819465095078,"avoiding","within_site_x_date",TRUE,NA,NA,"Leptographium lundbergii"
"species","Xyloterinus politus","Ophiostoma sparsiannulatum",69,22,3,2,20,1,46,0.0869565217391304,0.0717994866998703,0.0213764543311142,0.709052811307369,0.6655,1,1,1,0.236611062335382,0.464771729587358,"co-occurring","within_site_x_date",TRUE,NA,NA,"Ophiostoma sparsiannulatum"
"species","Xyloterinus politus","Raffaelea subfusca",69,22,3,2,20,1,46,0.0869565217391304,0.0869565217391276,0,NA,1,1,1,1,0.236611062335382,0.464771729587358,"co-occurring","within_site_x_date",TRUE,NA,NA,"Raffaelea subfusca"
"species","Xyloterinus politus","Ceratocystiopsis synnemata",69,22,5,2,20,3,44,0.08,0.110470452617615,0.0301223958795274,-1.01155474947875,1,0.433,0.866,1,0.650840818531775,0.867787758042367,"avoiding","within_site_x_date",TRUE,NA,NA,"Ceratocystiopsis synnemata"
"species","Xyloterinus politus","Grosmannia olivacea",69,22,5,2,20,3,44,0.08,0.110120060030016,0.0211756700436658,-1.42238993939303,1,0.331,0.662,1,0.650840818531775,0.867787758042367,"avoiding","within_site_x_date",TRUE,NA,NA,"Grosmannia olivacea"
"species","Xyloterinus politus","Ophiostoma karelicum",69,22,3,1,21,2,45,0.0416666666666667,0.0566877641719411,0.0293754018472385,-0.511349515604551,0.8875,0.565,1,1,1,1,"avoiding","within_site_x_date",TRUE,NA,NA,"Ophiostoma karelicum"
"species","Xyloterinus politus","Raffaelea crossotarsi",69,22,3,1,21,2,45,0.0416666666666667,0.0883776868671466,0.0309338464120311,-1.51002948609432,1,0.2075,0.415,1,1,1,"avoiding","within_site_x_date",TRUE,NA,NA,"Raffaelea crossotarsi"
"species","Xyloterinus politus","Ophiostoma adjuncti",69,22,7,1,21,6,41,0.0357142857142857,0.048475295848984,0.0180784336986661,-0.705869233330755,1,0.6675,1,1,0.416976908444204,0.674521469542095,"avoiding","within_site_x_date",TRUE,NA,NA,"Ophiostoma adjuncti"
"asv","Cyclorhipidion pelliculosum","ASV_5162",69,13,7,7,6,0,56,0.538461538461538,0.22967475621744,0.0818976197059311,3.77039996220716,0.004,1,0.008,0.858,1.59051290860277e-06,0.000341165018895294,"co-occurring","within_site_x_date",TRUE,"Sporothrix",NA,"ASV_5162  Sporothrix sp."
"asv","Cyclorhipidion pelliculosum","ASV_660",69,13,13,8,5,5,51,0.444444444444444,0.22411556308631,0.0676005218425045,3.25927781846797,0.008,1,0.016,0.980571428571429,0.000134195691560037,0.00957698945898931,"co-occurring","within_site_x_date",TRUE,"Grosmannia","francke-grosmanniae","ASV_660  Grosmannia francke-grosmanniae"
"asv","Cyclorhipidion pelliculosum","ASV_3603",69,13,10,6,7,4,52,0.352941176470588,0.213948554944826,0.0538542779553139,2.58090214562142,0.038,1,0.076,1,0.00199939584396605,0.0476522676145242,"co-occurring","within_site_x_date",TRUE,"Sporothrix","eucastaneae","ASV_3603  Sporothrix eucastaneae"
"asv","Cyclorhipidion pelliculosum","ASV_5724",69,13,4,4,9,0,56,0.307692307692308,0.162805784760512,0.0661394083665583,2.19062320800942,0.079,1,0.158,1,0.00082706671247344,0.0295676349709255,"co-occurring","within_site_x_date",TRUE,"Graphilbum",NA,"ASV_5724  Graphilbum sp."
"asv","Cyclorhipidion pelliculosum","ASV_7106",69,13,5,4,9,1,55,0.285714285714286,0.153653297236852,0.062816001232296,2.10234631123791,0.0845,1,0.169,1,0.0036772658446896,0.057945566286216,"co-occurring","within_site_x_date",TRUE,"Ophiostoma","denticiliatum","ASV_7106  Ophiostoma denticiliatum"
"asv","Cyclorhipidion pelliculosum","ASV_1122",69,13,8,4,9,4,52,0.235294117647059,0.17196597524769,0.066898857014926,0.946625177545855,0.333,0.935,0.666,1,0.0360018753686398,0.173537129585916,"co-occurring","within_site_x_date",TRUE,"Raffaelea","arxii","ASV_1122  Raffaelea arxii"
"asv","Cyclorhipidion pelliculosum","ASV_11554",69,13,3,3,10,0,56,0.230769230769231,0.094011841085376,0.0612437573213108,2.23300129948539,0.069,1,0.138,1,0.0054586403023247,0.0616251760446657,"co-occurring","within_site_x_date",TRUE,"Raffaelea","crossotarsi","ASV_11554  Raffaelea crossotarsi"
"asv","Cyclorhipidion pelliculosum","ASV_3556",69,13,9,4,9,5,51,0.222222222222222,0.183559383751043,0.0624493058932496,0.619107577228623,0.4165,0.885,0.833,1,0.0574207601085919,0.232391566854584,"co-occurring","within_site_x_date",TRUE,"Sporothrix","rossii","ASV_3556  Sporothrix rossii"
"asv","Cyclorhipidion pelliculosum","ASV_22166",69,13,4,3,10,1,55,0.214285714285714,0.111461912274818,0.0690842222124533,1.48838329097321,0.1795,0.979,0.359,1,0.0193533610718784,0.124180790896075,"co-occurring","within_site_x_date",TRUE,"Grosmannia","cucullata","ASV_22166  Grosmannia cucullata"
"asv","Cyclorhipidion pelliculosum","ASV_1646",69,13,5,3,10,2,54,0.2,0.131083398842278,0.0670182524476623,1.02832584617963,0.3125,0.9505,0.625,1,0.0428675039126618,0.197743647080988,"co-occurring","within_site_x_date",TRUE,"Raffaelea","arxii","ASV_1646  Raffaelea arxii"
"asv","Cyclorhipidion pelliculosum","ASV_15258",69,13,7,3,10,4,52,0.176470588235294,0.156916306450439,0.0619752824552074,0.315517429049033,0.562,0.8275,1,1,0.117661373439707,0.34105898111915,"co-occurring","within_site_x_date",TRUE,"Ophiostoma","pallidulum","ASV_15258  Ophiostoma pallidulum"
"asv","Cyclorhipidion pelliculosum","ASV_9224",69,13,3,2,11,1,55,0.142857142857143,0.0691631530050729,0.0479632175254128,1.53646885372159,0.2275,1,0.455,1,0.0888269649196473,0.299991787930719,"co-occurring","within_site_x_date",TRUE,"Ophiostoma","sparsiannulatum","ASV_9224  Ophiostoma sparsiannulatum"
"asv","Cyclorhipidion pelliculosum","ASV_4337",69,13,4,2,11,2,54,0.133333333333333,0.0889361347340338,0.057011508700264,0.778740987766457,0.4135,0.9265,0.827,1,0.158300568767416,0.416631558289702,"co-occurring","within_site_x_date",TRUE,"Ophiostoma","undulatum","ASV_4337  Ophiostoma undulatum"
"asv","Cyclorhipidion pelliculosum","ASV_6117",69,13,13,3,10,10,46,0.130434782608696,0.152227156865175,0.0667173766476047,-0.326637157386817,0.742,0.537,1,1,0.699504605302463,0.92051372906367,"avoiding","within_site_x_date",TRUE,"Leptographium","gracile","ASV_6117  Leptographium gracile"
"asv","Cyclorhipidion pelliculosum","ASV_7819",69,13,5,2,11,3,53,0.125,0.105084159726923,0.0461524380254342,0.431523038113425,0.57,0.886,1,1,0.235255945337252,0.52054433713784,"co-occurring","within_site_x_date",TRUE,"Hawksworthiomyces",NA,"ASV_7819  Hawksworthiomyces sp."
"asv","Cyclorhipidion pelliculosum","ASV_15268",69,13,5,2,11,3,53,0.125,0.151280787452548,0.0483022799950131,-0.544089998552053,0.8875,0.5505,1,1,0.235255945337252,0.52054433713784,"avoiding","within_site_x_date",TRUE,"Grosmannia","olivacea","ASV_15268  Grosmannia olivacea"
"asv","Cyclorhipidion pelliculosum","ASV_13249",69,13,6,2,11,4,52,0.117647058823529,0.144030955720625,0.0652871075120365,-0.404121087647077,0.806,0.5845,1,1,0.314916784364622,0.619721561891848,"avoiding","within_site_x_date",TRUE,"Ophiostoma","denticulatum","ASV_13249  Ophiostoma denticulatum"
"asv","Cyclorhipidion pelliculosum","ASV_22950",69,13,6,2,11,4,52,0.117647058823529,0.119471909157194,0.0551622925463999,-0.0330814810158431,0.6945,0.742,1,1,0.314916784364622,0.619721561891848,"avoiding","within_site_x_date",TRUE,"Sporothrix",NA,"ASV_22950  Sporothrix sp."
"asv","Cyclorhipidion pelliculosum","ASV_7618",69,13,7,2,11,5,51,0.111111111111111,0.0933227191511152,0.0414820117594076,0.428821824340805,0.5585,0.877,1,1,0.608776768332252,0.858916144196213,"co-occurring","within_site_x_date",TRUE,"Leptographium","lundbergii","ASV_7618  Leptographium lundbergii"
"asv","Cyclorhipidion pelliculosum","ASV_13560",69,13,7,2,11,5,51,0.111111111111111,0.0356845089211279,0.0362941281200895,2.07820399874086,0.11,1,0.22,1,0.608776768332252,0.858916144196213,"co-occurring","within_site_x_date",TRUE,"Hawksworthiomyces",NA,"ASV_13560  Hawksworthiomyces sp."
"asv","Cyclorhipidion pelliculosum","ASV_21569",69,13,7,2,11,5,51,0.111111111111111,0.134950387130272,0.0606488053891633,-0.393070825817455,0.8105,0.5585,1,1,0.608776768332252,0.858916144196213,"avoiding","within_site_x_date",TRUE,"Sporothrix",NA,"ASV_21569  Sporothrix sp."
"asv","Cyclorhipidion pelliculosum","ASV_8274",69,13,12,2,11,10,46,0.0869565217391304,0.123125575338808,0.0541564590212812,-0.667862232009391,0.871,0.452,0.904,1,1,1,"avoiding","within_site_x_date",TRUE,"Sporothrix","rossii","ASV_8274  Sporothrix rossii"
"asv","Cyclorhipidion pelliculosum","ASV_8974",69,13,3,1,12,2,54,0.0666666666666667,0.0444889111222278,0.0457495988372038,0.484763934725561,0.5515,0.8985,1,1,0.470931786082376,0.77703744703592,"co-occurring","within_site_x_date",TRUE,"Ophiostoma","karelicum","ASV_8974  Ophiostoma karelicum"
"asv","Cyclorhipidion pelliculosum","ASV_16537",69,13,3,1,12,2,54,0.0666666666666667,0.0698349174587283,0.0487001436258601,-0.0650562925728062,0.7755,0.762,1,1,0.470931786082376,0.77703744703592,"avoiding","within_site_x_date",TRUE,"Graphilbum",NA,"ASV_16537  Graphilbum sp."
"asv","Cyclorhipidion pelliculosum","ASV_17726",69,13,3,1,12,2,54,0.0666666666666667,0.0946150731043159,0.0613700800251606,-0.455407690949579,0.8555,0.59,1,1,0.470931786082376,0.77703744703592,"avoiding","within_site_x_date",TRUE,NA,NA,"ASV_17726  "
"asv","Cyclorhipidion pelliculosum","ASV_28495",69,13,3,1,12,2,54,0.0666666666666667,0.0699921389266051,0.0472747341079555,-0.0703435423316063,0.791,0.7735,1,1,0.470931786082376,0.77703744703592,"avoiding","within_site_x_date",TRUE,"Raffaelea","subfusca","ASV_28495  Raffaelea subfusca"
"asv","Cyclorhipidion pelliculosum","ASV_7886",69,13,4,1,12,3,53,0.0625,0.0891725624717122,0.0571998825244304,-0.466304497396829,0.853,0.5745,1,1,0.575142191854029,0.85549951917986,"avoiding","within_site_x_date",TRUE,"Grosmannia",NA,"ASV_7886  Grosmannia sp."
"asv","Cyclorhipidion pelliculosum","ASV_11600",69,13,4,1,12,3,53,0.0625,0.11205662354987,0.059488990550448,-0.833038568839807,0.9315,0.418,0.836,1,0.575142191854029,0.85549951917986,"avoiding","within_site_x_date",TRUE,"Ophiostoma","undulatum","ASV_11600  Ophiostoma undulatum"
"asv","Cyclorhipidion pelliculosum","ASV_27488",69,13,4,1,12,3,53,0.0625,0.11421564720089,0.0696617069208308,-0.742382716226915,0.9105,0.4385,0.877,1,0.575142191854029,0.85549951917986,"avoiding","within_site_x_date",TRUE,"Ceratocystiopsis","synnemata","ASV_27488  Ceratocystiopsis synnemata"
"asv","Cyclorhipidion pelliculosum","ASV_8131",69,13,6,1,12,5,51,0.0555555555555556,0.0781097247970399,0.050220019417457,-0.449107139007682,0.851,0.5835,1,1,1,1,"avoiding","within_site_x_date",TRUE,"Graphilbum",NA,"ASV_8131  Graphilbum sp."
"asv","Cyclorhipidion pelliculosum","ASV_6045",69,13,7,1,12,6,50,0.0526315789473684,0.0177457149627448,0.0248874354975882,1.40174603317422,0.3375,1,0.675,1,1,1,"co-occurring","within_site_x_date",TRUE,"Sporothrix",NA,"ASV_6045  Sporothrix sp."
"asv","Cyclorhipidion pelliculosum","ASV_8895",69,13,13,1,12,12,44,0.04,0.0707439029132492,0.0419681541151218,-0.732553136097346,0.8985,0.4295,0.859,1,0.436026759227085,0.739349722167666,"avoiding","within_site_x_date",TRUE,"Ceratocystiopsis","manitobensis","ASV_8895  Ceratocystiopsis manitobensis"
"asv","Cyclorhipidion pelliculosum","ASV_4044",69,13,6,0,13,6,50,0,0.0185370463009285,0.0262022378892482,-0.707460423009706,1,0.6665,1,1,0.585763637057678,0.85549951917986,"avoiding","within_site_x_date",TRUE,"Graphilbum",NA,"ASV_4044  Graphilbum sp."
"asv","Cyclorhipidion pelliculosum","ASV_6746",69,13,4,0,13,4,52,0,0.0895680440953078,0.0664574871895592,-1.34774948441595,1,0.1855,0.371,1,1,1,"avoiding","within_site_x_date",TRUE,"Graphilbum",NA,"ASV_6746  Graphilbum sp."
"asv","Cyclorhipidion pelliculosum","ASV_6959",69,13,7,0,13,7,49,0,0.036448048585697,0.0368904402693399,-0.988007958690301,1,0.4395,0.879,1,0.332619193037371,0.631596840638643,"avoiding","within_site_x_date",TRUE,"Ophiostoma","adjuncti","ASV_6959  Ophiostoma adjuncti"
"asv","Cyclorhipidion pelliculosum","ASV_9363",69,13,5,0,13,5,51,0,0.0639930259247282,0.0523479789882973,-1.22245456580156,1,0.2745,0.549,1,0.575142191854029,0.85549951917986,"avoiding","within_site_x_date",TRUE,"Sporothrix",NA,"ASV_9363  Sporothrix sp."
"asv","Cyclorhipidion pelliculosum","ASV_15738",69,13,7,0,13,7,49,0,0.0727030181757562,0.0376581627008806,-1.93060449478742,1,0.111,0.222,1,0.332619193037371,0.631596840638643,"avoiding","within_site_x_date",TRUE,"Graphilbum",NA,"ASV_15738  Graphilbum sp."
"asv","Cyclorhipidion pelliculosum","ASV_23023",69,13,4,0,13,4,52,0,0,0,NA,1,1,1,1,1,1,"co-occurring","within_site_x_date",TRUE,"Sporothrix",NA,"ASV_23023  Sporothrix sp."
"asv","Cyclorhipidion pelliculosum","ASV_25723",69,13,4,0,13,4,52,0,0.0644280473570126,0.0450164344903557,-1.431211691606,1,0.2275,0.455,1,1,1,"avoiding","within_site_x_date",TRUE,"Ceratocystiopsis","manitobensis","ASV_25723  Ceratocystiopsis manitobensis"
"asv","Dendroctonus valens","ASV_6117",69,14,13,8,6,5,50,0.421052631578947,0.16285639928119,0.0724936820830934,3.56163771626069,0.0035,1,0.007,0.858,0.000288644276971136,0.0137587105356241,"co-occurring","within_site_x_date",TRUE,"Leptographium","gracile","ASV_6117  Leptographium gracile"
"asv","Dendroctonus valens","ASV_15258",69,14,7,6,8,1,54,0.4,0.17178946800542,0.0726001688401557,3.14338844716784,0.011,1,0.022,1,0.000156267893270222,0.00957698945898931,"co-occurring","within_site_x_date",TRUE,"Ophiostoma","pallidulum","ASV_15258  Ophiostoma pallidulum"
"asv","Dendroctonus valens","ASV_8274",69,14,12,7,7,5,50,0.368421052631579,0.160906326311112,0.0666892428710402,3.11166715030409,0.008,0.9995,0.016,0.980571428571429,0.00147671031859497,0.042233915111816,"co-occurring","within_site_x_date",TRUE,"Sporothrix","rossii","ASV_8274  Sporothrix rossii"
"asv","Dendroctonus valens","ASV_13249",69,14,6,5,9,1,54,0.333333333333333,0.135407099834749,0.0614561338128077,3.22060990854806,0.0105,1,0.021,1,0.000943571783028591,0.0311378688399435,"co-occurring","within_site_x_date",TRUE,"Ophiostoma","denticulatum","ASV_13249  Ophiostoma denticulatum"
"asv","Dendroctonus valens","ASV_1646",69,14,5,4,10,1,54,0.266666666666667,0.119825926034914,0.0649146229395524,2.26205951729072,0.0545,1,0.109,1,0.00507691720426003,0.0588647967737176,"co-occurring","within_site_x_date",TRUE,"Raffaelea","arxii","ASV_1646  Raffaelea arxii"
"asv","Dendroctonus valens","ASV_15268",69,14,5,4,10,1,54,0.266666666666667,0.143953185743199,0.0676736399657295,1.81331284951734,0.117,1,0.234,1,0.00507691720426003,0.0588647967737176,"co-occurring","within_site_x_date",TRUE,"Grosmannia","olivacea","ASV_15268  Grosmannia olivacea"
"asv","Dendroctonus valens","ASV_3603",69,14,10,5,9,5,50,0.263157894736842,0.202183547914305,0.0496389539551256,1.22835680376461,0.2525,0.962,0.505,1,0.0237720746622119,0.143788101744797,"co-occurring","within_site_x_date",TRUE,"Sporothrix","eucastaneae","ASV_3603  Sporothrix eucastaneae"
"asv","Dendroctonus valens","ASV_7618",69,14,7,4,10,3,52,0.235294117647059,0.107559352431635,0.0486793924378866,2.62400081057727,0.036,1,0.072,1,0.0272526434324541,0.150550121710942,"co-occurring","within_site_x_date",TRUE,"Leptographium","lundbergii","ASV_7618  Leptographium lundbergii"
"asv","Dendroctonus valens","ASV_21569",69,14,7,4,10,3,52,0.235294117647059,0.129062363999338,0.0574912303401922,1.84779057639081,0.109,1,0.218,1,0.0272526434324541,0.150550121710942,"co-occurring","within_site_x_date",TRUE,"Sporothrix",NA,"ASV_21569  Sporothrix sp."
"asv","Dendroctonus valens","ASV_660",69,14,13,5,9,8,47,0.227272727272727,0.192869096886104,0.0565308476125172,0.60858154157599,0.4245,0.8715,0.849,1,0.119241968133597,0.343320834424921,"co-occurring","within_site_x_date",TRUE,"Grosmannia","francke-grosmanniae","ASV_660  Grosmannia francke-grosmanniae"
"asv","Dendroctonus valens","ASV_1122",69,14,8,4,10,4,51,0.222222222222222,0.139437555034828,0.0554503062648908,1.49295238861126,0.1905,1,0.381,1,0.0476675179502209,0.208666991843314,"co-occurring","within_site_x_date",TRUE,"Raffaelea","arxii","ASV_1122  Raffaelea arxii"
"asv","Dendroctonus valens","ASV_16537",69,14,3,3,11,0,55,0.214285714285714,0.0883057600228687,0.0579560400651304,2.17371570109467,0.077,1,0.154,1,0.00694736038477689,0.0693120373271927,"co-occurring","within_site_x_date",TRUE,"Graphilbum",NA,"ASV_16537  Graphilbum sp."
"asv","Dendroctonus valens","ASV_17726",69,14,3,3,11,0,55,0.214285714285714,0.0870762762333549,0.0570631398279281,2.2292751228894,0.069,1,0.138,1,0.00694736038477689,0.0693120373271927,"co-occurring","within_site_x_date",TRUE,NA,NA,"ASV_17726  "
"asv","Dendroctonus valens","ASV_3556",69,14,9,4,10,5,50,0.210526315789474,0.203724477293439,0.0691238089232278,0.0984008057714142,0.5995,0.732,1,1,0.0749765959936596,0.277284135183448,"co-occurring","within_site_x_date",TRUE,"Sporothrix","rossii","ASV_3556  Sporothrix rossii"
"asv","Dendroctonus valens","ASV_7886",69,14,4,3,11,1,54,0.2,0.0819174293028878,0.0531555068122399,2.22145508111159,0.069,1,0.138,1,0.0243157613467191,0.144881411357535,"co-occurring","within_site_x_date",TRUE,"Grosmannia",NA,"ASV_7886  Grosmannia sp."
"asv","Dendroctonus valens","ASV_7106",69,14,5,3,11,2,53,0.1875,0.141241208839716,0.0568238975674876,0.81407283098356,0.402,0.9305,0.804,1,0.0531740275604077,0.223643704151127,"co-occurring","within_site_x_date",TRUE,"Ophiostoma","denticiliatum","ASV_7106  Ophiostoma denticiliatum"
"asv","Dendroctonus valens","ASV_9363",69,14,5,3,11,2,53,0.1875,0.089011090512577,0.0611616353823505,1.61030536334946,0.147,0.9785,0.294,1,0.0531740275604077,0.223643704151127,"co-occurring","within_site_x_date",TRUE,"Sporothrix",NA,"ASV_9363  Sporothrix sp."
"asv","Dendroctonus valens","ASV_8131",69,14,6,3,11,3,52,0.176470588235294,0.0934822846579826,0.0558261257734573,1.48654957562483,0.177,0.9785,0.354,1,0.0930044470740925,0.299991787930719,"co-occurring","within_site_x_date",TRUE,"Graphilbum",NA,"ASV_8131  Graphilbum sp."
"asv","Dendroctonus valens","ASV_8895",69,14,13,4,10,9,46,0.173913043478261,0.126165518475696,0.0492404878183606,0.969680178204109,0.3075,0.931,0.615,1,0.442831455664983,0.744998801883441,"co-occurring","within_site_x_date",TRUE,"Ceratocystiopsis","manitobensis","ASV_8895  Ceratocystiopsis manitobensis"
"asv","Dendroctonus valens","ASV_5162",69,14,7,3,11,4,51,0.166666666666667,0.181541209201096,0.0797196621183451,-0.186585619396474,0.703,0.634,1,1,0.142318299805321,0.376879942077054,"avoiding","within_site_x_date",TRUE,"Sporothrix",NA,"ASV_5162  Sporothrix sp."
"asv","Dendroctonus valens","ASV_6045",69,14,7,3,11,4,51,0.166666666666667,0.0805687931685154,0.0451835773797043,1.90551254440568,0.102,1,0.204,1,0.142318299805321,0.376879942077054,"co-occurring","within_site_x_date",TRUE,"Sporothrix",NA,"ASV_6045  Sporothrix sp."
"asv","Dendroctonus valens","ASV_6959",69,14,7,3,11,4,51,0.166666666666667,0.0523564413785837,0.0447025512092549,2.55712978780542,0.041,1,0.082,1,0.142318299805321,0.376879942077054,"co-occurring","within_site_x_date",TRUE,"Ophiostoma","adjuncti","ASV_6959  Ophiostoma adjuncti"
"asv","Dendroctonus valens","ASV_15738",69,14,7,3,11,4,51,0.166666666666667,0.119542562819079,0.056525832241189,0.833673773196563,0.3815,0.924,0.763,1,0.142318299805321,0.376879942077054,"co-occurring","within_site_x_date",TRUE,"Graphilbum",NA,"ASV_15738  Graphilbum sp."
"asv","Dendroctonus valens","ASV_11554",69,14,3,2,12,1,54,0.133333333333333,0.08813126801496,0.058952579962981,0.766752962241139,0.408,0.9185,0.816,1,0.102473565675459,0.316267335789726,"co-occurring","within_site_x_date",TRUE,"Raffaelea","crossotarsi","ASV_11554  Raffaelea crossotarsi"
"asv","Dendroctonus valens","ASV_28495",69,14,3,2,12,1,54,0.133333333333333,0.0641654160413547,0.0458319720863537,1.50916301750352,0.234,1,0.468,1,0.102473565675459,0.316267335789726,"co-occurring","within_site_x_date",TRUE,"Raffaelea","subfusca","ASV_28495  Raffaelea subfusca"
"asv","Dendroctonus valens","ASV_4337",69,14,4,2,12,2,53,0.125,0.0822036018009015,0.0540171583019019,0.792274150371062,0.421,0.932,0.842,1,0.180631370004199,0.43350978763192,"co-occurring","within_site_x_date",TRUE,"Ophiostoma","undulatum","ASV_4337  Ophiostoma undulatum"
"asv","Dendroctonus valens","ASV_6746",69,14,4,2,12,2,53,0.125,0.082146325263473,0.0635655597223537,0.674164986884509,0.398,0.8895,0.796,1,0.180631370004199,0.43350978763192,"co-occurring","within_site_x_date",TRUE,"Graphilbum",NA,"ASV_6746  Graphilbum sp."
"asv","Dendroctonus valens","ASV_11600",69,14,4,2,12,2,53,0.125,0.105154047612042,0.054546963672326,0.363832394176451,0.607,0.8585,1,1,0.180631370004199,0.43350978763192,"co-occurring","within_site_x_date",TRUE,"Ophiostoma","undulatum","ASV_11600  Ophiostoma undulatum"
"asv","Dendroctonus valens","ASV_23023",69,14,4,2,12,2,53,0.125,0.0521253273695683,0.0426506849106761,1.70864014922748,0.178,1,0.356,1,0.180631370004199,0.43350978763192,"co-occurring","within_site_x_date",TRUE,"Sporothrix",NA,"ASV_23023  Sporothrix sp."
"asv","Dendroctonus valens","ASV_7819",69,14,5,2,12,3,52,0.117647058823529,0.0669491199848301,0.0504396161148979,1.00512142525456,0.3275,0.9475,0.655,1,0.265602931633393,0.566883869008586,"co-occurring","within_site_x_date",TRUE,"Hawksworthiomyces",NA,"ASV_7819  Hawksworthiomyces sp."
"asv","Dendroctonus valens","ASV_8974",69,14,3,1,13,2,53,0.0625,0.0420314323828582,0.0435968189857995,0.469496814063632,0.548,0.89,1,1,0.499274726113677,0.814406302291892,"co-occurring","within_site_x_date",TRUE,"Ophiostoma","karelicum","ASV_8974  Ophiostoma karelicum"
"asv","Dendroctonus valens","ASV_9224",69,14,3,1,13,2,53,0.0625,0.0640674503918633,0.0442772743850454,-0.0354007877321534,0.778,0.782,1,1,0.499274726113677,0.814406302291892,"avoiding","within_site_x_date",TRUE,"Ophiostoma","sparsiannulatum","ASV_9224  Ophiostoma sparsiannulatum"
"asv","Dendroctonus valens","ASV_5724",69,14,4,1,13,3,52,0.0588235294117647,0.116599476208692,0.0662995899756361,-0.871437467685084,0.9245,0.3725,0.745,1,1,1,"avoiding","within_site_x_date",TRUE,"Graphilbum",NA,"ASV_5724  Graphilbum sp."
"asv","Dendroctonus valens","ASV_22166",69,14,4,1,13,3,52,0.0588235294117647,0.105730176012376,0.0662416326062655,-0.708114289383848,0.895,0.449,0.898,1,1,1,"avoiding","within_site_x_date",TRUE,"Grosmannia","cucullata","ASV_22166  Grosmannia cucullata"
"asv","Dendroctonus valens","ASV_25723",69,14,4,1,13,3,52,0.0588235294117647,0.0826530912515092,0.0523339523557409,-0.455336560054984,0.8565,0.5845,1,1,1,1,"avoiding","within_site_x_date",TRUE,"Ceratocystiopsis","manitobensis","ASV_25723  Ceratocystiopsis manitobensis"
"asv","Dendroctonus valens","ASV_4044",69,14,6,1,13,5,50,0.0526315789473684,0.0544365750126537,0.037167261792189,-0.0485641389289704,0.7815,0.7725,1,1,1,1,"avoiding","within_site_x_date",TRUE,"Graphilbum",NA,"ASV_4044  Graphilbum sp."
"asv","Dendroctonus valens","ASV_22950",69,14,6,1,13,5,50,0.0526315789473684,0.113504808819961,0.0522479379680625,-1.16508387201429,1,0.3055,0.611,1,1,1,"avoiding","within_site_x_date",TRUE,"Sporothrix",NA,"ASV_22950  Sporothrix sp."
"asv","Dendroctonus valens","ASV_13560",69,14,7,1,13,6,49,0.05,0.0604995480196236,0.0448656948448804,-0.234021741018945,0.78,0.6705,1,1,1,1,"avoiding","within_site_x_date",TRUE,"Hawksworthiomyces",NA,"ASV_13560  Hawksworthiomyces sp."
"asv","Dendroctonus valens","ASV_27488",69,14,4,0,14,4,51,0,0.105253782353362,0.0653308930922007,-1.6110874560496,1,0.1025,0.205,1,0.575142191854029,0.85549951917986,"avoiding","within_site_x_date",TRUE,"Ceratocystiopsis","synnemata","ASV_27488  Ceratocystiopsis synnemata"
"asv","Dryocoetes autographus","ASV_13249",69,14,6,3,11,3,52,0.176470588235294,0.0732402665040825,0.0466267624086941,2.21397147042668,0.076,1,0.152,1,0.0930044470740925,0.299991787930719,"co-occurring","within_site_x_date",FALSE,"Ophiostoma","denticulatum","ASV_13249  Ophiostoma denticulatum"
"asv","Dryocoetes autographus","ASV_6117",69,14,13,4,10,9,46,0.173913043478261,0.111233627498718,0.0495384933343383,1.26526690177103,0.2145,0.954,0.429,1,0.442831455664983,0.744998801883441,"co-occurring","within_site_x_date",FALSE,"Leptographium","gracile","ASV_6117  Leptographium gracile"
"asv","Dryocoetes autographus","ASV_6959",69,14,7,3,11,4,51,0.166666666666667,0.0691301791246504,0.0448738078789015,2.17357278449007,0.0765,1,0.153,1,0.142318299805321,0.376879942077054,"co-occurring","within_site_x_date",FALSE,"Ophiostoma","adjuncti","ASV_6959  Ophiostoma adjuncti"
"asv","Dryocoetes autographus","ASV_8274",69,14,12,3,11,9,46,0.130434782608696,0.077683914420979,0.0376955608825879,1.39939204915991,0.2345,1,0.469,1,0.698059915904878,0.92051372906367,"co-occurring","within_site_x_date",FALSE,"Sporothrix","rossii","ASV_8274  Sporothrix rossii"
"asv","Dryocoetes autographus","ASV_7886",69,14,4,2,12,2,53,0.125,0.0393652708707303,0.0410546055684579,2.08587387318763,0.1115,1,0.223,1,0.180631370004199,0.43350978763192,"co-occurring","within_site_x_date",FALSE,"Grosmannia",NA,"ASV_7886  Grosmannia sp."
"asv","Dryocoetes autographus","ASV_8895",69,14,13,3,11,10,45,0.125,0.0526232346942692,0.0337409799711652,2.14507004146244,0.0765,1,0.153,1,0.718285567471059,0.942337946315242,"co-occurring","within_site_x_date",FALSE,"Ceratocystiopsis","manitobensis","ASV_8895  Ceratocystiopsis manitobensis"
"asv","Dryocoetes autographus","ASV_23023",69,14,4,2,12,2,53,0.125,0.0517354265367989,0.0431449971721903,1.69810124614922,0.181,1,0.362,1,0.180631370004199,0.43350978763192,"co-occurring","within_site_x_date",FALSE,"Sporothrix",NA,"ASV_23023  Sporothrix sp."
"asv","Dryocoetes autographus","ASV_9363",69,14,5,2,12,3,52,0.117647058823529,0.0468551269098611,0.0402247682845375,1.75990900464381,0.166,1,0.332,1,0.265602931633393,0.566883869008586,"co-occurring","within_site_x_date",FALSE,"Sporothrix",NA,"ASV_9363  Sporothrix sp."
"asv","Dryocoetes autographus","ASV_15268",69,14,5,2,12,3,52,0.117647058823529,0.0667196343269689,0.0412394610441373,1.23491973966523,0.335,1,0.67,1,0.265602931633393,0.566883869008586,"co-occurring","within_site_x_date",FALSE,"Grosmannia","olivacea","ASV_15268  Grosmannia olivacea"
"asv","Dryocoetes autographus","ASV_8131",69,14,6,2,12,4,51,0.111111111111111,0.0729897112298856,0.0384187307124033,0.992260784631236,0.456,1,0.912,1,0.593729720960415,0.858916144196213,"co-occurring","within_site_x_date",FALSE,"Graphilbum",NA,"ASV_8131  Graphilbum sp."
"asv","Dryocoetes autographus","ASV_6045",69,14,7,2,12,5,50,0.105263157894737,0.0786124744518814,0.0521839497809294,0.510706520965474,0.477,0.8645,0.954,1,0.623823815704088,0.868897457587837,"co-occurring","within_site_x_date",FALSE,"Sporothrix",NA,"ASV_6045  Sporothrix sp."
"asv","Dryocoetes autographus","ASV_15738",69,14,7,2,12,5,50,0.105263157894737,0.061399559428837,0.0444565695271697,0.986661789976678,0.3325,0.9455,0.665,1,0.623823815704088,0.868897457587837,"co-occurring","within_site_x_date",FALSE,"Graphilbum",NA,"ASV_15738  Graphilbum sp."
"asv","Dryocoetes autographus","ASV_21569",69,14,7,2,12,5,50,0.105263157894737,0.0506885021458092,0.0353831293243522,1.54239200407204,0.2215,1,0.443,1,0.623823815704088,0.868897457587837,"co-occurring","within_site_x_date",FALSE,"Sporothrix",NA,"ASV_21569  Sporothrix sp."
"asv","Dryocoetes autographus","ASV_4044",69,14,6,1,13,5,50,0.0526315789473684,0.0360794432303878,0.0369897552551843,0.447478919576272,0.554,0.8815,1,1,1,1,"co-occurring","within_site_x_date",FALSE,"Graphilbum",NA,"ASV_4044  Graphilbum sp."
"asv","Dryocoetes autographus","ASV_7618",69,14,7,1,13,6,49,0.05,0.0342408046128323,0.0350699701911337,0.449364379304545,0.554,0.8815,1,1,1,1,"co-occurring","within_site_x_date",FALSE,"Leptographium","lundbergii","ASV_7618  Leptographium lundbergii"
"asv","Dryocoetes autographus","ASV_13560",69,14,7,1,13,6,49,0.05,0.081539505562896,0.054799140676452,-0.575547447889981,0.857,0.503,1,1,1,1,"avoiding","within_site_x_date",FALSE,"Hawksworthiomyces",NA,"ASV_13560  Hawksworthiomyces sp."
"asv","Dryocoetes autographus","ASV_15258",69,14,7,1,13,6,49,0.05,0.0337418709354669,0.0234276387405628,0.693972160172661,0.675,1,1,1,1,1,"co-occurring","within_site_x_date",FALSE,"Ophiostoma","pallidulum","ASV_15258  Ophiostoma pallidulum"
"asv","Dryocoetes autographus","ASV_3556",69,14,9,1,13,8,47,0.0454545454545455,0.0715721497112208,0.0423617555585255,-0.61653734393968,0.882,0.4955,0.991,1,0.674153046072605,0.898172847096732,"avoiding","within_site_x_date",FALSE,"Sporothrix","rossii","ASV_3556  Sporothrix rossii"
"asv","Dryocoetes autographus","ASV_3603",69,14,10,1,13,9,46,0.0434782608695652,0.0743474504050451,0.0226163723400951,-1.36490455106073,1,0.3495,0.699,1,0.674153046072605,0.898172847096732,"avoiding","within_site_x_date",FALSE,"Sporothrix","eucastaneae","ASV_3603  Sporothrix eucastaneae"
"asv","Dryocoetes autographus","ASV_660",69,14,13,0,14,13,42,0,0.0386454765844457,0.026671917522656,-1.44892006926832,1,0.229,0.458,1,0.0561754624240655,0.231097344843194,"avoiding","within_site_x_date",FALSE,"Grosmannia","francke-grosmanniae","ASV_660  Grosmannia francke-grosmanniae"
"asv","Dryocoetes autographus","ASV_1122",69,14,8,0,14,8,47,0,0.0160318254365277,0.0225089823387215,-0.71224123753248,1,0.6635,1,1,0.193284105419606,0.45310864057383,"avoiding","within_site_x_date",FALSE,"Raffaelea","arxii","ASV_1122  Raffaelea arxii"
"asv","Dryocoetes autographus","ASV_1646",69,14,5,0,14,5,50,0,0,0,NA,1,1,1,1,0.575142191854029,0.85549951917986,"co-occurring","within_site_x_date",FALSE,"Raffaelea","arxii","ASV_1646  Raffaelea arxii"
"asv","Dryocoetes autographus","ASV_4337",69,14,4,0,14,4,51,0,0.0202159903481154,0.0279442350499921,-0.723440463192108,1,0.6565,1,1,0.575142191854029,0.85549951917986,"avoiding","within_site_x_date",FALSE,"Ophiostoma","undulatum","ASV_4337  Ophiostoma undulatum"
"asv","Dryocoetes autographus","ASV_5162",69,14,7,0,14,7,48,0,0,0,NA,1,1,1,1,0.330406391953277,0.631596840638643,"co-occurring","within_site_x_date",FALSE,"Sporothrix",NA,"ASV_5162  Sporothrix sp."
"asv","Dryocoetes autographus","ASV_5724",69,14,4,0,14,4,51,0,0,0,NA,1,1,1,1,0.575142191854029,0.85549951917986,"co-occurring","within_site_x_date",FALSE,"Graphilbum",NA,"ASV_5724  Graphilbum sp."
"asv","Dryocoetes autographus","ASV_6746",69,14,4,0,14,4,51,0,0.0190977841862109,0.0275509242227017,-0.693181253443196,1,0.6755,1,1,0.575142191854029,0.85549951917986,"avoiding","within_site_x_date",FALSE,"Graphilbum",NA,"ASV_6746  Graphilbum sp."
"asv","Dryocoetes autographus","ASV_7106",69,14,5,0,14,5,50,0,0,0,NA,1,1,1,1,0.575142191854029,0.85549951917986,"co-occurring","within_site_x_date",FALSE,"Ophiostoma","denticiliatum","ASV_7106  Ophiostoma denticiliatum"
"asv","Dryocoetes autographus","ASV_7819",69,14,5,0,14,5,50,0,0.0385421468904393,0.0385960064385898,-0.998604530542917,1,0.434,0.868,1,0.575142191854029,0.85549951917986,"avoiding","within_site_x_date",FALSE,"Hawksworthiomyces",NA,"ASV_7819  Hawksworthiomyces sp."
"asv","Dryocoetes autographus","ASV_8974",69,14,3,0,14,3,52,0,0,0,NA,1,1,1,1,1,1,"co-occurring","within_site_x_date",FALSE,"Ophiostoma","karelicum","ASV_8974  Ophiostoma karelicum"
"asv","Dryocoetes autographus","ASV_9224",69,14,3,0,14,3,52,0,0.0211668334167084,0.0295859787004491,-0.715434619588468,1,0.6615,1,1,1,1,"avoiding","within_site_x_date",FALSE,"Ophiostoma","sparsiannulatum","ASV_9224  Ophiostoma sparsiannulatum"
"asv","Dryocoetes autographus","ASV_11554",69,14,3,0,14,3,52,0,0,0,NA,1,1,1,1,1,1,"co-occurring","within_site_x_date",FALSE,"Raffaelea","crossotarsi","ASV_11554  Raffaelea crossotarsi"
"asv","Dryocoetes autographus","ASV_11600",69,14,4,0,14,4,51,0,0,0,NA,1,1,1,1,0.575142191854029,0.85549951917986,"co-occurring","within_site_x_date",FALSE,"Ophiostoma","undulatum","ASV_11600  Ophiostoma undulatum"
"asv","Dryocoetes autographus","ASV_16537",69,14,3,0,14,3,52,0,0,0,NA,1,1,1,1,1,1,"co-occurring","within_site_x_date",FALSE,"Graphilbum",NA,"ASV_16537  Graphilbum sp."
"asv","Dryocoetes autographus","ASV_17726",69,14,3,0,14,3,52,0,0,0,NA,1,1,1,1,1,1,"co-occurring","within_site_x_date",FALSE,NA,NA,"ASV_17726  "
"asv","Dryocoetes autographus","ASV_22166",69,14,4,0,14,4,51,0,0,0,NA,1,1,1,1,0.575142191854029,0.85549951917986,"co-occurring","within_site_x_date",FALSE,"Grosmannia","cucullata","ASV_22166  Grosmannia cucullata"
"asv","Dryocoetes autographus","ASV_22950",69,14,6,0,14,6,49,0,0.0364743775396477,0.0364842574815775,-0.999729199862851,1,0.434,0.868,1,0.334831994121464,0.631596840638643,"avoiding","within_site_x_date",FALSE,"Sporothrix",NA,"ASV_22950  Sporothrix sp."
"asv","Dryocoetes autographus","ASV_25723",69,14,4,0,14,4,51,0,0,0,NA,1,1,1,1,0.575142191854029,0.85549951917986,"co-occurring","within_site_x_date",FALSE,"Ceratocystiopsis","manitobensis","ASV_25723  Ceratocystiopsis manitobensis"
"asv","Dryocoetes autographus","ASV_27488",69,14,4,0,14,4,51,0,0.0590148015184075,0.0427427392561106,-1.38069769381874,1,0.247,0.494,1,0.575142191854029,0.85549951917986,"avoiding","within_site_x_date",FALSE,"Ceratocystiopsis","synnemata","ASV_27488  Ceratocystiopsis synnemata"
"asv","Dryocoetes autographus","ASV_28495",69,14,3,0,14,3,52,0,0.0216045522761381,0.0297316337312884,-0.726652039083957,1,0.6545,1,1,1,1,"avoiding","within_site_x_date",FALSE,"Raffaelea","subfusca","ASV_28495  Raffaelea subfusca"
"asv","Heteroborips seriatus","ASV_660",69,21,13,13,8,0,48,0.619047619047619,0.363720076242206,0.0686162593477986,3.72109388113423,0.0025,1,0.005,0.858,5.26483943325486e-09,2.25861611686634e-06,"co-occurring","within_site_x_date",TRUE,"Grosmannia","francke-grosmanniae","ASV_660  Grosmannia francke-grosmanniae"
"asv","Heteroborips seriatus","ASV_1122",69,21,8,8,13,0,48,0.380952380952381,0.244724149671294,0.0517714424612512,2.63133930222338,0.0265,1,0.053,1,2.43366773269852e-05,0.00261010864331916,"co-occurring","within_site_x_date",TRUE,"Raffaelea","arxii","ASV_1122  Raffaelea arxii"
"asv","Heteroborips seriatus","ASV_3603",69,21,10,7,14,3,45,0.291666666666667,0.226126082984513,0.0383605986448763,1.70853912601565,0.1485,1,0.297,1,0.0066322404242797,0.0693120373271927,"co-occurring","within_site_x_date",TRUE,"Sporothrix","eucastaneae","ASV_3603  Sporothrix eucastaneae"
"asv","Heteroborips seriatus","ASV_21569",69,21,7,6,15,1,47,0.272727272727273,0.220008673638528,0.0506336557184935,1.04117702624204,0.302,0.947,0.604,1,0.00252197510471358,0.0528548724099649,"co-occurring","within_site_x_date",TRUE,"Sporothrix",NA,"ASV_21569  Sporothrix sp."
"asv","Heteroborips seriatus","ASV_6117",69,21,13,7,14,6,42,0.259259259259259,0.203488347141165,0.0574526074174509,0.970728999518907,0.2725,0.916,0.545,1,0.0525734166628686,0.223643704151127,"co-occurring","within_site_x_date",TRUE,"Leptographium","gracile","ASV_6117  Leptographium gracile"
"asv","Heteroborips seriatus","ASV_3556",69,21,9,6,15,3,45,0.25,0.202135255662015,0.038860735799533,1.23169938379192,0.3065,1,0.613,1,0.0190530421928955,0.124180790896075,"co-occurring","within_site_x_date",TRUE,"Sporothrix","rossii","ASV_3556  Sporothrix rossii"
"asv","Heteroborips seriatus","ASV_1646",69,21,5,5,16,0,48,0.238095238095238,0.165845556883468,0.0425684914510326,1.69725726115712,0.152,1,0.304,1,0.0018106487931277,0.0476522676145242,"co-occurring","within_site_x_date",TRUE,"Raffaelea","arxii","ASV_1646  Raffaelea arxii"
"asv","Heteroborips seriatus","ASV_8274",69,21,12,6,15,6,42,0.222222222222222,0.195989287506126,0.0512154732562522,0.512207210989569,0.469,0.834,0.938,1,0.164975151898807,0.428935394936899,"co-occurring","within_site_x_date",TRUE,"Sporothrix","rossii","ASV_8274  Sporothrix rossii"
"asv","Heteroborips seriatus","ASV_5162",69,21,7,5,16,2,46,0.217391304347826,0.151193534336845,0.03873893855787,1.7088173418095,0.1445,1,0.289,1,0.0237970984239641,0.143788101744797,"co-occurring","within_site_x_date",TRUE,"Sporothrix",NA,"ASV_5162  Sporothrix sp."
"asv","Heteroborips seriatus","ASV_15258",69,21,7,5,16,2,46,0.217391304347826,0.136461820653916,0.0387699008250129,2.0874307638594,0.081,1,0.162,1,0.0237970984239641,0.143788101744797,"co-occurring","within_site_x_date",TRUE,"Ophiostoma","pallidulum","ASV_15258  Ophiostoma pallidulum"
"asv","Heteroborips seriatus","ASV_11600",69,21,4,4,17,0,48,0.19047619047619,0.154722853615779,0.0349637203167503,1.02258388227876,0.4405,1,0.881,1,0.00692306891490004,0.0693120373271927,"co-occurring","within_site_x_date",TRUE,"Ophiostoma","undulatum","ASV_11600  Ophiostoma undulatum"
"asv","Heteroborips seriatus","ASV_22166",69,21,4,4,17,0,48,0.19047619047619,0.136970058999007,0.0415780399488645,1.28688441165069,0.2855,1,0.571,1,0.00692306891490004,0.0693120373271927,"co-occurring","within_site_x_date",TRUE,"Grosmannia","cucullata","ASV_22166  Grosmannia cucullata"
"asv","Heteroborips seriatus","ASV_7106",69,21,5,4,17,1,47,0.181818181818182,0.115007767388307,0.0324606773144317,2.05819532915821,0.112,1,0.224,1,0.0273727494019894,0.150550121710942,"co-occurring","within_site_x_date",TRUE,"Ophiostoma","denticiliatum","ASV_7106  Ophiostoma denticiliatum"
"asv","Heteroborips seriatus","ASV_13249",69,21,6,4,17,2,46,0.173913043478261,0.127206137273562,0.043989665408567,1.06176998099199,0.303,0.9565,0.606,1,0.064917084671255,0.242168950643203,"co-occurring","within_site_x_date",TRUE,"Ophiostoma","denticulatum","ASV_13249  Ophiostoma denticulatum"
"asv","Heteroborips seriatus","ASV_11554",69,21,3,3,18,0,48,0.142857142857143,0.0924310263545097,0.0401988298937895,1.25441752000905,0.297,1,0.594,1,0.0253845860213002,0.149177909632024,"co-occurring","within_site_x_date",TRUE,"Raffaelea","crossotarsi","ASV_11554  Raffaelea crossotarsi"
"asv","Heteroborips seriatus","ASV_4337",69,21,4,3,18,1,47,0.136363636363636,0.103590332715762,0.0321688011754191,1.01879157601053,0.4415,1,0.883,1,0.0807691373405005,0.291030133459938,"co-occurring","within_site_x_date",TRUE,"Ophiostoma","undulatum","ASV_4337  Ophiostoma undulatum"
"asv","Heteroborips seriatus","ASV_8131",69,21,6,3,18,3,45,0.125,0.111847922288904,0.0433159454012623,0.303631320735579,0.592,0.789,1,1,0.359177477483009,0.669944077566133,"co-occurring","within_site_x_date",TRUE,"Graphilbum",NA,"ASV_8131  Graphilbum sp."
"asv","Heteroborips seriatus","ASV_22950",69,21,6,3,18,3,45,0.125,0.110556582639147,0.030891073608869,0.467559578657892,0.558,0.8885,1,1,0.359177477483009,0.669944077566133,"co-occurring","within_site_x_date",TRUE,"Sporothrix",NA,"ASV_22950  Sporothrix sp."
"asv","Heteroborips seriatus","ASV_7618",69,21,7,3,18,4,44,0.12,0.107762792581723,0.0416812355359971,0.293590323341262,0.5645,0.8025,1,1,0.666711690416695,0.898172847096732,"co-occurring","within_site_x_date",TRUE,"Leptographium","lundbergii","ASV_7618  Leptographium lundbergii"
"asv","Heteroborips seriatus","ASV_8895",69,21,13,3,18,10,38,0.0967741935483871,0.0981584442151967,0.0374026100255475,-0.0370094671431794,0.701,0.671,1,1,0.7403030243516,0.968262187337915,"avoiding","within_site_x_date",TRUE,"Ceratocystiopsis","manitobensis","ASV_8895  Ceratocystiopsis manitobensis"
"asv","Heteroborips seriatus","ASV_9224",69,21,3,2,19,1,47,0.0909090909090909,0.0442909201636386,0.0299741220028273,1.55528060975581,0.217,1,0.434,1,0.217773027445891,0.494310205154958,"co-occurring","within_site_x_date",TRUE,"Ophiostoma","sparsiannulatum","ASV_9224  Ophiostoma sparsiannulatum"
"asv","Heteroborips seriatus","ASV_16537",69,21,3,2,19,1,47,0.0909090909090909,0.0599825604501857,0.0308517228785731,1.00242474563338,0.4505,1,0.901,1,0.217773027445891,0.494310205154958,"co-occurring","within_site_x_date",TRUE,"Graphilbum",NA,"ASV_16537  Graphilbum sp."
"asv","Heteroborips seriatus","ASV_17726",69,21,3,2,19,1,47,0.0909090909090909,0.0599825604501857,0.0308517228785731,1.00242474563338,0.4505,1,0.901,1,0.217773027445891,0.494310205154958,"co-occurring","within_site_x_date",TRUE,NA,NA,"ASV_17726  "
"asv","Heteroborips seriatus","ASV_28495",69,21,3,2,19,1,47,0.0909090909090909,0.0919621301333899,0.0331471544037974,-0.0317686161373291,0.7785,0.7775,1,1,0.217773027445891,0.494310205154958,"avoiding","within_site_x_date",TRUE,"Raffaelea","subfusca","ASV_28495  Raffaelea subfusca"
"asv","Heteroborips seriatus","ASV_5724",69,21,4,2,19,2,46,0.0869565217391304,0.0568971079742768,0.029521250151198,1.01822970270227,0.4415,1,0.883,1,0.579854737010137,0.85549951917986,"co-occurring","within_site_x_date",TRUE,"Graphilbum",NA,"ASV_5724  Graphilbum sp."
"asv","Heteroborips seriatus","ASV_6746",69,21,4,2,19,2,46,0.0869565217391304,0.0729242256174191,0.0377509438508186,0.371707159883555,0.585,0.844,1,1,0.579854737010137,0.85549951917986,"co-occurring","within_site_x_date",TRUE,"Graphilbum",NA,"ASV_6746  Graphilbum sp."
"asv","Heteroborips seriatus","ASV_7886",69,21,4,2,19,2,46,0.0869565217391304,0.0878339367312091,0.031349513919809,-0.0279881530004927,0.781,0.7815,1,1,0.579854737010137,0.85549951917986,"avoiding","within_site_x_date",TRUE,"Grosmannia",NA,"ASV_7886  Grosmannia sp."
"asv","Heteroborips seriatus","ASV_25723",69,21,4,2,19,2,46,0.0869565217391304,0.0881593629489294,0.0316621893919,-0.0379898305486958,0.78,0.774,1,1,0.579854737010137,0.85549951917986,"avoiding","within_site_x_date",TRUE,"Ceratocystiopsis","manitobensis","ASV_25723  Ceratocystiopsis manitobensis"
"asv","Heteroborips seriatus","ASV_7819",69,21,5,2,19,3,45,0.0833333333333333,0.0411188927797236,0.0278625100954901,1.51509825959445,0.228,1,0.456,1,0.636412753181849,0.880713132629075,"co-occurring","within_site_x_date",TRUE,"Hawksworthiomyces",NA,"ASV_7819  Hawksworthiomyces sp."
"asv","Heteroborips seriatus","ASV_9363",69,21,5,2,19,3,45,0.0833333333333333,0.084527481131871,0.0304897321402658,-0.0391655719717083,0.777,0.7695,1,1,0.636412753181849,0.880713132629075,"avoiding","within_site_x_date",TRUE,"Sporothrix",NA,"ASV_9363  Sporothrix sp."
"asv","Heteroborips seriatus","ASV_6045",69,21,7,2,19,5,43,0.0769230769230769,0.0256281987147424,0.0256217651780082,2.00200407161495,0.119,1,0.238,1,1,1,"co-occurring","within_site_x_date",TRUE,"Sporothrix",NA,"ASV_6045  Sporothrix sp."
"asv","Heteroborips seriatus","ASV_13560",69,21,7,2,19,5,43,0.0769230769230769,0.050852890832882,0.032497385907576,0.802224097788655,0.406,0.9255,0.812,1,1,1,"co-occurring","within_site_x_date",TRUE,"Hawksworthiomyces",NA,"ASV_13560  Hawksworthiomyces sp."
"asv","Heteroborips seriatus","ASV_8974",69,21,3,1,20,2,46,0.0434782608695652,0.0286665071666262,0.0206110105722785,0.71863306512785,0.6595,1,1,1,1,1,"co-occurring","within_site_x_date",TRUE,"Ophiostoma","karelicum","ASV_8974  Ophiostoma karelicum"
"asv","Heteroborips seriatus","ASV_27488",69,21,4,1,20,3,45,0.0416666666666667,0.105610729324758,0.0445907895113401,-1.43401952194251,0.9795,0.171,0.342,1,1,1,"avoiding","within_site_x_date",TRUE,"Ceratocystiopsis","synnemata","ASV_27488  Ceratocystiopsis synnemata"
"asv","Heteroborips seriatus","ASV_15268",69,21,5,1,20,4,44,0.04,0.0549858262464568,0.0282913203849765,-0.529696954491198,0.8875,0.5505,1,1,1,1,"avoiding","within_site_x_date",TRUE,"Grosmannia","olivacea","ASV_15268  Grosmannia olivacea"
"asv","Heteroborips seriatus","ASV_4044",69,21,6,1,20,5,43,0.0384615384615385,0.0389479355062144,0.0267304749524497,-0.0181963487570342,0.7745,0.7795,1,1,0.659136956107983,0.897681759270872,"avoiding","within_site_x_date",TRUE,"Graphilbum",NA,"ASV_4044  Graphilbum sp."
"asv","Heteroborips seriatus","ASV_6959",69,21,7,1,20,6,42,0.037037037037037,0.0646034128175214,0.0333217033850521,-0.827279910091583,0.928,0.413,0.826,1,0.426845103974165,0.72954800639409,"avoiding","within_site_x_date",TRUE,"Ophiostoma","adjuncti","ASV_6959  Ophiostoma adjuncti"
"asv","Heteroborips seriatus","ASV_15738",69,21,7,1,20,6,42,0.037037037037037,0.092396625663259,0.0346469845354592,-1.59781837780326,1,0.1415,0.283,1,0.426845103974165,0.72954800639409,"avoiding","within_site_x_date",TRUE,"Graphilbum",NA,"ASV_15738  Graphilbum sp."
"asv","Heteroborips seriatus","ASV_23023",69,21,4,0,21,4,44,0,0.0135484408871103,0.0195230322838021,-0.69397216017264,1,0.675,1,1,0.305846956799356,0.619721561891848,"avoiding","within_site_x_date",TRUE,"Sporothrix",NA,"ASV_23023  Sporothrix sp."
"asv","Hylastes opacus","ASV_1122",69,8,8,4,4,4,57,0.333333333333333,0.377358809274777,0.110046339631529,-0.400063065149239,0.8185,0.5765,1,1,0.00461606564050578,0.0588647967737176,"avoiding","within_site_x_date",TRUE,"Raffaelea","arxii","ASV_1122  Raffaelea arxii"
"asv","Hylastes opacus","ASV_660",69,8,13,5,3,8,53,0.3125,0.37233113162916,0.0846191992242498,-0.707063316335584,0.8955,0.452,0.904,1,0.00459437611053716,0.0588647967737176,"avoiding","within_site_x_date",TRUE,"Grosmannia","francke-grosmanniae","ASV_660  Grosmannia francke-grosmanniae"
"asv","Hylastes opacus","ASV_3556",69,8,9,4,4,5,56,0.307692307692308,0.244658043307375,0.0437659185263258,1.44025914472736,0.3255,1,0.651,1,0.00788195229983687,0.0768490349234095,"co-occurring","within_site_x_date",TRUE,"Sporothrix","rossii","ASV_3556  Sporothrix rossii"
"asv","Hylastes opacus","ASV_22950",69,8,6,3,5,3,58,0.272727272727273,0.2401609895857,0.075853487318055,0.429331389933617,0.5575,0.887,1,1,0.0179098204540049,0.123970838741077,"co-occurring","within_site_x_date",TRUE,"Sporothrix",NA,"ASV_22950  Sporothrix sp."
"asv","Hylastes opacus","ASV_16537",69,8,3,2,6,1,60,0.222222222222222,0.103234950808737,0.074693999714742,1.59299638348329,0.218,1,0.436,1,0.0336679772493034,0.172387018638498,"co-occurring","within_site_x_date",TRUE,"Graphilbum",NA,"ASV_16537  Graphilbum sp."
"asv","Hylastes opacus","ASV_17726",69,8,3,2,6,1,60,0.222222222222222,0.103234950808737,0.074693999714742,1.59299638348329,0.218,1,0.436,1,0.0336679772493034,0.172387018638498,"co-occurring","within_site_x_date",TRUE,NA,NA,"ASV_17726  "
"asv","Hylastes opacus","ASV_7886",69,8,4,2,6,2,59,0.2,0.162781390695342,0.0517332183217583,0.719433480306096,0.659,1,1,1,0.0633035704990508,0.238221331088533,"co-occurring","within_site_x_date",TRUE,"Grosmannia",NA,"ASV_7886  Grosmannia sp."
"asv","Hylastes opacus","ASV_11600",69,8,4,2,6,2,59,0.2,0.288844422211103,0.0628853709341958,-1.41279952541063,1,0.334,0.668,1,0.0633035704990508,0.238221331088533,"avoiding","within_site_x_date",TRUE,"Ophiostoma","undulatum","ASV_11600  Ophiostoma undulatum"
"asv","Hylastes opacus","ASV_22166",69,8,4,2,6,2,59,0.2,0.247666257371102,0.107632278714202,-0.442862103641523,0.8415,0.5955,1,1,0.0633035704990508,0.238221331088533,"avoiding","within_site_x_date",TRUE,"Grosmannia","cucullata","ASV_22166  Grosmannia cucullata"
"asv","Hylastes opacus","ASV_1646",69,8,5,2,6,3,58,0.181818181818182,0.221300801916114,0.0752415781230912,-0.524744710076932,0.8805,0.5665,1,1,0.0991702372013094,0.31054037780556,"avoiding","within_site_x_date",TRUE,"Raffaelea","arxii","ASV_1646  Raffaelea arxii"
"asv","Hylastes opacus","ASV_7106",69,8,5,2,6,3,58,0.181818181818182,0.183394727666867,0.0731640862285226,-0.0215480836289075,0.758,0.785,1,1,0.0991702372013094,0.31054037780556,"avoiding","within_site_x_date",TRUE,"Ophiostoma","denticiliatum","ASV_7106  Ophiostoma denticiliatum"
"asv","Hylastes opacus","ASV_9363",69,8,5,2,6,3,58,0.181818181818182,0.115356920884688,0.0461453490344415,1.44025914472743,0.3255,1,0.651,1,0.0991702372013094,0.31054037780556,"co-occurring","within_site_x_date",TRUE,"Sporothrix",NA,"ASV_9363  Sporothrix sp."
"asv","Hylastes opacus","ASV_8274",69,8,12,3,5,9,52,0.176470588235294,0.154511079068947,0.0455290915271661,0.482318193264278,0.541,0.8905,1,1,0.136505872994569,0.376879942077054,"co-occurring","within_site_x_date",TRUE,"Sporothrix","rossii","ASV_8274  Sporothrix rossii"
"asv","Hylastes opacus","ASV_6117",69,8,13,3,5,10,51,0.166666666666667,0.126595470077661,0.0498505252960962,0.803826967739964,0.4025,0.927,0.805,1,0.166657072282347,0.430698096440523,"co-occurring","within_site_x_date",TRUE,"Leptographium","gracile","ASV_6117  Leptographium gracile"
"asv","Hylastes opacus","ASV_8131",69,8,6,2,6,4,57,0.166666666666667,0.0784815484665408,0.0559829359088646,1.57521424642115,0.218,1,0.436,1,0.139800445574962,0.376879942077054,"co-occurring","within_site_x_date",TRUE,"Graphilbum",NA,"ASV_8131  Graphilbum sp."
"asv","Hylastes opacus","ASV_13249",69,8,6,2,6,4,57,0.166666666666667,0.137073198603962,0.063696284230303,0.464602738139408,0.541,0.8905,1,1,0.139800445574962,0.376879942077054,"co-occurring","within_site_x_date",TRUE,"Ophiostoma","denticulatum","ASV_13249  Ophiostoma denticulatum"
"asv","Hylastes opacus","ASV_5162",69,8,7,2,6,5,56,0.153846153846154,0.253697653022314,0.0881862652734982,-1.13227948668065,1,0.3055,0.611,1,0.183913243237784,0.43350978763192,"avoiding","within_site_x_date",TRUE,"Sporothrix",NA,"ASV_5162  Sporothrix sp."
"asv","Hylastes opacus","ASV_7618",69,8,7,2,6,5,56,0.153846153846154,0.126531672429626,0.0582056618375169,0.469275334292685,0.541,0.8905,1,1,0.183913243237784,0.43350978763192,"co-occurring","within_site_x_date",TRUE,"Leptographium","lundbergii","ASV_7618  Leptographium lundbergii"
"asv","Hylastes opacus","ASV_15258",69,8,7,2,6,5,56,0.153846153846154,0.154574540017262,0.0602886681733345,-0.0120816430877817,0.758,0.785,1,1,0.183913243237784,0.43350978763192,"avoiding","within_site_x_date",TRUE,"Ophiostoma","pallidulum","ASV_15258  Ophiostoma pallidulum"
"asv","Hylastes opacus","ASV_15738",69,8,7,2,6,5,56,0.153846153846154,0.101613993810095,0.0523253293072218,0.998219423128397,0.458,1,0.916,1,0.183913243237784,0.43350978763192,"co-occurring","within_site_x_date",TRUE,"Graphilbum",NA,"ASV_15738  Graphilbum sp."
"asv","Hylastes opacus","ASV_21569",69,8,7,2,6,5,56,0.153846153846154,0.217916650633007,0.0453500271160057,-1.41279952541064,1,0.334,0.668,1,0.183913243237784,0.43350978763192,"avoiding","within_site_x_date",TRUE,"Sporothrix",NA,"ASV_21569  Sporothrix sp."
"asv","Hylastes opacus","ASV_3603",69,8,10,2,6,8,53,0.125,0.149387193596797,0.0351414581108432,-0.693972160172596,1,0.675,1,1,0.326795784583521,0.631510772911398,"avoiding","within_site_x_date",TRUE,"Sporothrix","eucastaneae","ASV_3603  Sporothrix eucastaneae"
"asv","Hylastes opacus","ASV_28495",69,8,3,1,7,2,59,0.1,0.181440720360185,0.057644923356346,-1.41279952541076,1,0.334,0.668,1,0.313089285032637,0.619721561891848,"avoiding","within_site_x_date",TRUE,"Raffaelea","subfusca","ASV_28495  Raffaelea subfusca"
"asv","Hylastes opacus","ASV_4337",69,8,4,1,7,3,58,0.0909090909090909,0.20498431033698,0.0807279559968334,-1.413081974135,1,0.2225,0.445,1,0.396351189877166,0.702622563873158,"avoiding","within_site_x_date",TRUE,"Ophiostoma","undulatum","ASV_4337  Ophiostoma undulatum"
"asv","Hylastes opacus","ASV_6746",69,8,4,1,7,3,58,0.0909090909090909,0.0295602346627863,0.042595706801022,1.44025914472753,0.3255,1,0.651,1,0.396351189877166,0.702622563873158,"co-occurring","within_site_x_date",TRUE,"Graphilbum",NA,"ASV_6746  Graphilbum sp."
"asv","Hylastes opacus","ASV_25723",69,8,4,1,7,3,58,0.0909090909090909,0.0615762426667892,0.0425101233681362,0.690020303829285,0.6775,1,1,1,0.396351189877166,0.702622563873158,"co-occurring","within_site_x_date",TRUE,"Ceratocystiopsis","manitobensis","ASV_25723  Ceratocystiopsis manitobensis"
"asv","Hylastes opacus","ASV_27488",69,8,4,1,7,3,58,0.0909090909090909,0.0613488562463062,0.042595706801022,0.693972160172619,0.675,1,1,1,0.396351189877166,0.702622563873158,"co-occurring","within_site_x_date",TRUE,"Ceratocystiopsis","synnemata","ASV_27488  Ceratocystiopsis synnemata"
"asv","Hylastes opacus","ASV_7819",69,8,5,1,7,4,57,0.0833333333333333,0.0567745994209221,0.0585364162015292,0.453713015517978,0.555,0.893,1,1,0.47064642804613,0.77703744703592,"co-occurring","within_site_x_date",TRUE,"Hawksworthiomyces",NA,"ASV_7819  Hawksworthiomyces sp."
"asv","Hylastes opacus","ASV_6959",69,8,7,1,7,6,55,0.0714285714285714,0.0232258986636175,0.0334680553436608,1.44025914472751,0.3255,1,0.651,1,1,1,"co-occurring","within_site_x_date",TRUE,"Ophiostoma","adjuncti","ASV_6959  Ophiostoma adjuncti"
"asv","Hylastes opacus","ASV_8895",69,8,13,1,7,12,49,0.05,0.0507174639951549,0.0350311902985734,-0.0204807198682048,0.7745,0.783,1,1,1,1,"avoiding","within_site_x_date",TRUE,"Ceratocystiopsis","manitobensis","ASV_8895  Ceratocystiopsis manitobensis"
"asv","Hylastes opacus","ASV_4044",69,8,6,0,8,6,55,0,0,0,NA,1,1,1,1,1,1,"co-occurring","within_site_x_date",TRUE,"Graphilbum",NA,"ASV_4044  Graphilbum sp."
"asv","Hylastes opacus","ASV_5724",69,8,4,0,8,4,57,0,0.0946200372913737,0.0665707079517998,-1.42134641800539,1,0.2225,0.445,1,1,1,"avoiding","within_site_x_date",TRUE,"Graphilbum",NA,"ASV_5724  Graphilbum sp."
"asv","Hylastes opacus","ASV_6045",69,8,7,0,8,7,54,0,0.0240477381547916,0.0337634735080819,-0.712241237532487,1,0.6635,1,1,0.58828055514699,0.85549951917986,"avoiding","within_site_x_date",TRUE,"Sporothrix",NA,"ASV_6045  Sporothrix sp."
"asv","Hylastes opacus","ASV_8974",69,8,3,0,8,3,58,0,0.0330665332666336,0.0470570445414791,-0.702690396067832,1,0.6695,1,1,1,1,"avoiding","within_site_x_date",TRUE,"Ophiostoma","karelicum","ASV_8974  Ophiostoma karelicum"
"asv","Hylastes opacus","ASV_9224",69,8,3,0,8,3,58,0,0.0666333166583275,0.0471640282006467,-1.41279952541064,1,0.334,0.668,1,1,1,"avoiding","within_site_x_date",TRUE,"Ophiostoma","sparsiannulatum","ASV_9224  Ophiostoma sparsiannulatum"
"asv","Hylastes opacus","ASV_11554",69,8,3,0,8,3,58,0,0.104568951142237,0.0740006263304294,-1.4130819741351,1,0.2225,0.445,1,1,1,"avoiding","within_site_x_date",TRUE,"Raffaelea","crossotarsi","ASV_11554  Raffaelea crossotarsi"
"asv","Hylastes opacus","ASV_13560",69,8,7,0,8,7,54,0,0.0488595946324808,0.049803410793792,-0.981049166186248,1,0.4415,0.883,1,0.58828055514699,0.85549951917986,"avoiding","within_site_x_date",TRUE,"Hawksworthiomyces",NA,"ASV_13560  Hawksworthiomyces sp."
"asv","Hylastes opacus","ASV_15268",69,8,5,0,8,5,56,0,0.05552776388194,0.0393033568338725,-1.41279952541064,1,0.334,0.668,1,1,1,"avoiding","within_site_x_date",TRUE,"Grosmannia","olivacea","ASV_15268  Grosmannia olivacea"
"asv","Hylastes opacus","ASV_23023",69,8,4,0,8,4,57,0,0,0,NA,1,1,1,1,1,1,"co-occurring","within_site_x_date",TRUE,"Sporothrix",NA,"ASV_23023  Sporothrix sp."
"asv","Hylesinus aculeatus","ASV_3603",69,6,10,5,1,5,58,0.454545454545455,0.33878127875127,0.0774306835189976,1.49506849911485,0.243,1,0.486,1,0.00012577842816038,0.00957698945898931,"co-occurring","within_site_x_date",TRUE,"Sporothrix","eucastaneae","ASV_3603  Sporothrix eucastaneae"
"asv","Hylesinus aculeatus","ASV_7106",69,6,5,3,3,2,61,0.375,0.323029570340724,0.0723990560522068,0.717832973150929,0.66,1,1,1,0.00356016850271918,0.057945566286216,"co-occurring","within_site_x_date",TRUE,"Ophiostoma","denticiliatum","ASV_7106  Ophiostoma denticiliatum"
"asv","Hylesinus aculeatus","ASV_660",69,6,13,5,1,8,55,0.357142857142857,0.21649248994245,0.0653825900625439,2.15118989727791,0.0755,1,0.151,1,0.000615528495629272,0.0240056113295416,"co-occurring","within_site_x_date",TRUE,"Grosmannia","francke-grosmanniae","ASV_660  Grosmannia francke-grosmanniae"
"asv","Hylesinus aculeatus","ASV_15258",69,6,7,3,3,4,59,0.3,0.303836261565127,0.0874006967436641,-0.0438928030102345,0.7715,0.7865,1,1,0.0116051329477485,0.101604123154778,"avoiding","within_site_x_date",TRUE,"Ophiostoma","pallidulum","ASV_15258  Ophiostoma pallidulum"
"asv","Hylesinus aculeatus","ASV_16537",69,6,3,2,4,1,62,0.285714285714286,0.177338669334666,0.0753330903810872,1.43861901630984,0.326,1,0.652,1,0.01841813948162,0.123970838741077,"co-occurring","within_site_x_date",TRUE,"Graphilbum",NA,"ASV_16537  Graphilbum sp."
"asv","Hylesinus aculeatus","ASV_17726",69,6,3,2,4,1,62,0.285714285714286,0.177338669334666,0.0753330903810872,1.43861901630984,0.326,1,0.652,1,0.01841813948162,0.123970838741077,"co-occurring","within_site_x_date",TRUE,NA,NA,"ASV_17726  "
"asv","Hylesinus aculeatus","ASV_3556",69,6,9,3,3,6,57,0.25,0.187420633393618,0.045848895849713,1.36490455106073,0.3495,1,0.699,1,0.025902648330789,0.1495522577811,"co-occurring","within_site_x_date",TRUE,"Sporothrix","rossii","ASV_3556  Sporothrix rossii"
"asv","Hylesinus aculeatus","ASV_22166",69,6,4,2,4,2,61,0.25,0.156342059918846,0.065102670699705,1.43861901630985,0.326,1,0.652,1,0.0353614397207175,0.172387018638498,"co-occurring","within_site_x_date",TRUE,"Grosmannia","cucullata","ASV_22166  Grosmannia cucullata"
"asv","Hylesinus aculeatus","ASV_25723",69,6,4,2,4,2,61,0.25,0.25,0,NA,1,1,1,1,0.0353614397207175,0.172387018638498,"co-occurring","within_site_x_date",TRUE,"Ceratocystiopsis","manitobensis","ASV_25723  Ceratocystiopsis manitobensis"
"asv","Hylesinus aculeatus","ASV_1646",69,6,5,2,4,3,60,0.222222222222222,0.273275526652216,0.0720830756165606,-0.708256466491071,1,0.666,1,1,0.0565622871993831,0.231097344843194,"avoiding","within_site_x_date",TRUE,"Raffaelea","arxii","ASV_1646  Raffaelea arxii"
"asv","Hylesinus aculeatus","ASV_8131",69,6,6,2,4,4,59,0.2,0.164260918337952,0.0759034324222034,0.470849347935326,0.554,0.903,1,1,0.0814070303384443,0.291030133459938,"co-occurring","within_site_x_date",TRUE,"Graphilbum",NA,"ASV_8131  Graphilbum sp."
"asv","Hylesinus aculeatus","ASV_13249",69,6,6,2,4,4,59,0.2,0.203541164521648,0.0806775662249202,-0.0438928030101395,0.7715,0.7865,1,1,0.0814070303384443,0.291030133459938,"avoiding","within_site_x_date",TRUE,"Ophiostoma","denticulatum","ASV_13249  Ophiostoma denticulatum"
"asv","Hylesinus aculeatus","ASV_5162",69,6,7,2,4,5,58,0.181818181818182,0.148316582533694,0.046670465884893,0.71783297315085,0.66,1,1,1,0.109327789294723,0.330293109911521,"co-occurring","within_site_x_date",TRUE,"Sporothrix",NA,"ASV_5162  Sporothrix sp."
"asv","Hylesinus aculeatus","ASV_7618",69,6,7,2,4,5,58,0.181818181818182,0.187158730880595,0.072815379837058,-0.0733436957187305,0.78,0.7715,1,1,0.109327789294723,0.330293109911521,"avoiding","within_site_x_date",TRUE,"Leptographium","lundbergii","ASV_7618  Leptographium lundbergii"
"asv","Hylesinus aculeatus","ASV_15738",69,6,7,2,4,5,58,0.181818181818182,0.222020100959576,0.0560045590618728,-0.717832973150988,1,0.66,1,1,0.109327789294723,0.330293109911521,"avoiding","within_site_x_date",TRUE,"Graphilbum",NA,"ASV_15738  Graphilbum sp."
"asv","Hylesinus aculeatus","ASV_1122",69,6,8,2,4,6,57,0.166666666666667,0.202108630072613,0.0500411434032312,-0.708256466491093,1,0.666,1,1,0.139800445574962,0.376879942077054,"avoiding","within_site_x_date",TRUE,"Raffaelea","arxii","ASV_1122  Raffaelea arxii"
"asv","Hylesinus aculeatus","ASV_8274",69,6,12,2,4,10,53,0.125,0.152129846435821,0.0608631930369828,-0.445751283856173,0.849,0.5875,1,1,0.278150243275067,0.58208026519514,"avoiding","within_site_x_date",TRUE,"Sporothrix","rossii","ASV_8274  Sporothrix rossii"
"asv","Hylesinus aculeatus","ASV_6117",69,6,13,2,4,11,52,0.117647058823529,0.056974565714231,0.0388053907154084,1.56350682188099,0.2175,1,0.435,1,0.314916784364622,0.619721561891848,"co-occurring","within_site_x_date",TRUE,"Leptographium","gracile","ASV_6117  Leptographium gracile"
"asv","Hylesinus aculeatus","ASV_6746",69,6,4,1,5,3,60,0.111111111111111,0.111111111111114,0,NA,1,1,1,1,0.31097245694337,0.619721561891848,"avoiding","within_site_x_date",TRUE,"Graphilbum",NA,"ASV_6746  Graphilbum sp."
"asv","Hylesinus aculeatus","ASV_7886",69,6,4,1,5,3,60,0.111111111111111,0.0361847590461903,0.0520821365597654,1.43861901630977,0.326,1,0.652,1,0.31097245694337,0.619721561891848,"co-occurring","within_site_x_date",TRUE,"Grosmannia",NA,"ASV_7886  Grosmannia sp."
"asv","Hylesinus aculeatus","ASV_27488",69,6,4,1,5,3,60,0.111111111111111,0.0795536657217509,0.0788250293893496,0.400348032012584,0.583,0.8935,1,1,0.31097245694337,0.619721561891848,"co-occurring","within_site_x_date",TRUE,"Ceratocystiopsis","synnemata","ASV_27488  Ceratocystiopsis synnemata"
"asv","Hylesinus aculeatus","ASV_7819",69,6,5,1,5,4,59,0.1,0.0999999999999965,0,NA,1,1,1,1,0.374574999379366,0.684185338949807,"co-occurring","within_site_x_date",TRUE,"Hawksworthiomyces",NA,"ASV_7819  Hawksworthiomyces sp."
"asv","Hylesinus aculeatus","ASV_9363",69,6,5,1,5,4,59,0.1,0.0999999999999965,0,NA,1,1,1,1,0.374574999379366,0.684185338949807,"co-occurring","within_site_x_date",TRUE,"Sporothrix",NA,"ASV_9363  Sporothrix sp."
"asv","Hylesinus aculeatus","ASV_22950",69,6,6,1,5,5,58,0.0909090909090909,0.0605302651325675,0.042892408631341,0.708256466491042,0.666,1,1,1,0.433208593187551,0.737486057450235,"co-occurring","within_site_x_date",TRUE,"Sporothrix",NA,"ASV_22950  Sporothrix sp."
"asv","Hylesinus aculeatus","ASV_6959",69,6,7,1,5,6,57,0.0833333333333333,0.0833333333333341,0,NA,1,1,1,1,0.487188727169689,0.800781471095006,"avoiding","within_site_x_date",TRUE,"Ophiostoma","adjuncti","ASV_6959  Ophiostoma adjuncti"
"asv","Hylesinus aculeatus","ASV_8895",69,6,13,1,5,12,51,0.0555555555555556,0.0763044921153393,0.0292957954377461,-0.708256466491088,1,0.666,1,1,1,1,"avoiding","within_site_x_date",TRUE,"Ceratocystiopsis","manitobensis","ASV_8895  Ceratocystiopsis manitobensis"
"asv","Hylesinus aculeatus","ASV_4044",69,6,6,0,6,6,57,0,0,0,NA,1,1,1,1,1,1,"co-occurring","within_site_x_date",TRUE,"Graphilbum",NA,"ASV_4044  Graphilbum sp."
"asv","Hylesinus aculeatus","ASV_4337",69,6,4,0,6,4,59,0,0.0371296759490862,0.0524240549938608,-0.708256466491085,1,0.666,1,1,1,1,"avoiding","within_site_x_date",TRUE,"Ophiostoma","undulatum","ASV_4337  Ophiostoma undulatum"
"asv","Hylesinus aculeatus","ASV_5724",69,6,4,0,6,4,59,0,0.0371296759490862,0.0524240549938608,-0.708256466491085,1,0.666,1,1,1,1,"avoiding","within_site_x_date",TRUE,"Graphilbum",NA,"ASV_5724  Graphilbum sp."
"asv","Hylesinus aculeatus","ASV_6045",69,6,7,0,6,7,56,0,0,0,NA,1,1,1,1,1,1,"co-occurring","within_site_x_date",TRUE,"Sporothrix",NA,"ASV_6045  Sporothrix sp."
"asv","Hylesinus aculeatus","ASV_8974",69,6,3,0,6,3,60,0,0,0,NA,1,1,1,1,1,1,"co-occurring","within_site_x_date",TRUE,"Ophiostoma","karelicum","ASV_8974  Ophiostoma karelicum"
"asv","Hylesinus aculeatus","ASV_9224",69,6,3,0,6,3,60,0,0.0417708854427214,0.0589770618680946,-0.70825646649106,1,0.666,1,1,1,1,"avoiding","within_site_x_date",TRUE,"Ophiostoma","sparsiannulatum","ASV_9224  Ophiostoma sparsiannulatum"
"asv","Hylesinus aculeatus","ASV_11554",69,6,3,0,6,3,60,0,0.0417708854427214,0.0589770618680946,-0.70825646649106,1,0.666,1,1,1,1,"avoiding","within_site_x_date",TRUE,"Raffaelea","crossotarsi","ASV_11554  Raffaelea crossotarsi"
"asv","Hylesinus aculeatus","ASV_11600",69,6,4,0,6,4,59,0,0.0371296759490862,0.0524240549938608,-0.708256466491085,1,0.666,1,1,1,1,"avoiding","within_site_x_date",TRUE,"Ophiostoma","undulatum","ASV_11600  Ophiostoma undulatum"
"asv","Hylesinus aculeatus","ASV_13560",69,6,7,0,6,7,56,0,0,0,NA,1,1,1,1,1,1,"co-occurring","within_site_x_date",TRUE,"Hawksworthiomyces",NA,"ASV_13560  Hawksworthiomyces sp."
"asv","Hylesinus aculeatus","ASV_15268",69,6,5,0,6,5,58,0,0.0334167083541773,0.0471816494944752,-0.708256466491073,1,0.666,1,1,1,1,"avoiding","within_site_x_date",TRUE,"Grosmannia","olivacea","ASV_15268  Grosmannia olivacea"
"asv","Hylesinus aculeatus","ASV_21569",69,6,7,0,6,7,56,0,0.056710173268452,0.0599894658127703,-0.945335526831442,1,0.4575,0.915,1,1,1,"avoiding","within_site_x_date",TRUE,"Sporothrix",NA,"ASV_21569  Sporothrix sp."
"asv","Hylesinus aculeatus","ASV_23023",69,6,4,0,6,4,59,0,0,0,NA,1,1,1,1,1,1,"co-occurring","within_site_x_date",TRUE,"Sporothrix",NA,"ASV_23023  Sporothrix sp."
"asv","Hylesinus aculeatus","ASV_28495",69,6,3,0,6,3,60,0,0.0417708854427214,0.0589770618680946,-0.70825646649106,1,0.666,1,1,1,1,"avoiding","within_site_x_date",TRUE,"Raffaelea","subfusca","ASV_28495  Raffaelea subfusca"
"asv","Ips grandicollis","ASV_6117",69,19,13,8,11,5,45,0.333333333333333,0.119474764196942,0.057187008386566,3.73963554258295,0.0025,0.9995,0.005,0.858,0.00474300003099477,0.0588647967737176,"co-occurring","within_site_x_date",FALSE,"Leptographium","gracile","ASV_6117  Leptographium gracile"
"asv","Ips grandicollis","ASV_8274",69,19,12,7,12,5,45,0.291666666666667,0.130496611632089,0.0568208223696368,2.83646114774822,0.012,0.9995,0.024,1,0.0143043696289403,0.11113203392973,"co-occurring","within_site_x_date",FALSE,"Sporothrix","rossii","ASV_8274  Sporothrix rossii"
"asv","Ips grandicollis","ASV_13249",69,19,6,5,14,1,49,0.25,0.0887129170645912,0.0514473092199388,3.13499550085121,0.008,1,0.016,0.980571428571429,0.00507628322359018,0.0588647967737176,"co-occurring","within_site_x_date",FALSE,"Ophiostoma","denticulatum","ASV_13249  Ophiostoma denticulatum"
"asv","Ips grandicollis","ASV_6959",69,19,7,5,14,2,48,0.238095238095238,0.101533814149688,0.0550763355880299,2.47949364255144,0.035,0.9965,0.07,1,0.014506745687797,0.11113203392973,"co-occurring","within_site_x_date",FALSE,"Ophiostoma","adjuncti","ASV_6959  Ophiostoma adjuncti"
"asv","Ips grandicollis","ASV_15258",69,19,7,5,14,2,48,0.238095238095238,0.101088857057929,0.0510740132989174,2.68250666411235,0.0225,1,0.045,1,0.014506745687797,0.11113203392973,"co-occurring","within_site_x_date",FALSE,"Ophiostoma","pallidulum","ASV_15258  Ophiostoma pallidulum"
"asv","Ips grandicollis","ASV_8895",69,19,13,6,13,7,43,0.230769230769231,0.144373044980968,0.0512942791057785,1.68432400833818,0.11,0.977,0.22,1,0.164435057784917,0.428935394936899,"co-occurring","within_site_x_date",FALSE,"Ceratocystiopsis","manitobensis","ASV_8895  Ceratocystiopsis manitobensis"
"asv","Ips grandicollis","ASV_7886",69,19,4,4,15,0,50,0.210526315789474,0.0623131684320189,0.0464086102676113,3.19365623109152,0.013,1,0.026,1,0.00448351129726859,0.0588647967737176,"co-occurring","within_site_x_date",FALSE,"Grosmannia",NA,"ASV_7886  Grosmannia sp."
"asv","Ips grandicollis","ASV_9363",69,19,5,4,15,1,49,0.2,0.0844035617023939,0.0536571284221637,2.15435379597872,0.063,0.993,0.126,1,0.0182789306734797,0.123970838741077,"co-occurring","within_site_x_date",FALSE,"Sporothrix",NA,"ASV_9363  Sporothrix sp."
"asv","Ips grandicollis","ASV_8131",69,19,6,4,15,2,48,0.19047619047619,0.0885031260218838,0.0510036341114344,1.99932938565736,0.0765,0.991,0.153,1,0.0446842255732587,0.19873985137985,"co-occurring","within_site_x_date",FALSE,"Graphilbum",NA,"ASV_8131  Graphilbum sp."
"asv","Ips grandicollis","ASV_6045",69,19,7,4,15,3,47,0.181818181818182,0.0942266060566526,0.0471045932462944,1.85951241110483,0.0955,0.993,0.191,1,0.084920865420541,0.293798800527517,"co-occurring","within_site_x_date",FALSE,"Sporothrix",NA,"ASV_6045  Sporothrix sp."
"asv","Ips grandicollis","ASV_7618",69,19,7,4,15,3,47,0.181818181818182,0.0856286810824959,0.0498203839294695,1.93072580235152,0.0855,0.99,0.171,1,0.084920865420541,0.293798800527517,"co-occurring","within_site_x_date",FALSE,"Leptographium","lundbergii","ASV_7618  Leptographium lundbergii"
"asv","Ips grandicollis","ASV_15738",69,19,7,4,15,3,47,0.181818181818182,0.111045220521046,0.0551257626957813,1.28384548051889,0.2025,0.958,0.405,1,0.084920865420541,0.293798800527517,"co-occurring","within_site_x_date",FALSE,"Graphilbum",NA,"ASV_15738  Graphilbum sp."
"asv","Ips grandicollis","ASV_16537",69,19,3,3,16,0,50,0.157894736842105,0.0489828874336925,0.0418847066563967,2.60027723965877,0.037,1,0.074,1,0.018494484101233,0.123970838741077,"co-occurring","within_site_x_date",FALSE,"Graphilbum",NA,"ASV_16537  Graphilbum sp."
"asv","Ips grandicollis","ASV_17726",69,19,3,3,16,0,50,0.157894736842105,0.0481367250041067,0.0415215749691004,2.64339712353586,0.03,1,0.06,1,0.018494484101233,0.123970838741077,"co-occurring","within_site_x_date",FALSE,NA,NA,"ASV_17726  "
"asv","Ips grandicollis","ASV_23023",69,19,4,3,16,1,49,0.15,0.0568561336945543,0.0415477011368997,2.24185367076115,0.0635,1,0.127,1,0.060527402513126,0.233930231334514,"co-occurring","within_site_x_date",FALSE,"Sporothrix",NA,"ASV_23023  Sporothrix sp."
"asv","Ips grandicollis","ASV_15268",69,19,5,3,16,2,48,0.142857142857143,0.0930573700175889,0.0491475969072393,1.01326974202921,0.313,0.944,0.626,1,0.123900110272596,0.347406191548651,"co-occurring","within_site_x_date",FALSE,"Grosmannia","olivacea","ASV_15268  Grosmannia olivacea"
"asv","Ips grandicollis","ASV_21569",69,19,7,3,16,4,46,0.130434782608696,0.070119170257066,0.0415381866338688,1.45205212936403,0.191,0.981,0.382,1,0.384342428130839,0.692785301126597,"co-occurring","within_site_x_date",FALSE,"Sporothrix",NA,"ASV_21569  Sporothrix sp."
"asv","Ips grandicollis","ASV_3556",69,19,9,3,16,6,44,0.12,0.0995107190657137,0.0420966695732815,0.486719760541122,0.4855,0.851,0.971,1,0.698612898261527,0.92051372906367,"co-occurring","within_site_x_date",FALSE,"Sporothrix","rossii","ASV_3556  Sporothrix rossii"
"asv","Ips grandicollis","ASV_3603",69,19,10,3,16,7,43,0.115384615384615,0.115849178150327,0.0275605992995353,-0.0168560473109844,0.792,0.797,1,1,1,1,"avoiding","within_site_x_date",FALSE,"Sporothrix","eucastaneae","ASV_3603  Sporothrix eucastaneae"
"asv","Ips grandicollis","ASV_660",69,19,13,3,16,10,40,0.103448275862069,0.103759747522116,0.0347499717590045,-0.00896322052308323,0.7125,0.722,1,1,1,1,"avoiding","within_site_x_date",FALSE,"Grosmannia","francke-grosmanniae","ASV_660  Grosmannia francke-grosmanniae"
"asv","Ips grandicollis","ASV_6746",69,19,4,2,17,2,48,0.0952380952380952,0.0458097013874912,0.0392618147496815,1.25894317839715,0.2595,0.97,0.519,1,0.302834814534628,0.618648263977882,"co-occurring","within_site_x_date",FALSE,"Graphilbum",NA,"ASV_6746  Graphilbum sp."
"asv","Ips grandicollis","ASV_1646",69,19,5,2,17,3,47,0.0909090909090909,0.0591775277813948,0.0394734709052724,0.803870609803857,0.4095,0.927,0.819,1,0.610651337948357,0.858916144196213,"co-occurring","within_site_x_date",FALSE,"Raffaelea","arxii","ASV_1646  Raffaelea arxii"
"asv","Ips grandicollis","ASV_7106",69,19,5,2,17,3,47,0.0909090909090909,0.0746287881377165,0.039929797333066,0.407723150597929,0.5775,0.8555,1,1,0.610651337948357,0.858916144196213,"co-occurring","within_site_x_date",FALSE,"Ophiostoma","denticiliatum","ASV_7106  Ophiostoma denticiliatum"
"asv","Ips grandicollis","ASV_7819",69,19,5,2,17,3,47,0.0909090909090909,0.0681769456156647,0.0466199721483441,0.487605295453477,0.47,0.8495,0.94,1,0.610651337948357,0.858916144196213,"co-occurring","within_site_x_date",FALSE,"Hawksworthiomyces",NA,"ASV_7819  Hawksworthiomyces sp."
"asv","Ips grandicollis","ASV_4044",69,19,6,2,17,4,46,0.0869565217391304,0.0738965968020705,0.0439607238028752,0.297081663068655,0.563,0.8215,1,1,0.664186778980458,0.898172847096732,"co-occurring","within_site_x_date",FALSE,"Graphilbum",NA,"ASV_4044  Graphilbum sp."
"asv","Ips grandicollis","ASV_5162",69,19,7,2,17,5,45,0.0833333333333333,0.0920201941738805,0.0494876628068925,-0.175535888094866,0.7275,0.643,1,1,1,1,"avoiding","within_site_x_date",FALSE,"Sporothrix",NA,"ASV_5162  Sporothrix sp."
"asv","Ips grandicollis","ASV_1122",69,19,8,2,17,6,44,0.08,0.0811316025905936,0.0412059608713685,-0.0274621090411185,0.7065,0.71,1,1,1,1,"avoiding","within_site_x_date",FALSE,"Raffaelea","arxii","ASV_1122  Raffaelea arxii"
"asv","Ips grandicollis","ASV_8974",69,19,3,1,18,2,48,0.0476190476190476,0.0315419614569198,0.0317505192297524,0.50635663769122,0.5575,0.9045,1,1,1,1,"co-occurring","within_site_x_date",FALSE,"Ophiostoma","karelicum","ASV_8974  Ophiostoma karelicum"
"asv","Ips grandicollis","ASV_28495",69,19,3,1,18,2,48,0.0476190476190476,0.0496654342208706,0.0423791969230612,-0.0482875266734798,0.7045,0.7415,1,1,1,1,"avoiding","within_site_x_date",FALSE,"Raffaelea","subfusca","ASV_28495  Raffaelea subfusca"
"asv","Ips grandicollis","ASV_4337",69,19,4,1,18,3,47,0.0454545454545455,0.0305791423850457,0.0315994606447549,0.470748638298954,0.5475,0.8855,1,1,1,1,"co-occurring","within_site_x_date",FALSE,"Ophiostoma","undulatum","ASV_4337  Ophiostoma undulatum"
"asv","Ips grandicollis","ASV_11600",69,19,4,1,18,3,47,0.0454545454545455,0.04668568050259,0.0318978388137697,-0.0385961900187751,0.779,0.7735,1,1,1,1,"avoiding","within_site_x_date",FALSE,"Ophiostoma","undulatum","ASV_11600  Ophiostoma undulatum"
"asv","Ips grandicollis","ASV_22166",69,19,4,1,18,3,47,0.0454545454545455,0.0465340895556012,0.039465408173775,-0.0273541856276341,0.699,0.742,1,1,1,1,"avoiding","within_site_x_date",FALSE,"Grosmannia","cucullata","ASV_22166  Grosmannia cucullata"
"asv","Ips grandicollis","ASV_25723",69,19,4,1,18,3,47,0.0454545454545455,0.0464767015542413,0.031190825971883,-0.0327710494302809,0.787,0.785,1,1,1,1,"avoiding","within_site_x_date",FALSE,"Ceratocystiopsis","manitobensis","ASV_25723  Ceratocystiopsis manitobensis"
"asv","Ips grandicollis","ASV_22950",69,19,6,1,18,5,45,0.0416666666666667,0.0733641806787066,0.0437852847164383,-0.72393075018968,0.8975,0.437,0.874,1,1,1,"avoiding","within_site_x_date",FALSE,"Sporothrix",NA,"ASV_22950  Sporothrix sp."
"asv","Ips grandicollis","ASV_13560",69,19,7,1,18,6,44,0.04,0.0786389392701252,0.047805541218308,-0.808252313129922,0.9105,0.3915,0.783,1,0.664186778980458,0.898172847096732,"avoiding","within_site_x_date",FALSE,"Hawksworthiomyces",NA,"ASV_13560  Hawksworthiomyces sp."
"asv","Ips grandicollis","ASV_5724",69,19,4,0,19,4,46,0,0.0546057660865078,0.0405408214133393,-1.34693289831914,1,0.2245,0.449,1,0.569231267517331,0.85549951917986,"avoiding","within_site_x_date",FALSE,"Graphilbum",NA,"ASV_5724  Graphilbum sp."
"asv","Ips grandicollis","ASV_9224",69,19,3,0,19,3,47,0,0.0492529472756435,0.0411741036426352,-1.19621176706426,1,0.2925,0.585,1,0.555769744627247,0.85549951917986,"avoiding","within_site_x_date",FALSE,"Ophiostoma","sparsiannulatum","ASV_9224  Ophiostoma sparsiannulatum"
"asv","Ips grandicollis","ASV_11554",69,19,3,0,19,3,47,0,0.0159127182638938,0.0224674521402258,-0.708256466491081,1,0.666,1,1,0.555769744627247,0.85549951917986,"avoiding","within_site_x_date",FALSE,"Raffaelea","crossotarsi","ASV_11554  Raffaelea crossotarsi"
"asv","Ips grandicollis","ASV_27488",69,19,4,0,19,4,46,0,0.0470577279981991,0.0414655044436703,-1.13486447661877,1,0.312,0.624,1,0.569231267517331,0.85549951917986,"avoiding","within_site_x_date",FALSE,"Ceratocystiopsis","synnemata","ASV_27488  Ceratocystiopsis synnemata"
"asv","Ips pini","ASV_3603",69,5,10,3,2,7,57,0.25,0.185881402239579,0.0453330261680369,1.41439041644278,0.3335,1,0.667,1,0.0193942027739791,0.124180790896075,"co-occurring","within_site_x_date",FALSE,"Sporothrix","eucastaneae","ASV_3603  Sporothrix eucastaneae"
"asv","Ips pini","ASV_11554",69,5,3,1,4,2,62,0.142857142857143,0.0475952261845207,0.0673519245925108,1.41439041644275,0.3335,1,0.667,1,0.204794442111692,0.474901706302248,"co-occurring","within_site_x_date",FALSE,"Raffaelea","crossotarsi","ASV_11554  Raffaelea crossotarsi"
"asv","Ips pini","ASV_6746",69,5,4,1,4,3,61,0.125,0.137827842492674,0.125663722391499,-0.102080713896965,0.707,0.749,1,1,0.265037287406261,0.566883869008586,"avoiding","within_site_x_date",FALSE,"Graphilbum",NA,"ASV_6746  Graphilbum sp."
"asv","Ips pini","ASV_25723",69,5,4,1,4,3,61,0.125,0.13147645251197,0.0957512252043032,-0.0676383252344905,0.7715,0.782,1,1,0.265037287406261,0.566883869008586,"avoiding","within_site_x_date",FALSE,"Ceratocystiopsis","manitobensis","ASV_25723  Ceratocystiopsis manitobensis"
"asv","Ips pini","ASV_27488",69,5,4,1,4,3,61,0.125,0.0883209461873794,0.0939458164193335,0.390427750916562,0.5505,0.8785,1,1,0.265037287406261,0.566883869008586,"co-occurring","within_site_x_date",FALSE,"Ceratocystiopsis","synnemata","ASV_27488  Ceratocystiopsis synnemata"
"asv","Ips pini","ASV_1646",69,5,5,1,4,4,60,0.111111111111111,0.117808904452228,0.0825973596707226,-0.0810896785056757,0.7865,0.781,1,1,0.321572880682702,0.62422970956054,"avoiding","within_site_x_date",FALSE,"Raffaelea","arxii","ASV_1646  Raffaelea arxii"
"asv","Ips pini","ASV_15268",69,5,5,1,4,4,60,0.111111111111111,0.075259852148298,0.0519568174499438,0.690020303829288,0.6775,1,1,1,0.321572880682702,0.62422970956054,"co-occurring","within_site_x_date",FALSE,"Grosmannia","olivacea","ASV_15268  Grosmannia olivacea"
"asv","Ips pini","ASV_4044",69,5,6,1,4,5,59,0.1,0.0672336168084034,0.070838055391703,0.462553397469949,0.546,0.8965,1,1,0.374574999379366,0.684185338949807,"co-occurring","within_site_x_date",FALSE,"Graphilbum",NA,"ASV_4044  Graphilbum sp."
"asv","Ips pini","ASV_6959",69,5,7,1,4,6,58,0.0909090909090909,0.131312626009974,0.101745302196608,-0.397104674403633,0.807,0.6045,1,1,0.424211904190528,0.72954800639409,"avoiding","within_site_x_date",FALSE,"Ophiostoma","adjuncti","ASV_6959  Ophiostoma adjuncti"
"asv","Ips pini","ASV_13560",69,5,7,1,4,6,58,0.0909090909090909,0.028696166264951,0.0422630566708271,1.47204034787866,0.316,1,0.632,1,0.424211904190528,0.72954800639409,"co-occurring","within_site_x_date",FALSE,"Hawksworthiomyces",NA,"ASV_13560  Hawksworthiomyces sp."
"asv","Ips pini","ASV_15738",69,5,7,1,4,6,58,0.0909090909090909,0.0596207194506356,0.0432014915026272,0.724242852970773,0.656,1,1,1,0.424211904190528,0.72954800639409,"co-occurring","within_site_x_date",FALSE,"Graphilbum",NA,"ASV_15738  Graphilbum sp."
"asv","Ips pini","ASV_21569",69,5,7,1,4,6,58,0.0909090909090909,0.0606212197007607,0.0428603156497796,0.706664679182921,0.667,1,1,1,0.424211904190528,0.72954800639409,"co-occurring","within_site_x_date",FALSE,"Sporothrix",NA,"ASV_21569  Sporothrix sp."
"asv","Ips pini","ASV_660",69,5,13,1,4,12,52,0.0588235294117647,0.0820704469882012,0.0424352698935038,-0.547820660379381,0.891,0.552,1,1,1,1,"avoiding","within_site_x_date",FALSE,"Grosmannia","francke-grosmanniae","ASV_660  Grosmannia francke-grosmanniae"
"asv","Ips pini","ASV_8895",69,5,13,1,4,12,52,0.0588235294117647,0.127523951051155,0.0765543716794672,-0.897406903514786,0.9285,0.349,0.698,1,1,1,"avoiding","within_site_x_date",FALSE,"Ceratocystiopsis","manitobensis","ASV_8895  Ceratocystiopsis manitobensis"
"asv","Ips pini","ASV_1122",69,5,8,0,5,8,56,0,0.0560280140070025,0.039123247702425,-1.43209005635618,1,0.328,0.656,1,1,1,"avoiding","within_site_x_date",FALSE,"Raffaelea","arxii","ASV_1122  Raffaelea arxii"
"asv","Ips pini","ASV_3556",69,5,9,0,5,9,55,0,0.0523659265530212,0.0546438512258239,-0.958313248028788,1,0.452,0.904,1,1,1,"avoiding","within_site_x_date",FALSE,"Sporothrix","rossii","ASV_3556  Sporothrix rossii"
"asv","Ips pini","ASV_4337",69,5,4,0,5,4,60,0,0,0,NA,1,1,1,1,1,1,"co-occurring","within_site_x_date",FALSE,"Ophiostoma","undulatum","ASV_4337  Ophiostoma undulatum"
"asv","Ips pini","ASV_5162",69,5,7,0,5,7,57,0,0.0312883714584569,0.0432014915026271,-0.72424285297081,1,0.656,1,1,1,1,"avoiding","within_site_x_date",FALSE,"Sporothrix",NA,"ASV_5162  Sporothrix sp."
"asv","Ips pini","ASV_5724",69,5,4,0,5,4,60,0,0,0,NA,1,1,1,1,1,1,"co-occurring","within_site_x_date",FALSE,"Graphilbum",NA,"ASV_5724  Graphilbum sp."
"asv","Ips pini","ASV_6045",69,5,7,0,5,7,57,0,0,0,NA,1,1,1,1,1,1,"co-occurring","within_site_x_date",FALSE,"Sporothrix",NA,"ASV_6045  Sporothrix sp."
"asv","Ips pini","ASV_6117",69,5,13,0,5,13,51,0,0.040420945767002,0.0415384439221272,-0.973097255226503,1,0.4465,0.893,1,0.575142191854029,0.85549951917986,"avoiding","within_site_x_date",FALSE,"Leptographium","gracile","ASV_6117  Leptographium gracile"
"asv","Ips pini","ASV_7106",69,5,5,0,5,5,59,0,0.0747040186760063,0.0521643302698985,-1.43209005635627,1,0.328,0.656,1,1,1,"avoiding","within_site_x_date",FALSE,"Ophiostoma","denticiliatum","ASV_7106  Ophiostoma denticiliatum"
"asv","Ips pini","ASV_7618",69,5,7,0,5,7,57,0,0.0298330983673658,0.0426965812259416,-0.698723352333415,1,0.672,1,1,1,1,"avoiding","within_site_x_date",FALSE,"Leptographium","lundbergii","ASV_7618  Leptographium lundbergii"
"asv","Ips pini","ASV_7819",69,5,5,0,5,5,59,0,0.0364626757823361,0.0521847103872623,-0.698723352333412,1,0.672,1,1,1,1,"avoiding","within_site_x_date",FALSE,"Hawksworthiomyces",NA,"ASV_7819  Hawksworthiomyces sp."
"asv","Ips pini","ASV_7886",69,5,4,0,5,4,60,0,0.0423336668334167,0.0591719574008983,-0.715434619588468,1,0.6615,1,1,1,1,"avoiding","within_site_x_date",FALSE,"Grosmannia",NA,"ASV_7886  Grosmannia sp."
"asv","Ips pini","ASV_8131",69,5,6,0,5,6,58,0,0.0328164082041023,0.0469662393485358,-0.698723352333412,1,0.672,1,1,1,1,"avoiding","within_site_x_date",FALSE,"Graphilbum",NA,"ASV_8131  Graphilbum sp."
"asv","Ips pini","ASV_8274",69,5,12,0,5,12,52,0,0.0672547583315473,0.0569742102660482,-1.18044213368633,1,0.2915,0.583,1,0.578225339953782,0.85549951917986,"avoiding","within_site_x_date",FALSE,"Sporothrix","rossii","ASV_8274  Sporothrix rossii"
"asv","Ips pini","ASV_8974",69,5,3,0,5,3,61,0,0.0521689416136637,0.0688002572479109,-0.75826666498762,1,0.635,1,1,1,1,"avoiding","within_site_x_date",FALSE,"Ophiostoma","karelicum","ASV_8974  Ophiostoma karelicum"
"asv","Ips pini","ASV_9224",69,5,3,0,5,3,61,0,0,0,NA,1,1,1,1,1,1,"co-occurring","within_site_x_date",FALSE,"Ophiostoma","sparsiannulatum","ASV_9224  Ophiostoma sparsiannulatum"
"asv","Ips pini","ASV_9363",69,5,5,0,5,5,59,0,0.0364626757823361,0.0521847103872623,-0.698723352333412,1,0.672,1,1,1,1,"avoiding","within_site_x_date",FALSE,"Sporothrix",NA,"ASV_9363  Sporothrix sp."
"asv","Ips pini","ASV_11600",69,5,4,0,5,4,60,0,0.0417083541770885,0.0589550352508091,-0.707460423009689,1,0.6665,1,1,1,1,"avoiding","within_site_x_date",FALSE,"Ophiostoma","undulatum","ASV_11600  Ophiostoma undulatum"
"asv","Ips pini","ASV_13249",69,5,6,0,5,6,58,0,0.0689733755766763,0.0702951868281568,-0.981196276571371,1,0.4365,0.873,1,1,1,"avoiding","within_site_x_date",FALSE,"Ophiostoma","denticulatum","ASV_13249  Ophiostoma denticulatum"
"asv","Ips pini","ASV_15258",69,5,7,0,5,7,57,0,0.0611214698258232,0.0426799065844632,-1.43209005635625,1,0.328,0.656,1,1,1,"avoiding","within_site_x_date",FALSE,"Ophiostoma","pallidulum","ASV_15258  Ophiostoma pallidulum"
"asv","Ips pini","ASV_16537",69,5,3,0,5,3,61,0,0.0468805831487171,0.0670946276407667,-0.698723352333391,1,0.672,1,1,1,1,"avoiding","within_site_x_date",FALSE,"Graphilbum",NA,"ASV_16537  Graphilbum sp."
"asv","Ips pini","ASV_17726",69,5,3,0,5,3,61,0,0.0468805831487171,0.0670946276407667,-0.698723352333391,1,0.672,1,1,1,1,"avoiding","within_site_x_date",FALSE,NA,NA,"ASV_17726  "
"asv","Ips pini","ASV_22166",69,5,4,0,5,4,60,0,0.0430215107553777,0.059402050816112,-0.724242852970805,1,0.656,1,1,1,1,"avoiding","within_site_x_date",FALSE,"Grosmannia","cucullata","ASV_22166  Grosmannia cucullata"
"asv","Ips pini","ASV_22950",69,5,6,0,5,6,58,0,0,0,NA,1,1,1,1,1,1,"co-occurring","within_site_x_date",FALSE,"Sporothrix",NA,"ASV_22950  Sporothrix sp."
"asv","Ips pini","ASV_23023",69,5,4,0,5,4,60,0,0.0398949474737369,0.0582834533157999,-0.684498690521514,1,0.681,1,1,1,1,"avoiding","within_site_x_date",FALSE,"Sporothrix",NA,"ASV_23023  Sporothrix sp."
"asv","Ips pini","ASV_28495",69,5,3,0,5,3,61,0,0,0,NA,1,1,1,1,1,1,"co-occurring","within_site_x_date",FALSE,"Raffaelea","subfusca","ASV_28495  Raffaelea subfusca"
"asv","Pityogenes hopkinsi","ASV_8274",69,19,12,9,10,3,47,0.409090909090909,0.251317067547467,0.0632624684244589,2.49395645590147,0.0295,0.9965,0.059,1,0.000218670793706039,0.0117262213124864,"co-occurring","within_site_x_date",TRUE,"Sporothrix","rossii","ASV_8274  Sporothrix rossii"
"asv","Pityogenes hopkinsi","ASV_21569",69,19,7,6,13,1,49,0.3,0.184332515401312,0.050820415551375,2.27600430543032,0.052,1,0.104,1,0.00130409823790745,0.0399612960044498,"co-occurring","within_site_x_date",TRUE,"Sporothrix",NA,"ASV_21569  Sporothrix sp."
"asv","Pityogenes hopkinsi","ASV_660",69,19,13,7,12,6,44,0.28,0.265294030977735,0.0539652150805292,0.272508300028461,0.539,0.7935,1,1,0.0346405070363353,0.172387018638498,"co-occurring","within_site_x_date",TRUE,"Grosmannia","francke-grosmanniae","ASV_660  Grosmannia francke-grosmanniae"
"asv","Pityogenes hopkinsi","ASV_6117",69,19,13,7,12,6,44,0.28,0.186821662967969,0.0584378411469274,1.59448629865976,0.1215,0.973,0.243,1,0.0346405070363353,0.172387018638498,"co-occurring","within_site_x_date",TRUE,"Leptographium","gracile","ASV_6117  Leptographium gracile"
"asv","Pityogenes hopkinsi","ASV_8895",69,19,13,7,12,6,44,0.28,0.185565939468407,0.0419639619538601,2.25036093196884,0.0485,1,0.097,1,0.0346405070363353,0.172387018638498,"co-occurring","within_site_x_date",TRUE,"Ceratocystiopsis","manitobensis","ASV_8895  Ceratocystiopsis manitobensis"
"asv","Pityogenes hopkinsi","ASV_3556",69,19,9,6,13,3,47,0.272727272727273,0.247051101308224,0.0585198484315405,0.438760046500908,0.505,0.8295,1,1,0.0105410641692686,0.0951229236880115,"co-occurring","within_site_x_date",TRUE,"Sporothrix","rossii","ASV_3556  Sporothrix rossii"
"asv","Pityogenes hopkinsi","ASV_3603",69,19,10,6,13,4,46,0.260869565217391,0.262417770149893,0.0369976687026463,-0.0418460131892191,0.778,0.7695,1,1,0.021566775884163,0.136060983151558,"avoiding","within_site_x_date",TRUE,"Sporothrix","eucastaneae","ASV_3603  Sporothrix eucastaneae"
"asv","Pityogenes hopkinsi","ASV_8131",69,19,6,5,14,1,49,0.25,0.174258833380157,0.0515969761203568,1.46793809085181,0.178,0.9775,0.356,1,0.00507628322359018,0.0588647967737176,"co-occurring","within_site_x_date",TRUE,"Graphilbum",NA,"ASV_8131  Graphilbum sp."
"asv","Pityogenes hopkinsi","ASV_13249",69,19,6,5,14,1,49,0.25,0.155249067221357,0.0442360366699825,2.14193991847689,0.074,1,0.148,1,0.00507628322359018,0.0588647967737176,"co-occurring","within_site_x_date",TRUE,"Ophiostoma","denticulatum","ASV_13249  Ophiostoma denticulatum"
"asv","Pityogenes hopkinsi","ASV_7618",69,19,7,5,14,2,48,0.238095238095238,0.183238786718789,0.0511355423598859,1.07276561164397,0.295,0.954,0.59,1,0.014506745687797,0.11113203392973,"co-occurring","within_site_x_date",TRUE,"Leptographium","lundbergii","ASV_7618  Leptographium lundbergii"
"asv","Pityogenes hopkinsi","ASV_15258",69,19,7,5,14,2,48,0.238095238095238,0.200786917079849,0.0447238297066005,0.83419334301515,0.412,0.94,0.824,1,0.014506745687797,0.11113203392973,"co-occurring","within_site_x_date",TRUE,"Ophiostoma","pallidulum","ASV_15258  Ophiostoma pallidulum"
"asv","Pityogenes hopkinsi","ASV_15738",69,19,7,5,14,2,48,0.238095238095238,0.175175819605644,0.0516036707639471,1.21928183708886,0.2485,0.9615,0.497,1,0.014506745687797,0.11113203392973,"co-occurring","within_site_x_date",TRUE,"Graphilbum",NA,"ASV_15738  Graphilbum sp."
"asv","Pityogenes hopkinsi","ASV_7106",69,19,5,4,15,1,49,0.2,0.200404713635009,0.0391897352613349,-0.0103270316145318,0.7805,0.795,1,1,0.0182789306734797,0.123970838741077,"avoiding","within_site_x_date",TRUE,"Ophiostoma","denticiliatum","ASV_7106  Ophiostoma denticiliatum"
"asv","Pityogenes hopkinsi","ASV_22950",69,19,6,4,15,2,48,0.19047619047619,0.120862049696029,0.0341744172169363,2.03702495753641,0.115,1,0.23,1,0.0446842255732587,0.19873985137985,"co-occurring","within_site_x_date",TRUE,"Sporothrix",NA,"ASV_22950  Sporothrix sp."
"asv","Pityogenes hopkinsi","ASV_6959",69,19,7,4,15,3,47,0.181818181818182,0.0990109679345608,0.0387642200961563,2.13617644513972,0.074,1,0.148,1,0.084920865420541,0.293798800527517,"co-occurring","within_site_x_date",TRUE,"Ophiostoma","adjuncti","ASV_6959  Ophiostoma adjuncti"
"asv","Pityogenes hopkinsi","ASV_1122",69,19,8,4,15,4,46,0.173913043478261,0.141498970829287,0.039960659292494,0.811149596199533,0.3965,0.9245,0.793,1,0.20250808034376,0.472151991671048,"co-occurring","within_site_x_date",TRUE,"Raffaelea","arxii","ASV_1122  Raffaelea arxii"
"asv","Pityogenes hopkinsi","ASV_17726",69,19,3,3,16,0,50,0.157894736842105,0.118305267922181,0.0377451454402408,1.04886253472261,0.426,1,0.852,1,0.018494484101233,0.123970838741077,"co-occurring","within_site_x_date",TRUE,NA,NA,"ASV_17726  "
"asv","Pityogenes hopkinsi","ASV_5724",69,19,4,3,16,1,49,0.15,0.105304383793631,0.0363702439974348,1.22890614122691,0.3365,1,0.673,1,0.060527402513126,0.233930231334514,"co-occurring","within_site_x_date",TRUE,"Graphilbum",NA,"ASV_5724  Graphilbum sp."
"asv","Pityogenes hopkinsi","ASV_6746",69,19,4,3,16,1,49,0.15,0.112888507366012,0.0500799281290428,0.741045245479618,0.4275,0.9135,0.855,1,0.060527402513126,0.233930231334514,"co-occurring","within_site_x_date",TRUE,"Graphilbum",NA,"ASV_6746  Graphilbum sp."
"asv","Pityogenes hopkinsi","ASV_11600",69,19,4,3,16,1,49,0.15,0.113485422364865,0.035650665516807,1.02423270662144,0.439,1,0.878,1,0.060527402513126,0.233930231334514,"co-occurring","within_site_x_date",TRUE,"Ophiostoma","undulatum","ASV_11600  Ophiostoma undulatum"
"asv","Pityogenes hopkinsi","ASV_25723",69,19,4,3,16,1,49,0.15,0.114683053534061,0.0445284450931438,0.793132263928454,0.413,0.9275,0.826,1,0.060527402513126,0.233930231334514,"co-occurring","within_site_x_date",TRUE,"Ceratocystiopsis","manitobensis","ASV_25723  Ceratocystiopsis manitobensis"
"asv","Pityogenes hopkinsi","ASV_1646",69,19,5,3,16,2,48,0.142857142857143,0.162040487092485,0.0448690589454221,-0.427540596710011,0.858,0.605,1,1,0.123900110272596,0.347406191548651,"avoiding","within_site_x_date",TRUE,"Raffaelea","arxii","ASV_1646  Raffaelea arxii"
"asv","Pityogenes hopkinsi","ASV_9363",69,19,5,3,16,2,48,0.142857142857143,0.100464574466792,0.048584627585939,0.872551061863431,0.369,0.9285,0.738,1,0.123900110272596,0.347406191548651,"co-occurring","within_site_x_date",TRUE,"Sporothrix",NA,"ASV_9363  Sporothrix sp."
"asv","Pityogenes hopkinsi","ASV_15268",69,19,5,3,16,2,48,0.142857142857143,0.126313128331528,0.0444432658298054,0.372250198465843,0.579,0.839,1,1,0.123900110272596,0.347406191548651,"co-occurring","within_site_x_date",TRUE,"Grosmannia","olivacea","ASV_15268  Grosmannia olivacea"
"asv","Pityogenes hopkinsi","ASV_4044",69,19,6,3,16,3,47,0.136363636363636,0.0878427520743223,0.0382332779944012,1.26907466046775,0.29,1,0.58,1,0.335673845374384,0.631596840638643,"co-occurring","within_site_x_date",TRUE,"Graphilbum",NA,"ASV_4044  Graphilbum sp."
"asv","Pityogenes hopkinsi","ASV_5162",69,19,7,3,16,4,46,0.130434782608696,0.193233206100511,0.0526323228899655,-1.19315318123245,0.964,0.2485,0.497,1,0.384342428130839,0.692785301126597,"avoiding","within_site_x_date",TRUE,"Sporothrix",NA,"ASV_5162  Sporothrix sp."
"asv","Pityogenes hopkinsi","ASV_13560",69,19,7,3,16,4,46,0.130434782608696,0.0629630757407696,0.0358929169807893,1.87980561468544,0.1115,1,0.223,1,0.384342428130839,0.692785301126597,"co-occurring","within_site_x_date",TRUE,"Hawksworthiomyces",NA,"ASV_13560  Hawksworthiomyces sp."
"asv","Pityogenes hopkinsi","ASV_9224",69,19,3,2,17,1,49,0.1,0.119969884691718,0.0375648029022272,-0.531611592471165,0.887,0.553,1,1,0.181681108523877,0.43350978763192,"avoiding","within_site_x_date",TRUE,"Ophiostoma","sparsiannulatum","ASV_9224  Ophiostoma sparsiannulatum"
"asv","Pityogenes hopkinsi","ASV_11554",69,19,3,2,17,1,49,0.1,0.0828890635794065,0.0245724450188588,0.696346513644095,0.6735,1,1,1,0.181681108523877,0.43350978763192,"co-occurring","within_site_x_date",TRUE,"Raffaelea","crossotarsi","ASV_11554  Raffaelea crossotarsi"
"asv","Pityogenes hopkinsi","ASV_16537",69,19,3,2,17,1,49,0.1,0.100081369005303,0.0373538257139376,-0.00217833123508903,0.7595,0.781,1,1,0.181681108523877,0.43350978763192,"avoiding","within_site_x_date",TRUE,"Graphilbum",NA,"ASV_16537  Graphilbum sp."
"asv","Pityogenes hopkinsi","ASV_28495",69,19,3,2,17,1,49,0.1,0.100594407479427,0.0359802812881961,-0.0165203677721658,0.782,0.7925,1,1,0.181681108523877,0.43350978763192,"avoiding","within_site_x_date",TRUE,"Raffaelea","subfusca","ASV_28495  Raffaelea subfusca"
"asv","Pityogenes hopkinsi","ASV_7886",69,19,4,2,17,2,48,0.0952380952380952,0.0783679718647216,0.0334238492270986,0.50473311014388,0.5535,0.902,1,1,0.302834814534628,0.618648263977882,"co-occurring","within_site_x_date",TRUE,"Grosmannia",NA,"ASV_7886  Grosmannia sp."
"asv","Pityogenes hopkinsi","ASV_22166",69,19,4,2,17,2,48,0.0952380952380952,0.0965978660325859,0.0347620354877568,-0.03911654698614,0.782,0.777,1,1,0.302834814534628,0.618648263977882,"avoiding","within_site_x_date",TRUE,"Grosmannia","cucullata","ASV_22166  Grosmannia cucullata"
"asv","Pityogenes hopkinsi","ASV_7819",69,19,5,2,17,3,47,0.0909090909090909,0.0844020542173965,0.0474943377399706,0.137006578075058,0.628,0.764,1,1,0.610651337948357,0.858916144196213,"co-occurring","within_site_x_date",TRUE,"Hawksworthiomyces",NA,"ASV_7819  Hawksworthiomyces sp."
"asv","Pityogenes hopkinsi","ASV_6045",69,19,7,2,17,5,45,0.0833333333333333,0.048373462093366,0.0361392680416507,0.967365227200392,0.33,0.9365,0.66,1,1,1,"co-occurring","within_site_x_date",TRUE,"Sporothrix",NA,"ASV_6045  Sporothrix sp."
"asv","Pityogenes hopkinsi","ASV_8974",69,19,3,1,18,2,48,0.0476190476190476,0.031015507753878,0.0226985673728774,0.731479638887223,0.6515,1,1,1,1,1,"co-occurring","within_site_x_date",TRUE,"Ophiostoma","karelicum","ASV_8974  Ophiostoma karelicum"
"asv","Pityogenes hopkinsi","ASV_4337",69,19,4,1,18,3,47,0.0454545454545455,0.0615177718729512,0.0232793532730264,-0.690020303829406,1,0.6775,1,1,1,1,"avoiding","within_site_x_date",TRUE,"Ophiostoma","undulatum","ASV_4337  Ophiostoma undulatum"
"asv","Pityogenes hopkinsi","ASV_23023",69,19,4,1,18,3,47,0.0454545454545455,0.02310246032107,0.0227298616894557,0.983379724824481,0.5085,1,1,1,1,1,"co-occurring","within_site_x_date",TRUE,"Sporothrix",NA,"ASV_23023  Sporothrix sp."
"asv","Pityogenes hopkinsi","ASV_27488",69,19,4,1,18,3,47,0.0454545454545455,0.114219965986642,0.044864256384674,-1.53274401658393,1,0.1505,0.301,1,1,1,"avoiding","within_site_x_date",TRUE,"Ceratocystiopsis","synnemata","ASV_27488  Ceratocystiopsis synnemata"
"asv","Xyleborinus attenuatus","ASV_660",69,24,13,12,12,1,44,0.48,0.37277597080998,0.0431994589765337,2.48206879739547,0.0435,1,0.087,1,3.2129560114677e-06,0.00045945270963988,"co-occurring","within_site_x_date",TRUE,"Grosmannia","francke-grosmanniae","ASV_660  Grosmannia francke-grosmanniae"
"asv","Xyleborinus attenuatus","ASV_5162",69,24,7,7,17,0,45,0.291666666666667,0.224646660937307,0.0390167668288054,1.71772320406313,0.142,1,0.284,1,0.000320794218950496,0.0137620719929763,"co-occurring","within_site_x_date",TRUE,"Sporothrix",NA,"ASV_5162  Sporothrix sp."
"asv","Xyleborinus attenuatus","ASV_1122",69,24,8,7,17,1,44,0.28,0.248531958286828,0.039701024822541,0.792625426014327,0.4085,0.9245,0.817,1,0.00195063581523125,0.0476522676145242,"co-occurring","within_site_x_date",TRUE,"Raffaelea","arxii","ASV_1122  Raffaelea arxii"
"asv","Xyleborinus attenuatus","ASV_6117",69,24,13,8,16,5,40,0.275862068965517,0.170638295003381,0.0429977923141765,2.44719015323593,0.023,1,0.046,1,0.0488231696355849,0.211567068420868,"co-occurring","within_site_x_date",TRUE,"Leptographium","gracile","ASV_6117  Leptographium gracile"
"asv","Xyleborinus attenuatus","ASV_3603",69,24,10,7,17,3,42,0.259259259259259,0.201432361866027,0.0292911280000415,1.97421203420881,0.1245,1,0.249,1,0.0261454996120805,0.1495522577811,"co-occurring","within_site_x_date",TRUE,"Sporothrix","eucastaneae","ASV_3603  Sporothrix eucastaneae"
"asv","Xyleborinus attenuatus","ASV_3556",69,24,9,6,18,3,42,0.222222222222222,0.17968282170642,0.0285553889245948,1.48971532582289,0.2345,1,0.469,1,0.0559910156857852,0.231097344843194,"co-occurring","within_site_x_date",TRUE,"Sporothrix","rossii","ASV_3556  Sporothrix rossii"
"asv","Xyleborinus attenuatus","ASV_1646",69,24,5,5,19,0,45,0.208333333333333,0.177111119662397,0.0318102219898721,0.981515114257215,0.4605,1,0.921,1,0.00378199500236375,0.057945566286216,"co-occurring","within_site_x_date",TRUE,"Raffaelea","arxii","ASV_1646  Raffaelea arxii"
"asv","Xyleborinus attenuatus","ASV_7106",69,24,5,5,19,0,45,0.208333333333333,0.160827657418455,0.0310315403347645,1.53088359141676,0.223,1,0.446,1,0.00378199500236375,0.057945566286216,"co-occurring","within_site_x_date",TRUE,"Ophiostoma","denticiliatum","ASV_7106  Ophiostoma denticiliatum"
"asv","Xyleborinus attenuatus","ASV_8274",69,24,12,6,18,6,39,0.2,0.174886136060243,0.0312408129239383,0.803879975879672,0.414,0.9295,0.828,1,0.317887606793005,0.622711339334242,"co-occurring","within_site_x_date",TRUE,"Sporothrix","rossii","ASV_8274  Sporothrix rossii"
"asv","Xyleborinus attenuatus","ASV_7618",69,24,7,5,19,2,43,0.192307692307692,0.135327584427135,0.0283193170609486,2.01205797999736,0.1175,1,0.235,1,0.0449365165124603,0.19873985137985,"co-occurring","within_site_x_date",TRUE,"Leptographium","lundbergii","ASV_7618  Leptographium lundbergii"
"asv","Xyleborinus attenuatus","ASV_15258",69,24,7,5,19,2,43,0.192307692307692,0.162592386954567,0.0351899960614608,0.844424799060128,0.402,0.9375,0.804,1,0.0449365165124603,0.19873985137985,"co-occurring","within_site_x_date",TRUE,"Ophiostoma","pallidulum","ASV_15258  Ophiostoma pallidulum"
"asv","Xyleborinus attenuatus","ASV_5724",69,24,4,4,20,0,45,0.166666666666667,0.135950026295199,0.0303905930825595,1.01072855959154,0.4455,1,0.891,1,0.0122914837576822,0.105460930640913,"co-occurring","within_site_x_date",TRUE,"Graphilbum",NA,"ASV_5724  Graphilbum sp."
"asv","Xyleborinus attenuatus","ASV_21569",69,24,7,4,20,3,42,0.148148148148148,0.163530678648236,0.0356169154478829,-0.431888340319559,0.856,0.5975,1,1,0.226754164452183,0.511987034473614,"avoiding","within_site_x_date",TRUE,"Sporothrix",NA,"ASV_21569  Sporothrix sp."
"asv","Xyleborinus attenuatus","ASV_11554",69,24,3,3,21,0,45,0.125,0.110052526263133,0.0211998626539827,0.705074083772849,0.668,1,1,1,0.038630377524144,0.180135129976715,"co-occurring","within_site_x_date",TRUE,"Raffaelea","crossotarsi","ASV_11554  Raffaelea crossotarsi"
"asv","Xyleborinus attenuatus","ASV_16537",69,24,3,3,21,0,45,0.125,0.0812519721399169,0.0294008522267749,1.48798502583005,0.236,1,0.472,1,0.038630377524144,0.180135129976715,"co-occurring","within_site_x_date",TRUE,"Graphilbum",NA,"ASV_16537  Graphilbum sp."
"asv","Xyleborinus attenuatus","ASV_17726",69,24,3,3,21,0,45,0.125,0.0947033131950607,0.0291014097441182,1.04107282332131,0.43,1,0.86,1,0.038630377524144,0.180135129976715,"co-occurring","within_site_x_date",TRUE,NA,NA,"ASV_17726  "
"asv","Xyleborinus attenuatus","ASV_8895",69,24,13,4,20,9,36,0.121212121212121,0.110258337725015,0.0155356490037112,0.705074083772701,0.668,1,1,1,1,1,"co-occurring","within_site_x_date",TRUE,"Ceratocystiopsis","manitobensis","ASV_8895  Ceratocystiopsis manitobensis"
"asv","Xyleborinus attenuatus","ASV_4337",69,24,4,3,21,1,44,0.12,0.0921591850056089,0.0283781828261642,0.981064050680593,0.4605,1,0.921,1,0.117647058823529,0.34105898111915,"co-occurring","within_site_x_date",TRUE,"Ophiostoma","undulatum","ASV_4337  Ophiostoma undulatum"
"asv","Xyleborinus attenuatus","ASV_6746",69,24,4,3,21,1,44,0.12,0.104980182398893,0.0205334732542343,0.731479638887208,0.6515,1,1,1,0.117647058823529,0.34105898111915,"co-occurring","within_site_x_date",TRUE,"Graphilbum",NA,"ASV_6746  Graphilbum sp."
"asv","Xyleborinus attenuatus","ASV_11600",69,24,4,3,21,1,44,0.12,0.121099011043984,0.0297001704593004,-0.0370035264777256,0.785,0.778,1,1,0.117647058823529,0.34105898111915,"avoiding","within_site_x_date",TRUE,"Ophiostoma","undulatum","ASV_11600  Ophiostoma undulatum"
"asv","Xyleborinus attenuatus","ASV_22166",69,24,4,3,21,1,44,0.12,0.135783019714985,0.0311051419584104,-0.507408702268209,0.876,0.5475,1,1,0.117647058823529,0.34105898111915,"avoiding","within_site_x_date",TRUE,"Grosmannia","cucullata","ASV_22166  Grosmannia cucullata"
"asv","Xyleborinus attenuatus","ASV_25723",69,24,4,3,21,1,44,0.12,0.135150908787729,0.0218570665500102,-0.693181253443247,1,0.6755,1,1,0.117647058823529,0.34105898111915,"avoiding","within_site_x_date",TRUE,"Ceratocystiopsis","manitobensis","ASV_25723  Ceratocystiopsis manitobensis"
"asv","Xyleborinus attenuatus","ASV_7819",69,24,5,3,21,2,43,0.115384615384615,0.10173374436506,0.027351088531865,0.499097906236967,0.5655,0.9035,1,1,0.333335290887682,0.631596840638643,"co-occurring","within_site_x_date",TRUE,"Hawksworthiomyces",NA,"ASV_7819  Hawksworthiomyces sp."
"asv","Xyleborinus attenuatus","ASV_13249",69,24,6,3,21,3,42,0.111111111111111,0.097925336294524,0.0266633419970154,0.494528210982069,0.5575,0.8975,1,1,0.412359680057317,0.725009437477824,"co-occurring","within_site_x_date",TRUE,"Ophiostoma","denticulatum","ASV_13249  Ophiostoma denticulatum"
"asv","Xyleborinus attenuatus","ASV_15738",69,24,7,3,21,4,41,0.107142857142857,0.108127476436632,0.0264117707893089,-0.0372795637834835,0.7825,0.7735,1,1,0.687453569257784,0.913057526970864,"avoiding","within_site_x_date",TRUE,"Graphilbum",NA,"ASV_15738  Graphilbum sp."
"asv","Xyleborinus attenuatus","ASV_8974",69,24,3,2,22,1,44,0.08,0.0655166044560727,0.0198001349237259,0.731479638887323,0.6515,1,1,1,0.2756804214223,0.57973970975572,"co-occurring","within_site_x_date",TRUE,"Ophiostoma","karelicum","ASV_8974  Ophiostoma karelicum"
"asv","Xyleborinus attenuatus","ASV_9224",69,24,3,2,22,1,44,0.08,0.0526455535460025,0.0270767505107928,1.01025588144685,0.4455,1,0.891,1,0.2756804214223,0.57973970975572,"co-occurring","within_site_x_date",TRUE,"Ophiostoma","sparsiannulatum","ASV_9224  Ophiostoma sparsiannulatum"
"asv","Xyleborinus attenuatus","ASV_28495",69,24,3,2,22,1,44,0.08,0.0531534998268352,0.027364676296658,0.981064050680674,0.4605,1,0.921,1,0.2756804214223,0.57973970975572,"co-occurring","within_site_x_date",TRUE,"Raffaelea","subfusca","ASV_28495  Raffaelea subfusca"
"asv","Xyleborinus attenuatus","ASV_7886",69,24,4,2,22,2,43,0.0769230769230769,0.0510582926791044,0.0256238033160442,1.00940457296507,0.4475,1,0.895,1,0.606061762797267,0.858916144196213,"co-occurring","within_site_x_date",TRUE,"Grosmannia",NA,"ASV_7886  Grosmannia sp."
"asv","Xyleborinus attenuatus","ASV_27488",69,24,4,2,22,2,43,0.0769230769230769,0.0782200216917583,0.0274129291084796,-0.0473114260628274,0.7895,0.775,1,1,0.606061762797267,0.858916144196213,"avoiding","within_site_x_date",TRUE,"Ceratocystiopsis","synnemata","ASV_27488  Ceratocystiopsis synnemata"
"asv","Xyleborinus attenuatus","ASV_9363",69,24,5,2,22,3,42,0.0740740740740741,0.061696853717866,0.017937472691052,0.69002030382922,0.6775,1,1,1,1,1,"co-occurring","within_site_x_date",TRUE,"Sporothrix",NA,"ASV_9363  Sporothrix sp."
"asv","Xyleborinus attenuatus","ASV_15268",69,24,5,2,22,3,42,0.0740740740740741,0.0613322534283032,0.0180716054369638,0.705074083772804,0.668,1,1,1,1,1,"co-occurring","within_site_x_date",TRUE,"Grosmannia","olivacea","ASV_15268  Grosmannia olivacea"
"asv","Xyleborinus attenuatus","ASV_4044",69,24,6,2,22,4,41,0.0714285714285714,0.0594336577155556,0.0173041519132734,0.693181253443282,0.6755,1,1,1,1,1,"co-occurring","within_site_x_date",TRUE,"Graphilbum",NA,"ASV_4044  Graphilbum sp."
"asv","Xyleborinus attenuatus","ASV_8131",69,24,6,2,22,4,41,0.0714285714285714,0.0846022880919659,0.0316848511168361,-0.415773349062527,0.8555,0.6085,1,1,1,1,"avoiding","within_site_x_date",TRUE,"Graphilbum",NA,"ASV_8131  Graphilbum sp."
"asv","Xyleborinus attenuatus","ASV_22950",69,24,6,2,22,4,41,0.0714285714285714,0.085237684313086,0.0328078911005072,-0.420908276067189,0.8415,0.587,1,1,1,1,"avoiding","within_site_x_date",TRUE,"Sporothrix",NA,"ASV_22950  Sporothrix sp."
"asv","Xyleborinus attenuatus","ASV_6045",69,24,7,2,22,5,40,0.0689655172413793,0.0229706807426703,0.0230941235706764,1.99162511441268,0.1205,1,0.241,1,1,1,"co-occurring","within_site_x_date",TRUE,"Sporothrix",NA,"ASV_6045  Sporothrix sp."
"asv","Xyleborinus attenuatus","ASV_13560",69,24,7,2,22,5,40,0.0689655172413793,0.0453473863368464,0.0168490798943441,1.40174603317425,0.3375,1,0.675,1,1,1,"co-occurring","within_site_x_date",TRUE,"Hawksworthiomyces",NA,"ASV_13560  Hawksworthiomyces sp."
"asv","Xyleborinus attenuatus","ASV_6959",69,24,7,1,23,6,39,0.0333333333333333,0.0333333333333327,0,NA,1,1,1,1,0.407940501114338,0.720191255053707,"co-occurring","within_site_x_date",TRUE,"Ophiostoma","adjuncti","ASV_6959  Ophiostoma adjuncti"
"asv","Xyleborinus attenuatus","ASV_23023",69,24,4,0,24,4,41,0,0,0,NA,1,1,1,1,0.289995037599725,0.603921704515933,"co-occurring","within_site_x_date",TRUE,"Sporothrix",NA,"ASV_23023  Sporothrix sp."
"asv","Xyloterinus politus","ASV_660",69,22,13,9,13,4,43,0.346153846153846,0.383436768241664,0.0437949666785027,-0.851306095549982,0.938,0.4125,0.825,1,0.00258730144664164,0.0528548724099649,"avoiding","within_site_x_date",TRUE,"Grosmannia","francke-grosmanniae","ASV_660  Grosmannia francke-grosmanniae"
"asv","Xyloterinus politus","ASV_3556",69,22,9,7,15,2,45,0.291666666666667,0.256955144238793,0.0242658903300772,1.43046564357251,0.3285,1,0.657,1,0.00352703998212574,0.057945566286216,"co-occurring","within_site_x_date",TRUE,"Sporothrix","rossii","ASV_3556  Sporothrix rossii"
"asv","Xyloterinus politus","ASV_3603",69,22,10,7,15,3,44,0.28,0.298142404535591,0.025273852294589,-0.717832973150477,1,0.66,1,1,0.00921990745940801,0.0859856586975225,"avoiding","within_site_x_date",TRUE,"Sporothrix","eucastaneae","ASV_3603  Sporothrix eucastaneae"
"asv","Xyloterinus politus","ASV_5162",69,22,7,6,16,1,46,0.260869565217391,0.28072385995369,0.0376823490759114,-0.526885802588954,0.883,0.5465,1,1,0.00340843857634901,0.057945566286216,"avoiding","within_site_x_date",TRUE,"Sporothrix",NA,"ASV_5162  Sporothrix sp."
"asv","Xyloterinus politus","ASV_15258",69,22,7,6,16,1,46,0.260869565217391,0.242551529387878,0.0250424411776853,0.731479638887458,0.6515,1,1,1,0.00340843857634901,0.057945566286216,"co-occurring","within_site_x_date",TRUE,"Ophiostoma","pallidulum","ASV_15258  Ophiostoma pallidulum"
"asv","Xyloterinus politus","ASV_1122",69,22,8,6,16,2,45,0.25,0.26791656697914,0.0255548387233186,-0.701102721606751,1,0.6705,1,1,0.0106431243287286,0.0951229236880115,"avoiding","within_site_x_date",TRUE,"Raffaelea","arxii","ASV_1122  Raffaelea arxii"
"asv","Xyloterinus politus","ASV_6117",69,22,13,7,15,6,41,0.25,0.206987485214612,0.0399760254442961,1.07595775986592,0.2905,0.9505,0.581,1,0.0960381105971932,0.307465294374596,"co-occurring","within_site_x_date",TRUE,"Leptographium","gracile","ASV_6117  Leptographium gracile"
"asv","Xyloterinus politus","ASV_7106",69,22,5,5,17,0,47,0.227272727272727,0.20941498417193,0.0251853498301124,0.709052811307224,0.6655,1,1,1,0.00234319255581232,0.0528548724099649,"co-occurring","within_site_x_date",TRUE,"Ophiostoma","denticiliatum","ASV_7106  Ophiostoma denticiliatum"
"asv","Xyloterinus politus","ASV_8274",69,22,12,6,16,6,41,0.214285714285714,0.199502962574153,0.0283433886652615,0.521559079831521,0.5365,0.897,1,1,0.177426476875721,0.43350978763192,"co-occurring","within_site_x_date",TRUE,"Sporothrix","rossii","ASV_8274  Sporothrix rossii"
"asv","Xyloterinus politus","ASV_21569",69,22,7,5,17,2,45,0.208333333333333,0.192302818075704,0.0227615902917743,0.704279228829752,0.6685,1,1,1,0.0297937630850273,0.159769054543459,"co-occurring","within_site_x_date",TRUE,"Sporothrix",NA,"ASV_21569  Sporothrix sp."
"asv","Xyloterinus politus","ASV_11600",69,22,4,4,18,0,47,0.181818181818182,0.147296968642424,0.0241328502581414,1.4304656435728,0.3285,1,0.657,1,0.00846152867376672,0.080666573356576,"co-occurring","within_site_x_date",TRUE,"Ophiostoma","undulatum","ASV_11600  Ophiostoma undulatum"
"asv","Xyloterinus politus","ASV_1646",69,22,5,4,18,1,46,0.173913043478261,0.192064411652464,0.0252863393757616,-0.717832973150811,1,0.66,1,1,0.0329348731455843,0.172387018638498,"avoiding","within_site_x_date",TRUE,"Raffaelea","arxii","ASV_1646  Raffaelea arxii"
"asv","Xyloterinus politus","ASV_13249",69,22,6,4,18,2,45,0.166666666666667,0.183541045885261,0.0239058148758973,-0.705869233330645,1,0.6675,1,1,0.0769104139933816,0.282004851309066,"avoiding","within_site_x_date",TRUE,"Ophiostoma","denticulatum","ASV_13249  Ophiostoma denticulatum"
"asv","Xyloterinus politus","ASV_17726",69,22,3,3,19,0,47,0.136363636363636,0.119136643420521,0.0235508851200805,0.731479638887423,0.6515,1,1,1,0.0293926785509791,0.159613406308482,"co-occurring","within_site_x_date",TRUE,NA,NA,"ASV_17726  "
"asv","Xyloterinus politus","ASV_5724",69,22,4,3,19,1,46,0.130434782608696,0.14823518478607,0.0337841750335759,-0.526885802589029,0.883,0.5465,1,1,0.0921861281826163,0.299991787930719,"avoiding","within_site_x_date",TRUE,"Graphilbum",NA,"ASV_5724  Graphilbum sp."
"asv","Xyloterinus politus","ASV_6746",69,22,4,3,19,1,46,0.130434782608696,0.0990987918201534,0.0380448124726368,0.823660014386462,0.3945,0.928,0.789,1,0.0921861281826163,0.299991787930719,"co-occurring","within_site_x_date",TRUE,"Graphilbum",NA,"ASV_6746  Graphilbum sp."
"asv","Xyloterinus politus","ASV_22166",69,22,4,3,19,1,46,0.130434782608696,0.164930291232575,0.0241422439945504,-1.42884433740565,1,0.329,0.658,1,0.0921861281826163,0.299991787930719,"avoiding","within_site_x_date",TRUE,"Grosmannia","cucullata","ASV_22166  Grosmannia cucullata"
"asv","Xyloterinus politus","ASV_25723",69,22,4,3,19,1,46,0.130434782608696,0.0987903371975853,0.0221217794032962,1.43046564357274,0.3285,1,0.657,1,0.0921861281826163,0.299991787930719,"co-occurring","within_site_x_date",TRUE,"Ceratocystiopsis","manitobensis","ASV_25723  Ceratocystiopsis manitobensis"
"asv","Xyloterinus politus","ASV_8131",69,22,6,3,19,3,44,0.12,0.120000000000003,0,NA,1,1,1,1,0.374786840683461,0.684185338949807,"avoiding","within_site_x_date",TRUE,"Graphilbum",NA,"ASV_8131  Graphilbum sp."
"asv","Xyloterinus politus","ASV_22950",69,22,6,3,19,3,44,0.12,0.120000000000003,0,NA,1,1,1,1,0.374786840683461,0.684185338949807,"avoiding","within_site_x_date",TRUE,"Sporothrix",NA,"ASV_22950  Sporothrix sp."
"asv","Xyloterinus politus","ASV_7618",69,22,7,3,19,4,43,0.115384615384615,0.129266941162887,0.0206605873983242,-0.671923092535008,1,0.689,1,1,0.671572144931451,0.898172847096732,"avoiding","within_site_x_date",TRUE,"Leptographium","lundbergii","ASV_7618  Leptographium lundbergii"
"asv","Xyloterinus politus","ASV_15738",69,22,7,3,19,4,43,0.115384615384615,0.115384615384614,0,NA,1,1,1,1,0.671572144931451,0.898172847096732,"co-occurring","within_site_x_date",TRUE,"Graphilbum",NA,"ASV_15738  Graphilbum sp."
"asv","Xyloterinus politus","ASV_8895",69,22,13,3,19,10,37,0.09375,0.0827417771691324,0.0225213549092442,0.488790433578624,0.552,0.891,1,1,0.52785647066145,0.85549951917986,"co-occurring","within_site_x_date",TRUE,"Ceratocystiopsis","manitobensis","ASV_8895  Ceratocystiopsis manitobensis"
"asv","Xyloterinus politus","ASV_9224",69,22,3,2,20,1,46,0.0869565217391304,0.0717994866998703,0.0213764543311142,0.709052811307369,0.6655,1,1,1,0.236611062335382,0.52054433713784,"co-occurring","within_site_x_date",TRUE,"Ophiostoma","sparsiannulatum","ASV_9224  Ophiostoma sparsiannulatum"
"asv","Xyloterinus politus","ASV_16537",69,22,3,2,20,1,46,0.0869565217391304,0.0869565217391276,0,NA,1,1,1,1,0.236611062335382,0.52054433713784,"co-occurring","within_site_x_date",TRUE,"Graphilbum",NA,"ASV_16537  Graphilbum sp."
"asv","Xyloterinus politus","ASV_28495",69,22,3,2,20,1,46,0.0869565217391304,0.0869565217391276,0,NA,1,1,1,1,0.236611062335382,0.52054433713784,"co-occurring","within_site_x_date",TRUE,"Raffaelea","subfusca","ASV_28495  Raffaelea subfusca"
"asv","Xyloterinus politus","ASV_4337",69,22,4,2,20,2,45,0.0833333333333333,0.114954216238554,0.0221303903283372,-1.42884433740563,1,0.329,0.658,1,0.587357330992098,0.85549951917986,"avoiding","within_site_x_date",TRUE,"Ophiostoma","undulatum","ASV_4337  Ophiostoma undulatum"
"asv","Xyloterinus politus","ASV_7886",69,22,4,2,20,2,45,0.0833333333333333,0.0990023997506009,0.0221982566704763,-0.705869233330713,1,0.6675,1,1,0.587357330992098,0.85549951917986,"avoiding","within_site_x_date",TRUE,"Grosmannia",NA,"ASV_7886  Grosmannia sp."
"asv","Xyloterinus politus","ASV_27488",69,22,4,2,20,2,45,0.0833333333333333,0.115245534493203,0.0315687453140428,-1.01087961660845,1,0.433,0.866,1,0.587357330992098,0.85549951917986,"avoiding","within_site_x_date",TRUE,"Ceratocystiopsis","synnemata","ASV_27488  Ceratocystiopsis synnemata"
"asv","Xyloterinus politus","ASV_7819",69,22,5,2,20,3,44,0.08,0.0800000000000013,0,NA,1,1,1,1,0.650840818531775,0.892047000479654,"avoiding","within_site_x_date",TRUE,"Hawksworthiomyces",NA,"ASV_7819  Hawksworthiomyces sp."
"asv","Xyloterinus politus","ASV_9363",69,22,5,2,20,3,44,0.08,0.0955777888944493,0.0214140698911432,-0.727455779010612,1,0.654,1,1,0.650840818531775,0.892047000479654,"avoiding","within_site_x_date",TRUE,"Sporothrix",NA,"ASV_9363  Sporothrix sp."
"asv","Xyloterinus politus","ASV_15268",69,22,5,2,20,3,44,0.08,0.110120060030016,0.0211756700436658,-1.42238993939303,1,0.331,0.662,1,0.650840818531775,0.892047000479654,"avoiding","within_site_x_date",TRUE,"Grosmannia","olivacea","ASV_15268  Grosmannia olivacea"
"asv","Xyloterinus politus","ASV_8974",69,22,3,1,21,2,45,0.0416666666666667,0.0566877641719411,0.0293754018472385,-0.511349515604551,0.8875,0.565,1,1,1,1,"avoiding","within_site_x_date",TRUE,"Ophiostoma","karelicum","ASV_8974  Ophiostoma karelicum"
"asv","Xyloterinus politus","ASV_11554",69,22,3,1,21,2,45,0.0416666666666667,0.0883776868671466,0.0309338464120311,-1.51002948609432,1,0.2075,0.415,1,1,1,"avoiding","within_site_x_date",TRUE,"Raffaelea","crossotarsi","ASV_11554  Raffaelea crossotarsi"
"asv","Xyloterinus politus","ASV_4044",69,22,6,1,21,5,42,0.037037037037037,0.0121542252607786,0.0173949034624208,1.4304656435728,0.3285,1,0.657,1,0.656296430742217,0.8966597732115,"co-occurring","within_site_x_date",TRUE,"Graphilbum",NA,"ASV_4044  Graphilbum sp."
"asv","Xyloterinus politus","ASV_6959",69,22,7,1,21,6,41,0.0357142857142857,0.048475295848984,0.0180784336986661,-0.705869233330755,1,0.6675,1,1,0.416976908444204,0.72954800639409,"avoiding","within_site_x_date",TRUE,"Ophiostoma","adjuncti","ASV_6959  Ophiostoma adjuncti"
"asv","Xyloterinus politus","ASV_6045",69,22,7,0,22,7,40,0,0,0,NA,1,1,1,1,0.0880861529456788,0.299912377886478,"co-occurring","within_site_x_date",TRUE,"Sporothrix",NA,"ASV_6045  Sporothrix sp."
"asv","Xyloterinus politus","ASV_13560",69,22,7,0,22,7,40,0,0.0239762738512109,0.0167801860731351,-1.42884433740558,1,0.329,0.658,1,0.0880861529456788,0.299912377886478,"avoiding","within_site_x_date",TRUE,"Hawksworthiomyces",NA,"ASV_13560  Hawksworthiomyces sp."
"asv","Xyloterinus politus","ASV_23023",69,22,4,0,22,4,43,0,0,0,NA,1,1,1,1,0.298507462686567,0.618645900930132,"co-occurring","within_site_x_date",TRUE,"Sporothrix",NA,"ASV_23023  Sporothrix sp."
