"grid","beetle","fungal_unit","genus","species","n_samples","beetle_n","fungus_n","shared_n","beetle_only","fungus_only","both_absent","jaccard","exp_jaccard_null","sd_jaccard_null","z_score","p_pos","p_neg","p_perm","q_perm","p_fisher","q_fisher","direction","beetle_is_target"
"asv","Ambrosiophilus atratus","ASV_3603","Sporothrix","eucastaneae",69,4,10,2,2,8,57,0.166666666666667,0.0720266893353442,0.0649416401131649,1.45730808717498,0.1995,0.977,0.399,1,0.0974955494556976,0.543189489824601,"co-occurring",FALSE
"asv","Ambrosiophilus atratus","ASV_25723","Ceratocystiopsis","manitobensis",69,4,4,1,3,3,62,0.142857142857143,0.0839467352723973,0.0954500109241798,0.617185970062808,0.5005,0.9345,1,1,0.216843011170606,0.804364998309892,"co-occurring",FALSE
"asv","Ambrosiophilus atratus","ASV_27488","Ceratocystiopsis","synnemata",69,4,4,1,3,3,62,0.142857142857143,0.0228685771457158,0.0523960029851374,2.29003280546921,0.1605,1,0.321,1,0.216843011170606,0.804364998309892,"co-occurring",FALSE
"asv","Ambrosiophilus atratus","ASV_6117","Leptographium","gracile",69,4,13,2,2,11,54,0.133333333333333,0.0316970985492746,0.0387497436234535,2.62288792854213,0.056,1,0.112,1,0.158300568767416,0.702028609316367,"co-occurring",FALSE
"asv","Ambrosiophilus atratus","ASV_8131","Graphilbum",NA,69,4,6,1,3,5,60,0.111111111111111,0.109082318937248,0.0869203010228821,0.0233408323485818,0.718,0.789,1,1,0.31097245694337,0.893932158878959,"co-occurring",FALSE
"asv","Ambrosiophilus atratus","ASV_13249","Ophiostoma","denticulatum",69,4,6,1,3,5,60,0.111111111111111,0.0395197598799406,0.0532042203466416,1.34559534496946,0.356,1,0.712,1,0.31097245694337,0.893932158878959,"co-occurring",FALSE
"asv","Ambrosiophilus atratus","ASV_15258","Ophiostoma","pallidulum",69,4,7,1,3,6,59,0.1,0.0536379300761486,0.0630058626981918,0.735837395734636,0.47,0.9455,0.94,1,0.354720237454902,0.928491546661409,"co-occurring",FALSE
"asv","Ambrosiophilus atratus","ASV_15738","Graphilbum",NA,69,4,7,1,3,6,59,0.1,0.12393418931688,0.08940908439046,-0.267693036787588,0.8145,0.6975,1,1,0.354720237454902,0.928491546661409,"avoiding",FALSE
"asv","Ambrosiophilus atratus","ASV_21569","Sporothrix",NA,69,4,7,1,3,6,59,0.1,0.0339669834917461,0.0473715629405521,1.39393789035672,0.34,1,0.68,1,0.354720237454902,0.928491546661409,"co-occurring",FALSE
"asv","Ambrosiophilus atratus","ASV_3556","Sporothrix","rossii",69,4,9,1,3,8,57,0.0833333333333333,0.0433701699334514,0.0523243274138637,0.763758759549643,0.4545,0.944,0.909,1,0.435934718409811,0.973131695423722,"co-occurring",FALSE
"asv","Ambrosiophilus atratus","ASV_8274","Sporothrix","rossii",69,4,12,1,3,11,54,0.0666666666666667,0.0866099716524912,0.0448209417037273,-0.444955064033518,0.907,0.657,1,1,0.543077451616597,1,"avoiding",FALSE
"asv","Ambrosiophilus atratus","ASV_660","Grosmannia","francke-grosmanniae",69,4,13,1,3,12,53,0.0625,0.043048607637152,0.0401620980366911,0.484322117462032,0.596,0.918,1,1,0.575142191854029,1,"co-occurring",FALSE
"asv","Ambrosiophilus atratus","ASV_1122","Raffaelea","arxii",69,4,8,0,4,8,57,0,0.0318250034107967,0.0497088824315884,-0.64022769883422,1,0.6825,1,1,1,1,"avoiding",FALSE
"asv","Ambrosiophilus atratus","ASV_1646","Raffaelea","arxii",69,4,5,0,4,5,60,0,0.0440488101193454,0.0693442516276095,-0.635219345301974,1,0.6825,1,1,1,1,"avoiding",FALSE
"asv","Ambrosiophilus atratus","ASV_4044","Graphilbum",NA,69,4,6,0,4,6,59,0,0.0459118448112953,0.054725833055999,-0.838942821835446,1,0.587,1,1,1,1,"avoiding",FALSE
"asv","Ambrosiophilus atratus","ASV_4337","Ophiostoma","undulatum",69,4,4,0,4,4,61,0,0,0,NA,1,1,1,1,1,1,"co-occurring",FALSE
"asv","Ambrosiophilus atratus","ASV_5162","Sporothrix",NA,69,4,7,0,4,7,58,0,0.0168584292146074,0.037447801077492,-0.450184756635555,1,0.8315,1,1,1,1,"avoiding",FALSE
"asv","Ambrosiophilus atratus","ASV_5724","Graphilbum",NA,69,4,4,0,4,4,61,0,0,0,NA,1,1,1,1,1,1,"co-occurring",FALSE
"asv","Ambrosiophilus atratus","ASV_6045","Sporothrix",NA,69,4,7,0,4,7,58,0,0.0174087043521762,0.0379279194175403,-0.458994445767709,1,0.826,1,1,1,1,"avoiding",FALSE
"asv","Ambrosiophilus atratus","ASV_6746","Graphilbum",NA,69,4,4,0,4,4,61,0,0.0251554348602874,0.0544271949413571,-0.462185032452826,1,0.824,1,1,1,1,"avoiding",FALSE
"asv","Ambrosiophilus atratus","ASV_6959","Ophiostoma","adjuncti",69,4,7,0,4,7,58,0,0.0959479739869928,0.0783528743059493,-1.22456227466958,1,0.2995,0.599,1,1,1,"avoiding",FALSE
"asv","Ambrosiophilus atratus","ASV_7106","Ophiostoma","denticiliatum",69,4,5,0,4,5,60,0,0.0440488101193454,0.0693442516276095,-0.635219345301974,1,0.6825,1,1,1,1,"avoiding",FALSE
"asv","Ambrosiophilus atratus","ASV_7618","Leptographium","lundbergii",69,4,7,0,4,7,58,0,0.0766827858373623,0.0742538633070656,-1.03271105935933,1,0.401,0.802,1,1,1,"avoiding",FALSE
"asv","Ambrosiophilus atratus","ASV_7819","Hawksworthiomyces",NA,69,4,5,0,4,5,60,0,0.0220110055027514,0.0476237955736866,-0.462185032452832,1,0.824,1,1,1,1,"avoiding",FALSE
"asv","Ambrosiophilus atratus","ASV_7886","Grosmannia",NA,69,4,4,0,4,4,61,0,0,0,NA,1,1,1,1,1,1,"co-occurring",FALSE
"asv","Ambrosiophilus atratus","ASV_8895","Ceratocystiopsis","manitobensis",69,4,13,0,4,13,52,0,0.0587918959479746,0.0470915605967419,-1.24845928236327,1,0.2995,0.599,1,1,1,"avoiding",FALSE
"asv","Ambrosiophilus atratus","ASV_8974","Ophiostoma","karelicum",69,4,3,0,4,3,62,0,0,0,NA,1,1,1,1,1,1,"co-occurring",FALSE
"asv","Ambrosiophilus atratus","ASV_9224","Ophiostoma","sparsiannulatum",69,4,3,0,4,3,62,0,0.0278472569618141,0.0621906309505679,-0.447772542844089,1,0.833,1,1,1,1,"avoiding",FALSE
"asv","Ambrosiophilus atratus","ASV_9363","Sporothrix",NA,69,4,5,0,4,5,60,0,0.0637818909454727,0.0625024880563911,-1.02046963135175,1,0.49,0.98,1,1,1,"avoiding",FALSE
"asv","Ambrosiophilus atratus","ASV_11554","Raffaelea","crossotarsi",69,4,3,0,4,3,62,0,0,0,NA,1,1,1,1,1,1,"co-occurring",FALSE
"asv","Ambrosiophilus atratus","ASV_11600","Ophiostoma","undulatum",69,4,4,0,4,4,61,0,0,0,NA,1,1,1,1,1,1,"co-occurring",FALSE
"asv","Ambrosiophilus atratus","ASV_13560","Hawksworthiomyces",NA,69,4,7,0,4,7,58,0,0.060230115057528,0.0650516111944123,-0.925881987419576,1,0.4805,0.961,1,1,1,"avoiding",FALSE
"asv","Ambrosiophilus atratus","ASV_15268","Grosmannia","olivacea",69,4,5,0,4,5,60,0,0.0217608804402201,0.0474098992719261,-0.458994445767698,1,0.826,1,1,1,1,"avoiding",FALSE
"asv","Ambrosiophilus atratus","ASV_16537","Graphilbum",NA,69,4,3,0,4,3,62,0,0.0293480073370017,0.0634983940982506,-0.462185032452817,1,0.824,1,1,1,1,"avoiding",FALSE
"asv","Ambrosiophilus atratus","ASV_17726",NA,NA,69,4,3,0,4,3,62,0,0.0293480073370017,0.0634983940982506,-0.462185032452817,1,0.824,1,1,1,1,"avoiding",FALSE
"asv","Ambrosiophilus atratus","ASV_22166","Grosmannia","cucullata",69,4,4,0,4,4,61,0,0.024083470306582,0.0534968586821312,-0.450184756635556,1,0.8315,1,1,1,1,"avoiding",FALSE
"asv","Ambrosiophilus atratus","ASV_22950","Sporothrix",NA,69,4,6,0,4,6,59,0,0,0,NA,1,1,1,1,1,1,"co-occurring",FALSE
"asv","Ambrosiophilus atratus","ASV_23023","Sporothrix",NA,69,4,4,0,4,4,61,0,0.024869577645966,0.0541827420250579,-0.458994445767705,1,0.826,1,1,1,1,"avoiding",FALSE
"asv","Ambrosiophilus atratus","ASV_28495","Raffaelea","subfusca",69,4,3,0,4,3,62,0,0.0688677672169423,0.0820887495839992,-0.83894282183543,1,0.587,1,1,1,1,"avoiding",FALSE
"asv","Anisandrus sayi","ASV_6117","Leptographium","gracile",69,32,13,9,23,4,33,0.25,0.20101981475677,0.0446418850761448,1.09718003976951,0.229,0.9285,0.458,1,0.120644759844847,0.615288275208718,"co-occurring",FALSE
"asv","Anisandrus sayi","ASV_660","Grosmannia","francke-grosmanniae",69,32,13,8,24,5,32,0.216216216216216,0.223325435910686,0.0475392546238295,-0.149544197752446,0.679,0.5825,1,1,0.35501147372348,0.928491546661409,"avoiding",FALSE
"asv","Anisandrus sayi","ASV_3603","Sporothrix","eucastaneae",69,32,10,7,25,3,34,0.2,0.142504464880668,0.0350811003307928,1.63893191995648,0.121,0.984,0.242,1,0.169804472396998,0.719377464700006,"co-occurring",FALSE
"asv","Anisandrus sayi","ASV_8274","Sporothrix","rossii",69,32,12,7,25,5,32,0.189189189189189,0.163084351454981,0.0380149264810678,0.686699676960016,0.399,0.87,0.798,1,0.525817133599525,1,"co-occurring",FALSE
"asv","Anisandrus sayi","ASV_13249","Ophiostoma","denticulatum",69,32,6,6,26,0,37,0.1875,0.0929377770846319,0.0316925726526046,2.98373451571457,0.007,1,0.014,0.767684210526316,0.00755931856821272,0.166687056520675,"co-occurring",FALSE
"asv","Anisandrus sayi","ASV_15258","Ophiostoma","pallidulum",69,32,7,6,26,1,36,0.181818181818182,0.1156808275839,0.0371499953521772,1.7802789369772,0.094,0.991,0.188,1,0.0437395053954202,0.379527521627531,"co-occurring",FALSE
"asv","Anisandrus sayi","ASV_3556","Sporothrix","rossii",69,32,9,6,26,3,34,0.171428571428571,0.134503280615074,0.0382101609790234,0.966373599780651,0.2955,0.926,0.591,1,0.285262401984564,0.893932158878959,"co-occurring",FALSE
"asv","Anisandrus sayi","ASV_7106","Ophiostoma","denticiliatum",69,32,5,5,27,0,37,0.15625,0.100096938588981,0.0324749779791529,1.72911776713341,0.1185,1,0.237,1,0.017918384754282,0.257167128782963,"co-occurring",FALSE
"asv","Anisandrus sayi","ASV_5162","Sporothrix",NA,69,32,7,5,27,2,35,0.147058823529412,0.13571543916892,0.0382986147017121,0.296182628244889,0.5475,0.7735,1,1,0.237001194019173,0.842529713859045,"co-occurring",FALSE
"asv","Anisandrus sayi","ASV_1122","Raffaelea","arxii",69,32,8,5,27,3,34,0.142857142857143,0.13907750524666,0.039076955850775,0.096722928595476,0.631,0.7085,1,1,0.457387734480532,1,"co-occurring",FALSE
"asv","Anisandrus sayi","ASV_7886","Grosmannia",NA,69,32,4,4,28,0,37,0.125,0.0643036281318673,0.0252205877499991,2.40662003874731,0.031,1,0.062,1,0.0415962503224403,0.379527521627531,"co-occurring",FALSE
"asv","Anisandrus sayi","ASV_8895","Ceratocystiopsis","manitobensis",69,32,13,5,27,8,29,0.125,0.120916572544865,0.0340245029848943,0.120014316063557,0.6075,0.7145,1,1,0.556164837049155,1,"co-occurring",FALSE
"asv","Anisandrus sayi","ASV_1646","Raffaelea","arxii",69,32,5,4,28,1,36,0.121212121212121,0.10007375754128,0.0314978469558855,0.671105034590036,0.4575,0.8975,0.915,1,0.175093715689967,0.719377464700006,"co-occurring",FALSE
"asv","Anisandrus sayi","ASV_8131","Graphilbum",NA,69,32,6,4,28,2,35,0.117647058823529,0.0765695830110406,0.0288699369468908,1.42284605221186,0.1935,0.984,0.387,1,0.405246717248091,0.959906117673447,"co-occurring",FALSE
"asv","Anisandrus sayi","ASV_7618","Leptographium","lundbergii",69,32,7,4,28,3,34,0.114285714285714,0.0892418572808319,0.0316514297152212,0.791239360439972,0.374,0.915,0.748,1,0.696372197994521,1,"co-occurring",FALSE
"asv","Anisandrus sayi","ASV_21569","Sporothrix",NA,69,32,7,4,28,3,34,0.114285714285714,0.10470889688648,0.0369065944661405,0.259487973294852,0.551,0.7595,1,1,0.696372197994521,1,"co-occurring",FALSE
"asv","Anisandrus sayi","ASV_9224","Ophiostoma","sparsiannulatum",69,32,3,3,29,0,37,0.09375,0.0718928425888531,0.0237558768178426,0.920073697079047,0.4775,1,0.955,1,0.0946673283200367,0.536448193813541,"co-occurring",FALSE
"asv","Anisandrus sayi","ASV_17726",NA,NA,69,32,3,3,29,0,37,0.09375,0.0460470041170328,0.0273861331585469,1.74186679100695,0.128,1,0.256,1,0.0946673283200367,0.536448193813541,"co-occurring",FALSE
"asv","Anisandrus sayi","ASV_4337","Ophiostoma","undulatum",69,32,4,3,29,1,36,0.0909090909090909,0.0804200610618544,0.0278674665430749,0.376389788825027,0.599,0.843,1,1,0.330277235075494,0.902846894455239,"co-occurring",FALSE
"asv","Anisandrus sayi","ASV_7819","Hawksworthiomyces",NA,69,32,5,3,29,2,35,0.0882352941176471,0.0902902837655158,0.0327140422080499,-0.0628167450173155,0.706,0.676,1,1,0.657079188323224,1,"avoiding",FALSE
"asv","Anisandrus sayi","ASV_9363","Sporothrix",NA,69,32,5,3,29,2,35,0.0882352941176471,0.0626278146288167,0.0248458057806926,1.03065602761532,0.3525,0.971,0.705,1,0.657079188323224,1,"co-occurring",FALSE
"asv","Anisandrus sayi","ASV_22950","Sporothrix",NA,69,32,6,3,29,3,34,0.0857142857142857,0.0571569896791347,0.025263375841551,1.13038321617266,0.2965,0.9695,0.593,1,1,1,"co-occurring",FALSE
"asv","Anisandrus sayi","ASV_6045","Sporothrix",NA,69,32,7,3,29,4,33,0.0833333333333333,0.094485785683554,0.034930467076661,-0.319275786543154,0.7665,0.563,1,1,1,1,"avoiding",FALSE
"asv","Anisandrus sayi","ASV_6959","Ophiostoma","adjuncti",69,32,7,3,29,4,33,0.0833333333333333,0.0694849997008809,0.0283759097143351,0.488031353773885,0.501,0.8515,1,1,1,1,"co-occurring",FALSE
"asv","Anisandrus sayi","ASV_8974","Ophiostoma","karelicum",69,32,3,2,30,1,36,0.0606060606060606,0.060883271403974,0.0244605504722913,-0.0113329746289808,0.747,0.734,1,1,0.593235866702294,1,"avoiding",FALSE
"asv","Anisandrus sayi","ASV_16537","Graphilbum",NA,69,32,3,2,30,1,36,0.0606060606060606,0.0458711418989363,0.0260963750247663,0.564634693253006,0.512,0.887,1,1,0.593235866702294,1,"co-occurring",FALSE
"asv","Anisandrus sayi","ASV_28495","Raffaelea","subfusca",69,32,3,2,30,1,36,0.0606060606060606,0.0393672772214996,0.0203486759146297,1.04374277096287,0.4265,1,0.853,1,0.593235866702294,1,"co-occurring",FALSE
"asv","Anisandrus sayi","ASV_5724","Graphilbum",NA,69,32,4,2,30,2,35,0.0588235294117647,0.0917743153471328,0.0268667301901191,-1.22645315236338,0.962,0.257,0.514,1,1,1,"avoiding",FALSE
"asv","Anisandrus sayi","ASV_6746","Graphilbum",NA,69,32,4,2,30,2,35,0.0588235294117647,0.044279588228034,0.0262406507062956,0.554252306717428,0.497,0.8715,0.994,1,1,1,"co-occurring",FALSE
"asv","Anisandrus sayi","ASV_11600","Ophiostoma","undulatum",69,32,4,2,30,2,35,0.0588235294117647,0.058716629131985,0.0287557215070791,0.00371753077916505,0.692,0.704,1,1,1,1,"co-occurring",FALSE
"asv","Anisandrus sayi","ASV_22166","Grosmannia","cucullata",69,32,4,2,30,2,35,0.0588235294117647,0.0646346855627982,0.0271401671075104,-0.214116446962677,0.7865,0.6435,1,1,1,1,"avoiding",FALSE
"asv","Anisandrus sayi","ASV_23023","Sporothrix",NA,69,32,4,2,30,2,35,0.0588235294117647,0.0648857564764061,0.029528313286708,-0.205302179158682,0.766,0.638,1,1,1,1,"avoiding",FALSE
"asv","Anisandrus sayi","ASV_15268","Grosmannia","olivacea",69,32,5,2,30,3,34,0.0571428571428571,0.0630117813341793,0.0307631199053166,-0.190777925300997,0.7365,0.6165,1,1,1,1,"avoiding",FALSE
"asv","Anisandrus sayi","ASV_13560","Hawksworthiomyces",NA,69,32,7,2,30,5,32,0.0540540540540541,0.0697895618540144,0.0241075826823873,-0.652720266783799,0.9055,0.497,0.994,1,0.437395543342789,0.973131695423722,"avoiding",FALSE
"asv","Anisandrus sayi","ASV_15738","Graphilbum",NA,69,32,7,2,30,5,32,0.0540540540540541,0.054946556459154,0.0259759250592821,-0.0343588304579377,0.7115,0.721,1,1,0.437395543342789,0.973131695423722,"avoiding",FALSE
"asv","Anisandrus sayi","ASV_11554","Raffaelea","crossotarsi",69,32,3,1,31,2,35,0.0294117647058824,0.061634733364901,0.0247019772926405,-1.30446920411585,0.975,0.242,0.484,1,1,1,"avoiding",FALSE
"asv","Anisandrus sayi","ASV_25723","Ceratocystiopsis","manitobensis",69,32,4,1,31,3,34,0.0285714285714286,0.0489794171340838,0.0262863926181045,-0.77637083410979,0.9075,0.4155,0.831,1,0.617888238417306,1,"avoiding",FALSE
"asv","Anisandrus sayi","ASV_27488","Ceratocystiopsis","synnemata",69,32,4,1,31,3,34,0.0285714285714286,0.0238976631172738,0.0105710914408426,0.442127048120797,0.8365,1,1,1,0.617888238417306,1,"co-occurring",FALSE
"asv","Anisandrus sayi","ASV_4044","Graphilbum",NA,69,32,6,1,31,5,32,0.027027027027027,0.0409051801748157,0.0189379859714695,-0.732820964631423,0.948,0.5105,1,1,0.205464726516755,0.778417792460622,"avoiding",FALSE
"asv","Conophthorus coniperda","ASV_25723","Ceratocystiopsis","manitobensis",69,4,4,2,2,2,63,0.333333333333333,0.0760856618785576,0.0951584007757435,2.7033627021646,0.063,1,0.126,1,0.0147379817952784,0.232649569768324,"co-occurring",FALSE
"asv","Conophthorus coniperda","ASV_7819","Hawksworthiomyces",NA,69,4,5,2,2,3,62,0.285714285714286,0.0615932966483243,0.0774516600791887,2.89368864188081,0.046,1,0.092,1,0.0240659062279859,0.290103560530084,"co-occurring",FALSE
"asv","Conophthorus coniperda","ASV_7618","Leptographium","lundbergii",69,4,7,2,2,5,60,0.222222222222222,0.0891014951920395,0.0798296583656391,1.66755977359264,0.167,0.9885,0.334,1,0.0484857738741771,0.396865038007154,"co-occurring",FALSE
"asv","Conophthorus coniperda","ASV_15738","Graphilbum",NA,69,4,7,2,2,5,60,0.222222222222222,0.111232004891334,0.088509253486819,1.25399563275514,0.2605,0.9735,0.521,1,0.0484857738741771,0.396865038007154,"co-occurring",FALSE
"asv","Conophthorus coniperda","ASV_3603","Sporothrix","eucastaneae",69,4,10,2,2,8,57,0.166666666666667,0.0401675196572653,0.0491211087248158,2.57525023952675,0.063,1,0.126,1,0.0974955494556976,0.543189489824601,"co-occurring",FALSE
"asv","Conophthorus coniperda","ASV_16537","Graphilbum",NA,69,4,3,1,3,2,63,0.166666666666667,0.0516091379022849,0.0770778298255296,1.49274478828506,0.31,1,0.62,1,0.166316753826774,0.719377464700006,"co-occurring",FALSE
"asv","Conophthorus coniperda","ASV_17726",NA,NA,69,4,3,1,3,2,63,0.166666666666667,0.0805902951475737,0.105346489937435,0.817078685490265,0.4215,0.9555,0.843,1,0.166316753826774,0.719377464700006,"co-occurring",FALSE
"asv","Conophthorus coniperda","ASV_6746","Graphilbum",NA,69,4,4,1,3,3,62,0.142857142857143,0.0686533743062001,0.0890231086121658,0.83353378361809,0.4215,0.9555,0.843,1,0.216843011170606,0.804364998309892,"co-occurring",FALSE
"asv","Conophthorus coniperda","ASV_8274","Sporothrix","rossii",69,4,12,2,2,10,55,0.142857142857143,0.148130109010549,0.061681559281239,-0.0854869139958602,0.766,0.7635,1,1,0.136924075275795,0.66022299569347,"avoiding",FALSE
"asv","Conophthorus coniperda","ASV_1646","Raffaelea","arxii",69,4,5,1,3,4,61,0.125,0.0387068534267134,0.0578083723691463,1.49274478828508,0.31,1,0.62,1,0.265037287406261,0.865061481276482,"co-occurring",FALSE
"asv","Conophthorus coniperda","ASV_7106","Ophiostoma","denticiliatum",69,4,5,1,3,4,61,0.125,0.0387068534267134,0.0578083723691463,1.49274478828508,0.31,1,0.62,1,0.265037287406261,0.865061481276482,"co-occurring",FALSE
"asv","Conophthorus coniperda","ASV_9363","Sporothrix",NA,69,4,5,1,3,4,61,0.125,0.127251125562781,0.0889833218669812,-0.0252982864153585,0.7885,0.8215,1,1,0.265037287406261,0.865061481276482,"avoiding",FALSE
"asv","Conophthorus coniperda","ASV_15268","Grosmannia","olivacea",69,4,5,1,3,4,61,0.125,0.0645144000571716,0.0823220260408397,0.734743820722071,0.436,0.9375,0.872,1,0.265037287406261,0.865061481276482,"co-occurring",FALSE
"asv","Conophthorus coniperda","ASV_8131","Graphilbum",NA,69,4,6,1,3,5,60,0.111111111111111,0.143424887046697,0.102182316255785,-0.316236479262201,0.828,0.68,1,1,0.31097245694337,0.893932158878959,"avoiding",FALSE
"asv","Conophthorus coniperda","ASV_13249","Ophiostoma","denticulatum",69,4,6,1,3,5,60,0.111111111111111,0.0749124562281153,0.071127937323054,0.508923163602878,0.59,0.9325,1,1,0.31097245694337,0.893932158878959,"co-occurring",FALSE
"asv","Conophthorus coniperda","ASV_5162","Sporothrix",NA,69,4,7,1,3,6,59,0.1,0.0170085042521262,0.0375801502845483,2.20838647848615,0.1705,1,0.341,1,0.354720237454902,0.928491546661409,"co-occurring",FALSE
"asv","Conophthorus coniperda","ASV_6959","Ophiostoma","adjuncti",69,4,7,1,3,6,59,0.1,0.150189181892535,0.106446668233908,-0.47149603388477,0.8665,0.604,1,1,0.354720237454902,0.928491546661409,"avoiding",FALSE
"asv","Conophthorus coniperda","ASV_15258","Ophiostoma","pallidulum",69,4,7,1,3,6,59,0.1,0.105010838752709,0.0874000553247495,-0.0573322148835053,0.7265,0.764,1,1,0.354720237454902,0.928491546661409,"avoiding",FALSE
"asv","Conophthorus coniperda","ASV_1122","Raffaelea","arxii",69,4,8,1,3,7,58,0.0909090909090909,0.0281504388557918,0.0420424526321067,1.49274478828507,0.31,1,0.62,1,0.396351189877166,0.95506581609781,"co-occurring",FALSE
"asv","Conophthorus coniperda","ASV_3556","Sporothrix","rossii",69,4,9,1,3,8,57,0.0833333333333333,0.0540762805645241,0.0517328166971507,0.565541461623539,0.577,0.939,1,1,0.435934718409811,0.973131695423722,"co-occurring",FALSE
"asv","Conophthorus coniperda","ASV_660","Grosmannia","francke-grosmanniae",69,4,13,1,3,12,53,0.0625,0.0193534267133567,0.0289041861845732,1.49274478828508,0.31,1,0.62,1,0.575142191854029,1,"co-occurring",FALSE
"asv","Conophthorus coniperda","ASV_8895","Ceratocystiopsis","manitobensis",69,4,13,1,3,12,53,0.0625,0.0903598777410686,0.060541246654336,-0.460180113239759,0.8635,0.594,1,1,0.575142191854029,1,"avoiding",FALSE
"asv","Conophthorus coniperda","ASV_4044","Graphilbum",NA,69,4,6,0,4,6,59,0,0.0222889222388974,0.0445055246813041,-0.500812481113395,1,0.7995,1,1,1,1,"avoiding",FALSE
"asv","Conophthorus coniperda","ASV_4337","Ophiostoma","undulatum",69,4,4,0,4,4,61,0,0,0,NA,1,1,1,1,1,1,"co-occurring",FALSE
"asv","Conophthorus coniperda","ASV_5724","Graphilbum",NA,69,4,4,0,4,4,61,0,0,0,NA,1,1,1,1,1,1,"co-occurring",FALSE
"asv","Conophthorus coniperda","ASV_6045","Sporothrix",NA,69,4,7,0,4,7,58,0,0.0511922627980653,0.0626672348872987,-0.816890403575806,1,0.5525,1,1,1,1,"avoiding",FALSE
"asv","Conophthorus coniperda","ASV_6117","Leptographium","gracile",69,4,13,0,4,13,52,0,0.0653692917887521,0.0525681068745909,-1.24351618643411,1,0.273,0.546,1,1,1,"avoiding",FALSE
"asv","Conophthorus coniperda","ASV_7886","Grosmannia",NA,69,4,4,0,4,4,61,0,0,0,NA,1,1,1,1,1,1,"co-occurring",FALSE
"asv","Conophthorus coniperda","ASV_8974","Ophiostoma","karelicum",69,4,3,0,4,3,62,0,0.0260130065032515,0.0605033537919092,-0.429943215920208,1,0.844,1,1,1,1,"avoiding",FALSE
"asv","Conophthorus coniperda","ASV_9224","Ophiostoma","sparsiannulatum",69,4,3,0,4,3,62,0,0,0,NA,1,1,1,1,1,1,"co-occurring",FALSE
"asv","Conophthorus coniperda","ASV_11554","Raffaelea","crossotarsi",69,4,3,0,4,3,62,0,0,0,NA,1,1,1,1,1,1,"co-occurring",FALSE
"asv","Conophthorus coniperda","ASV_11600","Ophiostoma","undulatum",69,4,4,0,4,4,61,0,0,0,NA,1,1,1,1,1,1,"co-occurring",FALSE
"asv","Conophthorus coniperda","ASV_13560","Hawksworthiomyces",NA,69,4,7,0,4,7,58,0,0.0543771885942966,0.0657057865306926,-0.827585993037246,1,0.539,1,1,1,1,"avoiding",FALSE
"asv","Conophthorus coniperda","ASV_21569","Sporothrix",NA,69,4,7,0,4,7,58,0,0.0693624590072802,0.0646438608554415,-1.07299375515937,1,0.399,0.798,1,1,1,"avoiding",FALSE
"asv","Conophthorus coniperda","ASV_22166","Grosmannia","cucullata",69,4,4,0,4,4,61,0,0,0,NA,1,1,1,1,1,1,"co-occurring",FALSE
"asv","Conophthorus coniperda","ASV_22950","Sporothrix",NA,69,4,6,0,4,6,59,0,0,0,NA,1,1,1,1,1,1,"co-occurring",FALSE
"asv","Conophthorus coniperda","ASV_23023","Sporothrix",NA,69,4,4,0,4,4,61,0,0.10157459682222,0.104860898059764,-0.968660374855163,1,0.432,0.864,1,1,1,"avoiding",FALSE
"asv","Conophthorus coniperda","ASV_27488","Ceratocystiopsis","synnemata",69,4,4,0,4,4,61,0,0,0,NA,1,1,1,1,1,1,"co-occurring",FALSE
"asv","Conophthorus coniperda","ASV_28495","Raffaelea","subfusca",69,4,3,0,4,3,62,0,0.0334333833583457,0.0667582870219548,-0.5008124811134,1,0.7995,1,1,1,1,"avoiding",FALSE
"asv","Corthylus columbianus","ASV_8895","Ceratocystiopsis","manitobensis",69,7,13,5,2,8,54,0.333333333333333,0.109905873129205,0.0665679157169878,3.35638359407294,0.0095,1,0.019,0.767684210526316,0.00192770164522655,0.101969188042269,"co-occurring",FALSE
"asv","Corthylus columbianus","ASV_4044","Graphilbum",NA,69,7,6,2,5,4,58,0.181818181818182,0.0625426349538398,0.0568926707068247,2.09650110255826,0.1085,1,0.217,1,0.109327789294723,0.582203408051414,"co-occurring",FALSE
"asv","Corthylus columbianus","ASV_6959","Ophiostoma","adjuncti",69,7,7,2,5,5,57,0.166666666666667,0.0834052224247316,0.0717251590195887,1.16084014842261,0.257,0.956,0.514,1,0.145314545282814,0.6760950422632,"co-occurring",FALSE
"asv","Corthylus columbianus","ASV_16537","Graphilbum",NA,69,7,3,1,6,2,60,0.111111111111111,0.0585848479795462,0.0718623827486515,0.730928493079372,0.4525,0.94,0.905,1,0.278161621559721,0.882828491770797,"co-occurring",FALSE
"asv","Corthylus columbianus","ASV_23023","Sporothrix",NA,69,7,4,1,6,3,59,0.1,0.0673725751764765,0.0789833131926103,0.413092633173764,0.515,0.885,1,1,0.354720237454902,0.928491546661409,"co-occurring",FALSE
"asv","Corthylus columbianus","ASV_25723","Ceratocystiopsis","manitobensis",69,7,4,1,6,3,59,0.1,0.0530598632649654,0.0714811007346688,0.656678985810137,0.4245,0.9205,0.849,1,0.354720237454902,0.928491546661409,"co-occurring",FALSE
"asv","Corthylus columbianus","ASV_7819","Hawksworthiomyces",NA,69,7,5,1,6,4,58,0.0909090909090909,0.0494368396319379,0.0650914983207041,0.637137757573505,0.4355,0.9175,0.871,1,0.424211904190528,0.959906117673447,"co-occurring",FALSE
"asv","Corthylus columbianus","ASV_8131","Graphilbum",NA,69,7,6,1,6,5,57,0.0833333333333333,0.0728121636575865,0.0682310729367226,0.154199094677936,0.6495,0.833,1,1,0.487188727169689,1,"co-occurring",FALSE
"asv","Corthylus columbianus","ASV_6045","Sporothrix",NA,69,7,7,1,6,6,56,0.0769230769230769,0.071419625896865,0.0721274453361834,0.0763017600382288,0.628,0.789,1,1,0.544167757484168,1,"co-occurring",FALSE
"asv","Corthylus columbianus","ASV_7618","Leptographium","lundbergii",69,7,7,1,6,6,56,0.0769230769230769,0.0847195159351232,0.0673269381008566,-0.115799696703377,0.746,0.7315,1,1,0.544167757484168,1,"avoiding",FALSE
"asv","Corthylus columbianus","ASV_13560","Hawksworthiomyces",NA,69,7,7,1,6,6,56,0.0769230769230769,0.0444004053308714,0.0497025228895925,0.654346493928492,0.4975,0.9315,0.995,1,0.544167757484168,1,"co-occurring",FALSE
"asv","Corthylus columbianus","ASV_15738","Graphilbum",NA,69,7,7,1,6,6,56,0.0769230769230769,0.0544310616846897,0.0543522806300986,0.413819162280596,0.573,0.8845,1,1,0.544167757484168,1,"co-occurring",FALSE
"asv","Corthylus columbianus","ASV_6117","Leptographium","gracile",69,7,13,1,6,12,50,0.0526315789473684,0.104110405736066,0.0594069672243468,-0.866545275645711,0.922,0.374,0.748,1,1,1,"avoiding",FALSE
"asv","Corthylus columbianus","ASV_660","Grosmannia","francke-grosmanniae",69,7,13,0,7,13,49,0,0.0550799135377812,0.0494361102051692,-1.11416358020866,1,0.3255,0.651,1,0.332619193037371,0.902846894455239,"avoiding",FALSE
"asv","Corthylus columbianus","ASV_1122","Raffaelea","arxii",69,7,8,0,7,8,54,0,0.0506778114331889,0.0538251176892811,-0.941527183010341,1,0.45,0.9,1,0.58828055514699,1,"avoiding",FALSE
"asv","Corthylus columbianus","ASV_1646","Raffaelea","arxii",69,7,5,0,7,5,57,0,0.0643291342641027,0.0695840025324702,-0.924481661342844,1,0.455,0.91,1,1,1,"avoiding",FALSE
"asv","Corthylus columbianus","ASV_3556","Sporothrix","rossii",69,7,9,0,7,9,53,0,0.0573224341108277,0.056040841420394,-1.02286890521182,1,0.382,0.764,1,0.582374743438033,1,"avoiding",FALSE
"asv","Corthylus columbianus","ASV_3603","Sporothrix","eucastaneae",69,7,10,0,7,10,52,0,0.0636761833297607,0.0536196774150925,-1.18755252548083,1,0.297,0.594,1,0.582374743438033,1,"avoiding",FALSE
"asv","Corthylus columbianus","ASV_4337","Ophiostoma","undulatum",69,7,4,0,7,4,58,0,0.0357623256072481,0.0555597082942786,-0.643673746770388,1,0.678,1,1,1,1,"avoiding",FALSE
"asv","Corthylus columbianus","ASV_5162","Sporothrix",NA,69,7,7,0,7,7,55,0,0.0540372750477812,0.0639925201484792,-0.844431113548908,1,0.485,0.97,1,1,1,"avoiding",FALSE
"asv","Corthylus columbianus","ASV_5724","Graphilbum",NA,69,7,4,0,7,4,58,0,0.051609137902284,0.0633054259462454,-0.815240354691033,1,0.552,1,1,1,1,"avoiding",FALSE
"asv","Corthylus columbianus","ASV_6746","Graphilbum",NA,69,7,4,0,7,4,58,0,0.0522108276360398,0.0701888344730722,-0.743862297016349,1,0.577,1,1,1,1,"avoiding",FALSE
"asv","Corthylus columbianus","ASV_7106","Ophiostoma","denticiliatum",69,7,5,0,7,5,57,0,0.0634271681295202,0.0747953105240267,-0.84800995791234,1,0.4815,0.963,1,1,1,"avoiding",FALSE
"asv","Corthylus columbianus","ASV_7886","Grosmannia",NA,69,7,4,0,7,4,58,0,0.0690122839197366,0.0666105283307733,-1.03605669627835,1,0.4135,0.827,1,1,1,"avoiding",FALSE
"asv","Corthylus columbianus","ASV_8274","Sporothrix","rossii",69,7,12,0,7,12,50,0,0.110527828196222,0.0661583574382865,-1.67065556758001,1,0.06,0.12,1,0.340244846004093,0.913288797168882,"avoiding",FALSE
"asv","Corthylus columbianus","ASV_8974","Ophiostoma","karelicum",69,7,3,0,7,3,59,0,0.0369768217442059,0.060528359874442,-0.610900771488098,1,0.7005,1,1,1,1,"avoiding",FALSE
"asv","Corthylus columbianus","ASV_9224","Ophiostoma","sparsiannulatum",69,7,3,0,7,3,59,0,0.037741092768607,0.0606146190797924,-0.622640104673842,1,0.693,1,1,1,1,"avoiding",FALSE
"asv","Corthylus columbianus","ASV_9363","Sporothrix",NA,69,7,5,0,7,5,57,0,0.0836569800051549,0.0758041822079688,-1.1035931998533,1,0.3315,0.663,1,1,1,"avoiding",FALSE
"asv","Corthylus columbianus","ASV_11554","Raffaelea","crossotarsi",69,7,3,0,7,3,59,0,0.036740592518482,0.0522856050460887,-0.702690396067826,1,0.6695,1,1,1,1,"avoiding",FALSE
"asv","Corthylus columbianus","ASV_11600","Ophiostoma","undulatum",69,7,4,0,7,4,58,0,0.0538866655549994,0.0728175734215065,-0.740022813491394,1,0.5795,1,1,1,1,"avoiding",FALSE
"asv","Corthylus columbianus","ASV_13249","Ophiostoma","denticulatum",69,7,6,0,7,6,56,0,0.0878189094547287,0.0717237871662449,-1.22440424473373,1,0.273,0.546,1,1,1,"avoiding",FALSE
"asv","Corthylus columbianus","ASV_15258","Ophiostoma","pallidulum",69,7,7,0,7,7,55,0,0.0807142498988419,0.0747366145861305,-1.07998268781392,1,0.3135,0.627,1,1,1,"avoiding",FALSE
"asv","Corthylus columbianus","ASV_15268","Grosmannia","olivacea",69,7,5,0,7,5,57,0,0.0638910364273054,0.0762816790889587,-0.83756725324303,1,0.487,0.974,1,1,1,"avoiding",FALSE
"asv","Corthylus columbianus","ASV_17726",NA,NA,69,7,3,0,7,3,59,0,0.0577769043251792,0.0803065046209725,-0.719454851109165,1,0.585,1,1,1,1,"avoiding",FALSE
"asv","Corthylus columbianus","ASV_21569","Sporothrix",NA,69,7,7,0,7,7,55,0,0.0822956933011958,0.0755234129658364,-1.0896712697349,1,0.312,0.624,1,1,1,"avoiding",FALSE
"asv","Corthylus columbianus","ASV_22166","Grosmannia","cucullata",69,7,4,0,7,4,58,0,0.0159079539769886,0.0365841760013753,-0.434831550569584,1,0.841,1,1,1,1,"avoiding",FALSE
"asv","Corthylus columbianus","ASV_22950","Sporothrix",NA,69,7,6,0,7,6,56,0,0.0307161156335746,0.0468992954284802,-0.654937677697433,1,0.67,1,1,1,1,"avoiding",FALSE
"asv","Corthylus columbianus","ASV_27488","Ceratocystiopsis","synnemata",69,7,4,0,7,4,58,0,0,0,NA,1,1,1,1,1,1,"co-occurring",FALSE
"asv","Corthylus columbianus","ASV_28495","Raffaelea","subfusca",69,7,3,0,7,3,59,0,0.0398254682897009,0.06203513051089,-0.641982501877863,1,0.678,1,1,1,1,"avoiding",FALSE
"asv","Crypturgus alutaceus","ASV_8895","Ceratocystiopsis","manitobensis",69,5,13,2,3,11,53,0.125,0.125584447039292,0.0709396381608341,-0.00823865266928415,0.667,0.7175,1,1,0.235255945337252,0.842529713859045,"avoiding",FALSE
"asv","Crypturgus alutaceus","ASV_9363","Sporothrix",NA,69,5,5,1,4,4,60,0.111111111111111,0.107220276805071,0.0870478192934897,0.0446976654627298,0.7075,0.794,1,1,0.321572880682702,0.893932158878959,"co-occurring",FALSE
"asv","Crypturgus alutaceus","ASV_8131","Graphilbum",NA,69,5,6,1,4,5,59,0.1,0.0866599966649981,0.073470412825829,0.181569734290538,0.676,0.844,1,1,0.374574999379366,0.953872074369038,"co-occurring",FALSE
"asv","Crypturgus alutaceus","ASV_22950","Sporothrix",NA,69,5,6,1,4,5,59,0.1,0.0399199599799899,0.04898564269241,1.22648263282497,0.3995,1,0.799,1,0.374574999379366,0.953872074369038,"co-occurring",FALSE
"asv","Crypturgus alutaceus","ASV_6045","Sporothrix",NA,69,5,7,1,4,6,58,0.0909090909090909,0.0523534494519996,0.057800107423068,0.667051380629507,0.5035,0.9395,1,1,0.424211904190528,0.959906117673447,"co-occurring",FALSE
"asv","Crypturgus alutaceus","ASV_6959","Ophiostoma","adjuncti",69,5,7,1,4,6,58,0.0909090909090909,0.0854791031879584,0.0689633749162277,0.0787372678284454,0.7045,0.8035,1,1,0.424211904190528,0.959906117673447,"co-occurring",FALSE
"asv","Crypturgus alutaceus","ASV_13560","Hawksworthiomyces",NA,69,5,7,1,4,6,58,0.0909090909090909,0.0906028771961745,0.0724258291271521,0.00422796282219662,0.7375,0.803,1,1,0.424211904190528,0.959906117673447,"co-occurring",FALSE
"asv","Crypturgus alutaceus","ASV_21569","Sporothrix",NA,69,5,7,1,4,6,58,0.0909090909090909,0.0981945518213658,0.0768624919374084,-0.0947856454902299,0.7535,0.7535,1,1,0.424211904190528,0.959906117673447,"avoiding",FALSE
"asv","Crypturgus alutaceus","ASV_8274","Sporothrix","rossii",69,5,12,1,4,11,53,0.0625,0.0749583124895786,0.0408684171251648,-0.304839613714998,0.887,0.7245,1,1,1,1,"avoiding",FALSE
"asv","Crypturgus alutaceus","ASV_6117","Leptographium","gracile",69,5,13,1,4,12,52,0.0588235294117647,0.0193920489656594,0.0276593548534749,1.42561099689393,0.33,1,0.66,1,1,1,"co-occurring",FALSE
"asv","Crypturgus alutaceus","ASV_660","Grosmannia","francke-grosmanniae",69,5,13,0,5,13,51,0,0.0527660889268176,0.0444418993504589,-1.18730499141623,1,0.306,0.612,1,0.575142191854029,1,"avoiding",FALSE
"asv","Crypturgus alutaceus","ASV_1122","Raffaelea","arxii",69,5,8,0,5,8,56,0,0.0430404596237511,0.0528452755169827,-0.814461826581249,1,0.5535,1,1,1,1,"avoiding",FALSE
"asv","Crypturgus alutaceus","ASV_1646","Raffaelea","arxii",69,5,5,0,5,5,59,0,0.102499662529679,0.0900185691125369,-1.13865020895343,1,0.306,0.612,1,1,1,"avoiding",FALSE
"asv","Crypturgus alutaceus","ASV_3556","Sporothrix","rossii",69,5,9,0,5,9,55,0,0.0529880324777785,0.0541370853596317,-0.978775124774079,1,0.441,0.882,1,1,1,"avoiding",FALSE
"asv","Crypturgus alutaceus","ASV_3603","Sporothrix","eucastaneae",69,5,10,0,5,10,54,0,0.0904985459762874,0.0600782347755612,-1.50634495694439,1,0.15,0.3,1,1,1,"avoiding",FALSE
"asv","Crypturgus alutaceus","ASV_4044","Graphilbum",NA,69,5,6,0,5,6,58,0,0.0386193096548274,0.048699756812917,-0.793008264973186,1,0.614,1,1,1,1,"avoiding",FALSE
"asv","Crypturgus alutaceus","ASV_4337","Ophiostoma","undulatum",69,5,4,0,5,4,60,0,0.0405827913956978,0.058545713973242,-0.693181253443181,1,0.6755,1,1,1,1,"avoiding",FALSE
"asv","Crypturgus alutaceus","ASV_5162","Sporothrix",NA,69,5,7,0,5,7,57,0,0.0295147573786897,0.0425787010714482,-0.693181253443198,1,0.6755,1,1,1,1,"avoiding",FALSE
"asv","Crypturgus alutaceus","ASV_5724","Graphilbum",NA,69,5,4,0,5,4,60,0,0.0405827913956978,0.058545713973242,-0.693181253443181,1,0.6755,1,1,1,1,"avoiding",FALSE
"asv","Crypturgus alutaceus","ASV_6746","Graphilbum",NA,69,5,4,0,5,4,60,0,0.0226363181590795,0.048148692591275,-0.470133599498431,1,0.819,1,1,1,1,"avoiding",FALSE
"asv","Crypturgus alutaceus","ASV_7106","Ophiostoma","denticiliatum",69,5,5,0,5,5,59,0,0.0578344727919524,0.0716479603163967,-0.807203338888587,1,0.5535,1,1,1,1,"avoiding",FALSE
"asv","Crypturgus alutaceus","ASV_7618","Leptographium","lundbergii",69,5,7,0,5,7,57,0,0.0629314657328675,0.0661168419364158,-0.95182201523461,1,0.4515,0.903,1,1,1,"avoiding",FALSE
"asv","Crypturgus alutaceus","ASV_7819","Hawksworthiomyces",NA,69,5,5,0,5,5,59,0,0.0573064309932753,0.0704398629007711,-0.813551143249712,1,0.552,1,1,1,1,"avoiding",FALSE
"asv","Crypturgus alutaceus","ASV_7886","Grosmannia",NA,69,5,4,0,5,4,60,0,0,0,NA,1,1,1,1,1,1,"co-occurring",FALSE
"asv","Crypturgus alutaceus","ASV_8974","Ophiostoma","karelicum",69,5,3,0,5,3,61,0,0,0,NA,1,1,1,1,1,1,"co-occurring",FALSE
"asv","Crypturgus alutaceus","ASV_9224","Ophiostoma","sparsiannulatum",69,5,3,0,5,3,61,0,0.0463803330236546,0.0669093873979899,-0.69318125344319,1,0.6755,1,1,1,1,"avoiding",FALSE
"asv","Crypturgus alutaceus","ASV_11554","Raffaelea","crossotarsi",69,5,3,0,5,3,61,0,0.101979561209175,0.0919824361228887,-1.10868515237985,1,0.3765,0.753,1,1,1,"avoiding",FALSE
"asv","Crypturgus alutaceus","ASV_11600","Ophiostoma","undulatum",69,5,4,0,5,4,60,0,0.0405827913956978,0.058545713973242,-0.693181253443181,1,0.6755,1,1,1,1,"avoiding",FALSE
"asv","Crypturgus alutaceus","ASV_13249","Ophiostoma","denticulatum",69,5,6,0,5,6,58,0,0.068795508865543,0.0713979462522417,-0.963550248665354,1,0.445,0.89,1,1,1,"avoiding",FALSE
"asv","Crypturgus alutaceus","ASV_15258","Ophiostoma","pallidulum",69,5,7,0,5,7,57,0,0.0623220701259731,0.0644370729970745,-0.967177235514757,1,0.445,0.89,1,1,1,"avoiding",FALSE
"asv","Crypturgus alutaceus","ASV_15268","Grosmannia","olivacea",69,5,5,0,5,5,59,0,0.0558056806180876,0.0699661691986358,-0.797609491233596,1,0.563,1,1,1,1,"avoiding",FALSE
"asv","Crypturgus alutaceus","ASV_15738","Graphilbum",NA,69,5,7,0,5,7,57,0,0.0314248033107467,0.043246012700055,-0.72665203908398,1,0.6545,1,1,1,1,"avoiding",FALSE
"asv","Crypturgus alutaceus","ASV_16537","Graphilbum",NA,69,5,3,0,5,3,61,0,0.0258700778960911,0.0550270772471712,-0.470133599498436,1,0.819,1,1,1,1,"avoiding",FALSE
"asv","Crypturgus alutaceus","ASV_17726",NA,NA,69,5,3,0,5,3,61,0,0.0258700778960911,0.0550270772471712,-0.470133599498436,1,0.819,1,1,1,1,"avoiding",FALSE
"asv","Crypturgus alutaceus","ASV_22166","Grosmannia","cucullata",69,5,4,0,5,4,60,0,0,0,NA,1,1,1,1,1,1,"co-occurring",FALSE
"asv","Crypturgus alutaceus","ASV_23023","Sporothrix",NA,69,5,4,0,5,4,60,0,0.0205727863931966,0.0463619888896461,-0.443742533180907,1,0.8355,1,1,1,1,"avoiding",FALSE
"asv","Crypturgus alutaceus","ASV_25723","Ceratocystiopsis","manitobensis",69,5,4,0,5,4,60,0,0.0647109268920176,0.0799086249816515,-0.809811542957677,1,0.552,1,1,1,1,"avoiding",FALSE
"asv","Crypturgus alutaceus","ASV_27488","Ceratocystiopsis","synnemata",69,5,4,0,5,4,60,0,0,0,NA,1,1,1,1,1,1,"co-occurring",FALSE
"asv","Crypturgus alutaceus","ASV_28495","Raffaelea","subfusca",69,5,3,0,5,3,61,0,0.0463803330236546,0.0669093873979899,-0.69318125344319,1,0.6755,1,1,1,1,"avoiding",FALSE
"asv","Cyclorhipidion bodoanum","ASV_9224","Ophiostoma","sparsiannulatum",69,8,3,2,6,1,60,0.222222222222222,0.145603357234174,0.101321953381758,0.756192142282986,0.4015,0.921,0.803,1,0.0336679772493034,0.348779201817002,"co-occurring",FALSE
"asv","Cyclorhipidion bodoanum","ASV_3603","Sporothrix","eucastaneae",69,8,10,2,6,8,53,0.125,0.105540165040504,0.0567350874102903,0.342994711875011,0.589,0.8515,1,1,0.326795784583521,0.898494670059224,"co-occurring",FALSE
"asv","Cyclorhipidion bodoanum","ASV_8974","Ophiostoma","karelicum",69,8,3,1,7,2,59,0.1,0.0671835917958963,0.0469662393485358,0.698723352333442,0.672,1,1,1,0.313089285032637,0.893932158878959,"co-occurring",FALSE
"asv","Cyclorhipidion bodoanum","ASV_5724","Graphilbum",NA,69,8,4,1,7,3,58,0.0909090909090909,0.168863219488528,0.0919163587311254,-0.848098528440068,0.943,0.4265,0.853,1,0.396351189877166,0.95506581609781,"avoiding",FALSE
"asv","Cyclorhipidion bodoanum","ASV_25723","Ceratocystiopsis","manitobensis",69,8,4,1,7,3,58,0.0909090909090909,0.0292418936741101,0.0424755007042101,1.4518297892335,0.322,1,0.644,1,0.396351189877166,0.95506581609781,"co-occurring",FALSE
"asv","Cyclorhipidion bodoanum","ASV_27488","Ceratocystiopsis","synnemata",69,8,4,1,7,3,58,0.0909090909090909,0.0303333484924284,0.0428763892733155,1.41279952541065,0.334,1,0.668,1,0.396351189877166,0.95506581609781,"co-occurring",FALSE
"asv","Cyclorhipidion bodoanum","ASV_7106","Ophiostoma","denticiliatum",69,8,5,1,7,4,57,0.0833333333333333,0.119924356117456,0.0812100336265699,-0.450572683572324,0.843,0.587,1,1,0.47064642804613,1,"avoiding",FALSE
"asv","Cyclorhipidion bodoanum","ASV_7819","Hawksworthiomyces",NA,69,8,5,1,7,4,57,0.0833333333333333,0.0268050692012675,0.0389358756455258,1.45182978923351,0.322,1,0.644,1,0.47064642804613,1,"co-occurring",FALSE
"asv","Cyclorhipidion bodoanum","ASV_8131","Graphilbum",NA,69,8,6,1,7,5,56,0.0769230769230769,0.0247431408011701,0.0359408082881783,1.45182978923348,0.322,1,0.644,1,0.536815624540364,1,"co-occurring",FALSE
"asv","Cyclorhipidion bodoanum","ASV_5162","Sporothrix",NA,69,8,7,1,7,6,55,0.0714285714285714,0.101575513031244,0.0678958148791289,-0.444017671138368,0.843,0.587,1,1,1,1,"avoiding",FALSE
"asv","Cyclorhipidion bodoanum","ASV_3556","Sporothrix","rossii",69,8,9,1,7,8,53,0.0625,0.0437677171919295,0.0433487740964853,0.432129470752192,0.5735,0.888,1,1,1,1,"co-occurring",FALSE
"asv","Cyclorhipidion bodoanum","ASV_8274","Sporothrix","rossii",69,8,12,1,7,11,50,0.0526315789473684,0.05521766731319,0.0368287358405386,-0.0702193085589147,0.793,0.7695,1,1,1,1,"avoiding",FALSE
"asv","Cyclorhipidion bodoanum","ASV_660","Grosmannia","francke-grosmanniae",69,8,13,1,7,12,49,0.05,0.0893815070590004,0.0489191528061199,-0.805032483188746,0.9195,0.4085,0.817,1,1,1,"avoiding",FALSE
"asv","Cyclorhipidion bodoanum","ASV_6117","Leptographium","gracile",69,8,13,1,7,12,49,0.05,0.0166833416708355,0.0235820141003233,1.41279952541067,0.334,1,0.668,1,1,1,"co-occurring",FALSE
"asv","Cyclorhipidion bodoanum","ASV_8895","Ceratocystiopsis","manitobensis",69,8,13,1,7,12,49,0.05,0.0340512361443874,0.0311195397147944,0.512499992023675,0.6005,0.927,1,1,1,1,"co-occurring",FALSE
"asv","Cyclorhipidion bodoanum","ASV_1122","Raffaelea","arxii",69,8,8,0,8,8,53,0,0.0474665904380761,0.0471088969388522,-1.00759290754968,1,0.4255,0.851,1,0.582588581255013,1,"avoiding",FALSE
"asv","Cyclorhipidion bodoanum","ASV_1646","Raffaelea","arxii",69,8,5,0,8,5,56,0,0.0890286052116981,0.0708741491854823,-1.25615060265068,1,0.2605,0.521,1,1,1,"avoiding",FALSE
"asv","Cyclorhipidion bodoanum","ASV_4044","Graphilbum",NA,69,8,6,0,8,6,55,0,0,0,NA,1,1,1,1,1,1,"co-occurring",FALSE
"asv","Cyclorhipidion bodoanum","ASV_4337","Ophiostoma","undulatum",69,8,4,0,8,4,57,0,0.0319705307199058,0.0434193521454605,-0.736319846800117,1,0.6485,1,1,1,1,"avoiding",FALSE
"asv","Cyclorhipidion bodoanum","ASV_6045","Sporothrix",NA,69,8,7,0,8,7,54,0,0,0,NA,1,1,1,1,0.58828055514699,1,"co-occurring",FALSE
"asv","Cyclorhipidion bodoanum","ASV_6746","Graphilbum",NA,69,8,4,0,8,4,57,0,0,0,NA,1,1,1,1,1,1,"co-occurring",FALSE
"asv","Cyclorhipidion bodoanum","ASV_6959","Ophiostoma","adjuncti",69,8,7,0,8,7,54,0,0,0,NA,1,1,1,1,0.58828055514699,1,"co-occurring",FALSE
"asv","Cyclorhipidion bodoanum","ASV_7618","Leptographium","lundbergii",69,8,7,0,8,7,54,0,0.025119702708497,0.0341152052571475,-0.736319846800106,1,0.6485,1,1,0.58828055514699,1,"avoiding",FALSE
"asv","Cyclorhipidion bodoanum","ASV_7886","Grosmannia",NA,69,8,4,0,8,4,57,0,0,0,NA,1,1,1,1,1,1,"co-occurring",FALSE
"asv","Cyclorhipidion bodoanum","ASV_9363","Sporothrix",NA,69,8,5,0,8,5,56,0,0,0,NA,1,1,1,1,1,1,"co-occurring",FALSE
"asv","Cyclorhipidion bodoanum","ASV_11554","Raffaelea","crossotarsi",69,8,3,0,8,3,58,0,0.0684119837696615,0.0620299660503781,-1.10288604243472,1,0.392,0.784,1,1,1,"avoiding",FALSE
"asv","Cyclorhipidion bodoanum","ASV_11600","Ophiostoma","undulatum",69,8,4,0,8,4,57,0,0.0319705307199058,0.0434193521454605,-0.736319846800117,1,0.6485,1,1,1,1,"avoiding",FALSE
"asv","Cyclorhipidion bodoanum","ASV_13249","Ophiostoma","denticulatum",69,8,6,0,8,6,55,0,0.0270519875322281,0.03673945181539,-0.736319846800113,1,0.6485,1,1,1,1,"avoiding",FALSE
"asv","Cyclorhipidion bodoanum","ASV_13560","Hawksworthiomyces",NA,69,8,7,0,8,7,54,0,0,0,NA,1,1,1,1,0.58828055514699,1,"co-occurring",FALSE
"asv","Cyclorhipidion bodoanum","ASV_15258","Ophiostoma","pallidulum",69,8,7,0,8,7,54,0,0.0509512998257368,0.0506650199368454,-1.00565044461145,1,0.4255,0.851,1,0.58828055514699,1,"avoiding",FALSE
"asv","Cyclorhipidion bodoanum","ASV_15268","Grosmannia","olivacea",69,8,5,0,8,5,56,0,0.0293063198265802,0.039801072800006,-0.736319846800105,1,0.6485,1,1,1,1,"avoiding",FALSE
"asv","Cyclorhipidion bodoanum","ASV_15738","Graphilbum",NA,69,8,7,0,8,7,54,0,0,0,NA,1,1,1,1,0.58828055514699,1,"co-occurring",FALSE
"asv","Cyclorhipidion bodoanum","ASV_16537","Graphilbum",NA,69,8,3,0,8,3,58,0,0,0,NA,1,1,1,1,1,1,"co-occurring",FALSE
"asv","Cyclorhipidion bodoanum","ASV_17726",NA,NA,69,8,3,0,8,3,58,0,0,0,NA,1,1,1,1,1,1,"co-occurring",FALSE
"asv","Cyclorhipidion bodoanum","ASV_21569","Sporothrix",NA,69,8,7,0,8,7,54,0,0.048562742909916,0.043564974292038,-1.11471987988276,1,0.392,0.784,1,0.58828055514699,1,"avoiding",FALSE
"asv","Cyclorhipidion bodoanum","ASV_22166","Grosmannia","cucullata",69,8,4,0,8,4,57,0,0.0311974168902637,0.0431715455471774,-0.722638406729531,1,0.657,1,1,1,1,"avoiding",FALSE
"asv","Cyclorhipidion bodoanum","ASV_22950","Sporothrix",NA,69,8,6,0,8,6,55,0,0,0,NA,1,1,1,1,1,1,"co-occurring",FALSE
"asv","Cyclorhipidion bodoanum","ASV_23023","Sporothrix",NA,69,8,4,0,8,4,57,0,0,0,NA,1,1,1,1,1,1,"co-occurring",FALSE
"asv","Cyclorhipidion bodoanum","ASV_28495","Raffaelea","subfusca",69,8,3,0,8,3,58,0,0.0351675837918961,0.0477612873600067,-0.736319846800109,1,0.6485,1,1,1,1,"avoiding",FALSE
"asv","Cyclorhipidion pelliculosum","ASV_5162","Sporothrix",NA,69,13,7,7,6,0,56,0.538461538461538,0.1601514367189,0.081110992811661,4.66410394730429,5e-04,1,0.001,0.3315,1.59051290860277e-06,0.00105451005840364,"co-occurring",FALSE
"asv","Cyclorhipidion pelliculosum","ASV_660","Grosmannia","francke-grosmanniae",69,13,13,8,5,5,51,0.444444444444444,0.174041248122981,0.0641947455472101,4.21223254359041,0.0015,1,0.003,0.3978,0.000134195691560037,0.0222429358760761,"co-occurring",FALSE
"asv","Cyclorhipidion pelliculosum","ASV_3603","Sporothrix","eucastaneae",69,13,10,6,7,4,52,0.352941176470588,0.123101759355415,0.0546954123874998,4.20216992765011,5e-04,1,0.001,0.3315,0.00199939584396605,0.101969188042269,"co-occurring",FALSE
"asv","Cyclorhipidion pelliculosum","ASV_5724","Graphilbum",NA,69,13,4,4,9,0,56,0.307692307692308,0.136687299693803,0.0733806880727879,2.33038163704436,0.048,1,0.096,1,0.00082706671247344,0.0731126973826521,"co-occurring",FALSE
"asv","Cyclorhipidion pelliculosum","ASV_7106","Ophiostoma","denticiliatum",69,13,5,4,9,1,55,0.285714285714286,0.0941961526981985,0.0625990493747592,3.05944155588583,0.014,1,0.028,0.884,0.0036772658446896,0.125373134328358,"co-occurring",FALSE
"asv","Cyclorhipidion pelliculosum","ASV_1122","Raffaelea","arxii",69,13,8,4,9,4,52,0.235294117647059,0.0973399496445862,0.0542991548038294,2.54063195828499,0.0305,1,0.061,1,0.0360018753686398,0.351018284844238,"co-occurring",FALSE
"asv","Cyclorhipidion pelliculosum","ASV_11554","Raffaelea","crossotarsi",69,13,3,3,10,0,56,0.230769230769231,0.10484363060651,0.061554082459112,2.04577170403553,0.094,1,0.188,1,0.0054586403023247,0.141924647860442,"co-occurring",FALSE
"asv","Cyclorhipidion pelliculosum","ASV_3556","Sporothrix","rossii",69,13,9,4,9,5,51,0.222222222222222,0.11234565388252,0.0605540271504928,1.81452123847402,0.0995,0.982,0.199,1,0.0574207601085919,0.42536272572063,"co-occurring",FALSE
"asv","Cyclorhipidion pelliculosum","ASV_22166","Grosmannia","cucullata",69,13,4,3,10,1,55,0.214285714285714,0.0647121179637444,0.0526161345829829,2.84273250985535,0.023,1,0.046,1,0.0193533610718784,0.257167128782963,"co-occurring",FALSE
"asv","Cyclorhipidion pelliculosum","ASV_1646","Raffaelea","arxii",69,13,5,3,10,2,54,0.2,0.0807021157637654,0.0516353527029291,2.31039158234446,0.063,1,0.126,1,0.0428675039126618,0.379527521627531,"co-occurring",FALSE
"asv","Cyclorhipidion pelliculosum","ASV_15258","Ophiostoma","pallidulum",69,13,7,3,10,4,52,0.176470588235294,0.0738224719514912,0.0540552646003816,1.89894762411501,0.1055,0.9925,0.211,1,0.117661373439707,0.604724733259888,"co-occurring",FALSE
"asv","Cyclorhipidion pelliculosum","ASV_9224","Ophiostoma","sparsiannulatum",69,13,3,2,11,1,55,0.142857142857143,0.0936966651824063,0.0616696808822655,0.797157970844531,0.4185,0.934,0.837,1,0.0888269649196473,0.531473069435431,"co-occurring",FALSE
"asv","Cyclorhipidion pelliculosum","ASV_4337","Ophiostoma","undulatum",69,13,4,2,11,2,54,0.133333333333333,0.100030967864885,0.0589224030047484,0.565190212384325,0.506,0.894,1,1,0.158300568767416,0.702028609316367,"co-occurring",FALSE
"asv","Cyclorhipidion pelliculosum","ASV_6117","Leptographium","gracile",69,13,13,3,10,10,46,0.130434782608696,0.0761141440285367,0.0426229156117778,1.27444680403677,0.2315,0.967,0.463,1,0.699504605302463,1,"co-occurring",FALSE
"asv","Cyclorhipidion pelliculosum","ASV_7819","Hawksworthiomyces",NA,69,13,5,2,11,3,53,0.125,0.10564441884808,0.0607791275934154,0.318457699514874,0.5725,0.832,1,1,0.235255945337252,0.842529713859045,"co-occurring",FALSE
"asv","Cyclorhipidion pelliculosum","ASV_15268","Grosmannia","olivacea",69,13,5,2,11,3,53,0.125,0.0502648383015048,0.0457179146771589,1.63470189369406,0.1575,0.982,0.315,1,0.235255945337252,0.842529713859045,"co-occurring",FALSE
"asv","Cyclorhipidion pelliculosum","ASV_13249","Ophiostoma","denticulatum",69,13,6,2,11,4,52,0.117647058823529,0.0572917177543034,0.0421866874654126,1.43067267650984,0.2575,1,0.515,1,0.314916784364622,0.893932158878959,"co-occurring",FALSE
"asv","Cyclorhipidion pelliculosum","ASV_22950","Sporothrix",NA,69,13,6,2,11,4,52,0.117647058823529,0.0671524487734076,0.0437413896336244,1.15438970899329,0.2995,0.971,0.599,1,0.314916784364622,0.893932158878959,"co-occurring",FALSE
"asv","Cyclorhipidion pelliculosum","ASV_7618","Leptographium","lundbergii",69,13,7,2,11,5,51,0.111111111111111,0.0554604787774016,0.0401519601450578,1.38600038784307,0.2725,1,0.545,1,0.608776768332252,1,"co-occurring",FALSE
"asv","Cyclorhipidion pelliculosum","ASV_13560","Hawksworthiomyces",NA,69,13,7,2,11,5,51,0.111111111111111,0.0819563548544155,0.0388322326875605,0.75078753496538,0.4945,0.9545,0.989,1,0.608776768332252,1,"co-occurring",FALSE
"asv","Cyclorhipidion pelliculosum","ASV_21569","Sporothrix",NA,69,13,7,2,11,5,51,0.111111111111111,0.06093449201381,0.0405353200400811,1.23784933849509,0.2695,0.974,0.539,1,0.608776768332252,1,"co-occurring",FALSE
"asv","Cyclorhipidion pelliculosum","ASV_8274","Sporothrix","rossii",69,13,12,2,11,10,46,0.0869565217391304,0.0655469839192136,0.0426076915384672,0.502480586177447,0.487,0.856,0.974,1,1,1,"co-occurring",FALSE
"asv","Cyclorhipidion pelliculosum","ASV_8974","Ophiostoma","karelicum",69,13,3,1,12,2,54,0.0666666666666667,0.081736839115527,0.0593938242759338,-0.253732987100593,0.7895,0.666,1,1,0.470931786082376,1,"avoiding",FALSE
"asv","Cyclorhipidion pelliculosum","ASV_16537","Graphilbum",NA,69,13,3,1,12,2,54,0.0666666666666667,0.0234450558612643,0.0318408582400044,1.35742606181071,0.352,1,0.704,1,0.470931786082376,1,"co-occurring",FALSE
"asv","Cyclorhipidion pelliculosum","ASV_17726",NA,NA,69,13,3,1,12,2,54,0.0666666666666667,0.0219919483551302,0.0350445278746334,1.27479869243363,0.3045,0.9775,0.609,1,0.470931786082376,1,"co-occurring",FALSE
"asv","Cyclorhipidion pelliculosum","ASV_28495","Raffaelea","subfusca",69,13,3,1,12,2,54,0.0666666666666667,0.0334167083541778,0.0333415696676842,0.997252338263963,0.5015,1,1,1,0.470931786082376,1,"co-occurring",FALSE
"asv","Cyclorhipidion pelliculosum","ASV_7886","Grosmannia",NA,69,13,4,1,12,3,53,0.0625,0.0312343671835918,0.0312578154309088,1.00025009378908,0.5,1,1,1,0.575142191854029,1,"co-occurring",FALSE
"asv","Cyclorhipidion pelliculosum","ASV_11600","Ophiostoma","undulatum",69,13,4,1,12,3,53,0.0625,0.04087251959313,0.0391408237061557,0.552555576480335,0.5765,0.9315,1,1,0.575142191854029,1,"co-occurring",FALSE
"asv","Cyclorhipidion pelliculosum","ASV_27488","Ceratocystiopsis","synnemata",69,13,4,1,12,3,53,0.0625,0.0205415207603802,0.0293653256279862,1.4288443374056,0.329,1,0.658,1,0.575142191854029,1,"co-occurring",FALSE
"asv","Cyclorhipidion pelliculosum","ASV_8131","Graphilbum",NA,69,13,6,1,12,5,51,0.0555555555555556,0.0381694115031379,0.0364603999870764,0.47685006359174,0.5855,0.909,1,1,1,1,"co-occurring",FALSE
"asv","Cyclorhipidion pelliculosum","ASV_6045","Sporothrix",NA,69,13,7,1,12,6,50,0.0526315789473684,0.0843778872580441,0.0527936180429497,-0.60132852203554,0.887,0.517,1,1,1,1,"avoiding",FALSE
"asv","Cyclorhipidion pelliculosum","ASV_8895","Ceratocystiopsis","manitobensis",69,13,13,1,12,12,44,0.04,0.0698968324742088,0.0397175198939215,-0.752736640003154,0.9085,0.4265,0.853,1,0.436026759227085,0.973131695423722,"avoiding",FALSE
"asv","Cyclorhipidion pelliculosum","ASV_4044","Graphilbum",NA,69,13,6,0,13,6,50,0,0.0275137568784397,0.0277834732351034,-0.990292201612761,1,0.505,1,1,0.585763637057678,1,"avoiding",FALSE
"asv","Cyclorhipidion pelliculosum","ASV_6746","Graphilbum",NA,69,13,4,0,13,4,52,0,0.0189490578622645,0.0328053450874539,-0.577621049610947,1,0.727,1,1,1,1,"avoiding",FALSE
"asv","Cyclorhipidion pelliculosum","ASV_6959","Ophiostoma","adjuncti",69,13,7,0,13,7,49,0,0.0175760394817294,0.028430981492349,-0.618200236472991,1,0.699,1,1,0.332619193037371,0.902846894455239,"avoiding",FALSE
"asv","Cyclorhipidion pelliculosum","ASV_9363","Sporothrix",NA,69,13,5,0,13,5,51,0,0,0,NA,1,1,1,1,0.575142191854029,1,"co-occurring",FALSE
"asv","Cyclorhipidion pelliculosum","ASV_15738","Graphilbum",NA,69,13,7,0,13,7,49,0,0.0185092546273139,0.0251375196631618,-0.736319846800105,1,0.6485,1,1,0.332619193037371,0.902846894455239,"avoiding",FALSE
"asv","Cyclorhipidion pelliculosum","ASV_23023","Sporothrix",NA,69,13,4,0,13,4,52,0,0.0216983491745873,0.02976191482163,-0.729064285837471,1,0.653,1,1,1,1,"avoiding",FALSE
"asv","Cyclorhipidion pelliculosum","ASV_25723","Ceratocystiopsis","manitobensis",69,13,4,0,13,4,52,0,0.0411372352843089,0.0388320635636286,-1.05936258620156,1,0.4175,0.835,1,1,1,"avoiding",FALSE
"asv","Dendroctonus valens","ASV_6117","Leptographium","gracile",69,14,13,8,6,5,50,0.421052631578947,0.248948365491667,0.0725455718259446,2.37236073485233,0.0355,0.995,0.071,1,0.000288644276971136,0.0347947555694297,"co-occurring",TRUE
"asv","Dendroctonus valens","ASV_15258","Ophiostoma","pallidulum",69,14,7,6,8,1,54,0.4,0.182288060955146,0.0749808267972487,2.90356812993748,0.014,1,0.028,0.884,0.000156267893270222,0.0230234696084793,"co-occurring",TRUE
"asv","Dendroctonus valens","ASV_8274","Sporothrix","rossii",69,14,12,7,7,5,50,0.368421052631579,0.232818756071518,0.0662394935774611,2.04715177058965,0.07,0.9935,0.14,1,0.00147671031859497,0.0890053582934966,"co-occurring",TRUE
"asv","Dendroctonus valens","ASV_13249","Ophiostoma","denticulatum",69,14,6,5,9,1,54,0.333333333333333,0.169106347856714,0.0704843002273152,2.32997965429151,0.0485,0.999,0.097,1,0.000943571783028591,0.0781985115184944,"co-occurring",TRUE
"asv","Dendroctonus valens","ASV_1646","Raffaelea","arxii",69,14,5,4,10,1,54,0.266666666666667,0.088015208584685,0.0564094877237452,3.16704627698257,0.0105,1,0.021,0.767684210526316,0.00507691720426003,0.134639844256976,"co-occurring",TRUE
"asv","Dendroctonus valens","ASV_15268","Grosmannia","olivacea",69,14,5,4,10,1,54,0.266666666666667,0.119444199223796,0.0642125639486743,2.29273616235831,0.052,1,0.104,1,0.00507691720426003,0.134639844256976,"co-occurring",TRUE
"asv","Dendroctonus valens","ASV_3603","Sporothrix","eucastaneae",69,14,10,5,9,5,50,0.263157894736842,0.117288047572182,0.053413359705052,2.73096184119763,0.019,1,0.038,1,0.0237720746622119,0.290103560530084,"co-occurring",TRUE
"asv","Dendroctonus valens","ASV_7618","Leptographium","lundbergii",69,14,7,4,10,3,52,0.235294117647059,0.160454091855012,0.0658842725292813,1.13593158001077,0.2555,0.952,0.511,1,0.0272526434324541,0.310224493222546,"co-occurring",TRUE
"asv","Dendroctonus valens","ASV_21569","Sporothrix",NA,69,14,7,4,10,3,52,0.235294117647059,0.137400388790889,0.0680997055874864,1.43750590419819,0.163,0.965,0.326,1,0.0272526434324541,0.310224493222546,"co-occurring",TRUE
"asv","Dendroctonus valens","ASV_660","Grosmannia","francke-grosmanniae",69,14,13,5,9,8,47,0.227272727272727,0.103360805734059,0.0491595725627378,2.52060616232029,0.0315,0.9975,0.063,1,0.119241968133597,0.610482045348069,"co-occurring",TRUE
"asv","Dendroctonus valens","ASV_1122","Raffaelea","arxii",69,14,8,4,10,4,51,0.222222222222222,0.076000907722031,0.0479531548642963,3.04925327465912,0.0095,1,0.019,0.767684210526316,0.0476675179502209,0.395044555012456,"co-occurring",TRUE
"asv","Dendroctonus valens","ASV_16537","Graphilbum",NA,69,14,3,3,11,0,55,0.214285714285714,0.101001989089783,0.0570557812866936,1.98549073627971,0.1005,1,0.201,1,0.00694736038477689,0.156138980851087,"co-occurring",TRUE
"asv","Dendroctonus valens","ASV_17726",NA,NA,69,14,3,3,11,0,55,0.214285714285714,0.111101384025346,0.0612221032302055,1.68540975915803,0.158,1,0.316,1,0.00694736038477689,0.156138980851087,"co-occurring",TRUE
"asv","Dendroctonus valens","ASV_3556","Sporothrix","rossii",69,14,9,4,10,5,50,0.210526315789474,0.115033638942965,0.0550100564708925,1.73591308521992,0.118,0.9865,0.236,1,0.0749765959936596,0.50264856547303,"co-occurring",TRUE
"asv","Dendroctonus valens","ASV_7886","Grosmannia",NA,69,14,4,3,11,1,54,0.2,0.117494461516473,0.0577698421946526,1.42817662900184,0.2125,0.985,0.425,1,0.0243157613467191,0.290474770682428,"co-occurring",TRUE
"asv","Dendroctonus valens","ASV_7106","Ophiostoma","denticiliatum",69,14,5,3,11,2,53,0.1875,0.0778710433648205,0.0529119432868873,2.071913254835,0.0875,1,0.175,1,0.0531740275604077,0.422011292329606,"co-occurring",TRUE
"asv","Dendroctonus valens","ASV_9363","Sporothrix",NA,69,14,5,3,11,2,53,0.1875,0.110576816185871,0.0545690939523647,1.40964744405098,0.2175,0.9835,0.435,1,0.0531740275604077,0.422011292329606,"co-occurring",TRUE
"asv","Dendroctonus valens","ASV_8131","Graphilbum",NA,69,14,6,3,11,3,52,0.176470588235294,0.137175829056601,0.0615196266847472,0.638735332060066,0.437,0.8955,0.874,1,0.0930044470740925,0.531568520776925,"co-occurring",TRUE
"asv","Dendroctonus valens","ASV_8895","Ceratocystiopsis","manitobensis",69,14,13,4,10,9,46,0.173913043478261,0.195505274857771,0.0666402689272091,-0.324011768366289,0.7445,0.5355,1,1,0.442831455664983,0.981930619083222,"avoiding",TRUE
"asv","Dendroctonus valens","ASV_5162","Sporothrix",NA,69,14,7,3,11,4,51,0.166666666666667,0.0780438464846469,0.0464663048772899,1.90724914356884,0.1095,1,0.219,1,0.142318299805321,0.66448614627414,"co-occurring",TRUE
"asv","Dendroctonus valens","ASV_6045","Sporothrix",NA,69,14,7,3,11,4,51,0.166666666666667,0.120469806626741,0.0557124124015572,0.829202291707526,0.3885,0.926,0.777,1,0.142318299805321,0.66448614627414,"co-occurring",TRUE
"asv","Dendroctonus valens","ASV_6959","Ophiostoma","adjuncti",69,14,7,3,11,4,51,0.166666666666667,0.148333403027625,0.0600458296078841,0.305321181483586,0.5715,0.814,1,1,0.142318299805321,0.66448614627414,"co-occurring",TRUE
"asv","Dendroctonus valens","ASV_15738","Graphilbum",NA,69,14,7,3,11,4,51,0.166666666666667,0.109517607100766,0.0533203951790576,1.07180487642648,0.2885,0.9505,0.577,1,0.142318299805321,0.66448614627414,"co-occurring",TRUE
"asv","Dendroctonus valens","ASV_11554","Raffaelea","crossotarsi",69,14,3,2,12,1,54,0.133333333333333,0.0403201600800401,0.0371064833492419,2.50665557223152,0.0515,1,0.103,1,0.102473565675459,0.554612033002688,"co-occurring",TRUE
"asv","Dendroctonus valens","ASV_28495","Raffaelea","subfusca",69,14,3,2,12,1,54,0.133333333333333,0.0430277638819411,0.0432835764373533,2.08637032529177,0.11,1,0.22,1,0.102473565675459,0.554612033002688,"co-occurring",TRUE
"asv","Dendroctonus valens","ASV_4337","Ophiostoma","undulatum",69,14,4,2,12,2,53,0.125,0.0404430156254607,0.0406255165916097,2.08137622530572,0.11,1,0.22,1,0.180631370004199,0.719377464700006,"co-occurring",TRUE
"asv","Dendroctonus valens","ASV_6746","Graphilbum",NA,69,14,4,2,12,2,53,0.125,0.102878645204956,0.0577282528540007,0.383198065096321,0.5705,0.8425,1,1,0.180631370004199,0.719377464700006,"co-occurring",TRUE
"asv","Dendroctonus valens","ASV_11600","Ophiostoma","undulatum",69,14,4,2,12,2,53,0.125,0.0714519024218003,0.0532838397787956,1.00495943611611,0.3245,0.947,0.649,1,0.180631370004199,0.719377464700006,"co-occurring",TRUE
"asv","Dendroctonus valens","ASV_23023","Sporothrix",NA,69,14,4,2,12,2,53,0.125,0.14197729116659,0.065309895690626,-0.259949751673347,0.7695,0.625,1,1,0.180631370004199,0.719377464700006,"avoiding",TRUE
"asv","Dendroctonus valens","ASV_7819","Hawksworthiomyces",NA,69,14,5,2,12,3,52,0.117647058823529,0.0891225841679016,0.0519352169868539,0.549231837480299,0.509,0.887,1,1,0.265602931633393,0.865061481276482,"co-occurring",TRUE
"asv","Dendroctonus valens","ASV_8974","Ophiostoma","karelicum",69,14,3,1,13,2,53,0.0625,0.0403951975987994,0.0298893755659131,0.739553837531811,0.6465,1,1,1,0.499274726113677,1,"co-occurring",TRUE
"asv","Dendroctonus valens","ASV_9224","Ophiostoma","sparsiannulatum",69,14,3,1,13,2,53,0.0625,0.0202288644322161,0.0292493597760432,1.44519866046457,0.324,1,0.648,1,0.499274726113677,1,"co-occurring",TRUE
"asv","Dendroctonus valens","ASV_5724","Graphilbum",NA,69,14,4,1,13,3,52,0.0588235294117647,0.0190389312303212,0.0275288092009827,1.44519866046452,0.324,1,0.648,1,1,1,"co-occurring",TRUE
"asv","Dendroctonus valens","ASV_22166","Grosmannia","cucullata",69,14,4,1,13,3,52,0.0588235294117647,0.0296913162463592,0.0294177951901097,0.99029220161271,0.505,1,1,1,1,1,"co-occurring",TRUE
"asv","Dendroctonus valens","ASV_25723","Ceratocystiopsis","manitobensis",69,14,4,1,13,3,52,0.0588235294117647,0.0835660477297482,0.0554548733282068,-0.446173921839947,0.8425,0.5815,1,1,1,1,"avoiding",TRUE
"asv","Dendroctonus valens","ASV_4044","Graphilbum",NA,69,14,6,1,13,5,50,0.0526315789473684,0.0829202010706093,0.0400201662564318,-0.756833990372868,0.945,0.4915,0.983,1,1,1,"avoiding",TRUE
"asv","Dendroctonus valens","ASV_22950","Sporothrix",NA,69,14,6,1,13,5,50,0.0526315789473684,0.026565914536216,0.0263211851700982,0.990292201612712,0.505,1,1,1,1,1,"co-occurring",TRUE
"asv","Dendroctonus valens","ASV_13560","Hawksworthiomyces",NA,69,14,7,1,13,6,49,0.05,0.0253376688344168,0.0250039743941618,0.986336443031297,0.507,1,1,1,1,1,"co-occurring",TRUE
"asv","Dendroctonus valens","ASV_27488","Ceratocystiopsis","synnemata",69,14,4,0,14,4,51,0,0,0,NA,1,1,1,1,0.575142191854029,1,"co-occurring",TRUE
"asv","Dryocoetes affaber","ASV_13249","Ophiostoma","denticulatum",69,5,6,4,1,2,62,0.571428571428571,0.236488085312502,0.126237037267671,2.65326637384452,0.042,1,0.084,1,8.4619735724824e-05,0.0187009615951861,"co-occurring",FALSE
"asv","Dryocoetes affaber","ASV_8131","Graphilbum",NA,69,5,6,3,2,3,61,0.375,0.21187419106379,0.113926376014334,1.43185287413764,0.2055,0.981,0.411,1,0.00356016850271918,0.125373134328358,"co-occurring",FALSE
"asv","Dryocoetes affaber","ASV_15258","Ophiostoma","pallidulum",69,5,7,3,2,4,60,0.333333333333333,0.133591037943213,0.086620875127375,2.30593716695198,0.0705,1,0.141,1,0.00608407891684604,0.155144012379574,"co-occurring",FALSE
"asv","Dryocoetes affaber","ASV_16537","Graphilbum",NA,69,5,3,2,3,1,63,0.333333333333333,0.189037375830774,0.144103493523792,1.0013355955089,0.3385,0.962,0.677,1,0.0124060006871016,0.222302120420226,"co-occurring",FALSE
"asv","Dryocoetes affaber","ASV_17726",NA,NA,69,5,3,2,3,1,63,0.333333333333333,0.129398032349507,0.113001566341013,1.80471216096594,0.174,1,0.348,1,0.0124060006871016,0.222302120420226,"co-occurring",FALSE
"asv","Dryocoetes affaber","ASV_8274","Sporothrix","rossii",69,5,12,4,1,8,56,0.307692307692308,0.23287669475764,0.0697723795052329,1.07228123026902,0.3295,0.967,0.659,1,0.00258103540922184,0.110669732846671,"co-occurring",FALSE
"asv","Dryocoetes affaber","ASV_7886","Grosmannia",NA,69,5,4,2,3,2,62,0.285714285714286,0.132816408204101,0.0901732627441945,1.6956010335783,0.2,1,0.4,1,0.0240659062279859,0.290103560530084,"co-occurring",FALSE
"asv","Dryocoetes affaber","ASV_3556","Sporothrix","rossii",69,5,9,3,2,6,58,0.272727272727273,0.14178616114584,0.0827224322025395,1.58289726371722,0.1665,0.9865,0.333,1,0.0139134065156129,0.231758370867696,"co-occurring",FALSE
"asv","Dryocoetes affaber","ASV_3603","Sporothrix","eucastaneae",69,5,10,3,2,7,57,0.25,0.0886638374132144,0.062376625090041,2.58648431770548,0.037,1,0.074,1,0.0193942027739791,0.257167128782963,"co-occurring",FALSE
"asv","Dryocoetes affaber","ASV_7106","Ophiostoma","denticiliatum",69,5,5,2,3,3,61,0.25,0.0990356289255752,0.08501080763237,1.7758256306336,0.174,1,0.348,1,0.0388949143004951,0.363201805369412,"co-occurring",FALSE
"asv","Dryocoetes affaber","ASV_9363","Sporothrix",NA,69,5,5,2,3,3,61,0.25,0.183982864448094,0.0946313331672,0.69762449013862,0.504,0.952,1,1,0.0388949143004951,0.363201805369412,"co-occurring",FALSE
"asv","Dryocoetes affaber","ASV_15268","Grosmannia","olivacea",69,5,5,2,3,3,61,0.25,0.09721527430382,0.0823022020497486,1.85638685103258,0.1565,1,0.313,1,0.0388949143004951,0.363201805369412,"co-occurring",FALSE
"asv","Dryocoetes affaber","ASV_6117","Leptographium","gracile",69,5,13,3,2,10,54,0.2,0.151764432636485,0.0648192346784468,0.744155150902365,0.412,0.9135,0.824,1,0.0428675039126618,0.379527521627531,"co-occurring",FALSE
"asv","Dryocoetes affaber","ASV_6959","Ophiostoma","adjuncti",69,5,7,2,3,5,59,0.2,0.186884351266537,0.0983327661436509,0.133380247986751,0.6445,0.802,1,1,0.0767535705123979,0.502875779616332,"co-occurring",FALSE
"asv","Dryocoetes affaber","ASV_7618","Leptographium","lundbergii",69,5,7,2,3,5,59,0.2,0.210030772962232,0.109813184296446,-0.0913439768320868,0.718,0.718,1,1,0.0767535705123979,0.502875779616332,"avoiding",FALSE
"asv","Dryocoetes affaber","ASV_15738","Graphilbum",NA,69,5,7,2,3,5,59,0.2,0.170183576636799,0.102034514468473,0.29221899588118,0.575,0.838,1,1,0.0767535705123979,0.502875779616332,"co-occurring",FALSE
"asv","Dryocoetes affaber","ASV_660","Grosmannia","francke-grosmanniae",69,5,13,2,3,11,53,0.125,0.0717020274843316,0.0496353237279826,1.07379117355531,0.336,0.9695,0.672,1,0.235255945337252,0.842529713859045,"co-occurring",FALSE
"asv","Dryocoetes affaber","ASV_6746","Graphilbum",NA,69,5,4,1,4,3,61,0.125,0.108491745872936,0.0950330887217627,0.173710592269569,0.6655,0.8425,1,1,0.265037287406261,0.865061481276482,"co-occurring",FALSE
"asv","Dryocoetes affaber","ASV_8895","Ceratocystiopsis","manitobensis",69,5,13,2,3,11,53,0.125,0.163361181237028,0.0699119737377858,-0.548706883614918,0.862,0.511,1,1,0.235255945337252,0.842529713859045,"avoiding",FALSE
"asv","Dryocoetes affaber","ASV_22166","Grosmannia","cucullata",69,5,4,1,4,3,61,0.125,0.0432091045522761,0.0594632674625768,1.37548605951059,0.346,1,0.692,1,0.265037287406261,0.865061481276482,"co-occurring",FALSE
"asv","Dryocoetes affaber","ASV_23023","Sporothrix",NA,69,5,4,1,4,3,61,0.125,0.063344172086043,0.0625099359854051,0.986336443031271,0.507,1,1,1,0.265037287406261,0.865061481276482,"co-occurring",FALSE
"asv","Dryocoetes affaber","ASV_25723","Ceratocystiopsis","manitobensis",69,5,4,1,4,3,61,0.125,0.108491745872936,0.0950330887217627,0.173710592269569,0.6655,0.8425,1,1,0.265037287406261,0.865061481276482,"co-occurring",FALSE
"asv","Dryocoetes affaber","ASV_1646","Raffaelea","arxii",69,5,5,1,4,4,60,0.111111111111111,0.0558056806180879,0.0555688934014177,0.995258805920584,0.5025,1,1,1,0.321572880682702,0.893932158878959,"co-occurring",FALSE
"asv","Dryocoetes affaber","ASV_7819","Hawksworthiomyces",NA,69,5,5,1,4,4,60,0.111111111111111,0.0558056806180879,0.0555688934014177,0.995258805920584,0.5025,1,1,1,0.321572880682702,0.893932158878959,"co-occurring",FALSE
"asv","Dryocoetes affaber","ASV_22950","Sporothrix",NA,69,5,6,1,4,5,59,0.1,0.0345672836418211,0.0475706139700615,1.37548605951058,0.346,1,0.692,1,0.374574999379366,0.953872074369038,"co-occurring",FALSE
"asv","Dryocoetes affaber","ASV_5162","Sporothrix",NA,69,5,7,1,4,6,58,0.0909090909090909,0.0314248033107467,0.043246012700055,1.37548605951061,0.346,1,0.692,1,0.424211904190528,0.959906117673447,"co-occurring",FALSE
"asv","Dryocoetes affaber","ASV_6045","Sporothrix",NA,69,5,7,1,4,6,58,0.0909090909090909,0.113665923871026,0.082393436029807,-0.276197159124458,0.799,0.668,1,1,0.424211904190528,0.959906117673447,"avoiding",FALSE
"asv","Dryocoetes affaber","ASV_13560","Hawksworthiomyces",NA,69,5,7,1,4,6,58,0.0909090909090909,0.0460684887898503,0.0454617716257478,0.986336443031284,0.507,1,1,1,0.424211904190528,0.959906117673447,"co-occurring",FALSE
"asv","Dryocoetes affaber","ASV_21569","Sporothrix",NA,69,5,7,1,4,6,58,0.0909090909090909,0.12963451422681,0.0852241582321666,-0.454394905400222,0.8645,0.6105,1,1,0.424211904190528,0.959906117673447,"avoiding",FALSE
"asv","Dryocoetes affaber","ASV_1122","Raffaelea","arxii",69,5,8,1,4,7,57,0.0833333333333333,0.0418542604635649,0.0416766700510634,0.995258805920606,0.5025,1,1,1,0.47064642804613,1,"co-occurring",FALSE
"asv","Dryocoetes affaber","ASV_4044","Graphilbum",NA,69,5,6,0,5,6,58,0,0.102390083930853,0.0707274992768813,-1.44767007143884,1,0.2125,0.425,1,1,1,"avoiding",FALSE
"asv","Dryocoetes affaber","ASV_4337","Ophiostoma","undulatum",69,5,4,0,5,4,60,0,0,0,NA,1,1,1,1,1,1,"co-occurring",FALSE
"asv","Dryocoetes affaber","ASV_5724","Graphilbum",NA,69,5,4,0,5,4,60,0,0,0,NA,1,1,1,1,1,1,"co-occurring",FALSE
"asv","Dryocoetes affaber","ASV_8974","Ophiostoma","karelicum",69,5,3,0,5,3,61,0,0,0,NA,1,1,1,1,1,1,"co-occurring",FALSE
"asv","Dryocoetes affaber","ASV_9224","Ophiostoma","sparsiannulatum",69,5,3,0,5,3,61,0,0,0,NA,1,1,1,1,1,1,"co-occurring",FALSE
"asv","Dryocoetes affaber","ASV_11554","Raffaelea","crossotarsi",69,5,3,0,5,3,61,0,0,0,NA,1,1,1,1,1,1,"co-occurring",FALSE
"asv","Dryocoetes affaber","ASV_11600","Ophiostoma","undulatum",69,5,4,0,5,4,60,0,0.0400825412706353,0.0583559003139074,-0.686863557155725,1,0.6795,1,1,1,1,"avoiding",FALSE
"asv","Dryocoetes affaber","ASV_27488","Ceratocystiopsis","synnemata",69,5,4,0,5,4,60,0,0,0,NA,1,1,1,1,1,1,"co-occurring",FALSE
"asv","Dryocoetes affaber","ASV_28495","Raffaelea","subfusca",69,5,3,0,5,3,61,0,0,0,NA,1,1,1,1,1,1,"co-occurring",FALSE
"asv","Dryocoetes autographus","ASV_13249","Ophiostoma","denticulatum",69,14,6,3,11,3,52,0.176470588235294,0.169470915368246,0.0619141727547133,0.113054451922975,0.6535,0.763,1,1,0.0930044470740925,0.531568520776925,"co-occurring",FALSE
"asv","Dryocoetes autographus","ASV_6117","Leptographium","gracile",69,14,13,4,10,9,46,0.173913043478261,0.280337923846699,0.0747005014071942,-1.42468763078729,0.9835,0.1295,0.259,1,0.442831455664983,0.981930619083222,"avoiding",FALSE
"asv","Dryocoetes autographus","ASV_6959","Ophiostoma","adjuncti",69,14,7,3,11,4,51,0.166666666666667,0.163055327973588,0.0630674089688278,0.0572615674581462,0.6485,0.7435,1,1,0.142318299805321,0.66448614627414,"co-occurring",FALSE
"asv","Dryocoetes autographus","ASV_8274","Sporothrix","rossii",69,14,12,3,11,9,46,0.130434782608696,0.264831877566582,0.0668895297779169,-2.00923964339567,1,0.0245,0.049,1,0.698059915904878,1,"avoiding",FALSE
"asv","Dryocoetes autographus","ASV_7886","Grosmannia",NA,69,14,4,2,12,2,53,0.125,0.139250087228487,0.0590687493662339,-0.241245792087703,0.7955,0.65,1,1,0.180631370004199,0.719377464700006,"avoiding",FALSE
"asv","Dryocoetes autographus","ASV_8895","Ceratocystiopsis","manitobensis",69,14,13,3,11,10,45,0.125,0.170633374710566,0.055218505444043,-0.826414520704657,0.9185,0.3685,0.737,1,0.718285567471059,1,"avoiding",FALSE
"asv","Dryocoetes autographus","ASV_23023","Sporothrix",NA,69,14,4,2,12,2,53,0.125,0.105754347762117,0.0545273861279224,0.352953875190944,0.6045,0.853,1,1,0.180631370004199,0.719377464700006,"co-occurring",FALSE
"asv","Dryocoetes autographus","ASV_9363","Sporothrix",NA,69,14,5,2,12,3,52,0.117647058823529,0.167100502865813,0.0559323225932367,-0.884165751562478,0.936,0.3885,0.777,1,0.265602931633393,0.865061481276482,"avoiding",FALSE
"asv","Dryocoetes autographus","ASV_15268","Grosmannia","olivacea",69,14,5,2,12,3,52,0.117647058823529,0.0782016825406175,0.0478111121654496,0.825025281704632,0.417,0.942,0.834,1,0.265602931633393,0.865061481276482,"co-occurring",FALSE
"asv","Dryocoetes autographus","ASV_8131","Graphilbum",NA,69,14,6,2,12,4,51,0.111111111111111,0.161357037307784,0.061924394407908,-0.811407631469002,0.921,0.4075,0.815,1,0.593729720960415,1,"avoiding",FALSE
"asv","Dryocoetes autographus","ASV_6045","Sporothrix",NA,69,14,7,2,12,5,50,0.105263157894737,0.116474581459978,0.0604366516306575,-0.185507026990129,0.7375,0.655,1,1,0.623823815704088,1,"avoiding",FALSE
"asv","Dryocoetes autographus","ASV_15738","Graphilbum",NA,69,14,7,2,12,5,50,0.105263157894737,0.153450506212862,0.0641058803696103,-0.751683746331767,0.8945,0.409,0.818,1,0.623823815704088,1,"avoiding",FALSE
"asv","Dryocoetes autographus","ASV_21569","Sporothrix",NA,69,14,7,2,12,5,50,0.105263157894737,0.137099019065778,0.0555544920389906,-0.573056471269638,0.8645,0.4945,0.989,1,0.623823815704088,1,"avoiding",FALSE
"asv","Dryocoetes autographus","ASV_4044","Graphilbum",NA,69,14,6,1,13,5,50,0.0526315789473684,0.0950646461861842,0.0470968440814991,-0.900974748231265,0.9575,0.4015,0.803,1,1,1,"avoiding",FALSE
"asv","Dryocoetes autographus","ASV_7618","Leptographium","lundbergii",69,14,7,1,13,6,49,0.05,0.173228732529323,0.0657510068702037,-1.87417255484139,0.997,0.0505,0.101,1,1,1,"avoiding",FALSE
"asv","Dryocoetes autographus","ASV_13560","Hawksworthiomyces",NA,69,14,7,1,13,6,49,0.05,0.0720544482767706,0.0436436899646492,-0.505329597351517,0.8735,0.565,1,1,1,1,"avoiding",FALSE
"asv","Dryocoetes autographus","ASV_15258","Ophiostoma","pallidulum",69,14,7,1,13,6,49,0.05,0.119333041133571,0.0554092570079453,-1.25128985439436,0.9755,0.227,0.454,1,1,1,"avoiding",FALSE
"asv","Dryocoetes autographus","ASV_3556","Sporothrix","rossii",69,14,9,1,13,8,47,0.0454545454545455,0.136572951547546,0.0566056240674147,-1.6097058833674,0.9885,0.101,0.202,1,0.674153046072605,1,"avoiding",FALSE
"asv","Dryocoetes autographus","ASV_3603","Sporothrix","eucastaneae",69,14,10,1,13,9,46,0.0434782608695652,0.0871541925677688,0.0431060627441173,-1.01322015785735,0.95,0.3185,0.637,1,0.674153046072605,1,"avoiding",FALSE
"asv","Dryocoetes autographus","ASV_660","Grosmannia","francke-grosmanniae",69,14,13,0,14,13,42,0,0.120738486452105,0.049689417993272,-2.4298631645968,1,0.01,0.02,0.767684210526316,0.0561754624240655,0.424404932746226,"avoiding",FALSE
"asv","Dryocoetes autographus","ASV_1122","Raffaelea","arxii",69,14,8,0,14,8,47,0,0.121047909084032,0.0511245438471613,-2.36770638865569,1,0.017,0.034,1,0.193284105419606,0.753808011136463,"avoiding",FALSE
"asv","Dryocoetes autographus","ASV_1646","Raffaelea","arxii",69,14,5,0,14,5,50,0,0.0773703845386756,0.0396556739590399,-1.95105458599925,1,0.1065,0.213,1,0.575142191854029,1,"avoiding",FALSE
"asv","Dryocoetes autographus","ASV_4337","Ophiostoma","undulatum",69,14,4,0,14,4,51,0,0.0595150516434701,0.0423917293135804,-1.40393073382841,1,0.2385,0.477,1,0.575142191854029,1,"avoiding",FALSE
"asv","Dryocoetes autographus","ASV_5162","Sporothrix",NA,69,14,7,0,14,7,48,0,0.0522449821401925,0.042609750969043,-1.22612737582413,1,0.281,0.562,1,0.330406391953277,0.902846894455239,"avoiding",FALSE
"asv","Dryocoetes autographus","ASV_5724","Graphilbum",NA,69,14,4,0,14,4,51,0,0.0100932819350852,0.0221831985246067,-0.454996691477524,1,0.8285,1,1,0.575142191854029,1,"avoiding",FALSE
"asv","Dryocoetes autographus","ASV_6746","Graphilbum",NA,69,14,4,0,14,4,51,0,0.0862916752493904,0.0515602655414227,-1.67360804571623,1,0.125,0.25,1,0.575142191854029,1,"avoiding",FALSE
"asv","Dryocoetes autographus","ASV_7106","Ophiostoma","denticiliatum",69,14,5,0,14,5,50,0,0.0687010171752556,0.0413145858146564,-1.66287561210123,1,0.163,0.326,1,0.575142191854029,1,"avoiding",FALSE
"asv","Dryocoetes autographus","ASV_7819","Hawksworthiomyces",NA,69,14,5,0,14,5,50,0,0.0680289082449734,0.0456696418712555,-1.48958707486145,1,0.176,0.352,1,0.575142191854029,1,"avoiding",FALSE
"asv","Dryocoetes autographus","ASV_8974","Ophiostoma","karelicum",69,14,3,0,14,3,52,0,0.0226738369184592,0.0340399638656591,-0.666094623600159,1,0.668,1,1,1,1,"avoiding",FALSE
"asv","Dryocoetes autographus","ASV_9224","Ophiostoma","sparsiannulatum",69,14,3,0,14,3,52,0,0,0,NA,1,1,1,1,1,1,"co-occurring",FALSE
"asv","Dryocoetes autographus","ASV_11554","Raffaelea","crossotarsi",69,14,3,0,14,3,52,0,0.010724112056028,0.0235696484323943,-0.454996691477533,1,0.8285,1,1,1,1,"avoiding",FALSE
"asv","Dryocoetes autographus","ASV_11600","Ophiostoma","undulatum",69,14,4,0,14,4,51,0,0.0709509166347893,0.0435009525925741,-1.63101983764147,1,0.1685,0.337,1,0.575142191854029,1,"avoiding",FALSE
"asv","Dryocoetes autographus","ASV_16537","Graphilbum",NA,69,14,3,0,14,3,52,0,0.112165904380761,0.0573515768055104,-1.95575973021869,1,0.0645,0.129,1,1,1,"avoiding",FALSE
"asv","Dryocoetes autographus","ASV_17726",NA,NA,69,14,3,0,14,3,52,0,0.0913942090092666,0.056420321948057,-1.61988102608504,1,0.1365,0.273,1,1,1,"avoiding",FALSE
"asv","Dryocoetes autographus","ASV_22166","Grosmannia","cucullata",69,14,4,0,14,4,51,0,0.0404283023864883,0.0387519167287084,-1.04325942557928,1,0.416,0.832,1,0.575142191854029,1,"avoiding",FALSE
"asv","Dryocoetes autographus","ASV_22950","Sporothrix",NA,69,14,6,0,14,6,49,0,0.0444988576159434,0.0376698197144028,-1.1812867158196,1,0.3355,0.671,1,0.334831994121464,0.902846894455239,"avoiding",FALSE
"asv","Dryocoetes autographus","ASV_25723","Ceratocystiopsis","manitobensis",69,14,4,0,14,4,51,0,0.0862997675308253,0.0516908857545521,-1.66953547556931,1,0.1225,0.245,1,0.575142191854029,1,"avoiding",FALSE
"asv","Dryocoetes autographus","ASV_27488","Ceratocystiopsis","synnemata",69,14,4,0,14,4,51,0,0,0,NA,1,1,1,1,0.575142191854029,1,"co-occurring",FALSE
"asv","Dryocoetes autographus","ASV_28495","Raffaelea","subfusca",69,14,3,0,14,3,52,0,0.0550525262631319,0.0414106921111641,-1.32942782302086,1,0.276,0.552,1,1,1,"avoiding",FALSE
"asv","Euwallacea validus","ASV_3603","Sporothrix","eucastaneae",69,8,10,5,3,5,56,0.384615384615385,0.12044936495397,0.0683928456020334,3.8624803126127,0.0035,1,0.007,0.546,0.00102359031524154,0.078504916648296,"co-occurring",FALSE
"asv","Euwallacea validus","ASV_7106","Ophiostoma","denticiliatum",69,8,5,3,5,2,59,0.3,0.0891248654630358,0.0757695258265194,2.78311276514756,0.034,1,0.068,1,0.00950357044566305,0.190935369862867,"co-occurring",FALSE
"asv","Euwallacea validus","ASV_15268","Grosmannia","olivacea",69,8,5,3,5,2,59,0.3,0.077069595403763,0.0734216416743494,3.03630373160289,0.024,1,0.048,1,0.00950357044566305,0.190935369862867,"co-occurring",FALSE
"asv","Euwallacea validus","ASV_13249","Ophiostoma","denticulatum",69,8,6,3,5,3,58,0.272727272727273,0.110612998807094,0.0701579781013349,2.31070333420989,0.072,1,0.144,1,0.0179098204540049,0.257167128782963,"co-occurring",FALSE
"asv","Euwallacea validus","ASV_5162","Sporothrix",NA,69,8,7,3,5,4,57,0.25,0.0756985635674993,0.0637270867470094,2.73512324711251,0.034,1,0.068,1,0.0295184514179056,0.323483194877213,"co-occurring",FALSE
"asv","Euwallacea validus","ASV_9224","Ophiostoma","sparsiannulatum",69,8,3,2,6,1,60,0.222222222222222,0.0685009171252284,0.0702277688480876,2.18889632432314,0.1025,1,0.205,1,0.0336679772493034,0.348779201817002,"co-occurring",FALSE
"asv","Euwallacea validus","ASV_5724","Graphilbum",NA,69,8,4,2,6,2,59,0.2,0.0960025467279099,0.0774732880244426,1.34236529678822,0.245,0.9805,0.49,1,0.0633035704990508,0.439479238124301,"co-occurring",FALSE
"asv","Euwallacea validus","ASV_7886","Grosmannia",NA,69,8,4,2,6,2,59,0.2,0.0950384283050624,0.0629638166071804,1.66701412574421,0.2,1,0.4,1,0.0633035704990508,0.439479238124301,"co-occurring",FALSE
"asv","Euwallacea validus","ASV_7618","Leptographium","lundbergii",69,8,7,2,6,5,56,0.153846153846154,0.102288781753517,0.0648543679547252,0.794971467899108,0.403,0.9295,0.806,1,0.183913243237784,0.719377464700006,"co-occurring",FALSE
"asv","Euwallacea validus","ASV_15258","Ophiostoma","pallidulum",69,8,7,2,6,5,56,0.153846153846154,0.0501954273840214,0.0500057234753426,2.07277725945194,0.1135,1,0.227,1,0.183913243237784,0.719377464700006,"co-occurring",FALSE
"asv","Euwallacea validus","ASV_3556","Sporothrix","rossii",69,8,9,2,6,7,54,0.133333333333333,0.0792677474268271,0.0613131549006194,0.881794224977324,0.3445,0.927,0.689,1,0.278297367692454,0.882828491770797,"co-occurring",FALSE
"asv","Euwallacea validus","ASV_8274","Sporothrix","rossii",69,8,12,2,6,10,51,0.111111111111111,0.0748607878070455,0.0538223816810803,0.673517636563608,0.4175,0.894,0.835,1,0.620564777794059,1,"co-occurring",FALSE
"asv","Euwallacea validus","ASV_660","Grosmannia","francke-grosmanniae",69,8,13,2,6,11,50,0.105263157894737,0.0690409446209176,0.0460684570727306,0.786269295206337,0.4135,0.9305,0.827,1,0.639425592932951,1,"co-occurring",FALSE
"asv","Euwallacea validus","ASV_6117","Leptographium","gracile",69,8,13,2,6,11,50,0.105263157894737,0.06835128090361,0.0325527289295564,1.13391037264506,0.398,1,0.796,1,0.639425592932951,1,"co-occurring",FALSE
"asv","Euwallacea validus","ASV_8895","Ceratocystiopsis","manitobensis",69,8,13,2,6,11,50,0.105263157894737,0.124581330913136,0.0666857238630736,-0.289689785148997,0.756,0.589,1,1,0.639425592932951,1,"avoiding",FALSE
"asv","Euwallacea validus","ASV_11554","Raffaelea","crossotarsi",69,8,3,1,7,2,59,0.1,0.0667166916791718,0.0620719300273539,0.536205468496966,0.594,0.94,1,1,0.313089285032637,0.893932158878959,"co-occurring",FALSE
"asv","Euwallacea validus","ASV_16537","Graphilbum",NA,69,8,3,1,7,2,59,0.1,0.069112333944749,0.0637660764519292,0.484390255350524,0.6045,0.929,1,1,0.313089285032637,0.893932158878959,"co-occurring",FALSE
"asv","Euwallacea validus","ASV_17726",NA,NA,69,8,3,1,7,2,59,0.1,0.0345672836418211,0.0475706139700615,1.37548605951058,0.346,1,0.692,1,0.313089285032637,0.893932158878959,"co-occurring",FALSE
"asv","Euwallacea validus","ASV_28495","Raffaelea","subfusca",69,8,3,1,7,2,59,0.1,0.0339669834917461,0.0473715629405515,1.39393789035674,0.34,1,0.68,1,0.313089285032637,0.893932158878959,"co-occurring",FALSE
"asv","Euwallacea validus","ASV_4337","Ophiostoma","undulatum",69,8,4,1,7,3,58,0.0909090909090909,0.0308790759015875,0.0430650572186832,1.39393789035674,0.34,1,0.68,1,0.396351189877166,0.95506581609781,"co-occurring",FALSE
"asv","Euwallacea validus","ASV_6746","Graphilbum",NA,69,8,4,1,7,3,58,0.0909090909090909,0.0491882304788766,0.0587449045547264,0.710203901877948,0.4645,0.936,0.929,1,0.396351189877166,0.95506581609781,"co-occurring",FALSE
"asv","Euwallacea validus","ASV_11600","Ophiostoma","undulatum",69,8,4,1,7,3,58,0.0909090909090909,0.0622129246441413,0.0663850026735263,0.432268812371283,0.5405,0.88,1,1,0.396351189877166,0.95506581609781,"co-occurring",FALSE
"asv","Euwallacea validus","ASV_22166","Grosmannia","cucullata",69,8,4,1,7,3,58,0.0909090909090909,0.0314248033107467,0.043246012700055,1.37548605951061,0.346,1,0.692,1,0.396351189877166,0.95506581609781,"co-occurring",FALSE
"asv","Euwallacea validus","ASV_27488","Ceratocystiopsis","synnemata",69,8,4,1,7,3,58,0.0909090909090909,0.0537996270862714,0.0446931152632445,0.83031723352116,0.592,1,1,1,0.396351189877166,0.95506581609781,"co-occurring",FALSE
"asv","Euwallacea validus","ASV_1646","Raffaelea","arxii",69,8,5,1,7,4,57,0.0833333333333333,0.0553951218033253,0.0512237332346266,0.545415372246281,0.594,0.94,1,1,0.47064642804613,1,"co-occurring",FALSE
"asv","Euwallacea validus","ASV_8131","Graphilbum",NA,69,8,6,1,7,5,56,0.0769230769230769,0.0532830517823025,0.0547450695044479,0.431820168551503,0.5575,0.884,1,1,0.536815624540364,1,"co-occurring",FALSE
"asv","Euwallacea validus","ASV_22950","Sporothrix",NA,69,8,6,1,7,5,56,0.0769230769230769,0.0601396269230198,0.0620144765881506,0.270637614367352,0.582,0.844,1,1,0.536815624540364,1,"co-occurring",FALSE
"asv","Euwallacea validus","ASV_6959","Ophiostoma","adjuncti",69,8,7,1,7,6,55,0.0714285714285714,0.0382663859402225,0.0461812722681068,0.718087308115394,0.4575,0.932,0.915,1,1,1,"co-occurring",FALSE
"asv","Euwallacea validus","ASV_21569","Sporothrix",NA,69,8,7,1,7,6,55,0.0714285714285714,0.0727094316388973,0.0596776153254002,-0.021462992502998,0.7185,0.765,1,1,1,1,"avoiding",FALSE
"asv","Euwallacea validus","ASV_1122","Raffaelea","arxii",69,8,8,1,7,7,54,0.0666666666666667,0.0226446556611642,0.0315810419603679,1.39393789035672,0.34,1,0.68,1,1,1,"co-occurring",FALSE
"asv","Euwallacea validus","ASV_4044","Graphilbum",NA,69,8,6,0,8,6,55,0,0.114905004950025,0.0777486608272487,-1.47790333270607,1,0.138,0.276,1,1,1,"avoiding",FALSE
"asv","Euwallacea validus","ASV_6045","Sporothrix",NA,69,8,7,0,8,7,54,0,0.0646449598425586,0.0563729294449452,-1.14673763593733,1,0.321,0.642,1,0.58828055514699,1,"avoiding",FALSE
"asv","Euwallacea validus","ASV_7819","Hawksworthiomyces",NA,69,8,5,0,8,5,56,0,0.0273053193263301,0.039123247702425,-0.697930793834315,1,0.6725,1,1,1,1,"avoiding",FALSE
"asv","Euwallacea validus","ASV_8974","Ophiostoma","karelicum",69,8,3,0,8,3,58,0,0.0341170585292648,0.0474221167949442,-0.71943348030601,1,0.659,1,1,1,1,"avoiding",FALSE
"asv","Euwallacea validus","ASV_9363","Sporothrix",NA,69,8,5,0,8,5,56,0,0.0168834417208604,0.0335031996284804,-0.503935203445706,1,0.7975,1,1,1,1,"avoiding",FALSE
"asv","Euwallacea validus","ASV_13560","Hawksworthiomyces",NA,69,8,7,0,8,7,54,0,0.0291574358607873,0.0351160191354057,-0.830317233521191,1,0.592,1,1,0.58828055514699,1,"avoiding",FALSE
"asv","Euwallacea validus","ASV_15738","Graphilbum",NA,69,8,7,0,8,7,54,0,0.0630260185037572,0.0542540392110217,-1.16168343261258,1,0.325,0.65,1,0.58828055514699,1,"avoiding",FALSE
"asv","Euwallacea validus","ASV_23023","Sporothrix",NA,69,8,4,0,8,4,57,0,0,0,NA,1,1,1,1,1,1,"co-occurring",FALSE
"asv","Euwallacea validus","ASV_25723","Ceratocystiopsis","manitobensis",69,8,4,0,8,4,57,0,0.0608395106644241,0.0641296846643679,-0.948694991762967,1,0.4565,0.913,1,1,1,"avoiding",FALSE
"asv","Gnathotrichus materiarius","ASV_3603","Sporothrix","eucastaneae",69,17,10,7,10,3,49,0.35,0.171316623850962,0.0624887828526036,2.85944721583888,0.0135,0.9985,0.027,0.884,0.00136257415701252,0.0860368253427904,"co-occurring",FALSE
"asv","Gnathotrichus materiarius","ASV_8274","Sporothrix","rossii",69,17,12,7,10,5,47,0.318181818181818,0.251972866301946,0.0678737950203614,0.975471488812588,0.2655,0.919,0.531,1,0.00654441749147726,0.156138980851087,"co-occurring",FALSE
"asv","Gnathotrichus materiarius","ASV_8895","Ceratocystiopsis","manitobensis",69,17,13,7,10,6,46,0.304347826086957,0.228653349171325,0.0683125212739748,1.10806153109252,0.229,0.93,0.458,1,0.0120603366862646,0.222302120420226,"co-occurring",FALSE
"asv","Gnathotrichus materiarius","ASV_660","Grosmannia","francke-grosmanniae",69,17,13,6,11,7,45,0.25,0.127227006852542,0.0504045756735244,2.43575095131583,0.031,0.998,0.062,1,0.0713277814903718,0.485028914134528,"co-occurring",FALSE
"asv","Gnathotrichus materiarius","ASV_6117","Leptographium","gracile",69,17,13,6,11,7,45,0.25,0.170675916420225,0.0530504609702589,1.49525719718526,0.144,0.9705,0.288,1,0.0713277814903718,0.485028914134528,"co-occurring",FALSE
"asv","Gnathotrichus materiarius","ASV_3556","Sporothrix","rossii",69,17,9,5,12,4,48,0.238095238095238,0.132573527494032,0.0525053547290137,2.00973236245743,0.075,0.9945,0.15,1,0.0348643027788342,0.349919918430383,"co-occurring",FALSE
"asv","Gnathotrichus materiarius","ASV_25723","Ceratocystiopsis","manitobensis",69,17,4,4,13,0,52,0.235294117647059,0.111246928934025,0.0586234395700932,2.11599983935976,0.071,1,0.142,1,0.00275303325270879,0.114078815409121,"co-occurring",FALSE
"asv","Gnathotrichus materiarius","ASV_8131","Graphilbum",NA,69,17,6,4,13,2,50,0.210526315789474,0.178657455930999,0.0656561623678539,0.485390231611804,0.4695,0.838,0.939,1,0.0291133266473954,0.323483194877213,"co-occurring",FALSE
"asv","Gnathotrichus materiarius","ASV_13249","Ophiostoma","denticulatum",69,17,6,4,13,2,50,0.210526315789474,0.173391461544594,0.0617513358757639,0.601361148195901,0.4445,0.8715,0.889,1,0.0291133266473954,0.323483194877213,"co-occurring",FALSE
"asv","Gnathotrichus materiarius","ASV_6959","Ophiostoma","adjuncti",69,17,7,4,13,3,49,0.2,0.162265864640688,0.0615883499314769,0.612683005816768,0.412,0.8715,0.824,1,0.0569714012283772,0.424404932746226,"co-occurring",FALSE
"asv","Gnathotrichus materiarius","ASV_7618","Leptographium","lundbergii",69,17,7,4,13,3,49,0.2,0.189185396084091,0.0669517261358506,0.161528380821206,0.6,0.75,1,1,0.0569714012283772,0.424404932746226,"co-occurring",FALSE
"asv","Gnathotrichus materiarius","ASV_21569","Sporothrix",NA,69,17,7,4,13,3,49,0.2,0.145648693862616,0.0593435601187969,0.915875387802497,0.321,0.924,0.642,1,0.0569714012283772,0.424404932746226,"co-occurring",FALSE
"asv","Gnathotrichus materiarius","ASV_7886","Grosmannia",NA,69,17,4,3,14,1,51,0.166666666666667,0.0887615634442623,0.0451413210474327,1.72580468215684,0.136,0.989,0.272,1,0.043655241578668,0.379527521627531,"co-occurring",FALSE
"asv","Gnathotrichus materiarius","ASV_11600","Ophiostoma","undulatum",69,17,4,3,14,1,51,0.166666666666667,0.0617019035833705,0.0441244604150544,2.37883391878225,0.0455,1,0.091,1,0.043655241578668,0.379527521627531,"co-occurring",FALSE
"asv","Gnathotrichus materiarius","ASV_1646","Raffaelea","arxii",69,17,5,3,14,2,50,0.157894736842105,0.101959346177584,0.0524395327231394,1.06666455171976,0.28,0.9505,0.56,1,0.0917939944546045,0.531473069435431,"co-occurring",FALSE
"asv","Gnathotrichus materiarius","ASV_7106","Ophiostoma","denticiliatum",69,17,5,3,14,2,50,0.157894736842105,0.105368911297261,0.0566693763779457,0.92688201109772,0.317,0.9265,0.634,1,0.0917939944546045,0.531473069435431,"co-occurring",FALSE
"asv","Gnathotrichus materiarius","ASV_7819","Hawksworthiomyces",NA,69,17,5,3,14,2,50,0.157894736842105,0.0660988388931309,0.0413151251772787,2.22184726671136,0.0595,1,0.119,1,0.0917939944546045,0.531473069435431,"co-occurring",FALSE
"asv","Gnathotrichus materiarius","ASV_9363","Sporothrix",NA,69,17,5,3,14,2,50,0.157894736842105,0.122517148298459,0.0499860458262331,0.707749292005009,0.4,0.906,0.8,1,0.0917939944546045,0.531473069435431,"co-occurring",FALSE
"asv","Gnathotrichus materiarius","ASV_15268","Grosmannia","olivacea",69,17,5,3,14,2,50,0.157894736842105,0.0935313939342259,0.0499751817131976,1.28790613063208,0.2335,0.9735,0.467,1,0.0917939944546045,0.531473069435431,"co-occurring",FALSE
"asv","Gnathotrichus materiarius","ASV_5162","Sporothrix",NA,69,17,7,3,14,4,48,0.142857142857143,0.0711467832344058,0.0461530310556067,1.55375189846877,0.1475,0.9745,0.295,1,0.351603314127649,0.928491546661409,"co-occurring",FALSE
"asv","Gnathotrichus materiarius","ASV_15258","Ophiostoma","pallidulum",69,17,7,3,14,4,48,0.142857142857143,0.137847752370344,0.0600980116040164,0.0833536809804216,0.6145,0.724,1,1,0.351603314127649,0.928491546661409,"co-occurring",FALSE
"asv","Gnathotrichus materiarius","ASV_1122","Raffaelea","arxii",69,17,8,3,14,5,47,0.136363636363636,0.0738550034475164,0.0430423740339808,1.45225802059085,0.182,0.9775,0.364,1,0.396863698846073,0.95506581609781,"co-occurring",FALSE
"asv","Gnathotrichus materiarius","ASV_16537","Graphilbum",NA,69,17,3,2,15,1,51,0.111111111111111,0.0925504031685624,0.0458982285389696,0.404388328991604,0.602,0.877,1,1,0.147955872809864,0.67651547360648,"co-occurring",FALSE
"asv","Gnathotrichus materiarius","ASV_17726",NA,NA,69,17,3,2,15,1,51,0.111111111111111,0.073111030919658,0.0448431442855471,0.847399993842547,0.423,0.9505,0.846,1,0.147955872809864,0.67651547360648,"co-occurring",FALSE
"asv","Gnathotrichus materiarius","ASV_28495","Raffaelea","subfusca",69,17,3,2,15,1,51,0.111111111111111,0.0601909141705367,0.0446027236654588,1.14163873315225,0.296,0.966,0.592,1,0.147955872809864,0.67651547360648,"co-occurring",FALSE
"asv","Gnathotrichus materiarius","ASV_4337","Ophiostoma","undulatum",69,17,4,2,15,2,50,0.105263157894737,0.0349622179510803,0.03276246510781,2.14577687339217,0.0945,1,0.189,1,0.25225650404106,0.865061481276482,"co-occurring",FALSE
"asv","Gnathotrichus materiarius","ASV_6746","Graphilbum",NA,69,17,4,2,15,2,50,0.105263157894737,0.0685680559578038,0.0431734551139668,0.849945917927286,0.407,0.9435,0.814,1,0.25225650404106,0.865061481276482,"co-occurring",FALSE
"asv","Gnathotrichus materiarius","ASV_15738","Graphilbum",NA,69,17,7,2,15,5,47,0.0909090909090909,0.150581256134718,0.0584215972055857,-1.02140591972589,0.941,0.2815,0.563,1,1,1,"avoiding",FALSE
"asv","Gnathotrichus materiarius","ASV_9224","Ophiostoma","sparsiannulatum",69,17,3,1,16,2,50,0.0526315789473684,0.0470386552065171,0.0409507334505703,0.136576888118554,0.6765,0.824,1,1,1,1,"co-occurring",FALSE
"asv","Gnathotrichus materiarius","ASV_11554","Raffaelea","crossotarsi",69,17,3,1,16,2,50,0.0526315789473684,0.0529036448048597,0.0345743590758486,-0.0078690065344221,0.7985,0.814,1,1,1,1,"avoiding",FALSE
"asv","Gnathotrichus materiarius","ASV_5724","Graphilbum",NA,69,17,4,1,16,3,49,0.05,0.044293199231194,0.0356640370808019,0.160015557293091,0.6925,0.825,1,1,1,1,"co-occurring",FALSE
"asv","Gnathotrichus materiarius","ASV_22166","Grosmannia","cucullata",69,17,4,1,16,3,49,0.05,0.0344514362444375,0.0318800211888075,0.487721249100718,0.598,0.9175,1,1,1,1,"co-occurring",FALSE
"asv","Gnathotrichus materiarius","ASV_27488","Ceratocystiopsis","synnemata",69,17,4,1,16,3,49,0.05,0.00800400200100055,0.0183386010447983,2.29003280546918,0.1605,1,0.321,1,1,1,"co-occurring",FALSE
"asv","Gnathotrichus materiarius","ASV_4044","Graphilbum",NA,69,17,6,1,16,5,47,0.0454545454545455,0.101558202964171,0.0491092727883875,-1.14242492963349,0.98,0.283,0.566,1,1,1,"avoiding",FALSE
"asv","Gnathotrichus materiarius","ASV_22950","Sporothrix",NA,69,17,6,1,16,5,47,0.0454545454545455,0.033357587884852,0.0300343323808742,0.402770982763604,0.619,0.895,1,1,1,1,"co-occurring",FALSE
"asv","Gnathotrichus materiarius","ASV_6045","Sporothrix",NA,69,17,7,0,17,7,45,0,0.0934579328655083,0.0496743550352328,-1.8814121048823,1,0.058,0.116,1,0.180972607319136,0.719377464700006,"avoiding",FALSE
"asv","Gnathotrichus materiarius","ASV_8974","Ophiostoma","karelicum",69,17,3,0,17,3,49,0,0.0165404339596701,0.0268485074272733,-0.616065306590114,1,0.707,1,1,0.569759896171317,1,"avoiding",FALSE
"asv","Gnathotrichus materiarius","ASV_13560","Hawksworthiomyces",NA,69,17,7,0,17,7,45,0,0.066839179047457,0.0408730440380714,-1.63528752556818,1,0.131,0.262,1,0.180972607319136,0.719377464700006,"avoiding",FALSE
"asv","Gnathotrichus materiarius","ASV_23023","Sporothrix",NA,69,17,4,0,17,4,48,0,0.059571891208762,0.0415415570750443,-1.43403125456145,1,0.196,0.392,1,0.565414036536684,1,"avoiding",FALSE
"asv","Heteroborips seriatus","ASV_660","Grosmannia","francke-grosmanniae",69,21,13,13,8,0,48,0.619047619047619,0.278429395196374,0.0687954486924943,4.951173810549,5e-04,1,0.001,0.3315,5.26483943325486e-09,6.98117708849594e-06,"co-occurring",FALSE
"asv","Heteroborips seriatus","ASV_1122","Raffaelea","arxii",69,21,8,8,13,0,48,0.380952380952381,0.188028233102076,0.0596602242385544,3.23371476243348,0.008,1,0.016,0.767684210526316,2.43366773269852e-05,0.00645408682711648,"co-occurring",FALSE
"asv","Heteroborips seriatus","ASV_3603","Sporothrix","eucastaneae",69,21,10,7,14,3,45,0.291666666666667,0.14379659620098,0.0499967222243974,2.95759529598781,0.009,0.999,0.018,0.767684210526316,0.0066322404242797,0.156138980851087,"co-occurring",FALSE
"asv","Heteroborips seriatus","ASV_21569","Sporothrix",NA,69,21,7,6,15,1,47,0.272727272727273,0.114126761927183,0.0533301803880463,2.97393538979365,0.0115,0.9995,0.023,0.782,0.00252197510471358,0.110669732846671,"co-occurring",FALSE
"asv","Heteroborips seriatus","ASV_6117","Leptographium","gracile",69,21,13,7,14,6,42,0.259259259259259,0.174608047299139,0.049854709874488,1.69795817031598,0.102,0.9865,0.204,1,0.0525734166628686,0.422011292329606,"co-occurring",FALSE
"asv","Heteroborips seriatus","ASV_3556","Sporothrix","rossii",69,21,9,6,15,3,45,0.25,0.163925015689876,0.0552107955252414,1.55902452575189,0.129,0.9745,0.258,1,0.0190530421928955,0.257167128782963,"co-occurring",FALSE
"asv","Heteroborips seriatus","ASV_1646","Raffaelea","arxii",69,21,5,5,16,0,48,0.238095238095238,0.10907390736588,0.0491090472947366,2.62724157434807,0.022,1,0.044,1,0.0018106487931277,0.101969188042269,"co-occurring",FALSE
"asv","Heteroborips seriatus","ASV_8274","Sporothrix","rossii",69,21,12,6,15,6,42,0.222222222222222,0.113921333945482,0.0390147783347883,2.77589397913282,0.011,1,0.022,0.767684210526316,0.164975151898807,0.719377464700006,"co-occurring",FALSE
"asv","Heteroborips seriatus","ASV_5162","Sporothrix",NA,69,21,7,5,16,2,46,0.217391304347826,0.130106878039539,0.0439276161388685,1.98700576039352,0.0765,1,0.153,1,0.0237970984239641,0.290103560530084,"co-occurring",FALSE
"asv","Heteroborips seriatus","ASV_15258","Ophiostoma","pallidulum",69,21,7,5,16,2,46,0.217391304347826,0.0873521921371938,0.0431564139537095,3.01320476604278,0.0095,1,0.019,0.767684210526316,0.0237970984239641,0.290103560530084,"co-occurring",FALSE
"asv","Heteroborips seriatus","ASV_11600","Ophiostoma","undulatum",69,21,4,4,17,0,48,0.19047619047619,0.0728955080777725,0.0442765898190779,2.65559481610652,0.0245,1,0.049,1,0.00692306891490004,0.156138980851087,"co-occurring",FALSE
"asv","Heteroborips seriatus","ASV_22166","Grosmannia","cucullata",69,21,4,4,17,0,48,0.19047619047619,0.0967858882386777,0.042976409005093,2.18004026875326,0.054,1,0.108,1,0.00692306891490004,0.156138980851087,"co-occurring",FALSE
"asv","Heteroborips seriatus","ASV_7106","Ophiostoma","denticiliatum",69,21,5,4,17,1,47,0.181818181818182,0.0787003778569132,0.0429677748257891,2.39988699390078,0.041,1,0.082,1,0.0273727494019894,0.310224493222546,"co-occurring",FALSE
"asv","Heteroborips seriatus","ASV_13249","Ophiostoma","denticulatum",69,21,6,4,17,2,46,0.173913043478261,0.0901246625136837,0.045155281627086,1.85556103174246,0.096,0.99,0.192,1,0.064917084671255,0.446010643907172,"co-occurring",FALSE
"asv","Heteroborips seriatus","ASV_11554","Raffaelea","crossotarsi",69,21,3,3,18,0,48,0.142857142857143,0.0825565238858845,0.0354040093709642,1.70321441109753,0.15,1,0.3,1,0.0253845860213002,0.300535366645036,"co-occurring",FALSE
"asv","Heteroborips seriatus","ASV_4337","Ophiostoma","undulatum",69,21,4,3,18,1,47,0.136363636363636,0.121478182155258,0.0428706614727868,0.347217740454684,0.5895,0.829,1,1,0.0807691373405005,0.5214769189796,"co-occurring",FALSE
"asv","Heteroborips seriatus","ASV_8131","Graphilbum",NA,69,21,6,3,18,3,45,0.125,0.0753464190289125,0.0393426308506892,1.26208084963941,0.2325,0.967,0.465,1,0.359177477483009,0.935696139769095,"co-occurring",FALSE
"asv","Heteroborips seriatus","ASV_22950","Sporothrix",NA,69,21,6,3,18,3,45,0.125,0.0955612254287693,0.0360452106529439,0.816718061511076,0.393,0.9255,0.786,1,0.359177477483009,0.935696139769095,"co-occurring",FALSE
"asv","Heteroborips seriatus","ASV_7618","Leptographium","lundbergii",69,21,7,3,18,4,44,0.12,0.0855117029591228,0.0432077974454058,0.798196137733105,0.372,0.9095,0.744,1,0.666711690416695,1,"co-occurring",FALSE
"asv","Heteroborips seriatus","ASV_8895","Ceratocystiopsis","manitobensis",69,21,13,3,18,10,38,0.0967741935483871,0.0980970618056324,0.0381673006078953,-0.0346597279916536,0.69,0.6815,1,1,0.7403030243516,1,"avoiding",FALSE
"asv","Heteroborips seriatus","ASV_9224","Ophiostoma","sparsiannulatum",69,21,3,2,19,1,47,0.0909090909090909,0.051634512908628,0.0320426827931073,1.22569568391169,0.336,1,0.672,1,0.217773027445891,0.804364998309892,"co-occurring",FALSE
"asv","Heteroborips seriatus","ASV_16537","Graphilbum",NA,69,21,3,2,19,1,47,0.0909090909090909,0.0454199431731672,0.0355769403342144,1.27861326209035,0.25,0.972,0.5,1,0.217773027445891,0.804364998309892,"co-occurring",FALSE
"asv","Heteroborips seriatus","ASV_17726",NA,NA,69,21,3,2,19,1,47,0.0909090909090909,0.0299378938481096,0.0306369854086057,1.9901173776665,0.124,1,0.248,1,0.217773027445891,0.804364998309892,"co-occurring",FALSE
"asv","Heteroborips seriatus","ASV_28495","Raffaelea","subfusca",69,21,3,2,19,1,47,0.0909090909090909,0.0450857839987184,0.032265607481983,1.42019042833643,0.2585,1,0.517,1,0.217773027445891,0.804364998309892,"co-occurring",FALSE
"asv","Heteroborips seriatus","ASV_5724","Graphilbum",NA,69,21,4,2,19,2,46,0.0869565217391304,0.0569070767267691,0.0277180045747903,1.08411285275894,0.4155,1,0.831,1,0.579854737010137,1,"co-occurring",FALSE
"asv","Heteroborips seriatus","ASV_6746","Graphilbum",NA,69,21,4,2,19,2,46,0.0869565217391304,0.02794060073515,0.0287268482142465,2.05438203884521,0.1125,1,0.225,1,0.579854737010137,1,"co-occurring",FALSE
"asv","Heteroborips seriatus","ASV_7886","Grosmannia",NA,69,21,4,2,19,2,46,0.0869565217391304,0.065566874346264,0.036920337058791,0.579345940390689,0.499,0.8925,0.998,1,0.579854737010137,1,"co-occurring",FALSE
"asv","Heteroborips seriatus","ASV_25723","Ceratocystiopsis","manitobensis",69,21,4,2,19,2,46,0.0869565217391304,0.0501850892508181,0.0362942639542214,1.01314721617424,0.3235,0.9475,0.647,1,0.579854737010137,1,"co-occurring",FALSE
"asv","Heteroborips seriatus","ASV_7819","Hawksworthiomyces",NA,69,21,5,2,19,3,45,0.0833333333333333,0.108384989596248,0.0394896011656942,-0.634386155428632,0.8925,0.4955,0.991,1,0.636412753181849,1,"avoiding",FALSE
"asv","Heteroborips seriatus","ASV_9363","Sporothrix",NA,69,21,5,2,19,3,45,0.0833333333333333,0.0627795781948952,0.0357308455999871,0.575238419167039,0.507,0.893,1,1,0.636412753181849,1,"co-occurring",FALSE
"asv","Heteroborips seriatus","ASV_6045","Sporothrix",NA,69,21,7,2,19,5,43,0.0769230769230769,0.106332171412103,0.0387364220252409,-0.759210400740224,0.9155,0.433,0.866,1,1,1,"avoiding",FALSE
"asv","Heteroborips seriatus","ASV_13560","Hawksworthiomyces",NA,69,21,7,2,19,5,43,0.0769230769230769,0.11302163902464,0.0301697601015252,-1.19651472136626,1,0.3325,0.665,1,1,1,"avoiding",FALSE
"asv","Heteroborips seriatus","ASV_8974","Ophiostoma","karelicum",69,21,3,1,20,2,46,0.0434782608695652,0.0360180090045013,0.0163962771703612,0.454996691477594,0.8285,1,1,1,1,1,"co-occurring",FALSE
"asv","Heteroborips seriatus","ASV_27488","Ceratocystiopsis","synnemata",69,21,4,1,20,3,45,0.0416666666666667,0.0277430381857591,0.0196590206226981,0.70825646649109,0.666,1,1,1,1,1,"co-occurring",FALSE
"asv","Heteroborips seriatus","ASV_15268","Grosmannia","olivacea",69,21,5,1,20,4,44,0.04,0.0482064945516241,0.0354789051403724,-0.231306307766687,0.775,0.659,1,1,1,1,"avoiding",FALSE
"asv","Heteroborips seriatus","ASV_4044","Graphilbum",NA,69,21,6,1,20,5,43,0.0384615384615385,0.0384453765344208,0.0250529177819119,0.000645111569770459,0.796,0.8115,1,1,0.659136956107983,1,"co-occurring",FALSE
"asv","Heteroborips seriatus","ASV_6959","Ophiostoma","adjuncti",69,21,7,1,20,6,42,0.037037037037037,0.0509422802569388,0.0313569307224198,-0.443450391972185,0.8635,0.595,1,1,0.426845103974165,0.962579265084596,"avoiding",FALSE
"asv","Heteroborips seriatus","ASV_15738","Graphilbum",NA,69,21,7,1,20,6,42,0.037037037037037,0.0510963173894651,0.0329550482700739,-0.426619928977472,0.846,0.5865,1,1,0.426845103974165,0.962579265084596,"avoiding",FALSE
"asv","Heteroborips seriatus","ASV_23023","Sporothrix",NA,69,21,4,0,21,4,44,0,0.0341801335450332,0.0297786710336717,-1.14780587442551,1,0.354,0.708,1,0.305846956799356,0.893932158878959,"avoiding",FALSE
"asv","Hylastes opacus","ASV_1122","Raffaelea","arxii",69,8,8,4,4,4,57,0.333333333333333,0.121301843062721,0.0758580287834583,2.79510941255631,0.0275,0.9995,0.055,1,0.00461606564050578,0.134639844256976,"co-occurring",FALSE
"asv","Hylastes opacus","ASV_660","Grosmannia","francke-grosmanniae",69,8,13,5,3,8,53,0.3125,0.0881044237288937,0.0565236053927475,3.96994449862001,0.0025,1,0.005,0.473571428571429,0.00459437611053716,0.134639844256976,"co-occurring",FALSE
"asv","Hylastes opacus","ASV_3556","Sporothrix","rossii",69,8,9,4,4,5,56,0.307692307692308,0.0772334198234651,0.0644413283473248,3.57625911475193,0.01,1,0.02,0.767684210526316,0.00788195229983687,0.168572076606189,"co-occurring",FALSE
"asv","Hylastes opacus","ASV_22950","Sporothrix",NA,69,8,6,3,5,3,58,0.272727272727273,0.0695046824111363,0.0679226979188405,2.9919687607074,0.027,0.999,0.054,1,0.0179098204540049,0.257167128782963,"co-occurring",FALSE
"asv","Hylastes opacus","ASV_16537","Graphilbum",NA,69,8,3,2,6,1,60,0.222222222222222,0.0529153465621695,0.0637936774241759,2.65397579346774,0.0585,1,0.117,1,0.0336679772493034,0.348779201817002,"co-occurring",FALSE
"asv","Hylastes opacus","ASV_17726",NA,NA,69,8,3,2,6,1,60,0.222222222222222,0.0342393418931689,0.0560029305735599,3.35666148902936,0.033,1,0.066,1,0.0336679772493034,0.348779201817002,"co-occurring",FALSE
"asv","Hylastes opacus","ASV_7886","Grosmannia",NA,69,8,4,2,6,2,59,0.2,0.0962299331483928,0.0714949303266287,1.45143251944617,0.258,1,0.516,1,0.0633035704990508,0.439479238124301,"co-occurring",FALSE
"asv","Hylastes opacus","ASV_11600","Ophiostoma","undulatum",69,8,4,2,6,2,59,0.2,0.0768414510285455,0.0726055612568469,1.69626880970967,0.1545,0.986,0.309,1,0.0633035704990508,0.439479238124301,"co-occurring",FALSE
"asv","Hylastes opacus","ASV_22166","Grosmannia","cucullata",69,8,4,2,6,2,59,0.2,0.0465990571043104,0.0618316431960279,2.48094559624358,0.0715,0.9965,0.143,1,0.0633035704990508,0.439479238124301,"co-occurring",FALSE
"asv","Hylastes opacus","ASV_1646","Raffaelea","arxii",69,8,5,2,6,3,58,0.181818181818182,0.0571763154304419,0.0538828810771616,2.31319973795109,0.079,1,0.158,1,0.0991702372013094,0.5433873327642,"co-occurring",FALSE
"asv","Hylastes opacus","ASV_7106","Ophiostoma","denticiliatum",69,8,5,2,6,3,58,0.181818181818182,0.0284233025603713,0.0463038229840479,3.31279081018119,0.033,1,0.066,1,0.0991702372013094,0.5433873327642,"co-occurring",FALSE
"asv","Hylastes opacus","ASV_9363","Sporothrix",NA,69,8,5,2,6,3,58,0.181818181818182,0.0864106295572042,0.063739035774666,1.49684649448209,0.242,1,0.484,1,0.0991702372013094,0.5433873327642,"co-occurring",FALSE
"asv","Hylastes opacus","ASV_8274","Sporothrix","rossii",69,8,12,3,5,9,52,0.176470588235294,0.0920007647442591,0.0458509683576039,1.84226912793275,0.1295,1,0.259,1,0.136505872994569,0.66022299569347,"co-occurring",FALSE
"asv","Hylastes opacus","ASV_6117","Leptographium","gracile",69,8,13,3,5,10,51,0.166666666666667,0.147884739583416,0.0640599997424747,0.293192743658366,0.558,0.8115,1,1,0.166657072282347,0.719377464700006,"co-occurring",FALSE
"asv","Hylastes opacus","ASV_8131","Graphilbum",NA,69,8,6,2,6,4,57,0.166666666666667,0.0527058400995382,0.0506422851393696,2.25030972148085,0.0865,1,0.173,1,0.139800445574962,0.664427924130463,"co-occurring",FALSE
"asv","Hylastes opacus","ASV_13249","Ophiostoma","denticulatum",69,8,6,2,6,4,57,0.166666666666667,0.0663536896653467,0.0564540541171632,1.77689589472411,0.1665,1,0.333,1,0.139800445574962,0.664427924130463,"co-occurring",FALSE
"asv","Hylastes opacus","ASV_5162","Sporothrix",NA,69,8,7,2,6,5,56,0.153846153846154,0.0368810779015879,0.0449848131582037,2.60010140607276,0.0595,1,0.119,1,0.183913243237784,0.719377464700006,"co-occurring",FALSE
"asv","Hylastes opacus","ASV_7618","Leptographium","lundbergii",69,8,7,2,6,5,56,0.153846153846154,0.0634300666816923,0.0515649873597809,1.75343952929936,0.17,1,0.34,1,0.183913243237784,0.719377464700006,"co-occurring",FALSE
"asv","Hylastes opacus","ASV_15258","Ophiostoma","pallidulum",69,8,7,2,6,5,56,0.153846153846154,0.0367958704627036,0.0452681977769519,2.58570672418167,0.0615,1,0.123,1,0.183913243237784,0.719377464700006,"co-occurring",FALSE
"asv","Hylastes opacus","ASV_15738","Graphilbum",NA,69,8,7,2,6,5,56,0.153846153846154,0.0647755196279457,0.0592027002096663,1.50450290109682,0.191,0.9795,0.382,1,0.183913243237784,0.719377464700006,"co-occurring",FALSE
"asv","Hylastes opacus","ASV_21569","Sporothrix",NA,69,8,7,2,6,5,56,0.153846153846154,0.0868331268531387,0.0698429019210875,0.959482283091992,0.3095,0.936,0.619,1,0.183913243237784,0.719377464700006,"co-occurring",FALSE
"asv","Hylastes opacus","ASV_3603","Sporothrix","eucastaneae",69,8,10,2,6,8,53,0.125,0.0408571933025344,0.0458138729128059,1.83662286874563,0.1315,0.986,0.263,1,0.326795784583521,0.898494670059224,"co-occurring",FALSE
"asv","Hylastes opacus","ASV_28495","Raffaelea","subfusca",69,8,3,1,7,2,59,0.1,0.0507253626813399,0.0500072478436166,0.985349913131641,0.5075,1,1,1,0.313089285032637,0.893932158878959,"co-occurring",FALSE
"asv","Hylastes opacus","ASV_4337","Ophiostoma","undulatum",69,8,4,1,7,3,58,0.0909090909090909,0.079503388057666,0.0680512277145014,0.167604659526141,0.67,0.8295,1,1,0.396351189877166,0.95506581609781,"co-occurring",FALSE
"asv","Hylastes opacus","ASV_6746","Graphilbum",NA,69,8,4,1,7,3,58,0.0909090909090909,0.0459623751269581,0.0628135184292563,0.715558002577965,0.4115,0.9275,0.823,1,0.396351189877166,0.95506581609781,"co-occurring",FALSE
"asv","Hylastes opacus","ASV_25723","Ceratocystiopsis","manitobensis",69,8,4,1,7,3,58,0.0909090909090909,0.028414207103552,0.0475090708379905,1.31543056311606,0.2865,0.978,0.573,1,0.396351189877166,0.95506581609781,"co-occurring",FALSE
"asv","Hylastes opacus","ASV_27488","Ceratocystiopsis","synnemata",69,8,4,1,7,3,58,0.0909090909090909,0.0522533994269872,0.0449544463178102,0.859885832178272,0.575,1,1,1,0.396351189877166,0.95506581609781,"co-occurring",FALSE
"asv","Hylastes opacus","ASV_7819","Hawksworthiomyces",NA,69,8,5,1,7,4,57,0.0833333333333333,0.0424075674200736,0.052773099750825,0.77550430250442,0.44,0.9415,0.88,1,0.47064642804613,1,"co-occurring",FALSE
"asv","Hylastes opacus","ASV_6959","Ophiostoma","adjuncti",69,8,7,1,7,6,55,0.0714285714285714,0.0478398539929301,0.0468529669873159,0.503462618323132,0.573,0.916,1,1,1,1,"co-occurring",FALSE
"asv","Hylastes opacus","ASV_8895","Ceratocystiopsis","manitobensis",69,8,13,1,7,12,49,0.05,0.0616097522445432,0.0436708504075525,-0.265846717803676,0.7955,0.655,1,1,1,1,"avoiding",FALSE
"asv","Hylastes opacus","ASV_4044","Graphilbum",NA,69,8,6,0,8,6,55,0,0.055091648388298,0.052110721621867,-1.05720371304895,1,0.402,0.804,1,1,1,"avoiding",FALSE
"asv","Hylastes opacus","ASV_5724","Graphilbum",NA,69,8,4,0,8,4,57,0,0.0153713220246486,0.0340836692474613,-0.450987888453165,1,0.831,1,1,1,1,"avoiding",FALSE
"asv","Hylastes opacus","ASV_6045","Sporothrix",NA,69,8,7,0,8,7,54,0,0.0626893116888114,0.0597635430481919,-1.04895574277215,1,0.3625,0.725,1,0.58828055514699,1,"avoiding",FALSE
"asv","Hylastes opacus","ASV_8974","Ophiostoma","karelicum",69,8,3,0,8,3,58,0,0.0169084542271137,0.0374920361722076,-0.450987888453166,1,0.831,1,1,1,1,"avoiding",FALSE
"asv","Hylastes opacus","ASV_9224","Ophiostoma","sparsiannulatum",69,8,3,0,8,3,58,0,0,0,NA,1,1,1,1,1,1,"co-occurring",FALSE
"asv","Hylastes opacus","ASV_11554","Raffaelea","crossotarsi",69,8,3,0,8,3,58,0,0.0169084542271137,0.0374920361722076,-0.450987888453166,1,0.831,1,1,1,1,"avoiding",FALSE
"asv","Hylastes opacus","ASV_13560","Hawksworthiomyces",NA,69,8,7,0,8,7,54,0,0.0479333073129967,0.0462148120449922,-1.03718494551772,1,0.421,0.842,1,0.58828055514699,1,"avoiding",FALSE
"asv","Hylastes opacus","ASV_15268","Grosmannia","olivacea",69,8,5,0,8,5,56,0,0.0424515287947003,0.0561285009385782,-0.756327500019202,1,0.579,1,1,1,1,"avoiding",FALSE
"asv","Hylastes opacus","ASV_23023","Sporothrix",NA,69,8,4,0,8,4,57,0,0.0595479557960809,0.0598570620920398,-0.9948359260352,1,0.4395,0.879,1,1,1,"avoiding",FALSE
"asv","Hylastes porculus","ASV_9363","Sporothrix",NA,69,10,5,4,6,1,58,0.363636363636364,0.189600794403194,0.0752512234755607,2.31272743744414,0.067,1,0.134,1,0.00112488191275839,0.078504916648296,"co-occurring",FALSE
"asv","Hylastes porculus","ASV_6959","Ophiostoma","adjuncti",69,10,7,4,6,3,56,0.307692307692308,0.19159641634004,0.0749964272715714,1.54801896004819,0.1715,0.9845,0.343,1,0.006738891969071,0.156138980851087,"co-occurring",FALSE
"asv","Hylastes porculus","ASV_8274","Sporothrix","rossii",69,10,12,5,5,7,52,0.294117647058824,0.26251227178777,0.0704017787118049,0.448928647107521,0.4945,0.8475,0.989,1,0.0108964710436384,0.209401747882095,"co-occurring",FALSE
"asv","Hylastes porculus","ASV_23023","Sporothrix",NA,69,10,4,2,8,2,57,0.166666666666667,0.170933135565452,0.089586570752149,-0.047623978270011,0.706,0.73,1,1,0.0974955494556976,0.543189489824601,"avoiding",FALSE
"asv","Hylastes porculus","ASV_1646","Raffaelea","arxii",69,10,5,2,8,3,56,0.153846153846154,0.0747296725285732,0.0511400486309527,1.54705526168966,0.226,1,0.452,1,0.149563113910177,0.677817994971654,"co-occurring",FALSE
"asv","Hylastes porculus","ASV_6117","Leptographium","gracile",69,10,13,3,7,10,49,0.15,0.215166278479416,0.0749115634334581,-0.869909470482507,0.907,0.3325,0.665,1,0.384511309248254,0.95506581609781,"avoiding",FALSE
"asv","Hylastes porculus","ASV_8895","Ceratocystiopsis","manitobensis",69,10,13,3,7,10,49,0.15,0.152689962357955,0.0562032051855575,-0.0478613692773157,0.695,0.6955,1,1,0.384511309248254,0.95506581609781,"avoiding",FALSE
"asv","Hylastes porculus","ASV_8131","Graphilbum",NA,69,10,6,2,8,4,55,0.142857142857143,0.160304694471778,0.0627356225646657,-0.278112353099718,0.8385,0.7025,1,1,0.206512012532263,0.780156491788549,"avoiding",FALSE
"asv","Hylastes porculus","ASV_6045","Sporothrix",NA,69,10,7,2,8,5,54,0.133333333333333,0.0993797493985087,0.0591839325269904,0.573695976003966,0.4925,0.891,0.985,1,0.266172763469687,0.865061481276482,"co-occurring",FALSE
"asv","Hylastes porculus","ASV_15258","Ophiostoma","pallidulum",69,10,7,2,8,5,54,0.133333333333333,0.178943707201587,0.0795657205534473,-0.57324151092952,0.866,0.5015,1,1,0.266172763469687,0.865061481276482,"avoiding",FALSE
"asv","Hylastes porculus","ASV_15738","Graphilbum",NA,69,10,7,2,8,5,54,0.133333333333333,0.111448879201505,0.0551817899518429,0.3965883337769,0.57,0.865,1,1,0.266172763469687,0.865061481276482,"co-occurring",FALSE
"asv","Hylastes porculus","ASV_21569","Sporothrix",NA,69,10,7,2,8,5,54,0.133333333333333,0.123328834747043,0.0618989486045305,0.161626308876556,0.645,0.813,1,1,0.266172763469687,0.865061481276482,"co-occurring",FALSE
"asv","Hylastes porculus","ASV_1122","Raffaelea","arxii",69,10,8,2,8,6,53,0.125,0.0823191007268351,0.0484839232032794,0.880310347292152,0.43,0.9635,0.86,1,0.326795784583521,0.898494670059224,"co-occurring",FALSE
"asv","Hylastes porculus","ASV_3556","Sporothrix","rossii",69,10,9,2,8,7,52,0.117647058823529,0.0987981735966027,0.0481942290498738,0.391102536517825,0.5805,0.865,1,1,0.608718861382374,1,"co-occurring",FALSE
"asv","Hylastes porculus","ASV_660","Grosmannia","francke-grosmanniae",69,10,13,2,8,11,48,0.0952380952380952,0.0640430604912864,0.0398845911097865,0.782132494750699,0.4205,0.928,0.841,1,1,1,"co-occurring",FALSE
"asv","Hylastes porculus","ASV_16537","Graphilbum",NA,69,10,3,1,9,2,57,0.0833333333333333,0.0886503857989615,0.060793057690367,-0.0874615074094346,0.789,0.7675,1,1,0.379528190250792,0.95506581609781,"avoiding",FALSE
"asv","Hylastes porculus","ASV_17726",NA,NA,69,10,3,1,9,2,57,0.0833333333333333,0.122555974957179,0.0746200001181479,-0.525631755048825,0.88,0.567,1,1,0.379528190250792,0.95506581609781,"avoiding",FALSE
"asv","Hylastes porculus","ASV_28495","Raffaelea","subfusca",69,10,3,1,9,2,57,0.0833333333333333,0.0277221944305488,0.0392738387246876,1.4159842966363,0.333,1,0.666,1,0.379528190250792,0.95506581609781,"co-occurring",FALSE
"asv","Hylastes porculus","ASV_4337","Ophiostoma","undulatum",69,10,4,1,9,3,56,0.0769230769230769,0.0255897179358914,0.0362527742074049,1.41598429663626,0.333,1,0.666,1,0.473539070515824,1,"co-occurring",FALSE
"asv","Hylastes porculus","ASV_6746","Graphilbum",NA,69,10,4,1,9,3,56,0.0769230769230769,0.112299739613394,0.0692744729611974,-0.510673862652588,0.874,0.5695,1,1,0.473539070515824,1,"avoiding",FALSE
"asv","Hylastes porculus","ASV_7886","Grosmannia",NA,69,10,4,1,9,3,56,0.0769230769230769,0.0660522568976809,0.0554664667669778,0.195989048140849,0.675,0.8425,1,1,0.473539070515824,1,"co-occurring",FALSE
"asv","Hylastes porculus","ASV_11600","Ophiostoma","undulatum",69,10,4,1,9,3,56,0.0769230769230769,0.0393465963751114,0.0480645999765996,0.781791184494612,0.447,0.9445,0.894,1,0.473539070515824,1,"co-occurring",FALSE
"asv","Hylastes porculus","ASV_25723","Ceratocystiopsis","manitobensis",69,10,4,1,9,3,56,0.0769230769230769,0.0667513243801401,0.049153812638197,0.206937203789406,0.7325,0.884,1,1,0.473539070515824,1,"co-occurring",FALSE
"asv","Hylastes porculus","ASV_7106","Ophiostoma","denticiliatum",69,10,5,1,9,4,55,0.0714285714285714,0.0621492064713671,0.0455487388986787,0.20372386111163,0.734,0.882,1,1,0.554533059667235,1,"co-occurring",FALSE
"asv","Hylastes porculus","ASV_7819","Hawksworthiomyces",NA,69,10,5,1,9,4,55,0.0714285714285714,0.0873183844669611,0.0529777750787321,-0.299933566760312,0.841,0.6695,1,1,0.554533059667235,1,"avoiding",FALSE
"asv","Hylastes porculus","ASV_15268","Grosmannia","olivacea",69,10,5,1,9,4,55,0.0714285714285714,0.0993243874684623,0.0650471413690904,-0.428855372469091,0.849,0.602,1,1,0.554533059667235,1,"avoiding",FALSE
"asv","Hylastes porculus","ASV_13249","Ophiostoma","denticulatum",69,10,6,1,9,5,54,0.0666666666666667,0.131976977499737,0.0627881437069187,-1.04016948068929,0.964,0.3425,0.685,1,1,1,"avoiding",FALSE
"asv","Hylastes porculus","ASV_7618","Leptographium","lundbergii",69,10,7,1,9,6,53,0.0625,0.127025715238571,0.0572995096946478,-1.12611286872143,0.9715,0.3095,0.619,1,1,1,"avoiding",FALSE
"asv","Hylastes porculus","ASV_13560","Hawksworthiomyces",NA,69,10,7,1,9,6,53,0.0625,0.0408641820910455,0.0297417637376983,0.72745577901053,0.654,1,1,1,1,1,"co-occurring",FALSE
"asv","Hylastes porculus","ASV_3603","Sporothrix","eucastaneae",69,10,10,1,9,9,50,0.0526315789473684,0.0546530575229147,0.0366934905080598,-0.05509093159459,0.7895,0.776,1,1,1,1,"avoiding",FALSE
"asv","Hylastes porculus","ASV_4044","Graphilbum",NA,69,10,6,0,10,6,53,0,0.0336168084042028,0.0333404682697056,-1.00828842991231,1,0.496,0.992,1,0.582374743438033,1,"avoiding",FALSE
"asv","Hylastes porculus","ASV_5162","Sporothrix",NA,69,10,7,0,10,7,52,0,0.0423691012172754,0.0413392401850498,-1.02491243253663,1,0.425,0.85,1,0.582374743438033,1,"avoiding",FALSE
"asv","Hylastes porculus","ASV_5724","Graphilbum",NA,69,10,4,0,10,4,55,0,0,0,NA,1,1,1,1,1,1,"co-occurring",FALSE
"asv","Hylastes porculus","ASV_8974","Ophiostoma","karelicum",69,10,3,0,10,3,56,0,0.0430631982657993,0.0416536764158625,-1.03383907427196,1,0.4835,0.967,1,1,1,"avoiding",FALSE
"asv","Hylastes porculus","ASV_9224","Ophiostoma","sparsiannulatum",69,10,3,0,10,3,56,0,0,0,NA,1,1,1,1,1,1,"co-occurring",FALSE
"asv","Hylastes porculus","ASV_11554","Raffaelea","crossotarsi",69,10,3,0,10,3,56,0,0,0,NA,1,1,1,1,1,1,"co-occurring",FALSE
"asv","Hylastes porculus","ASV_22166","Grosmannia","cucullata",69,10,4,0,10,4,55,0,0.0133143494824335,0.0291089798098377,-0.457396637374896,1,0.827,1,1,1,1,"avoiding",FALSE
"asv","Hylastes porculus","ASV_22950","Sporothrix",NA,69,10,6,0,10,6,53,0,0.0115391028847757,0.0252277825018593,-0.457396637374897,1,0.827,1,1,0.582374743438033,1,"avoiding",FALSE
"asv","Hylastes porculus","ASV_27488","Ceratocystiopsis","synnemata",69,10,4,0,10,4,55,0,0,0,NA,1,1,1,1,1,1,"co-occurring",FALSE
"asv","Hylesinus aculeatus","ASV_3603","Sporothrix","eucastaneae",69,6,10,5,1,5,58,0.454545454545455,0.123731329534229,0.0791329440578745,4.18048549753542,0.0045,1,0.009,0.663,0.00012577842816038,0.0222429358760761,"co-occurring",FALSE
"asv","Hylesinus aculeatus","ASV_7106","Ophiostoma","denticiliatum",69,6,5,3,3,2,61,0.375,0.0884608971152231,0.0809145632770525,3.54125501368231,0.0165,1,0.033,0.9945,0.00356016850271918,0.125373134328358,"co-occurring",FALSE
"asv","Hylesinus aculeatus","ASV_660","Grosmannia","francke-grosmanniae",69,6,13,5,1,8,55,0.357142857142857,0.119557275136169,0.0601980493723116,3.94673223607752,0.0025,1,0.005,0.473571428571429,0.000615528495629272,0.0582993418003154,"co-occurring",FALSE
"asv","Hylesinus aculeatus","ASV_15258","Ophiostoma","pallidulum",69,6,7,3,3,4,59,0.3,0.0889270392772156,0.0717309179588673,2.94256600541234,0.028,1,0.056,1,0.0116051329477485,0.219834375553065,"co-occurring",FALSE
"asv","Hylesinus aculeatus","ASV_16537","Graphilbum",NA,69,6,3,2,4,1,62,0.285714285714286,0.0666047309368972,0.0809770280297734,2.70582361576455,0.0585,1,0.117,1,0.01841813948162,0.257167128782963,"co-occurring",FALSE
"asv","Hylesinus aculeatus","ASV_17726",NA,NA,69,6,3,2,4,1,62,0.285714285714286,0.0430572429071679,0.0708790226841699,3.4235382150848,0.033,1,0.066,1,0.01841813948162,0.257167128782963,"co-occurring",FALSE
"asv","Hylesinus aculeatus","ASV_3556","Sporothrix","rossii",69,6,9,3,3,6,57,0.25,0.0851827012407322,0.0663344342823571,2.48464165772051,0.0505,1,0.101,1,0.025902648330789,0.303954970678108,"co-occurring",FALSE
"asv","Hylesinus aculeatus","ASV_22166","Grosmannia","cucullata",69,6,4,2,4,2,61,0.25,0.0773720193430061,0.0734324624017135,2.3508401463188,0.0805,1,0.161,1,0.0353614397207175,0.349919918430383,"co-occurring",FALSE
"asv","Hylesinus aculeatus","ASV_25723","Ceratocystiopsis","manitobensis",69,6,4,2,4,2,61,0.25,0.0593550743625789,0.0804260883246025,2.370436379648,0.0865,0.996,0.173,1,0.0353614397207175,0.349919918430383,"co-occurring",FALSE
"asv","Hylesinus aculeatus","ASV_1646","Raffaelea","arxii",69,6,5,2,4,3,60,0.222222222222222,0.0687677171919281,0.0653413109023456,2.34850667841109,0.0785,1,0.157,1,0.0565622871993831,0.424404932746226,"co-occurring",FALSE
"asv","Hylesinus aculeatus","ASV_8131","Graphilbum",NA,69,6,6,2,4,4,59,0.2,0.0831688571558515,0.0741935764384009,1.57468002558345,0.1825,0.985,0.365,1,0.0814070303384443,0.5214769189796,"co-occurring",FALSE
"asv","Hylesinus aculeatus","ASV_13249","Ophiostoma","denticulatum",69,6,6,2,4,4,59,0.2,0.0789212788212297,0.0676166444445196,1.7906644462092,0.1665,1,0.333,1,0.0814070303384443,0.5214769189796,"co-occurring",FALSE
"asv","Hylesinus aculeatus","ASV_5162","Sporothrix",NA,69,6,7,2,4,5,58,0.181818181818182,0.057574241666287,0.054016138967716,2.300126268302,0.0805,1,0.161,1,0.109327789294723,0.582203408051414,"co-occurring",FALSE
"asv","Hylesinus aculeatus","ASV_7618","Leptographium","lundbergii",69,6,7,2,4,5,58,0.181818181818182,0.0939143814331424,0.0746811355659163,1.17705495127953,0.2685,0.9625,0.537,1,0.109327789294723,0.582203408051414,"co-occurring",FALSE
"asv","Hylesinus aculeatus","ASV_15738","Graphilbum",NA,69,6,7,2,4,5,58,0.181818181818182,0.0954318068124989,0.0774910832777806,1.11479116501721,0.2895,0.958,0.579,1,0.109327789294723,0.582203408051414,"co-occurring",FALSE
"asv","Hylesinus aculeatus","ASV_1122","Raffaelea","arxii",69,6,8,2,4,6,57,0.166666666666667,0.052564743910418,0.0494860068470574,2.30574115848334,0.0785,1,0.157,1,0.139800445574962,0.664427924130463,"co-occurring",FALSE
"asv","Hylesinus aculeatus","ASV_8274","Sporothrix","rossii",69,6,12,2,4,10,53,0.125,0.0827178295029882,0.0455695093397224,0.927860999814517,0.3815,0.955,0.763,1,0.278150243275067,0.882828491770797,"co-occurring",FALSE
"asv","Hylesinus aculeatus","ASV_6117","Leptographium","gracile",69,6,13,2,4,11,52,0.117647058823529,0.0871311881430917,0.0528291166525351,0.577633559181864,0.4925,0.8885,0.985,1,0.314916784364622,0.893932158878959,"co-occurring",FALSE
"asv","Hylesinus aculeatus","ASV_6746","Graphilbum",NA,69,6,4,1,5,3,60,0.111111111111111,0.0348507587126901,0.0585125189936264,1.3033168578288,0.2865,0.978,0.573,1,0.31097245694337,0.893932158878959,"co-occurring",FALSE
"asv","Hylesinus aculeatus","ASV_7886","Grosmannia",NA,69,6,4,1,5,3,60,0.111111111111111,0.055527763881942,0.0555694496549484,1.00025009378907,0.5,1,1,1,0.31097245694337,0.893932158878959,"co-occurring",FALSE
"asv","Hylesinus aculeatus","ASV_27488","Ceratocystiopsis","synnemata",69,6,4,1,5,3,60,0.111111111111111,0.0546940136735045,0.0555627742450308,1.01537581958756,0.4925,1,0.985,1,0.31097245694337,0.893932158878959,"co-occurring",FALSE
"asv","Hylesinus aculeatus","ASV_7819","Hawksworthiomyces",NA,69,6,5,1,5,4,59,0.1,0.0164582291145574,0.0370895911117172,2.25243170338027,0.165,1,0.33,1,0.374574999379366,0.953872074369038,"co-occurring",FALSE
"asv","Hylesinus aculeatus","ASV_9363","Sporothrix",NA,69,6,5,1,5,4,59,0.1,0.0485742871435712,0.049992175155282,1.02867524160919,0.486,1,0.972,1,0.374574999379366,0.953872074369038,"co-occurring",FALSE
"asv","Hylesinus aculeatus","ASV_22950","Sporothrix",NA,69,6,6,1,5,5,58,0.0909090909090909,0.0155077538769384,0.0342036637600855,2.20448129653711,0.171,1,0.342,1,0.433208593187551,0.973131695423722,"co-occurring",FALSE
"asv","Hylesinus aculeatus","ASV_6959","Ophiostoma","adjuncti",69,6,7,1,5,6,57,0.0833333333333333,0.0749192778207288,0.0695870240750365,0.120914144906263,0.6535,0.815,1,1,0.487188727169689,1,"co-occurring",FALSE
"asv","Hylesinus aculeatus","ASV_8895","Ceratocystiopsis","manitobensis",69,6,13,1,5,12,51,0.0555555555555556,0.0686317423417602,0.0498702465536125,-0.262204173627801,0.7905,0.66,1,1,1,1,"avoiding",FALSE
"asv","Hylesinus aculeatus","ASV_4044","Graphilbum",NA,69,6,6,0,6,6,57,0,0.0650961844558654,0.0623458493207468,-1.04411416581991,1,0.4055,0.811,1,1,1,"avoiding",FALSE
"asv","Hylesinus aculeatus","ASV_4337","Ophiostoma","undulatum",69,6,4,0,6,4,59,0,0,0,NA,1,1,1,1,1,1,"co-occurring",FALSE
"asv","Hylesinus aculeatus","ASV_5724","Graphilbum",NA,69,6,4,0,6,4,59,0,0,0,NA,1,1,1,1,1,1,"co-occurring",FALSE
"asv","Hylesinus aculeatus","ASV_6045","Sporothrix",NA,69,6,7,0,6,7,56,0,0.0432223687601375,0.0530095674023269,-0.815369203677753,1,0.5525,1,1,1,1,"avoiding",FALSE
"asv","Hylesinus aculeatus","ASV_8974","Ophiostoma","karelicum",69,6,3,0,6,3,60,0,0,0,NA,1,1,1,1,1,1,"co-occurring",FALSE
"asv","Hylesinus aculeatus","ASV_9224","Ophiostoma","sparsiannulatum",69,6,3,0,6,3,60,0,0.0608429214607304,0.0624936620503694,-0.973585471942602,1,0.5135,1,1,1,1,"avoiding",FALSE
"asv","Hylesinus aculeatus","ASV_11554","Raffaelea","crossotarsi",69,6,3,0,6,3,60,0,0,0,NA,1,1,1,1,1,1,"co-occurring",FALSE
"asv","Hylesinus aculeatus","ASV_11600","Ophiostoma","undulatum",69,6,4,0,6,4,59,0,0.0159524206547718,0.0389714154812438,-0.409336444616681,1,0.8565,1,1,1,1,"avoiding",FALSE
"asv","Hylesinus aculeatus","ASV_13560","Hawksworthiomyces",NA,69,6,7,0,6,7,56,0,0.0301779677717649,0.0462887846306874,-0.65194988402781,1,0.6735,1,1,1,1,"avoiding",FALSE
"asv","Hylesinus aculeatus","ASV_15268","Grosmannia","olivacea",69,6,5,0,6,5,58,0,0.0318770496359293,0.0517263728112953,-0.61626299899707,1,0.704,1,1,1,1,"avoiding",FALSE
"asv","Hylesinus aculeatus","ASV_21569","Sporothrix",NA,69,6,7,0,6,7,56,0,0.0406187942456075,0.0504229428444535,-0.805561753325461,1,0.566,1,1,1,1,"avoiding",FALSE
"asv","Hylesinus aculeatus","ASV_23023","Sporothrix",NA,69,6,4,0,6,4,59,0,0.0173420043355011,0.0403355691946063,-0.429943215920207,1,0.844,1,1,1,1,"avoiding",FALSE
"asv","Hylesinus aculeatus","ASV_28495","Raffaelea","subfusca",69,6,3,0,6,3,60,0,0.0250750375187594,0.0500687152664671,-0.500812481113393,1,0.7995,1,1,1,1,"avoiding",FALSE
"asv","Hylurgops pinifex","ASV_6117","Leptographium","gracile",69,11,13,8,3,5,53,0.5,0.360286696495824,0.061382571285223,2.27610705415023,0.065,1,0.13,1,2.01736067507995e-05,0.00645408682711648,"co-occurring",FALSE
"asv","Hylurgops pinifex","ASV_7886","Grosmannia",NA,69,11,4,4,7,0,58,0.363636363636364,0.325094365364506,0.0538120385429446,0.716233752064596,0.661,1,1,1,0.000381723098064664,0.0389357560025957,"co-occurring",FALSE
"asv","Hylurgops pinifex","ASV_13249","Ophiostoma","denticulatum",69,11,6,4,7,2,56,0.307692307692308,0.247508369569407,0.0447266247969014,1.34559534496934,0.356,1,0.712,1,0.0047777784302959,0.134639844256976,"co-occurring",FALSE
"asv","Hylurgops pinifex","ASV_4044","Graphilbum",NA,69,11,6,3,8,3,55,0.214285714285714,0.214285714285719,0,NA,1,1,1,1,0.0472481435043942,0.394031687338533,"avoiding",FALSE
"asv","Hylurgops pinifex","ASV_8274","Sporothrix","rossii",69,11,12,4,7,8,50,0.210526315789474,0.180461408649188,0.0358165001431413,0.839414990859824,0.556,1,1,1,0.0898162747404901,0.531473069435431,"co-occurring",FALSE
"asv","Hylurgops pinifex","ASV_7618","Leptographium","lundbergii",69,11,7,3,8,4,54,0.2,0.227699564067741,0.0400972167945107,-0.690810143000585,1,0.677,1,1,0.0750561206362443,0.50264856547303,"avoiding",FALSE
"asv","Hylurgops pinifex","ASV_21569","Sporothrix",NA,69,11,7,3,8,4,54,0.2,0.127028219992349,0.0475071906102775,1.53601547618909,0.2265,1,0.453,1,0.0750561206362443,0.50264856547303,"co-occurring",FALSE
"asv","Hylurgops pinifex","ASV_16537","Graphilbum",NA,69,11,3,2,9,1,57,0.166666666666667,0.18534267133567,0.0404080689716134,-0.462185032452872,1,0.824,1,1,0.0640340497003474,0.442235155743024,"avoiding",FALSE
"asv","Hylurgops pinifex","ASV_11600","Ophiostoma","undulatum",69,11,4,2,9,2,56,0.153846153846154,0.125892616637994,0.0390285114707074,0.716233752064562,0.661,1,1,1,0.116616406458755,0.604724733259888,"co-occurring",FALSE
"asv","Hylurgops pinifex","ASV_660","Grosmannia","francke-grosmanniae",69,11,13,3,8,10,48,0.142857142857143,0.135016859078889,0.0332287715576243,0.235948649641097,0.7155,0.8785,1,1,0.42218928094532,0.959906117673447,"co-occurring",FALSE
"asv","Hylurgops pinifex","ASV_8895","Ceratocystiopsis","manitobensis",69,11,13,3,8,10,48,0.142857142857143,0.171385692846422,0.0285785455010634,-0.998250592851816,1,0.501,1,1,0.42218928094532,0.959906117673447,"avoiding",FALSE
"asv","Hylurgops pinifex","ASV_8131","Graphilbum",NA,69,11,6,2,9,4,54,0.133333333333333,0.0990328497582121,0.0354079311378797,0.96872317791045,0.516,1,1,1,0.241903983427345,0.857659577606041,"co-occurring",FALSE
"asv","Hylurgops pinifex","ASV_6045","Sporothrix",NA,69,11,7,2,9,5,53,0.125,0.138056528264131,0.0284459395631553,-0.458994445767672,1,0.826,1,1,0.308643128543785,0.893932158878959,"avoiding",FALSE
"asv","Hylurgops pinifex","ASV_15258","Ophiostoma","pallidulum",69,11,7,2,9,5,53,0.125,0.0823610334579071,0.031687807706456,1.3455953449694,0.356,1,0.712,1,0.308643128543785,0.893932158878959,"co-occurring",FALSE
"asv","Hylurgops pinifex","ASV_15738","Graphilbum",NA,69,11,7,2,9,5,53,0.125,0.151263131565781,0.0357857991362218,-0.733898143948328,1,0.65,1,1,0.308643128543785,0.893932158878959,"avoiding",FALSE
"asv","Hylurgops pinifex","ASV_1122","Raffaelea","arxii",69,11,8,2,9,6,52,0.117647058823529,0.0877309569817596,0.0449923084345961,0.664915913022287,0.4965,0.93,0.993,1,0.604444980772238,1,"co-occurring",FALSE
"asv","Hylurgops pinifex","ASV_3556","Sporothrix","rossii",69,11,9,2,9,7,51,0.111111111111111,0.13399837173489,0.0311858816001936,-0.733898143948458,1,0.65,1,1,0.627951324127986,1,"avoiding",FALSE
"asv","Hylurgops pinifex","ASV_3603","Sporothrix","eucastaneae",69,11,10,2,9,8,50,0.105263157894737,0.116075581650476,0.0233941451940916,-0.462185032452896,1,0.824,1,1,0.655510485303691,1,"avoiding",FALSE
"asv","Hylurgops pinifex","ASV_17726",NA,NA,69,11,3,1,10,2,56,0.0769230769230769,0.0927258501045378,0.03419144297598,-0.462185032452785,1,0.824,1,1,0.411077604305837,0.959906117673447,"avoiding",FALSE
"asv","Hylurgops pinifex","ASV_28495","Raffaelea","subfusca",69,11,3,1,10,2,56,0.0769230769230769,0.0508331088621248,0.0364266107059937,0.716233752064648,0.661,1,1,1,0.411077604305837,0.959906117673447,"co-occurring",FALSE
"asv","Hylurgops pinifex","ASV_4337","Ophiostoma","undulatum",69,11,4,1,10,3,55,0.0714285714285714,0.0472021725148281,0.0338247099412802,0.716233752064702,0.661,1,1,1,0.509231336921531,1,"co-occurring",FALSE
"asv","Hylurgops pinifex","ASV_6746","Graphilbum",NA,69,11,4,1,10,3,55,0.0714285714285714,0.0859413223095088,0.0314003047738588,-0.462185032452915,1,0.824,1,1,0.509231336921531,1,"avoiding",FALSE
"asv","Hylurgops pinifex","ASV_22166","Grosmannia","cucullata",69,11,4,1,10,3,55,0.0714285714285714,0.0714285714285715,0,NA,1,1,1,1,0.509231336921531,1,"avoiding",FALSE
"asv","Hylurgops pinifex","ASV_23023","Sporothrix",NA,69,11,4,1,10,3,55,0.0714285714285714,0.0604725439642894,0.0460704601427782,0.237810246095392,0.714,0.885,1,1,0.509231336921531,1,"co-occurring",FALSE
"asv","Hylurgops pinifex","ASV_25723","Ceratocystiopsis","manitobensis",69,11,4,1,10,3,55,0.0714285714285714,0.0859413223095088,0.0314003047738588,-0.462185032452915,1,0.824,1,1,0.509231336921531,1,"avoiding",FALSE
"asv","Hylurgops pinifex","ASV_1646","Raffaelea","arxii",69,11,5,1,10,4,54,0.0666666666666667,0.0569522856666423,0.0433278877760969,0.224206198331773,0.7155,0.8785,1,1,1,1,"co-occurring",FALSE
"asv","Hylurgops pinifex","ASV_7106","Ophiostoma","denticiliatum",69,11,5,1,10,4,54,0.0666666666666667,0.0800828985921515,0.0290278373020566,-0.462185032452775,1,0.824,1,1,1,1,"avoiding",FALSE
"asv","Hylurgops pinifex","ASV_9363","Sporothrix",NA,69,11,5,1,10,4,54,0.0666666666666667,0.0812787346053964,0.0497795788818575,-0.293535386737778,0.8345,0.6635,1,1,1,1,"avoiding",FALSE
"asv","Hylurgops pinifex","ASV_15268","Grosmannia","olivacea",69,11,5,1,10,4,54,0.0666666666666667,0.0799304414111801,0.0288974624133642,-0.458994445767643,1,0.826,1,1,1,1,"avoiding",FALSE
"asv","Hylurgops pinifex","ASV_22950","Sporothrix",NA,69,11,6,1,10,5,53,0.0625,0.0625,0,NA,1,1,1,1,1,1,"co-occurring",FALSE
"asv","Hylurgops pinifex","ASV_5162","Sporothrix",NA,69,11,7,1,10,6,52,0.0588235294117647,0.0588235294117671,0,NA,1,1,1,1,1,1,"avoiding",FALSE
"asv","Hylurgops pinifex","ASV_6959","Ophiostoma","adjuncti",69,11,7,1,10,6,52,0.0588235294117647,0.0918621075243518,0.0330964773265998,-0.998250592851881,1,0.501,1,1,1,1,"avoiding",FALSE
"asv","Hylurgops pinifex","ASV_5724","Graphilbum",NA,69,11,4,0,11,4,54,0,0,0,NA,1,1,1,1,1,1,"co-occurring",FALSE
"asv","Hylurgops pinifex","ASV_7819","Hawksworthiomyces",NA,69,11,5,0,11,5,53,0,0.0117392029348007,0.0253993576392999,-0.462185032452825,1,0.824,1,1,0.584734208164372,1,"avoiding",FALSE
"asv","Hylurgops pinifex","ASV_8974","Ophiostoma","karelicum",69,11,3,0,11,3,55,0,0,0,NA,1,1,1,1,1,1,"co-occurring",FALSE
"asv","Hylurgops pinifex","ASV_9224","Ophiostoma","sparsiannulatum",69,11,3,0,11,3,55,0,0,0,NA,1,1,1,1,1,1,"co-occurring",FALSE
"asv","Hylurgops pinifex","ASV_11554","Raffaelea","crossotarsi",69,11,3,0,11,3,55,0,0,0,NA,1,1,1,1,1,1,"co-occurring",FALSE
"asv","Hylurgops pinifex","ASV_13560","Hawksworthiomyces",NA,69,11,7,0,11,7,51,0,0.0102404143248094,0.0223105408338473,-0.458994445767703,1,0.826,1,1,0.587329619363345,1,"avoiding",FALSE
"asv","Hylurgops pinifex","ASV_27488","Ceratocystiopsis","synnemata",69,11,4,0,11,4,54,0,0,0,NA,1,1,1,1,1,1,"co-occurring",FALSE
"asv","Ips grandicollis","ASV_6117","Leptographium","gracile",69,19,13,8,11,5,45,0.333333333333333,0.362157667172786,0.0545890169233447,-0.528024417071451,0.8585,0.5105,1,1,0.00474300003099477,0.134639844256976,"avoiding",TRUE
"asv","Ips grandicollis","ASV_8274","Sporothrix","rossii",69,19,12,7,12,5,45,0.291666666666667,0.311139930966798,0.0428936221923151,-0.453989737980681,0.857,0.5715,1,1,0.0143043696289403,0.231758370867696,"avoiding",TRUE
"asv","Ips grandicollis","ASV_13249","Ophiostoma","denticulatum",69,19,6,5,14,1,49,0.25,0.20204041414647,0.0393570247439349,1.21857752626284,0.3415,1,0.683,1,0.00507628322359018,0.134639844256976,"co-occurring",TRUE
"asv","Ips grandicollis","ASV_6959","Ophiostoma","adjuncti",69,19,7,5,14,2,48,0.238095238095238,0.201035394414696,0.034317534122135,1.0799098661532,0.4185,1,0.837,1,0.014506745687797,0.231758370867696,"co-occurring",TRUE
"asv","Ips grandicollis","ASV_15258","Ophiostoma","pallidulum",69,19,7,5,14,2,48,0.238095238095238,0.210870445574757,0.0328103466814647,0.829762415642532,0.5635,1,1,1,0.014506745687797,0.231758370867696,"co-occurring",TRUE
"asv","Ips grandicollis","ASV_8895","Ceratocystiopsis","manitobensis",69,19,13,6,13,7,43,0.230769230769231,0.231676807064494,0.0339008299007445,-0.0267715067129747,0.7445,0.745,1,1,0.164435057784917,0.719377464700006,"avoiding",TRUE
"asv","Ips grandicollis","ASV_7886","Grosmannia",NA,69,19,4,4,15,0,50,0.210526315789474,0.151267363004812,0.0411843290247655,1.43887139083965,0.2535,1,0.507,1,0.00448351129726859,0.134639844256976,"co-occurring",TRUE
"asv","Ips grandicollis","ASV_9363","Sporothrix",NA,69,19,5,4,15,1,49,0.2,0.144902321290514,0.03876287598404,1.42140327080404,0.259,1,0.518,1,0.0182789306734797,0.257167128782963,"co-occurring",TRUE
"asv","Ips grandicollis","ASV_8131","Graphilbum",NA,69,19,6,4,15,2,48,0.19047619047619,0.155549071354801,0.0327854518986249,1.0653237060568,0.427,1,0.854,1,0.0446842255732587,0.379527521627531,"co-occurring",TRUE
"asv","Ips grandicollis","ASV_6045","Sporothrix",NA,69,19,7,4,15,3,47,0.181818181818182,0.157141812012727,0.0301679829629753,0.817965517805419,0.5695,1,1,1,0.084920865420541,0.526824431277178,"co-occurring",TRUE
"asv","Ips grandicollis","ASV_7618","Leptographium","lundbergii",69,19,7,4,15,3,47,0.181818181818182,0.194529694736322,0.0365355759027621,-0.347921514963156,0.859,0.6455,1,1,0.084920865420541,0.526824431277178,"avoiding",TRUE
"asv","Ips grandicollis","ASV_15738","Graphilbum",NA,69,19,7,4,15,3,47,0.181818181818182,0.149884560198413,0.0329507959190879,0.969130508961994,0.4705,1,0.941,1,0.084920865420541,0.526824431277178,"co-occurring",TRUE
"asv","Ips grandicollis","ASV_16537","Graphilbum",NA,69,19,3,3,16,0,50,0.157894736842105,0.130985041392877,0.0332127126902062,0.810222751156472,0.5775,1,1,1,0.018494484101233,0.257167128782963,"co-occurring",TRUE
"asv","Ips grandicollis","ASV_17726",NA,NA,69,19,3,3,16,0,50,0.157894736842105,0.139999072217813,0.0289911019392497,0.617281283815703,0.7105,1,1,1,0.018494484101233,0.257167128782963,"co-occurring",TRUE
"asv","Ips grandicollis","ASV_23023","Sporothrix",NA,69,19,4,3,16,1,49,0.15,0.170427757738519,0.0370473926274159,-0.551395288298964,0.9125,0.5835,1,1,0.060527402513126,0.43383424720219,"avoiding",TRUE
"asv","Ips grandicollis","ASV_15268","Grosmannia","olivacea",69,19,5,3,16,2,48,0.142857142857143,0.124825540946644,0.0274055666026856,0.657953990585697,0.68,1,1,1,0.123900110272596,0.615324143151542,"co-occurring",TRUE
"asv","Ips grandicollis","ASV_21569","Sporothrix",NA,69,19,7,3,16,4,46,0.130434782608696,0.130575215143804,0.0377413989667116,-0.00372091493568316,0.7495,0.7415,1,1,0.384342428130839,0.95506581609781,"avoiding",TRUE
"asv","Ips grandicollis","ASV_3556","Sporothrix","rossii",69,19,9,3,16,6,44,0.12,0.136271469067867,0.0303715186747037,-0.535747627313073,0.8895,0.5495,1,1,0.698612898261527,1,"avoiding",TRUE
"asv","Ips grandicollis","ASV_3603","Sporothrix","eucastaneae",69,19,10,3,16,7,43,0.115384615384615,0.0953330755731952,0.0238803535698518,0.839666789386847,0.5585,1,1,1,1,1,"co-occurring",TRUE
"asv","Ips grandicollis","ASV_660","Grosmannia","francke-grosmanniae",69,19,13,3,16,10,40,0.103448275862069,0.104494913911744,0.0292624600143356,-0.0357672611654168,0.7525,0.7215,1,1,1,1,"avoiding",TRUE
"asv","Ips grandicollis","ASV_6746","Graphilbum",NA,69,19,4,2,17,2,48,0.0952380952380952,0.132497309260694,0.0277431902095412,-1.34300394948037,0.9775,0.2995,0.599,1,0.302834814534628,0.893932158878959,"avoiding",TRUE
"asv","Ips grandicollis","ASV_1646","Raffaelea","arxii",69,19,5,2,17,3,47,0.0909090909090909,0.0603602196355094,0.0285082853373199,1.07157869763533,0.425,1,0.85,1,0.610651337948357,1,"co-occurring",TRUE
"asv","Ips grandicollis","ASV_7106","Ophiostoma","denticiliatum",69,19,5,2,17,3,47,0.0909090909090909,0.0762357463316648,0.0237900766211327,0.616784250471552,0.7105,1,1,1,0.610651337948357,1,"co-occurring",TRUE
"asv","Ips grandicollis","ASV_7819","Hawksworthiomyces",NA,69,19,5,2,17,3,47,0.0909090909090909,0.0840281800979556,0.016708082698143,0.411831263673367,0.855,1,1,1,0.610651337948357,1,"co-occurring",TRUE
"asv","Ips grandicollis","ASV_4044","Graphilbum",NA,69,19,6,2,17,4,46,0.0869565217391304,0.112191471229682,0.024704021195196,-1.02149157382763,1,0.4895,0.979,1,0.664186778980458,1,"avoiding",TRUE
"asv","Ips grandicollis","ASV_5162","Sporothrix",NA,69,19,7,2,17,5,45,0.0833333333333333,0.0761364015341004,0.0161307589122472,0.44616200876753,0.834,1,1,1,1,1,"co-occurring",TRUE
"asv","Ips grandicollis","ASV_1122","Raffaelea","arxii",69,19,8,2,17,6,44,0.08,0.0741164813175821,0.0299457219821675,0.196472761148371,0.721,0.8475,1,1,1,1,"co-occurring",TRUE
"asv","Ips grandicollis","ASV_8974","Ophiostoma","karelicum",69,19,3,1,18,2,48,0.0476190476190476,0.0476190476190498,0,NA,1,1,1,1,1,1,"avoiding",TRUE
"asv","Ips grandicollis","ASV_28495","Raffaelea","subfusca",69,19,3,1,18,2,48,0.0476190476190476,0.023559398746993,0.0238141672249787,1.01030821883279,0.495,1,0.99,1,1,1,"co-occurring",TRUE
"asv","Ips grandicollis","ASV_4337","Ophiostoma","undulatum",69,19,4,1,18,3,47,0.0454545454545455,0.022488516985766,0.0227317050783886,1.01030821883281,0.495,1,0.99,1,1,1,"co-occurring",TRUE
"asv","Ips grandicollis","ASV_11600","Ophiostoma","undulatum",69,19,4,1,18,3,47,0.0454545454545455,0.0616812735372033,0.0305388878885169,-0.531346398136501,0.9105,0.5925,1,1,1,1,"avoiding",TRUE
"asv","Ips grandicollis","ASV_22166","Grosmannia","cucullata",69,19,4,1,18,3,47,0.0454545454545455,0.0379053162945117,0.0169203764813783,0.446162008767479,0.834,1,1,1,1,1,"co-occurring",TRUE
"asv","Ips grandicollis","ASV_25723","Ceratocystiopsis","manitobensis",69,19,4,1,18,3,47,0.0454545454545455,0.0793221285967682,0.0252349996723467,-1.3420877187225,0.9775,0.2995,0.599,1,1,1,"avoiding",TRUE
"asv","Ips grandicollis","ASV_22950","Sporothrix",NA,69,19,6,1,18,5,45,0.0416666666666667,0.0347465399366346,0.0155103451079299,0.44616200876756,0.834,1,1,1,1,1,"co-occurring",TRUE
"asv","Ips grandicollis","ASV_13560","Hawksworthiomyces",NA,69,19,7,1,18,6,44,0.04,0.0331165582791391,0.0151019863246999,0.455797109920746,0.828,1,1,1,0.664186778980458,1,"co-occurring",TRUE
"asv","Ips grandicollis","ASV_5724","Graphilbum",NA,69,19,4,0,19,4,46,0,0,0,NA,1,1,1,1,0.569231267517331,1,"co-occurring",TRUE
"asv","Ips grandicollis","ASV_9224","Ophiostoma","sparsiannulatum",69,19,3,0,19,3,47,0,0,0,NA,1,1,1,1,0.555769744627247,1,"co-occurring",TRUE
"asv","Ips grandicollis","ASV_11554","Raffaelea","crossotarsi",69,19,3,0,19,3,47,0,0,0,NA,1,1,1,1,0.555769744627247,1,"co-occurring",TRUE
"asv","Ips grandicollis","ASV_27488","Ceratocystiopsis","synnemata",69,19,4,0,19,4,46,0,0,0,NA,1,1,1,1,0.569231267517331,1,"co-occurring",TRUE
"asv","Ips pini","ASV_3603","Sporothrix","eucastaneae",69,5,10,3,2,7,57,0.25,0.0821042389326549,0.0651855401323471,2.5756595822703,0.0425,1,0.085,1,0.0193942027739791,0.257167128782963,"co-occurring",TRUE
"asv","Ips pini","ASV_11554","Raffaelea","crossotarsi",69,5,3,1,4,2,62,0.142857142857143,0.0463088687200742,0.066882577033169,1.44354895429923,0.3245,1,0.649,1,0.204794442111692,0.778101519312619,"co-occurring",TRUE
"asv","Ips pini","ASV_6746","Graphilbum",NA,69,5,4,1,4,3,61,0.125,0.0259504752376188,0.0507116230980775,1.95319176771008,0.208,1,0.416,1,0.265037287406261,0.865061481276482,"co-occurring",TRUE
"asv","Ips pini","ASV_25723","Ceratocystiopsis","manitobensis",69,5,4,1,4,3,61,0.125,0.0732509111698707,0.0824816880595473,0.627400942531259,0.502,0.9345,1,1,0.265037287406261,0.865061481276482,"co-occurring",TRUE
"asv","Ips pini","ASV_27488","Ceratocystiopsis","synnemata",69,5,4,1,4,3,61,0.125,0.0739744872436218,0.0614530334869613,0.830317233521181,0.592,1,1,1,0.265037287406261,0.865061481276482,"co-occurring",TRUE
"asv","Ips pini","ASV_1646","Raffaelea","arxii",69,5,5,1,4,4,60,0.111111111111111,0.0360180090045028,0.0520197821369087,1.44354895429923,0.3245,1,0.649,1,0.321572880682702,0.893932158878959,"co-occurring",TRUE
"asv","Ips pini","ASV_15268","Grosmannia","olivacea",69,5,5,1,4,4,60,0.111111111111111,0.0421043855260969,0.0652875345212738,1.05696632735501,0.3305,0.961,0.661,1,0.321572880682702,0.893932158878959,"co-occurring",TRUE
"asv","Ips pini","ASV_4044","Graphilbum",NA,69,5,6,1,4,5,59,0.1,0.0848118503696284,0.0825021497282396,0.184093986404004,0.6285,0.839,1,1,0.374574999379366,0.953872074369038,"co-occurring",TRUE
"asv","Ips pini","ASV_6959","Ophiostoma","adjuncti",69,5,7,1,4,6,58,0.0909090909090909,0.0558279139569794,0.0611510502203591,0.573680694373944,0.5165,0.9185,1,1,0.424211904190528,0.959906117673447,"co-occurring",TRUE
"asv","Ips pini","ASV_13560","Hawksworthiomyces",NA,69,5,7,1,4,6,58,0.0909090909090909,0.0757924416753841,0.0683627436536273,0.221124086392702,0.64,0.8385,1,1,0.424211904190528,0.959906117673447,"co-occurring",TRUE
"asv","Ips pini","ASV_15738","Graphilbum",NA,69,5,7,1,4,6,58,0.0909090909090909,0.0932223687601384,0.0741337506307803,-0.0312041119107635,0.7445,0.7885,1,1,0.424211904190528,0.959906117673447,"avoiding",TRUE
"asv","Ips pini","ASV_21569","Sporothrix",NA,69,5,7,1,4,6,58,0.0909090909090909,0.0294692800945931,0.042561639930198,1.44354895429923,0.3245,1,0.649,1,0.424211904190528,0.959906117673447,"co-occurring",TRUE
"asv","Ips pini","ASV_660","Grosmannia","francke-grosmanniae",69,5,13,1,4,12,52,0.0588235294117647,0.019068357708266,0.0275398846607165,1.44354895429923,0.3245,1,0.649,1,1,1,"co-occurring",TRUE
"asv","Ips pini","ASV_8895","Ceratocystiopsis","manitobensis",69,5,13,1,4,12,52,0.0588235294117647,0.084170761851515,0.0600049695773892,-0.42241888660671,0.823,0.5845,1,1,1,1,"avoiding",TRUE
"asv","Ips pini","ASV_1122","Raffaelea","arxii",69,5,8,0,5,8,56,0,0.0134650658662664,0.0306798253691079,-0.438889912320839,1,0.8385,1,1,1,1,"avoiding",TRUE
"asv","Ips pini","ASV_3556","Sporothrix","rossii",69,5,9,0,5,9,55,0,0.0276997473095526,0.0430203895863887,-0.643874859708767,1,0.678,1,1,1,1,"avoiding",TRUE
"asv","Ips pini","ASV_4337","Ophiostoma","undulatum",69,5,4,0,5,4,60,0,0.0201975987993997,0.0460197380536623,-0.438889912320836,1,0.8385,1,1,1,1,"avoiding",TRUE
"asv","Ips pini","ASV_5162","Sporothrix",NA,69,5,7,0,5,7,57,0,0.0146891627631997,0.0334689004026636,-0.438889912320834,1,0.8385,1,1,1,1,"avoiding",TRUE
"asv","Ips pini","ASV_5724","Graphilbum",NA,69,5,4,0,5,4,60,0,0.0201975987993997,0.0460197380536623,-0.438889912320836,1,0.8385,1,1,1,1,"avoiding",TRUE
"asv","Ips pini","ASV_6045","Sporothrix",NA,69,5,7,0,5,7,57,0,0.0185092546273137,0.0366160853850021,-0.505495178763567,1,0.7965,1,1,1,1,"avoiding",TRUE
"asv","Ips pini","ASV_6117","Leptographium","gracile",69,5,13,0,5,13,51,0,0,0,NA,1,1,1,1,0.575142191854029,1,"co-occurring",TRUE
"asv","Ips pini","ASV_7106","Ophiostoma","denticiliatum",69,5,5,0,5,5,59,0,0.017953421155022,0.0409064338254773,-0.438889912320839,1,0.8385,1,1,1,1,"avoiding",TRUE
"asv","Ips pini","ASV_7618","Leptographium","lundbergii",69,5,7,0,5,7,57,0,0.051480285597345,0.0582736942557302,-0.883422378739663,1,0.509,1,1,1,1,"avoiding",TRUE
"asv","Ips pini","ASV_7819","Hawksworthiomyces",NA,69,5,5,0,5,5,59,0,0.0197876716135846,0.0425203795251094,-0.4653691202803,1,0.822,1,1,1,1,"avoiding",TRUE
"asv","Ips pini","ASV_7886","Grosmannia",NA,69,5,4,0,5,4,60,0,0,0,NA,1,1,1,1,1,1,"co-occurring",TRUE
"asv","Ips pini","ASV_8131","Graphilbum",NA,69,5,6,0,5,6,58,0,0.0585181479628697,0.0651937938141098,-0.897603046844079,1,0.497,0.994,1,1,1,"avoiding",TRUE
"asv","Ips pini","ASV_8274","Sporothrix","rossii",69,5,12,0,5,12,52,0,0.0351321494080374,0.039406107259317,-0.891540724305643,1,0.509,1,1,0.578225339953782,1,"avoiding",TRUE
"asv","Ips pini","ASV_8974","Ophiostoma","karelicum",69,5,3,0,5,3,61,0,0,0,NA,1,1,1,1,1,1,"co-occurring",TRUE
"asv","Ips pini","ASV_9224","Ophiostoma","sparsiannulatum",69,5,3,0,5,3,61,0,0.0230829700564569,0.0525939863470413,-0.43888991232085,1,0.8385,1,1,1,1,"avoiding",TRUE
"asv","Ips pini","ASV_9363","Sporothrix",NA,69,5,5,0,5,5,59,0,0.021844255461064,0.044169491269257,-0.494555287673601,1,0.8035,1,1,1,1,"avoiding",TRUE
"asv","Ips pini","ASV_11600","Ophiostoma","undulatum",69,5,4,0,5,4,60,0,0.0201975987993997,0.0460197380536623,-0.438889912320836,1,0.8385,1,1,1,1,"avoiding",TRUE
"asv","Ips pini","ASV_13249","Ophiostoma","denticulatum",69,5,6,0,5,6,58,0,0.0161580790395199,0.0368157904429296,-0.438889912320842,1,0.8385,1,1,1,1,"avoiding",TRUE
"asv","Ips pini","ASV_15258","Ophiostoma","pallidulum",69,5,7,0,5,7,57,0,0.0146891627631997,0.0334689004026636,-0.438889912320834,1,0.8385,1,1,1,1,"avoiding",TRUE
"asv","Ips pini","ASV_16537","Graphilbum",NA,69,5,3,0,5,3,61,0,0,0,NA,1,1,1,1,1,1,"co-occurring",TRUE
"asv","Ips pini","ASV_17726",NA,NA,69,5,3,0,5,3,61,0,0,0,NA,1,1,1,1,1,1,"co-occurring",TRUE
"asv","Ips pini","ASV_22166","Grosmannia","cucullata",69,5,4,0,5,4,60,0,0,0,NA,1,1,1,1,1,1,"co-occurring",TRUE
"asv","Ips pini","ASV_22950","Sporothrix",NA,69,5,6,0,5,6,58,0,0.0406147518203545,0.0597377665003386,-0.679884003030551,1,0.646,1,1,1,1,"avoiding",TRUE
"asv","Ips pini","ASV_23023","Sporothrix",NA,69,5,4,0,5,4,60,0,0,0,NA,1,1,1,1,1,1,"co-occurring",TRUE
"asv","Ips pini","ASV_28495","Raffaelea","subfusca",69,5,3,0,5,3,61,0,0.0820886633793078,0.0946737880762325,-0.867068541856687,1,0.509,1,1,1,1,"avoiding",TRUE
"asv","Monarthrum fasciatum","ASV_3603","Sporothrix","eucastaneae",69,6,10,3,3,7,56,0.230769230769231,0.0742657042807107,0.0594939169029036,2.63058031199963,0.0395,1,0.079,1,0.0356653166660038,0.350312665919415,"co-occurring",FALSE
"asv","Monarthrum fasciatum","ASV_15268","Grosmannia","olivacea",69,6,5,2,4,3,60,0.222222222222222,0.0766476492214355,0.0877873597336985,1.65826348397292,0.1535,0.978,0.307,1,0.0565622871993831,0.424404932746226,"co-occurring",FALSE
"asv","Monarthrum fasciatum","ASV_6746","Graphilbum",NA,69,6,4,1,5,3,60,0.111111111111111,0.0664876088838078,0.0817873155987766,0.545604191806618,0.476,0.909,0.952,1,0.31097245694337,0.893932158878959,"co-occurring",FALSE
"asv","Monarthrum fasciatum","ASV_7886","Grosmannia",NA,69,6,4,1,5,3,60,0.111111111111111,0.0561947640486921,0.0555657782787364,0.988312388732151,0.506,1,1,1,0.31097245694337,0.893932158878959,"co-occurring",FALSE
"asv","Monarthrum fasciatum","ASV_27488","Ceratocystiopsis","synnemata",69,6,4,1,5,3,60,0.111111111111111,0.0657550997721096,0.0546249186550751,0.83031723352118,0.592,1,1,1,0.31097245694337,0.893932158878959,"co-occurring",FALSE
"asv","Monarthrum fasciatum","ASV_13249","Ophiostoma","denticulatum",69,6,6,1,5,5,58,0.0909090909090909,0.0637955341307028,0.0611544894001129,0.443361673760259,0.5915,0.908,1,1,0.433208593187551,0.973131695423722,"co-occurring",FALSE
"asv","Monarthrum fasciatum","ASV_6045","Sporothrix",NA,69,6,7,1,5,6,57,0.0833333333333333,0.0708793790834812,0.0684849883343947,0.181849403099007,0.6275,0.831,1,1,0.487188727169689,1,"co-occurring",FALSE
"asv","Monarthrum fasciatum","ASV_6959","Ophiostoma","adjuncti",69,6,7,1,5,6,57,0.0833333333333333,0.0278699956038627,0.0454570146836218,1.22012714903282,0.3005,0.971,0.601,1,0.487188727169689,1,"co-occurring",FALSE
"asv","Monarthrum fasciatum","ASV_6117","Leptographium","gracile",69,6,13,1,5,12,51,0.0555555555555556,0.0694184919257024,0.0472454452981408,-0.293423763553613,0.821,0.6645,1,1,1,1,"avoiding",FALSE
"asv","Monarthrum fasciatum","ASV_8895","Ceratocystiopsis","manitobensis",69,6,13,1,5,12,51,0.0555555555555556,0.0693351986450752,0.0547671886429232,-0.251603988281407,0.767,0.659,1,1,1,1,"avoiding",FALSE
"asv","Monarthrum fasciatum","ASV_660","Grosmannia","francke-grosmanniae",69,6,13,0,6,13,50,0,0.0690240953810249,0.0502058047262117,-1.374823006173,1,0.213,0.426,1,0.585763637057678,1,"avoiding",FALSE
"asv","Monarthrum fasciatum","ASV_1122","Raffaelea","arxii",69,6,8,0,6,8,55,0,0.0407703851925971,0.048482705790599,-0.840926357713778,1,0.5385,1,1,1,1,"avoiding",FALSE
"asv","Monarthrum fasciatum","ASV_1646","Raffaelea","arxii",69,6,5,0,6,5,58,0,0.0339669834917461,0.0473715629405521,-0.717033202691079,1,0.6605,1,1,1,1,"avoiding",FALSE
"asv","Monarthrum fasciatum","ASV_3556","Sporothrix","rossii",69,6,9,0,6,9,54,0,0.0789160814173333,0.069095336950759,-1.14213324516491,1,0.2855,0.571,1,1,1,"avoiding",FALSE
"asv","Monarthrum fasciatum","ASV_4044","Graphilbum",NA,69,6,6,0,6,6,57,0,0.0647323661830927,0.0620207350039774,-1.04372136478133,1,0.4065,0.813,1,1,1,"avoiding",FALSE
"asv","Monarthrum fasciatum","ASV_4337","Ophiostoma","undulatum",69,6,4,0,6,4,59,0,0.0574453893613482,0.0691916413250213,-0.830235968698933,1,0.5445,1,1,1,1,"avoiding",FALSE
"asv","Monarthrum fasciatum","ASV_5162","Sporothrix",NA,69,6,7,0,6,7,56,0,0.0888643816857935,0.0847845186480555,-1.04812037743204,1,0.3255,0.651,1,1,1,"avoiding",FALSE
"asv","Monarthrum fasciatum","ASV_5724","Graphilbum",NA,69,6,4,0,6,4,59,0,0.0777114747850126,0.0852073855228626,-0.912027452880376,1,0.4605,0.921,1,1,1,"avoiding",FALSE
"asv","Monarthrum fasciatum","ASV_7106","Ophiostoma","denticiliatum",69,6,5,0,6,5,58,0,0.0535990217330883,0.0727929830877474,-0.73632126970917,1,0.5755,1,1,1,1,"avoiding",FALSE
"asv","Monarthrum fasciatum","ASV_7618","Leptographium","lundbergii",69,6,7,0,6,7,56,0,0.0564069913744746,0.055245980628122,-1.02101529800272,1,0.4245,0.849,1,1,1,"avoiding",FALSE
"asv","Monarthrum fasciatum","ASV_7819","Hawksworthiomyces",NA,69,6,5,0,6,5,58,0,0.0692151631371233,0.0781729878802749,-0.88541022946608,1,0.4625,0.925,1,1,1,"avoiding",FALSE
"asv","Monarthrum fasciatum","ASV_8131","Graphilbum",NA,69,6,6,0,6,6,57,0,0.029896766565101,0.0489165077954756,-0.611179495684814,1,0.7025,1,1,1,1,"avoiding",FALSE
"asv","Monarthrum fasciatum","ASV_8274","Sporothrix","rossii",69,6,12,0,6,12,51,0,0.0528068656176837,0.0528130458333119,-0.999882979375065,1,0.3865,0.773,1,0.580861431579071,1,"avoiding",FALSE
"asv","Monarthrum fasciatum","ASV_8974","Ophiostoma","karelicum",69,6,3,0,6,3,60,0,0.0685878653612522,0.0915289249953929,-0.749357270007318,1,0.563,1,1,1,1,"avoiding",FALSE
"asv","Monarthrum fasciatum","ASV_9224","Ophiostoma","sparsiannulatum",69,6,3,0,6,3,60,0,0.0434949617665976,0.0709977014055133,-0.612624928772976,1,0.694,1,1,1,1,"avoiding",FALSE
"asv","Monarthrum fasciatum","ASV_9363","Sporothrix",NA,69,6,5,0,6,5,58,0,0,0,NA,1,1,1,1,1,1,"co-occurring",FALSE
"asv","Monarthrum fasciatum","ASV_11554","Raffaelea","crossotarsi",69,6,3,0,6,3,60,0,0.0644340027156437,0.0791935977397748,-0.813626411157247,1,0.551,1,1,1,1,"avoiding",FALSE
"asv","Monarthrum fasciatum","ASV_11600","Ophiostoma","undulatum",69,6,4,0,6,4,59,0,0.0404924684564509,0.0649344018356958,-0.623590382166135,1,0.6845,1,1,1,1,"avoiding",FALSE
"asv","Monarthrum fasciatum","ASV_13560","Hawksworthiomyces",NA,69,6,7,0,6,7,56,0,0.0423961980990493,0.041670703775025,-1.01741017689409,1,0.4915,0.983,1,1,1,"avoiding",FALSE
"asv","Monarthrum fasciatum","ASV_15258","Ophiostoma","pallidulum",69,6,7,0,6,7,56,0,0.060593933330301,0.0650608034950433,-0.931343144800193,1,0.442,0.884,1,1,1,"avoiding",FALSE
"asv","Monarthrum fasciatum","ASV_15738","Graphilbum",NA,69,6,7,0,6,7,56,0,0.042722118635075,0.0530218928377398,-0.805744879116544,1,0.5585,1,1,1,1,"avoiding",FALSE
"asv","Monarthrum fasciatum","ASV_16537","Graphilbum",NA,69,6,3,0,6,3,60,0,0.0404577288644322,0.0584987195520864,-0.691600246538888,1,0.6765,1,1,1,1,"avoiding",FALSE
"asv","Monarthrum fasciatum","ASV_17726",NA,NA,69,6,3,0,6,3,60,0,0.0465679268205532,0.0723879584231855,-0.643310404588475,1,0.672,1,1,1,1,"avoiding",FALSE
"asv","Monarthrum fasciatum","ASV_21569","Sporothrix",NA,69,6,7,0,6,7,56,0,0.0440030621371289,0.05331812732364,-0.825292716490795,1,0.5455,1,1,1,1,"avoiding",FALSE
"asv","Monarthrum fasciatum","ASV_22166","Grosmannia","cucullata",69,6,4,0,6,4,59,0,0.038074592851982,0.0607116872186686,-0.627137781805449,1,0.69,1,1,1,1,"avoiding",FALSE
"asv","Monarthrum fasciatum","ASV_22950","Sporothrix",NA,69,6,6,0,6,6,57,0,0.0681067806630597,0.0727131323481465,-0.936650347243579,1,0.435,0.87,1,1,1,"avoiding",FALSE
"asv","Monarthrum fasciatum","ASV_23023","Sporothrix",NA,69,6,4,0,6,4,59,0,0.035128675448836,0.0516768636748628,-0.679775685882495,1,0.684,1,1,1,1,"avoiding",FALSE
"asv","Monarthrum fasciatum","ASV_25723","Ceratocystiopsis","manitobensis",69,6,4,0,6,4,59,0,0.0369490300705913,0.0608062938392415,-0.607651408064376,1,0.702,1,1,1,1,"avoiding",FALSE
"asv","Monarthrum fasciatum","ASV_28495","Raffaelea","subfusca",69,6,3,0,6,3,60,0,0.0221985992996498,0.0477827298017422,-0.464573694130812,1,0.8225,1,1,1,1,"avoiding",FALSE
"asv","Monarthrum mali","ASV_8274","Sporothrix","rossii",69,19,12,6,13,6,44,0.24,0.192453369138844,0.0535284467551829,0.888249776396742,0.316,0.9145,0.632,1,0.0769862618869649,0.502875779616332,"co-occurring",FALSE
"asv","Monarthrum mali","ASV_5162","Sporothrix",NA,69,19,7,5,14,2,48,0.238095238095238,0.116890984547422,0.0569097330859721,2.12976317011917,0.062,0.995,0.124,1,0.014506745687797,0.231758370867696,"co-occurring",FALSE
"asv","Monarthrum mali","ASV_6045","Sporothrix",NA,69,19,7,5,14,2,48,0.238095238095238,0.143989247786445,0.0589633533878785,1.59600811184765,0.131,0.98,0.262,1,0.014506745687797,0.231758370867696,"co-occurring",FALSE
"asv","Monarthrum mali","ASV_8895","Ceratocystiopsis","manitobensis",69,19,13,6,13,7,43,0.230769230769231,0.190534180563947,0.0571170139283634,0.704431962352709,0.368,0.879,0.736,1,0.164435057784917,0.719377464700006,"co-occurring",FALSE
"asv","Monarthrum mali","ASV_13249","Ophiostoma","denticulatum",69,19,6,4,15,2,48,0.19047619047619,0.15616143757932,0.0526831368605905,0.65134224994373,0.423,0.8875,0.846,1,0.0446842255732587,0.379527521627531,"co-occurring",FALSE
"asv","Monarthrum mali","ASV_6117","Leptographium","gracile",69,19,13,5,14,8,42,0.185185185185185,0.225246039480559,0.0638830935234864,-0.627096342487633,0.833,0.41,0.82,1,0.325953908493068,0.898494670059224,"avoiding",FALSE
"asv","Monarthrum mali","ASV_7618","Leptographium","lundbergii",69,19,7,4,15,3,47,0.181818181818182,0.149374655330677,0.0507588647954842,0.639169662643654,0.4315,0.8855,0.863,1,0.084920865420541,0.526824431277178,"co-occurring",FALSE
"asv","Monarthrum mali","ASV_21569","Sporothrix",NA,69,19,7,4,15,3,47,0.181818181818182,0.107250074312519,0.0505718011054447,1.47449973850416,0.1555,0.977,0.311,1,0.084920865420541,0.526824431277178,"co-occurring",FALSE
"asv","Monarthrum mali","ASV_3556","Sporothrix","rossii",69,19,9,4,15,5,45,0.166666666666667,0.154302984403251,0.0603678458482224,0.20480575527741,0.5535,0.75,1,1,0.24691278492369,0.865061481276482,"co-occurring",FALSE
"asv","Monarthrum mali","ASV_9224","Ophiostoma","sparsiannulatum",69,19,3,3,16,0,50,0.157894736842105,0.0400027081209786,0.0374160157396397,3.15084400064083,0.0155,1,0.031,0.955953488372093,0.018494484101233,0.257167128782963,"co-occurring",FALSE
"asv","Monarthrum mali","ASV_5724","Graphilbum",NA,69,19,4,3,16,1,49,0.15,0.0457326065630227,0.0381977820388386,2.72967140686233,0.0285,1,0.057,1,0.060527402513126,0.43383424720219,"co-occurring",FALSE
"asv","Monarthrum mali","ASV_660","Grosmannia","francke-grosmanniae",69,19,13,4,15,9,41,0.142857142857143,0.173525989521164,0.0606278779608963,-0.505853869465816,0.7945,0.452,0.904,1,0.742467165815336,1,"avoiding",FALSE
"asv","Monarthrum mali","ASV_7106","Ophiostoma","denticiliatum",69,19,5,3,16,2,48,0.142857142857143,0.093140733640617,0.0508221080091036,0.978243743994647,0.3065,0.935,0.613,1,0.123900110272596,0.615324143151542,"co-occurring",FALSE
"asv","Monarthrum mali","ASV_15268","Grosmannia","olivacea",69,19,5,3,16,2,48,0.142857142857143,0.0941700663996592,0.0483231024973518,1.00753209006296,0.3015,0.9385,0.603,1,0.123900110272596,0.615324143151542,"co-occurring",FALSE
"asv","Monarthrum mali","ASV_4044","Graphilbum",NA,69,19,6,3,16,3,47,0.136363636363636,0.0985032677264638,0.0367425932667775,1.03042178765879,0.3235,0.954,0.647,1,0.335673845374384,0.902846894455239,"co-occurring",FALSE
"asv","Monarthrum mali","ASV_8131","Graphilbum",NA,69,19,6,3,16,3,47,0.136363636363636,0.113126521382277,0.0462433947063834,0.502495872738152,0.5025,0.8685,1,1,0.335673845374384,0.902846894455239,"co-occurring",FALSE
"asv","Monarthrum mali","ASV_13560","Hawksworthiomyces",NA,69,19,7,3,16,4,46,0.130434782608696,0.0802736809775117,0.0427864953327643,1.1723582696144,0.265,0.9625,0.53,1,0.384342428130839,0.95506581609781,"co-occurring",FALSE
"asv","Monarthrum mali","ASV_15258","Ophiostoma","pallidulum",69,19,7,3,16,4,46,0.130434782608696,0.150127302895805,0.0627204050744092,-0.313973104346925,0.7495,0.5655,1,1,0.384342428130839,0.95506581609781,"avoiding",FALSE
"asv","Monarthrum mali","ASV_15738","Graphilbum",NA,69,19,7,3,16,4,46,0.130434782608696,0.102752311597169,0.0405768229401422,0.682223718016629,0.452,0.9075,0.904,1,0.384342428130839,0.95506581609781,"co-occurring",FALSE
"asv","Monarthrum mali","ASV_11554","Raffaelea","crossotarsi",69,19,3,2,17,1,49,0.1,0.0484899091149592,0.0392438168575204,1.31256577493608,0.2465,0.976,0.493,1,0.181681108523877,0.719377464700006,"co-occurring",FALSE
"asv","Monarthrum mali","ASV_16537","Graphilbum",NA,69,19,3,2,17,1,49,0.1,0.0936122196436548,0.0426653549114143,0.149718205077821,0.68,0.7895,1,1,0.181681108523877,0.719377464700006,"co-occurring",FALSE
"asv","Monarthrum mali","ASV_4337","Ophiostoma","undulatum",69,19,4,2,17,2,48,0.0952380952380952,0.0532124458219097,0.0400122053230326,1.05032074780427,0.3075,0.9535,0.615,1,0.302834814534628,0.893932158878959,"co-occurring",FALSE
"asv","Monarthrum mali","ASV_7886","Grosmannia",NA,69,19,4,2,17,2,48,0.0952380952380952,0.104541134773359,0.0386960751292468,-0.240413000651648,0.83,0.7055,1,1,0.302834814534628,0.893932158878959,"avoiding",FALSE
"asv","Monarthrum mali","ASV_11600","Ophiostoma","undulatum",69,19,4,2,17,2,48,0.0952380952380952,0.0532389571409094,0.0369051475528672,1.13802926914251,0.301,0.968,0.602,1,0.302834814534628,0.893932158878959,"co-occurring",FALSE
"asv","Monarthrum mali","ASV_22166","Grosmannia","cucullata",69,19,4,2,17,2,48,0.0952380952380952,0.0621412437820659,0.0416739000054883,0.794186564052576,0.3935,0.917,0.787,1,0.302834814534628,0.893932158878959,"co-occurring",FALSE
"asv","Monarthrum mali","ASV_23023","Sporothrix",NA,69,19,4,2,17,2,48,0.0952380952380952,0.079955488110883,0.0452315967173348,0.337874588481092,0.5625,0.83,1,1,0.302834814534628,0.893932158878959,"co-occurring",FALSE
"asv","Monarthrum mali","ASV_9363","Sporothrix",NA,69,19,5,2,17,3,47,0.0909090909090909,0.0873891074932097,0.0438199057956736,0.0803284112999792,0.662,0.771,1,1,0.610651337948357,1,"co-occurring",FALSE
"asv","Monarthrum mali","ASV_22950","Sporothrix",NA,69,19,6,2,17,4,46,0.0869565217391304,0.0654740013522664,0.0398395606403379,0.539225835867096,0.4965,0.882,0.993,1,0.664186778980458,1,"co-occurring",FALSE
"asv","Monarthrum mali","ASV_1122","Raffaelea","arxii",69,19,8,2,17,6,44,0.08,0.0892550437360896,0.0508989016385196,-0.181831894955578,0.704,0.624,1,1,1,1,"avoiding",FALSE
"asv","Monarthrum mali","ASV_3603","Sporothrix","eucastaneae",69,19,10,2,17,8,42,0.0740740740740741,0.140605715154621,0.0519912476624917,-1.27967002277856,0.966,0.185,0.37,1,0.715356626135887,1,"avoiding",FALSE
"asv","Monarthrum mali","ASV_8974","Ophiostoma","karelicum",69,19,3,1,18,2,48,0.0476190476190476,0.0489548032161453,0.0387897311973218,-0.0344358044221218,0.7315,0.7575,1,1,1,1,"avoiding",FALSE
"asv","Monarthrum mali","ASV_17726",NA,NA,69,19,3,1,18,2,48,0.0476190476190476,0.0845604506513898,0.0450177534008747,-0.820596325707014,0.9265,0.4195,0.839,1,1,1,"avoiding",FALSE
"asv","Monarthrum mali","ASV_28495","Raffaelea","subfusca",69,19,3,1,18,2,48,0.0476190476190476,0.0232116058029019,0.0285176503714411,0.855871416411939,0.436,0.953,0.872,1,1,1,"co-occurring",FALSE
"asv","Monarthrum mali","ASV_6746","Graphilbum",NA,69,19,4,1,18,3,47,0.0454545454545455,0.0807112430674227,0.0443252416121427,-0.795409034007813,0.9115,0.4165,0.833,1,1,1,"avoiding",FALSE
"asv","Monarthrum mali","ASV_25723","Ceratocystiopsis","manitobensis",69,19,4,1,18,3,47,0.0454545454545455,0.0720189098878459,0.0420865112889963,-0.63118475776931,0.895,0.505,1,1,1,1,"avoiding",FALSE
"asv","Monarthrum mali","ASV_1646","Raffaelea","arxii",69,19,5,1,18,4,46,0.0434782608695652,0.0775842347754159,0.0483476863365796,-0.705431355461705,0.8955,0.448,0.896,1,1,1,"avoiding",FALSE
"asv","Monarthrum mali","ASV_7819","Hawksworthiomyces",NA,69,19,5,1,18,4,46,0.0434782608695652,0.0951870597844609,0.0528629861189786,-0.978166439529443,0.94,0.318,0.636,1,1,1,"avoiding",FALSE
"asv","Monarthrum mali","ASV_6959","Ophiostoma","adjuncti",69,19,7,1,18,6,44,0.04,0.126355736686338,0.0500480858623179,-1.72545533357464,0.994,0.086,0.172,1,0.664186778980458,1,"avoiding",FALSE
"asv","Monarthrum mali","ASV_27488","Ceratocystiopsis","synnemata",69,19,4,0,19,4,46,0,0.0153485833826006,0.0215015148857575,-0.713837302355258,1,0.6625,1,1,0.569231267517331,1,"avoiding",FALSE
"asv","Orthotomicus caelatus","ASV_8274","Sporothrix","rossii",69,27,12,8,19,4,38,0.258064516129032,0.231587244617005,0.0450116892912884,0.588231011297586,0.445,0.8625,0.89,1,0.0495468510613526,0.400604417727766,"co-occurring",FALSE
"asv","Orthotomicus caelatus","ASV_6117","Leptographium","gracile",69,27,13,8,19,5,37,0.25,0.239138692591364,0.0483039452590083,0.22485342243573,0.5435,0.7515,1,1,0.112508352798571,0.596744303243619,"co-occurring",FALSE
"asv","Orthotomicus caelatus","ASV_3603","Sporothrix","eucastaneae",69,27,10,7,20,3,39,0.233333333333333,0.166304300562455,0.0466826117834093,1.43584581517995,0.1525,0.9715,0.305,1,0.0405337634988622,0.375858534262176,"co-occurring",FALSE
"asv","Orthotomicus caelatus","ASV_8131","Graphilbum",NA,69,27,6,6,21,0,42,0.222222222222222,0.137277589436524,0.0388805720905988,2.18475779080004,0.052,1,0.104,1,0.0024692712906058,0.110669732846671,"co-occurring",FALSE
"asv","Orthotomicus caelatus","ASV_8895","Ceratocystiopsis","manitobensis",69,27,13,7,20,6,36,0.212121212121212,0.252261489772028,0.0577239862294802,-0.695382981543219,0.842,0.3705,0.741,1,0.344389641445855,0.920950995373762,"avoiding",FALSE
"asv","Orthotomicus caelatus","ASV_13249","Ophiostoma","denticulatum",69,27,6,5,22,1,41,0.178571428571429,0.154028299528579,0.0381647266868405,0.643084103398331,0.458,0.8855,0.916,1,0.030753651528454,0.331539365257967,"co-occurring",FALSE
"asv","Orthotomicus caelatus","ASV_7618","Leptographium","lundbergii",69,27,7,5,22,2,40,0.172413793103448,0.170782602709091,0.0416208102884631,0.0391917020128072,0.6535,0.705,1,1,0.101777354797739,0.554612033002688,"co-occurring",FALSE
"asv","Orthotomicus caelatus","ASV_6746","Graphilbum",NA,69,27,4,4,23,0,42,0.148148148148148,0.0922537577856616,0.0348248397537972,1.60501500531361,0.159,1,0.318,1,0.0203007283970753,0.261347241306038,"co-occurring",FALSE
"asv","Orthotomicus caelatus","ASV_7886","Grosmannia",NA,69,27,4,4,23,0,42,0.148148148148148,0.107845247199408,0.0275243620612802,1.46426285408577,0.242,1,0.484,1,0.0203007283970753,0.261347241306038,"co-occurring",FALSE
"asv","Orthotomicus caelatus","ASV_25723","Ceratocystiopsis","manitobensis",69,27,4,4,23,0,42,0.148148148148148,0.0924988128072428,0.0353597357165197,1.57380518302083,0.1675,1,0.335,1,0.0203007283970753,0.261347241306038,"co-occurring",FALSE
"asv","Orthotomicus caelatus","ASV_660","Grosmannia","francke-grosmanniae",69,27,13,5,22,8,34,0.142857142857143,0.123588458255794,0.0360113913161284,0.535071928551648,0.457,0.842,0.914,1,1,1,"co-occurring",FALSE
"asv","Orthotomicus caelatus","ASV_4044","Graphilbum",NA,69,27,6,4,23,2,40,0.137931034482759,0.133755785320666,0.0384288220481794,0.108648897873015,0.6465,0.751,1,1,0.20056317170252,0.778101519312619,"co-occurring",FALSE
"asv","Orthotomicus caelatus","ASV_6959","Ophiostoma","adjuncti",69,27,7,4,23,3,39,0.133333333333333,0.154094044483747,0.0435494360521998,-0.476715958515041,0.822,0.492,0.984,1,0.419796723774756,0.959906117673447,"avoiding",FALSE
"asv","Orthotomicus caelatus","ASV_15258","Ophiostoma","pallidulum",69,27,7,4,23,3,39,0.133333333333333,0.14310690544984,0.0431545983344997,-0.226478115744461,0.747,0.596,1,1,0.419796723774756,0.959906117673447,"avoiding",FALSE
"asv","Orthotomicus caelatus","ASV_15738","Graphilbum",NA,69,27,7,4,23,3,39,0.133333333333333,0.158378635585384,0.0429406184884557,-0.583254343641655,0.8475,0.4565,0.913,1,0.419796723774756,0.959906117673447,"avoiding",FALSE
"asv","Orthotomicus caelatus","ASV_21569","Sporothrix",NA,69,27,7,4,23,3,39,0.133333333333333,0.123489926739417,0.0394369998539748,0.249598261286716,0.5785,0.771,1,1,0.419796723774756,0.959906117673447,"co-occurring",FALSE
"asv","Orthotomicus caelatus","ASV_3556","Sporothrix","rossii",69,27,9,4,23,5,37,0.125,0.129735335044481,0.0387948769004766,-0.122060834388761,0.712,0.6415,1,1,0.72925070980154,1,"avoiding",FALSE
"asv","Orthotomicus caelatus","ASV_17726",NA,NA,69,27,3,3,24,0,42,0.111111111111111,0.0791827221766343,0.0298485778040768,1.06967873457997,0.3885,1,0.777,1,0.0558270030919571,0.424404932746226,"co-occurring",FALSE
"asv","Orthotomicus caelatus","ASV_7819","Hawksworthiomyces",NA,69,27,5,3,24,2,40,0.103448275862069,0.0605931070837596,0.0290710866703703,1.47415090685234,0.2055,1,0.411,1,0.372551333081165,0.953872074369038,"co-occurring",FALSE
"asv","Orthotomicus caelatus","ASV_9363","Sporothrix",NA,69,27,5,3,24,2,40,0.103448275862069,0.100170719691935,0.0351882086209063,0.0931435926575267,0.6595,0.746,1,1,0.372551333081165,0.953872074369038,"co-occurring",FALSE
"asv","Orthotomicus caelatus","ASV_15268","Grosmannia","olivacea",69,27,5,3,24,2,40,0.103448275862069,0.108542553966154,0.0391753533670504,-0.130037834154401,0.728,0.6345,1,1,0.372551333081165,0.953872074369038,"avoiding",FALSE
"asv","Orthotomicus caelatus","ASV_16537","Graphilbum",NA,69,27,3,2,25,1,41,0.0714285714285714,0.0846809556940503,0.0258973367589174,-0.511727688018561,0.887,0.561,1,1,0.556304156964538,1,"avoiding",FALSE
"asv","Orthotomicus caelatus","ASV_28495","Raffaelea","subfusca",69,27,3,2,25,1,41,0.0714285714285714,0.0580795323770248,0.0307089171821921,0.434695856332169,0.576,0.865,1,1,0.556304156964538,1,"co-occurring",FALSE
"asv","Orthotomicus caelatus","ASV_11600","Ophiostoma","undulatum",69,27,4,2,25,2,40,0.0689655172413793,0.0640611767295804,0.0287923869634437,0.170334627623117,0.679,0.793,1,1,0.641457904617808,1,"co-occurring",FALSE
"asv","Orthotomicus caelatus","ASV_27488","Ceratocystiopsis","synnemata",69,27,4,2,25,2,40,0.0689655172413793,0.0469237903023761,0.0249758636522147,0.882521111018663,0.407,0.952,0.814,1,0.641457904617808,1,"co-occurring",FALSE
"asv","Orthotomicus caelatus","ASV_1646","Raffaelea","arxii",69,27,5,2,25,3,39,0.0666666666666667,0.0806584392890321,0.0368344626335721,-0.379855483750504,0.8085,0.56,1,1,1,1,"avoiding",FALSE
"asv","Orthotomicus caelatus","ASV_7106","Ophiostoma","denticiliatum",69,27,5,2,25,3,39,0.0666666666666667,0.0744682262207416,0.0318369623276698,-0.245047233896887,0.791,0.6215,1,1,1,1,"avoiding",FALSE
"asv","Orthotomicus caelatus","ASV_5162","Sporothrix",NA,69,27,7,2,25,5,37,0.0625,0.0693365133201983,0.0293543831283274,-0.23289582650439,0.7885,0.633,1,1,0.696546403647885,1,"avoiding",FALSE
"asv","Orthotomicus caelatus","ASV_1122","Raffaelea","arxii",69,27,8,2,25,6,36,0.0606060606060606,0.0726580964135113,0.0334502052695509,-0.360297813132448,0.796,0.5645,1,1,0.467487882530482,1,"avoiding",FALSE
"asv","Orthotomicus caelatus","ASV_8974","Ophiostoma","karelicum",69,27,3,1,26,2,40,0.0344827586206897,0.0231667557916893,0.0161952549477713,0.698723352333369,0.672,1,1,1,1,1,"co-occurring",FALSE
"asv","Orthotomicus caelatus","ASV_4337","Ophiostoma","undulatum",69,27,4,1,26,3,39,0.0333333333333333,0.0342406835601708,0.0241381273872298,-0.0375899179038024,0.7605,0.7505,1,1,1,1,"avoiding",FALSE
"asv","Orthotomicus caelatus","ASV_22166","Grosmannia","cucullata",69,27,4,1,26,3,39,0.0333333333333333,0.0339779084944768,0.0181277855934363,-0.0355573027836815,0.867,0.8575,1,1,1,1,"avoiding",FALSE
"asv","Orthotomicus caelatus","ASV_22950","Sporothrix",NA,69,27,6,1,26,5,37,0.03125,0.0541115315722371,0.0264511913607103,-0.864291186755196,0.9485,0.421,0.842,1,0.392159103922378,0.95506581609781,"avoiding",FALSE
"asv","Orthotomicus caelatus","ASV_6045","Sporothrix",NA,69,27,7,1,26,6,36,0.0303030303030303,0.111958663711806,0.0345493567738357,-2.36344873055968,1,0.0235,0.047,1,0.233056049096531,0.842529713859045,"avoiding",FALSE
"asv","Orthotomicus caelatus","ASV_13560","Hawksworthiomyces",NA,69,27,7,1,26,6,36,0.0303030303030303,0.0659427465443374,0.030587144570878,-1.16518611793661,0.9575,0.258,0.516,1,0.233056049096531,0.842529713859045,"avoiding",FALSE
"asv","Orthotomicus caelatus","ASV_5724","Graphilbum",NA,69,27,4,0,27,4,38,0,0.0171752542938139,0.0166630733917832,-1.03073748101495,1,0.485,0.97,1,0.149774262840644,0.677817994971654,"avoiding",FALSE
"asv","Orthotomicus caelatus","ASV_9224","Ophiostoma","sparsiannulatum",69,27,3,0,27,3,39,0,0.0237520237951491,0.0222277212532006,-1.06857664465848,1,0.4085,0.817,1,0.274936061381074,0.882828491770797,"avoiding",FALSE
"asv","Orthotomicus caelatus","ASV_11554","Raffaelea","crossotarsi",69,27,3,0,27,3,39,0,0.0358134732390824,0.0221632759204156,-1.61589258590121,1,0.1805,0.361,1,0.274936061381074,0.882828491770797,"avoiding",FALSE
"asv","Orthotomicus caelatus","ASV_23023","Sporothrix",NA,69,27,4,0,27,4,38,0,0.0896373337188572,0.0346948815186851,-2.58358956120321,1,0.0095,0.019,0.767684210526316,0.149774262840644,0.677817994971654,"avoiding",FALSE
"asv","Phloeotribus liminaris","ASV_3603","Sporothrix","eucastaneae",69,5,10,4,1,6,58,0.363636363636364,0.124859632613513,0.0828665667834385,2.88146040425283,0.024,0.999,0.048,1,0.00112488191275839,0.078504916648296,"co-occurring",FALSE
"asv","Phloeotribus liminaris","ASV_9224","Ophiostoma","sparsiannulatum",69,5,3,1,4,2,62,0.142857142857143,0.0755615903189683,0.0965088217034126,0.697299493977709,0.4405,0.9335,0.881,1,0.204794442111692,0.778101519312619,"co-occurring",FALSE
"asv","Phloeotribus liminaris","ASV_6746","Graphilbum",NA,69,5,4,1,4,3,61,0.125,0.0259504752376188,0.0507116230980775,1.95319176771008,0.208,1,0.416,1,0.265037287406261,0.865061481276482,"co-occurring",FALSE
"asv","Phloeotribus liminaris","ASV_22166","Grosmannia","cucullata",69,5,4,1,4,3,61,0.125,0.0418334167083542,0.058999013953874,1.4096266652298,0.335,1,0.67,1,0.265037287406261,0.865061481276482,"co-occurring",FALSE
"asv","Phloeotribus liminaris","ASV_25723","Ceratocystiopsis","manitobensis",69,5,4,1,4,3,61,0.125,0.044959979989995,0.0710512156537383,1.1265116194503,0.3195,0.9685,0.639,1,0.265037287406261,0.865061481276482,"co-occurring",FALSE
"asv","Phloeotribus liminaris","ASV_27488","Ceratocystiopsis","synnemata",69,5,4,1,4,3,61,0.125,0.123963767598084,0.097022237469858,0.0106803597704871,0.732,0.798,1,1,0.265037287406261,0.865061481276482,"co-occurring",FALSE
"asv","Phloeotribus liminaris","ASV_1646","Raffaelea","arxii",69,5,5,1,4,4,60,0.111111111111111,0.0780251236729487,0.0803631352291279,0.411706030928598,0.563,0.8885,1,1,0.321572880682702,0.893932158878959,"co-occurring",FALSE
"asv","Phloeotribus liminaris","ASV_7106","Ophiostoma","denticiliatum",69,5,5,1,4,4,60,0.111111111111111,0.0584458896114733,0.0706487094832199,0.745451996007748,0.4575,0.945,0.915,1,0.321572880682702,0.893932158878959,"co-occurring",FALSE
"asv","Phloeotribus liminaris","ASV_15268","Grosmannia","olivacea",69,5,5,1,4,4,60,0.111111111111111,0.0437301984325502,0.0641281081145677,1.05072353854852,0.352,0.9665,0.704,1,0.321572880682702,0.893932158878959,"co-occurring",FALSE
"asv","Phloeotribus liminaris","ASV_5162","Sporothrix",NA,69,5,7,1,4,6,58,0.0909090909090909,0.0475692391650378,0.0571303494469592,0.75861345438278,0.4575,0.945,0.915,1,0.424211904190528,0.959906117673447,"co-occurring",FALSE
"asv","Phloeotribus liminaris","ASV_15258","Ophiostoma","pallidulum",69,5,7,1,4,6,58,0.0909090909090909,0.0475692391650378,0.0571303494469592,0.75861345438278,0.4575,0.945,0.915,1,0.424211904190528,0.959906117673447,"co-occurring",FALSE
"asv","Phloeotribus liminaris","ASV_15738","Graphilbum",NA,69,5,7,1,4,6,58,0.0909090909090909,0.0555368593387612,0.0601196100509667,0.588364288130657,0.5205,0.9245,1,1,0.424211904190528,0.959906117673447,"co-occurring",FALSE
"asv","Phloeotribus liminaris","ASV_1122","Raffaelea","arxii",69,5,8,1,4,7,57,0.0833333333333333,0.0435217608804401,0.0521475911026308,0.763440297262069,0.4575,0.945,0.915,1,0.47064642804613,1,"co-occurring",FALSE
"asv","Phloeotribus liminaris","ASV_660","Grosmannia","francke-grosmanniae",69,5,13,1,4,12,52,0.0588235294117647,0.0831290645322672,0.0512329137981556,-0.474412507870625,0.871,0.5885,1,1,1,1,"avoiding",FALSE
"asv","Phloeotribus liminaris","ASV_3556","Sporothrix","rossii",69,5,9,0,5,9,55,0,0.0570611646149426,0.0615644698282868,-0.926852205080226,1,0.4445,0.889,1,1,1,"avoiding",FALSE
"asv","Phloeotribus liminaris","ASV_4044","Graphilbum",NA,69,5,6,0,5,6,58,0,0.0415318770496358,0.0584966377629661,-0.709987422147695,1,0.6295,1,1,1,1,"avoiding",FALSE
"asv","Phloeotribus liminaris","ASV_4337","Ophiostoma","undulatum",69,5,4,0,5,4,60,0,0.0221985992996498,0.0477827298017422,-0.464573694130812,1,0.8225,1,1,1,1,"avoiding",FALSE
"asv","Phloeotribus liminaris","ASV_5724","Graphilbum",NA,69,5,4,0,5,4,60,0,0.0221985992996498,0.0477827298017422,-0.464573694130812,1,0.8225,1,1,1,1,"avoiding",FALSE
"asv","Phloeotribus liminaris","ASV_6045","Sporothrix",NA,69,5,7,0,5,7,57,0,0,0,NA,1,1,1,1,1,1,"co-occurring",FALSE
"asv","Phloeotribus liminaris","ASV_6117","Leptographium","gracile",69,5,13,0,5,13,51,0,0.0201277109142808,0.0279150150860054,-0.721035287004788,1,0.658,1,1,0.575142191854029,1,"avoiding",FALSE
"asv","Phloeotribus liminaris","ASV_6959","Ophiostoma","adjuncti",69,5,7,0,5,7,57,0,0.0182363909227341,0.0364136111028849,-0.500812481113397,1,0.7995,1,1,1,1,"avoiding",FALSE
"asv","Phloeotribus liminaris","ASV_7618","Leptographium","lundbergii",69,5,7,0,5,7,57,0,0.0349629360134617,0.0515354395791152,-0.678425105112143,1,0.654,1,1,1,1,"avoiding",FALSE
"asv","Phloeotribus liminaris","ASV_7819","Hawksworthiomyces",NA,69,5,5,0,5,5,59,0,0.0165082541270635,0.0395285928143999,-0.417628176256497,1,0.8515,1,1,1,1,"avoiding",FALSE
"asv","Phloeotribus liminaris","ASV_7886","Grosmannia",NA,69,5,4,0,5,4,60,0,0,0,NA,1,1,1,1,1,1,"co-occurring",FALSE
"asv","Phloeotribus liminaris","ASV_8131","Graphilbum",NA,69,5,6,0,5,6,58,0,0.0355733422266689,0.0556332205867373,-0.639426260991071,1,0.6805,1,1,1,1,"avoiding",FALSE
"asv","Phloeotribus liminaris","ASV_8274","Sporothrix","rossii",69,5,12,0,5,12,52,0,0.0239036184759046,0.0350082802179605,-0.682798992897721,1,0.654,1,1,0.578225339953782,1,"avoiding",FALSE
"asv","Phloeotribus liminaris","ASV_8895","Ceratocystiopsis","manitobensis",69,5,13,0,5,13,51,0,0.0443611511638181,0.0451198531388554,-0.983184741920538,1,0.4205,0.841,1,0.575142191854029,1,"avoiding",FALSE
"asv","Phloeotribus liminaris","ASV_8974","Ophiostoma","karelicum",69,5,3,0,5,3,61,0,0,0,NA,1,1,1,1,1,1,"co-occurring",FALSE
"asv","Phloeotribus liminaris","ASV_9363","Sporothrix",NA,69,5,5,0,5,5,59,0,0,0,NA,1,1,1,1,1,1,"co-occurring",FALSE
"asv","Phloeotribus liminaris","ASV_11554","Raffaelea","crossotarsi",69,5,3,0,5,3,61,0,0.0485242621310654,0.0676736613436456,-0.717033202691074,1,0.6605,1,1,1,1,"avoiding",FALSE
"asv","Phloeotribus liminaris","ASV_11600","Ophiostoma","undulatum",69,5,4,0,5,4,60,0,0.0221985992996498,0.0477827298017422,-0.464573694130812,1,0.8225,1,1,1,1,"avoiding",FALSE
"asv","Phloeotribus liminaris","ASV_13249","Ophiostoma","denticulatum",69,5,6,0,5,6,58,0,0.01775887943972,0.0382261838413933,-0.46457369413082,1,0.8225,1,1,1,1,"avoiding",FALSE
"asv","Phloeotribus liminaris","ASV_13560","Hawksworthiomyces",NA,69,5,7,0,5,7,57,0,0.0182363909227341,0.0364136111028849,-0.500812481113397,1,0.7995,1,1,1,1,"avoiding",FALSE
"asv","Phloeotribus liminaris","ASV_16537","Graphilbum",NA,69,5,3,0,5,3,61,0,0,0,NA,1,1,1,1,1,1,"co-occurring",FALSE
"asv","Phloeotribus liminaris","ASV_17726",NA,NA,69,5,3,0,5,3,61,0,0,0,NA,1,1,1,1,1,1,"co-occurring",FALSE
"asv","Phloeotribus liminaris","ASV_21569","Sporothrix",NA,69,5,7,0,5,7,57,0,0.0308790759015875,0.0430650572186832,-0.717033202691091,1,0.6605,1,1,1,1,"avoiding",FALSE
"asv","Phloeotribus liminaris","ASV_22950","Sporothrix",NA,69,5,6,0,5,6,58,0,0.0193096548274138,0.0394826866407966,-0.489066385048417,1,0.807,1,1,1,1,"avoiding",FALSE
"asv","Phloeotribus liminaris","ASV_23023","Sporothrix",NA,69,5,4,0,5,4,60,0,0,0,NA,1,1,1,1,1,1,"co-occurring",FALSE
"asv","Phloeotribus liminaris","ASV_28495","Raffaelea","subfusca",69,5,3,0,5,3,61,0,0.0555515853164674,0.0829829461296289,-0.669433756059823,1,0.654,1,1,1,1,"avoiding",FALSE
"asv","Pityogenes hopkinsi","ASV_8274","Sporothrix","rossii",69,19,12,9,10,3,47,0.409090909090909,0.263065979392731,0.0610693018349598,2.39113474872877,0.0385,0.9955,0.077,1,0.000218670793706039,0.0289957472454208,"co-occurring",FALSE
"asv","Pityogenes hopkinsi","ASV_21569","Sporothrix",NA,69,19,7,6,13,1,49,0.3,0.130477342002453,0.0471648804423187,3.59425607375106,0.001,1,0.002,0.3315,0.00130409823790745,0.0860368253427904,"co-occurring",FALSE
"asv","Pityogenes hopkinsi","ASV_660","Grosmannia","francke-grosmanniae",69,19,13,7,12,6,44,0.28,0.10981647821941,0.043329084331391,3.92769716708035,0.001,1,0.002,0.3315,0.0346405070363353,0.349919918430383,"co-occurring",FALSE
"asv","Pityogenes hopkinsi","ASV_6117","Leptographium","gracile",69,19,13,7,12,6,44,0.28,0.151206361745425,0.0410336814517251,3.138729787287,0.009,1,0.018,0.767684210526316,0.0346405070363353,0.349919918430383,"co-occurring",FALSE
"asv","Pityogenes hopkinsi","ASV_8895","Ceratocystiopsis","manitobensis",69,19,13,7,12,6,44,0.28,0.217370280952623,0.0613078222999521,1.02156163272213,0.2515,0.917,0.503,1,0.0346405070363353,0.349919918430383,"co-occurring",FALSE
"asv","Pityogenes hopkinsi","ASV_3556","Sporothrix","rossii",69,19,9,6,13,3,47,0.272727272727273,0.157484873197947,0.0554307236538563,2.0790347289884,0.064,0.992,0.128,1,0.0105410641692686,0.207540924410207,"co-occurring",FALSE
"asv","Pityogenes hopkinsi","ASV_3603","Sporothrix","eucastaneae",69,19,10,6,13,4,46,0.260869565217391,0.145923269941802,0.0543293870051377,2.11572965593592,0.0545,0.9935,0.109,1,0.021566775884163,0.274976392523078,"co-occurring",FALSE
"asv","Pityogenes hopkinsi","ASV_8131","Graphilbum",NA,69,19,6,5,14,1,49,0.25,0.179876005196275,0.054962418560647,1.27585351300268,0.221,0.962,0.442,1,0.00507628322359018,0.134639844256976,"co-occurring",FALSE
"asv","Pityogenes hopkinsi","ASV_13249","Ophiostoma","denticulatum",69,19,6,5,14,1,49,0.25,0.164936197654932,0.0521984927410209,1.62962181239804,0.1365,0.986,0.273,1,0.00507628322359018,0.134639844256976,"co-occurring",FALSE
"asv","Pityogenes hopkinsi","ASV_7618","Leptographium","lundbergii",69,19,7,5,14,2,48,0.238095238095238,0.17687169770904,0.0565600773375559,1.0824514970305,0.269,0.948,0.538,1,0.014506745687797,0.231758370867696,"co-occurring",FALSE
"asv","Pityogenes hopkinsi","ASV_15258","Ophiostoma","pallidulum",69,19,7,5,14,2,48,0.238095238095238,0.124162333378247,0.0462118376589345,2.46544847573193,0.037,1,0.074,1,0.014506745687797,0.231758370867696,"co-occurring",FALSE
"asv","Pityogenes hopkinsi","ASV_15738","Graphilbum",NA,69,19,7,5,14,2,48,0.238095238095238,0.178572049306377,0.0589585685150779,1.00957656008285,0.2775,0.936,0.555,1,0.014506745687797,0.231758370867696,"co-occurring",FALSE
"asv","Pityogenes hopkinsi","ASV_7106","Ophiostoma","denticiliatum",69,19,5,4,15,1,49,0.2,0.092668525115183,0.0446463375456461,2.40403761618928,0.0425,1,0.085,1,0.0182789306734797,0.257167128782963,"co-occurring",FALSE
"asv","Pityogenes hopkinsi","ASV_22950","Sporothrix",NA,69,19,6,4,15,2,48,0.19047619047619,0.0624126057005541,0.0417465225624254,3.06764676229349,0.009,1,0.018,0.767684210526316,0.0446842255732587,0.379527521627531,"co-occurring",FALSE
"asv","Pityogenes hopkinsi","ASV_6959","Ophiostoma","adjuncti",69,19,7,4,15,3,47,0.181818181818182,0.161235384302353,0.0495253059129572,0.415601622976419,0.523,0.842,1,1,0.084920865420541,0.526824431277178,"co-occurring",FALSE
"asv","Pityogenes hopkinsi","ASV_1122","Raffaelea","arxii",69,19,8,4,15,4,46,0.173913043478261,0.0660393574713768,0.035762771120823,3.01636821269911,0.009,1,0.018,0.767684210526316,0.20250808034376,0.778101519312619,"co-occurring",FALSE
"asv","Pityogenes hopkinsi","ASV_17726",NA,NA,69,19,3,3,16,0,50,0.157894736842105,0.0745755083055302,0.0379718547468927,2.19423647045825,0.064,1,0.128,1,0.018494484101233,0.257167128782963,"co-occurring",FALSE
"asv","Pityogenes hopkinsi","ASV_5724","Graphilbum",NA,69,19,4,3,16,1,49,0.15,0.0542169410063896,0.0422005402608575,2.2697116767117,0.06,0.996,0.12,1,0.060527402513126,0.43383424720219,"co-occurring",FALSE
"asv","Pityogenes hopkinsi","ASV_6746","Graphilbum",NA,69,19,4,3,16,1,49,0.15,0.0906544010214284,0.0454291629920405,1.30633265219897,0.23,0.974,0.46,1,0.060527402513126,0.43383424720219,"co-occurring",FALSE
"asv","Pityogenes hopkinsi","ASV_11600","Ophiostoma","undulatum",69,19,4,3,16,1,49,0.15,0.0457271926006302,0.0374141192003877,2.78699083735985,0.0235,1,0.047,1,0.060527402513126,0.43383424720219,"co-occurring",FALSE
"asv","Pityogenes hopkinsi","ASV_25723","Ceratocystiopsis","manitobensis",69,19,4,3,16,1,49,0.15,0.103063288308545,0.050450051757652,0.930360030489689,0.3385,0.933,0.677,1,0.060527402513126,0.43383424720219,"co-occurring",FALSE
"asv","Pityogenes hopkinsi","ASV_1646","Raffaelea","arxii",69,19,5,3,16,2,48,0.142857142857143,0.0660539191108824,0.0320295293119832,2.39788799261331,0.041,1,0.082,1,0.123900110272596,0.615324143151542,"co-occurring",FALSE
"asv","Pityogenes hopkinsi","ASV_9363","Sporothrix",NA,69,19,5,3,16,2,48,0.142857142857143,0.116844136353891,0.0259804959100581,1.00125134613697,0.4995,1,0.999,1,0.123900110272596,0.615324143151542,"co-occurring",FALSE
"asv","Pityogenes hopkinsi","ASV_15268","Grosmannia","olivacea",69,19,5,3,16,2,48,0.142857142857143,0.104154713393428,0.0497806798534788,0.77745883699517,0.378,0.911,0.756,1,0.123900110272596,0.615324143151542,"co-occurring",FALSE
"asv","Pityogenes hopkinsi","ASV_4044","Graphilbum",NA,69,19,6,3,16,3,47,0.136363636363636,0.101517432441044,0.0460590169928663,0.756555528051957,0.399,0.907,0.798,1,0.335673845374384,0.902846894455239,"co-occurring",FALSE
"asv","Pityogenes hopkinsi","ASV_5162","Sporothrix",NA,69,19,7,3,16,4,46,0.130434782608696,0.0696272934133175,0.0452714788342518,1.34317435085359,0.186,0.959,0.372,1,0.384342428130839,0.95506581609781,"co-occurring",FALSE
"asv","Pityogenes hopkinsi","ASV_13560","Hawksworthiomyces",NA,69,19,7,3,16,4,46,0.130434782608696,0.0735667108916783,0.033628743137914,1.69105552008879,0.1575,1,0.315,1,0.384342428130839,0.95506581609781,"co-occurring",FALSE
"asv","Pityogenes hopkinsi","ASV_9224","Ophiostoma","sparsiannulatum",69,19,3,2,17,1,49,0.1,0.0318921365444635,0.032761864014455,2.07887632478684,0.1095,1,0.219,1,0.181681108523877,0.719377464700006,"co-occurring",FALSE
"asv","Pityogenes hopkinsi","ASV_11554","Raffaelea","crossotarsi",69,19,3,2,17,1,49,0.1,0.0391366109119732,0.0346957895407473,1.75420101094825,0.1435,0.99,0.287,1,0.181681108523877,0.719377464700006,"co-occurring",FALSE
"asv","Pityogenes hopkinsi","ASV_16537","Graphilbum",NA,69,19,3,2,17,1,49,0.1,0.0919996339021623,0.0388438638058114,0.205962160145377,0.6955,0.84,1,1,0.181681108523877,0.719377464700006,"co-occurring",FALSE
"asv","Pityogenes hopkinsi","ASV_28495","Raffaelea","subfusca",69,19,3,2,17,1,49,0.1,0.0350937373448637,0.0335657161765337,1.93370706925399,0.1315,1,0.263,1,0.181681108523877,0.719377464700006,"co-occurring",FALSE
"asv","Pityogenes hopkinsi","ASV_7886","Grosmannia",NA,69,19,4,2,17,2,48,0.0952380952380952,0.0710720078654063,0.0346848023679462,0.696734181049334,0.5005,0.9405,1,1,0.302834814534628,0.893932158878959,"co-occurring",FALSE
"asv","Pityogenes hopkinsi","ASV_22166","Grosmannia","cucullata",69,19,4,2,17,2,48,0.0952380952380952,0.0388319700976035,0.0343913013948096,1.64012767336,0.1655,0.987,0.331,1,0.302834814534628,0.893932158878959,"co-occurring",FALSE
"asv","Pityogenes hopkinsi","ASV_7819","Hawksworthiomyces",NA,69,19,5,2,17,3,47,0.0909090909090909,0.0773768024610836,0.041885983407987,0.323074387825569,0.572,0.831,1,1,0.610651337948357,1,"co-occurring",FALSE
"asv","Pityogenes hopkinsi","ASV_6045","Sporothrix",NA,69,19,7,2,17,5,45,0.0833333333333333,0.0998295421002436,0.0447417061384926,-0.368698697270243,0.811,0.5855,1,1,1,1,"avoiding",FALSE
"asv","Pityogenes hopkinsi","ASV_8974","Ophiostoma","karelicum",69,19,3,1,18,2,48,0.0476190476190476,0.0325175118887772,0.0354957154779625,0.425446720172359,0.5325,0.872,1,1,1,1,"co-occurring",FALSE
"asv","Pityogenes hopkinsi","ASV_4337","Ophiostoma","undulatum",69,19,4,1,18,3,47,0.0454545454545455,0.0309278015631196,0.0312460424380921,0.464914682242008,0.559,0.889,1,1,1,1,"co-occurring",FALSE
"asv","Pityogenes hopkinsi","ASV_23023","Sporothrix",NA,69,19,4,1,18,3,47,0.0454545454545455,0.0556587817718397,0.0290874414543586,-0.350812440252121,0.898,0.702,1,1,1,1,"avoiding",FALSE
"asv","Pityogenes hopkinsi","ASV_27488","Ceratocystiopsis","synnemata",69,19,4,1,18,3,47,0.0454545454545455,0.0556468710545764,0.0293040793759479,-0.34781251679234,0.895,0.6995,1,1,1,1,"avoiding",FALSE
"asv","Pityophthorus cariniceps","ASV_25723","Ceratocystiopsis","manitobensis",69,8,4,2,6,2,59,0.2,0.102198068731336,0.0894803919968057,1.09299846688373,0.2825,0.9565,0.565,1,0.0633035704990508,0.439479238124301,"co-occurring",FALSE
"asv","Pityophthorus cariniceps","ASV_3603","Sporothrix","eucastaneae",69,8,10,2,6,8,53,0.125,0.13508434081294,0.0799342901885715,-0.126157882795356,0.689,0.676,1,1,0.326795784583521,0.898494670059224,"avoiding",FALSE
"asv","Pityophthorus cariniceps","ASV_8274","Sporothrix","rossii",69,8,12,2,6,10,51,0.111111111111111,0.13076913536625,0.067023796592812,-0.293299175135768,0.7605,0.613,1,1,0.620564777794059,1,"avoiding",FALSE
"asv","Pityophthorus cariniceps","ASV_6746","Graphilbum",NA,69,8,4,1,7,3,58,0.0909090909090909,0.060960783422015,0.0662720130445237,0.45189977052539,0.536,0.892,1,1,0.396351189877166,0.95506581609781,"co-occurring",FALSE
"asv","Pityophthorus cariniceps","ASV_11600","Ophiostoma","undulatum",69,8,4,1,7,3,58,0.0909090909090909,0.0486515985265368,0.0574613328706248,0.73540745178497,0.467,0.943,0.934,1,0.396351189877166,0.95506581609781,"co-occurring",FALSE
"asv","Pityophthorus cariniceps","ASV_7819","Hawksworthiomyces",NA,69,8,5,1,7,4,57,0.0833333333333333,0.0397259235678445,0.0551246330524909,0.791069388597379,0.3985,0.939,0.797,1,0.47064642804613,1,"co-occurring",FALSE
"asv","Pityophthorus cariniceps","ASV_15268","Grosmannia","olivacea",69,8,5,1,7,4,57,0.0833333333333333,0.0758874386688298,0.0768135803689542,0.0969346127174275,0.623,0.7985,1,1,0.47064642804613,1,"co-occurring",FALSE
"asv","Pityophthorus cariniceps","ASV_4044","Graphilbum",NA,69,8,6,1,7,5,56,0.0769230769230769,0.114621413270736,0.0707713772542569,-0.532677726649597,0.8785,0.5605,1,1,0.536815624540364,1,"avoiding",FALSE
"asv","Pityophthorus cariniceps","ASV_5162","Sporothrix",NA,69,8,7,1,7,6,55,0.0714285714285714,0.0639300669315677,0.0642579976107597,0.116693715581143,0.621,0.8015,1,1,1,1,"co-occurring",FALSE
"asv","Pityophthorus cariniceps","ASV_7618","Leptographium","lundbergii",69,8,7,1,7,6,55,0.0714285714285714,0.148989704642533,0.0897582058717583,-0.864111893287798,0.934,0.378,0.756,1,1,1,"avoiding",FALSE
"asv","Pityophthorus cariniceps","ASV_15738","Graphilbum",NA,69,8,7,1,7,6,55,0.0714285714285714,0.139651868891491,0.0863022564331347,-0.790515802049484,0.9195,0.407,0.814,1,1,1,"avoiding",FALSE
"asv","Pityophthorus cariniceps","ASV_21569","Sporothrix",NA,69,8,7,1,7,6,55,0.0714285714285714,0.0773779747016379,0.0657211179690415,-0.0905249858328485,0.712,0.7255,1,1,1,1,"avoiding",FALSE
"asv","Pityophthorus cariniceps","ASV_3556","Sporothrix","rossii",69,8,9,1,7,8,53,0.0625,0.0897987455266097,0.066772829068339,-0.40883014704485,0.8175,0.593,1,1,1,1,"avoiding",FALSE
"asv","Pityophthorus cariniceps","ASV_660","Grosmannia","francke-grosmanniae",69,8,13,1,7,12,49,0.05,0.0890424056197358,0.0563289145796399,-0.693114822309175,0.886,0.443,0.886,1,1,1,"avoiding",FALSE
"asv","Pityophthorus cariniceps","ASV_6117","Leptographium","gracile",69,8,13,1,7,12,49,0.05,0.119198150416799,0.0587859886347868,-1.17711978693934,0.9775,0.2535,0.507,1,1,1,"avoiding",FALSE
"asv","Pityophthorus cariniceps","ASV_8895","Ceratocystiopsis","manitobensis",69,8,13,1,7,12,49,0.05,0.133100999674246,0.0695104000484265,-1.19551893840851,0.97,0.209,0.418,1,1,1,"avoiding",FALSE
"asv","Pityophthorus cariniceps","ASV_1122","Raffaelea","arxii",69,8,8,0,8,8,53,0,0.0332576544682603,0.0439401779101527,-0.756884838660972,1,0.582,1,1,0.582588581255013,1,"avoiding",FALSE
"asv","Pityophthorus cariniceps","ASV_1646","Raffaelea","arxii",69,8,5,0,8,5,56,0,0.0560825867479189,0.0616751582992807,-0.909322137055188,1,0.4655,0.931,1,1,1,"avoiding",FALSE
"asv","Pityophthorus cariniceps","ASV_4337","Ophiostoma","undulatum",69,8,4,0,8,4,57,0,0.0161444358542907,0.0347510762194491,-0.464573694130808,1,0.8225,1,1,1,1,"avoiding",FALSE
"asv","Pityophthorus cariniceps","ASV_5724","Graphilbum",NA,69,8,4,0,8,4,57,0,0.0161444358542907,0.0347510762194491,-0.464573694130808,1,0.8225,1,1,1,1,"avoiding",FALSE
"asv","Pityophthorus cariniceps","ASV_6045","Sporothrix",NA,69,8,7,0,8,7,54,0,0.0744293225533855,0.0640188296744526,-1.16261610735267,1,0.284,0.568,1,0.58828055514699,1,"avoiding",FALSE
"asv","Pityophthorus cariniceps","ASV_6959","Ophiostoma","adjuncti",69,8,7,0,8,7,54,0,0.107708574567007,0.0765147071234722,-1.40768459576271,1,0.168,0.336,1,0.58828055514699,1,"avoiding",FALSE
"asv","Pityophthorus cariniceps","ASV_7106","Ophiostoma","denticiliatum",69,8,5,0,8,5,56,0,0.0726967018862969,0.073244239156993,-0.992524500534132,1,0.3865,0.773,1,1,1,"avoiding",FALSE
"asv","Pityophthorus cariniceps","ASV_7886","Grosmannia",NA,69,8,4,0,8,4,57,0,0.0941925508208658,0.0620571664063891,-1.51783518770474,1,0.193,0.386,1,1,1,"avoiding",FALSE
"asv","Pityophthorus cariniceps","ASV_8131","Graphilbum",NA,69,8,6,0,8,6,55,0,0.114485681068971,0.0832521270202064,-1.37516824094096,1,0.1755,0.351,1,1,1,"avoiding",FALSE
"asv","Pityophthorus cariniceps","ASV_8974","Ophiostoma","karelicum",69,8,3,0,8,3,58,0,0.0156078039019511,0.0363020122751458,-0.429943215920208,1,0.844,1,1,1,1,"avoiding",FALSE
"asv","Pityophthorus cariniceps","ASV_9224","Ophiostoma","sparsiannulatum",69,8,3,0,8,3,58,0,0.0347118003446169,0.0552797248979589,-0.627930048651501,1,0.6885,1,1,1,1,"avoiding",FALSE
"asv","Pityophthorus cariniceps","ASV_9363","Sporothrix",NA,69,8,5,0,8,5,56,0,0.0401033850258462,0.0416477485940687,-0.962918438082329,1,0.519,1,1,1,1,"avoiding",FALSE
"asv","Pityophthorus cariniceps","ASV_11554","Raffaelea","crossotarsi",69,8,3,0,8,3,58,0,0.0339669834917461,0.0473715629405521,-0.717033202691079,1,0.6605,1,1,1,1,"avoiding",FALSE
"asv","Pityophthorus cariniceps","ASV_13249","Ophiostoma","denticulatum",69,8,6,0,8,6,55,0,0.125405476631087,0.0810184417173943,-1.54786335027921,1,0.1095,0.219,1,1,1,"avoiding",FALSE
"asv","Pityophthorus cariniceps","ASV_13560","Hawksworthiomyces",NA,69,8,7,0,8,7,54,0,0.0413448482482997,0.045976661927439,-0.899257286523989,1,0.5005,1,1,0.58828055514699,1,"avoiding",FALSE
"asv","Pityophthorus cariniceps","ASV_15258","Ophiostoma","pallidulum",69,8,7,0,8,7,54,0,0.103144479332576,0.0807832134047164,-1.27680584846052,1,0.2015,0.403,1,0.58828055514699,1,"avoiding",FALSE
"asv","Pityophthorus cariniceps","ASV_16537","Graphilbum",NA,69,8,3,0,8,3,58,0,0.0851522983714069,0.079074814245685,-1.07685739364293,1,0.3495,0.699,1,1,1,"avoiding",FALSE
"asv","Pityophthorus cariniceps","ASV_17726",NA,NA,69,8,3,0,8,3,58,0,0.0667625479406362,0.0751341351481282,-0.88857811178651,1,0.4725,0.945,1,1,1,"avoiding",FALSE
"asv","Pityophthorus cariniceps","ASV_22166","Grosmannia","cucullata",69,8,4,0,8,4,57,0,0.0468688889899502,0.0569605969505467,-0.822830017575868,1,0.5495,1,1,1,1,"avoiding",FALSE
"asv","Pityophthorus cariniceps","ASV_22950","Sporothrix",NA,69,8,6,0,8,6,55,0,0.0260899680609539,0.0364266107059937,-0.716233752064698,1,0.661,1,1,1,1,"avoiding",FALSE
"asv","Pityophthorus cariniceps","ASV_23023","Sporothrix",NA,69,8,4,0,8,4,57,0,0.0481513484014742,0.0565292361876215,-0.851795489358092,1,0.533,1,1,1,1,"avoiding",FALSE
"asv","Pityophthorus cariniceps","ASV_27488","Ceratocystiopsis","synnemata",69,8,4,0,8,4,57,0,0.0149165491836827,0.0336766065217954,-0.442935043767809,1,0.836,1,1,1,1,"avoiding",FALSE
"asv","Pityophthorus cariniceps","ASV_28495","Raffaelea","subfusca",69,8,3,0,8,3,58,0,0.0590017230837634,0.066369273213152,-0.888991550265634,1,0.4995,0.999,1,1,1,"avoiding",FALSE
"asv","Pityophthorus consimilis","ASV_7886","Grosmannia",NA,69,5,4,2,3,2,62,0.285714285714286,0.0884549417565925,0.0863882366196772,2.28340514491717,0.0925,1,0.185,1,0.0240659062279859,0.290103560530084,"co-occurring",FALSE
"asv","Pityophthorus consimilis","ASV_3603","Sporothrix","eucastaneae",69,5,10,3,2,7,57,0.25,0.0792978907035951,0.0628778861478002,2.71481946602267,0.0335,1,0.067,1,0.0193942027739791,0.257167128782963,"co-occurring",FALSE
"asv","Pityophthorus consimilis","ASV_28495","Raffaelea","subfusca",69,5,3,1,4,2,62,0.142857142857143,0.0839181495509653,0.107444538749707,0.548552713725884,0.4595,0.9095,0.919,1,0.204794442111692,0.778101519312619,"co-occurring",FALSE
"asv","Pityophthorus consimilis","ASV_4337","Ophiostoma","undulatum",69,5,4,1,4,3,61,0.125,0.0453619666976346,0.0719522978686875,1.10681709495511,0.3195,0.966,0.639,1,0.265037287406261,0.865061481276482,"co-occurring",FALSE
"asv","Pityophthorus consimilis","ASV_6117","Leptographium","gracile",69,5,13,2,3,11,53,0.125,0.092703704793574,0.0545720233973089,0.591810477161428,0.4935,0.898,0.987,1,0.235255945337252,0.842529713859045,"co-occurring",FALSE
"asv","Pityophthorus consimilis","ASV_8895","Ceratocystiopsis","manitobensis",69,5,13,2,3,11,53,0.125,0.0729266944396579,0.0577047923357334,0.902408681368671,0.3435,0.9295,0.687,1,0.235255945337252,0.842529713859045,"co-occurring",FALSE
"asv","Pityophthorus consimilis","ASV_11600","Ophiostoma","undulatum",69,5,4,1,4,3,61,0.125,0.0701868791538628,0.0952459163550208,0.575490508609588,0.4325,0.9095,0.865,1,0.265037287406261,0.865061481276482,"co-occurring",FALSE
"asv","Pityophthorus consimilis","ASV_23023","Sporothrix",NA,69,5,4,1,4,3,61,0.125,0.0597084256413922,0.0778507025095563,0.838676752474946,0.4175,0.953,0.835,1,0.265037287406261,0.865061481276482,"co-occurring",FALSE
"asv","Pityophthorus consimilis","ASV_25723","Ceratocystiopsis","manitobensis",69,5,4,1,4,3,61,0.125,0.069338240548846,0.0913292247874898,0.609462738577613,0.442,0.9195,0.884,1,0.265037287406261,0.865061481276482,"co-occurring",FALSE
"asv","Pityophthorus consimilis","ASV_1646","Raffaelea","arxii",69,5,5,1,4,4,60,0.111111111111111,0.0589600355733431,0.0722074957561226,0.722239083237367,0.454,0.9385,0.908,1,0.321572880682702,0.893932158878959,"co-occurring",FALSE
"asv","Pityophthorus consimilis","ASV_9363","Sporothrix",NA,69,5,5,1,4,4,60,0.111111111111111,0.0195097548774388,0.042284920019053,2.16628897943754,0.176,1,0.352,1,0.321572880682702,0.893932158878959,"co-occurring",FALSE
"asv","Pityophthorus consimilis","ASV_15268","Grosmannia","olivacea",69,5,5,1,4,4,60,0.111111111111111,0.0612290272120195,0.0798639067291608,0.624588577519187,0.442,0.919,0.884,1,0.321572880682702,0.893932158878959,"co-occurring",FALSE
"asv","Pityophthorus consimilis","ASV_13249","Ophiostoma","denticulatum",69,5,6,1,4,5,59,0.1,0.0703796342615743,0.0677272514191616,0.437347819640669,0.5915,0.908,1,1,0.374574999379366,0.953872074369038,"co-occurring",FALSE
"asv","Pityophthorus consimilis","ASV_6959","Ophiostoma","adjuncti",69,5,7,1,4,6,58,0.0909090909090909,0.0499037397486629,0.065944186606275,0.621819045327736,0.4325,0.9095,0.865,1,0.424211904190528,0.959906117673447,"co-occurring",FALSE
"asv","Pityophthorus consimilis","ASV_15738","Graphilbum",NA,69,5,7,1,4,6,58,0.0909090909090909,0.0670426122151995,0.0667157759642658,0.357733659677056,0.581,0.8695,1,1,0.424211904190528,0.959906117673447,"co-occurring",FALSE
"asv","Pityophthorus consimilis","ASV_21569","Sporothrix",NA,69,5,7,1,4,6,58,0.0909090909090909,0.0658511073718687,0.0724043651752102,0.346083878735554,0.5485,0.868,1,1,0.424211904190528,0.959906117673447,"co-occurring",FALSE
"asv","Pityophthorus consimilis","ASV_1122","Raffaelea","arxii",69,5,8,1,4,7,57,0.0833333333333333,0.0438855791532129,0.053407118163209,0.73862353066066,0.453,0.9375,0.906,1,0.47064642804613,1,"co-occurring",FALSE
"asv","Pityophthorus consimilis","ASV_8274","Sporothrix","rossii",69,5,12,1,4,11,53,0.0625,0.0703508805684897,0.0639707675265588,-0.122726064920673,0.6975,0.71,1,1,1,1,"avoiding",FALSE
"asv","Pityophthorus consimilis","ASV_660","Grosmannia","francke-grosmanniae",69,5,13,1,4,12,52,0.0588235294117647,0.0528293558543988,0.0488289043775579,0.122758715022916,0.6475,0.801,1,1,1,1,"co-occurring",FALSE
"asv","Pityophthorus consimilis","ASV_3556","Sporothrix","rossii",69,5,9,0,5,9,55,0,0.0416233757904601,0.0498812613764082,-0.834449142662344,1,0.5385,1,1,1,1,"avoiding",FALSE
"asv","Pityophthorus consimilis","ASV_4044","Graphilbum",NA,69,5,6,0,5,6,58,0,0.0708910010560827,0.0694560909053905,-1.02065924142847,1,0.4155,0.831,1,1,1,"avoiding",FALSE
"asv","Pityophthorus consimilis","ASV_5162","Sporothrix",NA,69,5,7,0,5,7,57,0,0.0500947443418687,0.0643383132737336,-0.778614511212561,1,0.5545,1,1,1,1,"avoiding",FALSE
"asv","Pityophthorus consimilis","ASV_5724","Graphilbum",NA,69,5,4,0,5,4,60,0,0.0221985992996498,0.0477827298017422,-0.464573694130812,1,0.8225,1,1,1,1,"avoiding",FALSE
"asv","Pityophthorus consimilis","ASV_6045","Sporothrix",NA,69,5,7,0,5,7,57,0,0.0431488471508488,0.055079141794809,-0.783397230690246,1,0.579,1,1,1,1,"avoiding",FALSE
"asv","Pityophthorus consimilis","ASV_6746","Graphilbum",NA,69,5,4,0,5,4,60,0,0.0439684127778175,0.0703103365353997,-0.625347778781863,1,0.687,1,1,1,1,"avoiding",FALSE
"asv","Pityophthorus consimilis","ASV_7106","Ophiostoma","denticiliatum",69,5,5,0,5,5,59,0,0.0399922183313884,0.0620771955636117,-0.644233650832497,1,0.6765,1,1,1,1,"avoiding",FALSE
"asv","Pityophthorus consimilis","ASV_7618","Leptographium","lundbergii",69,5,7,0,5,7,57,0,0.0824290933345469,0.0756929913947774,-1.08899241284622,1,0.339,0.678,1,1,1,"avoiding",FALSE
"asv","Pityophthorus consimilis","ASV_7819","Hawksworthiomyces",NA,69,5,5,0,5,5,59,0,0.0371435717858934,0.06000283061302,-0.619030325843221,1,0.6965,1,1,1,1,"avoiding",FALSE
"asv","Pityophthorus consimilis","ASV_8131","Graphilbum",NA,69,5,6,0,5,6,58,0,0.0544174865210378,0.0705677542479432,-0.771138136688315,1,0.558,1,1,1,1,"avoiding",FALSE
"asv","Pityophthorus consimilis","ASV_8974","Ophiostoma","karelicum",69,5,3,0,5,3,61,0,0.0237261487886802,0.0531783260843317,-0.44616200876753,1,0.834,1,1,1,1,"avoiding",FALSE
"asv","Pityophthorus consimilis","ASV_9224","Ophiostoma","sparsiannulatum",69,5,3,0,5,3,61,0,0.0253698277710285,0.0546088340591336,-0.464573694130818,1,0.8225,1,1,1,1,"avoiding",FALSE
"asv","Pityophthorus consimilis","ASV_11554","Raffaelea","crossotarsi",69,5,3,0,5,3,61,0,0.0485242621310654,0.0676736613436456,-0.717033202691074,1,0.6605,1,1,1,1,"avoiding",FALSE
"asv","Pityophthorus consimilis","ASV_13560","Hawksworthiomyces",NA,69,5,7,0,5,7,57,0,0.0182363909227341,0.0364136111028849,-0.500812481113397,1,0.7995,1,1,1,1,"avoiding",FALSE
"asv","Pityophthorus consimilis","ASV_15258","Ophiostoma","pallidulum",69,5,7,0,5,7,57,0,0.0641260023951379,0.0709392211389356,-0.903956955906608,1,0.4575,0.915,1,1,1,"avoiding",FALSE
"asv","Pityophthorus consimilis","ASV_16537","Graphilbum",NA,69,5,3,0,5,3,61,0,0.0462374044164939,0.0668556794881004,-0.691600246538869,1,0.6765,1,1,1,1,"avoiding",FALSE
"asv","Pityophthorus consimilis","ASV_17726",NA,NA,69,5,3,0,5,3,61,0,0.0500726553753065,0.0801738630047623,-0.624550863569243,1,0.687,1,1,1,1,"avoiding",FALSE
"asv","Pityophthorus consimilis","ASV_22166","Grosmannia","cucullata",69,5,4,0,5,4,60,0,0.0218859429714857,0.0475171324405645,-0.460590566967844,1,0.825,1,1,1,1,"avoiding",FALSE
"asv","Pityophthorus consimilis","ASV_22950","Sporothrix",NA,69,5,6,0,5,6,58,0,0.0175087543771887,0.038013705952451,-0.460590566967855,1,0.825,1,1,1,1,"avoiding",FALSE
"asv","Pityophthorus consimilis","ASV_27488","Ceratocystiopsis","synnemata",69,5,4,0,5,4,60,0,0,0,NA,1,1,1,1,1,1,"co-occurring",FALSE
"asv","Pityophthorus lautus","ASV_27488","Ceratocystiopsis","synnemata",69,4,4,1,3,3,62,0.142857142857143,0.0463088687200742,0.0668825770331689,1.44354895429923,0.3245,1,0.649,1,0.216843011170606,0.804364998309892,"co-occurring",FALSE
"asv","Pityophthorus lautus","ASV_3556","Sporothrix","rossii",69,4,9,1,3,8,57,0.0833333333333333,0.0412706353176587,0.0521790900211039,0.806121724212943,0.4305,0.945,0.861,1,0.435934718409811,0.973131695423722,"co-occurring",FALSE
"asv","Pityophthorus lautus","ASV_3603","Sporothrix","eucastaneae",69,4,10,1,3,9,56,0.0769230769230769,0.0944662307843883,0.0670048273424082,-0.261819253285474,0.7975,0.6665,1,1,0.473539070515824,1,"avoiding",FALSE
"asv","Pityophthorus lautus","ASV_660","Grosmannia","francke-grosmanniae",69,4,13,1,3,12,53,0.0625,0.0881071488125015,0.0560168130843747,-0.457133267719659,0.863,0.5955,1,1,0.575142191854029,1,"avoiding",FALSE
"asv","Pityophthorus lautus","ASV_6117","Leptographium","gracile",69,4,13,1,3,12,53,0.0625,0.0202601300650325,0.0292611274520118,1.44354895429921,0.3245,1,0.649,1,0.575142191854029,1,"co-occurring",FALSE
"asv","Pityophthorus lautus","ASV_1122","Raffaelea","arxii",69,4,8,0,4,8,57,0,0.0460412024193922,0.0573571850670327,-0.80271028582704,1,0.561,1,1,1,1,"avoiding",FALSE
"asv","Pityophthorus lautus","ASV_1646","Raffaelea","arxii",69,4,5,0,4,5,60,0,0.087838562138212,0.0907192858626566,-0.968245740725893,1,0.4365,0.873,1,1,1,"avoiding",FALSE
"asv","Pityophthorus lautus","ASV_4044","Graphilbum",NA,69,4,6,0,4,6,59,0,0,0,NA,1,1,1,1,1,1,"co-occurring",FALSE
"asv","Pityophthorus lautus","ASV_4337","Ophiostoma","undulatum",69,4,4,0,4,4,61,0,0.0230115057528765,0.0525281720818485,-0.438079317076186,1,0.839,1,1,1,1,"avoiding",FALSE
"asv","Pityophthorus lautus","ASV_5162","Sporothrix",NA,69,4,7,0,4,7,58,0,0.0688483130454108,0.0787654798247688,-0.874092472979014,1,0.4735,0.947,1,1,1,"avoiding",FALSE
"asv","Pityophthorus lautus","ASV_5724","Graphilbum",NA,69,4,4,0,4,4,61,0,0.0724409823959592,0.0927314830705061,-0.781190810254598,1,0.5665,1,1,1,1,"avoiding",FALSE
"asv","Pityophthorus lautus","ASV_6045","Sporothrix",NA,69,4,7,0,4,7,58,0,0,0,NA,1,1,1,1,1,1,"co-occurring",FALSE
"asv","Pityophthorus lautus","ASV_6746","Graphilbum",NA,69,4,4,0,4,4,61,0,0,0,NA,1,1,1,1,1,1,"co-occurring",FALSE
"asv","Pityophthorus lautus","ASV_6959","Ophiostoma","adjuncti",69,4,7,0,4,7,58,0,0,0,NA,1,1,1,1,1,1,"co-occurring",FALSE
"asv","Pityophthorus lautus","ASV_7106","Ophiostoma","denticiliatum",69,4,5,0,4,5,60,0,0.0872579146716215,0.101492237029515,-0.85974964416486,1,0.4735,0.947,1,1,1,"avoiding",FALSE
"asv","Pityophthorus lautus","ASV_7618","Leptographium","lundbergii",69,4,7,0,4,7,58,0,0.0161080540270136,0.0367697204572949,-0.438079317076175,1,0.839,1,1,1,1,"avoiding",FALSE
"asv","Pityophthorus lautus","ASV_7819","Hawksworthiomyces",NA,69,4,5,0,4,5,60,0,0.0200100050025013,0.0458465026119953,-0.436456520399134,1,0.84,1,1,1,1,"avoiding",FALSE
"asv","Pityophthorus lautus","ASV_7886","Grosmannia",NA,69,4,4,0,4,4,61,0,0,0,NA,1,1,1,1,1,1,"co-occurring",FALSE
"asv","Pityophthorus lautus","ASV_8131","Graphilbum",NA,69,4,6,0,4,6,59,0,0.0177866711133344,0.0407524467662176,-0.436456520399138,1,0.84,1,1,1,1,"avoiding",FALSE
"asv","Pityophthorus lautus","ASV_8274","Sporothrix","rossii",69,4,12,0,4,12,53,0,0.0225112556278142,0.035516543185968,-0.633824511297258,1,0.6905,1,1,1,1,"avoiding",FALSE
"asv","Pityophthorus lautus","ASV_8895","Ceratocystiopsis","manitobensis",69,4,13,0,4,13,52,0,0.0200725362681341,0.0291899476560802,-0.687652355688723,1,0.679,1,1,1,1,"avoiding",FALSE
"asv","Pityophthorus lautus","ASV_8974","Ophiostoma","karelicum",69,4,3,0,4,3,62,0,0.0288477572119392,0.0630694562546464,-0.457396637374908,1,0.827,1,1,1,1,"avoiding",FALSE
"asv","Pityophthorus lautus","ASV_9224","Ophiostoma","sparsiannulatum",69,4,3,0,4,3,62,0,0.118459229614806,0.142845483112532,-0.829282291841778,1,0.473,0.946,1,1,1,"avoiding",FALSE
"asv","Pityophthorus lautus","ASV_9363","Sporothrix",NA,69,4,5,0,4,5,60,0,0,0,NA,1,1,1,1,1,1,"co-occurring",FALSE
"asv","Pityophthorus lautus","ASV_11554","Raffaelea","crossotarsi",69,4,3,0,4,3,62,0,0.0562781390695353,0.078838887914445,-0.713837302355249,1,0.6625,1,1,1,1,"avoiding",FALSE
"asv","Pityophthorus lautus","ASV_11600","Ophiostoma","undulatum",69,4,4,0,4,4,61,0,0.0230115057528765,0.0525281720818485,-0.438079317076186,1,0.839,1,1,1,1,"avoiding",FALSE
"asv","Pityophthorus lautus","ASV_13249","Ophiostoma","denticulatum",69,4,6,0,4,6,59,0,0.0178978378077928,0.0408552449525499,-0.438079317076172,1,0.839,1,1,1,1,"avoiding",FALSE
"asv","Pityophthorus lautus","ASV_13560","Hawksworthiomyces",NA,69,4,7,0,4,7,58,0,0,0,NA,1,1,1,1,1,1,"co-occurring",FALSE
"asv","Pityophthorus lautus","ASV_15258","Ophiostoma","pallidulum",69,4,7,0,4,7,58,0,0.0507698293591235,0.0634284516749337,-0.800426748855786,1,0.561,1,1,1,1,"avoiding",FALSE
"asv","Pityophthorus lautus","ASV_15268","Grosmannia","olivacea",69,4,5,0,4,5,60,0,0.0201350675337669,0.0459621505716175,-0.438079317076183,1,0.839,1,1,1,1,"avoiding",FALSE
"asv","Pityophthorus lautus","ASV_15738","Graphilbum",NA,69,4,7,0,4,7,58,0,0,0,NA,1,1,1,1,1,1,"co-occurring",FALSE
"asv","Pityophthorus lautus","ASV_16537","Graphilbum",NA,69,4,3,0,4,3,62,0,0,0,NA,1,1,1,1,1,1,"co-occurring",FALSE
"asv","Pityophthorus lautus","ASV_17726",NA,NA,69,4,3,0,4,3,62,0,0,0,NA,1,1,1,1,1,1,"co-occurring",FALSE
"asv","Pityophthorus lautus","ASV_21569","Sporothrix",NA,69,4,7,0,4,7,58,0,0.0337668834417211,0.0473033327486665,-0.713837302355254,1,0.6625,1,1,1,1,"avoiding",FALSE
"asv","Pityophthorus lautus","ASV_22166","Grosmannia","cucullata",69,4,4,0,4,4,61,0,0.0477381547916814,0.067402356420678,-0.708256466491075,1,0.666,1,1,1,1,"avoiding",FALSE
"asv","Pityophthorus lautus","ASV_22950","Sporothrix",NA,69,4,6,0,4,6,59,0,0,0,NA,1,1,1,1,1,1,"co-occurring",FALSE
"asv","Pityophthorus lautus","ASV_23023","Sporothrix",NA,69,4,4,0,4,4,61,0,0,0,NA,1,1,1,1,1,1,"co-occurring",FALSE
"asv","Pityophthorus lautus","ASV_25723","Ceratocystiopsis","manitobensis",69,4,4,0,4,4,61,0,0.0228685771457158,0.0523960029851374,-0.436456520399136,1,0.84,1,1,1,1,"avoiding",FALSE
"asv","Pityophthorus lautus","ASV_28495","Raffaelea","subfusca",69,4,3,0,4,3,62,0,0.0268467567116891,0.0612828674288242,-0.438079317076175,1,0.839,1,1,1,1,"avoiding",FALSE
"asv","Pityophthorus puberulus","ASV_8274","Sporothrix","rossii",69,15,12,4,11,8,46,0.173913043478261,0.203415880724099,0.0495843181468186,-0.595003387128986,0.876,0.505,1,1,0.277575922669514,0.882828491770797,"avoiding",FALSE
"asv","Pityophthorus puberulus","ASV_6045","Sporothrix",NA,69,15,7,3,12,4,50,0.157894736842105,0.0896655094464512,0.0448681210271962,1.52066157070179,0.199,1,0.398,1,0.168992611055395,0.719377464700006,"co-occurring",FALSE
"asv","Pityophthorus puberulus","ASV_6959","Ophiostoma","adjuncti",69,15,7,3,12,4,50,0.157894736842105,0.17853849832676,0.0676690611932499,-0.305069423465176,0.7655,0.5935,1,1,0.168992611055395,0.719377464700006,"avoiding",FALSE
"asv","Pityophthorus puberulus","ASV_15258","Ophiostoma","pallidulum",69,15,7,3,12,4,50,0.157894736842105,0.12007825132282,0.0502136764017387,0.753111268267455,0.4175,0.9165,0.835,1,0.168992611055395,0.719377464700006,"co-occurring",FALSE
"asv","Pityophthorus puberulus","ASV_15738","Graphilbum",NA,69,15,7,3,12,4,50,0.157894736842105,0.0856645114537204,0.0411488313881652,1.75534086756979,0.1465,1,0.293,1,0.168992611055395,0.719377464700006,"co-occurring",FALSE
"asv","Pityophthorus puberulus","ASV_17726",NA,NA,69,15,3,2,13,1,53,0.125,0.0702777859518006,0.0438046675866936,1.24923249194618,0.3295,1,0.659,1,0.116902698782303,0.604724733259888,"co-occurring",FALSE
"asv","Pityophthorus puberulus","ASV_8895","Ceratocystiopsis","manitobensis",69,15,13,3,12,10,44,0.12,0.163352879664948,0.0528150034077779,-0.8208440190797,0.9065,0.3625,0.725,1,1,1,"avoiding",FALSE
"asv","Pityophthorus puberulus","ASV_6746","Graphilbum",NA,69,15,4,2,13,2,52,0.117647058823529,0.0662390018538697,0.0412031203792438,1.24767387752401,0.3295,1,0.659,1,0.203805432266707,0.778101519312619,"co-occurring",FALSE
"asv","Pityophthorus puberulus","ASV_23023","Sporothrix",NA,69,15,4,2,13,2,52,0.117647058823529,0.0983616808404211,0.0491231835433435,0.392592185441157,0.6035,0.873,1,1,0.203805432266707,0.778101519312619,"co-occurring",FALSE
"asv","Pityophthorus puberulus","ASV_25723","Ceratocystiopsis","manitobensis",69,15,4,2,13,2,52,0.117647058823529,0.0477542692915095,0.0358203776218411,1.95120191835732,0.125,1,0.25,1,0.203805432266707,0.778101519312619,"co-occurring",FALSE
"asv","Pityophthorus puberulus","ASV_7106","Ophiostoma","denticiliatum",69,15,5,2,13,3,51,0.111111111111111,0.0627214191891281,0.0392332383067917,1.23338510942152,0.3345,1,0.669,1,0.296501681316737,0.893932158878959,"co-occurring",FALSE
"asv","Pityophthorus puberulus","ASV_9363","Sporothrix",NA,69,15,5,2,13,3,51,0.111111111111111,0.149949974987495,0.0528222050364524,-0.735275323125595,0.9145,0.455,0.91,1,0.296501681316737,0.893932158878959,"avoiding",FALSE
"asv","Pityophthorus puberulus","ASV_22950","Sporothrix",NA,69,15,6,2,13,4,50,0.105263157894737,0.0389168268344692,0.0313338646300825,2.11740019443918,0.095,1,0.19,1,0.604282195740664,1,"co-occurring",FALSE
"asv","Pityophthorus puberulus","ASV_7618","Leptographium","lundbergii",69,15,7,2,13,5,49,0.1,0.0761932344618415,0.0368003368417867,0.64691705514842,0.5185,0.933,1,1,0.640922733172084,1,"co-occurring",FALSE
"asv","Pityophthorus puberulus","ASV_13560","Hawksworthiomyces",NA,69,15,7,2,13,5,49,0.1,0.105143674594188,0.0481873930961777,-0.106743159645957,0.745,0.707,1,1,0.640922733172084,1,"avoiding",FALSE
"asv","Pityophthorus puberulus","ASV_1122","Raffaelea","arxii",69,15,8,2,13,6,48,0.0952380952380952,0.0367900400416665,0.0281275252259362,2.07796650174307,0.1,1,0.2,1,1,1,"co-occurring",FALSE
"asv","Pityophthorus puberulus","ASV_3556","Sporothrix","rossii",69,15,9,2,13,7,47,0.0909090909090909,0.0582247645561909,0.0283319493047443,1.1536208116618,0.3855,1,0.771,1,1,1,"co-occurring",FALSE
"asv","Pityophthorus puberulus","ASV_3603","Sporothrix","eucastaneae",69,15,10,2,13,8,46,0.0869565217391304,0.0356564151641036,0.0265558655302642,1.93178062739333,0.125,1,0.25,1,1,1,"co-occurring",FALSE
"asv","Pityophthorus puberulus","ASV_660","Grosmannia","francke-grosmanniae",69,15,13,2,13,11,43,0.0769230769230769,0.0299095416654202,0.0227788063058238,2.06391566908565,0.1,1,0.2,1,0.718285567471058,1,"co-occurring",FALSE
"asv","Pityophthorus puberulus","ASV_6117","Leptographium","gracile",69,15,13,2,13,11,43,0.0769230769230769,0.0927228286507929,0.0380971631351423,-0.414722525970487,0.835,0.554,1,1,0.718285567471058,1,"avoiding",FALSE
"asv","Pityophthorus puberulus","ASV_8974","Ophiostoma","karelicum",69,15,3,1,14,2,52,0.0588235294117647,0.0611923608863267,0.04462399089906,-0.0530842586428528,0.75,0.742,1,1,0.526587013780204,1,"avoiding",FALSE
"asv","Pityophthorus puberulus","ASV_9224","Ophiostoma","sparsiannulatum",69,15,3,1,14,2,52,0.0588235294117647,0.0301032869375872,0.029410991477454,0.976513916444945,0.512,1,1,1,0.526587013780204,1,"co-occurring",FALSE
"asv","Pityophthorus puberulus","ASV_16537","Graphilbum",NA,69,15,3,1,14,2,52,0.0588235294117647,0.0378130241591396,0.0281934101470115,0.745227524555139,0.643,1,1,1,0.526587013780204,1,"co-occurring",FALSE
"asv","Pityophthorus puberulus","ASV_5724","Graphilbum",NA,69,15,4,1,14,3,51,0.0555555555555556,0.0575271295778622,0.0366784286534353,-0.0537529576562698,0.8125,0.8005,1,1,1,1,"avoiding",FALSE
"asv","Pityophthorus puberulus","ASV_11600","Ophiostoma","undulatum",69,15,4,1,14,3,51,0.0555555555555556,0.00872658551497971,0.0202203250388409,2.31593557228298,0.1575,1,0.315,1,1,1,"co-occurring",FALSE
"asv","Pityophthorus puberulus","ASV_22166","Grosmannia","cucullata",69,15,4,1,14,3,51,0.0555555555555556,0.00872658551497971,0.0202203250388409,2.31593557228298,0.1575,1,0.315,1,1,1,"co-occurring",FALSE
"asv","Pityophthorus puberulus","ASV_1646","Raffaelea","arxii",69,15,5,1,14,4,50,0.0526315789473684,0.0338327058265982,0.0252256827631159,0.745227524555143,0.643,1,1,1,1,1,"co-occurring",FALSE
"asv","Pityophthorus puberulus","ASV_7819","Hawksworthiomyces",NA,69,15,5,1,14,4,50,0.0526315789473684,0.0612850284791532,0.0388392042049336,-0.222801926788334,0.816,0.6865,1,1,1,1,"avoiding",FALSE
"asv","Pityophthorus puberulus","ASV_15268","Grosmannia","olivacea",69,15,5,1,14,4,50,0.0526315789473684,0.0623060068045732,0.0385750346245313,-0.250795053105474,0.8265,0.6785,1,1,1,1,"avoiding",FALSE
"asv","Pityophthorus puberulus","ASV_8131","Graphilbum",NA,69,15,6,1,14,5,49,0.05,0.11724716847588,0.0447584012866823,-1.50244795485779,1,0.1665,0.333,1,1,1,"avoiding",FALSE
"asv","Pityophthorus puberulus","ASV_13249","Ophiostoma","denticulatum",69,15,6,1,14,5,49,0.05,0.0672349332561018,0.03204943063646,-0.53776098089228,0.9295,0.6245,1,1,1,1,"avoiding",FALSE
"asv","Pityophthorus puberulus","ASV_5162","Sporothrix",NA,69,15,7,1,14,6,48,0.0476190476190476,0.0487982086281242,0.0363153773514416,-0.0324700194538887,0.736,0.7375,1,1,1,1,"avoiding",FALSE
"asv","Pityophthorus puberulus","ASV_21569","Sporothrix",NA,69,15,7,1,14,6,48,0.0476190476190476,0.0737986787880148,0.0370139285455098,-0.707291341333264,0.937,0.5095,1,1,1,1,"avoiding",FALSE
"asv","Pityophthorus puberulus","ASV_4044","Graphilbum",NA,69,15,6,0,15,6,48,0,0.039802796134909,0.0336742491740629,-1.18199505887028,1,0.3425,0.685,1,0.327279732759129,0.898494670059224,"avoiding",FALSE
"asv","Pityophthorus puberulus","ASV_4337","Ophiostoma","undulatum",69,15,4,0,15,4,50,0,0,0,NA,1,1,1,1,0.569624557982004,1,"co-occurring",FALSE
"asv","Pityophthorus puberulus","ASV_7886","Grosmannia",NA,69,15,4,0,15,4,50,0,0,0,NA,1,1,1,1,0.569624557982004,1,"co-occurring",FALSE
"asv","Pityophthorus puberulus","ASV_11554","Raffaelea","crossotarsi",69,15,3,0,15,3,51,0,0,0,NA,1,1,1,1,1,1,"co-occurring",FALSE
"asv","Pityophthorus puberulus","ASV_27488","Ceratocystiopsis","synnemata",69,15,4,0,15,4,50,0,0,0,NA,1,1,1,1,0.569624557982004,1,"co-occurring",FALSE
"asv","Pityophthorus puberulus","ASV_28495","Raffaelea","subfusca",69,15,3,0,15,3,51,0,0.0118000176558867,0.0235617483606904,-0.50081248111339,1,0.7995,1,1,1,1,"avoiding",FALSE
"asv","Pseudopityophthorus minutissimus","ASV_28495","Raffaelea","subfusca",69,5,3,1,4,2,62,0.142857142857143,0.0494294766430833,0.079999683322701,1.16785045057232,0.309,0.972,0.618,1,0.204794442111692,0.778101519312619,"co-occurring",FALSE
"asv","Pseudopityophthorus minutissimus","ASV_4337","Ophiostoma","undulatum",69,5,4,1,4,3,61,0.125,0.0430840420210105,0.0694120901893108,1.18013962345142,0.309,0.972,0.618,1,0.265037287406261,0.865061481276482,"co-occurring",FALSE
"asv","Pseudopityophthorus minutissimus","ASV_7886","Grosmannia",NA,69,5,4,1,4,3,61,0.125,0.0219484742371186,0.0475705350214335,2.16628897943759,0.176,1,0.352,1,0.265037287406261,0.865061481276482,"co-occurring",FALSE
"asv","Pseudopityophthorus minutissimus","ASV_11600","Ophiostoma","undulatum",69,5,4,1,4,3,61,0.125,0.0430840420210105,0.0694120901893108,1.18013962345142,0.309,0.972,0.618,1,0.265037287406261,0.865061481276482,"co-occurring",FALSE
"asv","Pseudopityophthorus minutissimus","ASV_23023","Sporothrix",NA,69,5,4,1,4,3,61,0.125,0.0597084256413922,0.0778507025095563,0.838676752474946,0.4175,0.953,0.835,1,0.265037287406261,0.865061481276482,"co-occurring",FALSE
"asv","Pseudopityophthorus minutissimus","ASV_1646","Raffaelea","arxii",69,5,5,1,4,4,60,0.111111111111111,0.0585570563059316,0.0706440715702949,0.74392731954705,0.4585,0.945,0.917,1,0.321572880682702,0.893932158878959,"co-occurring",FALSE
"asv","Pseudopityophthorus minutissimus","ASV_9363","Sporothrix",NA,69,5,5,1,4,4,60,0.111111111111111,0.0195097548774388,0.042284920019053,2.16628897943754,0.176,1,0.352,1,0.321572880682702,0.893932158878959,"co-occurring",FALSE
"asv","Pseudopityophthorus minutissimus","ASV_21569","Sporothrix",NA,69,5,7,1,4,6,58,0.0909090909090909,0.047660193733231,0.057126908514443,0.757066998731878,0.4585,0.945,0.917,1,0.424211904190528,0.959906117673447,"co-occurring",FALSE
"asv","Pseudopityophthorus minutissimus","ASV_1122","Raffaelea","arxii",69,5,8,1,4,7,57,0.0833333333333333,0.042441675383146,0.0526876284973414,0.77611498403749,0.441,0.942,0.882,1,0.47064642804613,1,"co-occurring",FALSE
"asv","Pseudopityophthorus minutissimus","ASV_8274","Sporothrix","rossii",69,5,12,1,4,11,53,0.0625,0.0538057261231351,0.0542650959354493,0.160218529553639,0.609,0.811,1,1,1,1,"co-occurring",FALSE
"asv","Pseudopityophthorus minutissimus","ASV_660","Grosmannia","francke-grosmanniae",69,5,13,1,4,12,52,0.0588235294117647,0.0305961804431634,0.0363249222051689,0.777079405956298,0.4585,0.945,0.917,1,1,1,"co-occurring",FALSE
"asv","Pseudopityophthorus minutissimus","ASV_6117","Leptographium","gracile",69,5,13,1,4,12,52,0.0588235294117647,0.049123826619193,0.0425910762338276,0.227740260408535,0.6535,0.8385,1,1,1,1,"co-occurring",FALSE
"asv","Pseudopityophthorus minutissimus","ASV_8895","Ceratocystiopsis","manitobensis",69,5,13,1,4,12,52,0.0588235294117647,0.028245740517318,0.0354604100280508,0.862307820757242,0.427,0.9525,0.854,1,1,1,"co-occurring",FALSE
"asv","Pseudopityophthorus minutissimus","ASV_3556","Sporothrix","rossii",69,5,9,0,5,9,55,0,0.0123908107900104,0.0282844003517652,-0.438079317076173,1,0.839,1,1,1,1,"avoiding",FALSE
"asv","Pseudopityophthorus minutissimus","ASV_3603","Sporothrix","eucastaneae",69,5,10,0,5,10,54,0,0.0359108125491313,0.0357226812466487,-1.00526643846199,1,0.4975,0.995,1,1,1,"avoiding",FALSE
"asv","Pseudopityophthorus minutissimus","ASV_4044","Graphilbum",NA,69,5,6,0,5,6,58,0,0,0,NA,1,1,1,1,1,1,"co-occurring",FALSE
"asv","Pseudopityophthorus minutissimus","ASV_5162","Sporothrix",NA,69,5,7,0,5,7,57,0,0.0627829066048185,0.0714012578897115,-0.879296926418227,1,0.475,0.95,1,1,1,"avoiding",FALSE
"asv","Pseudopityophthorus minutissimus","ASV_5724","Graphilbum",NA,69,5,4,0,5,4,60,0,0.108884799542628,0.103020815131559,-1.0569203845221,1,0.3445,0.689,1,1,1,"avoiding",FALSE
"asv","Pseudopityophthorus minutissimus","ASV_6045","Sporothrix",NA,69,5,7,0,5,7,57,0,0.0142798672063304,0.033087804609012,-0.431574937505557,1,0.843,1,1,1,1,"avoiding",FALSE
"asv","Pseudopityophthorus minutissimus","ASV_6746","Graphilbum",NA,69,5,4,0,5,4,60,0,0.020760380190095,0.0465310353237911,-0.44616200876752,1,0.834,1,1,1,1,"avoiding",FALSE
"asv","Pseudopityophthorus minutissimus","ASV_6959","Ophiostoma","adjuncti",69,5,7,0,5,7,57,0,0.0142798672063304,0.033087804609012,-0.431574937505557,1,0.843,1,1,1,1,"avoiding",FALSE
"asv","Pseudopityophthorus minutissimus","ASV_7106","Ophiostoma","denticiliatum",69,5,5,0,5,5,59,0,0.0549580345728428,0.0703356643885212,-0.781367959635169,1,0.5725,1,1,1,1,"avoiding",FALSE
"asv","Pseudopityophthorus minutissimus","ASV_7618","Leptographium","lundbergii",69,5,7,0,5,7,57,0,0.0146436854791031,0.0334270185975405,-0.438079317076175,1,0.839,1,1,1,1,"avoiding",FALSE
"asv","Pseudopityophthorus minutissimus","ASV_7819","Hawksworthiomyces",NA,69,5,5,0,5,5,59,0,0.0385053637930081,0.061261136918911,-0.628544714146853,1,0.688,1,1,1,1,"avoiding",FALSE
"asv","Pseudopityophthorus minutissimus","ASV_8131","Graphilbum",NA,69,5,6,0,5,6,58,0,0.0160080040020011,0.0366772020895965,-0.436456520399133,1,0.84,1,1,1,1,"avoiding",FALSE
"asv","Pseudopityophthorus minutissimus","ASV_8974","Ophiostoma","karelicum",69,5,3,0,5,3,61,0,0.07391791133662,0.092532025359774,-0.79883598191242,1,0.5555,1,1,1,1,"avoiding",FALSE
"asv","Pseudopityophthorus minutissimus","ASV_9224","Ophiostoma","sparsiannulatum",69,5,3,0,5,3,61,0,0.0712975535386734,0.0922214879433073,-0.77311215779237,1,0.5725,1,1,1,1,"avoiding",FALSE
"asv","Pseudopityophthorus minutissimus","ASV_11554","Raffaelea","crossotarsi",69,5,3,0,5,3,61,0,0.0482384049167439,0.0675761896409529,-0.71383730235524,1,0.6625,1,1,1,1,"avoiding",FALSE
"asv","Pseudopityophthorus minutissimus","ASV_13249","Ophiostoma","denticulatum",69,5,6,0,5,6,58,0,0.0161080540270136,0.0367697204572949,-0.438079317076175,1,0.839,1,1,1,1,"avoiding",FALSE
"asv","Pseudopityophthorus minutissimus","ASV_13560","Hawksworthiomyces",NA,69,5,7,0,5,7,57,0,0,0,NA,1,1,1,1,1,1,"co-occurring",FALSE
"asv","Pseudopityophthorus minutissimus","ASV_15258","Ophiostoma","pallidulum",69,5,7,0,5,7,57,0,0.0448587930328808,0.0554205350071379,-0.809425477886547,1,0.562,1,1,1,1,"avoiding",FALSE
"asv","Pseudopityophthorus minutissimus","ASV_15268","Grosmannia","olivacea",69,5,5,0,5,5,59,0,0.0386304263242737,0.0614374198065701,-0.628776834149253,1,0.6875,1,1,1,1,"avoiding",FALSE
"asv","Pseudopityophthorus minutissimus","ASV_15738","Graphilbum",NA,69,5,7,0,5,7,57,0,0,0,NA,1,1,1,1,1,1,"co-occurring",FALSE
"asv","Pseudopityophthorus minutissimus","ASV_16537","Graphilbum",NA,69,5,3,0,5,3,61,0,0,0,NA,1,1,1,1,1,1,"co-occurring",FALSE
"asv","Pseudopityophthorus minutissimus","ASV_17726",NA,NA,69,5,3,0,5,3,61,0,0.0237261487886802,0.0531783260843317,-0.44616200876753,1,0.834,1,1,1,1,"avoiding",FALSE
"asv","Pseudopityophthorus minutissimus","ASV_22166","Grosmannia","cucullata",69,5,4,0,5,4,60,0,0,0,NA,1,1,1,1,1,1,"co-occurring",FALSE
"asv","Pseudopityophthorus minutissimus","ASV_22950","Sporothrix",NA,69,5,6,0,5,6,58,0,0,0,NA,1,1,1,1,1,1,"co-occurring",FALSE
"asv","Pseudopityophthorus minutissimus","ASV_25723","Ceratocystiopsis","manitobensis",69,5,4,0,5,4,60,0,0.0200100050025013,0.0458465026119953,-0.436456520399134,1,0.84,1,1,1,1,"avoiding",FALSE
"asv","Pseudopityophthorus minutissimus","ASV_27488","Ceratocystiopsis","synnemata",69,5,4,0,5,4,60,0,0,0,NA,1,1,1,1,1,1,"co-occurring",FALSE
"asv","Xyleborinus attenuatus","ASV_660","Grosmannia","francke-grosmanniae",69,24,13,12,12,1,44,0.48,0.175963446110508,0.0563298518444793,5.39743215957509,5e-04,1,0.001,0.3315,3.2129560114677e-06,0.00142012655706872,"co-occurring",FALSE
"asv","Xyleborinus attenuatus","ASV_5162","Sporothrix",NA,69,24,7,7,17,0,45,0.291666666666667,0.115928568293802,0.0504906893227728,3.48060406245239,0.003,1,0.006,0.5304,0.000320794218950496,0.0354477611940298,"co-occurring",FALSE
"asv","Xyleborinus attenuatus","ASV_1122","Raffaelea","arxii",69,24,8,7,17,1,44,0.28,0.105383780002645,0.0488258252180978,3.57630862801335,0.002,1,0.004,0.473571428571429,0.00195063581523125,0.101969188042269,"co-occurring",FALSE
"asv","Xyleborinus attenuatus","ASV_6117","Leptographium","gracile",69,24,13,8,16,5,40,0.275862068965517,0.182762249060951,0.0546595221467138,1.70326809031871,0.0975,0.9805,0.195,1,0.0488231696355849,0.397174987342243,"co-occurring",FALSE
"asv","Xyleborinus attenuatus","ASV_3603","Sporothrix","eucastaneae",69,24,10,7,17,3,42,0.259259259259259,0.130777795676728,0.0515017174980944,2.4947025036065,0.0255,0.9975,0.051,1,0.0261454996120805,0.304113442856305,"co-occurring",FALSE
"asv","Xyleborinus attenuatus","ASV_3556","Sporothrix","rossii",69,24,9,6,18,3,42,0.222222222222222,0.127307433768249,0.0536161665761781,1.77026435336658,0.0915,0.98,0.183,1,0.0559910156857852,0.424404932746226,"co-occurring",FALSE
"asv","Xyleborinus attenuatus","ASV_1646","Raffaelea","arxii",69,24,5,5,19,0,45,0.208333333333333,0.0677964480815915,0.0397907315619123,3.53190001126453,0.0015,1,0.003,0.3978,0.00378199500236375,0.125373134328358,"co-occurring",FALSE
"asv","Xyleborinus attenuatus","ASV_7106","Ophiostoma","denticiliatum",69,24,5,5,19,0,45,0.208333333333333,0.074550722654775,0.0425575831271036,3.14356692387816,0.0065,1,0.013,0.767684210526316,0.00378199500236375,0.125373134328358,"co-occurring",FALSE
"asv","Xyleborinus attenuatus","ASV_8274","Sporothrix","rossii",69,24,12,6,18,6,39,0.2,0.146443931218568,0.0491202055692573,1.09030628355006,0.2395,0.935,0.479,1,0.317887606793005,0.893932158878959,"co-occurring",FALSE
"asv","Xyleborinus attenuatus","ASV_7618","Leptographium","lundbergii",69,24,7,5,19,2,43,0.192307692307692,0.104509599578255,0.0448732792233215,1.95657848610733,0.0765,0.9895,0.153,1,0.0449365165124603,0.379527521627531,"co-occurring",FALSE
"asv","Xyleborinus attenuatus","ASV_15258","Ophiostoma","pallidulum",69,24,7,5,19,2,43,0.192307692307692,0.108631751527596,0.048294192428241,1.73262946480425,0.1005,0.983,0.201,1,0.0449365165124603,0.379527521627531,"co-occurring",FALSE
"asv","Xyleborinus attenuatus","ASV_5724","Graphilbum",NA,69,24,4,4,20,0,45,0.166666666666667,0.0569814821940898,0.0370433763594567,2.96099317211877,0.0105,1,0.021,0.767684210526316,0.0122914837576822,0.222302120420226,"co-occurring",FALSE
"asv","Xyleborinus attenuatus","ASV_21569","Sporothrix",NA,69,24,7,4,20,3,42,0.148148148148148,0.0830849925966448,0.0435756311148627,1.4931087373124,0.1465,0.9715,0.293,1,0.226754164452183,0.835211172398875,"co-occurring",FALSE
"asv","Xyleborinus attenuatus","ASV_11554","Raffaelea","crossotarsi",69,24,3,3,21,0,45,0.125,0.0447675760957394,0.0311715796465116,2.57389663321856,0.028,1,0.056,1,0.038630377524144,0.363201805369412,"co-occurring",FALSE
"asv","Xyleborinus attenuatus","ASV_16537","Graphilbum",NA,69,24,3,3,21,0,45,0.125,0.052657867395235,0.0326253407260982,2.21736021738758,0.0645,1,0.129,1,0.038630377524144,0.363201805369412,"co-occurring",FALSE
"asv","Xyleborinus attenuatus","ASV_17726",NA,NA,69,24,3,3,21,0,45,0.125,0.0521177896640618,0.034433006104784,2.11663803369791,0.073,1,0.146,1,0.038630377524144,0.363201805369412,"co-occurring",FALSE
"asv","Xyleborinus attenuatus","ASV_8895","Ceratocystiopsis","manitobensis",69,24,13,4,20,9,36,0.121212121212121,0.132646975620154,0.0475803344001295,-0.240327323298538,0.7135,0.5745,1,1,1,1,"avoiding",FALSE
"asv","Xyleborinus attenuatus","ASV_4337","Ophiostoma","undulatum",69,24,4,3,21,1,44,0.12,0.0649606569666614,0.0382726987168233,1.43808367004821,0.191,0.9765,0.382,1,0.117647058823529,0.604724733259888,"co-occurring",FALSE
"asv","Xyleborinus attenuatus","ASV_6746","Graphilbum",NA,69,24,4,3,21,1,44,0.12,0.057588936918603,0.0377837061746437,1.65179833849334,0.142,0.9865,0.284,1,0.117647058823529,0.604724733259888,"co-occurring",FALSE
"asv","Xyleborinus attenuatus","ASV_11600","Ophiostoma","undulatum",69,24,4,3,21,1,44,0.12,0.051524138137446,0.0362760923659562,1.88763059625507,0.098,0.9915,0.196,1,0.117647058823529,0.604724733259888,"co-occurring",FALSE
"asv","Xyleborinus attenuatus","ASV_22166","Grosmannia","cucullata",69,24,4,3,21,1,44,0.12,0.0651740115071795,0.038681080115251,1.41738514874625,0.1955,0.977,0.391,1,0.117647058823529,0.604724733259888,"co-occurring",FALSE
"asv","Xyleborinus attenuatus","ASV_25723","Ceratocystiopsis","manitobensis",69,24,4,3,21,1,44,0.12,0.0602774036590959,0.0388429416386078,1.53754051113222,0.163,0.9795,0.326,1,0.117647058823529,0.604724733259888,"co-occurring",FALSE
"asv","Xyleborinus attenuatus","ASV_7819","Hawksworthiomyces",NA,69,24,5,3,21,2,43,0.115384615384615,0.0818579996143778,0.0417834053780288,0.802390697141862,0.369,0.9115,0.738,1,0.333335290887682,0.902846894455239,"co-occurring",FALSE
"asv","Xyleborinus attenuatus","ASV_13249","Ophiostoma","denticulatum",69,24,6,3,21,3,42,0.111111111111111,0.0913983548550854,0.0413902173634887,0.476266072316276,0.473,0.8395,0.946,1,0.412359680057317,0.959906117673447,"co-occurring",FALSE
"asv","Xyleborinus attenuatus","ASV_15738","Graphilbum",NA,69,24,7,3,21,4,41,0.107142857142857,0.0959927329389645,0.0443756379666641,0.251266792204066,0.5545,0.779,1,1,0.687453569257784,1,"co-occurring",FALSE
"asv","Xyleborinus attenuatus","ASV_8974","Ophiostoma","karelicum",69,24,3,2,22,1,44,0.08,0.0534338323007647,0.035481498274003,0.748732973283152,0.4155,0.9095,0.831,1,0.2756804214223,0.882828491770797,"co-occurring",FALSE
"asv","Xyleborinus attenuatus","ASV_9224","Ophiostoma","sparsiannulatum",69,24,3,2,22,1,44,0.08,0.0454290606841876,0.0344467611464017,1.00360493019599,0.325,0.9435,0.65,1,0.2756804214223,0.882828491770797,"co-occurring",FALSE
"asv","Xyleborinus attenuatus","ASV_28495","Raffaelea","subfusca",69,24,3,2,22,1,44,0.08,0.0423078847115861,0.0331897406035289,1.13565561535019,0.2825,0.9565,0.565,1,0.2756804214223,0.882828491770797,"co-occurring",FALSE
"asv","Xyleborinus attenuatus","ASV_7886","Grosmannia",NA,69,24,4,2,22,2,43,0.0769230769230769,0.0715031874911826,0.0339809037819067,0.159498095362025,0.65,0.7955,1,1,0.606061762797267,1,"co-occurring",FALSE
"asv","Xyleborinus attenuatus","ASV_27488","Ceratocystiopsis","synnemata",69,24,4,2,22,2,43,0.0769230769230769,0.0414338223242685,0.0272428499151646,1.3026997802845,0.3015,1,0.603,1,0.606061762797267,1,"co-occurring",FALSE
"asv","Xyleborinus attenuatus","ASV_9363","Sporothrix",NA,69,24,5,2,22,3,42,0.0740740740740741,0.0484266858704088,0.0299090724716933,0.857511988308518,0.3885,0.936,0.777,1,1,1,"co-occurring",FALSE
"asv","Xyleborinus attenuatus","ASV_15268","Grosmannia","olivacea",69,24,5,2,22,3,42,0.0740740740740741,0.0689060647539894,0.0418056982000748,0.123619734691463,0.612,0.744,1,1,1,1,"co-occurring",FALSE
"asv","Xyleborinus attenuatus","ASV_4044","Graphilbum",NA,69,24,6,2,22,4,41,0.0714285714285714,0.0765358764599773,0.0362869868736699,-0.14074756466241,0.7325,0.686,1,1,1,1,"avoiding",FALSE
"asv","Xyleborinus attenuatus","ASV_8131","Graphilbum",NA,69,24,6,2,22,4,41,0.0714285714285714,0.0820722811407825,0.04115133332754,-0.258647991487749,0.752,0.6005,1,1,1,1,"avoiding",FALSE
"asv","Xyleborinus attenuatus","ASV_22950","Sporothrix",NA,69,24,6,2,22,4,41,0.0714285714285714,0.0680744797475573,0.0368868831343538,0.0909291161521402,0.6415,0.7505,1,1,1,1,"co-occurring",FALSE
"asv","Xyleborinus attenuatus","ASV_6045","Sporothrix",NA,69,24,7,2,22,5,40,0.0689655172413793,0.102653584943006,0.0447801581169163,-0.752298989513844,0.8755,0.3725,0.745,1,1,1,"avoiding",FALSE
"asv","Xyleborinus attenuatus","ASV_13560","Hawksworthiomyces",NA,69,24,7,2,22,5,40,0.0689655172413793,0.0781608918082326,0.0359487571567723,-0.25579116759871,0.7695,0.628,1,1,1,1,"avoiding",FALSE
"asv","Xyleborinus attenuatus","ASV_6959","Ophiostoma","adjuncti",69,24,7,1,23,6,39,0.0333333333333333,0.084447011725306,0.0410932708584767,-1.24384545995391,0.972,0.226,0.452,1,0.407940501114338,0.959906117673447,"avoiding",FALSE
"asv","Xyleborinus attenuatus","ASV_23023","Sporothrix",NA,69,24,4,0,24,4,41,0,0.063918854013903,0.0373058018192733,-1.71337569216595,1,0.08,0.16,1,0.289995037599725,0.893932158878959,"avoiding",FALSE
"asv","Xyleborinus saxesenii","ASV_660","Grosmannia","francke-grosmanniae",69,25,13,8,17,5,39,0.266666666666667,0.241741591479783,0.0554831450757115,0.44923688361341,0.4545,0.8085,0.909,1,0.0537857529439694,0.422011292329606,"co-occurring",FALSE
"asv","Xyleborinus saxesenii","ASV_6117","Leptographium","gracile",69,25,13,8,17,5,39,0.266666666666667,0.176355301483774,0.051632056152581,1.74913361799901,0.0875,0.9815,0.175,1,0.0537857529439694,0.422011292329606,"co-occurring",FALSE
"asv","Xyleborinus saxesenii","ASV_5162","Sporothrix",NA,69,25,7,6,19,1,43,0.230769230769231,0.146098330400671,0.0483319418741789,1.75186216579051,0.101,0.9905,0.202,1,0.00766810742666757,0.166687056520675,"co-occurring",FALSE
"asv","Xyleborinus saxesenii","ASV_3603","Sporothrix","eucastaneae",69,25,10,6,19,4,40,0.206896551724138,0.155762614894241,0.041101038964632,1.24410326643807,0.219,0.9605,0.438,1,0.152128839733474,0.686132113899955,"co-occurring",FALSE
"asv","Xyleborinus saxesenii","ASV_15258","Ophiostoma","pallidulum",69,25,7,5,20,2,42,0.185185185185185,0.112856527899821,0.0436932789425266,1.6553726118954,0.121,0.986,0.242,1,0.0897718927168864,0.531473069435431,"co-occurring",FALSE
"asv","Xyleborinus saxesenii","ASV_1122","Raffaelea","arxii",69,25,8,5,20,3,41,0.178571428571429,0.146272477285063,0.0472975074010743,0.682889079385858,0.3905,0.873,0.781,1,0.128046553147248,0.633543766691234,"co-occurring",FALSE
"asv","Xyleborinus saxesenii","ASV_8274","Sporothrix","rossii",69,25,12,5,20,7,37,0.15625,0.134671593050587,0.0439330757516157,0.491165405113244,0.446,0.817,0.892,1,0.745664043479093,1,"co-occurring",FALSE
"asv","Xyleborinus saxesenii","ASV_7106","Ophiostoma","denticiliatum",69,25,5,4,21,1,43,0.153846153846154,0.100926727521062,0.0410984996591537,1.28762428711446,0.2195,0.968,0.439,1,0.0542536187839085,0.423178226514486,"co-occurring",FALSE
"asv","Xyleborinus saxesenii","ASV_8131","Graphilbum",NA,69,25,6,4,21,2,42,0.148148148148148,0.0712584672193789,0.0339724534233865,2.2632949104535,0.047,1,0.094,1,0.179689908709453,0.719377464700006,"co-occurring",FALSE
"asv","Xyleborinus saxesenii","ASV_13249","Ophiostoma","denticulatum",69,25,6,4,21,2,42,0.148148148148148,0.0842357402439166,0.0370120300950171,1.72680092770259,0.1215,0.993,0.243,1,0.179689908709453,0.719377464700006,"co-occurring",FALSE
"asv","Xyleborinus saxesenii","ASV_21569","Sporothrix",NA,69,25,7,4,21,3,41,0.142857142857143,0.0977161275347056,0.0416814371231777,1.08300045387196,0.264,0.9365,0.528,1,0.245056930574356,0.865061481276482,"co-occurring",FALSE
"asv","Xyleborinus saxesenii","ASV_3556","Sporothrix","rossii",69,25,9,4,21,5,39,0.133333333333333,0.143917098462412,0.0473673899374636,-0.223439905450819,0.729,0.578,1,1,0.713512878572268,1,"avoiding",FALSE
"asv","Xyleborinus saxesenii","ASV_9224","Ophiostoma","sparsiannulatum",69,25,3,3,22,0,44,0.12,0.0790062837686656,0.0321193512254941,1.27629340778205,0.295,1,0.59,1,0.0438981562774364,0.379527521627531,"co-occurring",FALSE
"asv","Xyleborinus saxesenii","ASV_8895","Ceratocystiopsis","manitobensis",69,25,13,4,21,9,35,0.117647058823529,0.10868164929209,0.0383047035568468,0.234055055879349,0.5565,0.763,1,1,0.756372925858921,1,"co-occurring",FALSE
"asv","Xyleborinus saxesenii","ASV_4337","Ophiostoma","undulatum",69,25,4,3,22,1,43,0.115384615384615,0.0958189208564391,0.037768798086053,0.518038579983337,0.5145,0.8625,1,1,0.131694468832309,0.642010535557506,"co-occurring",FALSE
"asv","Xyleborinus saxesenii","ASV_5724","Graphilbum",NA,69,25,4,3,22,1,43,0.115384615384615,0.089622690873316,0.0372008465920319,0.692509092436014,0.453,0.9075,0.906,1,0.131694468832309,0.642010535557506,"co-occurring",FALSE
"asv","Xyleborinus saxesenii","ASV_7886","Grosmannia",NA,69,25,4,3,22,1,43,0.115384615384615,0.055446628483148,0.0307428737561399,1.94965465417808,0.101,1,0.202,1,0.131694468832309,0.642010535557506,"co-occurring",FALSE
"asv","Xyleborinus saxesenii","ASV_22166","Grosmannia","cucullata",69,25,4,3,22,1,43,0.115384615384615,0.0684374034799258,0.0300927446167369,1.56008408347634,0.186,1,0.372,1,0.131694468832309,0.642010535557506,"co-occurring",FALSE
"asv","Xyleborinus saxesenii","ASV_1646","Raffaelea","arxii",69,25,5,3,22,2,42,0.111111111111111,0.112426580853901,0.0400772551426927,-0.0328233492564897,0.6935,0.694,1,1,0.344488456791392,0.920950995373762,"avoiding",FALSE
"asv","Xyleborinus saxesenii","ASV_8974","Ophiostoma","karelicum",69,25,3,2,23,1,43,0.0769230769230769,0.0573632115202914,0.0333205075894862,0.587021831832998,0.5095,0.8965,1,1,0.295835401000114,0.893932158878959,"co-occurring",FALSE
"asv","Xyleborinus saxesenii","ASV_11554","Raffaelea","crossotarsi",69,25,3,2,23,1,43,0.0769230769230769,0.077375154813875,0.0308386196763439,-0.0146594722961885,0.7545,0.745,1,1,0.295835401000114,0.893932158878959,"avoiding",FALSE
"asv","Xyleborinus saxesenii","ASV_17726",NA,NA,69,25,3,2,23,1,43,0.0769230769230769,0.0392088921953862,0.0321149447627905,1.17434997962032,0.281,0.963,0.562,1,0.295835401000114,0.893932158878959,"co-occurring",FALSE
"asv","Xyleborinus saxesenii","ASV_28495","Raffaelea","subfusca",69,25,3,2,23,1,43,0.0769230769230769,0.0442999277416497,0.0271317439149205,1.20239779955636,0.345,1,0.69,1,0.295835401000114,0.893932158878959,"co-occurring",FALSE
"asv","Xyleborinus saxesenii","ASV_11600","Ophiostoma","undulatum",69,25,4,2,23,2,42,0.0740740740740741,0.055209228545898,0.0331452815527338,0.569156291466775,0.496,0.8795,0.992,1,0.617004491608454,1,"co-occurring",FALSE
"asv","Xyleborinus saxesenii","ASV_7819","Hawksworthiomyces",NA,69,25,5,2,23,3,41,0.0714285714285714,0.0987779877897378,0.0416766878143387,-0.656228164843677,0.876,0.441,0.882,1,1,1,"avoiding",FALSE
"asv","Xyleborinus saxesenii","ASV_9363","Sporothrix",NA,69,25,5,2,23,3,41,0.0714285714285714,0.0543046564333059,0.029972624098298,0.571318511822857,0.5145,0.895,1,1,1,1,"co-occurring",FALSE
"asv","Xyleborinus saxesenii","ASV_15268","Grosmannia","olivacea",69,25,5,2,23,3,41,0.0714285714285714,0.0599207755113285,0.0358688870495216,0.320829467090934,0.556,0.81,1,1,1,1,"co-occurring",FALSE
"asv","Xyleborinus saxesenii","ASV_22950","Sporothrix",NA,69,25,6,2,23,4,40,0.0689655172413793,0.0574293715002003,0.0271756886500535,0.424502425301237,0.573,0.869,1,1,1,1,"co-occurring",FALSE
"asv","Xyleborinus saxesenii","ASV_6959","Ophiostoma","adjuncti",69,25,7,2,23,5,39,0.0666666666666667,0.0562522693626057,0.0312733232024271,0.333012172599959,0.5615,0.8225,1,1,1,1,"co-occurring",FALSE
"asv","Xyleborinus saxesenii","ASV_7618","Leptographium","lundbergii",69,25,7,2,23,5,39,0.0666666666666667,0.0803742096224805,0.0360688932333371,-0.380037803409628,0.8175,0.5595,1,1,1,1,"avoiding",FALSE
"asv","Xyleborinus saxesenii","ASV_13560","Hawksworthiomyces",NA,69,25,7,2,23,5,39,0.0666666666666667,0.0790433831248992,0.0277235152954178,-0.446433878472771,0.8815,0.6155,1,1,1,1,"avoiding",FALSE
"asv","Xyleborinus saxesenii","ASV_16537","Graphilbum",NA,69,25,3,1,24,2,42,0.037037037037037,0.0391395697848932,0.0299238620304241,-0.0702627470250504,0.7465,0.74,1,1,1,1,"avoiding",FALSE
"asv","Xyleborinus saxesenii","ASV_6746","Graphilbum",NA,69,25,4,1,24,3,41,0.0357142857142857,0.0368468727648321,0.0309747229760302,-0.0365648807068524,0.7065,0.743,1,1,1,1,"avoiding",FALSE
"asv","Xyleborinus saxesenii","ASV_25723","Ceratocystiopsis","manitobensis",69,25,4,1,24,3,41,0.0357142857142857,0.0493459489207374,0.0316917474084786,-0.430132899607953,0.8445,0.5835,1,1,1,1,"avoiding",FALSE
"asv","Xyleborinus saxesenii","ASV_27488","Ceratocystiopsis","synnemata",69,25,4,1,24,3,41,0.0357142857142857,0.0298720788965906,0.0132138643010532,0.442127048120923,0.8365,1,1,1,1,1,"co-occurring",FALSE
"asv","Xyleborinus saxesenii","ASV_6045","Sporothrix",NA,69,25,7,1,24,6,38,0.032258064516129,0.0918751362481551,0.0398882277284749,-1.49460317309278,0.99,0.138,0.276,1,0.408627928949912,0.959906117673447,"avoiding",FALSE
"asv","Xyleborinus saxesenii","ASV_4044","Graphilbum",NA,69,25,6,0,25,6,38,0,0.0331435832858957,0.0219327050390252,-1.51114890876081,1,0.2125,0.425,1,0.0798638129439366,0.519114784135588,"avoiding",FALSE
"asv","Xyleborinus saxesenii","ASV_15738","Graphilbum",NA,69,25,7,0,25,7,37,0,0.0450707688713785,0.0293340037046768,-1.53646837046634,1,0.152,0.304,1,0.0431863813596455,0.379527521627531,"avoiding",FALSE
"asv","Xyleborinus saxesenii","ASV_23023","Sporothrix",NA,69,25,4,0,25,4,40,0,0.0568495195908914,0.0352438010947059,-1.6130359900207,1,0.1175,0.235,1,0.288722627272843,0.893932158878959,"avoiding",FALSE
"asv","Xylosandrus crassiusculus","ASV_9363","Sporothrix",NA,69,8,5,2,6,3,58,0.181818181818182,0.189237800718544,0.0680803852411735,-0.108983209687764,0.8215,0.7885,1,1,0.0991702372013094,0.5433873327642,"avoiding",FALSE
"asv","Xylosandrus crassiusculus","ASV_8274","Sporothrix","rossii",69,8,12,3,5,9,52,0.176470588235294,0.202034840949891,0.035025807026918,-0.729869056120533,1,0.6525,1,1,0.136505872994569,0.66022299569347,"avoiding",FALSE
"asv","Xylosandrus crassiusculus","ASV_6117","Leptographium","gracile",69,8,13,3,5,10,51,0.166666666666667,0.106539673345446,0.0444501706421209,1.35268307078768,0.267,1,0.534,1,0.166657072282347,0.719377464700006,"co-occurring",FALSE
"asv","Xylosandrus crassiusculus","ASV_8131","Graphilbum",NA,69,8,6,2,6,4,57,0.166666666666667,0.171339749128645,0.0629729861590365,-0.0742077317117567,0.8015,0.788,1,1,0.139800445574962,0.664427924130463,"avoiding",FALSE
"asv","Xylosandrus crassiusculus","ASV_6959","Ophiostoma","adjuncti",69,8,7,2,6,5,56,0.153846153846154,0.157721718001858,0.0558577563481648,-0.0693827394632153,0.8125,0.799,1,1,0.183913243237784,0.719377464700006,"avoiding",FALSE
"asv","Xylosandrus crassiusculus","ASV_21569","Sporothrix",NA,69,8,7,2,6,5,56,0.153846153846154,0.0988928530199201,0.0483788087969563,1.13589611221868,0.399,1,0.798,1,0.183913243237784,0.719377464700006,"co-occurring",FALSE
"asv","Xylosandrus crassiusculus","ASV_3556","Sporothrix","rossii",69,8,9,2,6,7,54,0.133333333333333,0.138506455608756,0.057207646744946,-0.0904271119294046,0.7655,0.7155,1,1,0.278297367692454,0.882828491770797,"avoiding",FALSE
"asv","Xylosandrus crassiusculus","ASV_8895","Ceratocystiopsis","manitobensis",69,8,13,2,6,11,50,0.105263157894737,0.107244411679525,0.0364401037652182,-0.0543701466261925,0.8125,0.799,1,1,0.639425592932951,1,"avoiding",FALSE
"asv","Xylosandrus crassiusculus","ASV_9224","Ophiostoma","sparsiannulatum",69,8,3,1,7,2,59,0.1,0.0680340170085025,0.0466461435289972,0.685286726256932,0.6805,1,1,1,0.313089285032637,0.893932158878959,"co-occurring",FALSE
"asv","Xylosandrus crassiusculus","ASV_23023","Sporothrix",NA,69,8,4,1,7,3,58,0.0909090909090909,0.0610759925417266,0.0426965812259416,0.698723352333378,0.672,1,1,1,0.396351189877166,0.95506581609781,"co-occurring",FALSE
"asv","Xylosandrus crassiusculus","ASV_27488","Ceratocystiopsis","synnemata",69,8,4,1,7,3,58,0.0909090909090909,0.0607121742689539,0.0428280053615808,0.705074083772891,0.668,1,1,1,0.396351189877166,0.95506581609781,"co-occurring",FALSE
"asv","Xylosandrus crassiusculus","ASV_15268","Grosmannia","olivacea",69,8,5,1,7,4,57,0.0833333333333333,0.0559863264965806,0.0391385327904466,0.698723352333429,0.672,1,1,1,0.47064642804613,1,"co-occurring",FALSE
"asv","Xylosandrus crassiusculus","ASV_13249","Ophiostoma","denticulatum",69,8,6,1,7,5,56,0.0769230769230769,0.108541450212283,0.0520095711369503,-0.607933743694005,0.9325,0.59,1,1,0.536815624540364,1,"avoiding",FALSE
"asv","Xylosandrus crassiusculus","ASV_6045","Sporothrix",NA,69,8,7,1,7,6,55,0.0714285714285714,0.0479882798542121,0.0335473138203833,0.698723352333415,0.672,1,1,1,1,1,"co-occurring",FALSE
"asv","Xylosandrus crassiusculus","ASV_13560","Hawksworthiomyces",NA,69,8,7,1,7,6,55,0.0714285714285714,0.0479882798542121,0.0335473138203833,0.698723352333415,0.672,1,1,1,1,1,"co-occurring",FALSE
"asv","Xylosandrus crassiusculus","ASV_15258","Ophiostoma","pallidulum",69,8,7,1,7,6,55,0.0714285714285714,0.158228839694573,0.0668070160003014,-1.29926875143787,0.9745,0.235,0.47,1,1,1,"avoiding",FALSE
"asv","Xylosandrus crassiusculus","ASV_15738","Graphilbum",NA,69,8,7,1,7,6,55,0.0714285714285714,0.101949326311511,0.0474944605330113,-0.642617150303795,0.939,0.577,1,1,1,1,"avoiding",FALSE
"asv","Xylosandrus crassiusculus","ASV_3603","Sporothrix","eucastaneae",69,8,10,1,7,9,52,0.0588235294117647,0.128949033340199,0.0526009479347058,-1.33316045968376,0.981,0.2345,0.469,1,1,1,"avoiding",FALSE
"asv","Xylosandrus crassiusculus","ASV_660","Grosmannia","francke-grosmanniae",69,8,13,1,7,12,49,0.05,0.148997279857681,0.0490178980581059,-2.01961495248795,1,0.062,0.124,1,1,1,"avoiding",FALSE
"asv","Xylosandrus crassiusculus","ASV_1122","Raffaelea","arxii",69,8,8,0,8,8,53,0,0.0944853379070469,0.0475052320922746,-1.98894592754578,1,0.096,0.192,1,0.582588581255013,1,"avoiding",FALSE
"asv","Xylosandrus crassiusculus","ASV_1646","Raffaelea","arxii",69,8,5,0,8,5,56,0,0.119563569663623,0.0608690915377329,-1.96427393021802,1,0.096,0.192,1,1,1,"avoiding",FALSE
"asv","Xylosandrus crassiusculus","ASV_4044","Graphilbum",NA,69,8,6,0,8,6,55,0,0,0,NA,1,1,1,1,1,1,"co-occurring",FALSE
"asv","Xylosandrus crassiusculus","ASV_4337","Ophiostoma","undulatum",69,8,4,0,8,4,57,0,0,0,NA,1,1,1,1,1,1,"co-occurring",FALSE
"asv","Xylosandrus crassiusculus","ASV_5162","Sporothrix",NA,69,8,7,0,8,7,54,0,0.0473451011219888,0.0337758053181552,-1.40174603317422,1,0.3375,0.675,1,0.58828055514699,1,"avoiding",FALSE
"asv","Xylosandrus crassiusculus","ASV_5724","Graphilbum",NA,69,8,4,0,8,4,57,0,0,0,NA,1,1,1,1,1,1,"co-occurring",FALSE
"asv","Xylosandrus crassiusculus","ASV_6746","Graphilbum",NA,69,8,4,0,8,4,57,0,0.0627586520533007,0.0420424526321067,-1.4927447882851,1,0.31,0.62,1,1,1,"avoiding",FALSE
"asv","Xylosandrus crassiusculus","ASV_7106","Ophiostoma","denticiliatum",69,8,5,0,8,5,56,0,0.119563569663623,0.0608690915377329,-1.96427393021802,1,0.096,0.192,1,1,1,"avoiding",FALSE
"asv","Xylosandrus crassiusculus","ASV_7618","Leptographium","lundbergii",69,8,7,0,8,7,54,0,0.101220940140403,0.0479021418711732,-2.11307754072093,1,0.0665,0.133,1,0.58828055514699,1,"avoiding",FALSE
"asv","Xylosandrus crassiusculus","ASV_7819","Hawksworthiomyces",NA,69,8,5,0,8,5,56,0,0.05752876438219,0.0385389149127648,-1.49274478828503,1,0.31,0.62,1,1,1,"avoiding",FALSE
"asv","Xylosandrus crassiusculus","ASV_7886","Grosmannia",NA,69,8,4,0,8,4,57,0,0,0,NA,1,1,1,1,1,1,"co-occurring",FALSE
"asv","Xylosandrus crassiusculus","ASV_8974","Ophiostoma","karelicum",69,8,3,0,8,3,58,0,0,0,NA,1,1,1,1,1,1,"co-occurring",FALSE
"asv","Xylosandrus crassiusculus","ASV_11554","Raffaelea","crossotarsi",69,8,3,0,8,3,58,0,0,0,NA,1,1,1,1,1,1,"co-occurring",FALSE
"asv","Xylosandrus crassiusculus","ASV_11600","Ophiostoma","undulatum",69,8,4,0,8,4,57,0,0,0,NA,1,1,1,1,1,1,"co-occurring",FALSE
"asv","Xylosandrus crassiusculus","ASV_16537","Graphilbum",NA,69,8,3,0,8,3,58,0,0.0690345172586275,0.0462466978953171,-1.49274478828504,1,0.31,0.62,1,1,1,"avoiding",FALSE
"asv","Xylosandrus crassiusculus","ASV_17726",NA,NA,69,8,3,0,8,3,58,0,0.0690345172586275,0.0462466978953171,-1.49274478828504,1,0.31,0.62,1,1,1,"avoiding",FALSE
"asv","Xylosandrus crassiusculus","ASV_22166","Grosmannia","cucullata",69,8,4,0,8,4,57,0,0.0602574014279879,0.042987388586742,-1.4017460331743,1,0.3375,0.675,1,1,1,"avoiding",FALSE
"asv","Xylosandrus crassiusculus","ASV_22950","Sporothrix",NA,69,8,6,0,8,6,55,0,0,0,NA,1,1,1,1,1,1,"co-occurring",FALSE
"asv","Xylosandrus crassiusculus","ASV_25723","Ceratocystiopsis","manitobensis",69,8,4,0,8,4,57,0,0.0627586520533007,0.0420424526321067,-1.4927447882851,1,0.31,0.62,1,1,1,"avoiding",FALSE
"asv","Xylosandrus crassiusculus","ASV_28495","Raffaelea","subfusca",69,8,3,0,8,3,58,0,0,0,NA,1,1,1,1,1,1,"co-occurring",FALSE
"asv","Xylosandrus germanus","ASV_8274","Sporothrix","rossii",69,45,12,11,34,1,23,0.239130434782609,0.228947103486237,0.0231547864429583,0.439793790431112,0.567,0.8545,1,1,0.0456678571774018,0.383263155805284,"co-occurring",FALSE
"asv","Xylosandrus germanus","ASV_6117","Leptographium","gracile",69,45,13,11,34,2,22,0.234042553191489,0.221823220639699,0.0264016162802519,0.462825170326046,0.5135,0.84,1,1,0.12130725780979,0.615324143151542,"co-occurring",FALSE
"asv","Xylosandrus germanus","ASV_660","Grosmannia","francke-grosmanniae",69,45,13,10,35,3,21,0.208333333333333,0.196584116734215,0.0245991573803526,0.47762679092833,0.497,0.8375,0.994,1,0.519330367235168,1,"co-occurring",FALSE
"asv","Xylosandrus germanus","ASV_3603","Sporothrix","eucastaneae",69,45,10,9,36,1,23,0.195652173913043,0.192330917874398,0.0206831174303805,0.160578116419113,0.693,0.7865,1,1,0.14766933165124,0.67651547360648,"co-occurring",FALSE
"asv","Xylosandrus germanus","ASV_8895","Ceratocystiopsis","manitobensis",69,45,13,9,36,4,20,0.183673469387755,0.210104755301373,0.0180714527104191,-1.4625988478712,0.9835,0.198,0.396,1,1,1,"avoiding",FALSE
"asv","Xylosandrus germanus","ASV_3556","Sporothrix","rossii",69,45,9,8,37,1,23,0.173913043478261,0.165085623623229,0.0206660630780759,0.427145693966118,0.601,0.8725,1,1,0.147275421457479,0.67651547360648,"co-occurring",FALSE
"asv","Xylosandrus germanus","ASV_5162","Sporothrix",NA,69,45,7,7,38,0,24,0.155555555555556,0.117721398567347,0.0219527590228978,1.72343517043784,0.1145,1,0.229,1,0.0869976303804605,0.531473069435431,"co-occurring",FALSE
"asv","Xylosandrus germanus","ASV_15258","Ophiostoma","pallidulum",69,45,7,7,38,0,24,0.155555555555556,0.143054125479846,0.0151675656346267,0.824221261134348,0.561,1,1,1,0.0869976303804605,0.531473069435431,"co-occurring",FALSE
"asv","Xylosandrus germanus","ASV_13249","Ophiostoma","denticulatum",69,45,6,6,39,0,24,0.133333333333333,0.133333333333331,0,NA,1,1,1,1,0.0850229474308567,0.526824431277178,"co-occurring",FALSE
"asv","Xylosandrus germanus","ASV_7618","Leptographium","lundbergii",69,45,7,6,39,1,23,0.130434782608696,0.140689185172297,0.0123499816089736,-0.830317233521231,1,0.592,1,1,0.407940501114338,0.959906117673447,"avoiding",FALSE
"asv","Xylosandrus germanus","ASV_21569","Sporothrix",NA,69,45,7,6,39,1,23,0.130434782608696,0.118583343475625,0.0120276451797783,0.985349913131495,0.5075,1,1,1,0.407940501114338,0.959906117673447,"co-occurring",FALSE
"asv","Xylosandrus germanus","ASV_1122","Raffaelea","arxii",69,45,8,6,39,2,22,0.127659574468085,0.100598581159293,0.0226905377275448,1.19261137103602,0.2425,0.9625,0.485,1,0.704257140803064,1,"co-occurring",FALSE
"asv","Xylosandrus germanus","ASV_1646","Raffaelea","arxii",69,45,5,5,40,0,24,0.111111111111111,0.0950271620546628,0.0152205963885602,1.056722656974,0.4235,1,0.847,1,0.155041240776248,0.692204327506079,"co-occurring",FALSE
"asv","Xylosandrus germanus","ASV_7106","Ophiostoma","denticiliatum",69,45,5,5,40,0,24,0.111111111111111,0.102301587632135,0.0131534254113516,0.669751277973028,0.6685,1,1,1,0.155041240776248,0.692204327506079,"co-occurring",FALSE
"asv","Xylosandrus germanus","ASV_15268","Grosmannia","olivacea",69,45,5,5,40,0,24,0.111111111111111,0.102182811006697,0.0132651520030501,0.673064289226507,0.6655,1,1,1,0.155041240776248,0.692204327506079,"co-occurring",FALSE
"asv","Xylosandrus germanus","ASV_8131","Graphilbum",NA,69,45,6,5,40,1,23,0.108695652173913,0.11875285468821,0.0121124819626474,-0.830317233520916,1,0.592,1,1,0.656961234551226,1,"avoiding",FALSE
"asv","Xylosandrus germanus","ASV_6045","Sporothrix",NA,69,45,7,5,40,2,22,0.106382978723404,0.102891809293298,0.0166857369284037,0.2092307606842,0.6985,0.835,1,1,1,1,"co-occurring",FALSE
"asv","Xylosandrus germanus","ASV_6959","Ophiostoma","adjuncti",69,45,7,5,40,2,22,0.106382978723404,0.112517752863483,0.0145832307411491,-0.420673186138984,0.9055,0.6545,1,1,1,1,"avoiding",FALSE
"asv","Xylosandrus germanus","ASV_15738","Graphilbum",NA,69,45,7,5,40,2,22,0.106382978723404,0.120774288881517,0.0174003514064232,-0.827070087377671,0.937,0.422,0.844,1,1,1,"avoiding",FALSE
"asv","Xylosandrus germanus","ASV_5724","Graphilbum",NA,69,45,4,4,41,0,24,0.0888888888888889,0.0686282960577829,0.0163491632092124,1.23924341398033,0.325,1,0.65,1,0.289995037599725,0.893932158878959,"co-occurring",FALSE
"asv","Xylosandrus germanus","ASV_6746","Graphilbum",NA,69,45,4,4,41,0,24,0.0888888888888889,0.0804518252548015,0.0126336453607313,0.667824954174511,0.672,1,1,1,0.289995037599725,0.893932158878959,"co-occurring",FALSE
"asv","Xylosandrus germanus","ASV_7886","Grosmannia",NA,69,45,4,4,41,0,24,0.0888888888888889,0.0772248443062115,0.0118374644653971,0.985349913131593,0.5075,1,1,1,0.289995037599725,0.893932158878959,"co-occurring",FALSE
"asv","Xylosandrus germanus","ASV_9363","Sporothrix",NA,69,45,5,4,41,1,23,0.0869565217391304,0.0755609071880985,0.0115650434420947,0.985349913131664,0.5075,1,1,1,0.651516174782197,1,"co-occurring",FALSE
"asv","Xylosandrus germanus","ASV_4044","Graphilbum",NA,69,45,6,4,41,2,22,0.0851063829787234,0.0902297818659543,0.0144791293631379,-0.353847165719397,0.89,0.6775,1,1,1,1,"avoiding",FALSE
"asv","Xylosandrus germanus","ASV_8974","Ophiostoma","karelicum",69,45,3,3,42,0,24,0.0666666666666667,0.0475611842307207,0.0166805141499817,1.1453773105649,0.352,1,0.704,1,0.546512959499179,1,"co-occurring",FALSE
"asv","Xylosandrus germanus","ASV_9224","Ophiostoma","sparsiannulatum",69,45,3,3,42,0,24,0.0666666666666667,0.0586081199711778,0.0122156368924213,0.659691080085102,0.6785,1,1,1,0.546512959499179,1,"co-occurring",FALSE
"asv","Xylosandrus germanus","ASV_11554","Raffaelea","crossotarsi",69,45,3,3,42,0,24,0.0666666666666667,0.0548346637086648,0.0115946644510408,1.02046963135184,0.49,1,0.98,1,0.546512959499179,1,"co-occurring",FALSE
"asv","Xylosandrus germanus","ASV_16537","Graphilbum",NA,69,45,3,3,42,0,24,0.0666666666666667,0.0666666666666654,0,NA,1,1,1,1,0.546512959499179,1,"co-occurring",FALSE
"asv","Xylosandrus germanus","ASV_17726",NA,NA,69,45,3,3,42,0,24,0.0666666666666667,0.0628154657038653,0.00863184423397863,0.446162008767655,0.834,1,1,1,0.546512959499179,1,"co-occurring",FALSE
"asv","Xylosandrus germanus","ASV_4337","Ophiostoma","undulatum",69,45,4,3,42,1,23,0.0652173913043478,0.0538397828526757,0.0186969823207055,0.608526459324524,0.499,0.8975,0.998,1,1,1,"co-occurring",FALSE
"asv","Xylosandrus germanus","ASV_11600","Ophiostoma","undulatum",69,45,4,3,42,1,23,0.0652173913043478,0.0540496890443366,0.0113337425732528,0.985349913131659,0.5075,1,1,1,1,1,"co-occurring",FALSE
"asv","Xylosandrus germanus","ASV_22166","Grosmannia","cucullata",69,45,4,3,42,1,23,0.0652173913043478,0.049729526727594,0.0142603424747293,1.08607942650745,0.4085,1,0.817,1,1,1,"co-occurring",FALSE
"asv","Xylosandrus germanus","ASV_25723","Ceratocystiopsis","manitobensis",69,45,4,3,42,1,23,0.0652173913043478,0.0744538936134733,0.0115497012237702,-0.799717856780225,1,0.61,1,1,1,1,"avoiding",FALSE
"asv","Xylosandrus germanus","ASV_27488","Ceratocystiopsis","synnemata",69,45,4,3,42,1,23,0.0652173913043478,0.0708389090217836,0.0144661110895629,-0.388599097755554,0.8975,0.6645,1,1,1,1,"avoiding",FALSE
"asv","Xylosandrus germanus","ASV_7819","Hawksworthiomyces",NA,69,45,5,3,42,2,22,0.0638297872340425,0.0829124604444267,0.0172960254411841,-1.10329816958674,0.964,0.3105,0.621,1,1,1,"avoiding",FALSE
"asv","Xylosandrus germanus","ASV_28495","Raffaelea","subfusca",69,45,3,2,43,1,23,0.0434782608695652,0.0418036647062346,0.0158232434204383,0.105831410086732,0.7105,0.795,1,1,1,1,"co-occurring",FALSE
"asv","Xylosandrus germanus","ASV_23023","Sporothrix",NA,69,45,4,2,43,2,22,0.0425531914893617,0.0694834157751089,0.0160904874642534,-1.67367361278366,1,0.168,0.336,1,0.606061762797267,1,"avoiding",FALSE
"asv","Xylosandrus germanus","ASV_22950","Sporothrix",NA,69,45,6,2,43,4,20,0.0408163265306122,0.0581176698857465,0.0161962131889903,-1.06823386141244,0.966,0.3325,0.665,1,0.172777050220078,0.719377464700006,"avoiding",FALSE
"asv","Xylosandrus germanus","ASV_13560","Hawksworthiomyces",NA,69,45,7,2,43,5,19,0.04,0.0592256245786985,0.017653358881515,-1.08906326029716,0.974,0.3175,0.635,1,0.0449365165124603,0.379527521627531,"avoiding",FALSE
"asv","Xyloterinus politus","ASV_660","Grosmannia","francke-grosmanniae",69,22,13,9,13,4,43,0.346153846153846,0.125623071184886,0.0518377847904419,4.25424766626259,0.001,1,0.002,0.3315,0.00258730144664164,0.110669732846671,"co-occurring",FALSE
"asv","Xyloterinus politus","ASV_3556","Sporothrix","rossii",69,22,9,7,15,2,45,0.291666666666667,0.0908353055873365,0.0487734517717997,4.11763682461878,0.0025,1,0.005,0.473571428571429,0.00352703998212574,0.125373134328358,"co-occurring",FALSE
"asv","Xyloterinus politus","ASV_3603","Sporothrix","eucastaneae",69,22,10,7,15,3,44,0.28,0.122819384342246,0.0529568806506508,2.96808674768162,0.01,0.998,0.02,0.767684210526316,0.00921990745940801,0.190935369862867,"co-occurring",FALSE
"asv","Xyloterinus politus","ASV_5162","Sporothrix",NA,69,22,7,6,16,1,46,0.260869565217391,0.0827386844667224,0.0473642321180811,3.76087340140089,0.001,1,0.002,0.3315,0.00340843857634901,0.125373134328358,"co-occurring",FALSE
"asv","Xyloterinus politus","ASV_15258","Ophiostoma","pallidulum",69,22,7,6,16,1,46,0.260869565217391,0.090400220283205,0.0486020539778792,3.50745145486596,0.0035,1,0.007,0.546,0.00340843857634901,0.125373134328358,"co-occurring",FALSE
"asv","Xyloterinus politus","ASV_1122","Raffaelea","arxii",69,22,8,6,16,2,45,0.25,0.0881022623643952,0.0489333433651895,3.30853619437695,0.007,1,0.014,0.767684210526316,0.0106431243287286,0.207540924410207,"co-occurring",FALSE
"asv","Xyloterinus politus","ASV_6117","Leptographium","gracile",69,22,13,7,15,6,41,0.25,0.136891070245799,0.0496130413719147,2.27982253509318,0.044,0.997,0.088,1,0.0960381105971932,0.541900147454801,"co-occurring",FALSE
"asv","Xyloterinus politus","ASV_7106","Ophiostoma","denticiliatum",69,22,5,5,17,0,47,0.227272727272727,0.0751015717649033,0.0453684232854815,3.35412043196398,0.0065,1,0.013,0.767684210526316,0.00234319255581232,0.110669732846671,"co-occurring",FALSE
"asv","Xyloterinus politus","ASV_8274","Sporothrix","rossii",69,22,12,6,16,6,41,0.214285714285714,0.153924992836953,0.0519036057697055,1.16293888552906,0.215,0.9405,0.43,1,0.177426476875721,0.719377464700006,"co-occurring",FALSE
"asv","Xyloterinus politus","ASV_21569","Sporothrix",NA,69,22,7,5,17,2,45,0.208333333333333,0.0897872032404513,0.0480220331867249,2.46857790531144,0.031,0.9985,0.062,1,0.0297937630850273,0.323824015170051,"co-occurring",FALSE
"asv","Xyloterinus politus","ASV_11600","Ophiostoma","undulatum",69,22,4,4,18,0,47,0.181818181818182,0.0562715745224396,0.040942153015012,3.06643881795148,0.011,1,0.022,0.767684210526316,0.00846152867376672,0.178095032085947,"co-occurring",FALSE
"asv","Xyloterinus politus","ASV_1646","Raffaelea","arxii",69,22,5,4,18,1,46,0.173913043478261,0.0677575463012739,0.0427522298970157,2.48304000592954,0.0325,0.998,0.065,1,0.0329348731455843,0.348779201817002,"co-occurring",FALSE
"asv","Xyloterinus politus","ASV_13249","Ophiostoma","denticulatum",69,22,6,4,18,2,45,0.166666666666667,0.0797343760447059,0.0422034246896675,2.05983972298921,0.0685,0.9925,0.137,1,0.0769104139933816,0.502875779616332,"co-occurring",FALSE
"asv","Xyloterinus politus","ASV_17726",NA,NA,69,22,3,3,19,0,47,0.136363636363636,0.0426243259969906,0.0356121297650323,2.63222983250749,0.033,1,0.066,1,0.0293926785509791,0.323483194877213,"co-occurring",FALSE
"asv","Xyloterinus politus","ASV_5724","Graphilbum",NA,69,22,4,3,19,1,46,0.130434782608696,0.062320679443807,0.0380629696590326,1.78951100702477,0.1225,0.9905,0.245,1,0.0921861281826163,0.531473069435431,"co-occurring",FALSE
"asv","Xyloterinus politus","ASV_6746","Graphilbum",NA,69,22,4,3,19,1,46,0.130434782608696,0.0480722904271641,0.0392131116281259,2.1003814479863,0.072,0.99,0.144,1,0.0921861281826163,0.531473069435431,"co-occurring",FALSE
"asv","Xyloterinus politus","ASV_22166","Grosmannia","cucullata",69,22,4,3,19,1,46,0.130434782608696,0.0486259532928525,0.0383849871191181,2.13127150627849,0.074,0.993,0.148,1,0.0921861281826163,0.531473069435431,"co-occurring",FALSE
"asv","Xyloterinus politus","ASV_25723","Ceratocystiopsis","manitobensis",69,22,4,3,19,1,46,0.130434782608696,0.0663383404482223,0.0416014691946701,1.54072544554954,0.158,0.9795,0.316,1,0.0921861281826163,0.531473069435431,"co-occurring",FALSE
"asv","Xyloterinus politus","ASV_8131","Graphilbum",NA,69,22,6,3,19,3,44,0.12,0.0907086591728915,0.0429510970063378,0.681969562332396,0.4095,0.8895,0.819,1,0.374786840683461,0.953872074369038,"co-occurring",FALSE
"asv","Xyloterinus politus","ASV_22950","Sporothrix",NA,69,22,6,3,19,3,44,0.12,0.0462568036154839,0.0357972365939966,2.06002483434387,0.0785,0.993,0.157,1,0.374786840683461,0.953872074369038,"co-occurring",FALSE
"asv","Xyloterinus politus","ASV_7618","Leptographium","lundbergii",69,22,7,3,19,4,43,0.115384615384615,0.101027372793473,0.0475170207955193,0.302149468775125,0.542,0.7895,1,1,0.671572144931451,1,"co-occurring",FALSE
"asv","Xyloterinus politus","ASV_15738","Graphilbum",NA,69,22,7,3,19,4,43,0.115384615384615,0.106036698477483,0.0465905546810534,0.20063974277888,0.5765,0.773,1,1,0.671572144931451,1,"co-occurring",FALSE
"asv","Xyloterinus politus","ASV_8895","Ceratocystiopsis","manitobensis",69,22,13,3,19,10,37,0.09375,0.125007905466727,0.0475412623701918,-0.657490018319862,0.8445,0.394,0.788,1,0.52785647066145,1,"avoiding",FALSE
"asv","Xyloterinus politus","ASV_9224","Ophiostoma","sparsiannulatum",69,22,3,2,20,1,46,0.0869565217391304,0.0499969187492298,0.0357428392262111,1.03404216872613,0.33,0.956,0.66,1,0.236611062335382,0.842529713859045,"co-occurring",FALSE
"asv","Xyloterinus politus","ASV_16537","Graphilbum",NA,69,22,3,2,20,1,46,0.0869565217391304,0.0434757892780384,0.034006395974374,1.27860454527018,0.25,0.972,0.5,1,0.236611062335382,0.842529713859045,"co-occurring",FALSE
"asv","Xyloterinus politus","ASV_28495","Raffaelea","subfusca",69,22,3,2,20,1,46,0.0869565217391304,0.0560742327685582,0.0369806378843345,0.835093463427096,0.3895,0.9285,0.779,1,0.236611062335382,0.842529713859045,"co-occurring",FALSE
"asv","Xyloterinus politus","ASV_4337","Ophiostoma","undulatum",69,22,4,2,20,2,45,0.0833333333333333,0.0421405630351411,0.0353887172776179,1.1640085729879,0.279,0.959,0.558,1,0.587357330992098,1,"co-occurring",FALSE
"asv","Xyloterinus politus","ASV_7886","Grosmannia",NA,69,22,4,2,20,2,45,0.0833333333333333,0.0558168214542061,0.0346909084645717,0.793190870375406,0.401,0.922,0.802,1,0.587357330992098,1,"co-occurring",FALSE
"asv","Xyloterinus politus","ASV_27488","Ceratocystiopsis","synnemata",69,22,4,2,20,2,45,0.0833333333333333,0.0367583791895949,0.0281345938412406,1.65543367736368,0.1865,1,0.373,1,0.587357330992098,1,"co-occurring",FALSE
"asv","Xyloterinus politus","ASV_7819","Hawksworthiomyces",NA,69,22,5,2,20,3,44,0.08,0.0532157466693202,0.0390047181824412,0.686692651012084,0.404,0.8935,0.808,1,0.650840818531775,1,"co-occurring",FALSE
"asv","Xyloterinus politus","ASV_9363","Sporothrix",NA,69,22,5,2,20,3,44,0.08,0.0535013660676481,0.0330239313967256,0.802407006422601,0.408,0.928,0.816,1,0.650840818531775,1,"co-occurring",FALSE
"asv","Xyloterinus politus","ASV_15268","Grosmannia","olivacea",69,22,5,2,20,3,44,0.08,0.0611523266954232,0.0434246837777632,0.434031331144161,0.476,0.837,0.952,1,0.650840818531775,1,"co-occurring",FALSE
"asv","Xyloterinus politus","ASV_8974","Ophiostoma","karelicum",69,22,3,1,21,2,45,0.0416666666666667,0.0427935476302052,0.0348539389179464,-0.0323315240263513,0.713,0.74,1,1,1,1,"avoiding",FALSE
"asv","Xyloterinus politus","ASV_11554","Raffaelea","crossotarsi",69,22,3,1,21,2,45,0.0416666666666667,0.0349071109995048,0.0302443702056416,0.223497980655619,0.663,0.8495,1,1,1,1,"co-occurring",FALSE
"asv","Xyloterinus politus","ASV_4044","Graphilbum",NA,69,22,6,1,21,5,42,0.037037037037037,0.0698865102066716,0.037296779568686,-0.880758970332511,0.9325,0.372,0.744,1,0.656296430742217,1,"avoiding",FALSE
"asv","Xyloterinus politus","ASV_6959","Ophiostoma","adjuncti",69,22,7,1,21,6,41,0.0357142857142857,0.0870477373403835,0.0424396259671795,-1.20956418573991,0.954,0.2165,0.433,1,0.416976908444204,0.959906117673447,"avoiding",FALSE
"asv","Xyloterinus politus","ASV_6045","Sporothrix",NA,69,22,7,0,22,7,40,0,0.0624460632839833,0.0392174496525346,-1.59230301402191,1,0.1085,0.217,1,0.0880861529456788,0.531473069435431,"avoiding",FALSE
"asv","Xyloterinus politus","ASV_13560","Hawksworthiomyces",NA,69,22,7,0,22,7,40,0,0.0532959296090873,0.0321715228644581,-1.65661817855588,1,0.137,0.274,1,0.0880861529456788,0.531473069435431,"avoiding",FALSE
"asv","Xyloterinus politus","ASV_23023","Sporothrix",NA,69,22,4,0,22,4,43,0,0.0555154520606819,0.0379329484290705,-1.46351534377794,1,0.161,0.322,1,0.298507462686567,0.893932158878959,"avoiding",FALSE
