"grid","beetle","fungal_unit","asv_genus","asv_species","in_block","beetle_n","fungus_n","shared_n","jaccard","exp_jaccard_null_within_trap","exp_jaccard_null_within_date","exp_jaccard_null_within_site_x_date","z_score_within_trap","z_score_within_date","z_score_within_site_x_date","p_pos_within_trap","p_pos_within_date","p_pos_within_site_x_date","p_perm_within_trap","p_perm_within_date","p_perm_within_site_x_date","q_perm_within_trap","q_perm_within_date","q_perm_within_site_x_date"
"asv","Pityogenes hopkinsi","ASV_8274","Sporothrix","rossii",TRUE,19,12,9,0.409090909090909,0.263065979392731,0.164063125476874,0.251317067547467,2.39113474872877,4.17042063045592,2.49395645590147,0.0385,0.001,0.0295,0.077,0.002,0.059,0.541524590163934,0.2145,1
"asv","Pityogenes hopkinsi","ASV_21569","Sporothrix",NA,TRUE,19,7,6,0.3,0.130477342002453,0.141709094712989,0.184332515401312,3.59425607375106,2.80301788034652,2.27600430543032,0.001,0.019,0.052,0.002,0.038,0.104,0.10725,0.65208,1
"asv","Pityogenes hopkinsi","ASV_660","Grosmannia","francke-grosmanniae",TRUE,19,13,7,0.28,0.10981647821941,0.264918165309343,0.265294030977735,3.92769716708035,0.228939643909728,0.272508300028461,0.001,0.5445,0.539,0.002,1,1,0.10725,1,1
"asv","Pityogenes hopkinsi","ASV_6117","Leptographium","gracile",TRUE,19,13,7,0.28,0.151206361745425,0.15399868441877,0.186821662967969,3.138729787287,2.21054496008593,1.59448629865976,0.009,0.0435,0.1215,0.018,0.087,0.243,0.277588235294118,0.954525,1
"asv","Pityogenes hopkinsi","ASV_8895","Ceratocystiopsis","manitobensis",TRUE,19,13,7,0.28,0.217370280952623,0.101015535802939,0.185565939468407,1.02156163272213,4.02034031780574,2.25036093196884,0.2515,0.001,0.0485,0.503,0.002,0.097,1,0.2145,1
"asv","Pityogenes hopkinsi","ASV_3556","Sporothrix","rossii",TRUE,19,9,6,0.272727272727273,0.157484873197947,0.175747593400767,0.247051101308224,2.0790347289884,1.68386936199862,0.438760046500908,0.064,0.1195,0.505,0.128,0.239,1,0.658821428571429,1,1
"asv","Pityogenes hopkinsi","ASV_3603","Sporothrix","eucastaneae",TRUE,19,10,6,0.260869565217391,0.145923269941802,0.195511137492782,0.262417770149893,2.11572965593592,1.07827139914896,-0.0418460131892191,0.0545,0.2505,0.778,0.109,0.501,1,0.631905405405405,1,1
"asv","Pityogenes hopkinsi","ASV_8131","Graphilbum",NA,TRUE,19,6,5,0.25,0.179876005196275,0.0908018040145297,0.174258833380157,1.27585351300268,3.38385930778376,1.46793809085181,0.221,0.0085,0.178,0.442,0.017,0.356,1,0.60775,1
"asv","Pityogenes hopkinsi","ASV_13249","Ophiostoma","denticulatum",TRUE,19,6,5,0.25,0.164936197654932,0.118614607362125,0.155249067221357,1.62962181239804,2.61728457517698,2.14193991847689,0.1365,0.024,0.074,0.273,0.048,0.148,0.883804511278195,0.7007,1
"asv","Pityogenes hopkinsi","ASV_7618","Leptographium","lundbergii",TRUE,19,7,5,0.238095238095238,0.17687169770904,0.119749267632123,0.183238786718789,1.0824514970305,2.33077770180099,1.07276561164397,0.269,0.047,0.295,0.538,0.094,0.59,1,0.960142857142857,1
"asv","Pityogenes hopkinsi","ASV_15258","Ophiostoma","pallidulum",TRUE,19,7,5,0.238095238095238,0.124162333378247,0.165821871974949,0.200786917079849,2.46544847573193,1.39493695592256,0.83419334301515,0.037,0.1885,0.412,0.074,0.377,0.824,0.5291,1,1
"asv","Pityogenes hopkinsi","ASV_15738","Graphilbum",NA,TRUE,19,7,5,0.238095238095238,0.178572049306377,0.106725747590529,0.175175819605644,1.00957656008285,2.86275501325778,1.21928183708886,0.2775,0.018,0.2485,0.555,0.036,0.497,1,0.65208,1
"asv","Pityogenes hopkinsi","ASV_7106","Ophiostoma","denticiliatum",TRUE,19,5,4,0.2,0.092668525115183,0.162447805376133,0.200404713635009,2.40403761618928,0.776048481779071,-0.0103270316145318,0.0425,0.4225,0.7805,0.085,0.845,1,0.561,1,1
"asv","Pityogenes hopkinsi","ASV_22950","Sporothrix",NA,TRUE,19,6,4,0.19047619047619,0.0624126057005541,0.110791898767692,0.120862049696029,3.06764676229349,1.68328522017671,2.03702495753641,0.009,0.1315,0.115,0.018,0.263,0.23,0.277588235294118,1,1
"asv","Pityogenes hopkinsi","ASV_6959","Ophiostoma","adjuncti",TRUE,19,7,4,0.181818181818182,0.161235384302353,0.0644820424516802,0.0990109679345608,0.415601622976419,2.77738526500551,2.13617644513972,0.523,0.0245,0.074,1,0.049,0.148,1,0.7007,1
"asv","Pityogenes hopkinsi","ASV_1122","Raffaelea","arxii",TRUE,19,8,4,0.173913043478261,0.0660393574713768,0.193605400829973,0.141498970829287,3.01636821269911,-0.328582093262153,0.811149596199533,0.009,0.7665,0.3965,0.018,1,0.793,0.277588235294118,1,1
"asv","Pityogenes hopkinsi","ASV_17726",NA,NA,TRUE,19,3,3,0.157894736842105,0.0745755083055302,0.100910605678777,0.118305267922181,2.19423647045825,1.43765236958552,1.04886253472261,0.064,0.242,0.426,0.128,0.484,0.852,0.658821428571429,1,1
"asv","Pityogenes hopkinsi","ASV_5724","Graphilbum",NA,TRUE,19,4,3,0.15,0.0542169410063896,0.101052120956812,0.105304383793631,2.2697116767117,1.02284657716377,1.22890614122691,0.06,0.322,0.3365,0.12,0.644,0.673,0.658821428571429,1,1
"asv","Pityogenes hopkinsi","ASV_6746","Graphilbum",NA,TRUE,19,4,3,0.15,0.0906544010214284,0.0931250998021242,0.112888507366012,1.30633265219897,1.20507096595751,0.741045245479618,0.23,0.2605,0.4275,0.46,0.521,0.855,1,1,1
"asv","Pityogenes hopkinsi","ASV_11600","Ophiostoma","undulatum",TRUE,19,4,3,0.15,0.0457271926006302,0.117154920590852,0.113485422364865,2.78699083735985,0.714775402770586,1.02423270662144,0.0235,0.444,0.439,0.047,0.888,0.878,0.467133333333333,1,1
"asv","Pityogenes hopkinsi","ASV_25723","Ceratocystiopsis","manitobensis",TRUE,19,4,3,0.15,0.103063288308545,0.0844737189738654,0.114683053534061,0.930360030489689,1.51335269974439,0.793132263928454,0.3385,0.183,0.413,0.677,0.366,0.826,1,1,1
"asv","Pityogenes hopkinsi","ASV_1646","Raffaelea","arxii",TRUE,19,5,3,0.142857142857143,0.0660539191108824,0.146065377186199,0.162040487092485,2.39788799261331,-0.0614348187042029,-0.427540596710011,0.041,0.7085,0.858,0.082,1,1,0.558380952380952,1,1
"asv","Pityogenes hopkinsi","ASV_9363","Sporothrix",NA,TRUE,19,5,3,0.142857142857143,0.116844136353891,0.0862267979066651,0.100464574466792,1.00125134613697,1.22672745042773,0.872551061863431,0.4995,0.2305,0.369,0.999,0.461,0.738,1,1,1
"asv","Pityogenes hopkinsi","ASV_15268","Grosmannia","olivacea",TRUE,19,5,3,0.142857142857143,0.104154713393428,0.074964460743849,0.126313128331528,0.77745883699517,1.4560584310679,0.372250198465843,0.378,0.178,0.579,0.756,0.356,1,1,1,1
"asv","Pityogenes hopkinsi","ASV_4044","Graphilbum",NA,TRUE,19,6,3,0.136363636363636,0.101517432441044,0.0387425031921193,0.0878427520743223,0.756555528051957,2.7243927318905,1.26907466046775,0.399,0.033,0.29,0.798,0.066,0.58,1,0.858,1
"asv","Pityogenes hopkinsi","ASV_5162","Sporothrix",NA,TRUE,19,7,3,0.130434782608696,0.0696272934133175,0.189207122110394,0.193233206100511,1.34317435085359,-0.998083975177869,-1.19315318123245,0.186,0.9345,0.964,0.372,0.576,0.497,1,1,1
"asv","Pityogenes hopkinsi","ASV_13560","Hawksworthiomyces",NA,TRUE,19,7,3,0.130434782608696,0.0735667108916783,0.0495035754278425,0.0629630757407696,1.69105552008879,1.99207566585877,1.87980561468544,0.1575,0.0875,0.1115,0.315,0.175,0.223,0.95238,1,1
"asv","Pityogenes hopkinsi","ASV_9224","Ophiostoma","sparsiannulatum",TRUE,19,3,2,0.1,0.0318921365444635,0.0753394240980132,0.119969884691718,2.07887632478684,0.628724599091304,-0.531611592471165,0.1095,0.503,0.887,0.219,1,1,0.793109243697479,1,1
"asv","Pityogenes hopkinsi","ASV_11554","Raffaelea","crossotarsi",TRUE,19,3,2,0.1,0.0391366109119732,0.0692297276457776,0.0828890635794065,1.75420101094825,0.748801731800432,0.696346513644095,0.1435,0.4465,0.6735,0.287,0.893,1,0.912022222222222,1,1
"asv","Pityogenes hopkinsi","ASV_16537","Graphilbum",NA,TRUE,19,3,2,0.1,0.0919996339021623,0.0702203231941781,0.100081369005303,0.205962160145377,0.846183201928162,-0.00217833123508903,0.6955,0.4675,0.7595,1,0.935,1,1,1,1
"asv","Pityogenes hopkinsi","ASV_28495","Raffaelea","subfusca",TRUE,19,3,2,0.1,0.0350937373448637,0.0764220456092697,0.100594407479427,1.93370706925399,0.595096815087675,-0.0165203677721658,0.1315,0.527,0.782,0.263,1,1,0.8679,1,1
"asv","Pityogenes hopkinsi","ASV_7886","Grosmannia",NA,TRUE,19,4,2,0.0952380952380952,0.0710720078654063,0.0827826535733136,0.0783679718647216,0.696734181049334,0.299522487573958,0.50473311014388,0.5005,0.606,0.5535,1,1,1,1,1,1
"asv","Pityogenes hopkinsi","ASV_22166","Grosmannia","cucullata",TRUE,19,4,2,0.0952380952380952,0.0388319700976035,0.118555324597823,0.0965978660325859,1.64012767336,-0.487189303745234,-0.03911654698614,0.1655,0.856,0.782,0.331,1,1,0.95238,1,1
"asv","Pityogenes hopkinsi","ASV_7819","Hawksworthiomyces",NA,TRUE,19,5,2,0.0909090909090909,0.0773768024610836,0.0647820804812342,0.0844020542173965,0.323074387825569,0.632289539685606,0.137006578075058,0.572,0.445,0.628,1,0.89,1,1,1,1
"asv","Pityogenes hopkinsi","ASV_6045","Sporothrix",NA,TRUE,19,7,2,0.0833333333333333,0.0998295421002436,0.032855340713835,0.048373462093366,-0.368698697270243,1.71425414456687,0.967365227200392,0.811,0.155,0.33,1,0.31,0.66,1,1,1
"asv","Pityogenes hopkinsi","ASV_8974","Ophiostoma","karelicum",TRUE,19,3,1,0.0476190476190476,0.0325175118887772,0.054657027762002,0.031015507753878,0.425446720172359,-0.186279854170009,0.731479638887223,0.5325,0.795,0.6515,1,1,1,1,1,1
"asv","Pityogenes hopkinsi","ASV_4337","Ophiostoma","undulatum",TRUE,19,4,1,0.0454545454545455,0.0309278015631196,0.087740161947004,0.0615177718729512,0.464914682242008,-0.961348062019855,-0.690020303829406,0.559,0.9525,1,1,0.709,1,1,1,1
"asv","Pityogenes hopkinsi","ASV_23023","Sporothrix",NA,TRUE,19,4,1,0.0454545454545455,0.0556587817718397,0.01703449127161,0.02310246032107,-0.350812440252121,1.14833755273957,0.983379724824481,0.898,0.3455,0.5085,1,0.691,1,1,1,1
"asv","Pityogenes hopkinsi","ASV_27488","Ceratocystiopsis","synnemata",TRUE,19,4,1,0.0454545454545455,0.0556468710545764,0.0728533382663095,0.114219965986642,-0.34781251679234,-0.627542176309002,-1.53274401658393,0.895,0.894,1,1,0.998,0.301,1,1,1
"asv","Xyleborinus attenuatus","ASV_660","Grosmannia","francke-grosmanniae",TRUE,24,13,12,0.48,0.175963446110508,0.350969859271761,0.37277597080998,5.39743215957509,2.81976179425857,2.48206879739547,5e-04,0.0235,0.0435,0.001,0.047,0.087,0.10725,0.7007,1
"asv","Xyleborinus attenuatus","ASV_5162","Sporothrix",NA,TRUE,24,7,7,0.291666666666667,0.115928568293802,0.229214821085758,0.224646660937307,3.48060406245239,1.65702743737515,1.71772320406313,0.003,0.1615,0.142,0.006,0.323,0.284,0.1716,1,1
"asv","Xyleborinus attenuatus","ASV_1122","Raffaelea","arxii",TRUE,24,8,7,0.28,0.105383780002645,0.228405558090394,0.248531958286828,3.57630862801335,1.27726790468976,0.792625426014327,0.002,0.2425,0.4085,0.004,0.485,0.817,0.153214285714286,1,1
"asv","Xyleborinus attenuatus","ASV_6117","Leptographium","gracile",TRUE,24,13,8,0.275862068965517,0.182762249060951,0.160621256786029,0.170638295003381,1.70326809031871,3.07762470258325,2.44719015323593,0.0975,0.0085,0.023,0.195,0.017,0.046,0.780702702702703,0.60775,1
"asv","Xyleborinus attenuatus","ASV_3603","Sporothrix","eucastaneae",TRUE,24,10,7,0.259259259259259,0.130777795676728,0.191096069303026,0.201432361866027,2.4947025036065,1.58408387444429,1.97421203420881,0.0255,0.139,0.1245,0.051,0.278,0.249,0.475630434782609,1,1
"asv","Xyleborinus attenuatus","ASV_3556","Sporothrix","rossii",TRUE,24,9,6,0.222222222222222,0.127307433768249,0.180233377182887,0.17968282170642,1.77026435336658,1.09246874193797,1.48971532582289,0.0915,0.2795,0.2345,0.183,0.559,0.469,0.762203883495146,1,1
"asv","Xyleborinus attenuatus","ASV_1646","Raffaelea","arxii",TRUE,24,5,5,0.208333333333333,0.0677964480815915,0.161470977654072,0.177111119662397,3.53190001126453,1.35868984413911,0.981515114257215,0.0015,0.2655,0.4605,0.003,0.531,0.921,0.1287,1,1
"asv","Xyleborinus attenuatus","ASV_7106","Ophiostoma","denticiliatum",TRUE,24,5,5,0.208333333333333,0.074550722654775,0.150154699857053,0.160827657418455,3.14356692387816,1.63721540424324,1.53088359141676,0.0065,0.168,0.223,0.013,0.336,0.446,0.277588235294118,1,1
"asv","Xyleborinus attenuatus","ASV_8274","Sporothrix","rossii",TRUE,24,12,6,0.2,0.146443931218568,0.179408117194404,0.174886136060243,1.09030628355006,0.541192404016198,0.803879975879672,0.2395,0.463,0.414,0.479,0.926,0.828,1,1,1
"asv","Xyleborinus attenuatus","ASV_7618","Leptographium","lundbergii",TRUE,24,7,5,0.192307692307692,0.104509599578255,0.125939935920272,0.135327584427135,1.95657848610733,2.02670673315907,2.01205797999736,0.0765,0.0725,0.1175,0.153,0.145,0.235,0.697666666666667,1,1
"asv","Xyleborinus attenuatus","ASV_15258","Ophiostoma","pallidulum",TRUE,24,7,5,0.192307692307692,0.108631751527596,0.147105239566297,0.162592386954567,1.73262946480425,1.22088024441856,0.844424799060128,0.1005,0.256,0.402,0.201,0.512,0.804,0.780702702702703,1,1
"asv","Xyleborinus attenuatus","ASV_5724","Graphilbum",NA,TRUE,24,4,4,0.166666666666667,0.0569814821940898,0.142897859186004,0.135950026295199,2.96099317211877,0.872648396266931,1.01072855959154,0.0105,0.538,0.4455,0.021,1,0.891,0.277588235294118,1,1
"asv","Xyleborinus attenuatus","ASV_21569","Sporothrix",NA,TRUE,24,7,4,0.148148148148148,0.0830849925966448,0.171015650485901,0.163530678648236,1.4931087373124,-0.628420002997519,-0.431888340319559,0.1465,0.9025,0.856,0.293,0.989,1,0.924242647058823,1,1
"asv","Xyleborinus attenuatus","ASV_11554","Raffaelea","crossotarsi",TRUE,24,3,3,0.125,0.0447675760957394,0.113744372186094,0.110052526263133,2.57389663321856,0.577398339554194,0.705074083772849,0.028,0.75,0.668,0.056,1,1,0.48048,1,1
"asv","Xyleborinus attenuatus","ASV_16537","Graphilbum",NA,TRUE,24,3,3,0.125,0.052657867395235,0.0640343248547334,0.0812519721399169,2.21736021738758,2.24468479025027,1.48798502583005,0.0645,0.0565,0.236,0.129,0.113,0.472,0.658821428571429,1,1
"asv","Xyleborinus attenuatus","ASV_17726",NA,NA,TRUE,24,3,3,0.125,0.0521177896640618,0.0924970177396406,0.0947033131950607,2.11663803369791,1.09839816808169,1.04107282332131,0.073,0.3945,0.43,0.146,0.789,0.86,0.697666666666667,1,1
"asv","Xyleborinus attenuatus","ASV_8895","Ceratocystiopsis","manitobensis",TRUE,24,13,4,0.121212121212121,0.132646975620154,0.100415187564267,0.110258337725015,-0.240327323298538,0.657160139881049,0.705074083772701,0.7135,0.425,0.668,1,0.85,1,1,1,1
"asv","Xyleborinus attenuatus","ASV_4337","Ophiostoma","undulatum",TRUE,24,4,3,0.12,0.0649606569666614,0.101986434812848,0.0921591850056089,1.43808367004821,0.632866679987586,0.981064050680593,0.191,0.5785,0.4605,0.382,1,0.921,1,1,1
"asv","Xyleborinus attenuatus","ASV_6746","Graphilbum",NA,TRUE,24,4,3,0.12,0.057588936918603,0.106493018589067,0.104980182398893,1.65179833849334,0.445586373100172,0.731479638887208,0.142,0.613,0.6515,0.284,1,1,0.909223880597015,1,1
"asv","Xyleborinus attenuatus","ASV_11600","Ophiostoma","undulatum",TRUE,24,4,3,0.12,0.051524138137446,0.131689462965101,0.121099011043984,1.88763059625507,-0.383826351625713,-0.0370035264777256,0.098,0.8785,0.785,0.196,1,1,0.780702702702703,1,1
"asv","Xyleborinus attenuatus","ASV_22166","Grosmannia","cucullata",TRUE,24,4,3,0.12,0.0651740115071795,0.132806032645953,0.135783019714985,1.41738514874625,-0.415607372204106,-0.507408702268209,0.1955,0.873,0.876,0.391,1,1,1,1,1
"asv","Xyleborinus attenuatus","ASV_25723","Ceratocystiopsis","manitobensis",TRUE,24,4,3,0.12,0.0602774036590959,0.103067887219964,0.135150908787729,1.53754051113222,0.604327315669446,-0.693181253443247,0.163,0.59,1,0.326,1,1,0.95238,1,1
"asv","Xyleborinus attenuatus","ASV_7819","Hawksworthiomyces",NA,TRUE,24,5,3,0.115384615384615,0.0818579996143778,0.0784665185665692,0.10173374436506,0.802390697141862,1.33898854391949,0.499097906236967,0.369,0.2445,0.5655,0.738,0.489,1,1,1,1
"asv","Xyleborinus attenuatus","ASV_13249","Ophiostoma","denticulatum",TRUE,24,6,3,0.111111111111111,0.0913983548550854,0.0962375023560817,0.097925336294524,0.476266072316276,0.441133485677859,0.494528210982069,0.473,0.5565,0.5575,0.946,1,1,1,1,1
"asv","Xyleborinus attenuatus","ASV_15738","Graphilbum",NA,TRUE,24,7,3,0.107142857142857,0.0959927329389645,0.0866371125017688,0.108127476436632,0.251266792204066,0.695919975887409,-0.0372795637834835,0.5545,0.473,0.7825,1,0.946,1,1,1,1
"asv","Xyleborinus attenuatus","ASV_8974","Ophiostoma","karelicum",TRUE,24,3,2,0.08,0.0534338323007647,0.0734994420287067,0.0655166044560727,0.748732973283152,0.301240577823512,0.731479638887323,0.4155,0.7775,0.6515,0.831,1,1,1,1,1
"asv","Xyleborinus attenuatus","ASV_9224","Ophiostoma","sparsiannulatum",TRUE,24,3,2,0.08,0.0454290606841876,0.0625801362219556,0.0526455535460025,1.00360493019599,0.637410079058506,1.01025588144685,0.325,0.5685,0.4455,0.65,1,0.891,1,1,1
"asv","Xyleborinus attenuatus","ASV_28495","Raffaelea","subfusca",TRUE,24,3,2,0.08,0.0423078847115861,0.0628412283064593,0.0531534998268352,1.13565561535019,0.614561873516934,0.981064050680674,0.2825,0.575,0.4605,0.565,1,0.921,1,1,1
"asv","Xyleborinus attenuatus","ASV_7886","Grosmannia",NA,TRUE,24,4,2,0.0769230769230769,0.0715031874911826,0.064165473049917,0.0510582926791044,0.159498095362025,0.465567645114321,1.00940457296507,0.65,0.619,0.4475,1,1,0.895,1,1,1
"asv","Xyleborinus attenuatus","ASV_27488","Ceratocystiopsis","synnemata",TRUE,24,4,2,0.0769230769230769,0.0414338223242685,0.080744075741575,0.0782200216917583,1.3026997802845,-0.138065946172242,-0.0473114260628274,0.3015,0.828,0.7895,0.603,1,1,1,1,1
"asv","Xyleborinus attenuatus","ASV_9363","Sporothrix",NA,TRUE,24,5,2,0.0740740740740741,0.0484266858704088,0.0656484387900108,0.061696853717866,0.857511988308518,0.276390690943344,0.69002030382922,0.3885,0.6425,0.6775,0.777,1,1,1,1,1
"asv","Xyleborinus attenuatus","ASV_15268","Grosmannia","olivacea",TRUE,24,5,2,0.0740740740740741,0.0689060647539894,0.0781359870004198,0.0613322534283032,0.123619734691463,-0.155547882772878,0.705074083772804,0.612,0.841,0.668,1,1,1,1,1,1
"asv","Xyleborinus attenuatus","ASV_4044","Graphilbum",NA,TRUE,24,6,2,0.0714285714285714,0.0765358764599773,0.046823356943933,0.0594336577155556,-0.14074756466241,1.26240139122448,0.693181253443282,0.7325,0.3075,0.6755,1,0.615,1,1,1,1
"asv","Xyleborinus attenuatus","ASV_8131","Graphilbum",NA,TRUE,24,6,2,0.0714285714285714,0.0820722811407825,0.0705445118668973,0.0846022880919659,-0.258647991487749,0.0275776148347759,-0.415773349062527,0.752,0.7045,0.8555,1,1,1,1,1,1
"asv","Xyleborinus attenuatus","ASV_22950","Sporothrix",NA,TRUE,24,6,2,0.0714285714285714,0.0680744797475573,0.0923998797849541,0.085237684313086,0.0909291161521402,-0.644772600848442,-0.420908276067189,0.6415,0.901,0.8415,1,0.972,1,1,1,1
"asv","Xyleborinus attenuatus","ASV_6045","Sporothrix",NA,TRUE,24,7,2,0.0689655172413793,0.102653584943006,0.00859452714863179,0.0229706807426703,-0.752298989513844,3.77486703911962,1.99162511441268,0.8755,0.018,0.1205,0.745,0.036,0.241,1,0.65208,1
"asv","Xyleborinus attenuatus","ASV_13560","Hawksworthiomyces",NA,TRUE,24,7,2,0.0689655172413793,0.0781608918082326,0.0484029599182,0.0453473863368464,-0.25579116759871,0.922048040589277,1.40174603317425,0.7695,0.357,0.3375,1,0.714,0.675,1,1,1
"asv","Xyleborinus attenuatus","ASV_6959","Ophiostoma","adjuncti",TRUE,24,7,1,0.0333333333333333,0.084447011725306,0.0433656665953848,0.0333333333333327,-1.24384545995391,-0.356357537540264,NA,0.972,0.8575,1,0.452,1,1,1,1,1
"asv","Xyleborinus attenuatus","ASV_23023","Sporothrix",NA,TRUE,24,4,0,0,0.063918854013903,0.00309413966242381,0,-1.71337569216595,-0.301846987456976,NA,1,1,1,0.16,1,1,0.697666666666667,1,1
"asv","Cyclorhipidion pelliculosum","ASV_5162","Sporothrix",NA,TRUE,13,7,7,0.538461538461538,0.1601514367189,0.171000502216807,0.22967475621744,4.66410394730429,4.79947565147418,3.77039996220716,5e-04,5e-04,0.004,0.001,0.001,0.008,0.10725,0.2145,0.858
"asv","Cyclorhipidion pelliculosum","ASV_660","Grosmannia","francke-grosmanniae",TRUE,13,13,8,0.444444444444444,0.174041248122981,0.245666886415484,0.22411556308631,4.21223254359041,2.39131839451224,3.25927781846797,0.0015,0.041,0.008,0.003,0.082,0.016,0.1287,0.937026315789474,0.980571428571429
"asv","Cyclorhipidion pelliculosum","ASV_3603","Sporothrix","eucastaneae",TRUE,13,10,6,0.352941176470588,0.123101759355415,0.202289282013179,0.213948554944826,4.20216992765011,1.82805674244315,2.58090214562142,5e-04,0.0915,0.038,0.001,0.183,0.076,0.10725,1,1
"asv","Cyclorhipidion pelliculosum","ASV_5724","Graphilbum",NA,TRUE,13,4,4,0.307692307692308,0.136687299693803,0.108450974571535,0.162805784760512,2.33038163704436,2.98463254147775,2.19062320800942,0.048,0.013,0.079,0.096,0.026,0.158,0.611955882352941,0.65208,1
"asv","Cyclorhipidion pelliculosum","ASV_7106","Ophiostoma","denticiliatum",TRUE,13,5,4,0.285714285714286,0.0941961526981985,0.135623912473366,0.153653297236852,3.05944155588583,2.43723676625331,2.10234631123791,0.014,0.0395,0.0845,0.028,0.079,0.169,0.324648648648649,0.937026315789474,1
"asv","Cyclorhipidion pelliculosum","ASV_1122","Raffaelea","arxii",TRUE,13,8,4,0.235294117647059,0.0973399496445862,0.184019905979826,0.17196597524769,2.54063195828499,0.627813297124967,0.946625177545855,0.0305,0.389,0.333,0.061,0.778,0.666,0.488172413793103,1,1
"asv","Cyclorhipidion pelliculosum","ASV_11554","Raffaelea","crossotarsi",TRUE,13,3,3,0.230769230769231,0.10484363060651,0.0832243960808228,0.094011841085376,2.04577170403553,2.41068216675919,2.23300129948539,0.094,0.0555,0.069,0.188,0.111,0.138,0.7755,1,1
"asv","Cyclorhipidion pelliculosum","ASV_3556","Sporothrix","rossii",TRUE,13,9,4,0.222222222222222,0.11234565388252,0.150100445205157,0.183559383751043,1.81452123847402,1.04925951407407,0.619107577228623,0.0995,0.255,0.4165,0.199,0.51,0.833,0.780702702702703,1,1
"asv","Cyclorhipidion pelliculosum","ASV_22166","Grosmannia","cucullata",TRUE,13,4,3,0.214285714285714,0.0647121179637444,0.108107808482996,0.111461912274818,2.84273250985535,1.60592969440185,1.48838329097321,0.023,0.152,0.1795,0.046,0.304,0.359,0.467133333333333,1,1
"asv","Cyclorhipidion pelliculosum","ASV_1646","Raffaelea","arxii",TRUE,13,5,3,0.2,0.0807021157637654,0.133664197968408,0.131083398842278,2.31039158234446,0.926045493653089,1.02832584617963,0.063,0.3175,0.3125,0.126,0.635,0.625,0.658821428571429,1,1
"asv","Cyclorhipidion pelliculosum","ASV_15258","Ophiostoma","pallidulum",TRUE,13,7,3,0.176470588235294,0.0738224719514912,0.143250780385525,0.156916306450439,1.89894762411501,0.502815790609272,0.315517429049033,0.1055,0.485,0.562,0.211,0.97,1,0.793109243697479,1,1
"asv","Cyclorhipidion pelliculosum","ASV_9224","Ophiostoma","sparsiannulatum",TRUE,13,3,2,0.142857142857143,0.0936966651824063,0.0584196860334923,0.0691631530050729,0.797157970844531,1.82144856276319,1.53646885372159,0.4185,0.1535,0.2275,0.837,0.307,0.455,1,1,1
"asv","Cyclorhipidion pelliculosum","ASV_4337","Ophiostoma","undulatum",TRUE,13,4,2,0.133333333333333,0.100030967864885,0.0818248409919249,0.0889361347340338,0.565190212384325,0.871096006902863,0.778740987766457,0.506,0.3715,0.4135,1,0.743,0.827,1,1,1
"asv","Cyclorhipidion pelliculosum","ASV_6117","Leptographium","gracile",TRUE,13,13,3,0.130434782608696,0.0761141440285367,0.149058312279958,0.152227156865175,1.27444680403677,-0.287278838414109,-0.326637157386817,0.2315,0.7405,0.742,0.463,1,1,1,1,1
"asv","Cyclorhipidion pelliculosum","ASV_7819","Hawksworthiomyces",NA,TRUE,13,5,2,0.125,0.10564441884808,0.069091898890623,0.105084159726923,0.318457699514874,1.05369080889877,0.431523038113425,0.5725,0.314,0.57,1,0.628,1,1,1,1
"asv","Cyclorhipidion pelliculosum","ASV_15268","Grosmannia","olivacea",TRUE,13,5,2,0.125,0.0502648383015048,0.0936784568754973,0.151280787452548,1.63470189369406,0.47886006000447,-0.544089998552053,0.1575,0.4735,0.8875,0.315,0.947,1,0.95238,1,1
"asv","Cyclorhipidion pelliculosum","ASV_13249","Ophiostoma","denticulatum",TRUE,13,6,2,0.117647058823529,0.0572917177543034,0.120061647303578,0.144030955720625,1.43067267650984,-0.0359397931814366,-0.404121087647077,0.2575,0.6775,0.806,0.515,1,1,1,1,1
"asv","Cyclorhipidion pelliculosum","ASV_22950","Sporothrix",NA,TRUE,13,6,2,0.117647058823529,0.0671524487734076,0.0924742600058204,0.119471909157194,1.15438970899329,0.441890954255053,-0.0330814810158431,0.2995,0.513,0.6945,0.599,1,1,1,1,1
"asv","Cyclorhipidion pelliculosum","ASV_7618","Leptographium","lundbergii",TRUE,13,7,2,0.111111111111111,0.0554604787774016,0.0906831554752282,0.0933227191511152,1.38600038784307,0.377742822293915,0.428821824340805,0.2725,0.5445,0.5585,0.545,1,1,1,1,1
"asv","Cyclorhipidion pelliculosum","ASV_13560","Hawksworthiomyces",NA,TRUE,13,7,2,0.111111111111111,0.0819563548544155,0.0380365621407202,0.0356845089211279,0.75078753496538,1.95686966230604,2.07820399874086,0.4945,0.1295,0.11,0.989,0.259,0.22,1,1,1
"asv","Cyclorhipidion pelliculosum","ASV_21569","Sporothrix",NA,TRUE,13,7,2,0.111111111111111,0.06093449201381,0.136065096285921,0.134950387130272,1.23784933849509,-0.33969873290839,-0.393070825817455,0.2695,0.764,0.8105,0.539,1,1,1,1,1
"asv","Cyclorhipidion pelliculosum","ASV_8274","Sporothrix","rossii",TRUE,13,12,2,0.0869565217391304,0.0655469839192136,0.125993384255236,0.123125575338808,0.502480586177447,-0.654133615558311,-0.667862232009391,0.487,0.857,0.871,0.974,0.843,0.904,1,1,1
"asv","Cyclorhipidion pelliculosum","ASV_8974","Ophiostoma","karelicum",TRUE,13,3,1,0.0666666666666667,0.081736839115527,0.0536887491364726,0.0444889111222278,-0.253732987100593,0.273286700303007,0.484763934725561,0.7895,0.642,0.5515,1,1,1,1,1,1
"asv","Cyclorhipidion pelliculosum","ASV_16537","Graphilbum",NA,TRUE,13,3,1,0.0666666666666667,0.0234450558612643,0.0568617642154405,0.0698349174587283,1.35742606181071,0.212885051456411,-0.0650562925728062,0.352,0.689,0.7755,0.704,1,1,1,1,1
"asv","Cyclorhipidion pelliculosum","ASV_17726",NA,NA,TRUE,13,3,1,0.0666666666666667,0.0219919483551302,0.0870083393345008,0.0946150731043159,1.27479869243363,-0.345336444429464,-0.455407690949579,0.3045,0.8295,0.8555,0.609,1,1,1,1,1
"asv","Cyclorhipidion pelliculosum","ASV_28495","Raffaelea","subfusca",TRUE,13,3,1,0.0666666666666667,0.0334167083541778,0.0590009290359459,0.0699921389266051,0.997252338263963,0.158928909814757,-0.0703435423316063,0.5015,0.6885,0.791,1,1,1,1,1,1
"asv","Cyclorhipidion pelliculosum","ASV_7886","Grosmannia",NA,TRUE,13,4,1,0.0625,0.0312343671835918,0.0769634817408708,0.0891725624717122,1.00025009378908,-0.255486814414797,-0.466304497396829,0.5,0.791,0.853,1,1,1,1,1,1
"asv","Cyclorhipidion pelliculosum","ASV_11600","Ophiostoma","undulatum",TRUE,13,4,1,0.0625,0.04087251959313,0.109261269829054,0.11205662354987,0.552555576480335,-0.687865342403135,-0.833038568839807,0.5765,0.8995,0.9315,1,0.924,0.836,1,1,1
"asv","Cyclorhipidion pelliculosum","ASV_27488","Ceratocystiopsis","synnemata",TRUE,13,4,1,0.0625,0.0205415207603802,0.0959308866887657,0.11421564720089,1.4288443374056,-0.500650233094026,-0.742382716226915,0.329,0.8415,0.9105,0.658,1,0.877,1,1,1
"asv","Cyclorhipidion pelliculosum","ASV_8131","Graphilbum",NA,TRUE,13,6,1,0.0555555555555556,0.0381694115031379,0.0684625400935773,0.0781097247970399,0.47685006359174,-0.259705790817673,-0.449107139007682,0.5855,0.795,0.851,1,1,1,1,1,1
"asv","Cyclorhipidion pelliculosum","ASV_6045","Sporothrix",NA,TRUE,13,7,1,0.0526315789473684,0.0843778872580441,0.0173244516995342,0.0177457149627448,-0.60132852203554,1.42722612583249,1.40174603317422,0.887,0.3295,0.3375,1,0.659,0.675,1,1,1
"asv","Cyclorhipidion pelliculosum","ASV_8895","Ceratocystiopsis","manitobensis",TRUE,13,13,1,0.04,0.0698968324742088,0.0663126820327167,0.0707439029132492,-0.752736640003154,-0.616358196960077,-0.732553136097346,0.9085,0.8705,0.8985,0.853,0.972,0.859,1,1,1
"asv","Cyclorhipidion pelliculosum","ASV_4044","Graphilbum",NA,TRUE,13,6,0,0,0.0275137568784397,0.0197876716135849,0.0185370463009285,-0.990292201612761,-0.743604600962529,-0.707460423009706,1,1,1,1,1,1,1,1,1
"asv","Cyclorhipidion pelliculosum","ASV_6746","Graphilbum",NA,TRUE,13,4,0,0,0.0189490578622645,0.101430614574687,0.0895680440953078,-0.577621049610947,-1.47079923932729,-1.34774948441595,1,1,1,1,0.301,0.371,1,1,1
"asv","Cyclorhipidion pelliculosum","ASV_6959","Ophiostoma","adjuncti",TRUE,13,7,0,0,0.0175760394817294,0.0417606464050747,0.036448048585697,-0.618200236472991,-1.08483018155749,-0.988007958690301,1,1,1,1,0.765,0.879,1,1,1
"asv","Cyclorhipidion pelliculosum","ASV_9363","Sporothrix",NA,TRUE,13,5,0,0,0,0.0725605449783727,0.0639930259247282,NA,-1.37187680855768,-1.22245456580156,1,1,1,1,0.417,0.549,1,1,1
"asv","Cyclorhipidion pelliculosum","ASV_15738","Graphilbum",NA,TRUE,13,7,0,0,0.0185092546273139,0.0694910578784417,0.0727030181757562,-0.736319846800105,-1.56711680540046,-1.93060449478742,1,1,1,1,0.307,0.222,1,1,1
"asv","Cyclorhipidion pelliculosum","ASV_23023","Sporothrix",NA,TRUE,13,4,0,0,0.0216983491745873,0,0,-0.729064285837471,NA,NA,1,1,1,1,1,1,1,1,1
"asv","Cyclorhipidion pelliculosum","ASV_25723","Ceratocystiopsis","manitobensis",TRUE,13,4,0,0,0.0411372352843089,0.0789460206293626,0.0644280473570126,-1.05936258620156,-1.37525698923654,-1.431211691606,1,1,1,0.835,0.404,0.455,1,1,1
"asv","Dendroctonus valens","ASV_6117","Leptographium","gracile",TRUE,14,13,8,0.421052631578947,0.248948365491667,0.14318694495166,0.16285639928119,2.37236073485233,4.01410902863567,3.56163771626069,0.0355,0.002,0.0035,0.071,0.004,0.007,0.516254237288136,0.3432,0.858
"asv","Dendroctonus valens","ASV_15258","Ophiostoma","pallidulum",TRUE,14,7,6,0.4,0.182288060955146,0.138726019356429,0.17178946800542,2.90356812993748,4.12067776016262,3.14338844716784,0.014,0.0025,0.011,0.028,0.005,0.022,0.324648648648649,0.3575,1
"asv","Dendroctonus valens","ASV_8274","Sporothrix","rossii",TRUE,14,12,7,0.368421052631579,0.232818756071518,0.129926856864263,0.160906326311112,2.04715177058965,3.75073498328042,3.11166715030409,0.07,0.004,0.008,0.14,0.008,0.016,0.697666666666667,0.429,0.980571428571429
"asv","Dendroctonus valens","ASV_13249","Ophiostoma","denticulatum",TRUE,14,6,5,0.333333333333333,0.169106347856714,0.110116781325453,0.135407099834749,2.32997965429151,3.36207205802099,3.22060990854806,0.0485,0.0145,0.0105,0.097,0.029,0.021,0.611955882352941,0.65208,1
"asv","Dendroctonus valens","ASV_1646","Raffaelea","arxii",TRUE,14,5,4,0.266666666666667,0.088015208584685,0.116353222129273,0.119825926034914,3.16704627698257,2.40782466218576,2.26205951729072,0.0105,0.0465,0.0545,0.021,0.093,0.109,0.277588235294118,0.960142857142857,1
"asv","Dendroctonus valens","ASV_15268","Grosmannia","olivacea",TRUE,14,5,4,0.266666666666667,0.119444199223796,0.0793628023161914,0.143953185743199,2.29273616235831,3.09402648517001,1.81331284951734,0.052,0.0155,0.117,0.104,0.031,0.234,0.619666666666667,0.65208,1
"asv","Dendroctonus valens","ASV_3603","Sporothrix","eucastaneae",TRUE,14,10,5,0.263157894736842,0.117288047572182,0.167286030435755,0.202183547914305,2.73096184119763,1.38197730303538,1.22835680376461,0.019,0.1635,0.2525,0.038,0.327,0.505,0.40755,1,1
"asv","Dendroctonus valens","ASV_7618","Leptographium","lundbergii",TRUE,14,7,4,0.235294117647059,0.160454091855012,0.0964495341065802,0.107559352431635,1.13593158001077,2.32484384838585,2.62400081057727,0.2555,0.051,0.036,0.511,0.102,0.072,1,0.9945,1
"asv","Dendroctonus valens","ASV_21569","Sporothrix",NA,TRUE,14,7,4,0.235294117647059,0.137400388790889,0.111080017562963,0.129062363999338,1.43750590419819,1.95415405430338,1.84779057639081,0.163,0.087,0.109,0.326,0.174,0.218,0.95238,1,1
"asv","Dendroctonus valens","ASV_660","Grosmannia","francke-grosmanniae",TRUE,14,13,5,0.227272727272727,0.103360805734059,0.205232350451246,0.192869096886104,2.52060616232029,0.310341960077253,0.60858154157599,0.0315,0.487,0.4245,0.063,0.974,0.849,0.488172413793103,1,1
"asv","Dendroctonus valens","ASV_1122","Raffaelea","arxii",TRUE,14,8,4,0.222222222222222,0.076000907722031,0.153438865607063,0.139437555034828,3.04925327465912,0.9827729095808,1.49295238861126,0.0095,0.2715,0.1905,0.019,0.543,0.381,0.277588235294118,1,1
"asv","Dendroctonus valens","ASV_16537","Graphilbum",NA,TRUE,14,3,3,0.214285714285714,0.101001989089783,0.0607095214273809,0.0883057600228687,1.98549073627971,3.18316146265477,2.17371570109467,0.1005,0.0145,0.077,0.201,0.029,0.154,0.780702702702703,0.65208,1
"asv","Dendroctonus valens","ASV_17726",NA,NA,TRUE,14,3,3,0.214285714285714,0.111101384025346,0.0833535815526813,0.0870762762333549,1.68540975915803,2.46441317341425,2.2292751228894,0.158,0.0445,0.069,0.316,0.089,0.138,0.95238,0.954525,1
"asv","Dendroctonus valens","ASV_3556","Sporothrix","rossii",TRUE,14,9,4,0.210526315789474,0.115033638942965,0.148292311947012,0.203724477293439,1.73591308521992,0.884896293176439,0.0984008057714142,0.118,0.2985,0.5995,0.236,0.597,1,0.836727272727273,1,1
"asv","Dendroctonus valens","ASV_7886","Grosmannia",NA,TRUE,14,4,3,0.2,0.117494461516473,0.0807652775967826,0.0819174293028878,1.42817662900184,1.98859461452184,2.22145508111159,0.2125,0.0905,0.069,0.425,0.181,0.138,1,1,1
"asv","Dendroctonus valens","ASV_7106","Ophiostoma","denticiliatum",TRUE,14,5,3,0.1875,0.0778710433648205,0.124547515354317,0.141241208839716,2.071913254835,1.08714709363935,0.81407283098356,0.0875,0.298,0.402,0.175,0.596,0.804,0.736029411764706,1,1
"asv","Dendroctonus valens","ASV_9363","Sporothrix",NA,TRUE,14,5,3,0.1875,0.110576816185871,0.0744105712987221,0.089011090512577,1.40964744405098,2.04567625150949,1.61030536334946,0.2175,0.082,0.147,0.435,0.164,0.294,1,1,1
"asv","Dendroctonus valens","ASV_8131","Graphilbum",NA,TRUE,14,6,3,0.176470588235294,0.137175829056601,0.0649546479466094,0.0934822846579826,0.638735332060066,2.30686580905225,1.48654957562483,0.437,0.059,0.177,0.874,0.118,0.354,1,1,1
"asv","Dendroctonus valens","ASV_8895","Ceratocystiopsis","manitobensis",TRUE,14,13,4,0.173913043478261,0.195505274857771,0.0828760030017186,0.126165518475696,-0.324011768366289,1.87114276704415,0.969680178204109,0.7445,0.094,0.3075,1,0.188,0.615,1,1,1
"asv","Dendroctonus valens","ASV_5162","Sporothrix",NA,TRUE,14,7,3,0.166666666666667,0.0780438464846469,0.144986896182872,0.181541209201096,1.90724914356884,0.328364556788341,-0.186585619396474,0.1095,0.531,0.703,0.219,1,1,0.793109243697479,1,1
"asv","Dendroctonus valens","ASV_6045","Sporothrix",NA,TRUE,14,7,3,0.166666666666667,0.120469806626741,0.0664323906019057,0.0805687931685154,0.829202291707526,2.1589455974362,1.90551254440568,0.3885,0.078,0.102,0.777,0.156,0.204,1,1,1
"asv","Dendroctonus valens","ASV_6959","Ophiostoma","adjuncti",TRUE,14,7,3,0.166666666666667,0.148333403027625,0.0514733889132385,0.0523564413785837,0.305321181483586,2.62133696585423,2.55712978780542,0.5715,0.033,0.041,1,0.066,0.082,1,0.858,1
"asv","Dendroctonus valens","ASV_15738","Graphilbum",NA,TRUE,14,7,3,0.166666666666667,0.109517607100766,0.0926114114848976,0.119542562819079,1.07180487642648,1.29989530560073,0.833673773196563,0.2885,0.2105,0.3815,0.577,0.421,0.763,1,1,1
"asv","Dendroctonus valens","ASV_11554","Raffaelea","crossotarsi",TRUE,14,3,2,0.133333333333333,0.0403201600800401,0.0602313061292556,0.08813126801496,2.50665557223152,1.39934485423307,0.766752962241139,0.0515,0.2075,0.408,0.103,0.415,0.816,0.619666666666667,1,1
"asv","Dendroctonus valens","ASV_28495","Raffaelea","subfusca",TRUE,14,3,2,0.133333333333333,0.0430277638819411,0.0526033850258466,0.0641654160413547,2.08637032529177,1.84238475890144,1.50916301750352,0.11,0.1485,0.234,0.22,0.297,0.468,0.793109243697479,1,1
"asv","Dendroctonus valens","ASV_4337","Ophiostoma","undulatum",TRUE,14,4,2,0.125,0.0404430156254607,0.0721011766387407,0.0822036018009015,2.08137622530572,0.945708256811879,0.792274150371062,0.11,0.3245,0.421,0.22,0.649,0.842,0.793109243697479,1,1
"asv","Dendroctonus valens","ASV_6746","Graphilbum",NA,TRUE,14,4,2,0.125,0.102878645204956,0.0859883723374303,0.082146325263473,0.383198065096321,0.645632977461701,0.674164986884509,0.5705,0.42,0.398,1,0.84,0.796,1,1,1
"asv","Dendroctonus valens","ASV_11600","Ophiostoma","undulatum",TRUE,14,4,2,0.125,0.0714519024218003,0.0956544448694943,0.105154047612042,1.00495943611611,0.485493072769974,0.363832394176451,0.3245,0.5,0.607,0.649,1,1,1,1,1
"asv","Dendroctonus valens","ASV_23023","Sporothrix",NA,TRUE,14,4,2,0.125,0.14197729116659,0.0385825265573972,0.0521253273695683,-0.259949751673347,2.08164078584133,1.70864014922748,0.7695,0.101,0.178,1,0.202,0.356,1,1,1
"asv","Dendroctonus valens","ASV_7819","Hawksworthiomyces",NA,TRUE,14,5,2,0.117647058823529,0.0891225841679016,0.0640256402711173,0.0669491199848301,0.549231837480299,1.01683471591647,1.00512142525456,0.509,0.306,0.3275,1,0.612,0.655,1,1,1
"asv","Dendroctonus valens","ASV_8974","Ophiostoma","karelicum",TRUE,14,3,1,0.0625,0.0403951975987994,0.0497189070725842,0.0420314323828582,0.739553837531811,0.264778540306308,0.469496814063632,0.6465,0.6065,0.548,1,1,1,1,1,1
"asv","Dendroctonus valens","ASV_9224","Ophiostoma","sparsiannulatum",TRUE,14,3,1,0.0625,0.0202288644322161,0.0504627313656831,0.0640674503918633,1.44519866046457,0.282693572667248,-0.0354007877321534,0.324,0.663,0.778,0.648,1,1,1,1,1
"asv","Dendroctonus valens","ASV_5724","Graphilbum",NA,TRUE,14,4,1,0.0588235294117647,0.0190389312303212,0.0830788293306328,0.116599476208692,1.44519866046452,-0.422749209992396,-0.871437467685084,0.324,0.842,0.9245,0.648,1,0.745,1,1,1
"asv","Dendroctonus valens","ASV_22166","Grosmannia","cucullata",TRUE,14,4,1,0.0588235294117647,0.0296913162463592,0.0965143285928685,0.105730176012376,0.99029220161271,-0.608083761507881,-0.708114289383848,0.505,0.875,0.895,1,0.999,0.898,1,1,1
"asv","Dendroctonus valens","ASV_25723","Ceratocystiopsis","manitobensis",TRUE,14,4,1,0.0588235294117647,0.0835660477297482,0.0753111850042679,0.0826530912515092,-0.446173921839947,-0.290431428023665,-0.455336560054984,0.8425,0.7895,0.8565,1,1,1,1,1,1
"asv","Dendroctonus valens","ASV_4044","Graphilbum",NA,TRUE,14,6,1,0.0526315789473684,0.0829202010706093,0.0388457042418705,0.0544365750126537,-0.756833990372868,0.336794082812717,-0.0485641389289704,0.945,0.5615,0.7815,0.983,1,1,1,1,1
"asv","Dendroctonus valens","ASV_22950","Sporothrix",NA,TRUE,14,6,1,0.0526315789473684,0.026565914536216,0.101737487250679,0.113504808819961,0.990292201612712,-0.782668835501857,-1.16508387201429,0.505,0.9105,1,1,0.809,0.611,1,1,1
"asv","Dendroctonus valens","ASV_13560","Hawksworthiomyces",NA,TRUE,14,7,1,0.05,0.0253376688344168,0.0550295529601744,0.0604995480196236,0.986336443031297,-0.104469324770486,-0.234021741018945,0.507,0.703,0.78,1,1,1,1,1,1
"asv","Dendroctonus valens","ASV_27488","Ceratocystiopsis","synnemata",TRUE,14,4,0,0,0,0.074725177714909,0.105253782353362,NA,-1.26231341484229,-1.6110874560496,1,1,1,1,0.469,0.205,1,1,1
"asv","Heteroborips seriatus","ASV_660","Grosmannia","francke-grosmanniae",TRUE,21,13,13,0.619047619047619,0.278429395196374,0.241906285618488,0.363720076242206,4.951173810549,5.96731697673755,3.72109388113423,5e-04,5e-04,0.0025,0.001,0.001,0.005,0.10725,0.2145,0.858
"asv","Heteroborips seriatus","ASV_1122","Raffaelea","arxii",TRUE,21,8,8,0.380952380952381,0.188028233102076,0.170089915352984,0.244724149671294,3.23371476243348,3.6711209633954,2.63133930222338,0.008,0.003,0.0265,0.016,0.006,0.053,0.277588235294118,0.367714285714286,1
"asv","Heteroborips seriatus","ASV_3603","Sporothrix","eucastaneae",TRUE,21,10,7,0.291666666666667,0.14379659620098,0.183427161551095,0.226126082984513,2.95759529598781,1.79159931300669,1.70853912601565,0.009,0.0895,0.1485,0.018,0.179,0.297,0.277588235294118,1,1
"asv","Heteroborips seriatus","ASV_21569","Sporothrix",NA,TRUE,21,7,6,0.272727272727273,0.114126761927183,0.139813458523682,0.220008673638528,2.97393538979365,2.28295763660073,1.04117702624204,0.0115,0.0395,0.302,0.023,0.079,0.604,0.281914285714286,0.937026315789474,1
"asv","Heteroborips seriatus","ASV_6117","Leptographium","gracile",TRUE,21,13,7,0.259259259259259,0.174608047299139,0.156857666631371,0.203488347141165,1.69795817031598,1.78953706484044,0.970728999518907,0.102,0.0855,0.2725,0.204,0.171,0.545,0.781392857142857,1,1
"asv","Heteroborips seriatus","ASV_3556","Sporothrix","rossii",TRUE,21,9,6,0.25,0.163925015689876,0.148161496039707,0.202135255662015,1.55902452575189,1.95442780902827,1.23169938379192,0.129,0.072,0.3065,0.258,0.144,0.613,0.8679,1,1
"asv","Heteroborips seriatus","ASV_1646","Raffaelea","arxii",TRUE,21,5,5,0.238095238095238,0.10907390736588,0.123010050103163,0.165845556883468,2.62724157434807,2.41747485749732,1.69725726115712,0.022,0.0345,0.152,0.044,0.069,0.304,0.460390243902439,0.870617647058824,1
"asv","Heteroborips seriatus","ASV_8274","Sporothrix","rossii",TRUE,21,12,6,0.222222222222222,0.113921333945482,0.161134195649628,0.195989287506126,2.77589397913282,1.06863940622198,0.512207210989569,0.011,0.2345,0.469,0.022,0.469,0.938,0.277588235294118,1,1
"asv","Heteroborips seriatus","ASV_5162","Sporothrix",NA,TRUE,21,7,5,0.217391304347826,0.130106878039539,0.15932306062719,0.151193534336845,1.98700576039352,1.0687728666343,1.7088173418095,0.0765,0.259,0.1445,0.153,0.518,0.289,0.697666666666667,1,1
"asv","Heteroborips seriatus","ASV_15258","Ophiostoma","pallidulum",TRUE,21,7,5,0.217391304347826,0.0873521921371938,0.13792830764447,0.136461820653916,3.01320476604278,1.63826854634672,2.0874307638594,0.0095,0.1195,0.081,0.019,0.239,0.162,0.277588235294118,1,1
"asv","Heteroborips seriatus","ASV_11600","Ophiostoma","undulatum",TRUE,21,4,4,0.19047619047619,0.0728955080777725,0.0989681152452732,0.154722853615779,2.65559481610652,2.06907420976392,1.02258388227876,0.0245,0.073,0.4405,0.049,0.146,0.881,0.467133333333333,1,1
"asv","Heteroborips seriatus","ASV_22166","Grosmannia","cucullata",TRUE,21,4,4,0.19047619047619,0.0967858882386777,0.0975564480904087,0.136970058999007,2.18004026875326,2.04032240189059,1.28688441165069,0.054,0.082,0.2855,0.108,0.164,0.571,0.631905405405405,1,1
"asv","Heteroborips seriatus","ASV_7106","Ophiostoma","denticiliatum",TRUE,21,5,4,0.181818181818182,0.0787003778569132,0.128514156381787,0.115007767388307,2.39988699390078,1.22965557124965,2.05819532915821,0.041,0.247,0.112,0.082,0.494,0.224,0.558380952380952,1,1
"asv","Heteroborips seriatus","ASV_13249","Ophiostoma","denticulatum",TRUE,21,6,4,0.173913043478261,0.0901246625136837,0.106705900728674,0.127206137273562,1.85556103174246,1.40899723525377,1.06176998099199,0.096,0.182,0.303,0.192,0.364,0.606,0.780702702702703,1,1
"asv","Heteroborips seriatus","ASV_11554","Raffaelea","crossotarsi",TRUE,21,3,3,0.142857142857143,0.0825565238858845,0.0678377020243604,0.0924310263545097,1.70321441109753,1.89162397750936,1.25441752000905,0.15,0.108,0.297,0.3,0.216,0.594,0.93941605839416,1,1
"asv","Heteroborips seriatus","ASV_4337","Ophiostoma","undulatum",TRUE,21,4,3,0.136363636363636,0.121478182155258,0.0705614665040024,0.103590332715762,0.347217740454684,1.74457603310515,1.01879157601053,0.5895,0.1415,0.4415,1,0.283,0.883,1,1,1
"asv","Heteroborips seriatus","ASV_8131","Graphilbum",NA,TRUE,21,6,3,0.125,0.0753464190289125,0.0923665823486396,0.111847922288904,1.26208084963941,0.709910473317112,0.303631320735579,0.2325,0.3965,0.592,0.465,0.793,1,1,1,1
"asv","Heteroborips seriatus","ASV_22950","Sporothrix",NA,TRUE,21,6,3,0.125,0.0955612254287693,0.0890266629210025,0.110556582639147,0.816718061511076,0.880143852658599,0.467559578657892,0.393,0.353,0.558,0.786,0.706,1,1,1,1
"asv","Heteroborips seriatus","ASV_7618","Leptographium","lundbergii",TRUE,21,7,3,0.12,0.0855117029591228,0.107673601110319,0.107762792581723,0.798196137733105,0.267808833553161,0.293590323341262,0.372,0.5735,0.5645,0.744,1,1,1,1,1
"asv","Heteroborips seriatus","ASV_8895","Ceratocystiopsis","manitobensis",TRUE,21,13,3,0.0967741935483871,0.0980970618056324,0.0922344486254842,0.0981584442151967,-0.0346597279916536,0.109251308259208,-0.0370094671431794,0.69,0.604,0.701,1,1,1,1,1,1
"asv","Heteroborips seriatus","ASV_9224","Ophiostoma","sparsiannulatum",TRUE,21,3,2,0.0909090909090909,0.051634512908628,0.0691119133818744,0.0442909201636386,1.22569568391169,0.564690824329783,1.55528060975581,0.336,0.5145,0.217,0.672,1,0.434,1,1,1
"asv","Heteroborips seriatus","ASV_16537","Graphilbum",NA,TRUE,21,3,2,0.0909090909090909,0.0454199431731672,0.0522889903449746,0.0599825604501857,1.27861326209035,1.27458778181785,1.00242474563338,0.25,0.32,0.4505,0.5,0.64,0.901,1,1,1
"asv","Heteroborips seriatus","ASV_17726",NA,NA,TRUE,21,3,2,0.0909090909090909,0.0299378938481096,0.0796033250956366,0.0599825604501857,1.9901173776665,0.308054655635785,1.00242474563338,0.124,0.641,0.4505,0.248,1,0.901,0.858,1,1
"asv","Heteroborips seriatus","ASV_28495","Raffaelea","subfusca",TRUE,21,3,2,0.0909090909090909,0.0450857839987184,0.0700604395930318,0.0919621301333899,1.42019042833643,0.526718794750148,-0.0317686161373291,0.2585,0.5155,0.7785,0.517,1,1,1,1,1
"asv","Heteroborips seriatus","ASV_5724","Graphilbum",NA,TRUE,21,4,2,0.0869565217391304,0.0569070767267691,0.0923971890895551,0.0568971079742768,1.08411285275894,-0.118824639473994,1.01822970270227,0.4155,0.7295,0.4415,0.831,1,0.883,1,1,1
"asv","Heteroborips seriatus","ASV_6746","Graphilbum",NA,TRUE,21,4,2,0.0869565217391304,0.02794060073515,0.0863520175295611,0.0729242256174191,2.05438203884521,0.0134271330059573,0.371707159883555,0.1125,0.6665,0.585,0.225,1,1,0.804375,1,1
"asv","Heteroborips seriatus","ASV_7886","Grosmannia",NA,TRUE,21,4,2,0.0869565217391304,0.065566874346264,0.0706523857637452,0.0878339367312091,0.579345940390689,0.40074869843059,-0.0279881530004927,0.499,0.5415,0.781,0.998,1,1,1,1,1
"asv","Heteroborips seriatus","ASV_25723","Ceratocystiopsis","manitobensis",TRUE,21,4,2,0.0869565217391304,0.0501850892508181,0.0720793532471102,0.0881593629489294,1.01314721617424,0.390052219660375,-0.0379898305486958,0.3235,0.5715,0.78,0.647,1,1,1,1,1
"asv","Heteroborips seriatus","ASV_7819","Hawksworthiomyces",NA,TRUE,21,5,2,0.0833333333333333,0.108384989596248,0.0568552392138106,0.0411188927797236,-0.634386155428632,0.727123993406672,1.51509825959445,0.8925,0.432,0.228,0.991,0.864,0.456,1,1,1
"asv","Heteroborips seriatus","ASV_9363","Sporothrix",NA,TRUE,21,5,2,0.0833333333333333,0.0627795781948952,0.083760510972596,0.084527481131871,0.575238419167039,-0.00972685158552899,-0.0391655719717083,0.507,0.6785,0.777,1,1,1,1,1,1
"asv","Heteroborips seriatus","ASV_6045","Sporothrix",NA,TRUE,21,7,2,0.0769230769230769,0.106332171412103,0.0296943343466611,0.0256281987147424,-0.759210400740224,1.79651664546122,2.00200407161495,0.9155,0.1545,0.119,0.866,0.309,0.238,1,1,1
"asv","Heteroborips seriatus","ASV_13560","Hawksworthiomyces",NA,TRUE,21,7,2,0.0769230769230769,0.11302163902464,0.0508468764296689,0.050852890832882,-1.19651472136626,0.672516258757624,0.802224097788655,1,0.4085,0.406,0.665,0.817,0.812,1,1,1
"asv","Heteroborips seriatus","ASV_8974","Ophiostoma","karelicum",TRUE,21,3,1,0.0434782608695652,0.0360180090045013,0.0450739203593888,0.0286665071666262,0.454996691477594,-0.0497509239821662,0.71863306512785,0.8285,0.7585,0.6595,1,1,1,1,1,1
"asv","Heteroborips seriatus","ASV_27488","Ceratocystiopsis","synnemata",TRUE,21,4,1,0.0416666666666667,0.0277430381857591,0.0746345198761614,0.105610729324758,0.70825646649109,-0.757181092607395,-1.43401952194251,0.666,0.9025,0.9795,1,0.841,0.342,1,1,1
"asv","Heteroborips seriatus","ASV_15268","Grosmannia","olivacea",TRUE,21,5,1,0.04,0.0482064945516241,0.0768127334888984,0.0549858262464568,-0.231306307766687,-0.822687486988033,-0.529696954491198,0.775,0.914,0.8875,1,0.773,1,1,1,1
"asv","Heteroborips seriatus","ASV_4044","Graphilbum",NA,TRUE,21,6,1,0.0384615384615385,0.0384453765344208,0.0363833839996921,0.0389479355062144,0.000645111569770459,0.0687484731299083,-0.0181963487570342,0.796,0.6935,0.7745,1,1,1,1,1,1
"asv","Heteroborips seriatus","ASV_6959","Ophiostoma","adjuncti",TRUE,21,7,1,0.037037037037037,0.0509422802569388,0.0689009585927622,0.0646034128175214,-0.443450391972185,-0.817200626441112,-0.827279910091583,0.8635,0.921,0.928,1,0.787,0.826,1,1,1
"asv","Heteroborips seriatus","ASV_15738","Graphilbum",NA,TRUE,21,7,1,0.037037037037037,0.0510963173894651,0.0927700763549122,0.092396625663259,-0.426619928977472,-1.30416292913842,-1.59781837780326,0.846,0.979,1,1,0.395,0.283,1,1,1
"asv","Heteroborips seriatus","ASV_23023","Sporothrix",NA,TRUE,21,4,0,0,0.0341801335450332,0.0108804402201101,0.0135484408871103,-1.14780587442551,-0.594341900601197,-0.69397216017264,1,1,1,0.708,1,1,1,1,1
"asv","Xyloterinus politus","ASV_660","Grosmannia","francke-grosmanniae",TRUE,22,13,9,0.346153846153846,0.125623071184886,0.371531504358202,0.383436768241664,4.25424766626259,-0.401333996532645,-0.851306095549982,0.001,0.7865,0.938,0.002,1,0.825,0.10725,1,1
"asv","Xyloterinus politus","ASV_3556","Sporothrix","rossii",TRUE,22,9,7,0.291666666666667,0.0908353055873365,0.219322553014399,0.256955144238793,4.11763682461878,1.76365110604658,1.43046564357251,0.0025,0.1295,0.3285,0.005,0.259,0.657,0.153214285714286,1,1
"asv","Xyloterinus politus","ASV_3603","Sporothrix","eucastaneae",TRUE,22,10,7,0.28,0.122819384342246,0.273966008632466,0.298142404535591,2.96808674768162,0.106334882782448,-0.717832973150477,0.01,0.614,1,0.02,1,1,0.277588235294118,1,1
"asv","Xyloterinus politus","ASV_5162","Sporothrix",NA,TRUE,22,7,6,0.260869565217391,0.0827386844667224,0.244764506759305,0.28072385995369,3.76087340140089,0.363227564208484,-0.526885802588954,0.001,0.5855,0.883,0.002,1,1,0.10725,1,1
"asv","Xyloterinus politus","ASV_15258","Ophiostoma","pallidulum",TRUE,22,7,6,0.260869565217391,0.090400220283205,0.209084977271244,0.242551529387878,3.50745145486596,1.4665659261116,0.731479638887458,0.0035,0.2425,0.6515,0.007,0.485,1,0.1876875,1,1
"asv","Xyloterinus politus","ASV_1122","Raffaelea","arxii",TRUE,22,8,6,0.25,0.0881022623643952,0.255209932421361,0.26791656697914,3.30853619437695,-0.102440488907747,-0.701102721606751,0.007,0.711,1,0.014,1,1,0.277588235294118,1,1
"asv","Xyloterinus politus","ASV_6117","Leptographium","gracile",TRUE,22,13,7,0.25,0.136891070245799,0.188013434669958,0.206987485214612,2.27982253509318,1.36063158183361,1.07595775986592,0.044,0.179,0.2905,0.088,0.358,0.581,0.572,1,1
"asv","Xyloterinus politus","ASV_7106","Ophiostoma","denticiliatum",TRUE,22,5,5,0.227272727272727,0.0751015717649033,0.205144074013292,0.20941498417193,3.35412043196398,0.841541774255619,0.709052811307224,0.0065,0.5855,0.6655,0.013,1,1,0.277588235294118,1,1
"asv","Xyloterinus politus","ASV_8274","Sporothrix","rossii",TRUE,22,12,6,0.214285714285714,0.153924992836953,0.180932590112819,0.199502962574153,1.16293888552906,0.873279071653528,0.521559079831521,0.215,0.373,0.5365,0.43,0.746,1,1,1,1
"asv","Xyloterinus politus","ASV_21569","Sporothrix",NA,TRUE,22,7,5,0.208333333333333,0.0897872032404513,0.174734152967729,0.192302818075704,2.46857790531144,0.745778623376569,0.704279228829752,0.031,0.419,0.6685,0.062,0.838,1,0.488172413793103,1,1
"asv","Xyloterinus politus","ASV_11600","Ophiostoma","undulatum",TRUE,22,4,4,0.181818181818182,0.0562715745224396,0.146305201349028,0.147296968642424,3.06643881795148,1.08213654661564,1.4304656435728,0.011,0.4105,0.3285,0.022,0.821,0.657,0.277588235294118,1,1
"asv","Xyloterinus politus","ASV_1646","Raffaelea","arxii",TRUE,22,5,4,0.173913043478261,0.0677575463012739,0.186877035355622,0.192064411652464,2.48304000592954,-0.364488213445965,-0.717832973150811,0.0325,0.852,1,0.065,1,1,0.488172413793103,1,1
"asv","Xyloterinus politus","ASV_13249","Ophiostoma","denticulatum",TRUE,22,6,4,0.166666666666667,0.0797343760447059,0.148420085181944,0.183541045885261,2.05983972298921,0.487736023521004,-0.705869233330645,0.0685,0.5575,1,0.137,1,1,0.691447058823529,1,1
"asv","Xyloterinus politus","ASV_17726",NA,NA,TRUE,22,3,3,0.136363636363636,0.0426243259969906,0.123140621694242,0.119136643420521,2.63222983250749,0.60436276232569,0.731479638887423,0.033,0.7325,0.6515,0.066,1,1,0.488172413793103,1,1
"asv","Xyloterinus politus","ASV_5724","Graphilbum",NA,TRUE,22,4,3,0.130434782608696,0.062320679443807,0.12722848248894,0.14823518478607,1.78951100702477,0.0872869982180811,-0.526885802589029,0.1225,0.722,0.883,0.245,1,1,0.854512195121951,1,1
"asv","Xyloterinus politus","ASV_6746","Graphilbum",NA,TRUE,22,4,3,0.130434782608696,0.0480722904271641,0.120941234780764,0.0990987918201534,2.1003814479863,0.244866171830622,0.823660014386462,0.072,0.64,0.3945,0.144,1,0.789,0.697666666666667,1,1
"asv","Xyloterinus politus","ASV_22166","Grosmannia","cucullata",TRUE,22,4,3,0.130434782608696,0.0486259532928525,0.146048155830221,0.164930291232575,2.13127150627849,-0.476898538387843,-1.42884433740565,0.074,0.8895,1,0.148,1,0.658,0.697666666666667,1,1
"asv","Xyloterinus politus","ASV_25723","Ceratocystiopsis","manitobensis",TRUE,22,4,3,0.130434782608696,0.0663383404482223,0.101503795375949,0.0987903371975853,1.54072544554954,1.00780823008921,1.43046564357274,0.158,0.456,0.3285,0.316,0.912,0.657,0.95238,1,1
"asv","Xyloterinus politus","ASV_8131","Graphilbum",NA,TRUE,22,6,3,0.12,0.0907086591728915,0.0878613095721651,0.120000000000003,0.681969562332396,1.23429217128009,NA,0.4095,0.3455,1,0.819,0.691,1,1,1,1
"asv","Xyloterinus politus","ASV_22950","Sporothrix",NA,TRUE,22,6,3,0.12,0.0462568036154839,0.127648183065892,0.120000000000003,2.06002483434387,-0.263531641686699,NA,0.0785,0.8595,1,0.157,1,1,0.697666666666667,1,1
"asv","Xyloterinus politus","ASV_7618","Leptographium","lundbergii",TRUE,22,7,3,0.115384615384615,0.101027372793473,0.128721369231623,0.129266941162887,0.302149468775125,-0.460595560560429,-0.671923092535008,0.542,0.8815,1,1,1,1,1,1,1
"asv","Xyloterinus politus","ASV_15738","Graphilbum",NA,TRUE,22,7,3,0.115384615384615,0.106036698477483,0.105237804087228,0.115384615384614,0.20063974277888,0.57046817363266,NA,0.5765,0.7545,1,1,1,1,1,1,1
"asv","Xyloterinus politus","ASV_8895","Ceratocystiopsis","manitobensis",TRUE,22,13,3,0.09375,0.125007905466727,0.0877161697331331,0.0827417771691324,-0.657490018319862,0.224913504160415,0.488790433578624,0.8445,0.6425,0.552,0.788,1,1,1,1,1
"asv","Xyloterinus politus","ASV_9224","Ophiostoma","sparsiannulatum",TRUE,22,3,2,0.0869565217391304,0.0499969187492298,0.079434644858659,0.0717994866998703,1.03404216872613,0.446162008767661,0.709052811307369,0.33,0.834,0.6655,0.66,1,1,1,1,1
"asv","Xyloterinus politus","ASV_16537","Graphilbum",NA,TRUE,22,3,2,0.0869565217391304,0.0434757892780384,0.079072144768034,0.0869565217391276,1.27860454527018,0.458994445767821,NA,0.25,0.826,1,0.5,1,1,1,1,1
"asv","Xyloterinus politus","ASV_28495","Raffaelea","subfusca",TRUE,22,3,2,0.0869565217391304,0.0560742327685582,0.0796158949039714,0.0869565217391276,0.835093463427096,0.439699978417901,NA,0.3895,0.838,1,0.779,1,1,1,1,1
"asv","Xyloterinus politus","ASV_4337","Ophiostoma","undulatum",TRUE,22,4,2,0.0833333333333333,0.0421405630351411,0.101321892830474,0.114954216238554,1.1640085729879,-0.634234591868754,-1.42884433740563,0.279,0.9285,1,0.558,1,0.658,1,1,1
"asv","Xyloterinus politus","ASV_7886","Grosmannia",NA,TRUE,22,4,2,0.0833333333333333,0.0558168214542061,0.0962823440705868,0.0990023997506009,0.793190870375406,-0.457978961801365,-0.705869233330713,0.401,0.909,1,0.802,1,1,1,1,1
"asv","Xyloterinus politus","ASV_27488","Ceratocystiopsis","synnemata",TRUE,22,4,2,0.0833333333333333,0.0367583791895949,0.0988803558564535,0.115245534493203,1.65543367736368,-0.38194034291028,-1.01087961660845,0.1865,0.8245,1,0.373,1,0.866,1,1,1
"asv","Xyloterinus politus","ASV_7819","Hawksworthiomyces",NA,TRUE,22,5,2,0.08,0.0532157466693202,0.0747391003193906,0.0800000000000013,0.686692651012084,0.162870449172705,NA,0.404,0.6775,1,0.808,1,1,1,1,1
"asv","Xyloterinus politus","ASV_9363","Sporothrix",NA,TRUE,22,5,2,0.08,0.0535013660676481,0.0915932966483256,0.0955777888944493,0.802407006422601,-0.426662868455932,-0.727455779010612,0.408,0.9025,1,0.816,1,1,1,1,1
"asv","Xyloterinus politus","ASV_15268","Grosmannia","olivacea",TRUE,22,5,2,0.08,0.0611523266954232,0.0946842568441423,0.110120060030016,0.434031331144161,-0.374115987633304,-1.42238993939303,0.476,0.8205,1,0.952,1,0.662,1,1,1
"asv","Xyloterinus politus","ASV_8974","Ophiostoma","karelicum",TRUE,22,3,1,0.0416666666666667,0.0427935476302052,0.0619639529909882,0.0566877641719411,-0.0323315240263513,-0.787991172959526,-0.511349515604551,0.713,0.957,0.8875,1,1,1,1,1,1
"asv","Xyloterinus politus","ASV_11554","Raffaelea","crossotarsi",TRUE,22,3,1,0.0416666666666667,0.0349071109995048,0.088504397126097,0.0883776868671466,0.223497980655619,-1.40366585614861,-1.51002948609432,0.663,0.9855,1,1,0.434,0.415,1,1,1
"asv","Xyloterinus politus","ASV_4044","Graphilbum",NA,TRUE,22,6,1,0.037037037037037,0.0698865102066716,0.0202323383914182,0.0121542252607786,-0.880758970332511,0.911136970929922,1.4304656435728,0.9325,0.5465,0.3285,0.744,1,0.657,1,1,1
"asv","Xyloterinus politus","ASV_6959","Ophiostoma","adjuncti",TRUE,22,7,1,0.0357142857142857,0.0870477373403835,0.0489239328659052,0.048475295848984,-1.20956418573991,-0.606696415718717,-0.705869233330755,0.954,0.9465,1,0.433,1,1,1,1,1
"asv","Xyloterinus politus","ASV_6045","Sporothrix",NA,TRUE,22,7,0,0,0.0624460632839833,0.0143285928678624,0,-1.59230301402191,-0.81833561724751,NA,1,1,1,0.217,1,1,0.793109243697479,1,1
"asv","Xyloterinus politus","ASV_13560","Hawksworthiomyces",NA,TRUE,22,7,0,0,0.0532959296090873,0.0341321454377983,0.0239762738512109,-1.65661817855588,-1.31187003834392,-1.42884433740558,1,1,1,0.274,0.56,0.658,0.883804511278195,1,1
"asv","Xyloterinus politus","ASV_23023","Sporothrix",NA,TRUE,22,4,0,0,0.0555154520606819,0,0,-1.46351534377794,NA,NA,1,1,1,0.322,1,1,0.95238,1,1
"asv","Hylesinus aculeatus","ASV_3603","Sporothrix","eucastaneae",TRUE,6,10,5,0.454545454545455,0.123731329534229,0.157249520531161,0.33878127875127,4.18048549753542,3.51519381052753,1.49506849911485,0.0045,0.0055,0.243,0.009,0.011,0.486,0.227117647058824,0.524333333333333,1
"asv","Hylesinus aculeatus","ASV_7106","Ophiostoma","denticiliatum",TRUE,6,5,3,0.375,0.0884608971152231,0.190966117979629,0.323029570340724,3.54125501368231,1.63825565373872,0.717832973150929,0.0165,0.161,0.66,0.033,0.322,1,0.372552631578947,1,1
"asv","Hylesinus aculeatus","ASV_660","Grosmannia","francke-grosmanniae",TRUE,6,13,5,0.357142857142857,0.119557275136169,0.180815181795452,0.21649248994245,3.94673223607752,2.24272606188426,2.15118989727791,0.0025,0.0575,0.0755,0.005,0.115,0.151,0.153214285714286,1,1
"asv","Hylesinus aculeatus","ASV_15258","Ophiostoma","pallidulum",TRUE,6,7,3,0.3,0.0889270392772156,0.165534155966875,0.303836261565127,2.94256600541234,1.39126872114551,-0.0438928030102345,0.028,0.207,0.7715,0.056,0.414,1,0.48048,1,1
"asv","Hylesinus aculeatus","ASV_16537","Graphilbum",NA,TRUE,6,3,2,0.285714285714286,0.0666047309368972,0.0901522189666261,0.177338669334666,2.70582361576455,2.23961440539751,1.43861901630984,0.0585,0.098,0.326,0.117,0.196,0.652,0.658821428571429,1,1
"asv","Hylesinus aculeatus","ASV_17726",NA,NA,TRUE,6,3,2,0.285714285714286,0.0430572429071679,0.138479954262845,0.177338669334666,3.4235382150848,1.3087061284075,1.43861901630984,0.033,0.2425,0.326,0.066,0.485,0.652,0.488172413793103,1,1
"asv","Hylesinus aculeatus","ASV_3556","Sporothrix","rossii",TRUE,6,9,3,0.25,0.0851827012407322,0.147436522123867,0.187420633393618,2.48464165772051,1.20439632652465,1.36490455106073,0.0505,0.2295,0.3495,0.101,0.459,0.699,0.618985714285714,1,1
"asv","Hylesinus aculeatus","ASV_22166","Grosmannia","cucullata",TRUE,6,4,2,0.25,0.0773720193430061,0.13321740235197,0.156342059918846,2.3508401463188,1.09043002583511,1.43861901630985,0.0805,0.2855,0.326,0.161,0.571,0.652,0.697666666666667,1,1
"asv","Hylesinus aculeatus","ASV_25723","Ceratocystiopsis","manitobensis",TRUE,6,4,2,0.25,0.0593550743625789,0.0893502306708922,0.25,2.370436379648,1.90599275324978,NA,0.0865,0.1285,1,0.173,0.257,1,0.734821782178218,1,1
"asv","Hylesinus aculeatus","ASV_1646","Raffaelea","arxii",TRUE,6,5,2,0.222222222222222,0.0687677171919281,0.157499980148806,0.273275526652216,2.34850667841109,0.600612983738349,-0.708256466491071,0.0785,0.447,1,0.157,0.894,1,0.697666666666667,1,1
"asv","Hylesinus aculeatus","ASV_8131","Graphilbum",NA,TRUE,6,6,2,0.2,0.0831688571558515,0.0733154456015897,0.164260918337952,1.57468002558345,1.83779022545233,0.470849347935326,0.1825,0.136,0.554,0.365,0.272,1,1,1,1
"asv","Hylesinus aculeatus","ASV_13249","Ophiostoma","denticulatum",TRUE,6,6,2,0.2,0.0789212788212297,0.117141904285476,0.203541164521648,1.7906644462092,0.919867431681797,-0.0438928030101395,0.1665,0.3345,0.7715,0.333,0.669,1,0.95238,1,1
"asv","Hylesinus aculeatus","ASV_5162","Sporothrix",NA,TRUE,6,7,2,0.181818181818182,0.057574241666287,0.171851835008416,0.148316582533694,2.300126268302,0.0996138574192813,0.71783297315085,0.0805,0.637,0.66,0.161,1,1,0.697666666666667,1,1
"asv","Hylesinus aculeatus","ASV_7618","Leptographium","lundbergii",TRUE,6,7,2,0.181818181818182,0.0939143814331424,0.0987435637010443,0.187158730880595,1.17705495127953,1.07516169050529,-0.0733436957187305,0.2685,0.2895,0.78,0.537,0.579,1,1,1,1
"asv","Hylesinus aculeatus","ASV_15738","Graphilbum",NA,TRUE,6,7,2,0.181818181818182,0.0954318068124989,0.0903868600967165,0.222020100959576,1.11479116501721,1.33276392220562,-0.717832973150988,0.2895,0.25,1,0.579,0.5,1,1,1,1
"asv","Hylesinus aculeatus","ASV_1122","Raffaelea","arxii",TRUE,6,8,2,0.166666666666667,0.052564743910418,0.166873957569305,0.202108630072613,2.30574115848334,-0.00213020884111046,-0.708256466491093,0.0785,0.6615,1,0.157,1,1,0.697666666666667,1,1
"asv","Hylesinus aculeatus","ASV_8274","Sporothrix","rossii",TRUE,6,12,2,0.125,0.0827178295029882,0.100920208003162,0.152129846435821,0.927860999814517,0.373230407405862,-0.445751283856173,0.3815,0.519,0.849,0.763,1,1,1,1,1
"asv","Hylesinus aculeatus","ASV_6117","Leptographium","gracile",TRUE,6,13,2,0.117647058823529,0.0871311881430917,0.0882736711493006,0.056974565714231,0.577633559181864,0.479147215821673,1.56350682188099,0.4925,0.463,0.2175,0.985,0.926,0.435,1,1,1
"asv","Hylesinus aculeatus","ASV_6746","Graphilbum",NA,TRUE,6,4,1,0.111111111111111,0.0348507587126901,0.100383525095882,0.111111111111114,1.3033168578288,0.108752719669212,NA,0.2865,0.6435,1,0.573,1,1,1,1,1
"asv","Hylesinus aculeatus","ASV_7886","Grosmannia",NA,TRUE,6,4,1,0.111111111111111,0.055527763881942,0.0868489800455796,0.0361847590461903,1.00025009378907,0.27949890556159,1.43861901630977,0.5,0.608,0.326,1,1,0.652,1,1,1
"asv","Hylesinus aculeatus","ASV_27488","Ceratocystiopsis","synnemata",TRUE,6,4,1,0.111111111111111,0.0546940136735045,0.0692925827993371,0.0795536657217509,1.01537581958756,0.522686396382869,0.400348032012584,0.4925,0.504,0.583,0.985,1,1,1,1,1
"asv","Hylesinus aculeatus","ASV_7819","Hawksworthiomyces",NA,TRUE,6,5,1,0.1,0.0164582291145574,0.0529070090600851,0.0999999999999965,2.25243170338027,0.705088433356659,NA,0.165,0.4465,1,0.33,0.893,1,0.95238,1,1
"asv","Hylesinus aculeatus","ASV_9363","Sporothrix",NA,TRUE,6,5,1,0.1,0.0485742871435712,0.0790200655883488,0.0999999999999965,1.02867524160919,0.267190976310432,NA,0.486,0.6085,1,0.972,1,1,1,1,1
"asv","Hylesinus aculeatus","ASV_22950","Sporothrix",NA,TRUE,6,6,1,0.0909090909090909,0.0155077538769384,0.108158624766929,0.0605302651325675,2.20448129653711,-0.20832232401544,0.708256466491042,0.171,0.7845,0.666,0.342,1,1,0.958941176470588,1,1
"asv","Hylesinus aculeatus","ASV_6959","Ophiostoma","adjuncti",TRUE,6,7,1,0.0833333333333333,0.0749192778207288,0.0362832931617324,0.0833333333333341,0.120914144906263,0.977369069516321,NA,0.6535,0.3955,1,1,0.791,1,1,1,1
"asv","Hylesinus aculeatus","ASV_8895","Ceratocystiopsis","manitobensis",TRUE,6,13,1,0.0555555555555556,0.0686317423417602,0.0486226773517487,0.0763044921153393,-0.262204173627801,0.156011254702448,-0.708256466491088,0.7905,0.658,1,1,1,1,1,1,1
"asv","Hylesinus aculeatus","ASV_4044","Graphilbum",NA,TRUE,6,6,0,0,0.0650961844558654,0.00786757014871075,0,-1.04411416581991,-0.307725871174171,NA,1,1,1,0.811,1,1,1,1,1
"asv","Hylesinus aculeatus","ASV_4337","Ophiostoma","undulatum",TRUE,6,4,0,0,0,0.084994878391578,0.0371296759490862,NA,-1.01095646819803,-0.708256466491085,1,1,1,1,0.793,1,1,1,1
"asv","Hylesinus aculeatus","ASV_5724","Graphilbum",NA,TRUE,6,4,0,0,0,0.0985472895177759,0.0371296759490862,NA,-1.05107971751329,-0.708256466491085,1,1,1,1,0.709,1,1,1,1
"asv","Hylesinus aculeatus","ASV_6045","Sporothrix",NA,TRUE,6,7,0,0,0.0432223687601375,0.00658662664665667,0,-0.815369203677753,-0.292882210789935,NA,1,1,1,1,1,1,1,1,1
"asv","Hylesinus aculeatus","ASV_8974","Ophiostoma","karelicum",TRUE,6,3,0,0,0,0.0523744014864576,0,NA,-0.730629191737998,NA,1,1,1,1,1,1,1,1,1
"asv","Hylesinus aculeatus","ASV_9224","Ophiostoma","sparsiannulatum",TRUE,6,3,0,0,0.0608429214607304,0.0852390480954763,0.0417708854427214,-0.973585471942602,-0.983948169451026,-0.70825646649106,1,1,1,1,0.867,1,1,1,1
"asv","Hylesinus aculeatus","ASV_11554","Raffaelea","crossotarsi",TRUE,6,3,0,0,0,0.0651754448652899,0.0417708854427214,NA,-0.798698092247397,-0.70825646649106,1,1,1,1,1,1,1,1,1
"asv","Hylesinus aculeatus","ASV_11600","Ophiostoma","undulatum",TRUE,6,4,0,0,0.0159524206547718,0.129858580083694,0.0371296759490862,-0.409336444616681,-1.19189374605058,-0.708256466491085,1,1,1,1,0.498,1,1,1,1
"asv","Hylesinus aculeatus","ASV_13560","Hawksworthiomyces",NA,TRUE,6,7,0,0,0.0301779677717649,0.0135787590765079,0,-0.65194988402781,-0.412789914945977,NA,1,1,1,1,1,1,1,1,1
"asv","Hylesinus aculeatus","ASV_15268","Grosmannia","olivacea",TRUE,6,5,0,0,0.0318770496359293,0.0608276360402416,0.0334167083541773,-0.61626299899707,-0.852488619222576,-0.708256466491073,1,1,1,1,1,1,1,1,1
"asv","Hylesinus aculeatus","ASV_21569","Sporothrix",NA,TRUE,6,7,0,0,0.0406187942456075,0.112274318977673,0.056710173268452,-0.805561753325461,-1.27192080036847,-0.945335526831442,1,1,1,1,0.412,0.915,1,1,1
"asv","Hylesinus aculeatus","ASV_23023","Sporothrix",NA,TRUE,6,4,0,0,0.0173420043355011,0,0,-0.429943215920207,NA,NA,1,1,1,1,1,1,1,1,1
"asv","Hylesinus aculeatus","ASV_28495","Raffaelea","subfusca",TRUE,6,3,0,0,0.0250750375187594,0.0839705567069249,0.0417708854427214,-0.500812481113393,-0.988500337094574,-0.70825646649106,1,1,1,1,0.868,1,1,1,1
"asv","Hylastes opacus","ASV_1122","Raffaelea","arxii",TRUE,8,8,4,0.333333333333333,0.121301843062721,0.212216764392853,0.377358809274777,2.79510941255631,1.30008234991306,-0.400063065149239,0.0275,0.2075,0.8185,0.055,0.415,1,0.48048,1,1
"asv","Hylastes opacus","ASV_660","Grosmannia","francke-grosmanniae",TRUE,8,13,5,0.3125,0.0881044237288937,0.240145625027332,0.37233113162916,3.96994449862001,0.883756354944074,-0.707063316335584,0.0025,0.3055,0.8955,0.005,0.611,0.904,0.153214285714286,1,1
"asv","Hylastes opacus","ASV_3556","Sporothrix","rossii",TRUE,8,9,4,0.307692307692308,0.0772334198234651,0.19160082871939,0.244658043307375,3.57625911475193,1.39666812682633,1.44025914472736,0.01,0.1895,0.3255,0.02,0.379,0.651,0.277588235294118,1,1
"asv","Hylastes opacus","ASV_22950","Sporothrix",NA,TRUE,8,6,3,0.272727272727273,0.0695046824111363,0.131999099782989,0.2401609895857,2.9919687607074,1.83235081008003,0.429331389933617,0.027,0.121,0.5575,0.054,0.242,1,0.48048,1,1
"asv","Hylastes opacus","ASV_16537","Graphilbum",NA,TRUE,8,3,2,0.222222222222222,0.0529153465621695,0.105708409760435,0.103234950808737,2.65397579346774,1.5106838827036,1.59299638348329,0.0585,0.2415,0.218,0.117,0.483,0.436,0.658821428571429,1,1
"asv","Hylastes opacus","ASV_17726",NA,NA,TRUE,8,3,2,0.222222222222222,0.0342393418931689,0.165636985159249,0.103234950808737,3.35666148902936,0.572654929087247,1.59299638348329,0.033,0.501,0.218,0.066,1,0.436,0.488172413793103,1,1
"asv","Hylastes opacus","ASV_7886","Grosmannia",NA,TRUE,8,4,2,0.2,0.0962299331483928,0.103836766868283,0.162781390695342,1.45143251944617,1.27498448309236,0.719433480306096,0.258,0.2765,0.659,0.516,0.553,1,1,1,1
"asv","Hylastes opacus","ASV_11600","Ophiostoma","undulatum",TRUE,8,4,2,0.2,0.0768414510285455,0.158489850986095,0.288844422211103,1.69626880970967,0.433902402287337,-1.41279952541063,0.1545,0.52,1,0.309,1,0.668,0.95238,1,1
"asv","Hylastes opacus","ASV_22166","Grosmannia","cucullata",TRUE,8,4,2,0.2,0.0465990571043104,0.158979489744869,0.247666257371102,2.48094559624358,0.432069343843654,-0.442862103641523,0.0715,0.534,0.8415,0.143,1,1,0.697666666666667,1,1
"asv","Hylastes opacus","ASV_1646","Raffaelea","arxii",TRUE,8,5,2,0.181818181818182,0.0571763154304419,0.200189109706372,0.221300801916114,2.31319973795109,-0.180886973208793,-0.524744710076932,0.079,0.75,0.8805,0.158,1,1,0.697666666666667,1,1
"asv","Hylastes opacus","ASV_7106","Ophiostoma","denticiliatum",TRUE,8,5,2,0.181818181818182,0.0284233025603713,0.248658672770734,0.183394727666867,3.31279081018119,-0.600276708744916,-0.0215480836289075,0.033,0.8675,0.758,0.066,0.976,1,0.488172413793103,1,1
"asv","Hylastes opacus","ASV_9363","Sporothrix",NA,TRUE,8,5,2,0.181818181818182,0.0864106295572042,0.0958244273651997,0.115356920884688,1.49684649448209,1.23512872375012,1.44025914472743,0.242,0.272,0.3255,0.484,0.544,0.651,1,1,1
"asv","Hylastes opacus","ASV_8274","Sporothrix","rossii",TRUE,8,12,3,0.176470588235294,0.0920007647442591,0.13148289954108,0.154511079068947,1.84226912793275,0.70432880548047,0.482318193264278,0.1295,0.401,0.541,0.259,0.802,1,0.8679,1,1
"asv","Hylastes opacus","ASV_6117","Leptographium","gracile",TRUE,8,13,3,0.166666666666667,0.147884739583416,0.108003537372403,0.126595470077661,0.293192743658366,0.983303462991009,0.803826967739964,0.558,0.2915,0.4025,1,0.583,0.805,1,1,1
"asv","Hylastes opacus","ASV_8131","Graphilbum",NA,TRUE,8,6,2,0.166666666666667,0.0527058400995382,0.0872808198971272,0.0784815484665408,2.25030972148085,1.25794109725486,1.57521424642115,0.0865,0.2845,0.218,0.173,0.569,0.436,0.734821782178218,1,1
"asv","Hylastes opacus","ASV_13249","Ophiostoma","denticulatum",TRUE,8,6,2,0.166666666666667,0.0663536896653467,0.139981879051412,0.137073198603962,1.77689589472411,0.324581613775409,0.464602738139408,0.1665,0.571,0.541,0.333,1,1,0.95238,1,1
"asv","Hylastes opacus","ASV_5162","Sporothrix",NA,TRUE,8,7,2,0.153846153846154,0.0368810779015879,0.222448928426916,0.253697653022314,2.60010140607276,-0.694285833565645,-1.13227948668065,0.0595,0.893,1,0.119,0.885,0.611,0.658821428571429,1,1
"asv","Hylastes opacus","ASV_7618","Leptographium","lundbergii",TRUE,8,7,2,0.153846153846154,0.0634300666816923,0.124036543746403,0.126531672429626,1.75343952929936,0.4086581009256,0.469275334292685,0.17,0.546,0.541,0.34,1,1,0.958941176470588,1,1
"asv","Hylastes opacus","ASV_15258","Ophiostoma","pallidulum",TRUE,8,7,2,0.153846153846154,0.0367958704627036,0.21506682412135,0.154574540017262,2.58570672418167,-0.64203892622,-0.0120816430877817,0.0615,0.8905,0.758,0.123,0.966,1,0.658821428571429,1,1
"asv","Hylastes opacus","ASV_15738","Graphilbum",NA,TRUE,8,7,2,0.153846153846154,0.0647755196279457,0.116376869753562,0.101613993810095,1.50450290109682,0.568526942125205,0.998219423128397,0.191,0.5055,0.458,0.382,1,0.916,1,1,1
"asv","Hylastes opacus","ASV_21569","Sporothrix",NA,TRUE,8,7,2,0.153846153846154,0.0868331268531387,0.137207964621674,0.217916650633007,0.959482283091992,0.205082103244069,-1.41279952541064,0.3095,0.5835,1,0.619,1,0.668,1,1,1
"asv","Hylastes opacus","ASV_3603","Sporothrix","eucastaneae",TRUE,8,10,2,0.125,0.0408571933025344,0.202137146465925,0.149387193596797,1.83662286874563,-0.885021008120641,-0.693972160172596,0.1315,0.9295,1,0.263,0.701,1,0.8679,1,1
"asv","Hylastes opacus","ASV_28495","Raffaelea","subfusca",TRUE,8,3,1,0.1,0.0507253626813399,0.103735200933799,0.181440720360185,0.985349913131641,-0.0497011734898015,-1.41279952541076,0.5075,0.766,1,1,1,0.668,1,1,1
"asv","Hylastes opacus","ASV_4337","Ophiostoma","undulatum",TRUE,8,4,1,0.0909090909090909,0.079503388057666,0.101935816393045,0.20498431033698,0.167604659526141,-0.148365240918219,-1.413081974135,0.67,0.7835,1,1,1,0.445,1,1,1
"asv","Hylastes opacus","ASV_6746","Graphilbum",NA,TRUE,8,4,1,0.0909090909090909,0.0459623751269581,0.114769505965104,0.0295602346627863,0.715558002577965,-0.282571651334646,1.44025914472753,0.4115,0.8105,0.3255,0.823,1,0.651,1,1,1
"asv","Hylastes opacus","ASV_25723","Ceratocystiopsis","manitobensis",TRUE,8,4,1,0.0909090909090909,0.028414207103552,0.10748101323389,0.0615762426667892,1.31543056311606,-0.215711691108026,0.690020303829285,0.2865,0.8,0.6775,0.573,1,1,1,1,1
"asv","Hylastes opacus","ASV_27488","Ceratocystiopsis","synnemata",TRUE,8,4,1,0.0909090909090909,0.0522533994269872,0.0720451134658249,0.0613488562463062,0.859885832178272,0.273364346437432,0.693972160172619,0.575,0.619,0.675,1,1,1,1,1,1
"asv","Hylastes opacus","ASV_7819","Hawksworthiomyces",NA,TRUE,8,5,1,0.0833333333333333,0.0424075674200736,0.0564335197901974,0.0567745994209221,0.77550430250442,0.486045319816747,0.453713015517978,0.44,0.584,0.555,0.88,1,1,1,1,1
"asv","Hylastes opacus","ASV_6959","Ophiostoma","adjuncti",TRUE,8,7,1,0.0714285714285714,0.0478398539929301,0.0417763826968425,0.0232258986636175,0.503462618323132,0.710708186603093,1.44025914472751,0.573,0.5395,0.3255,1,1,0.651,1,1,1
"asv","Hylastes opacus","ASV_8895","Ceratocystiopsis","manitobensis",TRUE,8,13,1,0.05,0.0616097522445432,0.0607470143740598,0.0507174639951549,-0.265846717803676,-0.253907431318857,-0.0204807198682048,0.7955,0.811,0.7745,1,1,1,1,1,1
"asv","Hylastes opacus","ASV_4044","Graphilbum",NA,TRUE,8,6,0,0,0.055091648388298,0.00754223265478892,0,-1.05720371304895,-0.329626043158087,NA,1,1,1,0.804,1,1,1,1,1
"asv","Hylastes opacus","ASV_5724","Graphilbum",NA,TRUE,8,4,0,0,0.0153713220246486,0.112974669152758,0.0946200372913737,-0.450987888453165,-1.33884402318775,-1.42134641800539,1,1,1,1,0.407,0.445,1,1,1
"asv","Hylastes opacus","ASV_6045","Sporothrix",NA,TRUE,8,7,0,0,0.0626893116888114,0.00589580504537982,0.0240477381547916,-1.04895574277215,-0.29987043615266,-0.712241237532487,1,1,1,0.725,1,1,1,1,1
"asv","Hylastes opacus","ASV_8974","Ophiostoma","karelicum",TRUE,8,3,0,0,0.0169084542271137,0.0574287143571777,0.0330665332666336,-0.450987888453166,-0.981322696704633,-0.702690396067832,1,1,1,1,0.94,1,1,1,1
"asv","Hylastes opacus","ASV_9224","Ophiostoma","sparsiannulatum",TRUE,8,3,0,0,0,0.104285476071368,0.0666333166583275,NA,-1.36543091174553,-1.41279952541064,1,1,1,1,0.48,0.668,1,1,1
"asv","Hylastes opacus","ASV_11554","Raffaelea","crossotarsi",TRUE,8,3,0,0,0.0169084542271137,0.0681340670335158,0.104568951142237,-0.450987888453166,-1.01604526497043,-1.4130819741351,1,1,1,1,0.847,0.445,1,1,1
"asv","Hylastes opacus","ASV_13560","Hawksworthiomyces",NA,TRUE,8,7,0,0,0.0479333073129967,0.0112198956621168,0.0488595946324808,-1.03718494551772,-0.407424663850592,-0.981049166186248,1,1,1,0.842,1,0.883,1,1,1
"asv","Hylastes opacus","ASV_15268","Grosmannia","olivacea",TRUE,8,5,0,0,0.0424515287947003,0.0638705716494604,0.05552776388194,-0.756327500019202,-1.0728823934846,-1.41279952541064,1,1,1,1,0.756,0.668,1,1,1
"asv","Hylastes opacus","ASV_23023","Sporothrix",NA,TRUE,8,4,0,0,0.0595479557960809,0,0,-0.9948359260352,NA,NA,1,1,1,0.879,1,1,1,1,1
"asv","Ips grandicollis","ASV_6117","Leptographium","gracile",FALSE,19,13,8,0.333333333333333,0.362157667172786,0.133866307072074,0.119474764196942,-0.528024417071451,3.30954090851259,3.73963554258295,0.8585,0.0065,0.0025,1,0.013,0.005,1,0.5577,0.858
"asv","Ips grandicollis","ASV_8274","Sporothrix","rossii",FALSE,19,12,7,0.291666666666667,0.311139930966798,0.124058145591487,0.130496611632089,-0.453989737980681,2.91456122019617,2.83646114774822,0.857,0.0125,0.012,1,0.025,0.024,1,0.65208,1
"asv","Ips grandicollis","ASV_13249","Ophiostoma","denticulatum",FALSE,19,6,5,0.25,0.20204041414647,0.0855803160379347,0.0887129170645912,1.21857752626284,3.22371599279839,3.13499550085121,0.3415,0.011,0.008,0.683,0.022,0.016,1,0.65208,0.980571428571429
"asv","Ips grandicollis","ASV_6959","Ophiostoma","adjuncti",FALSE,19,7,5,0.238095238095238,0.201035394414696,0.0919037045343687,0.101533814149688,1.0799098661532,2.76280483751522,2.47949364255144,0.4185,0.0185,0.035,0.837,0.037,0.07,1,0.65208,1
"asv","Ips grandicollis","ASV_15258","Ophiostoma","pallidulum",FALSE,19,7,5,0.238095238095238,0.210870445574757,0.0979777146242997,0.101088857057929,0.829762415642532,2.81388942966354,2.68250666411235,0.5635,0.019,0.0225,1,0.038,0.045,1,0.65208,1
"asv","Ips grandicollis","ASV_8895","Ceratocystiopsis","manitobensis",FALSE,19,13,6,0.230769230769231,0.231676807064494,0.127049669490566,0.144373044980968,-0.0267715067129747,1.87388437240331,1.68432400833818,0.7445,0.082,0.11,1,0.164,0.22,1,1,1
"asv","Ips grandicollis","ASV_7886","Grosmannia",NA,FALSE,19,4,4,0.210526315789474,0.151267363004812,0.0610165757291968,0.0623131684320189,1.43887139083965,3.28595841749902,3.19365623109152,0.2535,0.011,0.013,0.507,0.022,0.026,1,0.65208,1
"asv","Ips grandicollis","ASV_9363","Sporothrix",NA,FALSE,19,5,4,0.2,0.144902321290514,0.0764369673320712,0.0844035617023939,1.42140327080404,2.42492527822841,2.15435379597872,0.259,0.0415,0.063,0.518,0.083,0.126,1,0.937026315789474,1
"asv","Ips grandicollis","ASV_8131","Graphilbum",NA,FALSE,19,6,4,0.19047619047619,0.155549071354801,0.0892684713729948,0.0885031260218838,1.0653237060568,1.86721104002693,1.99932938565736,0.427,0.0895,0.0765,0.854,0.179,0.153,1,1,1
"asv","Ips grandicollis","ASV_6045","Sporothrix",NA,FALSE,19,7,4,0.181818181818182,0.157141812012727,0.0843593856028342,0.0942266060566526,0.817965517805419,2.15439914708533,1.85951241110483,0.5695,0.0625,0.0955,1,0.125,0.191,1,1,1
"asv","Ips grandicollis","ASV_7618","Leptographium","lundbergii",FALSE,19,7,4,0.181818181818182,0.194529694736322,0.0844902406030805,0.0856286810824959,-0.347921514963156,1.91555384527708,1.93072580235152,0.859,0.0895,0.0855,1,0.179,0.171,1,1,1
"asv","Ips grandicollis","ASV_15738","Graphilbum",NA,FALSE,19,7,4,0.181818181818182,0.149884560198413,0.0945526461706299,0.111045220521046,0.969130508961994,1.60008244661951,1.28384548051889,0.4705,0.129,0.2025,0.941,0.258,0.405,1,1,1
"asv","Ips grandicollis","ASV_16537","Graphilbum",NA,FALSE,19,3,3,0.157894736842105,0.130985041392877,0.0460260205290624,0.0489828874336925,0.810222751156472,2.87655898839259,2.60027723965877,0.5775,0.0235,0.037,1,0.047,0.074,1,0.7007,1
"asv","Ips grandicollis","ASV_17726",NA,NA,FALSE,19,3,3,0.157894736842105,0.139999072217813,0.0504184423038595,0.0481367250041067,0.617281283815703,2.83610299184809,2.64339712353586,0.7105,0.02,0.03,1,0.04,0.06,1,0.66,1
"asv","Ips grandicollis","ASV_23023","Sporothrix",NA,FALSE,19,4,3,0.15,0.170427757738519,0.0514153864355292,0.0568561336945543,-0.551395288298964,2.46208488881933,2.24185367076115,0.9125,0.049,0.0635,1,0.098,0.127,1,0.977720930232558,1
"asv","Ips grandicollis","ASV_15268","Grosmannia","olivacea",FALSE,19,5,3,0.142857142857143,0.124825540946644,0.0619619952922758,0.0930573700175889,0.657953990585697,1.75360020618701,1.01326974202921,0.68,0.117,0.313,1,0.234,0.626,1,1,1
"asv","Ips grandicollis","ASV_21569","Sporothrix",NA,FALSE,19,7,3,0.130434782608696,0.130575215143804,0.0788560382205037,0.070119170257066,-0.00372091493568316,1.06744548500836,1.45205212936403,0.7495,0.2555,0.191,1,0.511,0.382,1,1,1
"asv","Ips grandicollis","ASV_3556","Sporothrix","rossii",FALSE,19,9,3,0.12,0.136271469067867,0.105794311973053,0.0995107190657137,-0.535747627313073,0.268891636657034,0.486719760541122,0.8895,0.5175,0.4855,1,1,0.971,1,1,1
"asv","Ips grandicollis","ASV_3603","Sporothrix","eucastaneae",FALSE,19,10,3,0.115384615384615,0.0953330755731952,0.122506610717672,0.115849178150327,0.839666789386847,-0.135862904216763,-0.0168560473109844,0.5585,0.699,0.792,1,1,1,1,1,1
"asv","Ips grandicollis","ASV_660","Grosmannia","francke-grosmanniae",FALSE,19,13,3,0.103448275862069,0.104494913911744,0.119633549176572,0.103759747522116,-0.0357672611654168,-0.360720787772232,-0.00896322052308323,0.7525,0.7815,0.7125,1,1,1,1,1,1
"asv","Ips grandicollis","ASV_6746","Graphilbum",NA,FALSE,19,4,2,0.0952380952380952,0.132497309260694,0.0519771277755545,0.0458097013874912,-1.34300394948037,1.05925075599873,1.25894317839715,0.9775,0.3,0.2595,0.599,0.6,0.519,1,1,1
"asv","Ips grandicollis","ASV_1646","Raffaelea","arxii",FALSE,19,5,2,0.0909090909090909,0.0603602196355094,0.0641526296745208,0.0591775277813948,1.07157869763533,0.650249874180062,0.803870609803857,0.425,0.429,0.4095,0.85,0.858,0.819,1,1,1
"asv","Ips grandicollis","ASV_7106","Ophiostoma","denticiliatum",FALSE,19,5,2,0.0909090909090909,0.0762357463316648,0.0755105955010255,0.0746287881377165,0.616784250471552,0.387951219553159,0.407723150597929,0.7105,0.579,0.5775,1,1,1,1,1,1
"asv","Ips grandicollis","ASV_7819","Hawksworthiomyces",NA,FALSE,19,5,2,0.0909090909090909,0.0840281800979556,0.057374932525551,0.0681769456156647,0.411831263673367,0.771290434927598,0.487605295453477,0.855,0.3775,0.47,1,0.755,0.94,1,1,1
"asv","Ips grandicollis","ASV_4044","Graphilbum",NA,FALSE,19,6,2,0.0869565217391304,0.112191471229682,0.0639881629126254,0.0738965968020705,-1.02149157382763,0.503291405586896,0.297081663068655,1,0.4615,0.563,0.979,0.923,1,1,1,1
"asv","Ips grandicollis","ASV_5162","Sporothrix",NA,FALSE,19,7,2,0.0833333333333333,0.0761364015341004,0.0778202926044244,0.0920201941738805,0.44616200876753,0.133957687786866,-0.175535888094866,0.834,0.6385,0.7275,1,1,1,1,1,1
"asv","Ips grandicollis","ASV_1122","Raffaelea","arxii",FALSE,19,8,2,0.08,0.0741164813175821,0.089645268818661,0.0811316025905936,0.196472761148371,-0.214155110680507,-0.0274621090411185,0.721,0.747,0.7065,1,1,1,1,1,1
"asv","Ips grandicollis","ASV_8974","Ophiostoma","karelicum",FALSE,19,3,1,0.0476190476190476,0.0476190476190498,0.0335641504963016,0.0315419614569198,NA,0.399581437907097,0.50635663769122,1,0.5525,0.5575,1,1,1,1,1,1
"asv","Ips grandicollis","ASV_28495","Raffaelea","subfusca",FALSE,19,3,1,0.0476190476190476,0.023559398746993,0.0492864226599524,0.0496654342208706,1.01030821883279,-0.0417268434635492,-0.0482875266734798,0.495,0.725,0.7045,0.99,1,1,1,1,1
"asv","Ips grandicollis","ASV_4337","Ophiostoma","undulatum",FALSE,19,4,1,0.0454545454545455,0.022488516985766,0.0460846907846733,0.0305791423850457,1.01030821883281,-0.0159302584182714,0.470748638298954,0.495,0.7005,0.5475,0.99,1,1,1,1,1
"asv","Ips grandicollis","ASV_11600","Ophiostoma","undulatum",FALSE,19,4,1,0.0454545454545455,0.0616812735372033,0.0501419142015767,0.04668568050259,-0.531346398136501,-0.122454991226164,-0.0385961900187751,0.9105,0.7585,0.779,1,1,1,1,1,1
"asv","Ips grandicollis","ASV_22166","Grosmannia","cucullata",FALSE,19,4,1,0.0454545454545455,0.0379053162945117,0.0530428520252392,0.0465340895556012,0.446162008767479,-0.192877226124236,-0.0273541856276341,0.834,0.7835,0.699,1,1,1,1,1,1
"asv","Ips grandicollis","ASV_25723","Ceratocystiopsis","manitobensis",FALSE,19,4,1,0.0454545454545455,0.0793221285967682,0.047877960397379,0.0464767015542413,-1.3420877187225,-0.0595840506077237,-0.0327710494302809,0.9775,0.706,0.787,0.599,1,1,1,1,1
"asv","Ips grandicollis","ASV_22950","Sporothrix",NA,FALSE,19,6,1,0.0416666666666667,0.0347465399366346,0.0833104652269658,0.0733641806787066,0.44616200876756,-0.821772935803145,-0.72393075018968,0.834,0.9105,0.8975,1,0.757,0.874,1,1,1
"asv","Ips grandicollis","ASV_13560","Hawksworthiomyces",NA,FALSE,19,7,1,0.04,0.0331165582791391,0.0780630518534265,0.0786389392701252,0.455797109920746,-0.754602953439861,-0.808252313129922,0.828,0.888,0.9105,1,0.797,0.783,1,1,1
"asv","Ips grandicollis","ASV_5724","Graphilbum",NA,FALSE,19,4,0,0,0,0.0376483696393657,0.0546057660865078,NA,-1.10090254324879,-1.34693289831914,1,1,1,1,0.71,0.449,1,1,1
"asv","Ips grandicollis","ASV_9224","Ophiostoma","sparsiannulatum",FALSE,19,3,0,0,0,0.0488293018689804,0.0492529472756435,NA,-1.23739094587962,-1.19621176706426,1,1,1,1,0.56,0.585,1,1,1
"asv","Ips grandicollis","ASV_11554","Raffaelea","crossotarsi",FALSE,19,3,0,0,0,0.0241120560280145,0.0159127182638938,NA,-0.821873879571994,-0.708256466491081,1,1,1,1,1,1,1,1,1
"asv","Ips grandicollis","ASV_27488","Ceratocystiopsis","synnemata",FALSE,19,4,0,0,0,0.0517379674115949,0.0470577279981991,NA,-1.24645256950968,-1.13486447661877,1,1,1,1,0.514,0.624,1,1,1
"asv","Ips pini","ASV_3603","Sporothrix","eucastaneae",FALSE,5,10,3,0.25,0.0821042389326549,0.061589860864498,0.185881402239579,2.5756595822703,3.35633699117052,1.41439041644278,0.0425,0.013,0.3335,0.085,0.026,0.667,0.561,0.65208,1
"asv","Ips pini","ASV_11554","Raffaelea","crossotarsi",FALSE,5,3,1,0.142857142857143,0.0463088687200742,0.0371376164272614,0.0475952261845207,1.44354895429923,1.58154363350363,1.41439041644275,0.3245,0.249,0.3335,0.649,0.498,0.667,1,1,1
"asv","Ips pini","ASV_6746","Graphilbum",NA,FALSE,5,4,1,0.125,0.0259504752376188,0.0452279711284214,0.137827842492674,1.95319176771008,1.04947597545644,-0.102080713896965,0.208,0.306,0.707,0.416,0.612,1,1,1,1
"asv","Ips pini","ASV_25723","Ceratocystiopsis","manitobensis",FALSE,5,4,1,0.125,0.0732509111698707,0.0581987422282571,0.13147645251197,0.627400942531259,0.781918339005355,-0.0676383252344905,0.502,0.375,0.7715,1,0.75,1,1,1,1
"asv","Ips pini","ASV_27488","Ceratocystiopsis","synnemata",FALSE,5,4,1,0.125,0.0739744872436218,0.0436110912599157,0.0883209461873794,0.830317233521181,1.10801894496221,0.390427750916562,0.592,0.301,0.5505,1,0.602,1,1,1,1
"asv","Ips pini","ASV_1646","Raffaelea","arxii",FALSE,5,5,1,0.111111111111111,0.0360180090045028,0.0467039075093109,0.117808904452228,1.44354895429923,1.01834852648373,-0.0810896785056757,0.3245,0.385,0.7865,0.649,0.77,1,1,1,1
"asv","Ips pini","ASV_15268","Grosmannia","olivacea",FALSE,5,5,1,0.111111111111111,0.0421043855260969,0.0377192564536241,0.075259852148298,1.05696632735501,1.18080995280896,0.690020303829288,0.3305,0.3015,0.6775,0.661,0.603,1,1,1,1
"asv","Ips pini","ASV_4044","Graphilbum",NA,FALSE,5,6,1,0.1,0.0848118503696284,0.0638138513701288,0.0672336168084034,0.184093986404004,0.514466499576102,0.462553397469949,0.6285,0.5245,0.546,1,1,1,1,1,1
"asv","Ips pini","ASV_6959","Ophiostoma","adjuncti",FALSE,5,7,1,0.0909090909090909,0.0558279139569794,0.0487819667409469,0.131312626009974,0.573680694373944,0.666979422873554,-0.397104674403633,0.5165,0.4395,0.807,1,0.879,1,1,1,1
"asv","Ips pini","ASV_13560","Hawksworthiomyces",NA,FALSE,5,7,1,0.0909090909090909,0.0757924416753841,0.0484454348386321,0.028696166264951,0.221124086392702,0.65521753235359,1.47204034787866,0.64,0.427,0.316,1,0.854,0.632,1,1,1
"asv","Ips pini","ASV_15738","Graphilbum",NA,FALSE,5,7,1,0.0909090909090909,0.0932223687601384,0.0387193596798404,0.0596207194506356,-0.0312041119107635,0.97544847048632,0.724242852970773,0.7445,0.38,0.656,1,0.76,1,1,1,1
"asv","Ips pini","ASV_21569","Sporothrix",NA,FALSE,5,7,1,0.0909090909090909,0.0294692800945931,0.0476753528279298,0.0606212197007607,1.44354895429923,0.705931271333109,0.706664679182921,0.3245,0.439,0.667,0.649,0.878,1,1,1,1
"asv","Ips pini","ASV_660","Grosmannia","francke-grosmanniae",FALSE,5,13,1,0.0588235294117647,0.019068357708266,0.0686328458346833,0.0820704469882012,1.44354895429923,-0.194257122030537,-0.547820660379381,0.3245,0.782,0.891,0.649,1,1,1,1,1
"asv","Ips pini","ASV_8895","Ceratocystiopsis","manitobensis",FALSE,5,13,1,0.0588235294117647,0.084170761851515,0.0862109383715786,0.127523951051155,-0.42241888660671,-0.47051929161524,-0.897406903514786,0.823,0.856,0.9285,1,1,0.698,1,1,1
"asv","Ips pini","ASV_1122","Raffaelea","arxii",FALSE,5,8,0,0,0.0134650658662664,0.0603627571361433,0.0560280140070025,-0.438889912320839,-0.960018107880432,-1.43209005635618,1,1,1,1,0.86,0.656,1,1,1
"asv","Ips pini","ASV_3556","Sporothrix","rossii",FALSE,5,9,0,0,0.0276997473095526,0.0595717439139162,0.0523659265530212,-0.643874859708767,-0.979767447677131,-0.958313248028788,1,1,1,1,0.828,0.904,1,1,1
"asv","Ips pini","ASV_4337","Ophiostoma","undulatum",FALSE,5,4,0,0,0.0201975987993997,0.0535356964196385,0,-0.438889912320836,-0.639117435411545,NA,1,1,1,1,1,1,1,1,1
"asv","Ips pini","ASV_5162","Sporothrix",NA,FALSE,5,7,0,0,0.0146891627631997,0.0556914821046896,0.0312883714584569,-0.438889912320834,-0.94551865604685,-0.72424285297081,1,1,1,1,0.941,1,1,1,1
"asv","Ips pini","ASV_5724","Graphilbum",NA,FALSE,5,4,0,0,0.0201975987993997,0.0459068820124348,0,-0.438889912320836,-0.648465314471759,NA,1,1,1,1,1,1,1,1,1
"asv","Ips pini","ASV_6045","Sporothrix",NA,FALSE,5,7,0,0,0.0185092546273137,0.0234935649643005,0,-0.505495178763567,-0.518357311403988,NA,1,1,1,1,1,1,1,1,1
"asv","Ips pini","ASV_6117","Leptographium","gracile",FALSE,5,13,0,0,0,0.057749883345035,0.040420945767002,NA,-1.09778763145129,-0.973097255226503,1,1,1,1,0.659,0.893,1,1,1
"asv","Ips pini","ASV_7106","Ophiostoma","denticiliatum",FALSE,5,5,0,0,0.017953421155022,0.0468011783669621,0.0747040186760063,-0.438889912320839,-0.852865822879785,-1.43209005635627,1,1,1,1,1,0.656,1,1,1
"asv","Ips pini","ASV_7618","Leptographium","lundbergii",FALSE,5,7,0,0,0.051480285597345,0.0467597435081184,0.0298330983673658,-0.883422378739663,-0.75381359363012,-0.698723352333415,1,1,1,1,1,1,1,1,1
"asv","Ips pini","ASV_7819","Hawksworthiomyces",NA,FALSE,5,5,0,0,0.0197876716135846,0.0700826603778088,0.0364626757823361,-0.4653691202803,-0.795678475119183,-0.698723352333412,1,1,1,1,1,1,1,1,1
"asv","Ips pini","ASV_7886","Grosmannia",NA,FALSE,5,4,0,0,0,0.0321500035732152,0.0423336668334167,NA,-0.526974816107601,-0.715434619588468,1,1,1,1,1,1,1,1,1
"asv","Ips pini","ASV_8131","Graphilbum",NA,FALSE,5,6,0,0,0.0585181479628697,0.0440845422711353,0.0328164082041023,-0.897603046844079,-0.682409344932611,-0.698723352333412,1,1,1,0.994,1,1,1,1,1
"asv","Ips pini","ASV_8274","Sporothrix","rossii",FALSE,5,12,0,0,0.0351321494080374,0.0492534728902916,0.0672547583315473,-0.891540724305643,-0.949193006742356,-1.18044213368633,1,1,1,1,0.857,0.583,1,1,1
"asv","Ips pini","ASV_8974","Ophiostoma","karelicum",FALSE,5,3,0,0,0,0.0512827842492673,0.0521689416136637,NA,-0.600094331693954,-0.75826666498762,1,1,1,1,1,1,1,1,1
"asv","Ips pini","ASV_9224","Ophiostoma","sparsiannulatum",FALSE,5,3,0,0,0.0230829700564569,0.0234402915743587,0,-0.43888991232085,-0.44293504376782,NA,1,1,1,1,1,1,1,1,1
"asv","Ips pini","ASV_9363","Sporothrix",NA,FALSE,5,5,0,0,0.021844255461064,0.0291395697848927,0.0364626757823361,-0.494555287673601,-0.548314566784857,-0.698723352333412,1,1,1,1,1,1,1,1,1
"asv","Ips pini","ASV_11600","Ophiostoma","undulatum",FALSE,5,4,0,0,0.0201975987993997,0.0444597298649325,0.0417083541770885,-0.438889912320836,-0.659271261391067,-0.707460423009689,1,1,1,1,1,1,1,1,1
"asv","Ips pini","ASV_13249","Ophiostoma","denticulatum",FALSE,5,6,0,0,0.0161580790395199,0.0420321271746983,0.0689733755766763,-0.438889912320842,-0.705210488132762,-0.981196276571371,1,1,1,1,1,0.873,1,1,1
"asv","Ips pini","ASV_15258","Ophiostoma","pallidulum",FALSE,5,7,0,0,0.0146891627631997,0.0456864796034388,0.0611214698258232,-0.438889912320834,-0.861908302161845,-1.43209005635625,1,1,1,1,1,0.656,1,1,1
"asv","Ips pini","ASV_16537","Graphilbum",NA,FALSE,5,3,0,0,0,0.0495485838157172,0.0468805831487171,NA,-0.620648403687078,-0.698723352333391,1,1,1,1,1,1,1,1,1
"asv","Ips pini","ASV_17726",NA,NA,FALSE,5,3,0,0,0,0.0366611877367257,0.0468805831487171,NA,-0.587409035760687,-0.698723352333391,1,1,1,1,1,1,1,1,1
"asv","Ips pini","ASV_22166","Grosmannia","cucullata",FALSE,5,4,0,0,0,0.0452815693561067,0.0430215107553777,NA,-0.662705544049853,-0.724242852970805,1,1,1,1,1,1,1,1,1
"asv","Ips pini","ASV_22950","Sporothrix",NA,FALSE,5,6,0,0,0.0406147518203545,0.0520579734311596,0,-0.679884003030551,-0.7670199136596,NA,1,1,1,1,1,1,1,1,1
"asv","Ips pini","ASV_23023","Sporothrix",NA,FALSE,5,4,0,0,0,0.0208229114557279,0.0398949474737369,NA,-0.446967517846454,-0.684498690521514,1,1,1,1,1,1,1,1,1
"asv","Ips pini","ASV_28495","Raffaelea","subfusca",FALSE,5,3,0,0,0.0820886633793078,0.0229400414492962,0,-0.867068541856687,-0.4372681880058,NA,1,1,1,1,1,1,1,1,1
"asv","Dryocoetes autographus","ASV_13249","Ophiostoma","denticulatum",FALSE,14,6,3,0.176470588235294,0.169470915368246,0.0511065646342273,0.0732402665040825,0.113054451922975,2.83338847614684,2.21397147042668,0.6535,0.028,0.076,1,0.056,0.152,1,0.774967741935484,1
"asv","Dryocoetes autographus","ASV_6117","Leptographium","gracile",FALSE,14,13,4,0.173913043478261,0.280337923846699,0.103015790025927,0.111233627498718,-1.42468763078729,1.32799046352214,1.26526690177103,0.9835,0.184,0.2145,0.259,0.368,0.429,0.8679,1,1
"asv","Dryocoetes autographus","ASV_6959","Ophiostoma","adjuncti",FALSE,14,7,3,0.166666666666667,0.163055327973588,0.09730605756955,0.0691301791246504,0.0572615674581462,1.1176789573202,2.17357278449007,0.6485,0.2425,0.0765,1,0.485,0.153,1,1,1
"asv","Dryocoetes autographus","ASV_8274","Sporothrix","rossii",FALSE,14,12,3,0.130434782608696,0.264831877566582,0.0833858563010102,0.077683914420979,-2.00923964339567,0.940842114064382,1.39939204915991,1,0.2935,0.2345,0.049,0.587,0.469,0.467133333333333,1,1
"asv","Dryocoetes autographus","ASV_7886","Grosmannia",NA,FALSE,14,4,2,0.125,0.139250087228487,0.036602860253657,0.0393652708707303,-0.241245792087703,2.20681390133523,2.08587387318763,0.7955,0.096,0.1115,1,0.192,0.223,1,1,1
"asv","Dryocoetes autographus","ASV_8895","Ceratocystiopsis","manitobensis",FALSE,14,13,3,0.125,0.170633374710566,0.103027977959793,0.0526232346942692,-0.826414520704657,0.420012638667228,2.14507004146244,0.9185,0.4695,0.0765,0.737,0.939,0.153,1,1,1
"asv","Dryocoetes autographus","ASV_23023","Sporothrix",NA,FALSE,14,4,2,0.125,0.105754347762117,0.061554937132433,0.0517354265367989,0.352953875190944,1.24949075796507,1.69810124614922,0.6045,0.2435,0.181,1,0.487,0.362,1,1,1
"asv","Dryocoetes autographus","ASV_9363","Sporothrix",NA,FALSE,14,5,2,0.117647058823529,0.167100502865813,0.0624711865736803,0.0468551269098611,-0.884165751562478,1.10567266245172,1.75990900464381,0.936,0.288,0.166,0.777,0.576,0.332,1,1,1
"asv","Dryocoetes autographus","ASV_15268","Grosmannia","olivacea",FALSE,14,5,2,0.117647058823529,0.0782016825406175,0.0558134459386568,0.0667196343269689,0.825025281704632,1.31647964574486,1.23491973966523,0.417,0.2445,0.335,0.834,0.489,0.67,1,1,1
"asv","Dryocoetes autographus","ASV_8131","Graphilbum",NA,FALSE,14,6,2,0.111111111111111,0.161357037307784,0.0769584568686146,0.0729897112298856,-0.811407631469002,0.645833078372198,0.992260784631236,0.921,0.4355,0.456,0.815,0.871,0.912,1,1,1
"asv","Dryocoetes autographus","ASV_6045","Sporothrix",NA,FALSE,14,7,2,0.105263157894737,0.116474581459978,0.101667623027201,0.0786124744518814,-0.185507026990129,0.0640962940103982,0.510706520965474,0.7375,0.649,0.477,1,1,0.954,1,1,1
"asv","Dryocoetes autographus","ASV_15738","Graphilbum",NA,FALSE,14,7,2,0.105263157894737,0.153450506212862,0.0612826537107562,0.061399559428837,-0.751683746331767,0.928316267615363,0.986661789976678,0.8945,0.332,0.3325,0.818,0.664,0.665,1,1,1
"asv","Dryocoetes autographus","ASV_21569","Sporothrix",NA,FALSE,14,7,2,0.105263157894737,0.137099019065778,0.0397817329717486,0.0506885021458092,-0.573056471269638,1.83223651469365,1.54239200407204,0.8645,0.15,0.2215,0.989,0.3,0.443,1,1,1
"asv","Dryocoetes autographus","ASV_4044","Graphilbum",NA,FALSE,14,6,1,0.0526315789473684,0.0950646461861842,0.0666158242519964,0.0360794432303878,-0.900974748231265,-0.273542036583773,0.447478919576272,0.9575,0.78,0.554,0.803,1,1,1,1,1
"asv","Dryocoetes autographus","ASV_7618","Leptographium","lundbergii",FALSE,14,7,1,0.05,0.173228732529323,0.0455148626945047,0.0342408046128323,-1.87417255484139,0.110341976467944,0.449364379304545,0.997,0.66,0.554,0.101,1,1,0.618985714285714,1,1
"asv","Dryocoetes autographus","ASV_13560","Hawksworthiomyces",NA,FALSE,14,7,1,0.05,0.0720544482767706,0.0874342356936994,0.081539505562896,-0.505329597351517,-0.640043350926653,-0.575547447889981,0.8735,0.87,0.857,1,0.937,1,1,1,1
"asv","Dryocoetes autographus","ASV_15258","Ophiostoma","pallidulum",FALSE,14,7,1,0.05,0.119333041133571,0.0301176904241591,0.0337418709354669,-1.25128985439436,0.599505055079989,0.693972160172661,0.9755,0.5075,0.675,0.454,1,1,1,1,1
"asv","Dryocoetes autographus","ASV_3556","Sporothrix","rossii",FALSE,14,9,1,0.0454545454545455,0.136572951547546,0.0359896398415663,0.0715721497112208,-1.6097058833674,0.271375589697943,-0.61653734393968,0.9885,0.607,0.882,0.202,1,0.991,0.780702702702703,1,1
"asv","Dryocoetes autographus","ASV_3603","Sporothrix","eucastaneae",FALSE,14,10,1,0.0434782608695652,0.0871541925677688,0.0609563392650586,0.0743474504050451,-1.01322015785735,-0.448266665007984,-1.36490455106073,0.95,0.856,1,0.637,1,0.699,1,1,1
"asv","Dryocoetes autographus","ASV_660","Grosmannia","francke-grosmanniae",FALSE,14,13,0,0,0.120738486452105,0.025293415938739,0.0386454765844457,-2.4298631645968,-1.01911914837471,-1.44892006926832,1,1,1,0.02,0.869,0.458,0.277588235294118,1,1
"asv","Dryocoetes autographus","ASV_1122","Raffaelea","arxii",FALSE,14,8,0,0,0.121047909084032,0.0155077538769384,0.0160318254365277,-2.36770638865569,-0.694763337995309,-0.71224123753248,1,1,1,0.034,1,1,0.374,1,1
"asv","Dryocoetes autographus","ASV_1646","Raffaelea","arxii",FALSE,14,5,0,0,0.0773703845386756,0,0,-1.95105458599925,NA,NA,1,1,1,0.213,1,1,0.793109243697479,1,1
"asv","Dryocoetes autographus","ASV_4337","Ophiostoma","undulatum",FALSE,14,4,0,0,0.0595150516434701,0.00938704646440864,0.0202159903481154,-1.40393073382841,-0.435644309512668,-0.723440463192108,1,1,1,0.477,1,1,1,1,1
"asv","Dryocoetes autographus","ASV_5162","Sporothrix",NA,FALSE,14,7,0,0,0.0522449821401925,0,0,-1.22612737582413,NA,NA,1,1,1,0.562,1,1,1,1,1
"asv","Dryocoetes autographus","ASV_5724","Graphilbum",NA,FALSE,14,4,0,0,0.0100932819350852,0,0,-0.454996691477524,NA,NA,1,1,1,1,1,1,1,1,1
"asv","Dryocoetes autographus","ASV_6746","Graphilbum",NA,FALSE,14,4,0,0,0.0862916752493904,0.0206573875172883,0.0190977841862109,-1.67360804571623,-0.735512254377456,-0.693181253443196,1,1,1,0.25,1,1,0.858,1,1
"asv","Dryocoetes autographus","ASV_7106","Ophiostoma","denticiliatum",FALSE,14,5,0,0,0.0687010171752556,0,0,-1.66287561210123,NA,NA,1,1,1,0.326,1,1,0.95238,1,1
"asv","Dryocoetes autographus","ASV_7819","Hawksworthiomyces",NA,FALSE,14,5,0,0,0.0680289082449734,0.0367324184968307,0.0385421468904393,-1.48958707486145,-0.930425775683306,-0.998604530542917,1,1,1,0.352,0.932,0.868,0.980571428571428,1,1
"asv","Dryocoetes autographus","ASV_8974","Ophiostoma","karelicum",FALSE,14,3,0,0,0.0226738369184592,0.0108804402201101,0,-0.666094623600159,-0.458994445767699,NA,1,1,1,1,1,1,1,1,1
"asv","Dryocoetes autographus","ASV_9224","Ophiostoma","sparsiannulatum",FALSE,14,3,0,0,0,0.0284204602301151,0.0211668334167084,NA,-0.912977421988537,-0.715434619588468,1,1,1,1,1,1,1,1,1
"asv","Dryocoetes autographus","ASV_11554","Raffaelea","crossotarsi",FALSE,14,3,0,0,0.010724112056028,0,0,-0.454996691477533,NA,NA,1,1,1,1,1,1,1,1,1
"asv","Dryocoetes autographus","ASV_11600","Ophiostoma","undulatum",FALSE,14,4,0,0,0.0709509166347893,0,0,-1.63101983764147,NA,NA,1,1,1,0.337,1,1,0.957437086092715,1,1
"asv","Dryocoetes autographus","ASV_16537","Graphilbum",NA,FALSE,14,3,0,0,0.112165904380761,0.00997373686843422,0,-1.95575973021869,-0.435644309512682,NA,1,1,1,0.129,1,1,0.658821428571429,1,1
"asv","Dryocoetes autographus","ASV_17726",NA,NA,FALSE,14,3,0,0,0.0913942090092666,0,0,-1.61988102608504,NA,NA,1,1,1,0.273,1,1,0.883804511278195,1,1
"asv","Dryocoetes autographus","ASV_22166","Grosmannia","cucullata",FALSE,14,4,0,0,0.0404283023864883,0,0,-1.04325942557928,NA,NA,1,1,1,0.832,1,1,1,1,1
"asv","Dryocoetes autographus","ASV_22950","Sporothrix",NA,FALSE,14,6,0,0,0.0444988576159434,0.0405677554979768,0.0364743775396477,-1.1812867158196,-0.984340446631443,-0.999729199862851,1,1,1,0.671,0.839,0.868,1,1,1
"asv","Dryocoetes autographus","ASV_25723","Ceratocystiopsis","manitobensis",FALSE,14,4,0,0,0.0862997675308253,0.00953417885413292,0,-1.66953547556931,-0.439699978417771,NA,1,1,1,0.245,1,1,0.854512195121951,1,1
"asv","Dryocoetes autographus","ASV_27488","Ceratocystiopsis","synnemata",FALSE,14,4,0,0,0,0.0404577288644332,0.0590148015184075,NA,-1.04424464301746,-1.38069769381874,1,1,1,1,0.831,0.494,1,1,1
"asv","Dryocoetes autographus","ASV_28495","Raffaelea","subfusca",FALSE,14,3,0,0,0.0550525262631319,0.0277013506753377,0.0216045522761381,-1.32942782302086,-0.891991310553795,-0.726652039083957,1,1,1,0.552,1,1,1,1,1
"genus","Pityogenes hopkinsi","Graphilbum",NA,NA,TRUE,19,20,14,0.56,0.303720910739681,0.22828942331684,0.363213056452743,3.92262440412331,5.56519548154604,2.99493582329966,0.001,5e-04,0.007,0.002,0.001,0.014,0.0366666666666667,0.0275,0.44
"genus","Pityogenes hopkinsi","Ophiostoma",NA,NA,TRUE,19,23,13,0.448275862068966,0.239489295826421,0.248297691971566,0.299952704018816,3.84586253198361,3.34409539555716,2.99951438473625,0.002,0.0045,0.008,0.004,0.009,0.016,0.044,0.11,0.44
"genus","Pityogenes hopkinsi","Leptographium",NA,NA,TRUE,19,20,12,0.444444444444444,0.240970995261992,0.206688266708309,0.273600680495995,4.20210428482808,4.10275433020714,2.74895340759329,0.001,5e-04,0.0155,0.002,0.001,0.031,0.0366666666666667,0.0275,0.458333333333333
"genus","Pityogenes hopkinsi","Sporothrix",NA,NA,TRUE,19,34,16,0.432432432432432,0.276877242443657,0.280219502183241,0.327360353827501,3.29635705867316,3.19639072070903,2.21463599809738,0.005,0.005,0.044,0.01,0.01,0.088,0.0647058823529412,0.11,0.635555555555556
"genus","Pityogenes hopkinsi","Any Ophiostomatales",NA,NA,TRUE,19,44,19,0.431818181818182,0.284252113711855,0.291742444411722,0.356111550119515,3.88675544399808,3.75555901281966,2.48503800825118,5e-04,5e-04,0.025,0.001,0.001,0.05,0.0366666666666667,0.0275,0.458333333333333
"genus","Pityogenes hopkinsi","Ceratocystiopsis",NA,NA,TRUE,19,21,12,0.428571428571429,0.296511393596421,0.186133727281983,0.313121044596714,2.36093393640061,4.49262419089271,1.98721297245766,0.036,0.001,0.063,0.072,0.002,0.126,0.18,0.0366666666666667,0.640869565217391
"genus","Pityogenes hopkinsi","Grosmannia",NA,NA,TRUE,19,18,9,0.321428571428571,0.176774657519935,0.266177136597887,0.293150431595018,2.95658170887935,0.879237964827025,0.455653604364458,0.009,0.292,0.437,0.018,0.584,0.874,0.0860869565217391,1,1
"genus","Pityogenes hopkinsi","Raffaelea",NA,NA,TRUE,19,10,6,0.260869565217391,0.0901407534295714,0.204876112533964,0.19362983570544,4.08451612486982,0.880218785530991,1.29235293112031,0.001,0.3,0.2115,0.002,0.6,0.423,0.0366666666666667,1,1
"genus","Pityogenes hopkinsi","Ophiostomatales (unclassified genus)",NA,NA,TRUE,19,7,4,0.181818181818182,0.0843729506386926,0.18336785320355,0.147489410054171,2.45867428813802,-0.0267893049257461,0.729518172772646,0.0285,0.6665,0.4365,0.057,1,0.873,0.15675,1,1
"genus","Pityogenes hopkinsi","Hawksworthiomyces",NA,NA,TRUE,19,10,4,0.16,0.121448235885562,0.0872295842936596,0.117671399094284,0.874876061914686,1.55714376864435,0.841819983793651,0.341,0.1395,0.3295,0.682,0.279,0.659,0.919759036144578,0.748536585365854,1
"genus","Xyleborinus attenuatus","Grosmannia",NA,NA,TRUE,24,18,13,0.448275862068966,0.219287055213021,0.35264583892209,0.356758878605043,3.87008929837623,2.18200294549446,2.46645772107071,0.002,0.0525,0.0435,0.004,0.105,0.087,0.044,0.5775,0.635555555555556
"genus","Xyleborinus attenuatus","Any Ophiostomatales",NA,NA,TRUE,24,44,21,0.446808510638298,0.312144294855392,0.398268324065567,0.397497092735113,2.96393184700603,1.62127976954364,2.12220142721869,0.006,0.13,0.067,0.012,0.26,0.134,0.0694736842105263,0.741794871794872,0.640869565217391
"genus","Xyleborinus attenuatus","Sporothrix",NA,NA,TRUE,24,34,16,0.380952380952381,0.286892600139012,0.324699710648073,0.319415585725742,1.75061568402313,1.69289144456509,2.15077661552982,0.0825,0.113,0.057,0.165,0.226,0.114,0.324107142857143,0.741794871794872,0.640869565217391
"genus","Xyleborinus attenuatus","Leptographium",NA,NA,TRUE,24,20,12,0.375,0.236824949429064,0.250150956821942,0.25920287804934,2.50503687380738,2.99621389837759,2.75597162202795,0.02,0.0085,0.012,0.04,0.017,0.024,0.133333333333333,0.17,0.458333333333333
"genus","Xyleborinus attenuatus","Raffaelea",NA,NA,TRUE,24,10,8,0.307692307692308,0.124799027073551,0.261061886675727,0.276704086679072,3.44610573237246,1.09274980189617,0.79334413973915,0.0035,0.2825,0.4085,0.007,0.565,0.817,0.0513333333333333,1,1
"genus","Xyleborinus attenuatus","Ophiostoma",NA,NA,TRUE,24,23,11,0.305555555555556,0.241130162827617,0.275057707802553,0.25946556848556,1.0496046567042,0.772618857966655,1.28928681414586,0.223,0.339,0.2115,0.446,0.678,0.423,0.681388888888889,1,1
"genus","Xyleborinus attenuatus","Graphilbum",NA,NA,TRUE,24,20,10,0.294117647058824,0.193175132453586,0.262627394621692,0.281093768172606,1.93465796279891,0.783212590451577,0.529411340311316,0.061,0.3455,0.544,0.122,0.691,1,0.2684,1,1
"genus","Xyleborinus attenuatus","Ophiostomatales (unclassified genus)",NA,NA,TRUE,24,7,7,0.291666666666667,0.115504446011337,0.190346532647681,0.193555192329578,3.81233502847457,2.58334490337693,2.27737762321399,0.001,0.0265,0.0495,0.002,0.053,0.099,0.0366666666666667,0.388666666666667,0.635555555555556
"genus","Xyleborinus attenuatus","Ceratocystiopsis",NA,NA,TRUE,24,21,9,0.25,0.184408319575557,0.215029353313081,0.227897986790587,1.39438438700782,0.92869094435791,0.803300648821233,0.1485,0.31,0.417,0.297,0.62,0.834,0.539846153846154,1,1
"genus","Xyleborinus attenuatus","Hawksworthiomyces",NA,NA,TRUE,24,10,4,0.133333333333333,0.112002273124575,0.106908185209188,0.121213591593719,0.473240787990584,0.937646144476829,0.502426979697052,0.4675,0.348,0.5655,0.935,0.696,1,1,1,1
"genus","Cyclorhipidion pelliculosum","Grosmannia",NA,NA,TRUE,13,18,9,0.409090909090909,0.163147936930146,0.248206198265753,0.261612929241202,4.4381760690266,2.13018023304991,2.30236323358998,5e-04,0.0475,0.04,0.001,0.095,0.08,0.0366666666666667,0.5775,0.635555555555556
"genus","Cyclorhipidion pelliculosum","Sporothrix",NA,NA,TRUE,13,34,11,0.305555555555556,0.1764319221169,0.216384564448978,0.228011099886981,3.15665783189714,2.02080028406012,2.04332210785118,0.0035,0.0515,0.052,0.007,0.103,0.104,0.0513333333333333,0.5775,0.635555555555556
"genus","Cyclorhipidion pelliculosum","Raffaelea",NA,NA,TRUE,13,10,5,0.277777777777778,0.113396375031142,0.186886425613102,0.174715951741925,3.00712606791438,1.15977014026864,1.52275669360637,0.009,0.2175,0.153,0.018,0.435,0.306,0.0860869565217391,1,0.968
"genus","Cyclorhipidion pelliculosum","Any Ophiostomatales",NA,NA,TRUE,13,44,12,0.266666666666667,0.183941794461205,0.218276489139603,0.23147244522465,2.43076965122271,1.56914389691245,1.23925027401187,0.018,0.131,0.2145,0.036,0.262,0.429,0.132,0.741794871794872,1
"genus","Cyclorhipidion pelliculosum","Ophiostomatales (unclassified genus)",NA,NA,TRUE,13,7,4,0.25,0.103015603088784,0.166532425971356,0.160146901058766,2.84118774793218,1.09975179589509,1.15879097599087,0.0275,0.2625,0.2355,0.055,0.525,0.471,0.155128205128205,1,1
"genus","Cyclorhipidion pelliculosum","Ophiostoma",NA,NA,TRUE,13,23,7,0.241379310344828,0.16778695781435,0.180505824590338,0.176389154707977,1.35166095707305,1.16231912255856,1.20764058619262,0.156,0.208,0.202,0.312,0.416,0.404,0.539846153846154,1,1
"genus","Cyclorhipidion pelliculosum","Graphilbum",NA,NA,TRUE,13,20,5,0.178571428571429,0.113323624158145,0.168991771298331,0.208945047657509,1.43927059649142,0.178368597960423,-0.577699728506186,0.1595,0.559,0.83,0.319,1,0.902,0.539846153846154,1,1
"genus","Cyclorhipidion pelliculosum","Leptographium",NA,NA,TRUE,13,20,5,0.178571428571429,0.106095283669077,0.176275111276661,0.169233901717817,1.78113925956743,0.0375931166966908,0.161501294533593,0.1005,0.602,0.553,0.201,1,1,0.387894736842105,1,1
"genus","Cyclorhipidion pelliculosum","Hawksworthiomyces",NA,NA,TRUE,13,10,3,0.15,0.106150198589842,0.0719125625697347,0.0975883988930006,0.897866479648906,1.64915752912444,1.20029365618328,0.347,0.1375,0.2535,0.694,0.275,0.507,0.919759036144578,0.748536585365854,1
"genus","Cyclorhipidion pelliculosum","Ceratocystiopsis",NA,NA,TRUE,13,21,2,0.0625,0.0686617247259149,0.142298604264053,0.13543129516662,-0.175035168146732,-1.5303761488081,-1.63629926885708,0.7305,0.9835,0.9895,1,0.214,0.191,1,0.741794871794872,0.758214285714286
"genus","Dendroctonus valens","Leptographium",NA,NA,TRUE,14,20,11,0.478260869565217,0.31833146131419,0.172535040262653,0.17639302083978,2.38237752750746,4.7581429236963,4.86041640407636,0.0345,5e-04,5e-04,0.069,0.001,0.001,0.17906976744186,0.0275,0.055
"genus","Dendroctonus valens","Grosmannia",NA,NA,TRUE,14,18,8,0.333333333333333,0.171938521069234,0.218650258796169,0.233271864619438,3.02303560288993,1.65387023111318,1.5257286458469,0.0105,0.1115,0.135,0.021,0.223,0.27,0.0924,0.741794871794872,0.928125
"genus","Dendroctonus valens","Ophiostoma",NA,NA,TRUE,14,23,9,0.321428571428571,0.207510330269179,0.180195474094789,0.171043847418419,2.21500306982028,2.53442295793373,2.77969690222069,0.0385,0.0205,0.013,0.077,0.041,0.026,0.186521739130435,0.363846153846154,0.458333333333333
"genus","Dendroctonus valens","Sporothrix",NA,NA,TRUE,14,34,11,0.297297297297297,0.221423709312453,0.224671750045548,0.2445868078816,1.94851505275082,1.51864815929158,1.14110292639595,0.073,0.127,0.218,0.146,0.254,0.436,0.297407407407407,0.741794871794872,1
"genus","Dendroctonus valens","Any Ophiostomatales",NA,NA,TRUE,14,44,13,0.288888888888889,0.221827250760689,0.224089149283868,0.248667659263835,2.24210909067842,1.83320756672026,1.29589998939656,0.039,0.075,0.2015,0.078,0.15,0.403,0.186521739130435,0.717391304347826,1
"genus","Dendroctonus valens","Raffaelea",NA,NA,TRUE,14,10,5,0.263157894736842,0.0845158054078301,0.153673043791988,0.144697600665171,3.76747242027737,1.64536664986226,2.0309053379911,0.0015,0.1225,0.0655,0.003,0.245,0.131,0.044,0.741794871794872,0.640869565217391
"genus","Dendroctonus valens","Graphilbum",NA,NA,TRUE,14,20,7,0.259259259259259,0.188593068563348,0.173127587858801,0.247082227798266,1.41623025911167,1.48072630991246,0.201527613985473,0.1575,0.1245,0.5575,0.315,0.249,1,0.539846153846154,0.741794871794872,1
"genus","Dendroctonus valens","Ophiostomatales (unclassified genus)",NA,NA,TRUE,14,7,4,0.235294117647059,0.108364915171725,0.148119293134702,0.12694598718348,2.23152433325406,1.26294175570016,1.68866099901482,0.0525,0.2085,0.125,0.105,0.417,0.25,0.240625,1,0.916666666666667
"genus","Dendroctonus valens","Ceratocystiopsis",NA,NA,TRUE,14,21,6,0.206896551724138,0.208759493038966,0.151295553033461,0.202199485834048,-0.0365575467813961,0.974405803416255,0.0847892734842993,0.6555,0.24,0.585,1,0.48,1,1,1,1
"genus","Dendroctonus valens","Hawksworthiomyces",NA,NA,TRUE,14,10,3,0.142857142857143,0.093945504655207,0.084773405950699,0.110189041046918,1.05807386374658,1.04691877809579,0.52756967861793,0.31,0.2665,0.43,0.62,0.533,0.86,0.874358974358974,1,1
"genus","Heteroborips seriatus","Grosmannia",NA,NA,TRUE,21,18,13,0.5,0.274140479188286,0.255749252235038,0.332696813898306,3.66896945452132,3.9391987207972,2.73886879658988,0.002,0.001,0.0205,0.004,0.002,0.041,0.044,0.0366666666666667,0.458333333333333
"genus","Heteroborips seriatus","Raffaelea",NA,NA,TRUE,21,10,9,0.409090909090909,0.195454847173318,0.194543470305031,0.276961160223336,3.61300186191042,3.41401422226895,2.15524626134789,0.0035,0.003,0.052,0.007,0.006,0.104,0.0513333333333333,0.0825,0.635555555555556
"genus","Heteroborips seriatus","Any Ophiostomatales",NA,NA,TRUE,21,44,18,0.382978723404255,0.283140707494591,0.287322472968578,0.310284916335802,2.95895406852135,2.48718990120918,2.55503320550718,0.0085,0.0245,0.023,0.017,0.049,0.046,0.0860869565217391,0.385,0.458333333333333
"genus","Heteroborips seriatus","Ophiostoma",NA,NA,TRUE,21,23,12,0.375,0.235027370370488,0.235298418211002,0.258647176672766,2.74446003153602,2.50998598111619,2.60131413793926,0.0125,0.0215,0.0225,0.025,0.043,0.045,0.0982142857142857,0.363846153846154,0.458333333333333
"genus","Heteroborips seriatus","Sporothrix",NA,NA,TRUE,21,34,15,0.375,0.269743852126565,0.272394997912696,0.322524517646938,2.56972645538384,2.13250227799533,1.3251929889204,0.0195,0.0425,0.1875,0.039,0.085,0.375,0.133333333333333,0.55,1
"genus","Heteroborips seriatus","Leptographium",NA,NA,TRUE,21,20,10,0.32258064516129,0.206577160363107,0.211928778494927,0.259540638811887,2.46728569503326,1.88804460217819,1.08389762121604,0.023,0.059,0.224,0.046,0.118,0.448,0.147714285714286,0.59,1
"genus","Heteroborips seriatus","Ophiostomatales (unclassified genus)",NA,NA,TRUE,21,7,6,0.272727272727273,0.153716562345224,0.153198664014506,0.185036467762612,2.51824046527958,2.22050762806535,1.87699297228701,0.035,0.0555,0.096,0.07,0.111,0.192,0.17906976744186,0.581428571428571,0.758214285714286
"genus","Heteroborips seriatus","Graphilbum",NA,NA,TRUE,21,20,6,0.171428571428571,0.124375324321425,0.210266454001158,0.184306497291311,1.40276830302778,-0.693282810783031,-0.326385784348052,0.176,0.849,0.777,0.352,0.74,1,0.561159420289855,1,1
"genus","Heteroborips seriatus","Hawksworthiomyces",NA,NA,TRUE,21,10,3,0.107142857142857,0.135617378953185,0.0841761602595466,0.0701265839999002,-0.746360730470306,0.513075555421223,1.07430725975866,0.898,0.439,0.2965,0.845,0.878,0.593,1,1,1
"genus","Heteroborips seriatus","Ceratocystiopsis",NA,NA,TRUE,21,21,4,0.105263157894737,0.11557240738407,0.176454176556466,0.180383160661149,-0.312642165909431,-1.37031017393099,-1.82266897667932,0.7695,0.965,0.9935,1,0.254,0.121,1,0.741794871794872,0.640869565217391
"genus","Xyloterinus politus","Any Ophiostomatales",NA,NA,TRUE,22,44,18,0.375,0.25358291232272,0.373095171811728,0.394124575943752,2.88457934820748,0.0607824077706003,-0.680519237209496,0.0045,0.653,0.888,0.009,1,0.894,0.061875,1,1
"genus","Xyloterinus politus","Sporothrix",NA,NA,TRUE,22,34,15,0.365853658536585,0.230700293934986,0.361869710658509,0.389248127439071,2.71635807593029,0.0940173155874088,-0.637774726730001,0.015,0.6025,0.862,0.03,1,0.86,0.113793103448276,1,1
"genus","Xyloterinus politus","Grosmannia",NA,NA,TRUE,22,18,10,0.333333333333333,0.156531446601481,0.373221644299132,0.397387813504659,3.31035557786957,-0.657807362210873,-1.40654566790535,0.0035,0.8475,0.9765,0.007,0.797,0.358,0.0513333333333333,1,1
"genus","Xyloterinus politus","Graphilbum",NA,NA,TRUE,22,20,10,0.3125,0.188339631674638,0.269104826908883,0.299534121036711,2.40588288416542,1.00197836087382,0.338194100749345,0.025,0.289,0.545,0.05,0.578,1,0.152777777777778,1,1
"genus","Xyloterinus politus","Ophiostoma",NA,NA,TRUE,22,23,10,0.285714285714286,0.200832340348721,0.295419497952042,0.286206443299696,1.48632002411343,-0.221165166503404,-0.0144670544433903,0.1225,0.7375,0.7,0.245,1,1,0.464655172413793,1,1
"genus","Xyloterinus politus","Leptographium",NA,NA,TRUE,22,20,9,0.272727272727273,0.194330627384293,0.252799591038692,0.25961905432332,1.50572437803713,0.419917698317747,0.321888551739455,0.126,0.476,0.549,0.252,0.952,1,0.469830508474576,1,1
"genus","Xyloterinus politus","Raffaelea",NA,NA,TRUE,22,10,6,0.230769230769231,0.117342628435659,0.262845529044708,0.2642239068252,2.14483182386656,-0.615389175719025,-0.979753131257977,0.0475,0.858,1,0.095,0.896,0.894,0.222340425531915,1,1
"genus","Xyloterinus politus","Ophiostomatales (unclassified genus)",NA,NA,TRUE,22,7,5,0.208333333333333,0.0698215489511143,0.236246608152558,0.225757806439449,3.27748848257017,-0.614017510883608,-0.511349515604476,0.0055,0.8795,0.8875,0.011,0.99,1,0.0672222222222222,1,1
"genus","Xyloterinus politus","Ceratocystiopsis",NA,NA,TRUE,22,21,7,0.194444444444444,0.173416069984458,0.212244225842837,0.205026554833354,0.458737449989774,-0.431225617127295,-0.335482802970359,0.441,0.797,0.801,0.882,1,1,1,1,1
"genus","Xyloterinus politus","Hawksworthiomyces",NA,NA,TRUE,22,10,2,0.0666666666666667,0.0840136380304668,0.0818015342752665,0.0913594728398657,-0.42101930135955,-0.466993357312663,-1.42884433740543,0.8005,0.847,1,1,1,0.658,1,1,1
"genus","Hylesinus aculeatus","Grosmannia",NA,NA,TRUE,6,18,5,0.263157894736842,0.116679303127446,0.151169743192297,0.163378271500752,2.97666123832576,1.8183790518571,2.11297532005449,0.0105,0.096,0.0755,0.021,0.192,0.151,0.0924,0.741794871794872,0.6644
"genus","Hylesinus aculeatus","Ophiostomatales (unclassified genus)",NA,NA,TRUE,6,7,2,0.181818181818182,0.0284233025603713,0.170830743654658,0.115406187942459,3.31279081018119,0.109508703107433,1.43861901630975,0.033,0.6335,0.326,0.066,1,0.652,0.177073170731707,1,1
"genus","Hylesinus aculeatus","Raffaelea",NA,NA,TRUE,6,10,2,0.142857142857143,0.060170378229407,0.149642520227812,0.172234468882795,1.54697943347626,-0.080452733409613,-0.708256466491118,0.176,0.6875,1,0.352,1,1,0.561159420289855,1,1
"genus","Hylesinus aculeatus","Sporothrix",NA,NA,TRUE,6,34,5,0.142857142857143,0.0834623087591697,0.122561034805084,0.144031399453229,2.11669924803666,0.682817253862413,-0.0533960762333964,0.056,0.446,0.7855,0.112,0.892,1,0.251428571428571,1,1
"genus","Hylesinus aculeatus","Any Ophiostomatales",NA,NA,TRUE,6,44,6,0.136363636363636,0.0924995536294018,0.112602328037751,0.120080791383833,2.06590827055951,1.22343116041461,0.990275566923981,0.0655,0.306,0.455,0.131,0.612,0.91,0.282549019607843,1,1
"genus","Hylesinus aculeatus","Graphilbum",NA,NA,TRUE,6,20,3,0.130434782608696,0.0722397430599363,0.122562449114639,0.147142741331139,1.63382235131263,0.155723923122981,-0.69397216017261,0.166,0.601,1,0.332,1,1,0.545074626865672,1,1
"genus","Hylesinus aculeatus","Leptographium",NA,NA,TRUE,6,20,3,0.130434782608696,0.093608358856636,0.101252692975512,0.116480295483711,0.90558675659731,0.572722124499035,0.350747828968369,0.375,0.4315,0.6065,0.75,0.863,1,0.95080459770115,1,1
"genus","Hylesinus aculeatus","Ceratocystiopsis",NA,NA,TRUE,6,21,3,0.125,0.0906702347829446,0.09038713923265,0.144095595228443,0.81266201677438,0.764722022885109,-0.479589974546124,0.376,0.3695,0.8645,0.752,0.739,1,0.95080459770115,1,1
"genus","Hylesinus aculeatus","Ophiostoma",NA,NA,TRUE,6,23,3,0.115384615384615,0.0961135899655154,0.124253067987869,0.115470584294995,0.465352191713735,-0.199676940860002,-0.00301000041666477,0.507,0.7475,0.7715,1,1,1,1,1,1
"genus","Hylesinus aculeatus","Hawksworthiomyces",NA,NA,TRUE,6,10,1,0.0666666666666667,0.0353653016984687,0.040719627212874,0.0666666666666654,0.735682492866961,0.551805388167698,NA,0.457,0.496,1,0.914,0.992,1,1,1,1
"genus","Hylastes opacus","Ophiostomatales (unclassified genus)",NA,NA,TRUE,8,7,4,0.363636363636364,0.103455698878413,0.220765144476999,0.330945192876162,3.56765624812485,1.43499134853022,0.28980592514602,0.0075,0.169,0.5545,0.015,0.338,1,0.0825,0.885238095238095,1
"genus","Hylastes opacus","Raffaelea",NA,NA,TRUE,8,10,4,0.285714285714286,0.105846806725923,0.191178620984697,0.320877609134235,2.75262630928564,1.15638810914095,-0.391182650352767,0.0275,0.2415,0.8185,0.055,0.483,1,0.155128205128205,1,1
"genus","Hylastes opacus","Grosmannia",NA,NA,TRUE,8,18,5,0.238095238095238,0.100205963135907,0.198255307117372,0.279736693743696,2.62911971306178,0.634744147958434,-0.703507145852182,0.0265,0.391,0.8955,0.053,0.782,0.904,0.155128205128205,1,1
"genus","Hylastes opacus","Leptographium",NA,NA,TRUE,8,20,4,0.166666666666667,0.128927011054596,0.130625859983581,0.135956527975145,0.851519805224282,0.68308147057429,0.700458348942757,0.3585,0.3815,0.395,0.717,0.763,0.79,0.927882352941176,1,1
"genus","Hylastes opacus","Sporothrix",NA,NA,TRUE,8,34,6,0.166666666666667,0.106654675620031,0.16848684152971,0.189123973751581,1.90446752379463,-0.0578237119333021,-0.996937081880675,0.08,0.7145,1,0.16,1,0.883,0.32,1,1
"genus","Hylastes opacus","Any Ophiostomatales",NA,NA,TRUE,8,44,7,0.155555555555556,0.108914009198029,0.152848240339722,0.155694931347978,1.9558874356024,0.1340421597837,-0.00811467004453106,0.07,0.691,0.7745,0.14,1,1,0.294716981132075,1,1
"genus","Hylastes opacus","Ophiostoma",NA,NA,TRUE,8,23,4,0.148148148148148,0.0883869383360507,0.171082859799102,0.177518300257168,1.49700811179178,-0.488586727424656,-0.70050917149294,0.1645,0.832,0.8955,0.329,1,0.904,0.545074626865672,1,1
"genus","Hylastes opacus","Graphilbum",NA,NA,TRUE,8,20,3,0.12,0.0812876523731958,0.165904996235379,0.121140313746617,1.03718125068323,-0.871454667321029,-0.0384808457358479,0.3245,0.918,0.7865,0.649,0.69,1,0.897875,1,1
"genus","Hylastes opacus","Ceratocystiopsis",NA,NA,TRUE,8,21,2,0.0740740740740741,0.078565686994902,0.119403904762453,0.0754630978492916,-0.150148653804517,-0.931451761767458,-0.0524066758237392,0.7975,0.928,0.7885,1,0.639,1,1,1,1
"genus","Hylastes opacus","Hawksworthiomyces",NA,NA,TRUE,8,10,1,0.0588235294117647,0.0496571815319435,0.0441478091987181,0.0607656769561263,0.214278212630978,0.359648685878033,-0.0379273229910477,0.6575,0.624,0.7075,1,1,1,1,1,1
"genus","Ips grandicollis","Leptographium",NA,NA,FALSE,19,20,11,0.392857142857143,0.446444822027874,0.1639561247659,0.150285183024597,-1.11839389814357,3.87227104419637,4.28037933515322,0.969,0.003,5e-04,0.56,0.006,0.001,0.8,0.0825,0.055
"genus","Ips grandicollis","Ophiostoma",NA,NA,FALSE,19,23,10,0.3125,0.279549064898154,0.187316932735246,0.179619227486152,1.00511768269457,2.23229943512117,2.46712926779035,0.3265,0.04,0.0215,0.653,0.08,0.043,0.897875,0.55,0.458333333333333
"genus","Ips grandicollis","Sporothrix",NA,NA,FALSE,19,34,12,0.292682926829268,0.304113185258573,0.22107520471422,0.216435395592577,-0.424734980319533,1.49031315996221,1.7332289965697,0.8565,0.118,0.0965,1,0.236,0.193,1,0.741794871794872,0.758214285714286
"genus","Ips grandicollis","Any Ophiostomatales",NA,NA,FALSE,19,44,14,0.285714285714286,0.303515467427119,0.226705976343476,0.232744975645849,-0.853649387243325,1.51559042656796,1.64956976215498,0.952,0.1195,0.1105,0.852,0.239,0.221,1,0.741794871794872,0.838275862068966
"genus","Ips grandicollis","Graphilbum",NA,NA,FALSE,19,20,8,0.258064516129032,0.246043989736803,0.169009746696092,0.196007738622996,0.444165071896944,1.54494129797458,1.19643367198898,0.568,0.113,0.195,1,0.226,0.39,1,0.741794871794872,1
"genus","Ips grandicollis","Ceratocystiopsis",NA,NA,FALSE,19,21,8,0.25,0.277061918055804,0.168896201511727,0.184717812103011,-1.02424465483958,1.42471113578315,1.22744408969517,1,0.1315,0.1885,0.86,0.263,0.377,1,0.741794871794872,1
"genus","Ips grandicollis","Grosmannia",NA,NA,FALSE,19,18,7,0.233333333333333,0.214139675510725,0.147394971563679,0.157254410932556,0.574810147475772,1.74235931845565,1.55706465516133,0.498,0.0865,0.1295,0.996,0.173,0.259,1,0.741794871794872,0.919032258064516
"genus","Ips grandicollis","Ophiostomatales (unclassified genus)",NA,NA,FALSE,19,7,4,0.181818181818182,0.140648314934806,0.0910335687324188,0.0841729117899818,1.1599848982597,1.95107194114729,2.00891761573432,0.3555,0.0865,0.073,0.711,0.173,0.146,0.927882352941176,0.741794871794872,0.6644
"genus","Ips grandicollis","Hawksworthiomyces",NA,NA,FALSE,19,10,3,0.115384615384615,0.102282622792877,0.0974130461005415,0.118618956493872,0.68134903967156,0.334016502095527,-0.0539524057793092,0.683,0.4935,0.639,1,0.987,1,1,1,1
"genus","Ips grandicollis","Raffaelea",NA,NA,FALSE,19,10,2,0.0740740740740741,0.0685973837549636,0.101950791183668,0.0893680886027056,0.198394435255315,-0.58095176378001,-0.346585607360727,0.721,0.8445,0.7865,1,0.93,1,1,1,1
"genus","Ips pini","Graphilbum",NA,NA,FALSE,5,20,3,0.136363636363636,0.0857911545646703,0.0764341798228296,0.0720663597373683,1.09370698802376,1.2831853781961,1.50379561422296,0.2735,0.218,0.172,0.547,0.436,0.344,0.79171052631579,1,1
"genus","Ips pini","Ceratocystiopsis",NA,NA,FALSE,5,21,3,0.130434782608696,0.100265139157195,0.083970291187379,0.131043584092065,0.659481079458212,0.954990655876789,-0.0116918278475367,0.427,0.2945,0.686,0.854,0.589,1,1,1,1
"genus","Ips pini","Grosmannia",NA,NA,FALSE,5,18,2,0.0952380952380952,0.0244765239762742,0.0651009487427714,0.0976660408126163,2.42950167458117,0.719500552579532,-0.0588696011191361,0.071,0.4275,0.752,0.142,0.855,1,0.294716981132075,1,1
"genus","Ips pini","Any Ophiostomatales",NA,NA,FALSE,5,44,4,0.0888888888888889,0.0623872748005575,0.0818907999818885,0.0970225011495686,1.15648071274287,0.316124955225242,-0.699516192008893,0.268,0.603,1,0.536,1,1,0.786133333333333,1,1
"genus","Ips pini","Sporothrix",NA,NA,FALSE,5,34,3,0.0833333333333333,0.0570653639293987,0.0701158139505015,0.0943871871585757,0.856717961010518,0.457116181342527,-0.54310395211489,0.345,0.5175,0.89,0.69,1,1,0.919759036144578,1,1
"genus","Ips pini","Ophiostoma",NA,NA,FALSE,5,23,2,0.0769230769230769,0.0349268651419734,0.0733272445711283,0.108008247899498,1.38235380358013,0.0849667877993485,-0.688132700809938,0.2265,0.626,0.879,0.453,1,0.827,0.682602739726027,1,1
"genus","Ips pini","Hawksworthiomyces",NA,NA,FALSE,5,10,1,0.0714285714285714,0.0732797717540097,0.0652094278907686,0.0470757356700325,-0.0301224625725524,0.0968234499158797,0.496733851652209,0.7085,0.6335,0.545,1,1,1,1,1,1
"genus","Ips pini","Raffaelea",NA,NA,FALSE,5,10,1,0.0714285714285714,0.0525482521480517,0.0578792143324408,0.0742294224035105,0.371309599668787,0.238939549738242,-0.055231593174235,0.591,0.6105,0.7865,1,1,1,1,1,1
"genus","Ips pini","Leptographium",NA,NA,FALSE,5,20,1,0.0416666666666667,0.0303031950757984,0.0628047295810527,0.0725663744727617,0.392248257330394,-0.479771185622456,-0.703075136142205,0.591,0.838,0.902,1,1,0.911,1,1,1
"genus","Ips pini","Ophiostomatales (unclassified genus)",NA,NA,FALSE,5,7,0,0,0,0.0560825867479203,0.0298330983673658,NA,-0.902931513336457,-0.698723352333415,1,1,1,1,0.96,1,1,1,1
"genus","Dryocoetes autographus","Leptographium",NA,NA,FALSE,14,20,5,0.172413793103448,0.313796155180084,0.111809085434406,0.11010430882408,-2.21479963817899,1.23328119698643,1.46153793873951,1,0.1885,0.154,0.023,0.377,0.308,0.0973076923076923,0.964418604651163,0.968
"genus","Dryocoetes autographus","Ophiostoma",NA,NA,FALSE,14,23,5,0.15625,0.210999173520376,0.107242852520788,0.100667376164899,-1.06029389851732,1.07636992890305,1.45766751745667,0.943,0.2285,0.15,0.522,0.457,0.3,0.775945945945946,1,0.968
"genus","Dryocoetes autographus","Sporothrix",NA,NA,FALSE,14,34,6,0.142857142857143,0.229041995483814,0.132981982938485,0.121566459784711,-2.30060249308387,0.257063558895754,0.638108538710706,0.9985,0.524,0.381,0.038,1,0.762,0.133333333333333,1,1
"genus","Dryocoetes autographus","Any Ophiostomatales",NA,NA,FALSE,14,44,7,0.137254901960784,0.21943529341911,0.131353629197893,0.112563819113058,-2.89491715342296,0.178639024026917,0.911310020797137,1,0.549,0.293,0.006,1,0.586,0.0513333333333333,1,1
"genus","Dryocoetes autographus","Graphilbum",NA,NA,FALSE,14,20,4,0.133333333333333,0.192342312851421,0.0912250811835333,0.0804223645429075,-1.23231230792068,0.93473270785917,1.46471703906013,0.9695,0.2835,0.166,0.423,0.567,0.332,0.664714285714286,1,1
"genus","Dryocoetes autographus","Ceratocystiopsis",NA,NA,FALSE,14,21,4,0.129032258064516,0.191883743597917,0.110831259109832,0.0884064020394996,-1.41480914355825,0.378609882991851,1.12362393052403,0.9855,0.4615,0.2655,0.307,0.923,0.531,0.539846153846154,1,1
"genus","Dryocoetes autographus","Grosmannia",NA,NA,FALSE,14,18,3,0.103448275862069,0.174382361738487,0.0643702350377701,0.0852709214457368,-1.40382954760985,1.0976418705785,0.461760698595072,0.974,0.267,0.489,0.304,0.534,0.978,0.539846153846154,1,1
"genus","Dryocoetes autographus","Hawksworthiomyces",NA,NA,FALSE,14,10,1,0.0434782608695652,0.104757948233232,0.0834148388646459,0.0703097454995141,-1.25962131735994,-0.754269443298995,-0.572800974845619,0.981,0.893,0.857,0.441,0.811,1,0.681388888888889,1,1
"genus","Dryocoetes autographus","Raffaelea",NA,NA,FALSE,14,10,0,0,0.121095808982085,0.0339932812255926,0.0301534166292629,-2.34548424819941,-1.11012896904661,-0.987239657544865,1,1,1,0.025,0.748,0.882,0.0982142857142857,1,1
"genus","Dryocoetes autographus","Ophiostomatales (unclassified genus)",NA,NA,FALSE,14,7,0,0,0.141040018203118,0.0162831415707855,0.0168334167083543,-2.13435360643076,-0.694763337995325,-0.712241237532478,1,1,1,0.047,1,1,0.147714285714286,1,1
"species","Pityogenes hopkinsi","Sporothrix rossii",NA,NA,TRUE,19,16,10,0.4,0.25975264514908,0.208810425746278,0.291218456234448,2.25796940922387,3.14288300397898,1.85079643985003,0.048,0.007,0.083,0.096,0.014,0.166,0.4268,0.385,1
"species","Pityogenes hopkinsi","Ceratocystiopsis manitobensis",NA,NA,TRUE,19,14,8,0.32,0.228550838514144,0.122872324693694,0.208243533159787,1.46701362058831,4.17933351726889,2.65480559186325,0.149,5e-04,0.026,0.298,0.001,0.052,0.776470588235294,0.11,1
"species","Pityogenes hopkinsi","Grosmannia francke-grosmanniae",NA,NA,TRUE,19,13,7,0.28,0.10981647821941,0.264918165309343,0.265294030977735,3.92769716708035,0.228939643909728,0.272508300028461,0.001,0.5445,0.539,0.002,1,1,0.0628571428571429,1,1
"species","Pityogenes hopkinsi","Leptographium gracile",NA,NA,TRUE,19,13,7,0.28,0.151206361745425,0.15399868441877,0.186821662967969,3.138729787287,2.21054496008593,1.59448629865976,0.009,0.0435,0.1215,0.018,0.087,0.243,0.191304347826087,0.7656,1
"species","Pityogenes hopkinsi","Sporothrix eucastaneae",NA,NA,TRUE,19,10,6,0.260869565217391,0.145923269941802,0.195511137492782,0.262417770149893,2.11572965593592,1.07827139914896,-0.0418460131892191,0.0545,0.2505,0.778,0.109,0.501,1,0.436,1,1
"species","Pityogenes hopkinsi","Ophiostoma denticulatum",NA,NA,TRUE,19,6,5,0.25,0.164936197654932,0.118614607362125,0.155249067221357,1.62962181239804,2.61728457517698,2.14193991847689,0.1365,0.024,0.074,0.273,0.048,0.148,0.741481481481482,0.598888888888889,1
"species","Pityogenes hopkinsi","Leptographium lundbergii",NA,NA,TRUE,19,7,5,0.238095238095238,0.17687169770904,0.119749267632123,0.183238786718789,1.0824514970305,2.33077770180099,1.07276561164397,0.269,0.047,0.295,0.538,0.094,0.59,1,0.795384615384615,1
"species","Pityogenes hopkinsi","Ophiostoma pallidulum",NA,NA,TRUE,19,7,5,0.238095238095238,0.124162333378247,0.165821871974949,0.200786917079849,2.46544847573193,1.39493695592256,0.83419334301515,0.037,0.1885,0.412,0.074,0.377,0.824,0.406521739130435,1,1
"species","Pityogenes hopkinsi","Raffaelea arxii",NA,NA,TRUE,19,9,5,0.217391304347826,0.0765157569494529,0.203679563957962,0.168023509068814,3.7669585101874,0.219787197508625,1.08187455939771,0.001,0.5465,0.294,0.002,1,0.588,0.0628571428571429,1,1
"species","Pityogenes hopkinsi","Ophiostoma denticiliatum",NA,NA,TRUE,19,5,4,0.2,0.092668525115183,0.162447805376133,0.200404713635009,2.40403761618928,0.776048481779071,-0.0103270316145318,0.0425,0.4225,0.7805,0.085,0.845,1,0.406521739130435,1,1
"species","Pityogenes hopkinsi","Ophiostoma adjuncti",NA,NA,TRUE,19,7,4,0.181818181818182,0.161235384302353,0.0644820424516802,0.0990109679345608,0.415601622976419,2.77738526500551,2.13617644513972,0.523,0.0245,0.074,1,0.049,0.148,1,0.598888888888889,1
"species","Pityogenes hopkinsi","Ceratocystiopsis rollhanseniana",NA,NA,TRUE,19,3,3,0.157894736842105,0.0647056611012278,0.0996194839274255,0.118305267922181,2.56283661300904,1.43095564565014,1.04886253472261,0.041,0.242,0.426,0.082,0.484,0.852,0.406521739130435,1,1
"species","Pityogenes hopkinsi","Grosmannia olivacea",NA,NA,TRUE,19,5,3,0.142857142857143,0.104154713393428,0.074964460743849,0.126313128331528,0.77745883699517,1.4560584310679,0.372250198465843,0.378,0.178,0.579,0.756,0.356,1,1,1,1
"species","Pityogenes hopkinsi","Ophiostoma undulatum",NA,NA,TRUE,19,6,3,0.136363636363636,0.0574760724047324,0.131078846529963,0.103376128116756,1.93592065310867,0.103276290914487,1.0229419020413,0.095,0.64,0.439,0.19,1,0.878,0.621176470588235,1,1
"species","Pityogenes hopkinsi","Ophiostoma sparsiannulatum",NA,NA,TRUE,19,3,2,0.1,0.0318921365444635,0.0753394240980132,0.119969884691718,2.07887632478684,0.628724599091304,-0.531611592471165,0.1095,0.503,0.887,0.219,1,1,0.645333333333333,1,1
"species","Pityogenes hopkinsi","Raffaelea crossotarsi",NA,NA,TRUE,19,3,2,0.1,0.0391366109119732,0.0692297276457776,0.0828890635794065,1.75420101094825,0.748801731800432,0.696346513644095,0.1435,0.4465,0.6735,0.287,0.893,1,0.77,1,1
"species","Pityogenes hopkinsi","Raffaelea subfusca",NA,NA,TRUE,19,3,2,0.1,0.0350937373448637,0.0764220456092697,0.100594407479427,1.93370706925399,0.595096815087675,-0.0165203677721658,0.1315,0.527,0.782,0.263,1,1,0.72325,1,1
"species","Pityogenes hopkinsi","Grosmannia cucullata",NA,NA,TRUE,19,4,2,0.0952380952380952,0.0388319700976035,0.118555324597823,0.0965978660325859,1.64012767336,-0.487189303745234,-0.03911654698614,0.1655,0.856,0.782,0.331,1,1,0.796304347826087,1,1
"species","Pityogenes hopkinsi","Ceratocystiopsis synnemata",NA,NA,TRUE,19,5,2,0.0909090909090909,0.072543329824144,0.0789109018534943,0.144736182766409,0.487631864164693,0.260183302345955,-1.03529754447501,0.5405,0.588,0.947,1,1,0.589,1,1,1
"species","Pityogenes hopkinsi","Ophiostoma karelicum",NA,NA,TRUE,19,3,1,0.0476190476190476,0.0325175118887772,0.054657027762002,0.031015507753878,0.425446720172359,-0.186279854170009,0.731479638887223,0.5325,0.795,0.6515,1,1,1,1,1,1
"species","Xyleborinus attenuatus","Grosmannia francke-grosmanniae",NA,NA,TRUE,24,13,12,0.48,0.175963446110508,0.350969859271761,0.37277597080998,5.39743215957509,2.81976179425857,2.48206879739547,5e-04,0.0235,0.0435,0.001,0.047,0.087,0.055,0.598888888888889,1
"species","Xyleborinus attenuatus","Raffaelea arxii",NA,NA,TRUE,24,9,8,0.32,0.113712574369852,0.266793231780727,0.287548581983299,4.10504220051335,1.27726790468956,0.79262542601415,5e-04,0.2425,0.4085,0.001,0.485,0.817,0.055,1,1
"species","Xyleborinus attenuatus","Leptographium gracile",NA,NA,TRUE,24,13,8,0.275862068965517,0.182762249060951,0.160621256786029,0.170638295003381,1.70326809031871,3.07762470258325,2.44719015323593,0.0975,0.0085,0.023,0.195,0.017,0.046,0.621739130434783,0.415555555555556,1
"species","Xyleborinus attenuatus","Sporothrix eucastaneae",NA,NA,TRUE,24,10,7,0.259259259259259,0.130777795676728,0.191096069303026,0.201432361866027,2.4947025036065,1.58408387444429,1.97421203420881,0.0255,0.139,0.1245,0.051,0.278,0.249,0.34,1,1
"species","Xyleborinus attenuatus","Sporothrix rossii",NA,NA,TRUE,24,16,8,0.25,0.188395299178426,0.220470940982345,0.213068655539889,1.05156650499438,0.708824200670054,1.51709202095287,0.2275,0.369,0.2255,0.455,0.738,0.451,1,1,1
"species","Xyleborinus attenuatus","Ophiostoma denticiliatum",NA,NA,TRUE,24,5,5,0.208333333333333,0.074550722654775,0.150154699857053,0.160827657418455,3.14356692387816,1.63721540424324,1.53088359141676,0.0065,0.168,0.223,0.013,0.336,0.446,0.17875,1,1
"species","Xyleborinus attenuatus","Leptographium lundbergii",NA,NA,TRUE,24,7,5,0.192307692307692,0.104509599578255,0.125939935920272,0.135327584427135,1.95657848610733,2.02670673315907,2.01205797999736,0.0765,0.0725,0.1175,0.153,0.145,0.235,0.542903225806452,1,1
"species","Xyleborinus attenuatus","Ophiostoma pallidulum",NA,NA,TRUE,24,7,5,0.192307692307692,0.108631751527596,0.147105239566297,0.162592386954567,1.73262946480425,1.22088024441856,0.844424799060128,0.1005,0.256,0.402,0.201,0.512,0.804,0.631714285714286,1,1
"species","Xyleborinus attenuatus","Ophiostoma undulatum",NA,NA,TRUE,24,6,4,0.153846153846154,0.0864500447352235,0.16925086474861,0.154904802828763,1.51258752324327,-0.462363515318426,-0.0359889972980413,0.149,0.887,0.785,0.298,1,1,0.776470588235294,1,1
"species","Xyleborinus attenuatus","Ceratocystiopsis manitobensis",NA,NA,TRUE,24,14,5,0.151515151515152,0.142557608795749,0.122054232982696,0.14026531982569,0.182922772055881,0.865297542682642,0.705074083772793,0.5415,0.341,0.668,1,0.682,1,1,1,1
"species","Xyleborinus attenuatus","Ceratocystiopsis rollhanseniana",NA,NA,TRUE,24,3,3,0.125,0.04505791357217,0.0921029745642066,0.0947691153268957,2.39713022641481,1.12401931055058,1.02521529845279,0.0465,0.3845,0.437,0.093,0.769,0.874,0.42625,1,1
"species","Xyleborinus attenuatus","Raffaelea crossotarsi",NA,NA,TRUE,24,3,3,0.125,0.0447675760957394,0.113744372186094,0.110052526263133,2.57389663321856,0.577398339554194,0.705074083772849,0.028,0.75,0.668,0.056,1,1,0.342222222222222,1,1
"species","Xyleborinus attenuatus","Grosmannia cucullata",NA,NA,TRUE,24,4,3,0.12,0.0651740115071795,0.132806032645953,0.135783019714985,1.41738514874625,-0.415607372204106,-0.507408702268209,0.1955,0.873,0.876,0.391,1,1,0.905473684210526,1,1
"species","Xyleborinus attenuatus","Ophiostoma denticulatum",NA,NA,TRUE,24,6,3,0.111111111111111,0.0913983548550854,0.0962375023560817,0.097925336294524,0.476266072316276,0.441133485677859,0.494528210982069,0.473,0.5565,0.5575,0.946,1,1,1,1,1
"species","Xyleborinus attenuatus","Ophiostoma karelicum",NA,NA,TRUE,24,3,2,0.08,0.0534338323007647,0.0734994420287067,0.0655166044560727,0.748732973283152,0.301240577823512,0.731479638887323,0.4155,0.7775,0.6515,0.831,1,1,1,1,1
"species","Xyleborinus attenuatus","Ophiostoma sparsiannulatum",NA,NA,TRUE,24,3,2,0.08,0.0454290606841876,0.0625801362219556,0.0526455535460025,1.00360493019599,0.637410079058506,1.01025588144685,0.325,0.5685,0.4455,0.65,1,0.891,1,1,1
"species","Xyleborinus attenuatus","Raffaelea subfusca",NA,NA,TRUE,24,3,2,0.08,0.0423078847115861,0.0628412283064593,0.0531534998268352,1.13565561535019,0.614561873516934,0.981064050680674,0.2825,0.575,0.4605,0.565,1,0.921,1,1,1
"species","Xyleborinus attenuatus","Ceratocystiopsis synnemata",NA,NA,TRUE,24,5,2,0.0740740740740741,0.0552508651558188,0.081281705158644,0.0752948207925704,0.572478363885689,-0.250030446657854,-0.0463748502916625,0.501,0.8445,0.7895,1,1,1,1,1,1
"species","Xyleborinus attenuatus","Grosmannia olivacea",NA,NA,TRUE,24,5,2,0.0740740740740741,0.0689060647539894,0.0781359870004198,0.0613322534283032,0.123619734691463,-0.155547882772878,0.705074083772804,0.612,0.841,0.668,1,1,1,1,1,1
"species","Xyleborinus attenuatus","Ophiostoma adjuncti",NA,NA,TRUE,24,7,1,0.0333333333333333,0.084447011725306,0.0433656665953848,0.0333333333333327,-1.24384545995391,-0.356357537540264,NA,0.972,0.8575,1,0.452,1,1,1,1,1
"species","Cyclorhipidion pelliculosum","Grosmannia francke-grosmanniae",NA,NA,TRUE,13,13,8,0.444444444444444,0.174041248122981,0.245666886415484,0.22411556308631,4.21223254359041,2.39131839451224,3.25927781846797,0.0015,0.041,0.008,0.003,0.082,0.016,0.0733333333333333,0.760833333333333,0.691428571428571
"species","Cyclorhipidion pelliculosum","Sporothrix eucastaneae",NA,NA,TRUE,13,10,6,0.352941176470588,0.123101759355415,0.202289282013179,0.213948554944826,4.20216992765011,1.82805674244315,2.58090214562142,5e-04,0.0915,0.038,0.001,0.183,0.076,0.055,1,1
"species","Cyclorhipidion pelliculosum","Raffaelea arxii",NA,NA,TRUE,13,9,5,0.294117647058824,0.119309236907509,0.19735504577194,0.184342813330102,3.02496806466115,1.1588879906061,1.52564848874222,0.009,0.2175,0.153,0.018,0.435,0.306,0.191304347826087,1,1
"species","Cyclorhipidion pelliculosum","Ophiostoma denticiliatum",NA,NA,TRUE,13,5,4,0.285714285714286,0.0941961526981985,0.135623912473366,0.153653297236852,3.05944155588583,2.43723676625331,2.10234631123791,0.014,0.0395,0.0845,0.028,0.079,0.169,0.236923076923077,0.760833333333333,1
"species","Cyclorhipidion pelliculosum","Raffaelea crossotarsi",NA,NA,TRUE,13,3,3,0.230769230769231,0.10484363060651,0.0832243960808228,0.094011841085376,2.04577170403553,2.41068216675919,2.23300129948539,0.094,0.0555,0.069,0.188,0.111,0.138,0.621176470588235,0.842068965517241,1
"species","Cyclorhipidion pelliculosum","Grosmannia cucullata",NA,NA,TRUE,13,4,3,0.214285714285714,0.0647121179637444,0.108107808482996,0.111461912274818,2.84273250985535,1.60592969440185,1.48838329097321,0.023,0.152,0.1795,0.046,0.304,0.359,0.31625,1,1
"species","Cyclorhipidion pelliculosum","Ophiostoma pallidulum",NA,NA,TRUE,13,7,3,0.176470588235294,0.0738224719514912,0.143250780385525,0.156916306450439,1.89894762411501,0.502815790609272,0.315517429049033,0.1055,0.485,0.562,0.211,0.97,1,0.644722222222222,1,1
"species","Cyclorhipidion pelliculosum","Sporothrix rossii",NA,NA,TRUE,13,16,4,0.16,0.111523233549029,0.158823117192739,0.16331203134083,0.902989833296388,0.0191568567418415,-0.0761451612279917,0.2905,0.608,0.716,0.581,1,1,1,1,1
"species","Cyclorhipidion pelliculosum","Ophiostoma sparsiannulatum",NA,NA,TRUE,13,3,2,0.142857142857143,0.0936966651824063,0.0584196860334923,0.0691631530050729,0.797157970844531,1.82144856276319,1.53646885372159,0.4185,0.1535,0.2275,0.837,0.307,0.455,1,1,1
"species","Cyclorhipidion pelliculosum","Leptographium gracile",NA,NA,TRUE,13,13,3,0.130434782608696,0.0761141440285367,0.149058312279958,0.152227156865175,1.27444680403677,-0.287278838414109,-0.326637157386817,0.2315,0.7405,0.742,0.463,1,1,1,1,1
"species","Cyclorhipidion pelliculosum","Grosmannia olivacea",NA,NA,TRUE,13,5,2,0.125,0.0502648383015048,0.0936784568754973,0.151280787452548,1.63470189369406,0.47886006000447,-0.544089998552053,0.1575,0.4735,0.8875,0.315,0.947,1,0.796304347826087,1,1
"species","Cyclorhipidion pelliculosum","Ophiostoma denticulatum",NA,NA,TRUE,13,6,2,0.117647058823529,0.0572917177543034,0.120061647303578,0.144030955720625,1.43067267650984,-0.0359397931814366,-0.404121087647077,0.2575,0.6775,0.806,0.515,1,1,1,1,1
"species","Cyclorhipidion pelliculosum","Ophiostoma undulatum",NA,NA,TRUE,13,6,2,0.117647058823529,0.0977571301990873,0.121690589692606,0.12096918557318,0.347141842458566,-0.058073101066219,-0.0530954928426719,0.563,0.683,0.695,1,1,1,1,1,1
"species","Cyclorhipidion pelliculosum","Leptographium lundbergii",NA,NA,TRUE,13,7,2,0.111111111111111,0.0554604787774016,0.0906831554752282,0.0933227191511152,1.38600038784307,0.377742822293915,0.428821824340805,0.2725,0.5445,0.5585,0.545,1,1,1,1,1
"species","Cyclorhipidion pelliculosum","Ceratocystiopsis rollhanseniana",NA,NA,TRUE,13,3,1,0.0666666666666667,0.0445603754258081,0.0898830367564718,0.0947444418179768,0.516770276922648,-0.393928954330558,-0.453763439958373,0.58,0.8435,0.853,1,1,1,1,1,1
"species","Cyclorhipidion pelliculosum","Ophiostoma karelicum",NA,NA,TRUE,13,3,1,0.0666666666666667,0.081736839115527,0.0536887491364726,0.0444889111222278,-0.253732987100593,0.273286700303007,0.484763934725561,0.7895,0.642,0.5515,1,1,1,1,1,1
"species","Cyclorhipidion pelliculosum","Raffaelea subfusca",NA,NA,TRUE,13,3,1,0.0666666666666667,0.0334167083541778,0.0590009290359459,0.0699921389266051,0.997252338263963,0.158928909814757,-0.0703435423316063,0.5015,0.6885,0.791,1,1,1,1,1,1
"species","Cyclorhipidion pelliculosum","Ceratocystiopsis synnemata",NA,NA,TRUE,13,5,1,0.0588235294117647,0.0193331960097697,0.0898913742585587,0.106940970485243,1.42884433740558,-0.498798220914602,-0.742151585694405,0.329,0.8415,0.9105,0.658,1,0.877,1,1,1
"species","Cyclorhipidion pelliculosum","Ceratocystiopsis manitobensis",NA,NA,TRUE,13,14,1,0.0384615384615385,0.0670784890773137,0.0817905661556841,0.0816127712685778,-0.752400591132483,-0.943829071351354,-1.04500082567945,0.9085,0.9375,0.948,0.853,0.67,0.598,1,1,1
"species","Cyclorhipidion pelliculosum","Ophiostoma adjuncti",NA,NA,TRUE,13,7,0,0,0.0175760394817294,0.0417606464050747,0.036448048585697,-0.618200236472991,-1.08483018155749,-0.988007958690301,1,1,1,1,0.765,0.879,1,1,1
"species","Dendroctonus valens","Leptographium gracile",NA,NA,TRUE,14,13,8,0.421052631578947,0.248948365491667,0.14318694495166,0.16285639928119,2.37236073485233,4.01410902863567,3.56163771626069,0.0355,0.002,0.0035,0.071,0.004,0.007,0.40051282051282,0.22,0.513333333333333
"species","Dendroctonus valens","Ophiostoma pallidulum",NA,NA,TRUE,14,7,6,0.4,0.182288060955146,0.138726019356429,0.17178946800542,2.90356812993748,4.12067776016262,3.14338844716784,0.014,0.0025,0.011,0.028,0.005,0.022,0.236923076923077,0.22,0.691428571428571
"species","Dendroctonus valens","Ophiostoma denticulatum",NA,NA,TRUE,14,6,5,0.333333333333333,0.169106347856714,0.110116781325453,0.135407099834749,2.32997965429151,3.36207205802099,3.22060990854806,0.0485,0.0145,0.0105,0.097,0.029,0.021,0.4268,0.524615384615385,0.691428571428571
"species","Dendroctonus valens","Sporothrix rossii",NA,NA,TRUE,14,16,7,0.304347826086957,0.195240145059616,0.161804599787645,0.195958450879385,2.0259795591321,2.19622331216583,1.92693330212995,0.07,0.0515,0.08,0.14,0.103,0.16,0.522033898305085,0.809285714285714,1
"species","Dendroctonus valens","Raffaelea arxii",NA,NA,TRUE,14,9,5,0.277777777777778,0.0886188233480316,0.16163826136595,0.152101947153421,3.79236083132524,1.64781063781934,2.03886147859118,0.0015,0.1225,0.0655,0.003,0.245,0.131,0.0733333333333333,1,1
"species","Dendroctonus valens","Grosmannia olivacea",NA,NA,TRUE,14,5,4,0.266666666666667,0.119444199223796,0.0793628023161914,0.143953185743199,2.29273616235831,3.09402648517001,1.81331284951734,0.052,0.0155,0.117,0.104,0.031,0.234,0.431698113207547,0.524615384615385,1
"species","Dendroctonus valens","Sporothrix eucastaneae",NA,NA,TRUE,14,10,5,0.263157894736842,0.117288047572182,0.167286030435755,0.202183547914305,2.73096184119763,1.38197730303538,1.22835680376461,0.019,0.1635,0.2525,0.038,0.327,0.505,0.278666666666667,1,1
"species","Dendroctonus valens","Leptographium lundbergii",NA,NA,TRUE,14,7,4,0.235294117647059,0.160454091855012,0.0964495341065802,0.107559352431635,1.13593158001077,2.32484384838585,2.62400081057727,0.2555,0.051,0.036,0.511,0.102,0.072,1,0.809285714285714,1
"species","Dendroctonus valens","Grosmannia francke-grosmanniae",NA,NA,TRUE,14,13,5,0.227272727272727,0.103360805734059,0.205232350451246,0.192869096886104,2.52060616232029,0.310341960077253,0.60858154157599,0.0315,0.487,0.4245,0.063,0.974,0.849,0.374594594594595,1,1
"species","Dendroctonus valens","Ceratocystiopsis rollhanseniana",NA,NA,TRUE,14,3,3,0.214285714285714,0.0980514066557088,0.0805655804092525,0.0871462516972772,1.93975024387563,2.52284318728184,2.22302716234835,0.108,0.0415,0.0755,0.216,0.083,0.151,0.645333333333333,0.760833333333333,1
"species","Dendroctonus valens","Ophiostoma denticiliatum",NA,NA,TRUE,14,5,3,0.1875,0.0778710433648205,0.124547515354317,0.141241208839716,2.071913254835,1.08714709363935,0.81407283098356,0.0875,0.298,0.402,0.175,0.596,0.804,0.592307692307692,1,1
"species","Dendroctonus valens","Ceratocystiopsis manitobensis",NA,NA,TRUE,14,14,4,0.166666666666667,0.187066126894735,0.097951526127353,0.137058661308177,-0.322093906775923,1.35811399667143,0.61843079667755,0.7445,0.175,0.4375,1,0.35,0.875,1,1,1
"species","Dendroctonus valens","Ophiostoma adjuncti",NA,NA,TRUE,14,7,3,0.166666666666667,0.148333403027625,0.0514733889132385,0.0523564413785837,0.305321181483586,2.62133696585423,2.55712978780542,0.5715,0.033,0.041,1,0.066,0.082,1,0.691428571428572,1
"species","Dendroctonus valens","Raffaelea crossotarsi",NA,NA,TRUE,14,3,2,0.133333333333333,0.0403201600800401,0.0602313061292556,0.08813126801496,2.50665557223152,1.39934485423307,0.766752962241139,0.0515,0.2075,0.408,0.103,0.415,0.816,0.431698113207547,1,1
"species","Dendroctonus valens","Raffaelea subfusca",NA,NA,TRUE,14,3,2,0.133333333333333,0.0430277638819411,0.0526033850258466,0.0641654160413547,2.08637032529177,1.84238475890144,1.50916301750352,0.11,0.1485,0.234,0.22,0.297,0.468,0.645333333333333,1,1
"species","Dendroctonus valens","Ophiostoma undulatum",NA,NA,TRUE,14,6,2,0.111111111111111,0.0636011160034793,0.106574719616924,0.11433223491691,1.00742707049764,0.0704798058220451,-0.0556129973280111,0.3245,0.626,0.7125,0.649,1,1,1,1,1
"species","Dendroctonus valens","Ophiostoma karelicum",NA,NA,TRUE,14,3,1,0.0625,0.0403951975987994,0.0497189070725842,0.0420314323828582,0.739553837531811,0.264778540306308,0.469496814063632,0.6465,0.6065,0.548,1,1,1,1,1,1
"species","Dendroctonus valens","Ophiostoma sparsiannulatum",NA,NA,TRUE,14,3,1,0.0625,0.0202288644322161,0.0504627313656831,0.0640674503918633,1.44519866046457,0.282693572667248,-0.0354007877321534,0.324,0.663,0.778,0.648,1,1,1,1,1
"species","Dendroctonus valens","Grosmannia cucullata",NA,NA,TRUE,14,4,1,0.0588235294117647,0.0296913162463592,0.0965143285928685,0.105730176012376,0.99029220161271,-0.608083761507881,-0.708114289383848,0.505,0.875,0.895,1,0.999,0.898,1,1,1
"species","Dendroctonus valens","Ceratocystiopsis synnemata",NA,NA,TRUE,14,5,0,0,0,0.0703426876837122,0.0989558913443657,NA,-1.26666436819356,-1.61917312574902,1,1,1,1,0.469,0.205,1,1,1
"species","Heteroborips seriatus","Grosmannia francke-grosmanniae",NA,NA,TRUE,21,13,13,0.619047619047619,0.278429395196374,0.241906285618488,0.363720076242206,4.951173810549,5.96731697673755,3.72109388113423,5e-04,5e-04,0.0025,0.001,0.001,0.005,0.055,0.11,0.513333333333333
"species","Heteroborips seriatus","Raffaelea arxii",NA,NA,TRUE,21,9,9,0.428571428571429,0.203417332597586,0.184676712049127,0.270267247162215,3.63487692611901,4.06600793190283,2.75897042141112,0.0035,0.0015,0.019,0.007,0.003,0.038,0.118461538461538,0.22,1
"species","Heteroborips seriatus","Sporothrix eucastaneae",NA,NA,TRUE,21,10,7,0.291666666666667,0.14379659620098,0.183427161551095,0.226126082984513,2.95759529598781,1.79159931300669,1.70853912601565,0.009,0.0895,0.1485,0.018,0.179,0.297,0.191304347826087,1,1
"species","Heteroborips seriatus","Sporothrix rossii",NA,NA,TRUE,21,16,8,0.275862068965517,0.183093555738749,0.196577499025164,0.264741460691414,1.98504498061023,1.3458645335434,0.243627858305465,0.063,0.1655,0.5815,0.126,0.331,1,0.486315789473684,1,1
"species","Heteroborips seriatus","Leptographium gracile",NA,NA,TRUE,21,13,7,0.259259259259259,0.174608047299139,0.156857666631371,0.203488347141165,1.69795817031598,1.78953706484044,0.970728999518907,0.102,0.0855,0.2725,0.204,0.171,0.545,0.632112676056338,1,1
"species","Heteroborips seriatus","Ophiostoma undulatum",NA,NA,TRUE,21,6,5,0.227272727272727,0.142540505799961,0.111108202322506,0.17480397313281,1.65142275291802,2.50734866660951,1.27715729317637,0.127,0.0295,0.287,0.254,0.059,0.574,0.72325,0.649,1
"species","Heteroborips seriatus","Ophiostoma pallidulum",NA,NA,TRUE,21,7,5,0.217391304347826,0.0873521921371938,0.13792830764447,0.136461820653916,3.01320476604278,1.63826854634672,2.0874307638594,0.0095,0.1195,0.081,0.019,0.239,0.162,0.191304347826087,1,1
"species","Heteroborips seriatus","Grosmannia cucullata",NA,NA,TRUE,21,4,4,0.19047619047619,0.0967858882386777,0.0975564480904087,0.136970058999007,2.18004026875326,2.04032240189059,1.28688441165069,0.054,0.082,0.2855,0.108,0.164,0.571,0.436,1,1
"species","Heteroborips seriatus","Ophiostoma denticiliatum",NA,NA,TRUE,21,5,4,0.181818181818182,0.0787003778569132,0.128514156381787,0.115007767388307,2.39988699390078,1.22965557124965,2.05819532915821,0.041,0.247,0.112,0.082,0.494,0.224,0.406521739130435,1,1
"species","Heteroborips seriatus","Ophiostoma denticulatum",NA,NA,TRUE,21,6,4,0.173913043478261,0.0901246625136837,0.106705900728674,0.127206137273562,1.85556103174246,1.40899723525377,1.06176998099199,0.096,0.182,0.303,0.192,0.364,0.606,0.621176470588235,1,1
"species","Heteroborips seriatus","Raffaelea crossotarsi",NA,NA,TRUE,21,3,3,0.142857142857143,0.0825565238858845,0.0678377020243604,0.0924310263545097,1.70321441109753,1.89162397750936,1.25441752000905,0.15,0.108,0.297,0.3,0.216,0.594,0.776470588235294,1,1
"species","Heteroborips seriatus","Leptographium lundbergii",NA,NA,TRUE,21,7,3,0.12,0.0855117029591228,0.107673601110319,0.107762792581723,0.798196137733105,0.267808833553161,0.293590323341262,0.372,0.5735,0.5645,0.744,1,1,1,1,1
"species","Heteroborips seriatus","Ceratocystiopsis manitobensis",NA,NA,TRUE,21,14,3,0.09375,0.0949878784697787,0.110122476737913,0.118602893839634,-0.0335789057832641,-0.368248492517173,-0.657824084202743,0.69,0.773,0.8695,1,1,0.86,1,1,1
"species","Heteroborips seriatus","Ceratocystiopsis rollhanseniana",NA,NA,TRUE,21,3,2,0.0909090909090909,0.0372953275056497,0.0802578025319831,0.0600201286413959,1.7092411458274,0.2870479008609,1.00616143917495,0.175,0.6335,0.449,0.35,1,0.898,0.819148936170213,1,1
"species","Heteroborips seriatus","Ophiostoma sparsiannulatum",NA,NA,TRUE,21,3,2,0.0909090909090909,0.051634512908628,0.0691119133818744,0.0442909201636386,1.22569568391169,0.564690824329783,1.55528060975581,0.336,0.5145,0.217,0.672,1,0.434,1,1,1
"species","Heteroborips seriatus","Raffaelea subfusca",NA,NA,TRUE,21,3,2,0.0909090909090909,0.0450857839987184,0.0700604395930318,0.0919621301333899,1.42019042833643,0.526718794750148,-0.0317686161373291,0.2585,0.5155,0.7785,0.517,1,1,1,1,1
"species","Heteroborips seriatus","Ophiostoma karelicum",NA,NA,TRUE,21,3,1,0.0434782608695652,0.0360180090045013,0.0450739203593888,0.0286665071666262,0.454996691477594,-0.0497509239821662,0.71863306512785,0.8285,0.7585,0.6595,1,1,1,1,1,1
"species","Heteroborips seriatus","Ceratocystiopsis synnemata",NA,NA,TRUE,21,5,1,0.04,0.0266333166583287,0.0882887745397267,0.11726805714169,0.708256466491098,-1.00970381372345,-1.57758776887599,0.666,0.938,0.9865,1,0.597,0.232,1,1,1
"species","Heteroborips seriatus","Grosmannia olivacea",NA,NA,TRUE,21,5,1,0.04,0.0482064945516241,0.0768127334888984,0.0549858262464568,-0.231306307766687,-0.822687486988033,-0.529696954491198,0.775,0.914,0.8875,1,0.773,1,1,1,1
"species","Heteroborips seriatus","Ophiostoma adjuncti",NA,NA,TRUE,21,7,1,0.037037037037037,0.0509422802569388,0.0689009585927622,0.0646034128175214,-0.443450391972185,-0.817200626441112,-0.827279910091583,0.8635,0.921,0.928,1,0.787,0.826,1,1,1
"species","Xyloterinus politus","Grosmannia francke-grosmanniae",NA,NA,TRUE,22,13,9,0.346153846153846,0.125623071184886,0.371531504358202,0.383436768241664,4.25424766626259,-0.401333996532645,-0.851306095549982,0.001,0.7865,0.938,0.002,1,0.825,0.0628571428571429,1,1
"species","Xyloterinus politus","Sporothrix rossii",NA,NA,TRUE,22,16,9,0.310344827586207,0.165902052837506,0.244915553761359,0.294912480870975,2.60774525599194,1.49274890060104,0.522405450989925,0.0215,0.1665,0.5365,0.043,0.333,1,0.305161290322581,1,1
"species","Xyloterinus politus","Sporothrix eucastaneae",NA,NA,TRUE,22,10,7,0.28,0.122819384342246,0.273966008632466,0.298142404535591,2.96808674768162,0.106334882782448,-0.717832973150477,0.01,0.614,1,0.02,1,1,0.191304347826087,1,1
"species","Xyloterinus politus","Ophiostoma pallidulum",NA,NA,TRUE,22,7,6,0.260869565217391,0.090400220283205,0.209084977271244,0.242551529387878,3.50745145486596,1.4665659261116,0.731479638887458,0.0035,0.2425,0.6515,0.007,0.485,1,0.118461538461538,1,1
"species","Xyloterinus politus","Leptographium gracile",NA,NA,TRUE,22,13,7,0.25,0.136891070245799,0.188013434669958,0.206987485214612,2.27982253509318,1.36063158183361,1.07595775986592,0.044,0.179,0.2905,0.088,0.358,0.581,0.411914893617021,1,1
"species","Xyloterinus politus","Raffaelea arxii",NA,NA,TRUE,22,9,6,0.24,0.0971509103042108,0.273737404692123,0.275131805032955,2.88960623782495,-0.616288110747567,-0.979154131613927,0.0135,0.858,1,0.027,0.896,0.894,0.236923076923077,1,1
"species","Xyloterinus politus","Ophiostoma denticiliatum",NA,NA,TRUE,22,5,5,0.227272727272727,0.0751015717649033,0.205144074013292,0.20941498417193,3.35412043196398,0.841541774255619,0.709052811307224,0.0065,0.5855,0.6655,0.013,1,1,0.17875,1,1
"species","Xyloterinus politus","Ophiostoma denticulatum",NA,NA,TRUE,22,6,4,0.166666666666667,0.0797343760447059,0.148420085181944,0.183541045885261,2.05983972298921,0.487736023521004,-0.705869233330645,0.0685,0.5575,1,0.137,1,1,0.519655172413793,1,1
"species","Xyloterinus politus","Ophiostoma undulatum",NA,NA,TRUE,22,6,4,0.166666666666667,0.0656632577406021,0.160046132319225,0.167542611885653,2.31386947127818,0.177341121527004,-0.0269851316482296,0.0425,0.682,0.778,0.085,1,1,0.406521739130435,1,1
"species","Xyloterinus politus","Ceratocystiopsis rollhanseniana",NA,NA,TRUE,22,3,3,0.136363636363636,0.042781107286186,0.123165337609512,0.119136643420521,2.59656304799422,0.603591563660848,0.731479638887423,0.0385,0.733,0.6515,0.077,1,1,0.406521739130435,1,1
"species","Xyloterinus politus","Grosmannia cucullata",NA,NA,TRUE,22,4,3,0.130434782608696,0.0486259532928525,0.146048155830221,0.164930291232575,2.13127150627849,-0.476898538387843,-1.42884433740565,0.074,0.8895,1,0.148,1,0.658,0.533770491803279,1,1
"species","Xyloterinus politus","Ceratocystiopsis manitobensis",NA,NA,TRUE,22,14,4,0.125,0.142314005509838,0.116173383396891,0.113677256516822,-0.349725796615666,0.309363607141967,0.488790433578614,0.756,0.602,0.552,1,1,1,1,1,1
"species","Xyloterinus politus","Leptographium lundbergii",NA,NA,TRUE,22,7,3,0.115384615384615,0.101027372793473,0.128721369231623,0.129266941162887,0.302149468775125,-0.460595560560429,-0.671923092535008,0.542,0.8815,1,1,1,1,1,1,1
"species","Xyloterinus politus","Ophiostoma sparsiannulatum",NA,NA,TRUE,22,3,2,0.0869565217391304,0.0499969187492298,0.079434644858659,0.0717994866998703,1.03404216872613,0.446162008767661,0.709052811307369,0.33,0.834,0.6655,0.66,1,1,1,1,1
"species","Xyloterinus politus","Raffaelea subfusca",NA,NA,TRUE,22,3,2,0.0869565217391304,0.0560742327685582,0.0796158949039714,0.0869565217391276,0.835093463427096,0.439699978417901,NA,0.3895,0.838,1,0.779,1,1,1,1,1
"species","Xyloterinus politus","Ceratocystiopsis synnemata",NA,NA,TRUE,22,5,2,0.08,0.0604717743487115,0.0948122723569157,0.110470452617615,0.561006993971104,-0.380734065235126,-1.01155474947875,0.508,0.8245,1,1,1,0.866,1,1,1
"species","Xyloterinus politus","Grosmannia olivacea",NA,NA,TRUE,22,5,2,0.08,0.0611523266954232,0.0946842568441423,0.110120060030016,0.434031331144161,-0.374115987633304,-1.42238993939303,0.476,0.8205,1,0.952,1,0.662,1,1,1
"species","Xyloterinus politus","Ophiostoma karelicum",NA,NA,TRUE,22,3,1,0.0416666666666667,0.0427935476302052,0.0619639529909882,0.0566877641719411,-0.0323315240263513,-0.787991172959526,-0.511349515604551,0.713,0.957,0.8875,1,1,1,1,1,1
"species","Xyloterinus politus","Raffaelea crossotarsi",NA,NA,TRUE,22,3,1,0.0416666666666667,0.0349071109995048,0.088504397126097,0.0883776868671466,0.223497980655619,-1.40366585614861,-1.51002948609432,0.663,0.9855,1,1,0.434,0.415,1,1,1
"species","Xyloterinus politus","Ophiostoma adjuncti",NA,NA,TRUE,22,7,1,0.0357142857142857,0.0870477373403835,0.0489239328659052,0.048475295848984,-1.20956418573991,-0.606696415718717,-0.705869233330755,0.954,0.9465,1,0.433,1,1,0.982061855670103,1,1
"species","Hylesinus aculeatus","Sporothrix eucastaneae",NA,NA,TRUE,6,10,5,0.454545454545455,0.123731329534229,0.157249520531161,0.33878127875127,4.18048549753542,3.51519381052753,1.49506849911485,0.0045,0.0055,0.243,0.009,0.011,0.486,0.141428571428571,0.385,1
"species","Hylesinus aculeatus","Ophiostoma denticiliatum",NA,NA,TRUE,6,5,3,0.375,0.0884608971152231,0.190966117979629,0.323029570340724,3.54125501368231,1.63825565373872,0.717832973150929,0.0165,0.161,0.66,0.033,0.322,1,0.257931034482759,1,1
"species","Hylesinus aculeatus","Grosmannia francke-grosmanniae",NA,NA,TRUE,6,13,5,0.357142857142857,0.119557275136169,0.180815181795452,0.21649248994245,3.94673223607752,2.24272606188426,2.15118989727791,0.0025,0.0575,0.0755,0.005,0.115,0.151,0.1,0.843333333333333,1
"species","Hylesinus aculeatus","Ophiostoma pallidulum",NA,NA,TRUE,6,7,3,0.3,0.0889270392772156,0.165534155966875,0.303836261565127,2.94256600541234,1.39126872114551,-0.0438928030102345,0.028,0.207,0.7715,0.056,0.414,1,0.342222222222222,1,1
"species","Hylesinus aculeatus","Grosmannia cucullata",NA,NA,TRUE,6,4,2,0.25,0.0773720193430061,0.13321740235197,0.156342059918846,2.3508401463188,1.09043002583511,1.43861901630985,0.0805,0.2855,0.326,0.161,0.571,0.652,0.5534375,1,1
"species","Hylesinus aculeatus","Ophiostoma denticulatum",NA,NA,TRUE,6,6,2,0.2,0.0789212788212297,0.117141904285476,0.203541164521648,1.7906644462092,0.919867431681797,-0.0438928030101395,0.1665,0.3345,0.7715,0.333,0.669,1,0.796304347826087,1,1
"species","Hylesinus aculeatus","Leptographium lundbergii",NA,NA,TRUE,6,7,2,0.181818181818182,0.0939143814331424,0.0987435637010443,0.187158730880595,1.17705495127953,1.07516169050529,-0.0733436957187305,0.2685,0.2895,0.78,0.537,0.579,1,1,1,1
"species","Hylesinus aculeatus","Sporothrix rossii",NA,NA,TRUE,6,16,3,0.157894736842105,0.093202574553775,0.122040311521429,0.160755523960811,1.36942793397326,0.60716280396742,-0.0694812631857883,0.213,0.4195,0.7855,0.426,0.839,1,0.97625,1,1
"species","Hylesinus aculeatus","Raffaelea arxii",NA,NA,TRUE,6,9,2,0.153846153846154,0.0487386550418061,0.161750080834624,0.185977604186706,2.29558547373758,-0.0857897345556679,-0.708256466491005,0.0785,0.6875,1,0.157,1,1,0.548253968253968,1,1
"species","Hylesinus aculeatus","Ceratocystiopsis rollhanseniana",NA,NA,TRUE,6,3,1,0.125,0.0205727863931966,0.135880440220109,0.17870542414064,2.25243170338029,-0.101174597005886,-0.70825646649106,0.165,0.757,1,0.33,1,1,0.796304347826087,1,1
"species","Hylesinus aculeatus","Leptographium gracile",NA,NA,TRUE,6,13,2,0.117647058823529,0.0871311881430917,0.0882736711493006,0.056974565714231,0.577633559181864,0.479147215821673,1.56350682188099,0.4925,0.463,0.2175,0.985,0.926,0.435,1,1,1
"species","Hylesinus aculeatus","Ceratocystiopsis manitobensis",NA,NA,TRUE,6,14,2,0.111111111111111,0.0767533749674989,0.0649922484462057,0.132952096963517,0.672490097477295,0.971186252694793,-0.70825646649115,0.442,0.3225,1,0.884,0.645,1,1,1,1
"species","Hylesinus aculeatus","Ceratocystiopsis synnemata",NA,NA,TRUE,6,5,1,0.1,0.0715635595575556,0.0620838196876209,0.0713023178255785,0.409474641989635,0.531738874824127,0.408191225460616,0.5905,0.504,0.583,1,1,1,1,1,1
"species","Hylesinus aculeatus","Ophiostoma adjuncti",NA,NA,TRUE,6,7,1,0.0833333333333333,0.0749192778207288,0.0362832931617324,0.0833333333333341,0.120914144906263,0.977369069516321,NA,0.6535,0.3955,1,1,0.791,1,1,1,1
"species","Hylesinus aculeatus","Grosmannia olivacea",NA,NA,TRUE,6,5,0,0,0.0318770496359293,0.0608276360402416,0.0334167083541773,-0.61626299899707,-0.852488619222576,-0.708256466491073,1,1,1,1,1,1,1,1,1
"species","Hylesinus aculeatus","Ophiostoma karelicum",NA,NA,TRUE,6,3,0,0,0,0.0523744014864576,0,NA,-0.730629191737998,NA,1,1,1,1,1,1,1,1,1
"species","Hylesinus aculeatus","Ophiostoma sparsiannulatum",NA,NA,TRUE,6,3,0,0,0.0608429214607304,0.0852390480954763,0.0417708854427214,-0.973585471942602,-0.983948169451026,-0.70825646649106,1,1,1,1,0.867,1,1,1,1
"species","Hylesinus aculeatus","Ophiostoma undulatum",NA,NA,TRUE,6,6,0,0,0.0130519805357224,0.113511301105098,0.030378825776525,-0.409336444616678,-1.24390160047204,-0.708256466491078,1,1,1,1,0.447,1,1,1,1
"species","Hylesinus aculeatus","Raffaelea crossotarsi",NA,NA,TRUE,6,3,0,0,0,0.0651754448652899,0.0417708854427214,NA,-0.798698092247397,-0.70825646649106,1,1,1,1,1,1,1,1,1
"species","Hylesinus aculeatus","Raffaelea subfusca",NA,NA,TRUE,6,3,0,0,0.0250750375187594,0.0839705567069249,0.0417708854427214,-0.500812481113393,-0.988500337094574,-0.70825646649106,1,1,1,1,0.868,1,1,1,1
"species","Hylastes opacus","Grosmannia francke-grosmanniae",NA,NA,TRUE,8,13,5,0.3125,0.0881044237288937,0.240145625027332,0.37233113162916,3.96994449862001,0.883756354944074,-0.707063316335584,0.0025,0.3055,0.8955,0.005,0.611,0.904,0.1,1,1
"species","Hylastes opacus","Raffaelea arxii",NA,NA,TRUE,8,9,4,0.307692307692308,0.113046679017164,0.205158321335162,0.346822203975775,2.7723643860885,1.15486262909638,-0.395313912985803,0.0275,0.2415,0.8185,0.055,0.483,1,0.342222222222222,1,1
"species","Hylastes opacus","Sporothrix rossii",NA,NA,TRUE,8,16,5,0.263157894736842,0.102276491153538,0.164579545933594,0.220536584081507,3.21317111963756,1.64461029171568,1.44025914472775,0.01,0.1265,0.3255,0.02,0.253,0.651,0.191304347826087,1,1
"species","Hylastes opacus","Grosmannia cucullata",NA,NA,TRUE,8,4,2,0.2,0.0465990571043104,0.158979489744869,0.247666257371102,2.48094559624358,0.432069343843654,-0.442862103641523,0.0715,0.534,0.8415,0.143,1,1,0.524333333333333,1,1
"species","Hylastes opacus","Ophiostoma denticiliatum",NA,NA,TRUE,8,5,2,0.181818181818182,0.0284233025603713,0.248658672770734,0.183394727666867,3.31279081018119,-0.600276708744916,-0.0215480836289075,0.033,0.8675,0.758,0.066,0.976,1,0.382105263157895,1,1
"species","Hylastes opacus","Leptographium gracile",NA,NA,TRUE,8,13,3,0.166666666666667,0.147884739583416,0.108003537372403,0.126595470077661,0.293192743658366,0.983303462991009,0.803826967739964,0.558,0.2915,0.4025,1,0.583,0.805,1,1,1
"species","Hylastes opacus","Ophiostoma denticulatum",NA,NA,TRUE,8,6,2,0.166666666666667,0.0663536896653467,0.139981879051412,0.137073198603962,1.77689589472411,0.324581613775409,0.464602738139408,0.1665,0.571,0.541,0.333,1,1,0.796304347826087,1,1
"species","Hylastes opacus","Ophiostoma undulatum",NA,NA,TRUE,8,6,2,0.166666666666667,0.0938471566785712,0.139093206276796,0.277056710173262,0.951949890121978,0.333979948279167,-1.42134641800529,0.3205,0.549,1,0.641,1,0.445,1,1,1
"species","Hylastes opacus","Leptographium lundbergii",NA,NA,TRUE,8,7,2,0.153846153846154,0.0634300666816923,0.124036543746403,0.126531672429626,1.75343952929936,0.4086581009256,0.469275334292685,0.17,0.546,0.541,0.34,1,1,0.804301075268817,1,1
"species","Hylastes opacus","Ophiostoma pallidulum",NA,NA,TRUE,8,7,2,0.153846153846154,0.0367958704627036,0.21506682412135,0.154574540017262,2.58570672418167,-0.64203892622,-0.0120816430877817,0.0615,0.8905,0.758,0.123,0.966,1,0.483214285714286,1,1
"species","Hylastes opacus","Sporothrix eucastaneae",NA,NA,TRUE,8,10,2,0.125,0.0408571933025344,0.202137146465925,0.149387193596797,1.83662286874563,-0.885021008120641,-0.693972160172596,0.1315,0.9295,1,0.263,0.701,1,0.72325,1,1
"species","Hylastes opacus","Ceratocystiopsis rollhanseniana",NA,NA,TRUE,8,3,1,0.1,0.0164582291145574,0.164255738980604,0.103974209326885,2.25243170338027,-0.6520310622059,-0.0536550708045452,0.165,0.9115,0.7745,0.33,1,1,0.796304347826087,1,1
"species","Hylastes opacus","Raffaelea subfusca",NA,NA,TRUE,8,3,1,0.1,0.0507253626813399,0.103735200933799,0.181440720360185,0.985349913131641,-0.0497011734898015,-1.41279952541076,0.5075,0.766,1,1,1,0.668,1,1,1
"species","Hylastes opacus","Ceratocystiopsis synnemata",NA,NA,TRUE,8,5,1,0.0833333333333333,0.0478989494747368,0.0658056300877705,0.0562364515591119,0.859885832178315,0.279371017353926,0.69397216017266,0.575,0.619,0.675,1,1,1,1,1,1
"species","Hylastes opacus","Ophiostoma adjuncti",NA,NA,TRUE,8,7,1,0.0714285714285714,0.0478398539929301,0.0417763826968425,0.0232258986636175,0.503462618323132,0.710708186603093,1.44025914472751,0.573,0.5395,0.3255,1,1,0.651,1,1,1
"species","Hylastes opacus","Ceratocystiopsis manitobensis",NA,NA,TRUE,8,14,1,0.0476190476190476,0.058563116144539,0.0851740308210018,0.0661259201029085,-0.264185826149903,-0.793941490421503,-0.549942082635124,0.7955,0.932,0.894,1,0.855,1,1,1,1
"species","Hylastes opacus","Grosmannia olivacea",NA,NA,TRUE,8,5,0,0,0.0424515287947003,0.0638705716494604,0.05552776388194,-0.756327500019202,-1.0728823934846,-1.41279952541064,1,1,1,1,0.756,0.668,1,1,1
"species","Hylastes opacus","Ophiostoma karelicum",NA,NA,TRUE,8,3,0,0,0.0169084542271137,0.0574287143571777,0.0330665332666336,-0.450987888453166,-0.981322696704633,-0.702690396067832,1,1,1,1,0.94,1,1,1,1
"species","Hylastes opacus","Ophiostoma sparsiannulatum",NA,NA,TRUE,8,3,0,0,0,0.104285476071368,0.0666333166583275,NA,-1.36543091174553,-1.41279952541064,1,1,1,1,0.48,0.668,1,1,1
"species","Hylastes opacus","Raffaelea crossotarsi",NA,NA,TRUE,8,3,0,0,0.0169084542271137,0.0681340670335158,0.104568951142237,-0.450987888453166,-1.01604526497043,-1.4130819741351,1,1,1,1,0.847,0.445,1,1,1
"species","Ips grandicollis","Leptographium gracile",NA,NA,FALSE,19,13,8,0.333333333333333,0.362157667172786,0.133866307072074,0.119474764196942,-0.528024417071451,3.30954090851259,3.73963554258295,0.8585,0.0065,0.0025,1,0.013,0.005,1,0.385,0.513333333333333
"species","Ips grandicollis","Ophiostoma denticulatum",NA,NA,FALSE,19,6,5,0.25,0.20204041414647,0.0855803160379347,0.0887129170645912,1.21857752626284,3.22371599279839,3.13499550085121,0.3415,0.011,0.008,0.683,0.022,0.016,1,0.484,0.691428571428571
"species","Ips grandicollis","Sporothrix rossii",NA,NA,FALSE,19,16,7,0.25,0.26595066370989,0.154409851618038,0.150047408563747,-0.450394445080185,1.58374723205577,2.08665117536391,0.857,0.1075,0.049,1,0.215,0.098,1,1,1
"species","Ips grandicollis","Ophiostoma adjuncti",NA,NA,FALSE,19,7,5,0.238095238095238,0.201035394414696,0.0919037045343687,0.101533814149688,1.0799098661532,2.76280483751522,2.47949364255144,0.4185,0.0185,0.035,0.837,0.037,0.07,1,0.557333333333333,1
"species","Ips grandicollis","Ophiostoma pallidulum",NA,NA,FALSE,19,7,5,0.238095238095238,0.210870445574757,0.0979777146242997,0.101088857057929,0.829762415642532,2.81388942966354,2.68250666411235,0.5635,0.019,0.0225,1,0.038,0.045,1,0.557333333333333,1
"species","Ips grandicollis","Ceratocystiopsis manitobensis",NA,NA,FALSE,19,14,6,0.222222222222222,0.223057041341188,0.13592646535262,0.153298481452205,-0.0257547194569059,1.54548128424779,1.38676597170384,0.7445,0.1255,0.167,1,0.251,0.334,1,1,1
"species","Ips grandicollis","Leptographium lundbergii",NA,NA,FALSE,19,7,4,0.181818181818182,0.194529694736322,0.0844902406030805,0.0856286810824959,-0.347921514963156,1.91555384527708,1.93072580235152,0.859,0.0895,0.0855,1,0.179,0.171,1,1,1
"species","Ips grandicollis","Grosmannia olivacea",NA,NA,FALSE,19,5,3,0.142857142857143,0.124825540946644,0.0619619952922758,0.0930573700175889,0.657953990585697,1.75360020618701,1.01326974202921,0.68,0.117,0.313,1,0.234,0.626,1,1,1
"species","Ips grandicollis","Sporothrix eucastaneae",NA,NA,FALSE,19,10,3,0.115384615384615,0.0953330755731952,0.122506610717672,0.115849178150327,0.839666789386847,-0.135862904216763,-0.0168560473109844,0.5585,0.699,0.792,1,1,1,1,1,1
"species","Ips grandicollis","Grosmannia francke-grosmanniae",NA,NA,FALSE,19,13,3,0.103448275862069,0.104494913911744,0.119633549176572,0.103759747522116,-0.0357672611654168,-0.360720787772232,-0.00896322052308323,0.7525,0.7815,0.7125,1,1,1,1,1,1
"species","Ips grandicollis","Ceratocystiopsis rollhanseniana",NA,NA,FALSE,19,3,2,0.1,0.0924009623859518,0.0484224568424572,0.0485127275417165,0.411831263673618,1.4010920070713,1.25557590412213,0.855,0.235,0.24,1,0.47,0.48,1,1,1
"species","Ips grandicollis","Ophiostoma denticiliatum",NA,NA,FALSE,19,5,2,0.0909090909090909,0.0762357463316648,0.0755105955010255,0.0746287881377165,0.616784250471552,0.387951219553159,0.407723150597929,0.7105,0.579,0.5775,1,1,1,1,1,1
"species","Ips grandicollis","Raffaelea arxii",NA,NA,FALSE,19,9,2,0.0769230769230769,0.0712501549920271,0.0901985866755209,0.077950086154189,0.197471143033574,-0.297376366622184,-0.0260030477308375,0.721,0.7665,0.7065,1,1,1,1,1,1
"species","Ips grandicollis","Ophiostoma karelicum",NA,NA,FALSE,19,3,1,0.0476190476190476,0.0476190476190498,0.0335641504963016,0.0315419614569198,NA,0.399581437907097,0.50635663769122,1,0.5525,0.5575,1,1,1,1,1,1
"species","Ips grandicollis","Raffaelea subfusca",NA,NA,FALSE,19,3,1,0.0476190476190476,0.023559398746993,0.0492864226599524,0.0496654342208706,1.01030821883279,-0.0417268434635492,-0.0482875266734798,0.495,0.725,0.7045,0.99,1,1,1,1,1
"species","Ips grandicollis","Grosmannia cucullata",NA,NA,FALSE,19,4,1,0.0454545454545455,0.0379053162945117,0.0530428520252392,0.0465340895556012,0.446162008767479,-0.192877226124236,-0.0273541856276341,0.834,0.7835,0.699,1,1,1,1,1,1
"species","Ips grandicollis","Ophiostoma undulatum",NA,NA,FALSE,19,6,1,0.0416666666666667,0.0564004828501207,0.0613737840122773,0.0427170106792528,-0.529243254936971,-0.461836925809357,-0.0360686185289197,0.9105,0.8375,0.779,1,1,1,1,1,1
"species","Ips grandicollis","Ceratocystiopsis synnemata",NA,NA,FALSE,19,5,0,0,0,0.066753353496267,0.0613520763769799,NA,-1.39806956735817,-1.33105711888781,1,1,1,1,0.339,0.388,1,1,1
"species","Ips grandicollis","Ophiostoma sparsiannulatum",NA,NA,FALSE,19,3,0,0,0,0.0488293018689804,0.0492529472756435,NA,-1.23739094587962,-1.19621176706426,1,1,1,1,0.56,0.585,1,1,1
"species","Ips grandicollis","Raffaelea crossotarsi",NA,NA,FALSE,19,3,0,0,0,0.0241120560280145,0.0159127182638938,NA,-0.821873879571994,-0.708256466491081,1,1,1,1,1,1,1,1,1
"species","Ips pini","Sporothrix eucastaneae",NA,NA,FALSE,5,10,3,0.25,0.0821042389326549,0.061589860864498,0.185881402239579,2.5756595822703,3.35633699117052,1.41439041644278,0.0425,0.013,0.3335,0.085,0.026,0.667,0.406521739130435,0.52,1
"species","Ips pini","Raffaelea crossotarsi",NA,NA,FALSE,5,3,1,0.142857142857143,0.0463088687200742,0.0371376164272614,0.0475952261845207,1.44354895429923,1.58154363350363,1.41439041644275,0.3245,0.249,0.3335,0.649,0.498,0.667,1,1,1
"species","Ips pini","Ceratocystiopsis manitobensis",NA,NA,FALSE,5,14,2,0.117647058823529,0.10412777000078,0.0863337481065465,0.141888673094718,0.214482763509232,0.548662292547142,-0.326187410001308,0.587,0.4535,0.7715,1,0.907,1,1,1,1
"species","Ips pini","Ceratocystiopsis synnemata",NA,NA,FALSE,5,5,1,0.111111111111111,0.116169195708967,0.0386066048897469,0.0780251236729486,-0.0566847224887563,1.1205608805531,0.401055433120664,0.738,0.301,0.5505,1,0.602,1,1,1,1
"species","Ips pini","Grosmannia olivacea",NA,NA,FALSE,5,5,1,0.111111111111111,0.0421043855260969,0.0377192564536241,0.075259852148298,1.05696632735501,1.18080995280896,0.690020303829288,0.3305,0.3015,0.6775,0.661,0.603,1,1,1,1
"species","Ips pini","Ophiostoma adjuncti",NA,NA,FALSE,5,7,1,0.0909090909090909,0.0558279139569794,0.0487819667409469,0.131312626009974,0.573680694373944,0.666979422873554,-0.397104674403633,0.5165,0.4395,0.807,1,0.879,1,1,1,1
"species","Ips pini","Raffaelea arxii",NA,NA,FALSE,5,9,1,0.0769230769230769,0.024935544695425,0.0625207708749493,0.0801554623465576,1.44354895429922,0.234298989063817,-0.0588222268305002,0.3245,0.6105,0.7865,0.649,1,1,1,1,1
"species","Ips pini","Grosmannia francke-grosmanniae",NA,NA,FALSE,5,13,1,0.0588235294117647,0.019068357708266,0.0686328458346833,0.0820704469882012,1.44354895429923,-0.194257122030537,-0.547820660379381,0.3245,0.782,0.891,0.649,1,1,1,1,1
"species","Ips pini","Ceratocystiopsis rollhanseniana",NA,NA,FALSE,5,3,0,0,0.0230829700564569,0.0353748302722792,0.0468805831487171,-0.43888991232085,-0.573548338794186,-0.698723352333391,1,1,1,1,1,1,1,1,1
"species","Ips pini","Grosmannia cucullata",NA,NA,FALSE,5,4,0,0,0,0.0452815693561067,0.0430215107553777,NA,-0.662705544049853,-0.724242852970805,1,1,1,1,1,1,1,1,1
"species","Ips pini","Leptographium gracile",NA,NA,FALSE,5,13,0,0,0,0.057749883345035,0.040420945767002,NA,-1.09778763145129,-0.973097255226503,1,1,1,1,0.659,0.893,1,1,1
"species","Ips pini","Leptographium lundbergii",NA,NA,FALSE,5,7,0,0,0.051480285597345,0.0467597435081184,0.0298330983673658,-0.883422378739663,-0.75381359363012,-0.698723352333415,1,1,1,1,1,1,1,1,1
"species","Ips pini","Ophiostoma denticiliatum",NA,NA,FALSE,5,5,0,0,0.017953421155022,0.0468011783669621,0.0747040186760063,-0.438889912320839,-0.852865822879785,-1.43209005635627,1,1,1,1,1,0.656,1,1,1
"species","Ips pini","Ophiostoma denticulatum",NA,NA,FALSE,5,6,0,0,0.0161580790395199,0.0420321271746983,0.0689733755766763,-0.438889912320842,-0.705210488132762,-0.981196276571371,1,1,1,1,1,0.873,1,1,1
"species","Ips pini","Ophiostoma karelicum",NA,NA,FALSE,5,3,0,0,0,0.0512827842492673,0.0521689416136637,NA,-0.600094331693954,-0.75826666498762,1,1,1,1,1,1,1,1,1
"species","Ips pini","Ophiostoma pallidulum",NA,NA,FALSE,5,7,0,0,0.0146891627631997,0.0456864796034388,0.0611214698258232,-0.438889912320834,-0.861908302161845,-1.43209005635625,1,1,1,1,1,0.656,1,1,1
"species","Ips pini","Ophiostoma sparsiannulatum",NA,NA,FALSE,5,3,0,0,0.0230829700564569,0.0234402915743587,0,-0.43888991232085,-0.44293504376782,NA,1,1,1,1,1,1,1,1,1
"species","Ips pini","Ophiostoma undulatum",NA,NA,FALSE,5,6,0,0,0.0161580790395199,0.0626118614862982,0.0333666833416711,-0.438889912320842,-0.817207644340257,-0.707460423009703,1,1,1,1,1,1,1,1,1
"species","Ips pini","Raffaelea subfusca",NA,NA,FALSE,5,3,0,0,0.0820886633793078,0.0229400414492962,0,-0.867068541856687,-0.4372681880058,NA,1,1,1,1,1,1,1,1,1
"species","Ips pini","Sporothrix rossii",NA,NA,FALSE,5,16,0,0,0.0382814214124602,0.0602347613435198,0.0532770771350585,-0.988879552302569,-1.24907358656848,-1.19203688449554,1,1,1,0.834,0.491,0.583,1,1,1
"species","Dryocoetes autographus","Ophiostoma denticulatum",NA,NA,FALSE,14,6,3,0.176470588235294,0.169470915368246,0.0511065646342273,0.0732402665040825,0.113054451922975,2.83338847614684,2.21397147042668,0.6535,0.028,0.076,1,0.056,0.152,1,0.648421052631579,1
"species","Dryocoetes autographus","Leptographium gracile",NA,NA,FALSE,14,13,4,0.173913043478261,0.280337923846699,0.103015790025927,0.111233627498718,-1.42468763078729,1.32799046352214,1.26526690177103,0.9835,0.184,0.2145,0.259,0.368,0.429,0.72325,1,1
"species","Dryocoetes autographus","Ophiostoma adjuncti",NA,NA,FALSE,14,7,3,0.166666666666667,0.163055327973588,0.09730605756955,0.0691301791246504,0.0572615674581462,1.1176789573202,2.17357278449007,0.6485,0.2425,0.0765,1,0.485,0.153,1,1,1
"species","Dryocoetes autographus","Ceratocystiopsis manitobensis",NA,NA,FALSE,14,14,3,0.12,0.172766956882493,0.0988910998859449,0.0506096923105439,-0.956359274722044,0.421897741911224,2.14158469426313,0.935,0.4695,0.0765,0.613,0.939,0.153,1,1,1
"species","Dryocoetes autographus","Grosmannia olivacea",NA,NA,FALSE,14,5,2,0.117647058823529,0.0782016825406175,0.0558134459386568,0.0667196343269689,0.825025281704632,1.31647964574486,1.23491973966523,0.417,0.2445,0.335,0.834,0.489,0.67,1,1,1
"species","Dryocoetes autographus","Sporothrix rossii",NA,NA,FALSE,14,16,3,0.111111111111111,0.238501236144619,0.0904961272943633,0.105943660643428,-2.10351953139191,0.423655555354346,0.129791880369583,1,0.4645,0.626,0.033,0.929,1,0.257931034482759,1,1
"species","Dryocoetes autographus","Leptographium lundbergii",NA,NA,FALSE,14,7,1,0.05,0.173228732529323,0.0455148626945047,0.0342408046128323,-1.87417255484139,0.110341976467944,0.449364379304545,0.997,0.66,0.554,0.101,1,1,0.431698113207547,1,1
"species","Dryocoetes autographus","Ophiostoma pallidulum",NA,NA,FALSE,14,7,1,0.05,0.119333041133571,0.0301176904241591,0.0337418709354669,-1.25128985439436,0.599505055079989,0.693972160172661,0.9755,0.5075,0.675,0.454,1,1,1,1,1
"species","Dryocoetes autographus","Sporothrix eucastaneae",NA,NA,FALSE,14,10,1,0.0434782608695652,0.0871541925677688,0.0609563392650586,0.0743474504050451,-1.01322015785735,-0.448266665007984,-1.36490455106073,0.95,0.856,1,0.637,1,0.699,1,1,1
"species","Dryocoetes autographus","Ceratocystiopsis rollhanseniana",NA,NA,FALSE,14,3,0,0,0.0560217608804406,0,0,-1.37180482307413,NA,NA,1,1,1,0.521,1,1,1,1,1
"species","Dryocoetes autographus","Ceratocystiopsis synnemata",NA,NA,FALSE,14,5,0,0,0.0118114612861987,0.0648134524778744,0.0770689674902818,-0.51949748083136,-1.32776252964338,-1.52606683053034,1,1,1,1,0.467,0.312,1,1,1
"species","Dryocoetes autographus","Grosmannia cucullata",NA,NA,FALSE,14,4,0,0,0.0404283023864883,0,0,-1.04325942557928,NA,NA,1,1,1,0.832,1,1,1,1,1
"species","Dryocoetes autographus","Grosmannia francke-grosmanniae",NA,NA,FALSE,14,13,0,0,0.120738486452105,0.025293415938739,0.0386454765844457,-2.4298631645968,-1.01911914837471,-1.44892006926832,1,1,1,0.02,0.869,0.458,0.191304347826087,1,1
"species","Dryocoetes autographus","Ophiostoma denticiliatum",NA,NA,FALSE,14,5,0,0,0.0687010171752556,0,0,-1.66287561210123,NA,NA,1,1,1,0.326,1,1,0.796304347826087,1,1
"species","Dryocoetes autographus","Ophiostoma karelicum",NA,NA,FALSE,14,3,0,0,0.0226738369184592,0.0108804402201101,0,-0.666094623600159,-0.458994445767699,NA,1,1,1,1,1,1,1,1,1
"species","Dryocoetes autographus","Ophiostoma sparsiannulatum",NA,NA,FALSE,14,3,0,0,0,0.0284204602301151,0.0211668334167084,NA,-0.912977421988537,-0.715434619588468,1,1,1,1,1,1,1,1,1
"species","Dryocoetes autographus","Ophiostoma undulatum",NA,NA,FALSE,14,6,0,0,0.083319609581194,0.00839893631026037,0.0180879913641034,-1.65854108145901,-0.435644309512682,-0.723440463192099,1,1,1,0.234,1,1,0.677368421052632,1,1
"species","Dryocoetes autographus","Raffaelea arxii",NA,NA,FALSE,14,9,0,0,0.11507185011964,0.0148028559734414,0.015303106098504,-2.37842168699094,-0.694763337995324,-0.712241237532502,1,1,1,0.034,1,1,0.257931034482759,1,1
"species","Dryocoetes autographus","Raffaelea crossotarsi",NA,NA,FALSE,14,3,0,0,0.010724112056028,0,0,-0.454996691477533,NA,NA,1,1,1,1,1,1,1,1,1
"species","Dryocoetes autographus","Raffaelea subfusca",NA,NA,FALSE,14,3,0,0,0.0550525262631319,0.0277013506753377,0.0216045522761381,-1.32942782302086,-0.891991310553795,-0.726652039083957,1,1,1,0.552,1,1,1,1,1
