Collection Date,State,Site,Lure,Trap Code,Class,Order,Family,Subfamily,Genus,Species,Finest ID,No of species,Count,Pinned,Notes
5/1/24,NH,C,E,C1-E,Insecta,Coleoptera,Curculionidae,Scolytinae,Cyclorhipidion,Cyclorhipidion pelliculosum,Cyclorhipidion pelliculosum,,80,,
5/1/24,NH,C,E,C1-E,Insecta,Coleoptera,Curculionidae,Scolytinae,Heteroborips,Heteroborips seriatus,Heteroborips seriatus,,36,,
5/1/24,NH,C,E,C1-E,Insecta,Coleoptera,Curculionidae,Scolytinae,Monarthrum,Monarthrum mali,Monarthrum mali,,1,,
5/1/24,NH,C,E,C1-E,Insecta,Coleoptera,Curculionidae,Scolytinae,Xyleborinus,Xyleborinus attenuatus,Xyleborinus attenuatus,,149,,
5/1/24,NH,C,E,C1-E,Insecta,Coleoptera,Curculionidae,Scolytinae,Xyleborinus,Xyleborinus saxesenii,Xyleborinus saxesenii,,1,,
5/1/24,NH,C,E,C1-E,Insecta,Coleoptera,Curculionidae,Scolytinae,Xylosandrus,Xylosandrus germanus,Xylosandrus germanus,,2,,
5/1/24,NH,C,E,C1-E,Insecta,Coleoptera,Elateridae,Elaterinae,Ampedus,Ampedus unnamed sp. ,Ampedus unnamed sp. ,,1,,
5/1/24,NH,C,E,C1-E,Insecta,Coleoptera,Endomychidae,Leiestinae,Phymaphora,Phymaphora pulchella,Phymaphora pulchella,,2,,
5/1/24,NH,C,E,C1-E,Insecta,Coleoptera,Hydrophilidae,Enochrinae,Cymbiodyta,,Cymbiodyta sp.,,1,,
5/1/24,NH,C,E,C1-E,Insecta,Coleoptera,Latridiidae,Corticariinae,Melanophthalma,,Melanophthalma sp.,,3,,
5/1/24,NH,C,E,C1-E,Insecta,Coleoptera,Nitidulidae,Cryptarchinae,Glischrochilus,Glischrochilus fasciatus,Glischrochilus fasciatus,,2,,
5/1/24,NH,C,E,C1-E,Insecta,Coleoptera,Nitidulidae,Cryptarchinae,Glischrochilus,Glischrochilus sanguinolentus,Glischrochilus sanguinolentus,,1,,
5/1/24,NH,C,E,C1-E,Insecta,Coleoptera,Silvanidae,Brontinae,Dendrophagus,Dendrophagus cygnaei,Dendrophagus cygnaei,,1,,
5/1/24,NH,C,E,C1-E,Insecta,Coleoptera,Staphylinidae,Aleocharinae,,,Aleocharinae gen. sp.,2,3,,
5/1/24,NH,C,E,C1-E,Insecta,Coleoptera,Staphylinidae,Mycetoporinae,Bryoporus,,Bryoporus sp.,,2,,
5/1/24,NH,C,E,C1-E,Insecta,Coleoptera,Thanerocleridae,Zenodosinae,Zenodosus,Zenodosus sanguineus,Zenodosus sanguineus,,1,,
5/1/24,NH,C,E,C1-E,Insecta,Hymenoptera,,,,,Parasitic Wasp,,1,,
5/1/24,NH,C,EA,C2-EA,Insecta,Coleoptera,Ciidae,Ciinae,Orthocis,Orthocis punctatus,Orthocis punctatus,,1,,
5/1/24,NH,C,EA,C2-EA,Insecta,Coleoptera,Cleridae,Clerinae,Enoclerus,Enoclerus nigripes,Enoclerus nigripes,,2,,
5/1/24,NH,C,EA,C2-EA,Insecta,Coleoptera,Curculionidae,Molytinae,Hylobius,Hylobius pales,Hylobius pales,,1,,
5/1/24,NH,C,EA,C2-EA,Insecta,Coleoptera,Curculionidae,Molytinae,Pissodes,Pissodes strobi,Pissodes strobi,,11,,
5/1/24,NH,C,EA,C2-EA,Insecta,Coleoptera,Curculionidae,Scolytinae,Dendroctonus,Dendroctonus valens,Dendroctonus valens,,3,,
5/1/24,NH,C,EA,C2-EA,Insecta,Coleoptera,Curculionidae,Scolytinae,Heteroborips,Heteroborips seriatus,Heteroborips seriatus,,4,,
5/1/24,NH,C,EA,C2-EA,Insecta,Coleoptera,Curculionidae,Scolytinae,Hylastes,Hylastes opacus,Hylastes opacus,,1,,
5/1/24,NH,C,EA,C2-EA,Insecta,Coleoptera,Curculionidae,Scolytinae,Hylurgops,Hylurgops pinifex,Hylurgops pinifex,,2,,
5/1/24,NH,C,EA,C2-EA,Insecta,Coleoptera,Curculionidae,Scolytinae,Trypodendron,Trypodendron retusum,Trypodendron retusum,,1,,
5/1/24,NH,C,EA,C2-EA,Insecta,Coleoptera,Curculionidae,Scolytinae,Xyleborinus,Xyleborinus attenuatus,Xyleborinus attenuatus,,31,,
5/1/24,NH,C,EA,C2-EA,Insecta,Coleoptera,Curculionidae,Scolytinae,Xylosandrus,Xylosandrus germanus,Xylosandrus germanus,,2,,
5/1/24,NH,C,EA,C2-EA,Insecta,Coleoptera,Curculionidae,Scolytinae,Xyloterinus,Xyloterinus politus,Xyloterinus politus,,1,,
5/1/24,NH,C,EA,C2-EA,Insecta,Coleoptera,Dytiscidae,Dytiscinae,Acilius,Acilius mediatus,Acilius mediatus,,1,,
5/1/24,NH,C,EA,C2-EA,Insecta,Coleoptera,Elateridae,Elaterinae,Ampedus,Ampedus unnamed sp. ,Ampedus unnamed sp. ,,1,,
5/1/24,NH,C,EA,C2-EA,Insecta,Coleoptera,Endomychidae,Leiestinae,Phymaphora,Phymaphora pulchella,Phymaphora pulchella,,1,,
5/1/24,NH,C,EA,C2-EA,Insecta,Coleoptera,Lampyridae,Lampyrinae,Ellychnia,Ellychnia corrusca,Ellychnia corrusca,,1,,
5/1/24,NH,C,EA,C2-EA,Insecta,Coleoptera,Latridiidae,Corticariinae,Melanophthalma,,Melanophthalma sp.,,5,,
5/1/24,NH,C,EA,C2-EA,Insecta,Coleoptera,Nitidulidae,Cryptarchinae,Glischrochilus,Glischrochilus sanguinolentus,Glischrochilus sanguinolentus,,1,,
5/1/24,NH,C,EA,C2-EA,Insecta,Coleoptera,Silvanidae,Brontinae,Dendrophagus,Dendrophagus cygnaei,Dendrophagus cygnaei,,1,,
5/1/24,NH,C,EA,C2-EA,Insecta,Coleoptera,Staphylinidae,Aleocharinae,,,Aleocharinae gen. sp.,2,2,,
5/1/24,NH,C,EA,C2-EA,Insecta,Coleoptera,Staphylinidae,Xantholininae,Nudobius,Nudobius cephalus,Nudobius cephalus,,1,,
5/1/24,NH,C,EA,C2-EA,Insecta,Hemiptera,Anthocoridae,Nosubfamily_Anthocoridae,Amphiareus,Amphiareus obscuriceps,Amphiareus obscuriceps,,1,,
5/1/24,NH,C,EA,C2-EA,Insecta,Hymenoptera,,,,,Parasitic Wasp,,3,,
5/1/24,NH,C,I,C3-I,Insecta,Coleoptera,Curculionidae,Conoderinae,Cylindrocopturus,Cylindrocopturus longulus,Cylindrocopturus longulus,,1,,
5/1/24,NH,C,I,C3-I,Insecta,Coleoptera,Curculionidae,Scolytinae,Xyleborinus,Xyleborinus attenuatus,Xyleborinus attenuatus,,1,,
5/1/24,NH,C,I,C3-I,Insecta,Coleoptera,Curculionidae,Scolytinae,Xyloterinus,Xyloterinus politus,Xyloterinus politus,,1,,
5/1/24,NH,C,I,C3-I,Insecta,Coleoptera,Mycetophagidae,Mycetophaginae,Mycetophagus,Mycetophagus pluripunctatus,Mycetophagus pluripunctatus,,1,,
5/1/24,NH,C,I,C3-I,Insecta,Coleoptera,Staphylinidae,Staphylininae,,,Staphylinine gen. sp.,,1,,
5/1/24,NH,C,I,C3-I,Insecta,Hymenoptera,,,,,Bee,,1,,
5/1/24,NH,C,I,C3-I,Insecta,Hymenoptera,,,,,Parasitic Wasp,,1,,
5/1/24,NH,C,I,C3-I,Insecta,Plecoptera,,,,,Plecoptera,,1,,
5/1/24,NH,D,E,D1-E,Insecta,Coleoptera,Cleridae,Clerinae,Enoclerus,Enoclerus nigripes,Enoclerus nigripes,,3,,
5/1/24,NH,D,E,D1-E,Insecta,Coleoptera,Cucujidae,NoSubfamily_Cucujidae,Cucujus,Cucujus clavipes,Cucujus clavipes,,1,,
5/1/24,NH,D,E,D1-E,Insecta,Coleoptera,Curculionidae,Scolytinae,Cyclorhipidion,Cyclorhipidion pelliculosum,Cyclorhipidion pelliculosum,,10,,
5/1/24,NH,D,E,D1-E,Insecta,Coleoptera,Curculionidae,Scolytinae,Dendroctonus,Dendroctonus valens,Dendroctonus valens,,1,,
5/1/24,NH,D,E,D1-E,Insecta,Coleoptera,Curculionidae,Scolytinae,Heteroborips,Heteroborips seriatus,Heteroborips seriatus,,2,,
5/1/24,NH,D,E,D1-E,Insecta,Coleoptera,Curculionidae,Scolytinae,Ips,Ips pini,Ips pini,,1,,
5/1/24,NH,D,E,D1-E,Insecta,Coleoptera,Curculionidae,Scolytinae,Pityogenes,Pityogenes hopkinsi,Pityogenes hopkinsi,,1,,
5/1/24,NH,D,E,D1-E,Insecta,Coleoptera,Curculionidae,Scolytinae,Xyleborinus,Xyleborinus attenuatus,Xyleborinus attenuatus,,31,,
5/1/24,NH,D,E,D1-E,Insecta,Coleoptera,Curculionidae,Scolytinae,Xylosandrus,Xylosandrus germanus,Xylosandrus germanus,,8,,
5/1/24,NH,D,E,D1-E,Insecta,Coleoptera,Endomychidae,Leiestinae,Phymaphora,Phymaphora pulchella,Phymaphora pulchella,,1,,
5/1/24,NH,D,E,D1-E,Insecta,Coleoptera,Laemophloeidae,NoSubfamily_Laemophloeidae,Charaphloeus,Charaphloeus convexulus,Charaphloeus convexulus,,1,,
5/1/24,NH,D,E,D1-E,Insecta,Coleoptera,Latridiidae,Corticariinae,Melanophthalma,,Melanophthalma sp.,,5,,
5/1/24,NH,D,E,D1-E,Insecta,Coleoptera,Latridiidae,Latridiinae,Enicmus,Enicmus tenuicornis,Enicmus tenuicornis,,1,,
5/1/24,NH,D,E,D1-E,Insecta,Coleoptera,Scirtidae,Scirtinae,Contacyphon,,Contacyphon sp.,,2,,
5/1/24,NH,D,E,D1-E,Insecta,Coleoptera,Staphylinidae,Aleocharinae,,,Aleocharinae gen. sp.,,1,,
5/1/24,NH,D,E,D1-E,Insecta,Coleoptera,Staphylinidae,Tachyporinae,Sepedophilus,,Sepedophilus sp.,,1,,
5/1/24,NH,D,EA,D2-EA,Arachnida,Araneae,,,,,Spider,,1,,
5/1/24,NH,D,EA,D2-EA,Insecta,Coleoptera,Cleridae,Clerinae,Enoclerus,Enoclerus nigripes,Enoclerus nigripes,,2,,
5/1/24,NH,D,EA,D2-EA,Insecta,Coleoptera,Curculionidae,Molytinae,Pissodes,Pissodes strobi,Pissodes strobi,,4,,
5/1/24,NH,D,EA,D2-EA,Insecta,Coleoptera,Curculionidae,Scolytinae,Gnathotrichus,Gnathotrichus materiarius,Gnathotrichus materiarius,,2,,
5/1/24,NH,D,EA,D2-EA,Insecta,Coleoptera,Curculionidae,Scolytinae,Heteroborips,Heteroborips seriatus,Heteroborips seriatus,,2,,
5/1/24,NH,D,EA,D2-EA,Insecta,Coleoptera,Curculionidae,Scolytinae,Hylurgops,Hylurgops pinifex,Hylurgops pinifex,,1,,
5/1/24,NH,D,EA,D2-EA,Insecta,Coleoptera,Curculionidae,Scolytinae,Monarthrum,Monarthrum mali,Monarthrum mali,,2,,
5/1/24,NH,D,EA,D2-EA,Insecta,Coleoptera,Curculionidae,Scolytinae,Orthotomicus,Orthotomicus caelatus,Orthotomicus caelatus,,2,,
5/1/24,NH,D,EA,D2-EA,Insecta,Coleoptera,Curculionidae,Scolytinae,Pityogenes,Pityogenes hopkinsi,Pityogenes hopkinsi,,1,,
5/1/24,NH,D,EA,D2-EA,Insecta,Coleoptera,Curculionidae,Scolytinae,Pityophthorus,Pityophthorus cariniceps,Pityophthorus cariniceps,,1,,
5/1/24,NH,D,EA,D2-EA,Insecta,Coleoptera,Curculionidae,Scolytinae,Xyleborinus,Xyleborinus attenuatus,Xyleborinus attenuatus,,8,,
5/1/24,NH,D,EA,D2-EA,Insecta,Coleoptera,Curculionidae,Scolytinae,Xylosandrus,Xylosandrus germanus,Xylosandrus germanus,,5,,
5/1/24,NH,D,EA,D2-EA,Insecta,Coleoptera,Curculionidae,Scolytinae,Xyloterinus,Xyloterinus politus,Xyloterinus politus,,1,,
5/1/24,NH,D,EA,D2-EA,Insecta,Coleoptera,Endomychidae,Leiestinae,Phymaphora,Phymaphora pulchella,Phymaphora pulchella,,1,,
5/1/24,NH,D,EA,D2-EA,Insecta,Coleoptera,Hydraenidae,Hydraeninae,Hydraena,,Hydraena sp.,,1,,
5/1/24,NH,D,EA,D2-EA,Insecta,Coleoptera,Hydrophilidae,Enochrinae,Cymbiodyta,,Cymbiodyta sp.,,1,,
5/1/24,NH,D,EA,D2-EA,Insecta,Coleoptera,Hydrophilidae,Enochrinae,Enochrus,,Enochrus sp.,,1,,
5/1/24,NH,D,EA,D2-EA,Insecta,Coleoptera,Latridiidae,Corticariinae,Cortinicara,Cortinicara gibbosa,Cortinicara gibbosa,,2,,
5/1/24,NH,D,EA,D2-EA,Insecta,Coleoptera,Latridiidae,Corticariinae,Melanophthalma,,Melanophthalma sp.,,4,,
5/1/24,NH,D,EA,D2-EA,Insecta,Coleoptera,Nitidulidae,Cryptarchinae,Glischrochilus,Glischrochilus fasciatus,Glischrochilus fasciatus,,1,,
5/1/24,NH,D,EA,D2-EA,Insecta,Coleoptera,Scirtidae,Scirtinae,Contacyphon,,Contacyphon sp.,,2,,
5/1/24,NH,D,EA,D2-EA,Insecta,Coleoptera,Staphylinidae,Aleocharinae,,,Aleocharinae gen. sp.,2,3,,
5/1/24,NH,D,EA,D2-EA,Insecta,Coleoptera,Tenebrionidae,Diaperinae,Corticeus,Corticeus praetermissus,Corticeus praetermissus,,1,,
5/1/24,NH,D,I,D3-I,Arachnida,Araneae,,,,,Spider,2,2,,
5/1/24,NH,D,I,D3-I,Insecta,Coleoptera,Ciidae,Ciinae,Orthocis,Orthocis punctatus,Orthocis punctatus,,1,,
5/1/24,NH,D,I,D3-I,Insecta,Coleoptera,Cryptophagidae,Cryptophaginae,Cryptophagus,,Cryptophagus sp.,,2,,
5/1/24,NH,D,I,D3-I,Insecta,Coleoptera,Curculionidae,Scolytinae,Xyleborinus,Xyleborinus attenuatus,Xyleborinus attenuatus,,1,,
5/1/24,NH,D,I,D3-I,Insecta,Coleoptera,Hydrophilidae,Enochrinae,Cymbiodyta,,Cymbiodyta sp.,,1,,
5/1/24,NH,D,I,D3-I,Insecta,Coleoptera,Laemophloeidae,NoSubfamily_Laemophloeidae,Charaphloeus,Charaphloeus convexulus,Charaphloeus convexulus,,2,,
5/1/24,NH,D,I,D3-I,Insecta,Coleoptera,Latridiidae,Corticariinae,Melanophthalma,,Melanophthalma sp.,,4,,
5/1/24,NH,D,I,D3-I,Insecta,Coleoptera,Latridiidae,Latridiinae,Enicmus,Enicmus tenuicornis,Enicmus tenuicornis,,1,,
5/1/24,NH,D,I,D3-I,Insecta,Coleoptera,Salpingidae,Salpinginae,Rhinosimus,Rhinosimus viridiaeneus,Rhinosimus viridiaeneus,,1,,
5/1/24,NH,D,I,D3-I,Insecta,Coleoptera,Scirtidae,Scirtinae,Contacyphon,,Contacyphon sp.,,1,,
5/1/24,NH,D,I,D3-I,Insecta,Coleoptera,Silvanidae,Brontinae,Dendrophagus,Dendrophagus cygnaei,Dendrophagus cygnaei,,1,,
5/1/24,NH,D,I,D3-I,Insecta,Hymenoptera,Ichneumonidae,,,,Ichneumonidae gen. sp.,,2,,
5/1/24,NH,D,I,D3-I,Insecta,Hymenoptera,,,,,Parasitic Wasp,,1,,https://bugguide.net/node/view/2404779
5/1/24,NH,M,E,M1-E,Arachnida,Araneae,,,,,Spider,4,5,,
5/1/24,NH,M,E,M1-E,Insecta,Coleoptera,Ciidae,Ciinae,Orthocis,Orthocis punctatus,Orthocis punctatus,,2,,
5/1/24,NH,M,E,M1-E,Insecta,Coleoptera,Ciidae,Ciinae,Orthocis,Orthocis reflexicollis,Orthocis reflexicollis,,1,,
5/1/24,NH,M,E,M1-E,Insecta,Coleoptera,Curculionidae,Scolytinae,Cyclorhipidion,Cyclorhipidion pelliculosum,Cyclorhipidion pelliculosum,,15,,
5/1/24,NH,M,E,M1-E,Insecta,Coleoptera,Curculionidae,Scolytinae,Pityogenes,Pityogenes hopkinsi,Pityogenes hopkinsi,,1,,
5/1/24,NH,M,E,M1-E,Insecta,Coleoptera,Curculionidae,Scolytinae,Xyleborinus,Xyleborinus attenuatus,Xyleborinus attenuatus,,40,,
5/1/24,NH,M,E,M1-E,Insecta,Coleoptera,Curculionidae,Scolytinae,Xylosandrus,Xylosandrus germanus,Xylosandrus germanus,,16,,
5/1/24,NH,M,E,M1-E,Insecta,Coleoptera,Curculionidae,Scolytinae,Xyloterinus,Xyloterinus politus,Xyloterinus politus,,2,,
5/1/24,NH,M,E,M1-E,Insecta,Coleoptera,Lampyridae,Lampyrinae,Ellychnia,Ellychnia corrusca,Ellychnia corrusca,,1,,
5/1/24,NH,M,E,M1-E,Insecta,Coleoptera,Latridiidae,Corticariinae,Melanophthalma,,Melanophthalma sp.,,6,,
5/1/24,NH,M,E,M1-E,Insecta,Coleoptera,Latridiidae,Latridiinae,Enicmus,Enicmus tenuicornis,Enicmus tenuicornis,,3,,
5/1/24,NH,M,E,M1-E,Insecta,Coleoptera,Lophocateridae,NoSubfamily_Lophocateridae,Grynocharis,Grynocharis quadrilineata,Grynocharis quadrilineata,,1,,
5/1/24,NH,M,E,M1-E,Insecta,Coleoptera,Nitidulidae,Cillaeinae,Colopterus,Colopterus truncatus,Colopterus truncatus,,7,,
5/1/24,NH,M,E,M1-E,Insecta,Coleoptera,Nitidulidae,Cryptarchinae,Glischrochilus,Glischrochilus fasciatus,Glischrochilus fasciatus,,1,,
5/1/24,NH,M,E,M1-E,Insecta,Coleoptera,Nitidulidae,Cryptarchinae,Glischrochilus,Glischrochilus sanguinolentus,Glischrochilus sanguinolentus,,6,,
5/1/24,NH,M,E,M1-E,Insecta,Coleoptera,Ptiliidae,,,,Ptiliidae gen. sp.,,1,,
5/1/24,NH,M,E,M1-E,Insecta,Coleoptera,Scarabaeidae,Melolonthinae,Hoplia,Hoplia trifasciata,Hoplia trifasciata,,4,,
5/1/24,NH,M,E,M1-E,Insecta,Coleoptera,Scirtidae,Scirtinae,Contacyphon,,Contacyphon sp.,,1,,
5/1/24,NH,M,E,M1-E,Insecta,Coleoptera,Staphylinidae,Aleocharinae,,,Aleocharinae gen. sp.,2,2,,
5/1/24,NH,M,E,M1-E,Insecta,Coleoptera,Staphylinidae,Tachyporinae,Sepedophilus,,Sepedophilus sp.,,1,,
5/1/24,NH,M,E,M1-E,Insecta,Hymenoptera,,,,,Bee,,1,,
5/1/24,NH,M,E,M1-E,Insecta,Hymenoptera,,,,,Platygastroid,,1,,
5/1/24,NH,M,E,M1-E,Insecta,Lepidoptera,,,,,Moth,,1,,
5/1/24,NH,M,EA,M2-EA,Arachnida,Araneae,,,,,Spider,3,5,,
5/1/24,NH,M,EA,M2-EA,Insecta,Coleoptera,Cleridae,Clerinae,Enoclerus,Enoclerus nigripes,Enoclerus nigripes,,2,,
5/1/24,NH,M,EA,M2-EA,Insecta,Coleoptera,Corylophidae,Corylophinae,Clypastraea,Clypastraea lunata,Clypastraea lunata,,1,,
5/1/24,NH,M,EA,M2-EA,Insecta,Coleoptera,Curculionidae,Molytinae,Pissodes,Pissodes strobi,Pissodes strobi,,10,,
5/1/24,NH,M,EA,M2-EA,Insecta,Coleoptera,Curculionidae,Scolytinae,Conophthorus,Conophthorus coniperda,Conophthorus coniperda,,1,,
5/1/24,NH,M,EA,M2-EA,Insecta,Coleoptera,Curculionidae,Scolytinae,Cyclorhipidion,Cyclorhipidion pelliculosum,Cyclorhipidion pelliculosum,,1,,
5/1/24,NH,M,EA,M2-EA,Insecta,Coleoptera,Curculionidae,Scolytinae,Dendroctonus,Dendroctonus valens,Dendroctonus valens,,7,,
5/1/24,NH,M,EA,M2-EA,Insecta,Coleoptera,Curculionidae,Scolytinae,Gnathotrichus,Gnathotrichus materiarius,Gnathotrichus materiarius,,2,,
5/1/24,NH,M,EA,M2-EA,Insecta,Coleoptera,Curculionidae,Scolytinae,Ips,Ips grandicollis,Ips grandicollis,,3,,
5/1/24,NH,M,EA,M2-EA,Insecta,Coleoptera,Curculionidae,Scolytinae,Monarthrum,Monarthrum mali,Monarthrum mali,,1,,
5/1/24,NH,M,EA,M2-EA,Insecta,Coleoptera,Curculionidae,Scolytinae,Orthotomicus,Orthotomicus caelatus,Orthotomicus caelatus,,1,,
5/1/24,NH,M,EA,M2-EA,Insecta,Coleoptera,Curculionidae,Scolytinae,Pityophthorus,Pityophthorus cariniceps,Pityophthorus cariniceps,,2,,
5/1/24,NH,M,EA,M2-EA,Insecta,Coleoptera,Curculionidae,Scolytinae,Xyleborinus,Xyleborinus attenuatus,Xyleborinus attenuatus,,11,,
5/1/24,NH,M,EA,M2-EA,Insecta,Coleoptera,Curculionidae,Scolytinae,Xylosandrus,Xylosandrus germanus,Xylosandrus germanus,,23,,
5/1/24,NH,M,EA,M2-EA,Insecta,Coleoptera,Curculionidae,Scolytinae,Xyloterinus,Xyloterinus politus,Xyloterinus politus,,1,,
5/1/24,NH,M,EA,M2-EA,Insecta,Coleoptera,Derodontidae,Laricobiinae,Laricobius,Laricobius rubidus,Laricobius rubidus,,1,,
5/1/24,NH,M,EA,M2-EA,Insecta,Coleoptera,Elateridae,Dendrometrinae,Corymbitodes,Corymbitodes tarsalis,Corymbitodes tarsalis,,1,,
5/1/24,NH,M,EA,M2-EA,Insecta,Coleoptera,Erotylidae,Xenoscelinae,Cryptophilus,Cryptophilus seriatus,Cryptophilus seriatus,,2,,
5/1/24,NH,M,EA,M2-EA,Insecta,Coleoptera,Lampyridae,Lampyrinae,Ellychnia,Ellychnia corrusca,Ellychnia corrusca,,1,,
5/1/24,NH,M,EA,M2-EA,Insecta,Coleoptera,Latridiidae,Corticariinae,Melanophthalma,,Melanophthalma sp.,,7,,
5/1/24,NH,M,EA,M2-EA,Insecta,Coleoptera,Nitidulidae,Cryptarchinae,Glischrochilus,Glischrochilus sanguinolentus,Glischrochilus sanguinolentus,,1,,
5/1/24,NH,M,EA,M2-EA,Insecta,Coleoptera,Scarabaeidae,Melolonthinae,Hoplia,Hoplia trifasciata,Hoplia trifasciata,,1,,
5/1/24,NH,M,EA,M2-EA,Insecta,Coleoptera,Scirtidae,Scirtinae,Contacyphon,,Contacyphon sp.,,1,,
5/1/24,NH,M,EA,M2-EA,Insecta,Coleoptera,Staphylinidae,Aleocharinae,,,Aleocharinae gen. sp.,,1,,
5/1/24,NH,M,EA,M2-EA,Insecta,Coleoptera,Staphylinidae,Mycetoporinae,Bryoporus,,Bryoporus sp.,,1,,
5/1/24,NH,M,EA,M2-EA,Insecta,Coleoptera,Staphylinidae,Tachyporinae,Sepedophilus,,Sepedophilus sp.,,2,,
5/1/24,NH,M,EA,M2-EA,Insecta,Hymenoptera,,,,,Bee,,1,,
5/1/24,NH,M,EA,M2-EA,Insecta,Lepidoptera,,,,,Moth,,2,,
5/1/24,NH,M,EA,M2-EA,Insecta,Plecoptera,,,,,Stonefly,,1,,
5/1/24,NH,M,I,M3-I,Arachnida,Araneae,,,,,Spider,,1,,
5/1/24,NH,M,I,M3-I,Insecta,Coleoptera,Carabidae,Harpalinae,Stenolophus,,Stenolophus sp.,,1,,
5/1/24,NH,M,I,M3-I,Insecta,Coleoptera,Ciidae,Ciinae,Orthocis,Orthocis punctatus,Orthocis punctatus,,1,,
5/1/24,NH,M,I,M3-I,Insecta,Coleoptera,Cleridae,Clerinae,Enoclerus,Enoclerus nigripes,Enoclerus nigripes,,2,,
5/1/24,NH,M,I,M3-I,Insecta,Coleoptera,Cleridae,Clerinae,Thanasimus,Thanasimus dubius,Thanasimus dubius,,3,,
5/1/24,NH,M,I,M3-I,Insecta,Coleoptera,Cryptophagidae,Cryptophaginae,Henoticus,Henoticus pilifer,Henoticus pilifer,,1,,
5/1/24,NH,M,I,M3-I,Insecta,Coleoptera,Curculionidae,Molytinae,Pissodes,Pissodes strobi,Pissodes strobi,,1,,
5/1/24,NH,M,I,M3-I,Insecta,Coleoptera,Curculionidae,Scolytinae,Gnathotrichus,Gnathotrichus materiarius,Gnathotrichus materiarius,,1,,
5/1/24,NH,M,I,M3-I,Insecta,Coleoptera,Curculionidae,Scolytinae,Ips,Ips pini,Ips pini,,2,,
5/1/24,NH,M,I,M3-I,Insecta,Coleoptera,Curculionidae,Scolytinae,Pityophthorus,Pityophthorus cariniceps,Pityophthorus cariniceps,,2,,
5/1/24,NH,M,I,M3-I,Insecta,Coleoptera,Curculionidae,Scolytinae,Xyloterinus,Xyloterinus politus,Xyloterinus politus,,1,,
5/1/24,NH,M,I,M3-I,Insecta,Coleoptera,Laemophloeidae,NoSubfamily_Laemophloeidae,Charaphloeus,Charaphloeus convexulus,Charaphloeus convexulus,,3,,
5/1/24,NH,M,I,M3-I,Insecta,Coleoptera,Lampyridae,Lampyrinae,Ellychnia,Ellychnia corrusca,Ellychnia corrusca,,1,,
5/1/24,NH,M,I,M3-I,Insecta,Coleoptera,Latridiidae,Corticariinae,Melanophthalma,,Melanophthalma sp.,,5,,
5/1/24,NH,M,I,M3-I,Insecta,Coleoptera,Nitidulidae,Cryptarchinae,Glischrochilus,Glischrochilus fasciatus,Glischrochilus fasciatus,,1,,
5/1/24,NH,M,I,M3-I,Insecta,Coleoptera,Staphylinidae,Aleocharinae,,,Aleocharinae gen. sp.,3,4,,
5/1/24,NH,M,I,M3-I,Insecta,Coleoptera,Staphylinidae,Staphylininae,,,Staphylinine gen. sp.,,1,,
5/1/24,NH,M,I,M3-I,Insecta,Hymenoptera,,,,,Bee,,1,,
5/1/24,NH,M,I,M3-I,Insecta,Hymenoptera,,,,,Parasitic Wasp,,3,,
5/1/24,NH,P,E,P1-E,Arachnida,Araneae,,,,,Spider,2,2,,
5/1/24,NH,P,E,P1-E,Insecta,Coleoptera,Cleridae,Clerinae,Enoclerus,Enoclerus nigripes,Enoclerus nigripes,,2,,
5/1/24,NH,P,E,P1-E,Insecta,Coleoptera,Curculionidae,Scolytinae,Heteroborips,Heteroborips seriatus,Heteroborips seriatus,,3,,
5/1/24,NH,P,E,P1-E,Insecta,Coleoptera,Curculionidae,Scolytinae,Hylesinus,Hylesinus aculeatus,Hylesinus aculeatus,,1,,
5/1/24,NH,P,E,P1-E,Insecta,Coleoptera,Curculionidae,Scolytinae,Trypodendron,Trypodendron retusum,Trypodendron retusum,,1,,
5/1/24,NH,P,E,P1-E,Insecta,Coleoptera,Curculionidae,Scolytinae,Xyleborinus,Xyleborinus attenuatus,Xyleborinus attenuatus,,85,,
5/1/24,NH,P,E,P1-E,Insecta,Coleoptera,Derodontidae,Laricobiinae,Laricobius,Laricobius nigrinus,Laricobius nigrinus,,1,y,
5/1/24,NH,P,E,P1-E,Insecta,Coleoptera,Elateridae,Dendrometrinae,Sylvanelater,Sylvanelater cylindriformis,Sylvanelater cylindriformis,,1,,https://bugguide.net/node/view/2404986
5/1/24,NH,P,E,P1-E,Insecta,Coleoptera,Latridiidae,Corticariinae,Melanophthalma,,Melanophthalma sp.,,1,,
5/1/24,NH,P,E,P1-E,Insecta,Coleoptera,Nitidulidae,Cryptarchinae,Glischrochilus,Glischrochilus sanguinolentus,Glischrochilus sanguinolentus,,6,,
5/1/24,NH,P,E,P1-E,Insecta,Coleoptera,Nitidulidae,Epuraeinae,Epuraea,,Epuraea sp.,,1,,
5/1/24,NH,P,E,P1-E,Insecta,Coleoptera,Salpingidae,Salpinginae,Rhinosimus,Rhinosimus viridiaeneus,Rhinosimus viridiaeneus,,1,,
5/1/24,NH,P,E,P1-E,Insecta,Coleoptera,Staphylinidae,Aleocharinae,,,Aleocharinae gen. sp.,2,3,,
5/1/24,NH,P,E,P1-E,Insecta,Coleoptera,Staphylinidae,Scydmaeninae,,,Scydmaeninae gen. sp.,,1,,
5/1/24,NH,P,E,P1-E,Insecta,Hemiptera,Miridae,Mirinae,Lygus,,Lygus sp.,,1,,
5/1/24,NH,P,E,P1-E,Insecta,Lepidoptera,,,,,Moth,,1,,
5/1/24,NH,P,EA,P2-EA,Insecta,Coleoptera,Cleridae,Clerinae,Enoclerus,Enoclerus nigripes,Enoclerus nigripes,,1,,
5/1/24,NH,P,EA,P2-EA,Insecta,Coleoptera,Cleridae,Clerinae,Thanasimus,Thanasimus dubius,Thanasimus dubius,,1,,
5/1/24,NH,P,EA,P2-EA,Insecta,Coleoptera,Curculionidae,Molytinae,Pissodes,Pissodes strobi,Pissodes strobi,,3,,
5/1/24,NH,P,EA,P2-EA,Insecta,Coleoptera,Curculionidae,Scolytinae,Conophthorus,Conophthorus coniperda,Conophthorus coniperda,,3,,
5/1/24,NH,P,EA,P2-EA,Insecta,Coleoptera,Curculionidae,Scolytinae,Gnathotrichus,Gnathotrichus materiarius,Gnathotrichus materiarius,,2,,
5/1/24,NH,P,EA,P2-EA,Insecta,Coleoptera,Curculionidae,Scolytinae,Orthotomicus,Orthotomicus caelatus,Orthotomicus caelatus,,1,,
5/1/24,NH,P,EA,P2-EA,Insecta,Coleoptera,Curculionidae,Scolytinae,Pityogenes,Pityogenes hopkinsi,Pityogenes hopkinsi,,3,,
5/1/24,NH,P,EA,P2-EA,Insecta,Coleoptera,Curculionidae,Scolytinae,Pityophthorus,Pityophthorus cariniceps,Pityophthorus cariniceps,,2,,
5/1/24,NH,P,EA,P2-EA,Insecta,Coleoptera,Curculionidae,Scolytinae,Pityophthorus,Pityophthorus puberulus,Pityophthorus puberulus,,1,,
5/1/24,NH,P,EA,P2-EA,Insecta,Coleoptera,Curculionidae,Scolytinae,Xyleborinus,Xyleborinus attenuatus,Xyleborinus attenuatus,,13,,
5/1/24,NH,P,EA,P2-EA,Insecta,Coleoptera,Curculionidae,Scolytinae,Xylosandrus,Xylosandrus germanus,Xylosandrus germanus,,1,,
5/1/24,NH,P,EA,P2-EA,Insecta,Coleoptera,Endomychidae,Leiestinae,Phymaphora,Phymaphora pulchella,Phymaphora pulchella,,1,,
5/1/24,NH,P,EA,P2-EA,Insecta,Coleoptera,Hydrophilidae,Enochrinae,Cymbiodyta,,Cymbiodyta sp.,,1,,
5/1/24,NH,P,EA,P2-EA,Insecta,Coleoptera,Lampyridae,Lampyrinae,Ellychnia,Ellychnia corrusca,Ellychnia corrusca,,1,,
5/1/24,NH,P,EA,P2-EA,Insecta,Coleoptera,Latridiidae,Latridiinae,Enicmus,Enicmus tenuicornis,Enicmus tenuicornis,,1,,
5/1/24,NH,P,EA,P2-EA,Insecta,Coleoptera,Nitidulidae,Epuraeinae,Epuraea,,Epuraea sp.,,2,,
5/1/24,NH,P,EA,P2-EA,Insecta,Coleoptera,Staphylinidae,Aleocharinae,,,Aleocharinae gen. sp.,,2,,
5/1/24,NH,P,EA,P2-EA,Insecta,Lepidoptera,,,,,Caterpillar,,1,,
5/1/24,NH,P,EA,P2-EA,Insecta,Lepidoptera,,,,,Moth,,1,,
5/1/24,NH,P,I,P3-I,Arachnida,Araneae,,,,,Spider,,1,,
5/1/24,NH,P,I,P3-I,Insecta,Coleoptera,Cryptophagidae,Cryptophaginae,Cryptophagus,,Cryptophagus sp.,,1,,
5/1/24,NH,P,I,P3-I,Insecta,Coleoptera,Curculionidae,Scolytinae,Pityophthorus,Pityophthorus cariniceps,Pityophthorus cariniceps,,2,,
5/1/24,NH,P,I,P3-I,Insecta,Coleoptera,Curculionidae,Scolytinae,Xyleborinus,Xyleborinus attenuatus,Xyleborinus attenuatus,,2,,
5/1/24,NH,P,I,P3-I,Insecta,Coleoptera,Curculionidae,Scolytinae,Xylosandrus,Xylosandrus germanus,Xylosandrus germanus,,1,,
5/1/24,NH,P,I,P3-I,Insecta,Coleoptera,Curculionidae,Scolytinae,Xyloterinus,Xyloterinus politus,Xyloterinus politus,,1,,
5/1/24,NH,P,I,P3-I,Insecta,Coleoptera,Nitidulidae,Cryptarchinae,Glischrochilus,Glischrochilus sanguinolentus,Glischrochilus sanguinolentus,,1,,
5/1/24,NH,P,I,P3-I,Insecta,Coleoptera,Staphylinidae,Aleocharinae,,,Aleocharinae gen. sp.,,3,,
5/15/24,NH,C,E,C1-E,Arachnida,Araneae,,,,,Spider,,1,,
5/15/24,NH,C,E,C1-E,Insecta,Coleoptera,Carabidae,Harpalinae,Agonoleptus,Agonoleptus conjunctus,Agonoleptus conjunctus,,1,,
5/15/24,NH,C,E,C1-E,Insecta,Coleoptera,Curculionidae,Molytinae,Pissodes,Pissodes affinis,Pissodes affinis,,1,,
5/15/24,NH,C,E,C1-E,Insecta,Coleoptera,Curculionidae,Scolytinae,Anisandrus,Anisandrus sayi,Anisandrus sayi,,49,,
5/15/24,NH,C,E,C1-E,Insecta,Coleoptera,Curculionidae,Scolytinae,Cyclorhipidion,Cyclorhipidion pelliculosum,Cyclorhipidion pelliculosum,,14,,
5/15/24,NH,C,E,C1-E,Insecta,Coleoptera,Curculionidae,Scolytinae,Heteroborips,Heteroborips seriatus,Heteroborips seriatus,,23,,
5/15/24,NH,C,E,C1-E,Insecta,Coleoptera,Curculionidae,Scolytinae,Hylastes,Hylastes opacus,Hylastes opacus,,1,,
5/15/24,NH,C,E,C1-E,Insecta,Coleoptera,Curculionidae,Scolytinae,Xyleborinus,Xyleborinus attenuatus,Xyleborinus attenuatus,,39,,
5/15/24,NH,C,E,C1-E,Insecta,Coleoptera,Curculionidae,Scolytinae,Xyleborinus,Xyleborinus saxesenii,Xyleborinus saxesenii,,14,,
5/15/24,NH,C,E,C1-E,Insecta,Coleoptera,Curculionidae,Scolytinae,Xylosandrus,Xylosandrus germanus,Xylosandrus germanus,,15,,
5/15/24,NH,C,E,C1-E,Insecta,Coleoptera,Curculionidae,Scolytinae,Xyloterinus,Xyloterinus politus,Xyloterinus politus,,9,,
5/15/24,NH,C,E,C1-E,Insecta,Coleoptera,Dytiscidae,Dytiscinae,Acilius,Acilius mediatus,Acilius mediatus,,1,,
5/15/24,NH,C,E,C1-E,Insecta,Coleoptera,Elateridae,Dendrometrinae,Limonius,Limonius basilaris,Limonius basilaris,,2,,
5/15/24,NH,C,E,C1-E,Insecta,Coleoptera,Elateridae,Elaterinae,Sericus,Sericus viridanus,Sericus viridanus,,1,,https://bugguide.net/node/view/2405103
5/15/24,NH,C,E,C1-E,Insecta,Coleoptera,Endomychidae,Leiestinae,Phymaphora,Phymaphora pulchella,Phymaphora pulchella,,2,,
5/15/24,NH,C,E,C1-E,Insecta,Coleoptera,Eucnemidae,Dromaeolinae,Isarthrus,Isarthrus calceatus,Isarthrus calceatus,,1,y,https://bugguide.net/node/view/2405371
5/15/24,NH,C,E,C1-E,Insecta,Coleoptera,Latridiidae,Corticariinae,Melanophthalma,,Melanophthalma sp.,,7,,
5/15/24,NH,C,E,C1-E,Insecta,Coleoptera,Latridiidae,Latridiinae,Enicmus,Enicmus tenuicornis,Enicmus tenuicornis,,4,,
5/15/24,NH,C,E,C1-E,Insecta,Coleoptera,Nitidulidae,Cillaeinae,Colopterus,Colopterus truncatus,Colopterus truncatus,,2,,
5/15/24,NH,C,E,C1-E,Insecta,Coleoptera,Silvanidae,Brontinae,Dendrophagus,Dendrophagus cygnaei,Dendrophagus cygnaei,,1,,
5/15/24,NH,C,E,C1-E,Insecta,Coleoptera,Staphylinidae,Mycetoporinae,Mycetoporus,,Mycetoporus sp.,,1,,
5/15/24,NH,C,E,C1-E,Insecta,Coleoptera,Staphylinidae,Oxytelinae,Oxytelus,,Oxytelus sp.,,1,,
5/15/24,NH,C,E,C1-E,Insecta,Coleoptera,Staphylinidae,Paederinae,Sunius,Sunius confluentus,Sunius confluentus,,1,,
5/15/24,NH,C,E,C1-E,Insecta,Coleoptera,Staphylinidae,Pselaphinae,Batrisodes,Batrisodes riparius,Batrisodes riparius,,1,y,https://bugguide.net/node/view/2405373
5/15/24,NH,C,E,C1-E,Insecta,Coleoptera,Staphylinidae,Scydmaeninae,,,Scydmaeninae gen. sp.,,1,,
5/15/24,NH,C,E,C1-E,Insecta,Coleoptera,Staphylinidae,Staphylininae,Belonuchus,Belonuchus rufipennis,Belonuchus rufipennis,,1,,
5/15/24,NH,C,E,C1-E,Insecta,Coleoptera,Staphylinidae,Tachyporinae,Sepedophilus,,Sepedophilus sp.,,2,,
5/15/24,NH,C,E,C1-E,Insecta,Coleoptera,Thanerocleridae,Zenodosinae,Zenodosus,Zenodosus sanguineus,Zenodosus sanguineus,,1,,
5/15/24,NH,C,E,C1-E,Insecta,Coleoptera,Trogossitidae,Trogossitinae,Tenebroides,Tenebroides corticalis,Tenebroides corticalis,,1,,
5/15/24,NH,C,E,C1-E,Insecta,Hemiptera,Cicadellidae,Typhlocybinae,Eratoneura,,Eratoneura sp.,,2,,
5/15/24,NH,C,E,C1-E,Insecta,Hymenoptera,Apidae,Nomadinae,Nomada,,Nomada sp.,,1,,https://bugguide.net/node/view/2405075
5/15/24,NH,C,E,C1-E,Insecta,Lepidoptera,,,,,Moth,,1,,
5/15/24,NH,C,EA,C2-EA,Arachnida,Araneae,,,,,Spider,,1,,
5/15/24,NH,C,EA,C2-EA,Insecta,Coleoptera,Bostrichidae,Dinoderinae,Prostephanus,Prostephanus punctatus,Prostephanus punctatus,,1,,
5/15/24,NH,C,EA,C2-EA,Insecta,Coleoptera,Ciidae,Ciinae,Cis,Cis fuscipes,Cis fuscipes,,1,,
5/15/24,NH,C,EA,C2-EA,Insecta,Coleoptera,Ciidae,Ciinae,Orthocis,Orthocis punctatus,Orthocis punctatus,,1,,
5/15/24,NH,C,EA,C2-EA,Insecta,Coleoptera,Cleridae,Clerinae,Thanasimus,Thanasimus dubius,Thanasimus dubius,,1,,
5/15/24,NH,C,EA,C2-EA,Insecta,Coleoptera,Corylophidae,Corylophinae,Clypastraea,Clypastraea lunata,Clypastraea lunata,,1,,
5/15/24,NH,C,EA,C2-EA,Insecta,Coleoptera,Cucujidae,NoSubfamily_Cucujidae,Cucujus,Cucujus clavipes,Cucujus clavipes,,1,,
5/15/24,NH,C,EA,C2-EA,Insecta,Coleoptera,Curculionidae,Molytinae,Hylobius,Hylobius pales,Hylobius pales,,6,,
5/15/24,NH,C,EA,C2-EA,Insecta,Coleoptera,Curculionidae,Molytinae,Pissodes,Pissodes affinis,Pissodes affinis,,9,,
5/15/24,NH,C,EA,C2-EA,Insecta,Coleoptera,Curculionidae,Molytinae,Pissodes,Pissodes strobi,Pissodes strobi,,3,,
5/15/24,NH,C,EA,C2-EA,Insecta,Coleoptera,Curculionidae,Scolytinae,Anisandrus,Anisandrus sayi,Anisandrus sayi,,7,,
5/15/24,NH,C,EA,C2-EA,Insecta,Coleoptera,Curculionidae,Scolytinae,Dendroctonus,Dendroctonus valens,Dendroctonus valens,,6,,
5/15/24,NH,C,EA,C2-EA,Insecta,Coleoptera,Curculionidae,Scolytinae,Gnathotrichus,Gnathotrichus materiarius,Gnathotrichus materiarius,,6,,
5/15/24,NH,C,EA,C2-EA,Insecta,Coleoptera,Curculionidae,Scolytinae,Heteroborips,Heteroborips seriatus,Heteroborips seriatus,,5,,
5/15/24,NH,C,EA,C2-EA,Insecta,Coleoptera,Curculionidae,Scolytinae,Hylastes,Hylastes opacus,Hylastes opacus,,5,,
5/15/24,NH,C,EA,C2-EA,Insecta,Coleoptera,Curculionidae,Scolytinae,Hylastes,Hylastes porculus,Hylastes porculus,,1,,
5/15/24,NH,C,EA,C2-EA,Insecta,Coleoptera,Curculionidae,Scolytinae,Hylurgops,Hylurgops pinifex,Hylurgops pinifex,,1,,
5/15/24,NH,C,EA,C2-EA,Insecta,Coleoptera,Curculionidae,Scolytinae,Ips,Ips grandicollis,Ips grandicollis,,3,,
5/15/24,NH,C,EA,C2-EA,Insecta,Coleoptera,Curculionidae,Scolytinae,Orthotomicus,Orthotomicus caelatus,Orthotomicus caelatus,,1,,
5/15/24,NH,C,EA,C2-EA,Insecta,Coleoptera,Curculionidae,Scolytinae,Pityophthorus,Pityophthorus consimilis,Pityophthorus consimilis,,1,,
5/15/24,NH,C,EA,C2-EA,Insecta,Coleoptera,Curculionidae,Scolytinae,Pseudopityophthorus,Pseudopityophthorus minutissimus,Pseudopityophthorus minutissimus,,1,,
5/15/24,NH,C,EA,C2-EA,Insecta,Coleoptera,Curculionidae,Scolytinae,Xyleborinus,Xyleborinus attenuatus,Xyleborinus attenuatus,,5,,
5/15/24,NH,C,EA,C2-EA,Insecta,Coleoptera,Curculionidae,Scolytinae,Xyleborinus,Xyleborinus saxesenii,Xyleborinus saxesenii,,3,,
5/15/24,NH,C,EA,C2-EA,Insecta,Coleoptera,Curculionidae,Scolytinae,Xylosandrus,Xylosandrus germanus,Xylosandrus germanus,,13,,
5/15/24,NH,C,EA,C2-EA,Insecta,Coleoptera,Curculionidae,Scolytinae,Xyloterinus,Xyloterinus politus,Xyloterinus politus,,5,,
5/15/24,NH,C,EA,C2-EA,Insecta,Coleoptera,Elateridae,Dendrometrinae,Limonius,Limonius basilaris,Limonius basilaris,,2,,
5/15/24,NH,C,EA,C2-EA,Insecta,Coleoptera,Elateridae,Elaterinae,Ampedus,Ampedus linteus,Ampedus linteus,,1,,
5/15/24,NH,C,EA,C2-EA,Insecta,Coleoptera,Elateridae,Elaterinae,Ampedus,Ampedus unnamed sp. ,Ampedus unnamed sp. ,,1,,
5/15/24,NH,C,EA,C2-EA,Insecta,Coleoptera,Elateridae,Elaterinae,Sericus,Sericus viridanus,Sericus viridanus,,1,,
5/15/24,NH,C,EA,C2-EA,Insecta,Coleoptera,Endomychidae,Leiestinae,Phymaphora,Phymaphora pulchella,Phymaphora pulchella,,1,,
5/15/24,NH,C,EA,C2-EA,Insecta,Coleoptera,Endomychidae,Leiestinae,Rhanidea,Rhanidea unicolor,Rhanidea unicolor,,1,,
5/15/24,NH,C,EA,C2-EA,Insecta,Coleoptera,Latridiidae,Corticariinae,Corticaria,,Corticaria sp.,,1,,
5/15/24,NH,C,EA,C2-EA,Insecta,Coleoptera,Latridiidae,Corticariinae,Melanophthalma,,Melanophthalma sp.,,11,,
5/15/24,NH,C,EA,C2-EA,Insecta,Coleoptera,Latridiidae,Latridiinae,Enicmus,Enicmus tenuicornis,Enicmus tenuicornis,,1,,
5/15/24,NH,C,EA,C2-EA,Insecta,Coleoptera,Leiodidae,Leiodinae,Agathidium,,Agathidium sp.,,2,,
5/15/24,NH,C,EA,C2-EA,Insecta,Coleoptera,Nitidulidae,Cryptarchinae,Glischrochilus,Glischrochilus sanguinolentus,Glischrochilus sanguinolentus,,2,,
5/15/24,NH,C,EA,C2-EA,Insecta,Coleoptera,Oedemeridae,Oedemerinae,Ischnomera,Ischnomera ruficollis,Ischnomera ruficollis,,1,,
5/15/24,NH,C,EA,C2-EA,Insecta,Coleoptera,Pythidae,NoSubfamily_Pythidae,Pytho,Pytho americanus,Pytho americanus,,2,,
5/15/24,NH,C,EA,C2-EA,Insecta,Coleoptera,Pythidae,NoSubfamily_Pythidae,Pytho,Pytho niger,Pytho niger,,1,,
5/15/24,NH,C,EA,C2-EA,Insecta,Coleoptera,Scarabaeidae,Melolonthinae,Serica,Serica georgiana,Serica georgiana,,1,,
5/15/24,NH,C,EA,C2-EA,Insecta,Coleoptera,Silvanidae,Brontinae,Dendrophagus,Dendrophagus cygnaei,Dendrophagus cygnaei,,1,,
5/15/24,NH,C,EA,C2-EA,Insecta,Coleoptera,Staphylinidae,Aleocharinae,,,Aleocharinae gen. sp.,2,2,,
5/15/24,NH,C,EA,C2-EA,Insecta,Coleoptera,Staphylinidae,Mycetoporinae,Mycetoporus,,Mycetoporus sp.,,2,,
5/15/24,NH,C,EA,C2-EA,Insecta,Coleoptera,Staphylinidae,Omaliinae,Phloeonomus,Phloeonomus laesicollis,Phloeonomus laesicollis,,1,,
5/15/24,NH,C,EA,C2-EA,Insecta,Coleoptera,Staphylinidae,Paederinae,Sunius,Sunius confluentus,Sunius confluentus,,1,,
5/15/24,NH,C,EA,C2-EA,Insecta,Coleoptera,Tenebrionidae,Diaperinae,Corticeus,Corticeus parallelus,Corticeus parallelus,,1,,
5/15/24,NH,C,EA,C2-EA,Insecta,Coleoptera,Thanerocleridae,Zenodosinae,Zenodosus,Zenodosus sanguineus,Zenodosus sanguineus,,1,,
5/15/24,NH,C,EA,C2-EA,Insecta,Lepidoptera,,,,,Moth,,1,,
5/15/24,NH,C,I,C3-I,Arachnida,Araneae,,,,,Spider,,1,,
5/15/24,NH,C,I,C3-I,Insecta,Coleoptera,Curculionidae,Scolytinae,Heteroborips,Heteroborips seriatus,Heteroborips seriatus,,4,,
5/15/24,NH,C,I,C3-I,Insecta,Coleoptera,Curculionidae,Scolytinae,Hylastes,Hylastes opacus,Hylastes opacus,,1,,
5/15/24,NH,C,I,C3-I,Insecta,Coleoptera,Curculionidae,Scolytinae,Pityogenes,Pityogenes hopkinsi,Pityogenes hopkinsi,,1,,
5/15/24,NH,C,I,C3-I,Insecta,Coleoptera,Curculionidae,Scolytinae,Pityophthorus,Pityophthorus puberulus,Pityophthorus puberulus,,1,,
5/15/24,NH,C,I,C3-I,Insecta,Coleoptera,Curculionidae,Scolytinae,Xyloterinus,Xyloterinus politus,Xyloterinus politus,,2,,
5/15/24,NH,C,I,C3-I,Insecta,Coleoptera,Elateridae,Elaterinae,Ampedus,Ampedus unnamed sp. ,Ampedus unnamed sp. ,,1,,
5/15/24,NH,C,I,C3-I,Insecta,Coleoptera,Hydrophilidae,Enochrinae,Cymbiodyta,,Cymbiodyta sp.,,1,,
5/15/24,NH,C,I,C3-I,Insecta,Coleoptera,Laemophloeidae,NoSubfamily_Laemophloeidae,Charaphloeus,Charaphloeus convexulus,Charaphloeus convexulus,,1,,
5/15/24,NH,C,I,C3-I,Insecta,Coleoptera,Latridiidae,Corticariinae,Melanophthalma,,Melanophthalma sp.,,10,,
5/15/24,NH,C,I,C3-I,Insecta,Coleoptera,Latridiidae,Latridiinae,Enicmus,Enicmus tenuicornis,Enicmus tenuicornis,,1,,
5/15/24,NH,C,I,C3-I,Insecta,Coleoptera,Nitidulidae,Cryptarchinae,Glischrochilus,Glischrochilus sanguinolentus,Glischrochilus sanguinolentus,,1,,
5/15/24,NH,C,I,C3-I,Insecta,Coleoptera,Pythidae,NoSubfamily_Pythidae,Pytho,Pytho niger,Pytho niger,,1,,
5/15/24,NH,C,I,C3-I,Insecta,Coleoptera,Staphylinidae,Aleocharinae,,,Aleocharinae gen. sp.,,2,,
5/15/24,NH,C,I,C3-I,Insecta,Hemiptera,Cicadellidae,Typhlocybinae,Eratoneura,,Eratoneura sp.,,2,,
5/15/24,NH,C,I,C3-I,Insecta,Hemiptera,Lyctocoridae,NoSubfamily_Lyctocoridae,Lyctocoris,Lyctocoris stalii,Lyctocoris stalii,,1,,
5/15/24,NH,C,I,C3-I,Insecta,Hymenoptera,Formicidae,Formicinae,Camponotus,Camponotus pennsylvanicus,Camponotus pennsylvanicus,,1,,
5/15/24,NH,C,I,C3-I,Insecta,Hymenoptera,,,,,Bee,,1,,
5/15/24,NH,C,I,C3-I,Insecta,Hymenoptera,,,,,Parasitic Wasp,,1,,
5/15/24,NH,C,I,C3-I,Insecta,Lepidoptera,,,,,Caterpillar,,1,,
5/15/24,NH,C,I,C3-I,Insecta,Lepidoptera,,,,,Moth,,1,,
5/15/24,NH,C,I,C3-I,Insecta,Neuroptera,,,,,Lacewing,,1,,
5/15/24,NH,D,E,D1-E,Insecta,Coleoptera,Cleridae,Clerinae,Enoclerus,Enoclerus nigripes,Enoclerus nigripes,,2,,
5/15/24,NH,D,E,D1-E,Insecta,Coleoptera,Corylophidae,Corylophinae,Clypastraea,Clypastraea lunata,Clypastraea lunata,,1,,
5/15/24,NH,D,E,D1-E,Insecta,Coleoptera,Cucujidae,NoSubfamily_Cucujidae,Cucujus,Cucujus clavipes,Cucujus clavipes,,1,,
5/15/24,NH,D,E,D1-E,Insecta,Coleoptera,Curculionidae,Scolytinae,Anisandrus,Anisandrus sayi,Anisandrus sayi,,15,,
5/15/24,NH,D,E,D1-E,Insecta,Coleoptera,Curculionidae,Scolytinae,Cyclorhipidion,Cyclorhipidion pelliculosum,Cyclorhipidion pelliculosum,,53,,
5/15/24,NH,D,E,D1-E,Insecta,Coleoptera,Curculionidae,Scolytinae,Dendroctonus,Dendroctonus valens,Dendroctonus valens,,1,,
5/15/24,NH,D,E,D1-E,Insecta,Coleoptera,Curculionidae,Scolytinae,Euwallacea,Euwallacea validus,Euwallacea validus,,3,,
5/15/24,NH,D,E,D1-E,Insecta,Coleoptera,Curculionidae,Scolytinae,Gnathotrichus,Gnathotrichus materiarius,Gnathotrichus materiarius,,3,,
5/15/24,NH,D,E,D1-E,Insecta,Coleoptera,Curculionidae,Scolytinae,Heteroborips,Heteroborips seriatus,Heteroborips seriatus,,7,,
5/15/24,NH,D,E,D1-E,Insecta,Coleoptera,Curculionidae,Scolytinae,Monarthrum,Monarthrum mali,Monarthrum mali,,1,,
5/15/24,NH,D,E,D1-E,Insecta,Coleoptera,Curculionidae,Scolytinae,Pityogenes,Pityogenes hopkinsi,Pityogenes hopkinsi,,4,,
5/15/24,NH,D,E,D1-E,Insecta,Coleoptera,Curculionidae,Scolytinae,Xyleborinus,Xyleborinus attenuatus,Xyleborinus attenuatus,,31,,
5/15/24,NH,D,E,D1-E,Insecta,Coleoptera,Curculionidae,Scolytinae,Xyleborinus,Xyleborinus saxesenii,Xyleborinus saxesenii,,9,,
5/15/24,NH,D,E,D1-E,Insecta,Coleoptera,Curculionidae,Scolytinae,Xylosandrus,Xylosandrus germanus,Xylosandrus germanus,,296,,
5/15/24,NH,D,E,D1-E,Insecta,Coleoptera,Curculionidae,Scolytinae,Xyloterinus,Xyloterinus politus,Xyloterinus politus,,8,,
5/15/24,NH,D,E,D1-E,Insecta,Coleoptera,Dytiscidae,Copelatinae,Copelatus,Copelatus glyphicus,Copelatus glyphicus,,2,,
5/15/24,NH,D,E,D1-E,Insecta,Coleoptera,Elateridae,Elaterinae,Agriotes,Agriotes oblongicollis,Agriotes oblongicollis,,1,,
5/15/24,NH,D,E,D1-E,Insecta,Coleoptera,Elateridae,Elaterinae,Melanotus,Melanotus hyslopi,Melanotus hyslopi,,2,,
5/15/24,NH,D,E,D1-E,Insecta,Coleoptera,Hydrophilidae,Enochrinae,Cymbiodyta,,Cymbiodyta sp.,,2,,
5/15/24,NH,D,E,D1-E,Insecta,Coleoptera,Latridiidae,Corticariinae,Melanophthalma,,Melanophthalma sp.,,21,,
5/15/24,NH,D,E,D1-E,Insecta,Coleoptera,Latridiidae,Latridiinae,Enicmus,Enicmus tenuicornis,Enicmus tenuicornis,,3,,
5/15/24,NH,D,E,D1-E,Insecta,Coleoptera,Leiodidae,Cholevinae,Sciodrepoides,Sciodrepoides terminans,Sciodrepoides terminans,,1,,
5/15/24,NH,D,E,D1-E,Insecta,Coleoptera,Leiodidae,Leiodinae,Agathidium,,Agathidium sp.,,3,,
5/15/24,NH,D,E,D1-E,Insecta,Coleoptera,Mycetophagidae,Mycetophaginae,Mycetophagus,Mycetophagus flexuosus,Mycetophagus flexuosus,,1,,
5/15/24,NH,D,E,D1-E,Insecta,Coleoptera,Nitidulidae,Cillaeinae,Colopterus,Colopterus truncatus,Colopterus truncatus,,6,,
5/15/24,NH,D,E,D1-E,Insecta,Coleoptera,Nitidulidae,Cryptarchinae,Glischrochilus,Glischrochilus fasciatus,Glischrochilus fasciatus,,2,,
5/15/24,NH,D,E,D1-E,Insecta,Coleoptera,Nitidulidae,Cryptarchinae,Glischrochilus,Glischrochilus sanguinolentus,Glischrochilus sanguinolentus,,5,,
5/15/24,NH,D,E,D1-E,Insecta,Coleoptera,Oedemeridae,Oedemerinae,Ischnomera,Ischnomera ruficollis,Ischnomera ruficollis,,1,,
5/15/24,NH,D,E,D1-E,Insecta,Coleoptera,Salpingidae,Salpinginae,Rhinosimus,Rhinosimus viridiaeneus,Rhinosimus viridiaeneus,,1,,
5/15/24,NH,D,E,D1-E,Insecta,Coleoptera,Scarabaeidae,Cetoniinae,Valgus,Valgus seticollis,Valgus seticollis,,1,,
5/15/24,NH,D,E,D1-E,Insecta,Coleoptera,Staphylinidae,Paederinae,Rugilus,Rugilus rufipes,Rugilus rufipes,,1,,
5/15/24,NH,D,E,D1-E,Insecta,Coleoptera,Staphylinidae,Scaphidiinae,Scaphidium,Scaphidium quadriguttatum,Scaphidium quadriguttatum,,1,,
5/15/24,NH,D,E,D1-E,Insecta,Coleoptera,Staphylinidae,Tachyporinae,Sepedophilus,,Sepedophilus sp.,,1,,
5/15/24,NH,D,E,D1-E,Insecta,Coleoptera,Thanerocleridae,Zenodosinae,Zenodosus,Zenodosus sanguineus,Zenodosus sanguineus,,3,,
5/15/24,NH,D,E,D1-E,Insecta,Coleoptera,Trogossitidae,Trogossitinae,Tenebroides,Tenebroides corticalis,Tenebroides corticalis,,2,,
5/15/24,NH,D,E,D1-E,Insecta,Hemiptera,Lyctocoridae,NoSubfamily_Lyctocoridae,Lyctocoris,Lyctocoris stalii,Lyctocoris stalii,,1,,
5/15/24,NH,D,EA,D2-EA,Arachnida,Araneae,,,,,Spider,2,2,,
5/15/24,NH,D,EA,D2-EA,Insecta,Coleoptera,Bostrichidae,Bostrichinae,Xylobiops,Xylobiops basilaris,Xylobiops basilaris,,1,,
5/15/24,NH,D,EA,D2-EA,Insecta,Coleoptera,Carabidae,Harpalinae,Stenolophus,Stenolophus ochropezus,Stenolophus ochropezus,,1,,
5/15/24,NH,D,EA,D2-EA,Insecta,Coleoptera,Ciidae,Ciinae,Orthocis,Orthocis punctatus,Orthocis punctatus,,1,,
5/15/24,NH,D,EA,D2-EA,Insecta,Coleoptera,Cleridae,Clerinae,Enoclerus,Enoclerus nigripes,Enoclerus nigripes,,2,,
5/15/24,NH,D,EA,D2-EA,Insecta,Coleoptera,Cleridae,Clerinae,Thanasimus,Thanasimus dubius,Thanasimus dubius,,2,,
5/15/24,NH,D,EA,D2-EA,Insecta,Coleoptera,Cryptophagidae,Atomariinae,Atomaria,,Atomaria (Atomaria) sp.,,1,,
5/15/24,NH,D,EA,D2-EA,Insecta,Coleoptera,Curculionidae,Molytinae,Hylobius,Hylobius pales,Hylobius pales,,11,,
5/15/24,NH,D,EA,D2-EA,Insecta,Coleoptera,Curculionidae,Molytinae,Pissodes,Pissodes affinis,Pissodes affinis,,5,,
5/15/24,NH,D,EA,D2-EA,Insecta,Coleoptera,Curculionidae,Molytinae,Pissodes,Pissodes strobi,Pissodes strobi,,30,,
5/15/24,NH,D,EA,D2-EA,Insecta,Coleoptera,Curculionidae,Scolytinae,Anisandrus,Anisandrus sayi,Anisandrus sayi,,1,,
5/15/24,NH,D,EA,D2-EA,Insecta,Coleoptera,Curculionidae,Scolytinae,Cyclorhipidion,Cyclorhipidion pelliculosum,Cyclorhipidion pelliculosum,,2,,
5/15/24,NH,D,EA,D2-EA,Insecta,Coleoptera,Curculionidae,Scolytinae,Dendroctonus,Dendroctonus valens,Dendroctonus valens,,51,,
5/15/24,NH,D,EA,D2-EA,Insecta,Coleoptera,Curculionidae,Scolytinae,Dryocoetes,Dryocoetes affaber,Dryocoetes affaber,,1,,
5/15/24,NH,D,EA,D2-EA,Insecta,Coleoptera,Curculionidae,Scolytinae,Euwallacea,Euwallacea validus,Euwallacea validus,,1,,
5/15/24,NH,D,EA,D2-EA,Insecta,Coleoptera,Curculionidae,Scolytinae,Gnathotrichus,Gnathotrichus materiarius,Gnathotrichus materiarius,,11,,
5/15/24,NH,D,EA,D2-EA,Insecta,Coleoptera,Curculionidae,Scolytinae,Heteroborips,Heteroborips seriatus,Heteroborips seriatus,,3,,
5/15/24,NH,D,EA,D2-EA,Insecta,Coleoptera,Curculionidae,Scolytinae,Hylastes,Hylastes opacus,Hylastes opacus,,4,,
5/15/24,NH,D,EA,D2-EA,Insecta,Coleoptera,Curculionidae,Scolytinae,Hylesinus,Hylesinus aculeatus,Hylesinus aculeatus,,1,,
5/15/24,NH,D,EA,D2-EA,Insecta,Coleoptera,Curculionidae,Scolytinae,Hylurgops,Hylurgops pinifex,Hylurgops pinifex,,2,,
5/15/24,NH,D,EA,D2-EA,Insecta,Coleoptera,Curculionidae,Scolytinae,Ips,Ips grandicollis,Ips grandicollis,,11,,
5/15/24,NH,D,EA,D2-EA,Insecta,Coleoptera,Curculionidae,Scolytinae,Monarthrum,Monarthrum mali,Monarthrum mali,,2,,
5/15/24,NH,D,EA,D2-EA,Insecta,Coleoptera,Curculionidae,Scolytinae,Orthotomicus,Orthotomicus caelatus,Orthotomicus caelatus,,8,,
5/15/24,NH,D,EA,D2-EA,Insecta,Coleoptera,Curculionidae,Scolytinae,Pityogenes,Pityogenes hopkinsi,Pityogenes hopkinsi,,2,,
5/15/24,NH,D,EA,D2-EA,Insecta,Coleoptera,Curculionidae,Scolytinae,Xyleborinus,Xyleborinus attenuatus,Xyleborinus attenuatus,,4,,
5/15/24,NH,D,EA,D2-EA,Insecta,Coleoptera,Curculionidae,Scolytinae,Xyleborinus,Xyleborinus saxesenii,Xyleborinus saxesenii,,1,,
5/15/24,NH,D,EA,D2-EA,Insecta,Coleoptera,Curculionidae,Scolytinae,Xylosandrus,Xylosandrus germanus,Xylosandrus germanus,,651,,
5/15/24,NH,D,EA,D2-EA,Insecta,Coleoptera,Curculionidae,Scolytinae,Xyloterinus,Xyloterinus politus,Xyloterinus politus,,6,,
5/15/24,NH,D,EA,D2-EA,Insecta,Coleoptera,Elateridae,Elaterinae,Dolerosomus,Dolerosomus silaceus,Dolerosomus silaceus,,1,,
5/15/24,NH,D,EA,D2-EA,Insecta,Coleoptera,Elateridae,Elaterinae,Melanotus,Melanotus hyslopi,Melanotus hyslopi,,1,,
5/15/24,NH,D,EA,D2-EA,Insecta,Coleoptera,Endomychidae,Leiestinae,Phymaphora,Phymaphora pulchella,Phymaphora pulchella,,1,,
5/15/24,NH,D,EA,D2-EA,Insecta,Coleoptera,Hydrophilidae,Enochrinae,Cymbiodyta,,Cymbiodyta sp.,,4,,
5/15/24,NH,D,EA,D2-EA,Insecta,Coleoptera,Lampyridae,Lampyrinae,Ellychnia,Ellychnia corrusca,Ellychnia corrusca,,1,,
5/15/24,NH,D,EA,D2-EA,Insecta,Coleoptera,Latridiidae,Corticariinae,Melanophthalma,,Melanophthalma sp.,,16,,
5/15/24,NH,D,EA,D2-EA,Insecta,Coleoptera,Leiodidae,Leiodinae,Agathidium,,Agathidium sp.,,2,,
5/15/24,NH,D,EA,D2-EA,Insecta,Coleoptera,Nitidulidae,Cillaeinae,Colopterus,Colopterus truncatus,Colopterus truncatus,,3,,
5/15/24,NH,D,EA,D2-EA,Insecta,Coleoptera,Nitidulidae,Epuraeinae,Epuraea,,Epuraea sp.,,2,,
5/15/24,NH,D,EA,D2-EA,Insecta,Coleoptera,Ptiliidae,,,,Ptiliidae gen. sp.,,1,,
5/15/24,NH,D,EA,D2-EA,Insecta,Coleoptera,Scirtidae,Scirtinae,Contacyphon,,Contacyphon sp.,,1,,
5/15/24,NH,D,EA,D2-EA,Insecta,Coleoptera,Silvanidae,Brontinae,Dendrophagus,Dendrophagus cygnaei,Dendrophagus cygnaei,,2,,
5/15/24,NH,D,EA,D2-EA,Insecta,Coleoptera,Staphylinidae,Aleocharinae,,,Aleocharinae gen. sp.,,1,,
5/15/24,NH,D,EA,D2-EA,Insecta,Coleoptera,Staphylinidae,Scydmaeninae,,,Scydmaeninae gen. sp.,,1,,
5/15/24,NH,D,EA,D2-EA,Insecta,Coleoptera,Staphylinidae,Tachyporinae,Sepedophilus,,Sepedophilus sp.,,1,,
5/15/24,NH,D,EA,D2-EA,Insecta,Coleoptera,Staphylinidae,Xantholininae,Nudobius,Nudobius cephalus,Nudobius cephalus,,2,,
5/15/24,NH,D,EA,D2-EA,Insecta,Coleoptera,Thanerocleridae,Zenodosinae,Zenodosus,Zenodosus sanguineus,Zenodosus sanguineus,,1,,
5/15/24,NH,D,I,D3-I,Insecta,Coleoptera,Cerylonidae,Ceryloninae,Cerylon,Cerylon castaneum,Cerylon castaneum,,1,,
5/15/24,NH,D,I,D3-I,Insecta,Coleoptera,Corylophidae,Corylophinae,Clypastraea,Clypastraea lunata,Clypastraea lunata,,1,,
5/15/24,NH,D,I,D3-I,Insecta,Coleoptera,Curculionidae,Scolytinae,Hylastes,Hylastes opacus,Hylastes opacus,,1,,
5/15/24,NH,D,I,D3-I,Insecta,Coleoptera,Curculionidae,Scolytinae,Pityogenes,Pityogenes hopkinsi,Pityogenes hopkinsi,,1,,
5/15/24,NH,D,I,D3-I,Insecta,Coleoptera,Curculionidae,Scolytinae,Xylosandrus,Xylosandrus germanus,Xylosandrus germanus,,3,,
5/15/24,NH,D,I,D3-I,Insecta,Coleoptera,Curculionidae,Scolytinae,Xyloterinus,Xyloterinus politus,Xyloterinus politus,,8,,
5/15/24,NH,D,I,D3-I,Insecta,Coleoptera,Endomychidae,Leiestinae,Phymaphora,Phymaphora pulchella,Phymaphora pulchella,,1,,
5/15/24,NH,D,I,D3-I,Insecta,Coleoptera,Hydraenidae,Hydraeninae,Hydraena,,Hydraena sp.,,3,,
5/15/24,NH,D,I,D3-I,Insecta,Coleoptera,Hydrophilidae,Enochrinae,Cymbiodyta,,Cymbiodyta sp.,,1,,
5/15/24,NH,D,I,D3-I,Insecta,Coleoptera,Lampyridae,Lampyrinae,Ellychnia,Ellychnia corrusca,Ellychnia corrusca,,2,,
5/15/24,NH,D,I,D3-I,Insecta,Coleoptera,Latridiidae,Corticariinae,Melanophthalma,,Melanophthalma sp.,,33,,
5/15/24,NH,D,I,D3-I,Insecta,Coleoptera,Latridiidae,Latridiinae,Enicmus,Enicmus tenuicornis,Enicmus tenuicornis,,2,,
5/15/24,NH,D,I,D3-I,Insecta,Coleoptera,Nitidulidae,Cryptarchinae,Glischrochilus,Glischrochilus fasciatus,Glischrochilus fasciatus,,2,,
5/15/24,NH,D,I,D3-I,Insecta,Coleoptera,Nitidulidae,Cryptarchinae,Glischrochilus,Glischrochilus sanguinolentus,Glischrochilus sanguinolentus,,1,,
5/15/24,NH,D,I,D3-I,Insecta,Coleoptera,Staphylinidae,Oxytelinae,Carpelimus,,Carpelimus sp.,,1,,
5/15/24,NH,D,I,D3-I,Insecta,Coleoptera,Staphylinidae,Pselaphinae,Bibloporus,Bibloporus bicanalis,Bibloporus bicanalis,,1,y,https://bugguide.net/node/view/2405617
5/15/24,NH,D,I,D3-I,Insecta,Coleoptera,Staphylinidae,Staphylininae,Hesperus,Hesperus apicialis,Hesperus apicialis,,1,,
5/15/24,NH,D,I,D3-I,Insecta,Coleoptera,Staphylinidae,Staphylininae,Quedius,,Quedius sp.,,1,,
5/15/24,NH,D,I,D3-I,Insecta,Coleoptera,Trogossitidae,Trogossitinae,Tenebroides,Tenebroides corticalis,Tenebroides corticalis,,1,,
5/15/24,NH,D,I,D3-I,Insecta,Lepidoptera,,,,,Moth,,1,,
5/15/24,NH,M,E,M1-E,Arachnida,Araneae,,,,,Spider,,1,,
5/15/24,NH,M,E,M1-E,Insecta,Coleoptera,Buprestidae,Polycestinae,Acmaeodera,Acmaeodera tubulus,Acmaeodera tubulus,,1,,
5/15/24,NH,M,E,M1-E,Insecta,Coleoptera,Byturidae,Byturinae,Byturus,Byturus unicolor,Byturus unicolor,,1,,
5/15/24,NH,M,E,M1-E,Insecta,Coleoptera,Carabidae,Scaritinae,Dyschirius,Dyschirius globulosus,Dyschirius globulosus,,1,,
5/15/24,NH,M,E,M1-E,Insecta,Coleoptera,Cerambycidae,Cerambycinae,Cyrtophorus,Cyrtophorus verrucosus,Cyrtophorus verrucosus,,1,,
5/15/24,NH,M,E,M1-E,Insecta,Coleoptera,Cerambycidae,Cerambycinae,Molorchus,Molorchus bimaculatus,Molorchus bimaculatus,,4,,
5/15/24,NH,M,E,M1-E,Insecta,Coleoptera,Ciidae,Ciinae,Orthocis,Orthocis punctatus,Orthocis punctatus,,1,,
5/15/24,NH,M,E,M1-E,Insecta,Coleoptera,Cleridae,Clerinae,Enoclerus,Enoclerus nigripes,Enoclerus nigripes,,2,,
5/15/24,NH,M,E,M1-E,Insecta,Coleoptera,Corylophidae,Corylophinae,Clypastraea,Clypastraea lunata,Clypastraea lunata,,2,,
5/15/24,NH,M,E,M1-E,Insecta,Coleoptera,Cryptophagidae,Cryptophaginae,Cryptophagus,,Cryptophagus sp.,,1,,
5/15/24,NH,M,E,M1-E,Insecta,Coleoptera,Curculionidae,Scolytinae,Anisandrus,Anisandrus sayi,Anisandrus sayi,,25,,
5/15/24,NH,M,E,M1-E,Insecta,Coleoptera,Curculionidae,Scolytinae,Cyclorhipidion,Cyclorhipidion bodoanum,Cyclorhipidion bodoanum,,1,,
5/15/24,NH,M,E,M1-E,Insecta,Coleoptera,Curculionidae,Scolytinae,Cyclorhipidion,Cyclorhipidion pelliculosum,Cyclorhipidion pelliculosum,,39,,
5/15/24,NH,M,E,M1-E,Insecta,Coleoptera,Curculionidae,Scolytinae,Euwallacea,Euwallacea validus,Euwallacea validus,,2,,
5/15/24,NH,M,E,M1-E,Insecta,Coleoptera,Curculionidae,Scolytinae,Monarthrum,Monarthrum mali,Monarthrum mali,,4,,
5/15/24,NH,M,E,M1-E,Insecta,Coleoptera,Curculionidae,Scolytinae,Pityogenes,Pityogenes hopkinsi,Pityogenes hopkinsi,,1,,
5/15/24,NH,M,E,M1-E,Insecta,Coleoptera,Curculionidae,Scolytinae,Pityophthorus,Pityophthorus puberulus,Pityophthorus puberulus,,1,,
5/15/24,NH,M,E,M1-E,Insecta,Coleoptera,Curculionidae,Scolytinae,Xyleborinus,Xyleborinus attenuatus,Xyleborinus attenuatus,,11,,
5/15/24,NH,M,E,M1-E,Insecta,Coleoptera,Curculionidae,Scolytinae,Xyleborinus,Xyleborinus saxesenii,Xyleborinus saxesenii,,14,,
5/15/24,NH,M,E,M1-E,Insecta,Coleoptera,Curculionidae,Scolytinae,Xylosandrus,Xylosandrus germanus,Xylosandrus germanus,,31,,
5/15/24,NH,M,E,M1-E,Insecta,Coleoptera,Curculionidae,Scolytinae,Xyloterinus,Xyloterinus politus,Xyloterinus politus,,3,,
5/15/24,NH,M,E,M1-E,Insecta,Coleoptera,Elateridae,Dendrometrinae,Laneganus,Laneganus sulcicollis,Laneganus sulcicollis,,1,,
5/15/24,NH,M,E,M1-E,Insecta,Coleoptera,Elateridae,Elaterinae,Ampedus,Ampedus areolatus,Ampedus areolatus,,1,,
5/15/24,NH,M,E,M1-E,Insecta,Coleoptera,Elateridae,Elaterinae,Ampedus,Ampedus rubricollis,Ampedus rubricollis,,1,,
5/15/24,NH,M,E,M1-E,Insecta,Coleoptera,Elateridae,Elaterinae,Melanotus,Melanotus testaceus,Melanotus testaceus,,1,y,https://bugguide.net/node/view/2407630
5/15/24,NH,M,E,M1-E,Insecta,Coleoptera,Endomychidae,Leiestinae,Phymaphora,Phymaphora pulchella,Phymaphora pulchella,,2,,
5/15/24,NH,M,E,M1-E,Insecta,Coleoptera,Eucnemidae,Dromaeolinae,Isarthrus,Isarthrus calceatus,Isarthrus calceatus,,4,,
5/15/24,NH,M,E,M1-E,Insecta,Coleoptera,Laemophloeidae,NoSubfamily_Laemophloeidae,Charaphloeus,Charaphloeus convexulus,Charaphloeus convexulus,,3,,
5/15/24,NH,M,E,M1-E,Insecta,Coleoptera,Laemophloeidae,NoSubfamily_Laemophloeidae,Laemophloeus,Laemophloeus biguttatus,Laemophloeus biguttatus,,1,,
5/15/24,NH,M,E,M1-E,Insecta,Coleoptera,Lampyridae,Lampyrinae,Ellychnia,Ellychnia corrusca,Ellychnia corrusca,,2,,
5/15/24,NH,M,E,M1-E,Insecta,Coleoptera,Latridiidae,Corticariinae,Melanophthalma,,Melanophthalma sp.,,22,,
5/15/24,NH,M,E,M1-E,Insecta,Coleoptera,Latridiidae,Latridiinae,Enicmus,Enicmus tenuicornis,Enicmus tenuicornis,,1,,
5/15/24,NH,M,E,M1-E,Insecta,Coleoptera,Melandryidae,Melandryinae,Hypulus,Hypulus simulator,Hypulus simulator,,1,,
5/15/24,NH,M,E,M1-E,Insecta,Coleoptera,Nitidulidae,Cillaeinae,Colopterus,Colopterus truncatus,Colopterus truncatus,,4,,
5/15/24,NH,M,E,M1-E,Insecta,Coleoptera,Nitidulidae,Cryptarchinae,Glischrochilus,Glischrochilus fasciatus,Glischrochilus fasciatus,,1,,
5/15/24,NH,M,E,M1-E,Insecta,Coleoptera,Nitidulidae,Cryptarchinae,Glischrochilus,Glischrochilus sanguinolentus,Glischrochilus sanguinolentus,,1,,
5/15/24,NH,M,E,M1-E,Insecta,Coleoptera,Ptiliidae,,,,Ptiliidae gen. sp.,,1,,
5/15/24,NH,M,E,M1-E,Insecta,Coleoptera,Salpingidae,Salpinginae,Rhinosimus,Rhinosimus viridiaeneus,Rhinosimus viridiaeneus,,1,,
5/15/24,NH,M,E,M1-E,Insecta,Coleoptera,Staphylinidae,Aleocharinae,,,Aleocharinae gen. sp.,,1,,
5/15/24,NH,M,E,M1-E,Insecta,Coleoptera,Staphylinidae,Paederinae,Sunius,Sunius confluentus,Sunius confluentus,,1,,
5/15/24,NH,M,E,M1-E,Insecta,Coleoptera,Staphylinidae,Scydmaeninae,,,Scydmaeninae gen. sp.,,1,,
5/15/24,NH,M,E,M1-E,Insecta,Coleoptera,Staphylinidae,Tachyporinae,Sepedophilus,,Sepedophilus sp.,,1,,
5/15/24,NH,M,E,M1-E,Insecta,Coleoptera,Staphylinidae,,,,Bryoporus sp.,,1,,
5/15/24,NH,M,E,M1-E,Insecta,Coleoptera,Staphylinidae,,,,Staphylinine gen. sp.,2,2,,
5/15/24,NH,M,E,M1-E,Insecta,Coleoptera,Thanerocleridae,Zenodosinae,Zenodosus,Zenodosus sanguineus,Zenodosus sanguineus,,3,,
5/15/24,NH,M,E,M1-E,Insecta,Coleoptera,Trogossitidae,Trogossitinae,Tenebroides,Tenebroides corticalis,Tenebroides corticalis,,6,,
5/15/24,NH,M,E,M1-E,Insecta,Hemiptera,Cicadellidae,Typhlocybinae,Eratoneura,,Eratoneura sp.,,1,,
5/15/24,NH,M,E,M1-E,Insecta,Hemiptera,Rhyparochromidae,Rhyparochrominae,Pseudopachybrachius,Pseudopachybrachius basalis,Pseudopachybrachius basalis,,1,,
5/15/24,NH,M,E,M1-E,Insecta,Hymenoptera,Ichneumonidae,,,,Ichneumonidae gen. sp.,,1,,
5/15/24,NH,M,E,M1-E,Insecta,Hymenoptera,Tenthredinidae,,,,Sawfly,,1,,
5/15/24,NH,M,E,M1-E,Insecta,Hymenoptera,,,,,Parasitic Wasp,,1,,
5/15/24,NH,M,E,M1-E,Insecta,Trichoptera,,,,,Caddisfly,,1,,
5/15/24,NH,M,EA,M2-EA,Arachnida,Araneae,,,,,Spider,2,2,,
5/15/24,NH,M,EA,M2-EA,Insecta,Coleoptera,Cerambycidae,Cerambycinae,Neoclytus,Neoclytus acuminatus,Neoclytus acuminatus,,1,,
5/15/24,NH,M,EA,M2-EA,Insecta,Coleoptera,Cerambycidae,Lepturinae,Rhagium,Rhagium inquisitor,Rhagium inquisitor,,4,,
5/15/24,NH,M,EA,M2-EA,Insecta,Coleoptera,Cleridae,Clerinae,Enoclerus,Enoclerus nigripes,Enoclerus nigripes,,4,,
5/15/24,NH,M,EA,M2-EA,Insecta,Coleoptera,Curculionidae,Molytinae,Hylobius,Hylobius pales,Hylobius pales,,2,,
5/15/24,NH,M,EA,M2-EA,Insecta,Coleoptera,Curculionidae,Molytinae,Pissodes,Pissodes strobi,Pissodes strobi,,7,,
5/15/24,NH,M,EA,M2-EA,Insecta,Coleoptera,Curculionidae,Scolytinae,Anisandrus,Anisandrus sayi,Anisandrus sayi,,2,,
5/15/24,NH,M,EA,M2-EA,Insecta,Coleoptera,Curculionidae,Scolytinae,Dendroctonus,Dendroctonus valens,Dendroctonus valens,,24,,
5/15/24,NH,M,EA,M2-EA,Insecta,Coleoptera,Curculionidae,Scolytinae,Ips,Ips grandicollis,Ips grandicollis,,5,,
5/15/24,NH,M,EA,M2-EA,Insecta,Coleoptera,Curculionidae,Scolytinae,Orthotomicus,Orthotomicus caelatus,Orthotomicus caelatus,,2,,
5/15/24,NH,M,EA,M2-EA,Insecta,Coleoptera,Curculionidae,Scolytinae,Pityogenes,Pityogenes hopkinsi,Pityogenes hopkinsi,,1,,
5/15/24,NH,M,EA,M2-EA,Insecta,Coleoptera,Curculionidae,Scolytinae,Pityophthorus,Pityophthorus puberulus,Pityophthorus puberulus,,5,,
5/15/24,NH,M,EA,M2-EA,Insecta,Coleoptera,Curculionidae,Scolytinae,Xyleborinus,Xyleborinus attenuatus,Xyleborinus attenuatus,,4,,
5/15/24,NH,M,EA,M2-EA,Insecta,Coleoptera,Curculionidae,Scolytinae,Xyleborinus,Xyleborinus saxesenii,Xyleborinus saxesenii,,1,,
5/15/24,NH,M,EA,M2-EA,Insecta,Coleoptera,Curculionidae,Scolytinae,Xylosandrus,Xylosandrus germanus,Xylosandrus germanus,,4,,
5/15/24,NH,M,EA,M2-EA,Insecta,Coleoptera,Curculionidae,Scolytinae,Xyloterinus,Xyloterinus politus,Xyloterinus politus,,4,,
5/15/24,NH,M,EA,M2-EA,Insecta,Coleoptera,Elateridae,Dendrometrinae,Limonius,Limonius basilaris,Limonius basilaris,,1,,
5/15/24,NH,M,EA,M2-EA,Insecta,Coleoptera,Eucnemidae,Dromaeolinae,Isarthrus,Isarthrus calceatus,Isarthrus calceatus,,1,,
5/15/24,NH,M,EA,M2-EA,Insecta,Coleoptera,Laemophloeidae,NoSubfamily_Laemophloeidae,Charaphloeus,Charaphloeus convexulus,Charaphloeus convexulus,,1,,
5/15/24,NH,M,EA,M2-EA,Insecta,Coleoptera,Lampyridae,Lampyrinae,Ellychnia,Ellychnia corrusca,Ellychnia corrusca,,1,,
5/15/24,NH,M,EA,M2-EA,Insecta,Coleoptera,Latridiidae,Corticariinae,Cortinicara,Cortinicara gibbosa,Cortinicara gibbosa,,1,,
5/15/24,NH,M,EA,M2-EA,Insecta,Coleoptera,Latridiidae,Corticariinae,Melanophthalma,,Melanophthalma sp.,,4,,
5/15/24,NH,M,EA,M2-EA,Insecta,Coleoptera,Melandryidae,Melandryinae,Hypulus,Hypulus simulator,Hypulus simulator,,1,,
5/15/24,NH,M,EA,M2-EA,Insecta,Coleoptera,Nitidulidae,Cillaeinae,Colopterus,Colopterus unicolor,Colopterus unicolor,,1,,
5/15/24,NH,M,EA,M2-EA,Insecta,Coleoptera,Nitidulidae,Cryptarchinae,Glischrochilus,Glischrochilus sanguinolentus,Glischrochilus sanguinolentus,,1,,
5/15/24,NH,M,EA,M2-EA,Insecta,Coleoptera,Staphylinidae,,,,Staphylinine gen. sp.,,1,,
5/15/24,NH,M,EA,M2-EA,Insecta,Coleoptera,Trogossitidae,Trogossitinae,Tenebroides,Tenebroides corticalis,Tenebroides corticalis,,1,,
5/15/24,NH,M,EA,M2-EA,Insecta,Hemiptera,Cicadellidae,Typhlocybinae,Eratoneura,,Eratoneura sp.,,1,,
5/15/24,NH,M,EA,M2-EA,Insecta,Hemiptera,Pentatomidae,Pentatominae,Chinavia,Chinavia hilaris,Chinavia hilaris,,1,,
5/15/24,NH,M,EA,M2-EA,Insecta,Hymenoptera,Formicidae,Formicinae,Camponotus,Camponotus pennsylvanicus,Camponotus pennsylvanicus,,1,,
5/15/24,NH,M,EA,M2-EA,Insecta,Hymenoptera,Tenthredinidae,,,,Sawfly,2,3,,
5/15/24,NH,M,EA,M2-EA,Insecta,Hymenoptera,,,,,Bee,,1,,
5/15/24,NH,M,EA,M2-EA,Insecta,Lepidoptera,,,,,Moth,3,3,,
5/15/24,NH,M,I,M3-I,Arachnida,Araneae,,,,,Spider,2,2,,
5/15/24,NH,M,I,M3-I,Insecta,Coleoptera,Aderidae,NoSubfamily_Aderidae,Syzeton,Syzeton subfasciatus,Syzeton subfasciatus,,1,,
5/15/24,NH,M,I,M3-I,Insecta,Coleoptera,Carabidae,Harpalinae,Stenolophus,,Stenolophus sp.,,1,,
5/15/24,NH,M,I,M3-I,Insecta,Coleoptera,Ciidae,Ciinae,Orthocis,Orthocis punctatus,Orthocis punctatus,,1,,
5/15/24,NH,M,I,M3-I,Insecta,Coleoptera,Cleridae,Clerinae,Enoclerus,Enoclerus nigripes,Enoclerus nigripes,,3,,
5/15/24,NH,M,I,M3-I,Insecta,Coleoptera,Coccinellidae,Scymninae,Didion,,Didion sp.,,1,,
5/15/24,NH,M,I,M3-I,Insecta,Coleoptera,Corylophidae,Corylophinae,Clypastraea,Clypastraea lunata,Clypastraea lunata,,1,,
5/15/24,NH,M,I,M3-I,Insecta,Coleoptera,Curculionidae,Scolytinae,Euwallacea,Euwallacea validus,Euwallacea validus,,1,,
5/15/24,NH,M,I,M3-I,Insecta,Coleoptera,Curculionidae,Scolytinae,Gnathotrichus,Gnathotrichus materiarius,Gnathotrichus materiarius,,2,,
5/15/24,NH,M,I,M3-I,Insecta,Coleoptera,Curculionidae,Scolytinae,Orthotomicus,Orthotomicus caelatus,Orthotomicus caelatus,,1,,
5/15/24,NH,M,I,M3-I,Insecta,Coleoptera,Curculionidae,Scolytinae,Pityophthorus,Pityophthorus puberulus,Pityophthorus puberulus,,2,,
5/15/24,NH,M,I,M3-I,Insecta,Coleoptera,Elateridae,Cardiophorinae,Cardiophorus,Cardiophorus convexus,Cardiophorus convexus,,1,,
5/15/24,NH,M,I,M3-I,Insecta,Coleoptera,Elateridae,Elaterinae,Ampedus,Ampedus semicinctus,Ampedus semicinctus,,1,,
5/15/24,NH,M,I,M3-I,Insecta,Coleoptera,Endomychidae,Leiestinae,Phymaphora,Phymaphora pulchella,Phymaphora pulchella,,1,,
5/15/24,NH,M,I,M3-I,Insecta,Coleoptera,Laemophloeidae,NoSubfamily_Laemophloeidae,Charaphloeus,Charaphloeus convexulus,Charaphloeus convexulus,,1,,
5/15/24,NH,M,I,M3-I,Insecta,Coleoptera,Lampyridae,Lampyrinae,Ellychnia,Ellychnia corrusca,Ellychnia corrusca,,1,,
5/15/24,NH,M,I,M3-I,Insecta,Coleoptera,Latridiidae,Corticariinae,Melanophthalma,,Melanophthalma sp.,,8,,
5/15/24,NH,M,I,M3-I,Insecta,Coleoptera,Latridiidae,Latridiinae,Enicmus,Enicmus tenuicornis,Enicmus tenuicornis,,1,,
5/15/24,NH,M,I,M3-I,Insecta,Coleoptera,Nitidulidae,Cryptarchinae,Glischrochilus,Glischrochilus fasciatus,Glischrochilus fasciatus,,1,,
5/15/24,NH,M,I,M3-I,Insecta,Coleoptera,Staphylinidae,Aleocharinae,,,Aleocharinae gen. sp.,,1,,
5/15/24,NH,M,I,M3-I,Insecta,Coleoptera,Staphylinidae,Scydmaeninae,,,Scydmaeninae gen. sp.,,1,,
5/15/24,NH,M,I,M3-I,Insecta,Coleoptera,Staphylinidae,,,,Bryoporus sp.,,1,,
5/15/24,NH,M,I,M3-I,Insecta,Coleoptera,Trogossitidae,Trogossitinae,Tenebroides,Tenebroides corticalis,Tenebroides corticalis,,1,,
5/15/24,NH,M,I,M3-I,Insecta,Coleoptera,Zopheridae,Colydiinae,Namunaria,Namunaria guttulata,Namunaria guttulata,,1,,
5/15/24,NH,M,I,M3-I,Insecta,Hemiptera,Lyctocoridae,NoSubfamily_Lyctocoridae,Lyctocoris,Lyctocoris stalii,Lyctocoris stalii,,1,,
5/15/24,NH,M,I,M3-I,Insecta,Hymenoptera,Formicidae,,,,Ant,,1,,
5/15/24,NH,M,I,M3-I,Insecta,Hymenoptera,,,,,Bee,,1,,
5/15/24,NH,M,I,M3-I,Insecta,Hymenoptera,,,,,Parasitic Wasp,4,4,,
5/15/24,NH,M,I,M3-I,Insecta,Lepidoptera,,,,,Moth,3,3,,
5/15/24,NH,M,I,M3-I,Insecta,Neuroptera,,,,,Lacewing,,1,,
5/15/24,NH,P,E,P1-E,Insecta,Coleoptera,Carabidae,Harpalinae,Amphasia,Amphasia interstitialis,Amphasia interstitialis,,1,,
5/15/24,NH,P,E,P1-E,Insecta,Coleoptera,Ciidae,Ciinae,Orthocis,Orthocis punctatus,Orthocis punctatus,,1,,
5/15/24,NH,P,E,P1-E,Insecta,Coleoptera,Cleridae,Clerinae,Enoclerus,Enoclerus nigripes,Enoclerus nigripes,,3,,
5/15/24,NH,P,E,P1-E,Insecta,Coleoptera,Cryptophagidae,Cryptophaginae,Henoticus,Henoticus pilifer,Henoticus pilifer,,1,,
5/15/24,NH,P,E,P1-E,Insecta,Coleoptera,Cucujidae,NoSubfamily_Cucujidae,Cucujus,Cucujus clavipes,Cucujus clavipes,,1,,
5/15/24,NH,P,E,P1-E,Insecta,Coleoptera,Curculionidae,Scolytinae,Anisandrus,Anisandrus sayi,Anisandrus sayi,,5,,
5/15/24,NH,P,E,P1-E,Insecta,Coleoptera,Curculionidae,Scolytinae,Cyclorhipidion,Cyclorhipidion pelliculosum,Cyclorhipidion pelliculosum,,5,,
5/15/24,NH,P,E,P1-E,Insecta,Coleoptera,Curculionidae,Scolytinae,Heteroborips,Heteroborips seriatus,Heteroborips seriatus,,18,,
5/15/24,NH,P,E,P1-E,Insecta,Coleoptera,Curculionidae,Scolytinae,Hylesinus,Hylesinus aculeatus,Hylesinus aculeatus,,1,,
5/15/24,NH,P,E,P1-E,Insecta,Coleoptera,Curculionidae,Scolytinae,Phloeotribus,Phloeotribus liminaris,Phloeotribus liminaris,,2,,
5/15/24,NH,P,E,P1-E,Insecta,Coleoptera,Curculionidae,Scolytinae,Xyleborinus,Xyleborinus attenuatus,Xyleborinus attenuatus,,85,,
5/15/24,NH,P,E,P1-E,Insecta,Coleoptera,Curculionidae,Scolytinae,Xyleborinus,Xyleborinus saxesenii,Xyleborinus saxesenii,,47,,
5/15/24,NH,P,E,P1-E,Insecta,Coleoptera,Curculionidae,Scolytinae,Xylosandrus,Xylosandrus germanus,Xylosandrus germanus,,40,,
5/15/24,NH,P,E,P1-E,Insecta,Coleoptera,Curculionidae,Scolytinae,Xyloterinus,Xyloterinus politus,Xyloterinus politus,,2,,
5/15/24,NH,P,E,P1-E,Insecta,Coleoptera,Elateridae,Dendrometrinae,Sylvanelater,Sylvanelater cylindriformis,Sylvanelater cylindriformis,,1,,
5/15/24,NH,P,E,P1-E,Insecta,Coleoptera,Monotomidae,Rhizophaginae,Rhizophagus,Rhizophagus brunneus,Rhizophagus brunneus,,1,,
5/15/24,NH,P,E,P1-E,Insecta,Coleoptera,Nitidulidae,Amphicrossinae,Amphicrossus,Amphicrossus ciliatus,Amphicrossus ciliatus,,1,,
5/15/24,NH,P,E,P1-E,Insecta,Coleoptera,Nitidulidae,Cillaeinae,Colopterus,Colopterus truncatus,Colopterus truncatus,,6,,
5/15/24,NH,P,E,P1-E,Insecta,Coleoptera,Nitidulidae,Cryptarchinae,Glischrochilus,Glischrochilus sanguinolentus,Glischrochilus sanguinolentus,,10,,
5/15/24,NH,P,E,P1-E,Insecta,Coleoptera,Nitidulidae,Meligethinae,Fabogethes,Fabogethes nigrescens,Fabogethes nigrescens,,1,,
5/15/24,NH,P,E,P1-E,Insecta,Coleoptera,Staphylinidae,Aleocharinae,,,Aleocharinae gen. sp.,2,4,,
5/15/24,NH,P,E,P1-E,Insecta,Coleoptera,Staphylinidae,Xantholininae,Nudobius,Nudobius cephalus,Nudobius cephalus,,2,,
5/15/24,NH,P,E,P1-E,Insecta,Hemiptera,Aradidae,Aradinae,Aradus,Aradus robustus,Aradus robustus,,1,,
5/15/24,NH,P,E,P1-E,Insecta,Hemiptera,Pentatomidae,Pentatominae,Brochymena,Brochymena arborea,Brochymena arborea,,1,,
5/15/24,NH,P,E,P1-E,Insecta,Hemiptera,Tingidae,Tinginae,Corythucha,,Corythucha sp.,,1,,
5/15/24,NH,P,E,P1-E,Insecta,Hymenoptera,Ichneumonidae,Ichneumoninae,Ichneumon,Ichneumon centrator,Ichneumon centrator,,1,,
5/15/24,NH,P,E,P1-E,Insecta,Hymenoptera,,,,,Parasitic Wasp,2,2,,
5/15/24,NH,P,E,P1-E,Insecta,Lepidoptera,,,,,Caterpillar,,1,,
5/15/24,NH,P,E,P1-E,Insecta,Lepidoptera,,,,,Moth,,1,,
5/15/24,NH,P,EA,P2-EA,Arachnida,Araneae,,,,,Spider,3,3,,
5/15/24,NH,P,EA,P2-EA,Arachnida,Opiliones,,,,,Harvestman,,1,,
5/15/24,NH,P,EA,P2-EA,Insecta,Coleoptera,Carabidae,Harpalinae,Amphasia,Amphasia interstitialis,Amphasia interstitialis,,1,,
5/15/24,NH,P,EA,P2-EA,Insecta,Coleoptera,Cerambycidae,Lepturinae,Rhagium,Rhagium inquisitor,Rhagium inquisitor,,1,,
5/15/24,NH,P,EA,P2-EA,Insecta,Coleoptera,Cleridae,Clerinae,Enoclerus,Enoclerus nigripes,Enoclerus nigripes,,15,,
5/15/24,NH,P,EA,P2-EA,Insecta,Coleoptera,Cleridae,Clerinae,Thanasimus,Thanasimus dubius,Thanasimus dubius,,3,,
5/15/24,NH,P,EA,P2-EA,Insecta,Coleoptera,Curculionidae,Molytinae,Hylobius,Hylobius pales,Hylobius pales,,3,,
5/15/24,NH,P,EA,P2-EA,Insecta,Coleoptera,Curculionidae,Molytinae,Pissodes,Pissodes strobi,Pissodes strobi,,3,,
5/15/24,NH,P,EA,P2-EA,Insecta,Coleoptera,Curculionidae,Scolytinae,Anisandrus,Anisandrus sayi,Anisandrus sayi,,2,,
5/15/24,NH,P,EA,P2-EA,Insecta,Coleoptera,Curculionidae,Scolytinae,Conophthorus,Conophthorus coniperda,Conophthorus coniperda,,1,,
5/15/24,NH,P,EA,P2-EA,Insecta,Coleoptera,Curculionidae,Scolytinae,Dendroctonus,Dendroctonus valens,Dendroctonus valens,,29,,
5/15/24,NH,P,EA,P2-EA,Insecta,Coleoptera,Curculionidae,Scolytinae,Dryocoetes,Dryocoetes affaber,Dryocoetes affaber,,1,,
5/15/24,NH,P,EA,P2-EA,Insecta,Coleoptera,Curculionidae,Scolytinae,Gnathotrichus,Gnathotrichus materiarius,Gnathotrichus materiarius,,5,,
5/15/24,NH,P,EA,P2-EA,Insecta,Coleoptera,Curculionidae,Scolytinae,Heteroborips,Heteroborips seriatus,Heteroborips seriatus,,5,,
5/15/24,NH,P,EA,P2-EA,Insecta,Coleoptera,Curculionidae,Scolytinae,Hylastes,Hylastes opacus,Hylastes opacus,,2,,
5/15/24,NH,P,EA,P2-EA,Insecta,Coleoptera,Curculionidae,Scolytinae,Hylastes,Hylastes porculus,Hylastes porculus,,1,,
5/15/24,NH,P,EA,P2-EA,Insecta,Coleoptera,Curculionidae,Scolytinae,Hylesinus,Hylesinus aculeatus,Hylesinus aculeatus,,23,,
5/15/24,NH,P,EA,P2-EA,Insecta,Coleoptera,Curculionidae,Scolytinae,Hylesinus,Hylesinus criddlei,Hylesinus criddlei,,2,,
5/15/24,NH,P,EA,P2-EA,Insecta,Coleoptera,Curculionidae,Scolytinae,Ips,Ips grandicollis,Ips grandicollis,,21,,
5/15/24,NH,P,EA,P2-EA,Insecta,Coleoptera,Curculionidae,Scolytinae,Orthotomicus,Orthotomicus caelatus,Orthotomicus caelatus,,1,,
5/15/24,NH,P,EA,P2-EA,Insecta,Coleoptera,Curculionidae,Scolytinae,Pityogenes,Pityogenes hopkinsi,Pityogenes hopkinsi,,15,,
5/15/24,NH,P,EA,P2-EA,Insecta,Coleoptera,Curculionidae,Scolytinae,Pityophthorus,Pityophthorus puberulus,Pityophthorus puberulus,,5,,
5/15/24,NH,P,EA,P2-EA,Insecta,Coleoptera,Curculionidae,Scolytinae,Xyleborinus,Xyleborinus attenuatus,Xyleborinus attenuatus,,24,,
5/15/24,NH,P,EA,P2-EA,Insecta,Coleoptera,Curculionidae,Scolytinae,Xylosandrus,Xylosandrus germanus,Xylosandrus germanus,,57,,
5/15/24,NH,P,EA,P2-EA,Insecta,Coleoptera,Curculionidae,Scolytinae,Xyloterinus,Xyloterinus politus,Xyloterinus politus,,10,,
5/15/24,NH,P,EA,P2-EA,Insecta,Coleoptera,Elateridae,Elaterinae,Ampedus,Ampedus unnamed sp. ,Ampedus unnamed sp. ,,1,,
5/15/24,NH,P,EA,P2-EA,Insecta,Coleoptera,Elateridae,Elaterinae,Melanotus,Melanotus americanus,Melanotus americanus,,1,,
5/15/24,NH,P,EA,P2-EA,Insecta,Coleoptera,Elateridae,Elaterinae,Melanotus,Melanotus hyslopi,Melanotus hyslopi,,1,,
5/15/24,NH,P,EA,P2-EA,Insecta,Coleoptera,Erotylidae,Xenoscelinae,Cryptophilus,Cryptophilus seriatus,Cryptophilus seriatus,,2,,
5/15/24,NH,P,EA,P2-EA,Insecta,Coleoptera,Hydrophilidae,Enochrinae,Cymbiodyta,,Cymbiodyta sp.,,1,,
5/15/24,NH,P,EA,P2-EA,Insecta,Coleoptera,Latridiidae,Corticariinae,Cortinicara,Cortinicara gibbosa,Cortinicara gibbosa,,1,,
5/15/24,NH,P,EA,P2-EA,Insecta,Coleoptera,Latridiidae,Corticariinae,Melanophthalma,,Melanophthalma sp.,,13,,
5/15/24,NH,P,EA,P2-EA,Insecta,Coleoptera,Leiodidae,Leiodinae,Agathidium,,Agathidium sp.,,1,,
5/15/24,NH,P,EA,P2-EA,Insecta,Coleoptera,Mycetophagidae,Mycetophaginae,Litargus,Litargus balteatus,Litargus balteatus,,2,,
5/15/24,NH,P,EA,P2-EA,Insecta,Coleoptera,Nitidulidae,Cillaeinae,Colopterus,Colopterus truncatus,Colopterus truncatus,,2,,
5/15/24,NH,P,EA,P2-EA,Insecta,Coleoptera,Nitidulidae,Cryptarchinae,Glischrochilus,Glischrochilus sanguinolentus,Glischrochilus sanguinolentus,,4,,
5/15/24,NH,P,EA,P2-EA,Insecta,Coleoptera,Nitidulidae,Epuraeinae,Epuraea,,Epuraea sp.,,1,,
5/15/24,NH,P,EA,P2-EA,Insecta,Coleoptera,Nitidulidae,Nitidulinae,Lobiopa,Lobiopa undulata,Lobiopa undulata,,2,,
5/15/24,NH,P,EA,P2-EA,Insecta,Coleoptera,Staphylinidae,Aleocharinae,,,Aleocharinae gen. sp.,3,5,,
5/15/24,NH,P,EA,P2-EA,Insecta,Coleoptera,Staphylinidae,Omaliinae,Phloeonomus,Phloeonomus laesicollis,Phloeonomus laesicollis,,1,,
5/15/24,NH,P,EA,P2-EA,Insecta,Coleoptera,Staphylinidae,Tachyporinae,Sepedophilus,,Sepedophilus sp.,,1,,
5/15/24,NH,P,EA,P2-EA,Insecta,Coleoptera,Staphylinidae,Xantholininae,Nudobius,Nudobius cephalus,Nudobius cephalus,,1,,
5/15/24,NH,P,EA,P2-EA,Insecta,Coleoptera,Thanerocleridae,Zenodosinae,Zenodosus,Zenodosus sanguineus,Zenodosus sanguineus,,1,,
5/15/24,NH,P,EA,P2-EA,Insecta,Hymenoptera,Ichneumonidae,,,,Ichneumonidae gen. sp.,,1,,
5/15/24,NH,P,EA,P2-EA,Insecta,Hymenoptera,,,,,Parasitic Wasp,,1,,
5/15/24,NH,P,EA,P2-EA,Insecta,Lepidoptera,,,,,Moth,,2,,
5/15/24,NH,P,I,P3-I,Insecta,Coleoptera,Carabidae,Harpalinae,Amphasia,Amphasia interstitialis,Amphasia interstitialis,,1,,
5/15/24,NH,P,I,P3-I,Insecta,Coleoptera,Carabidae,Harpalinae,Axinopalpus,Axinopalpus biplagiatus,Axinopalpus biplagiatus,,1,,
5/15/24,NH,P,I,P3-I,Insecta,Coleoptera,Cerambycidae,Lepturinae,Rhagium,Rhagium inquisitor,Rhagium inquisitor,,1,,
5/15/24,NH,P,I,P3-I,Insecta,Coleoptera,Cleridae,Clerinae,Thanasimus,Thanasimus dubius,Thanasimus dubius,,1,,
5/15/24,NH,P,I,P3-I,Insecta,Coleoptera,Curculionidae,Entiminae,Cyrtepistomus,Cyrtepistomus castaneus,Cyrtepistomus castaneus,,1,,
5/15/24,NH,P,I,P3-I,Insecta,Coleoptera,Curculionidae,Scolytinae,Ambrosiophilus,Ambrosiophilus atratus,Ambrosiophilus atratus,,3,,
5/15/24,NH,P,I,P3-I,Insecta,Coleoptera,Curculionidae,Scolytinae,Conophthorus,Conophthorus coniperda,Conophthorus coniperda,,2,,
5/15/24,NH,P,I,P3-I,Insecta,Coleoptera,Curculionidae,Scolytinae,Gnathotrichus,Gnathotrichus materiarius,Gnathotrichus materiarius,,1,,
5/15/24,NH,P,I,P3-I,Insecta,Coleoptera,Curculionidae,Scolytinae,Hylesinus,Hylesinus aculeatus,Hylesinus aculeatus,,2,,
5/15/24,NH,P,I,P3-I,Insecta,Coleoptera,Curculionidae,Scolytinae,Ips,Ips pini,Ips pini,,2,,
5/15/24,NH,P,I,P3-I,Insecta,Coleoptera,Curculionidae,Scolytinae,Orthotomicus,Orthotomicus caelatus,Orthotomicus caelatus,,6,,
5/15/24,NH,P,I,P3-I,Insecta,Coleoptera,Curculionidae,Scolytinae,Phloeotribus,Phloeotribus liminaris,Phloeotribus liminaris,,1,,
5/15/24,NH,P,I,P3-I,Insecta,Coleoptera,Curculionidae,Scolytinae,Pityogenes,Pityogenes hopkinsi,Pityogenes hopkinsi,,2,,
5/15/24,NH,P,I,P3-I,Insecta,Coleoptera,Curculionidae,Scolytinae,Pityophthorus,Pityophthorus cariniceps,Pityophthorus cariniceps,,1,,
5/15/24,NH,P,I,P3-I,Insecta,Coleoptera,Curculionidae,Scolytinae,Pityophthorus,Pityophthorus consimilis,Pityophthorus consimilis,,1,,
5/15/24,NH,P,I,P3-I,Insecta,Coleoptera,Curculionidae,Scolytinae,Pityophthorus,Pityophthorus puberulus,Pityophthorus puberulus,,1,,
5/15/24,NH,P,I,P3-I,Insecta,Coleoptera,Curculionidae,Scolytinae,Xyleborinus,Xyleborinus attenuatus,Xyleborinus attenuatus,,2,,
5/15/24,NH,P,I,P3-I,Insecta,Coleoptera,Curculionidae,Scolytinae,Xyloterinus,Xyloterinus politus,Xyloterinus politus,,19,,
5/15/24,NH,P,I,P3-I,Insecta,Coleoptera,Elateridae,Elaterinae,Melanotus,Melanotus americanus,Melanotus americanus,,1,,
5/15/24,NH,P,I,P3-I,Insecta,Coleoptera,Elateridae,Elaterinae,Melanotus,Melanotus hyslopi,Melanotus hyslopi,,1,,
5/15/24,NH,P,I,P3-I,Insecta,Coleoptera,Latridiidae,Corticariinae,Melanophthalma,,Melanophthalma sp.,,13,,
5/15/24,NH,P,I,P3-I,Insecta,Coleoptera,Nitidulidae,Cillaeinae,Colopterus,Colopterus truncatus,Colopterus truncatus,,2,,
5/15/24,NH,P,I,P3-I,Insecta,Coleoptera,Nitidulidae,Cryptarchinae,Glischrochilus,Glischrochilus sanguinolentus,Glischrochilus sanguinolentus,,1,,
5/15/24,NH,P,I,P3-I,Insecta,Coleoptera,Nitidulidae,Epuraeinae,Epuraea,,Epuraea sp.,,1,,
5/15/24,NH,P,I,P3-I,Insecta,Coleoptera,Scarabaeidae,Aphodiinae,Dialytellus,Dialytellus dialytoides,Dialytellus dialytoides,,1,,
5/15/24,NH,P,I,P3-I,Insecta,Coleoptera,Staphylinidae,Aleocharinae,,,Aleocharinae gen. sp.,2,3,,
5/15/24,NH,P,I,P3-I,Insecta,Coleoptera,Staphylinidae,Scydmaeninae,,,Scydmaeninae gen. sp.,,5,,
5/15/24,NH,P,I,P3-I,Insecta,Coleoptera,Staphylinidae,Tachyporinae,Sepedophilus,,Sepedophilus sp.,,2,,
5/15/24,NH,P,I,P3-I,Insecta,Coleoptera,Thanerocleridae,Zenodosinae,Zenodosus,Zenodosus sanguineus,Zenodosus sanguineus,,4,,
5/15/24,NH,P,I,P3-I,Insecta,Hemiptera,Psyllidae,,,,Green Psyllid nymph,,1,,
5/15/24,NH,P,I,P3-I,Insecta,Hymenoptera,,,,,Bee,,1,,
5/15/24,NH,P,I,P3-I,Insecta,Lepidoptera,,,,,Caterpillar,,1,,
5/15/24,NH,P,I,P3-I,Insecta,Lepidoptera,,,,,Moth,,1,,
5/29/24,NH,C,E,C1-E,Insecta,Coleoptera,Bostrichidae,Bostrichinae,Xylobiops,Xylobiops basilaris,Xylobiops basilaris,,1,,
5/29/24,NH,C,E,C1-E,Insecta,Coleoptera,Cerambycidae,Cerambycinae,Neoclytus,Neoclytus acuminatus,Neoclytus acuminatus,,1,,
5/29/24,NH,C,E,C1-E,Insecta,Coleoptera,Cerambycidae,Spondylidinae,Asemum,Asemum striatum,Asemum striatum,,1,,
5/29/24,NH,C,E,C1-E,Insecta,Coleoptera,Cerylonidae,Ceryloninae,Cerylon,Cerylon unicolor,Cerylon unicolor,,1,,
5/29/24,NH,C,E,C1-E,Insecta,Coleoptera,Cerylonidae,Ceryloninae,Philothermus,Philothermus glabriculus,Philothermus glabriculus,,2,,
5/29/24,NH,C,E,C1-E,Insecta,Coleoptera,Ciidae,Ciinae,Cis,Cis creberrimus,Cis creberrimus,,2,,
5/29/24,NH,C,E,C1-E,Insecta,Coleoptera,Cleridae,Clerinae,Enoclerus,Enoclerus nigripes,Enoclerus nigripes,,1,,
5/29/24,NH,C,E,C1-E,Insecta,Coleoptera,Corylophidae,Corylophinae,Orthoperus,Orthoperus scutellaris,Orthoperus scutellaris,,7,,
5/29/24,NH,C,E,C1-E,Insecta,Coleoptera,Curculionidae,Scolytinae,Anisandrus,Anisandrus sayi,Anisandrus sayi,,17,,
5/29/24,NH,C,E,C1-E,Insecta,Coleoptera,Curculionidae,Scolytinae,Cyclorhipidion,Cyclorhipidion pelliculosum,Cyclorhipidion pelliculosum,,1,,
5/29/24,NH,C,E,C1-E,Insecta,Coleoptera,Curculionidae,Scolytinae,Heteroborips,Heteroborips seriatus,Heteroborips seriatus,,4,,
5/29/24,NH,C,E,C1-E,Insecta,Coleoptera,Curculionidae,Scolytinae,Pityogenes,Pityogenes hopkinsi,Pityogenes hopkinsi,,1,,
5/29/24,NH,C,E,C1-E,Insecta,Coleoptera,Curculionidae,Scolytinae,Xyleborinus,Xyleborinus attenuatus,Xyleborinus attenuatus,,2,,
5/29/24,NH,C,E,C1-E,Insecta,Coleoptera,Curculionidae,Scolytinae,Xyleborinus,Xyleborinus saxesenii,Xyleborinus saxesenii,,5,,
5/29/24,NH,C,E,C1-E,Insecta,Coleoptera,Dytiscidae,Dytiscinae,Acilius,Acilius mediatus,Acilius mediatus,,1,,
5/29/24,NH,C,E,C1-E,Insecta,Coleoptera,Elateridae,Agrypninae,Lacon,Lacon auroratus,Lacon auroratus,,1,,
5/29/24,NH,C,E,C1-E,Insecta,Coleoptera,Elateridae,Agrypninae,Lacon,Lacon discoideus,Lacon discoideus,,5,,
5/29/24,NH,C,E,C1-E,Insecta,Coleoptera,Elateridae,Dendrometrinae,Limonius,Limonius basilaris,Limonius basilaris,,3,,
5/29/24,NH,C,E,C1-E,Insecta,Coleoptera,Elateridae,Elaterinae,Agriotes,Agriotes oblongicollis,Agriotes oblongicollis,,1,,
5/29/24,NH,C,E,C1-E,Insecta,Coleoptera,Elateridae,Elaterinae,Melanotus,Melanotus hyslopi,Melanotus hyslopi,,1,,
5/29/24,NH,C,E,C1-E,Insecta,Coleoptera,Endomychidae,Leiestinae,Phymaphora,Phymaphora pulchella,Phymaphora pulchella,,1,,
5/29/24,NH,C,E,C1-E,Insecta,Coleoptera,Lampyridae,Lampyrinae,Ellychnia,Ellychnia corrusca,Ellychnia corrusca,,2,,
5/29/24,NH,C,E,C1-E,Insecta,Coleoptera,Latridiidae,Corticariinae,Melanophthalma,,Melanophthalma sp.,,44,,
5/29/24,NH,C,E,C1-E,Insecta,Coleoptera,Leiodidae,Leiodinae,Agathidium,,Agathidium sp.,,1,,
5/29/24,NH,C,E,C1-E,Insecta,Coleoptera,Melandryidae,Melandryinae,Melandrya,Melandrya striata,Melandrya striata,,1,,
5/29/24,NH,C,E,C1-E,Insecta,Coleoptera,Nitidulidae,Cryptarchinae,Glischrochilus,Glischrochilus fasciatus,Glischrochilus fasciatus,,1,,
5/29/24,NH,C,E,C1-E,Insecta,Coleoptera,Phalacridae,,,,Phalacridae gen. sp.,,1,,
5/29/24,NH,C,E,C1-E,Insecta,Coleoptera,Scarabaeidae,Melolonthinae,Phyllophaga,Phyllophaga longispina,Phyllophaga longispina,,1,,
5/29/24,NH,C,E,C1-E,Insecta,Coleoptera,Scirtidae,Scirtinae,Contacyphon,,Contacyphon sp.,,1,,
5/29/24,NH,C,E,C1-E,Insecta,Coleoptera,Scraptiidae,Scraptiinae,Canifa,Canifa pallipes,Canifa pallipes,,1,,
5/29/24,NH,C,E,C1-E,Insecta,Coleoptera,Staphylinidae,Scydmaeninae,,,Scydmaeninae gen. sp.,,1,,
5/29/24,NH,C,E,C1-E,Insecta,Coleoptera,Staphylinidae,Staphylininae,Hesperus,Hesperus apicialis,Hesperus apicialis,,1,,
5/29/24,NH,C,E,C1-E,Insecta,Coleoptera,Staphylinidae,Tachyporinae,Coproporus,,Coproporus sp.,,1,,
5/29/24,NH,C,E,C1-E,Insecta,Coleoptera,Staphylinidae,Tachyporinae,Sepedophilus,,Sepedophilus sp.,,1,,
5/29/24,NH,C,E,C1-E,Insecta,Coleoptera,Thanerocleridae,Zenodosinae,Zenodosus,Zenodosus sanguineus,Zenodosus sanguineus,,3,,
5/29/24,NH,C,E,C1-E,Insecta,Coleoptera,Throscidae,NoSubfamily_Throscidae,Aulonothroscus,,Aulonothroscus sp.,,9,,
5/29/24,NH,C,E,C1-E,Insecta,Coleoptera,Trogossitidae,Trogossitinae,Tenebroides,Tenebroides corticalis,Tenebroides corticalis,,2,,
5/29/24,NH,C,E,C1-E,Insecta,Hemiptera,Pentatomidae,Pentatominae,Menecles,Menecles insertus,Menecles insertus,,1,,
5/29/24,NH,C,E,C1-E,Insecta,Hymenoptera,Apidae,Apinae,Bombus,,Bombus sp.,,2,,
5/29/24,NH,C,E,C1-E,Insecta,Hymenoptera,Formicidae,,,,Ant,,1,,
5/29/24,NH,C,E,C1-E,Insecta,Hymenoptera,Ichneumonidae,,,,Ichneumonidae gen. sp.,,1,,
5/29/24,NH,C,E,C1-E,Insecta,Hymenoptera,Xyelidae,,,,Xyelid sawfly,,1,,
5/29/24,NH,C,E,C1-E,Insecta,Hymenoptera,,,,,Parasitic Wasp,5,5,,
5/29/24,NH,C,E,C1-E,Insecta,Lepidoptera,,,,,Caterpillar,,4,,
5/29/24,NH,C,EA,C2-EA,Arachnida,Araneae,,,,,Spider,3,4,,
5/29/24,NH,C,EA,C2-EA,Insecta,Coleoptera,Carabidae,Trechinae,Mioptachys,Mioptachys flavicauda,Mioptachys flavicauda,,1,,
5/29/24,NH,C,EA,C2-EA,Insecta,Coleoptera,Cerambycidae,Cerambycinae,Neoclytus,Neoclytus acuminatus,Neoclytus acuminatus,,3,,
5/29/24,NH,C,EA,C2-EA,Insecta,Coleoptera,Cerambycidae,Spondylidinae,Asemum,Asemum striatum,Asemum striatum,,4,,
5/29/24,NH,C,EA,C2-EA,Insecta,Coleoptera,Cerambycidae,Spondylidinae,Tetropium,Tetropium schwarzianum,Tetropium schwarzianum,,1,,
5/29/24,NH,C,EA,C2-EA,Insecta,Coleoptera,Ciidae,Ciinae,Cis,Cis creberrimus,Cis creberrimus,,3,,
5/29/24,NH,C,EA,C2-EA,Insecta,Coleoptera,Ciidae,Ciinae,Orthocis,Orthocis punctatus,Orthocis punctatus,,2,,
5/29/24,NH,C,EA,C2-EA,Insecta,Coleoptera,Cleridae,Clerinae,Enoclerus,Enoclerus nigripes,Enoclerus nigripes,,1,,
5/29/24,NH,C,EA,C2-EA,Insecta,Coleoptera,Corylophidae,Corylophinae,Orthoperus,Orthoperus scutellaris,Orthoperus scutellaris,,14,,
5/29/24,NH,C,EA,C2-EA,Insecta,Coleoptera,Curculionidae,Entiminae,Cyrtepistomus,Cyrtepistomus castaneus,Cyrtepistomus castaneus,,1,,
5/29/24,NH,C,EA,C2-EA,Insecta,Coleoptera,Curculionidae,Molytinae,Hylobius,Hylobius pales,Hylobius pales,,7,,
5/29/24,NH,C,EA,C2-EA,Insecta,Coleoptera,Curculionidae,Molytinae,Pissodes,Pissodes affinis,Pissodes affinis,,29,,
5/29/24,NH,C,EA,C2-EA,Insecta,Coleoptera,Curculionidae,Molytinae,Pissodes,Pissodes strobi,Pissodes strobi,,1,,
5/29/24,NH,C,EA,C2-EA,Insecta,Coleoptera,Curculionidae,Scolytinae,Anisandrus,Anisandrus sayi,Anisandrus sayi,,13,,
5/29/24,NH,C,EA,C2-EA,Insecta,Coleoptera,Curculionidae,Scolytinae,Dryocoetes,Dryocoetes autographus,Dryocoetes autographus,,25,,
5/29/24,NH,C,EA,C2-EA,Insecta,Coleoptera,Curculionidae,Scolytinae,Hylastes,Hylastes opacus,Hylastes opacus,,4,,
5/29/24,NH,C,EA,C2-EA,Insecta,Coleoptera,Curculionidae,Scolytinae,Hylastes,Hylastes porculus,Hylastes porculus,,3,,
5/29/24,NH,C,EA,C2-EA,Insecta,Coleoptera,Curculionidae,Scolytinae,Hylurgops,Hylurgops pinifex,Hylurgops pinifex,,1,,
5/29/24,NH,C,EA,C2-EA,Insecta,Coleoptera,Curculionidae,Scolytinae,Ips,Ips grandicollis,Ips grandicollis,,2,,
5/29/24,NH,C,EA,C2-EA,Insecta,Coleoptera,Curculionidae,Scolytinae,Monarthrum,Monarthrum mali,Monarthrum mali,,1,,
5/29/24,NH,C,EA,C2-EA,Insecta,Coleoptera,Curculionidae,Scolytinae,Orthotomicus,Orthotomicus caelatus,Orthotomicus caelatus,,1,,
5/29/24,NH,C,EA,C2-EA,Insecta,Coleoptera,Curculionidae,Scolytinae,Pseudopityophthorus,Pseudopityophthorus asperulus,Pseudopityophthorus asperulus,,1,,
5/29/24,NH,C,EA,C2-EA,Insecta,Coleoptera,Curculionidae,Scolytinae,Xyleborinus,Xyleborinus saxesenii,Xyleborinus saxesenii,,2,,
5/29/24,NH,C,EA,C2-EA,Insecta,Coleoptera,Curculionidae,Scolytinae,Xylosandrus,Xylosandrus germanus,Xylosandrus germanus,,16,,
5/29/24,NH,C,EA,C2-EA,Insecta,Coleoptera,Dytiscidae,Dytiscinae,Acilius,Acilius mediatus,Acilius mediatus,,1,,
5/29/24,NH,C,EA,C2-EA,Insecta,Coleoptera,Elateridae,Agrypninae,Lacon,Lacon discoideus,Lacon discoideus,,3,,
5/29/24,NH,C,EA,C2-EA,Insecta,Coleoptera,Elateridae,Dendrometrinae,Laneganus,Laneganus sulcicollis,Laneganus sulcicollis,,1,,
5/29/24,NH,C,EA,C2-EA,Insecta,Coleoptera,Elateridae,Dendrometrinae,Limonius,Limonius basilaris,Limonius basilaris,,2,,
5/29/24,NH,C,EA,C2-EA,Insecta,Coleoptera,Elateridae,Elaterinae,Agriotes,Agriotes oblongicollis,Agriotes oblongicollis,,1,,
5/29/24,NH,C,EA,C2-EA,Insecta,Coleoptera,Elateridae,Elaterinae,Ampedus,Ampedus semicinctus,Ampedus semicinctus,,1,,
5/29/24,NH,C,EA,C2-EA,Insecta,Coleoptera,Elateridae,Elaterinae,Melanotus,Melanotus hyslopi,Melanotus hyslopi,,1,,
5/29/24,NH,C,EA,C2-EA,Insecta,Coleoptera,Eucnemidae,Dromaeolinae,Isarthrus,Isarthrus calceatus,Isarthrus calceatus,,5,,
5/29/24,NH,C,EA,C2-EA,Insecta,Coleoptera,Histeridae,Histerinae,Hololepta,Hololepta aequalis,Hololepta aequalis,,1,,
5/29/24,NH,C,EA,C2-EA,Insecta,Coleoptera,Lampyridae,Lampyrinae,Ellychnia,Ellychnia corrusca,Ellychnia corrusca,,2,,
5/29/24,NH,C,EA,C2-EA,Insecta,Coleoptera,Latridiidae,Corticariinae,Melanophthalma,,Melanophthalma sp.,,27,,
5/29/24,NH,C,EA,C2-EA,Insecta,Coleoptera,Latridiidae,Latridiinae,Enicmus,Enicmus tenuicornis,Enicmus tenuicornis,,1,,
5/29/24,NH,C,EA,C2-EA,Insecta,Coleoptera,Leiodidae,Leiodinae,Agathidium,,Agathidium sp.,,2,,
5/29/24,NH,C,EA,C2-EA,Insecta,Coleoptera,Melandryidae,Melandryinae,Melandrya,Melandrya striata,Melandrya striata,,2,,
5/29/24,NH,C,EA,C2-EA,Insecta,Coleoptera,Pythidae,NoSubfamily_Pythidae,Pytho,Pytho americanus,Pytho americanus,,1,,
5/29/24,NH,C,EA,C2-EA,Insecta,Coleoptera,Staphylinidae,Aleocharinae,,,Aleocharinae gen. sp.,,1,,
5/29/24,NH,C,EA,C2-EA,Insecta,Coleoptera,Staphylinidae,Omaliinae,Phloeonomus,Phloeonomus laesicollis,Phloeonomus laesicollis,,1,,
5/29/24,NH,C,EA,C2-EA,Insecta,Coleoptera,Staphylinidae,Paederinae,Sunius,Sunius confluentus,Sunius confluentus,,2,,
5/29/24,NH,C,EA,C2-EA,Insecta,Coleoptera,Staphylinidae,Pselaphinae,,,Pselaphinae gen. sp.,2,3,,
5/29/24,NH,C,EA,C2-EA,Insecta,Coleoptera,Staphylinidae,Staphylininae,Hesperus,Hesperus apicialis,Hesperus apicialis,,1,,
5/29/24,NH,C,EA,C2-EA,Insecta,Coleoptera,Staphylinidae,Tachyporinae,Sepedophilus,,Sepedophilus sp.,,3,,
5/29/24,NH,C,EA,C2-EA,Insecta,Coleoptera,Staphylinidae,Xantholininae,Nudobius,Nudobius cephalus,Nudobius cephalus,,1,,
5/29/24,NH,C,EA,C2-EA,Insecta,Coleoptera,Tenebrionidae,Diaperinae,Diaperis,Diaperis maculata,Diaperis maculata,,1,,
5/29/24,NH,C,EA,C2-EA,Insecta,Coleoptera,Thanerocleridae,Zenodosinae,Zenodosus,Zenodosus sanguineus,Zenodosus sanguineus,,3,,
5/29/24,NH,C,EA,C2-EA,Insecta,Coleoptera,Trogossitidae,Trogossitinae,Tenebroides,Tenebroides corticalis,Tenebroides corticalis,,4,,
5/29/24,NH,C,EA,C2-EA,Insecta,Hymenoptera,,,,,Sawfly larva,,1,,
5/29/24,NH,C,EA,C2-EA,Insecta,Lepidoptera,,,,,Caterpillar,,5,,
5/29/24,NH,C,I,C3-I,Arachnida,Araneae,,,,,Spider,,1,,
5/29/24,NH,C,I,C3-I,Insecta,Coleoptera,Cerambycidae,Cerambycinae,Neoclytus,Neoclytus acuminatus,Neoclytus acuminatus,,1,,
5/29/24,NH,C,I,C3-I,Insecta,Coleoptera,Ciidae,Ciinae,Cis,Cis creberrimus,Cis creberrimus,,2,,
5/29/24,NH,C,I,C3-I,Insecta,Coleoptera,Cleridae,Clerinae,Enoclerus,Enoclerus nigripes,Enoclerus nigripes,,1,,
5/29/24,NH,C,I,C3-I,Insecta,Coleoptera,Corylophidae,Corylophinae,Clypastraea,Clypastraea lunata,Clypastraea lunata,,1,,
5/29/24,NH,C,I,C3-I,Insecta,Coleoptera,Corylophidae,Corylophinae,Orthoperus,Orthoperus scutellaris,Orthoperus scutellaris,,3,,
5/29/24,NH,C,I,C3-I,Insecta,Coleoptera,Curculionidae,Scolytinae,Anisandrus,Anisandrus sayi,Anisandrus sayi,,1,,
5/29/24,NH,C,I,C3-I,Insecta,Coleoptera,Dytiscidae,Dytiscinae,Acilius,Acilius mediatus,Acilius mediatus,,1,,
5/29/24,NH,C,I,C3-I,Insecta,Coleoptera,Elateridae,Dendrometrinae,Limonius,Limonius basilaris,Limonius basilaris,,4,,
5/29/24,NH,C,I,C3-I,Insecta,Coleoptera,Endomychidae,Leiestinae,Phymaphora,Phymaphora pulchella,Phymaphora pulchella,,1,,
5/29/24,NH,C,I,C3-I,Insecta,Coleoptera,Eucnemidae,Dromaeolinae,Isarthrus,Isarthrus calceatus,Isarthrus calceatus,,1,,
5/29/24,NH,C,I,C3-I,Insecta,Coleoptera,Lampyridae,Lampyrinae,Ellychnia,Ellychnia corrusca,Ellychnia corrusca,,2,,
5/29/24,NH,C,I,C3-I,Insecta,Coleoptera,Latridiidae,Corticariinae,Melanophthalma,,Melanophthalma sp.,,19,,
5/29/24,NH,C,I,C3-I,Insecta,Coleoptera,Leiodidae,Leiodinae,Agathidium,,Agathidium sp.,,1,,
5/29/24,NH,C,I,C3-I,Insecta,Coleoptera,Lophocateridae,NoSubfamily_Lophocateridae,Grynocharis,Grynocharis quadrilineata,Grynocharis quadrilineata,,1,,
5/29/24,NH,C,I,C3-I,Insecta,Coleoptera,Oedemeridae,Oedemerinae,Ischnomera,Ischnomera puncticollis,Ischnomera puncticollis,,1,,
5/29/24,NH,C,I,C3-I,Insecta,Coleoptera,Phalacridae,,,,Phalacridae gen. sp.,,4,,
5/29/24,NH,C,I,C3-I,Insecta,Coleoptera,Scarabaeidae,Melolonthinae,Phyllophaga,Phyllophaga longispina,Phyllophaga longispina,,1,,
5/29/24,NH,C,I,C3-I,Insecta,Coleoptera,Staphylinidae,Pselaphinae,Bibloporus,Bibloporus bicanalis,Bibloporus bicanalis,,1,y,
5/29/24,NH,C,I,C3-I,Insecta,Coleoptera,Staphylinidae,Scydmaeninae,,,Scydmaeninae gen. sp.,,1,,
5/29/24,NH,C,I,C3-I,Insecta,Coleoptera,Staphylinidae,Tachyporinae,Coproporus,,Coproporus sp.,,1,,
5/29/24,NH,C,I,C3-I,Insecta,Hymenoptera,Pompilidae,,,,Spider Wasp,,1,,
5/29/24,NH,C,I,C3-I,Insecta,Hymenoptera,,,,,Parasitic Wasp,,1,,
5/29/24,NH,D,E,D1-E,Arachnida,Araneae,,,,,Spider,,1,,
5/29/24,NH,D,E,D1-E,Insecta,Coleoptera,Aderidae,NoSubfamily_Aderidae,Syzeton,Syzeton subfasciatus,Syzeton subfasciatus,,1,,
5/29/24,NH,D,E,D1-E,Insecta,Coleoptera,Carabidae,Harpalinae,Stenolophus,Stenolophus ochropezus,Stenolophus ochropezus,,1,,
5/29/24,NH,D,E,D1-E,Insecta,Coleoptera,Cerambycidae,Spondylidinae,Asemum,Asemum striatum,Asemum striatum,,1,,
5/29/24,NH,D,E,D1-E,Insecta,Coleoptera,Cerylonidae,Ceryloninae,Cerylon,Cerylon castaneum,Cerylon castaneum,,1,,
5/29/24,NH,D,E,D1-E,Insecta,Coleoptera,Cerylonidae,Ceryloninae,Cerylon,Cerylon unicolor,Cerylon unicolor,,1,,
5/29/24,NH,D,E,D1-E,Insecta,Coleoptera,Cleridae,Clerinae,Enoclerus,Enoclerus nigripes,Enoclerus nigripes,,17,,
5/29/24,NH,D,E,D1-E,Insecta,Coleoptera,Corylophidae,Corylophinae,Orthoperus,Orthoperus scutellaris,Orthoperus scutellaris,,3,,
5/29/24,NH,D,E,D1-E,Insecta,Coleoptera,Curculionidae,Scolytinae,Anisandrus,Anisandrus sayi,Anisandrus sayi,,86,,
5/29/24,NH,D,E,D1-E,Insecta,Coleoptera,Curculionidae,Scolytinae,Cyclorhipidion,Cyclorhipidion bodoanum,Cyclorhipidion bodoanum,,1,,
5/29/24,NH,D,E,D1-E,Insecta,Coleoptera,Curculionidae,Scolytinae,Cyclorhipidion,Cyclorhipidion pelliculosum,Cyclorhipidion pelliculosum,,5,,
5/29/24,NH,D,E,D1-E,Insecta,Coleoptera,Curculionidae,Scolytinae,Euwallacea,Euwallacea validus,Euwallacea validus,,7,,
5/29/24,NH,D,E,D1-E,Insecta,Coleoptera,Curculionidae,Scolytinae,Gnathotrichus,Gnathotrichus materiarius,Gnathotrichus materiarius,,2,,
5/29/24,NH,D,E,D1-E,Insecta,Coleoptera,Curculionidae,Scolytinae,Heteroborips,Heteroborips seriatus,Heteroborips seriatus,,2,,
5/29/24,NH,D,E,D1-E,Insecta,Coleoptera,Curculionidae,Scolytinae,Monarthrum,Monarthrum fasciatum,Monarthrum fasciatum,,1,,
5/29/24,NH,D,E,D1-E,Insecta,Coleoptera,Curculionidae,Scolytinae,Orthotomicus,Orthotomicus caelatus,Orthotomicus caelatus,,3,,
5/29/24,NH,D,E,D1-E,Insecta,Coleoptera,Curculionidae,Scolytinae,Phloeotribus,Phloeotribus liminaris,Phloeotribus liminaris,,1,,
5/29/24,NH,D,E,D1-E,Insecta,Coleoptera,Curculionidae,Scolytinae,Pityophthorus,Pityophthorus cariniceps,Pityophthorus cariniceps,,1,,
5/29/24,NH,D,E,D1-E,Insecta,Coleoptera,Curculionidae,Scolytinae,Pityophthorus,Pityophthorus consimilis,Pityophthorus consimilis,,1,,
5/29/24,NH,D,E,D1-E,Insecta,Coleoptera,Curculionidae,Scolytinae,Xyleborinus,Xyleborinus saxesenii,Xyleborinus saxesenii,,8,,
5/29/24,NH,D,E,D1-E,Insecta,Coleoptera,Curculionidae,Scolytinae,Xylosandrus,Xylosandrus germanus,Xylosandrus germanus,,109,,
5/29/24,NH,D,E,D1-E,Insecta,Coleoptera,Curculionidae,Scolytinae,Xyloterinus,Xyloterinus politus,Xyloterinus politus,,2,,
5/29/24,NH,D,E,D1-E,Insecta,Coleoptera,Dytiscidae,Copelatinae,Copelatus,Copelatus glyphicus,Copelatus glyphicus,,1,,
5/29/24,NH,D,E,D1-E,Insecta,Coleoptera,Elateridae,Dendrometrinae,Gambrinus,Gambrinus confusus,Gambrinus confusus,,1,,
5/29/24,NH,D,E,D1-E,Insecta,Coleoptera,Elateridae,Elaterinae,Agriotes,Agriotes oblongicollis,Agriotes oblongicollis,,8,,
5/29/24,NH,D,E,D1-E,Insecta,Coleoptera,Elateridae,Elaterinae,Ampedus,Ampedus semicinctus,Ampedus semicinctus,,1,,
5/29/24,NH,D,E,D1-E,Insecta,Coleoptera,Elateridae,Elaterinae,Ampedus,Ampedus unnamed sp. ,Ampedus unnamed sp. ,,1,,
5/29/24,NH,D,E,D1-E,Insecta,Coleoptera,Elateridae,Elaterinae,Melanotus,Melanotus castanipes,Melanotus castanipes,,1,,
5/29/24,NH,D,E,D1-E,Insecta,Coleoptera,Endomychidae,Danascelinae,Hadromychus,Hadromychus chandleri,Hadromychus chandleri,,1,,
5/29/24,NH,D,E,D1-E,Insecta,Coleoptera,Endomychidae,Leiestinae,Phymaphora,Phymaphora pulchella,Phymaphora pulchella,,2,,
5/29/24,NH,D,E,D1-E,Insecta,Coleoptera,Eucnemidae,Dromaeolinae,Isarthrus,Isarthrus calceatus,Isarthrus calceatus,,1,,
5/29/24,NH,D,E,D1-E,Insecta,Coleoptera,Eucnemidae,Melasinae,Melasis,Melasis pectinicornis,Melasis pectinicornis,,1,,
5/29/24,NH,D,E,D1-E,Insecta,Coleoptera,Histeridae,Dendrophilinae,Paromalus,Paromalus teres,Paromalus teres,,1,,
5/29/24,NH,D,E,D1-E,Insecta,Coleoptera,Histeridae,Histerinae,Platysoma,Platysoma coarctatum,Platysoma coarctatum,,1,,
5/29/24,NH,D,E,D1-E,Insecta,Coleoptera,Hydrophilidae,Enochrinae,Cymbiodyta,,Cymbiodyta sp.,,4,,
5/29/24,NH,D,E,D1-E,Insecta,Coleoptera,Laemophloeidae,NoSubfamily_Laemophloeidae,Charaphloeus,Charaphloeus convexulus,Charaphloeus convexulus,,1,,
5/29/24,NH,D,E,D1-E,Insecta,Coleoptera,Lampyridae,Lampyrinae,Ellychnia,Ellychnia corrusca,Ellychnia corrusca,,1,,
5/29/24,NH,D,E,D1-E,Insecta,Coleoptera,Latridiidae,Corticariinae,Melanophthalma,,Melanophthalma sp.,,66,,
5/29/24,NH,D,E,D1-E,Insecta,Coleoptera,Leiodidae,Leiodinae,Agathidium,,Agathidium sp.,,2,,
5/29/24,NH,D,E,D1-E,Insecta,Coleoptera,Nitidulidae,Cillaeinae,Colopterus,Colopterus truncatus,Colopterus truncatus,,1,,
5/29/24,NH,D,E,D1-E,Insecta,Coleoptera,Nitidulidae,Cryptarchinae,Glischrochilus,Glischrochilus sanguinolentus,Glischrochilus sanguinolentus,,2,,
5/29/24,NH,D,E,D1-E,Insecta,Coleoptera,Phalacridae,,,,Phalacridae gen. sp.,,2,,
5/29/24,NH,D,E,D1-E,Insecta,Coleoptera,Pythidae,NoSubfamily_Pythidae,Pytho,Pytho niger,Pytho niger,,2,,
5/29/24,NH,D,E,D1-E,Insecta,Coleoptera,Silvanidae,Brontinae,Dendrophagus,Dendrophagus cygnaei,Dendrophagus cygnaei,,2,,
5/29/24,NH,D,E,D1-E,Insecta,Coleoptera,Staphylinidae,Aleocharinae,,,Aleocharinae gen. sp.,,1,,
5/29/24,NH,D,E,D1-E,Insecta,Coleoptera,Staphylinidae,Pselaphinae,Bibloporus,Bibloporus bicanalis,Bibloporus bicanalis,,1,y,
5/29/24,NH,D,E,D1-E,Insecta,Coleoptera,Staphylinidae,Scydmaeninae,,,Scydmaeninae gen. sp.,,1,,
5/29/24,NH,D,E,D1-E,Insecta,Coleoptera,Staphylinidae,Tachyporinae,Sepedophilus,,Sepedophilus sp.,,1,,
5/29/24,NH,D,E,D1-E,Insecta,Coleoptera,Thanerocleridae,Zenodosinae,Zenodosus,Zenodosus sanguineus,Zenodosus sanguineus,,2,,
5/29/24,NH,D,E,D1-E,Insecta,Coleoptera,Trogossitidae,Trogossitinae,Tenebroides,Tenebroides corticalis,Tenebroides corticalis,,1,,
5/29/24,NH,D,E,D1-E,Insecta,Ephemeroptera,,,,,Mayfly,,1,,
5/29/24,NH,D,E,D1-E,Insecta,Hymenoptera,Xyelidae,,,,Xyelid sawfly,,1,,
5/29/24,NH,D,E,D1-E,Insecta,Hymenoptera,,,,,Parasitic Wasp,2,4,,
5/29/24,NH,D,E,D1-E,Insecta,Hymenoptera,,,,,Wasp,,1,,
5/29/24,NH,D,E,D1-E,Insecta,Lepidoptera,,,,,Moth,,1,,
5/29/24,NH,D,E,D1-E,Insecta,Megaloptera,Corydalidae,Chauliodinae,Chauliodes,Chauliodes rastricornis,Chauliodes rastricornis,,1,,
5/29/24,NH,D,E,D1-E,Insecta,Odonata,,,,,Damselfly,,2,,
5/29/24,NH,D,EA,D2-EA,Arachnida,Araneae,,,,,Spider,3,3,,
5/29/24,NH,D,EA,D2-EA,Insecta,Coleoptera,Carabidae,Harpalinae,Acupalpus,Acupalpus testaceus,Acupalpus testaceus,,1,,
5/29/24,NH,D,EA,D2-EA,Insecta,Coleoptera,Cerambycidae,Cerambycinae,Cyrtophorus,Cyrtophorus verrucosus,Cyrtophorus verrucosus,,1,,
5/29/24,NH,D,EA,D2-EA,Insecta,Coleoptera,Cerambycidae,Spondylidinae,Asemum,Asemum striatum,Asemum striatum,,9,,
5/29/24,NH,D,EA,D2-EA,Insecta,Coleoptera,Cerambycidae,Spondylidinae,Tetropium,Tetropium schwarzianum,Tetropium schwarzianum,,1,,
5/29/24,NH,D,EA,D2-EA,Insecta,Coleoptera,Cerylonidae,Ceryloninae,Cerylon,Cerylon castaneum,Cerylon castaneum,,6,,
5/29/24,NH,D,EA,D2-EA,Insecta,Coleoptera,Ciidae,Ciinae,Cis,Cis fuscipes,Cis fuscipes,,1,,
5/29/24,NH,D,EA,D2-EA,Insecta,Coleoptera,Ciidae,Ciinae,Orthocis,Orthocis punctatus,Orthocis punctatus,,2,,
5/29/24,NH,D,EA,D2-EA,Insecta,Coleoptera,Cleridae,Clerinae,Enoclerus,Enoclerus nigripes,Enoclerus nigripes,,21,,
5/29/24,NH,D,EA,D2-EA,Insecta,Coleoptera,Cleridae,Clerinae,Thanasimus,Thanasimus dubius,Thanasimus dubius,,1,,
5/29/24,NH,D,EA,D2-EA,Insecta,Coleoptera,Corylophidae,Corylophinae,Orthoperus,Orthoperus scutellaris,Orthoperus scutellaris,,1,,
5/29/24,NH,D,EA,D2-EA,Insecta,Coleoptera,Curculionidae,Molytinae,Hylobius,Hylobius pales,Hylobius pales,,34,,
5/29/24,NH,D,EA,D2-EA,Insecta,Coleoptera,Curculionidae,Molytinae,Pissodes,Pissodes affinis,Pissodes affinis,,13,,
5/29/24,NH,D,EA,D2-EA,Insecta,Coleoptera,Curculionidae,Molytinae,Pissodes,Pissodes strobi,Pissodes strobi,,9,,
5/29/24,NH,D,EA,D2-EA,Insecta,Coleoptera,Curculionidae,Scolytinae,Anisandrus,Anisandrus sayi,Anisandrus sayi,,9,,
5/29/24,NH,D,EA,D2-EA,Insecta,Coleoptera,Curculionidae,Scolytinae,Dendroctonus,Dendroctonus valens,Dendroctonus valens,,5,,
5/29/24,NH,D,EA,D2-EA,Insecta,Coleoptera,Curculionidae,Scolytinae,Dryocoetes,Dryocoetes affaber,Dryocoetes affaber,,3,,
5/29/24,NH,D,EA,D2-EA,Insecta,Coleoptera,Curculionidae,Scolytinae,Dryocoetes,Dryocoetes autographus,Dryocoetes autographus,,4,,
5/29/24,NH,D,EA,D2-EA,Insecta,Coleoptera,Curculionidae,Scolytinae,Euwallacea,Euwallacea validus,Euwallacea validus,,14,,
5/29/24,NH,D,EA,D2-EA,Insecta,Coleoptera,Curculionidae,Scolytinae,Gnathotrichus,Gnathotrichus materiarius,Gnathotrichus materiarius,,1,,
5/29/24,NH,D,EA,D2-EA,Insecta,Coleoptera,Curculionidae,Scolytinae,Hylurgops,Hylurgops pinifex,Hylurgops pinifex,,9,,
5/29/24,NH,D,EA,D2-EA,Insecta,Coleoptera,Curculionidae,Scolytinae,Ips,Ips grandicollis,Ips grandicollis,,8,,
5/29/24,NH,D,EA,D2-EA,Insecta,Coleoptera,Curculionidae,Scolytinae,Monarthrum,Monarthrum fasciatum,Monarthrum fasciatum,,2,,
5/29/24,NH,D,EA,D2-EA,Insecta,Coleoptera,Curculionidae,Scolytinae,Orthotomicus,Orthotomicus caelatus,Orthotomicus caelatus,,14,,
5/29/24,NH,D,EA,D2-EA,Insecta,Coleoptera,Curculionidae,Scolytinae,Orthotomicus,Orthotomicus latidens,Orthotomicus latidens,,1,,
5/29/24,NH,D,EA,D2-EA,Insecta,Coleoptera,Curculionidae,Scolytinae,Pityogenes,Pityogenes hopkinsi,Pityogenes hopkinsi,,1,,
5/29/24,NH,D,EA,D2-EA,Insecta,Coleoptera,Curculionidae,Scolytinae,Pityophthorus,Pityophthorus consimilis,Pityophthorus consimilis,,2,,
5/29/24,NH,D,EA,D2-EA,Insecta,Coleoptera,Curculionidae,Scolytinae,Xyleborinus,Xyleborinus saxesenii,Xyleborinus saxesenii,,1,,
5/29/24,NH,D,EA,D2-EA,Insecta,Coleoptera,Curculionidae,Scolytinae,Xylosandrus,Xylosandrus germanus,Xylosandrus germanus,,415,,
5/29/24,NH,D,EA,D2-EA,Insecta,Coleoptera,Elateridae,Dendrometrinae,Gambrinus,Gambrinus confusus,Gambrinus confusus,,1,,
5/29/24,NH,D,EA,D2-EA,Insecta,Coleoptera,Elateridae,Dendrometrinae,Limonius,Limonius basilaris,Limonius basilaris,,1,,
5/29/24,NH,D,EA,D2-EA,Insecta,Coleoptera,Elateridae,Elaterinae,Agriotes,Agriotes oblongicollis,Agriotes oblongicollis,,2,,
5/29/24,NH,D,EA,D2-EA,Insecta,Coleoptera,Elateridae,Elaterinae,Melanotus,Melanotus castanipes,Melanotus castanipes,,3,,
5/29/24,NH,D,EA,D2-EA,Insecta,Coleoptera,Elateridae,Elaterinae,Melanotus,Melanotus hyslopi,Melanotus hyslopi,,2,,
5/29/24,NH,D,EA,D2-EA,Insecta,Coleoptera,Endomychidae,Leiestinae,Phymaphora,Phymaphora pulchella,Phymaphora pulchella,,5,,
5/29/24,NH,D,EA,D2-EA,Insecta,Coleoptera,Eucnemidae,Dromaeolinae,Isarthrus,Isarthrus calceatus,Isarthrus calceatus,,1,,
5/29/24,NH,D,EA,D2-EA,Insecta,Coleoptera,Histeridae,Dendrophilinae,Paromalus,Paromalus teres,Paromalus teres,,2,,
5/29/24,NH,D,EA,D2-EA,Insecta,Coleoptera,Hydraenidae,Hydraeninae,Hydraena,,Hydraena sp.,,1,,
5/29/24,NH,D,EA,D2-EA,Insecta,Coleoptera,Hydrophilidae,Enochrinae,Cymbiodyta,,Cymbiodyta sp.,,3,,
5/29/24,NH,D,EA,D2-EA,Insecta,Coleoptera,Laemophloeidae,NoSubfamily_Laemophloeidae,Charaphloeus,Charaphloeus convexulus,Charaphloeus convexulus,,1,,
5/29/24,NH,D,EA,D2-EA,Insecta,Coleoptera,Lampyridae,Lampyrinae,Ellychnia,Ellychnia corrusca,Ellychnia corrusca,,7,,
5/29/24,NH,D,EA,D2-EA,Insecta,Coleoptera,Latridiidae,Corticariinae,Melanophthalma,,Melanophthalma sp.,,37,,
5/29/24,NH,D,EA,D2-EA,Insecta,Coleoptera,Latridiidae,Latridiinae,Enicmus,Enicmus aterrimus,Enicmus aterrimus,,1,,
5/29/24,NH,D,EA,D2-EA,Insecta,Coleoptera,Latridiidae,Latridiinae,Enicmus,Enicmus tenuicornis,Enicmus tenuicornis,,2,,
5/29/24,NH,D,EA,D2-EA,Insecta,Coleoptera,Leiodidae,Leiodinae,Agathidium,,Agathidium sp.,,1,,
5/29/24,NH,D,EA,D2-EA,Insecta,Coleoptera,Melandryidae,Melandryinae,Melandrya,Melandrya striata,Melandrya striata,,1,,
5/29/24,NH,D,EA,D2-EA,Insecta,Coleoptera,Nitidulidae,Cillaeinae,Colopterus,Colopterus truncatus,Colopterus truncatus,,1,,
5/29/24,NH,D,EA,D2-EA,Insecta,Coleoptera,Nitidulidae,Nitidulinae,Lobiopa,Lobiopa undulata,Lobiopa undulata,,1,,
5/29/24,NH,D,EA,D2-EA,Insecta,Coleoptera,Passandridae,NoSubfamily_Passandridae,Catogenus,Catogenus rufus,Catogenus rufus,,1,,
5/29/24,NH,D,EA,D2-EA,Insecta,Coleoptera,Scarabaeidae,Melolonthinae,Phyllophaga,Phyllophaga longispina,Phyllophaga longispina,,2,,
5/29/24,NH,D,EA,D2-EA,Insecta,Coleoptera,Silvanidae,Brontinae,Dendrophagus,Dendrophagus cygnaei,Dendrophagus cygnaei,,1,,
5/29/24,NH,D,EA,D2-EA,Insecta,Coleoptera,Staphylinidae,Aleocharinae,,,Aleocharinae gen. sp.,,2,,
5/29/24,NH,D,EA,D2-EA,Insecta,Coleoptera,Staphylinidae,Omaliinae,Phloeonomus,Phloeonomus laesicollis,Phloeonomus laesicollis,,7,,
5/29/24,NH,D,EA,D2-EA,Insecta,Coleoptera,Staphylinidae,Paederinae,Sunius,Sunius confluentus,Sunius confluentus,,3,,
5/29/24,NH,D,EA,D2-EA,Insecta,Coleoptera,Staphylinidae,Pselaphinae,,,Pselaphinae gen. sp.,,2,,
5/29/24,NH,D,EA,D2-EA,Insecta,Coleoptera,Staphylinidae,Staphylininae,Belonuchus,Belonuchus rufipennis,Belonuchus rufipennis,,1,,
5/29/24,NH,D,EA,D2-EA,Insecta,Coleoptera,Staphylinidae,Staphylininae,Laetulonthus,Laetulonthus laetulus,Laetulonthus laetulus,,1,,
5/29/24,NH,D,EA,D2-EA,Insecta,Coleoptera,Staphylinidae,Tachyporinae,Coproporus,,Coproporus sp.,2,4,,
5/29/24,NH,D,EA,D2-EA,Insecta,Coleoptera,Staphylinidae,Tachyporinae,Sepedophilus,,Sepedophilus sp.,,2,,
5/29/24,NH,D,EA,D2-EA,Insecta,Coleoptera,Thanerocleridae,Zenodosinae,Zenodosus,Zenodosus sanguineus,Zenodosus sanguineus,,1,,
5/29/24,NH,D,EA,D2-EA,Insecta,Coleoptera,Throscidae,NoSubfamily_Throscidae,Aulonothroscus,,Aulonothroscus sp.,,1,,
5/29/24,NH,D,EA,D2-EA,Insecta,Hymenoptera,,,,,Parasitic Wasp,3,3,,
5/29/24,NH,D,EA,D2-EA,Insecta,Lepidoptera,,,,,Moth,,1,,
5/29/24,NH,D,I,D3-I,Insecta,Coleoptera,Cerambycidae,Cerambycinae,Neoclytus,Neoclytus acuminatus,Neoclytus acuminatus,,1,,
5/29/24,NH,D,I,D3-I,Insecta,Coleoptera,Cerambycidae,Spondylidinae,Asemum,Asemum striatum,Asemum striatum,,1,,
5/29/24,NH,D,I,D3-I,Insecta,Coleoptera,Cerylonidae,Ceryloninae,Cerylon,Cerylon castaneum,Cerylon castaneum,,2,,
5/29/24,NH,D,I,D3-I,Insecta,Coleoptera,Ciidae,Ciinae,Cis,Cis fuscipes,Cis fuscipes,,2,,
5/29/24,NH,D,I,D3-I,Insecta,Coleoptera,Ciidae,Ciinae,Orthocis,Orthocis punctatus,Orthocis punctatus,,1,,
5/29/24,NH,D,I,D3-I,Insecta,Coleoptera,Cleridae,Clerinae,Enoclerus,Enoclerus nigripes,Enoclerus nigripes,,5,,
5/29/24,NH,D,I,D3-I,Insecta,Coleoptera,Cleridae,Clerinae,Thanasimus,Thanasimus dubius,Thanasimus dubius,,1,,
5/29/24,NH,D,I,D3-I,Insecta,Coleoptera,Corylophidae,Corylophinae,Orthoperus,Orthoperus scutellaris,Orthoperus scutellaris,,8,,
5/29/24,NH,D,I,D3-I,Insecta,Coleoptera,Cryptophagidae,Cryptophaginae,Henoticus,Henoticus pilifer,Henoticus pilifer,,1,,
5/29/24,NH,D,I,D3-I,Insecta,Coleoptera,Cucujidae,NoSubfamily_Cucujidae,Cucujus,Cucujus clavipes,Cucujus clavipes,,1,,
5/29/24,NH,D,I,D3-I,Insecta,Coleoptera,Curculionidae,Scolytinae,Euwallacea,Euwallacea validus,Euwallacea validus,,2,,
5/29/24,NH,D,I,D3-I,Insecta,Coleoptera,Curculionidae,Scolytinae,Ips,Ips pini,Ips pini,,1,,
5/29/24,NH,D,I,D3-I,Insecta,Coleoptera,Curculionidae,Scolytinae,Monarthrum,Monarthrum fasciatum,Monarthrum fasciatum,,1,,
5/29/24,NH,D,I,D3-I,Insecta,Coleoptera,Curculionidae,Scolytinae,Orthotomicus,Orthotomicus caelatus,Orthotomicus caelatus,,15,,
5/29/24,NH,D,I,D3-I,Insecta,Coleoptera,Curculionidae,Scolytinae,Phloeotribus,Phloeotribus liminaris,Phloeotribus liminaris,,1,,
5/29/24,NH,D,I,D3-I,Insecta,Coleoptera,Curculionidae,Scolytinae,Xyleborus,Xyleborus xylographus,Xyleborus xylographus,,1,,
5/29/24,NH,D,I,D3-I,Insecta,Coleoptera,Curculionidae,Scolytinae,Xylosandrus,Xylosandrus germanus,Xylosandrus germanus,,10,,
5/29/24,NH,D,I,D3-I,Insecta,Coleoptera,Endomychidae,Leiestinae,Phymaphora,Phymaphora pulchella,Phymaphora pulchella,,2,,
5/29/24,NH,D,I,D3-I,Insecta,Coleoptera,Hydrophilidae,Enochrinae,Cymbiodyta,,Cymbiodyta sp.,,2,,
5/29/24,NH,D,I,D3-I,Insecta,Coleoptera,Lampyridae,Lampyrinae,Ellychnia,Ellychnia corrusca,Ellychnia corrusca,,2,,
5/29/24,NH,D,I,D3-I,Insecta,Coleoptera,Latridiidae,Corticariinae,Melanophthalma,,Melanophthalma sp.,,92,,
5/29/24,NH,D,I,D3-I,Insecta,Coleoptera,Latridiidae,Latridiinae,Enicmus,Enicmus tenuicornis,Enicmus tenuicornis,,1,,
5/29/24,NH,D,I,D3-I,Insecta,Coleoptera,Mycetophagidae,Mycetophaginae,Mycetophagus,Mycetophagus pluripunctatus,Mycetophagus pluripunctatus,,1,,
5/29/24,NH,D,I,D3-I,Insecta,Coleoptera,Nitidulidae,Cillaeinae,Colopterus,Colopterus truncatus,Colopterus truncatus,,1,,
5/29/24,NH,D,I,D3-I,Insecta,Coleoptera,Nitidulidae,Cryptarchinae,Glischrochilus,Glischrochilus fasciatus,Glischrochilus fasciatus,,1,,
5/29/24,NH,D,I,D3-I,Insecta,Coleoptera,Passandridae,NoSubfamily_Passandridae,Catogenus,Catogenus rufus,Catogenus rufus,,1,,
5/29/24,NH,D,I,D3-I,Insecta,Coleoptera,Phalacridae,,,,Phalacridae gen. sp.,,4,,
5/29/24,NH,D,I,D3-I,Insecta,Coleoptera,Scarabaeidae,Melolonthinae,Phyllophaga,Phyllophaga longispina,Phyllophaga longispina,,1,,
5/29/24,NH,D,I,D3-I,Insecta,Coleoptera,Scirtidae,Scirtinae,Contacyphon,,Contacyphon sp.,,2,,
5/29/24,NH,D,I,D3-I,Insecta,Coleoptera,Staphylinidae,Aleocharinae,,,Aleocharinae gen. sp.,3,5,,
5/29/24,NH,D,I,D3-I,Insecta,Coleoptera,Staphylinidae,Paederinae,Sunius,Sunius confluentus,Sunius confluentus,,1,,
5/29/24,NH,D,I,D3-I,Insecta,Coleoptera,Staphylinidae,Pselaphinae,,,Pselaphinae gen. sp.,2,2,,
5/29/24,NH,D,I,D3-I,Insecta,Coleoptera,Staphylinidae,Scydmaeninae,,,Scydmaeninae gen. sp.,,1,,
5/29/24,NH,D,I,D3-I,Insecta,Coleoptera,Staphylinidae,Tachyporinae,Sepedophilus,,Sepedophilus sp.,,6,,
5/29/24,NH,D,I,D3-I,Insecta,Coleoptera,Thanerocleridae,Zenodosinae,Zenodosus,Zenodosus sanguineus,Zenodosus sanguineus,,1,,
5/29/24,NH,D,I,D3-I,Insecta,Coleoptera,Trogossitidae,Trogossitinae,Tenebroides,Tenebroides corticalis,Tenebroides corticalis,,1,,
5/29/24,NH,D,I,D3-I,Insecta,Hymenoptera,Formicidae,Formicinae,Camponotus,Camponotus pennsylvanicus,Camponotus pennsylvanicus,,1,,
5/29/24,NH,D,I,D3-I,Insecta,Hymenoptera,,,,,Parasitic Wasp,,1,,
5/29/24,NH,D,I,D3-I,Insecta,Lepidoptera,,,,,Caterpillar,,1,,
5/29/24,NH,D,I,D3-I,Insecta,Lepidoptera,,,,,Moth,2,2,,
5/29/24,NH,D,I,D3-I,Insecta,Trichoptera,,,,,Caddisfly,2,5,,
5/29/24,NH,M,E,M1-E,Arachnida,Araneae,,,,,Spider,2,2,,
5/29/24,NH,M,E,M1-E,Arachnida,Pseudoscorpiones,,,,,Pseudoscorpion,,1,,
5/29/24,NH,M,E,M1-E,Insecta,Coleoptera,Cerambycidae,Cerambycinae,Molorchus,Molorchus bimaculatus,Molorchus bimaculatus,,2,,
5/29/24,NH,M,E,M1-E,Insecta,Coleoptera,Cerylonidae,Ceryloninae,Cerylon,Cerylon unicolor,Cerylon unicolor,,1,,
5/29/24,NH,M,E,M1-E,Insecta,Coleoptera,Cerylonidae,Ceryloninae,Philothermus,Philothermus glabriculus,Philothermus glabriculus,,2,,
5/29/24,NH,M,E,M1-E,Insecta,Coleoptera,Ciidae,Ciinae,Cis,Cis fuscipes,Cis fuscipes,,1,,
5/29/24,NH,M,E,M1-E,Insecta,Coleoptera,Cleridae,Clerinae,Enoclerus,Enoclerus nigripes,Enoclerus nigripes,,5,,
5/29/24,NH,M,E,M1-E,Insecta,Coleoptera,Corylophidae,Corylophinae,Clypastraea,Clypastraea lunata,Clypastraea lunata,,1,,
5/29/24,NH,M,E,M1-E,Insecta,Coleoptera,Corylophidae,Corylophinae,Orthoperus,Orthoperus scutellaris,Orthoperus scutellaris,,2,,
5/29/24,NH,M,E,M1-E,Insecta,Coleoptera,Curculionidae,Scolytinae,Anisandrus,Anisandrus sayi,Anisandrus sayi,,53,,
5/29/24,NH,M,E,M1-E,Insecta,Coleoptera,Curculionidae,Scolytinae,Cyclorhipidion,Cyclorhipidion bodoanum,Cyclorhipidion bodoanum,,5,,
5/29/24,NH,M,E,M1-E,Insecta,Coleoptera,Curculionidae,Scolytinae,Cyclorhipidion,Cyclorhipidion pelliculosum,Cyclorhipidion pelliculosum,,12,,
5/29/24,NH,M,E,M1-E,Insecta,Coleoptera,Curculionidae,Scolytinae,Euwallacea,Euwallacea validus,Euwallacea validus,,1,,
5/29/24,NH,M,E,M1-E,Insecta,Coleoptera,Curculionidae,Scolytinae,Hypothenemus,Hypothenemus dissimilis,Hypothenemus dissimilis,,1,,
5/29/24,NH,M,E,M1-E,Insecta,Coleoptera,Curculionidae,Scolytinae,Monarthrum,Monarthrum fasciatum,Monarthrum fasciatum,,1,,
5/29/24,NH,M,E,M1-E,Insecta,Coleoptera,Curculionidae,Scolytinae,Pityophthorus,Pityophthorus lautus,Pityophthorus lautus,,2,,
5/29/24,NH,M,E,M1-E,Insecta,Coleoptera,Curculionidae,Scolytinae,Pityophthorus,Pityophthorus puberulus,Pityophthorus puberulus,,1,,
5/29/24,NH,M,E,M1-E,Insecta,Coleoptera,Curculionidae,Scolytinae,Pseudopityophthorus,Pseudopityophthorus minutissimus,Pseudopityophthorus minutissimus,,2,,
5/29/24,NH,M,E,M1-E,Insecta,Coleoptera,Curculionidae,Scolytinae,Xyleborinus,Xyleborinus saxesenii,Xyleborinus saxesenii,,9,,
5/29/24,NH,M,E,M1-E,Insecta,Coleoptera,Curculionidae,Scolytinae,Xylosandrus,Xylosandrus germanus,Xylosandrus germanus,,25,,
5/29/24,NH,M,E,M1-E,Insecta,Coleoptera,Curculionidae,Scolytinae,Xyloterinus,Xyloterinus politus,Xyloterinus politus,,1,,
5/29/24,NH,M,E,M1-E,Insecta,Coleoptera,Dermestidae,Megatominae,Anthrenus,Anthrenus fuscus,Anthrenus fuscus,,1,,
5/29/24,NH,M,E,M1-E,Insecta,Coleoptera,Elateridae,Agrypninae,Lacon,Lacon discoideus,Lacon discoideus,,4,,
5/29/24,NH,M,E,M1-E,Insecta,Coleoptera,Elateridae,Dendrometrinae,Limonius,Limonius basilaris,Limonius basilaris,,2,,
5/29/24,NH,M,E,M1-E,Insecta,Coleoptera,Elateridae,Elaterinae,Ampedus,Ampedus melanotoides,Ampedus melanotoides,,1,,
5/29/24,NH,M,E,M1-E,Insecta,Coleoptera,Elateridae,Elaterinae,Ampedus,Ampedus oblessus,Ampedus oblessus,,1,,
5/29/24,NH,M,E,M1-E,Insecta,Coleoptera,Elateridae,Elaterinae,Ampedus,Ampedus unnamed sp. ,Ampedus unnamed sp. ,,1,,
5/29/24,NH,M,E,M1-E,Insecta,Coleoptera,Elateridae,Elaterinae,Melanotus,Melanotus americanus,Melanotus americanus,,1,,
5/29/24,NH,M,E,M1-E,Insecta,Coleoptera,Elateridae,Elaterinae,Melanotus,Melanotus castanipes,Melanotus castanipes,,1,,
5/29/24,NH,M,E,M1-E,Insecta,Coleoptera,Elateridae,Elaterinae,Melanotus,Melanotus similis,Melanotus similis,,1,,
5/29/24,NH,M,E,M1-E,Insecta,Coleoptera,Histeridae,Abraeinae,Teretrius,Teretrius latebricola,Teretrius latebricola,,1,,
5/29/24,NH,M,E,M1-E,Insecta,Coleoptera,Laemophloeidae,NoSubfamily_Laemophloeidae,Charaphloeus,Charaphloeus convexulus,Charaphloeus convexulus,,1,,
5/29/24,NH,M,E,M1-E,Insecta,Coleoptera,Lampyridae,Lampyrinae,Ellychnia,Ellychnia corrusca,Ellychnia corrusca,,2,,
5/29/24,NH,M,E,M1-E,Insecta,Coleoptera,Latridiidae,Corticariinae,Melanophthalma,,Melanophthalma sp.,,70,,
5/29/24,NH,M,E,M1-E,Insecta,Coleoptera,Leiodidae,Leiodinae,Agathidium,,Agathidium sp.,,1,,
5/29/24,NH,M,E,M1-E,Insecta,Coleoptera,Melandryidae,Melandryinae,Orchesia,Orchesia ovata,Orchesia ovata,,1,,
5/29/24,NH,M,E,M1-E,Insecta,Coleoptera,Nitidulidae,Cryptarchinae,Glischrochilus,Glischrochilus fasciatus,Glischrochilus fasciatus,,1,,
5/29/24,NH,M,E,M1-E,Insecta,Coleoptera,Oedemeridae,Oedemerinae,Ischnomera,Ischnomera ruficollis,Ischnomera ruficollis,,1,,
5/29/24,NH,M,E,M1-E,Insecta,Coleoptera,Phalacridae,,,,Phalacridae gen. sp.,,2,,
5/29/24,NH,M,E,M1-E,Insecta,Coleoptera,Ptinidae,Ptilininae,Ptilinus,Ptilinus ruficornis,Ptilinus ruficornis,,1,,
5/29/24,NH,M,E,M1-E,Insecta,Coleoptera,Silvanidae,Silvaninae,Silvanus,,Silvanus sp.,,1,,
5/29/24,NH,M,E,M1-E,Insecta,Coleoptera,Staphylinidae,Staphylininae,Hesperus,Hesperus apicialis,Hesperus apicialis,,1,,
5/29/24,NH,M,E,M1-E,Insecta,Coleoptera,Staphylinidae,Staphylininae,,,Staphylinine gen. sp.,,1,,
5/29/24,NH,M,E,M1-E,Insecta,Coleoptera,Staphylinidae,Tachyporinae,Coproporus,,Coproporus sp.,,2,,
5/29/24,NH,M,E,M1-E,Insecta,Coleoptera,Staphylinidae,Tachyporinae,Sepedophilus,,Sepedophilus sp.,,3,,
5/29/24,NH,M,E,M1-E,Insecta,Coleoptera,Tenebrionidae,Alleculinae,Chromatia,Chromatia amoena,Chromatia amoena,,1,,
5/29/24,NH,M,E,M1-E,Insecta,Coleoptera,Tenebrionidae,Lagriinae,Paratenetus,Paratenetus punctatus,Paratenetus punctatus,,1,,
5/29/24,NH,M,E,M1-E,Insecta,Coleoptera,Thanerocleridae,Zenodosinae,Zenodosus,Zenodosus sanguineus,Zenodosus sanguineus,,7,,
5/29/24,NH,M,E,M1-E,Insecta,Coleoptera,Trogossitidae,Trogossitinae,Tenebroides,Tenebroides corticalis,Tenebroides corticalis,,8,,
5/29/24,NH,M,E,M1-E,Insecta,Hemiptera,Anthocoridae,,,,Anthocoridae gen. sp.,,1,,
5/29/24,NH,M,E,M1-E,Insecta,Hemiptera,Cydnidae,Amnestinae,Amnestus,,Amnestus sp.,,1,,
5/29/24,NH,M,E,M1-E,Insecta,Hemiptera,Tingidae,Tinginae,Corythucha,,Corythucha sp.,,1,,
5/29/24,NH,M,E,M1-E,Insecta,Hymenoptera,,,,,Parasitic Wasp,,1,,
5/29/24,NH,M,E,M1-E,Insecta,Lepidoptera,,,,,Caterpillar,,1,,
5/29/24,NH,M,E,M1-E,Insecta,Lepidoptera,,,,,Moth,,1,,
5/29/24,NH,M,EA,M2-EA,Arachnida,Araneae,,,,,Spider,2,2,,
5/29/24,NH,M,EA,M2-EA,Insecta,Coleoptera,Carabidae,Harpalinae,Stenolophus,Stenolophus ochropezus,Stenolophus ochropezus,,1,,
5/29/24,NH,M,EA,M2-EA,Insecta,Coleoptera,Cerambycidae,Cerambycinae,Molorchus,Molorchus bimaculatus,Molorchus bimaculatus,,3,,
5/29/24,NH,M,EA,M2-EA,Insecta,Coleoptera,Cerambycidae,Lepturinae,Acmaeops,Acmaeops proteus,Acmaeops proteus,,1,,
5/29/24,NH,M,EA,M2-EA,Insecta,Coleoptera,Cerambycidae,Lepturinae,Trachysida,Trachysida mutabilis,Trachysida mutabilis,,1,,
5/29/24,NH,M,EA,M2-EA,Insecta,Coleoptera,Cerambycidae,Spondylidinae,Asemum,Asemum striatum,Asemum striatum,,5,,
5/29/24,NH,M,EA,M2-EA,Insecta,Coleoptera,Cerambycidae,Spondylidinae,Tetropium,Tetropium schwarzianum,Tetropium schwarzianum,,1,,
5/29/24,NH,M,EA,M2-EA,Insecta,Coleoptera,Cerylonidae,Ceryloninae,Philothermus,Philothermus glabriculus,Philothermus glabriculus,,1,,
5/29/24,NH,M,EA,M2-EA,Insecta,Coleoptera,Ciidae,Ciinae,Orthocis,Orthocis punctatus,Orthocis punctatus,,2,,
5/29/24,NH,M,EA,M2-EA,Insecta,Coleoptera,Cleridae,Clerinae,Enoclerus,Enoclerus nigripes,Enoclerus nigripes,,3,,
5/29/24,NH,M,EA,M2-EA,Insecta,Coleoptera,Corylophidae,Corylophinae,Clypastraea,Clypastraea lunata,Clypastraea lunata,,1,,
5/29/24,NH,M,EA,M2-EA,Insecta,Coleoptera,Curculionidae,Molytinae,Hylobius,Hylobius pales,Hylobius pales,,3,,
5/29/24,NH,M,EA,M2-EA,Insecta,Coleoptera,Curculionidae,Molytinae,Pissodes,Pissodes affinis,Pissodes affinis,,7,,
5/29/24,NH,M,EA,M2-EA,Insecta,Coleoptera,Curculionidae,Molytinae,Pissodes,Pissodes strobi,Pissodes strobi,,4,,
5/29/24,NH,M,EA,M2-EA,Insecta,Coleoptera,Curculionidae,Scolytinae,Anisandrus,Anisandrus sayi,Anisandrus sayi,,4,,
5/29/24,NH,M,EA,M2-EA,Insecta,Coleoptera,Curculionidae,Scolytinae,Dendroctonus,Dendroctonus valens,Dendroctonus valens,,23,,
5/29/24,NH,M,EA,M2-EA,Insecta,Coleoptera,Curculionidae,Scolytinae,Hylastes,Hylastes porculus,Hylastes porculus,,1,,
5/29/24,NH,M,EA,M2-EA,Insecta,Coleoptera,Curculionidae,Scolytinae,Hypothenemus,Hypothenemus interstitialis,Hypothenemus interstitialis,,2,,
5/29/24,NH,M,EA,M2-EA,Insecta,Coleoptera,Curculionidae,Scolytinae,Ips,Ips grandicollis,Ips grandicollis,,2,,
5/29/24,NH,M,EA,M2-EA,Insecta,Coleoptera,Curculionidae,Scolytinae,Orthotomicus,Orthotomicus caelatus,Orthotomicus caelatus,,2,,
5/29/24,NH,M,EA,M2-EA,Insecta,Coleoptera,Curculionidae,Scolytinae,Pseudopityophthorus,Pseudopityophthorus asperulus,Pseudopityophthorus asperulus,,1,,
5/29/24,NH,M,EA,M2-EA,Insecta,Coleoptera,Curculionidae,Scolytinae,Xyleborinus,Xyleborinus saxesenii,Xyleborinus saxesenii,,1,,
5/29/24,NH,M,EA,M2-EA,Insecta,Coleoptera,Curculionidae,Scolytinae,Xylosandrus,Xylosandrus germanus,Xylosandrus germanus,,3,,
5/29/24,NH,M,EA,M2-EA,Insecta,Coleoptera,Elateridae,Dendrometrinae,Limonius,Limonius basilaris,Limonius basilaris,,1,,
5/29/24,NH,M,EA,M2-EA,Insecta,Coleoptera,Elateridae,Elaterinae,Agriotes,Agriotes oblongicollis,Agriotes oblongicollis,,1,,
5/29/24,NH,M,EA,M2-EA,Insecta,Coleoptera,Elateridae,Elaterinae,Melanotus,Melanotus castanipes,Melanotus castanipes,,2,,
5/29/24,NH,M,EA,M2-EA,Insecta,Coleoptera,Hydrophilidae,Enochrinae,Cymbiodyta,,Cymbiodyta sp.,,1,,
5/29/24,NH,M,EA,M2-EA,Insecta,Coleoptera,Laemophloeidae,NoSubfamily_Laemophloeidae,Placonotus,,Placonotus sp.,,1,,
5/29/24,NH,M,EA,M2-EA,Insecta,Coleoptera,Lampyridae,Lampyrinae,Ellychnia,Ellychnia corrusca,Ellychnia corrusca,,1,,
5/29/24,NH,M,EA,M2-EA,Insecta,Coleoptera,Latridiidae,Corticariinae,Melanophthalma,,Melanophthalma sp.,,33,,
5/29/24,NH,M,EA,M2-EA,Insecta,Coleoptera,Latridiidae,Latridiinae,Enicmus,Enicmus tenuicornis,Enicmus tenuicornis,,1,,
5/29/24,NH,M,EA,M2-EA,Insecta,Coleoptera,Lophocateridae,NoSubfamily_Lophocateridae,Grynocharis,Grynocharis quadrilineata,Grynocharis quadrilineata,,1,,
5/29/24,NH,M,EA,M2-EA,Insecta,Coleoptera,Nitidulidae,Cillaeinae,Colopterus,Colopterus truncatus,Colopterus truncatus,,1,,
5/29/24,NH,M,EA,M2-EA,Insecta,Coleoptera,Passandridae,NoSubfamily_Passandridae,Catogenus,Catogenus rufus,Catogenus rufus,,1,,
5/29/24,NH,M,EA,M2-EA,Insecta,Coleoptera,Phalacridae,,,,Phalacridae gen. sp.,,1,,
5/29/24,NH,M,EA,M2-EA,Insecta,Coleoptera,Ptinidae,Anobiinae,Hadrobregmus,Hadrobregmus notatus,Hadrobregmus notatus,,1,,
5/29/24,NH,M,EA,M2-EA,Insecta,Coleoptera,Salpingidae,Salpinginae,Rhinosimus,Rhinosimus viridiaeneus,Rhinosimus viridiaeneus,,1,,
5/29/24,NH,M,EA,M2-EA,Insecta,Coleoptera,Staphylinidae,Aleocharinae,,,Aleocharinae gen. sp.,2,2,,
5/29/24,NH,M,EA,M2-EA,Insecta,Coleoptera,Staphylinidae,Paederinae,Sunius,Sunius confluentus,Sunius confluentus,,1,,
5/29/24,NH,M,EA,M2-EA,Insecta,Coleoptera,Staphylinidae,Staphylininae,Hesperus,Hesperus apicialis,Hesperus apicialis,,1,,
5/29/24,NH,M,EA,M2-EA,Insecta,Coleoptera,Staphylinidae,Tachyporinae,Coproporus,,Coproporus sp.,,1,,
5/29/24,NH,M,EA,M2-EA,Insecta,Coleoptera,Staphylinidae,Tachyporinae,Sepedophilus,,Sepedophilus sp.,,1,,
5/29/24,NH,M,EA,M2-EA,Insecta,Coleoptera,Staphylinidae,Xantholininae,Nudobius,Nudobius cephalus,Nudobius cephalus,,2,,
5/29/24,NH,M,EA,M2-EA,Insecta,Coleoptera,Tenebrionidae,Diaperinae,Corticeus,Corticeus parallelus,Corticeus parallelus,,2,,
5/29/24,NH,M,EA,M2-EA,Insecta,Coleoptera,Tenebrionidae,Tenebrioninae,Neatus,Neatus tenebroides,Neatus tenebroides,,1,,
5/29/24,NH,M,EA,M2-EA,Insecta,Coleoptera,Thanerocleridae,Zenodosinae,Zenodosus,Zenodosus sanguineus,Zenodosus sanguineus,,2,,
5/29/24,NH,M,EA,M2-EA,Insecta,Coleoptera,Zopheridae,Colydiinae,Namunaria,Namunaria guttulata,Namunaria guttulata,,2,,
5/29/24,NH,M,EA,M2-EA,Insecta,Hemiptera,Rhyparochromidae,Rhyparochrominae,Eremocoris,Eremocoris borealis,Eremocoris borealis,,1,,
5/29/24,NH,M,EA,M2-EA,Insecta,Hymenoptera,Apidae,Nomadinae,Nomada,,Nomada sp.,,1,,
5/29/24,NH,M,EA,M2-EA,Insecta,Hymenoptera,Crabronidae,Pemphredoninae,,,Pemphredoninae gen. sp.,,1,,
5/29/24,NH,M,EA,M2-EA,Insecta,Hymenoptera,,,,,Bee,,1,,
5/29/24,NH,M,EA,M2-EA,Insecta,Hymenoptera,,,,,Parasitic Wasp,4,4,,
5/29/24,NH,M,EA,M2-EA,Insecta,Lepidoptera,,,,,Moth,2,5,,
5/29/24,NH,M,I,M3-I,Arachnida,Araneae,,,,,Spider,2,3,,
5/29/24,NH,M,I,M3-I,Insecta,Coleoptera,Bostrichidae,Bostrichinae,Xylobiops,Xylobiops basilaris,Xylobiops basilaris,,2,,
5/29/24,NH,M,I,M3-I,Insecta,Coleoptera,Cantharidae,Cantharinae,Podabrus,Podabrus tricostatus,Podabrus tricostatus,,1,,
5/29/24,NH,M,I,M3-I,Insecta,Coleoptera,Carabidae,Harpalinae,Amara,Amara familiaris,Amara familiaris,,1,,
5/29/24,NH,M,I,M3-I,Insecta,Coleoptera,Cerambycidae,Spondylidinae,Asemum,Asemum striatum,Asemum striatum,,4,,
5/29/24,NH,M,I,M3-I,Insecta,Coleoptera,Cerylonidae,Ceryloninae,Philothermus,Philothermus glabriculus,Philothermus glabriculus,,1,,
5/29/24,NH,M,I,M3-I,Insecta,Coleoptera,Chrysomelidae,Eumolpinae,Xanthonia,Xanthonia decemnotata,Xanthonia decemnotata,,1,,
5/29/24,NH,M,I,M3-I,Insecta,Coleoptera,Ciidae,Ciinae,Orthocis,Orthocis punctatus,Orthocis punctatus,,1,,
5/29/24,NH,M,I,M3-I,Insecta,Coleoptera,Cleridae,Clerinae,Enoclerus,Enoclerus nigripes,Enoclerus nigripes,,5,,
5/29/24,NH,M,I,M3-I,Insecta,Coleoptera,Cleridae,Clerinae,Thanasimus,Thanasimus dubius,Thanasimus dubius,,2,,
5/29/24,NH,M,I,M3-I,Insecta,Coleoptera,Elateridae,Agrypninae,Lacon,Lacon discoideus,Lacon discoideus,,1,,
5/29/24,NH,M,I,M3-I,Insecta,Coleoptera,Elateridae,Dendrometrinae,Limonius,Limonius basilaris,Limonius basilaris,,1,,
5/29/24,NH,M,I,M3-I,Insecta,Coleoptera,Elateridae,Elaterinae,Melanotus,Melanotus americanus,Melanotus americanus,,1,,
5/29/24,NH,M,I,M3-I,Insecta,Coleoptera,Endomychidae,Leiestinae,Phymaphora,Phymaphora pulchella,Phymaphora pulchella,,1,,
5/29/24,NH,M,I,M3-I,Insecta,Coleoptera,Laemophloeidae,NoSubfamily_Laemophloeidae,Charaphloeus,Charaphloeus convexulus,Charaphloeus convexulus,,1,,
5/29/24,NH,M,I,M3-I,Insecta,Coleoptera,Lampyridae,Lampyrinae,Ellychnia,Ellychnia corrusca,Ellychnia corrusca,,1,,
5/29/24,NH,M,I,M3-I,Insecta,Coleoptera,Latridiidae,Corticariinae,Melanophthalma,,Melanophthalma sp.,,21,,
5/29/24,NH,M,I,M3-I,Insecta,Coleoptera,Latridiidae,Latridiinae,Enicmus,Enicmus tenuicornis,Enicmus tenuicornis,,2,,
5/29/24,NH,M,I,M3-I,Insecta,Coleoptera,Nitidulidae,Cillaeinae,Colopterus,Colopterus truncatus,Colopterus truncatus,,3,,
5/29/24,NH,M,I,M3-I,Insecta,Coleoptera,Passandridae,NoSubfamily_Passandridae,Catogenus,Catogenus rufus,Catogenus rufus,,1,,
5/29/24,NH,M,I,M3-I,Insecta,Coleoptera,Ptinidae,Anobiinae,Hadrobregmus,Hadrobregmus notatus,Hadrobregmus notatus,,1,,
5/29/24,NH,M,I,M3-I,Insecta,Coleoptera,Scarabaeidae,Aphodiinae,Alloblackburneus,Alloblackburneus lentus,Alloblackburneus lentus,,1,,
5/29/24,NH,M,I,M3-I,Insecta,Coleoptera,Sphindidae,Sphindinae,Sphindus,Sphindus americanus,Sphindus americanus,,1,,
5/29/24,NH,M,I,M3-I,Insecta,Coleoptera,Staphylinidae,Aleocharinae,,,Aleocharinae gen. sp.,2,2,,
5/29/24,NH,M,I,M3-I,Insecta,Coleoptera,Staphylinidae,Staphylininae,Hesperus,Hesperus apicialis,Hesperus apicialis,,1,,
5/29/24,NH,M,I,M3-I,Insecta,Coleoptera,Tenebrionidae,Lagriinae,Paratenetus,Paratenetus punctatus,Paratenetus punctatus,,1,,
5/29/24,NH,M,I,M3-I,Insecta,Coleoptera,Thanerocleridae,Zenodosinae,Zenodosus,Zenodosus sanguineus,Zenodosus sanguineus,,1,,
5/29/24,NH,M,I,M3-I,Insecta,Coleoptera,Trogossitidae,Trogossitinae,Tenebroides,Tenebroides corticalis,Tenebroides corticalis,,7,,
5/29/24,NH,M,I,M3-I,Insecta,Coleoptera,Zopheridae,Colydiinae,Namunaria,Namunaria guttulata,Namunaria guttulata,,1,,
5/29/24,NH,M,I,M3-I,Insecta,Hymenoptera,Formicidae,Formicinae,Camponotus,Camponotus pennsylvanicus,Camponotus pennsylvanicus,,1,,
5/29/24,NH,M,I,M3-I,Insecta,Hymenoptera,,,,,Parasitic Wasp,5,5,,
5/29/24,NH,M,I,M3-I,Insecta,Lepidoptera,,,,,Caterpillar,,1,,
5/29/24,NH,M,I,M3-I,Insecta,Lepidoptera,,,,,Moth,,1,,
5/29/24,NH,M,I,M3-I,Insecta,Trichoptera,,,,,Caddisfly,,1,,
5/29/24,NH,P,E,P1-E,Insecta,Coleoptera,Anamorphidae,NoSubfamily_Anamorphidae,Symbiotes,,Symbiotes sp.,,1,,
5/29/24,NH,P,E,P1-E,Insecta,Coleoptera,Bostrichidae,Bostrichinae,Xylobiops,Xylobiops basilaris,Xylobiops basilaris,,1,,
5/29/24,NH,P,E,P1-E,Insecta,Coleoptera,Cerambycidae,Cerambycinae,Molorchus,Molorchus bimaculatus,Molorchus bimaculatus,,2,,
5/29/24,NH,P,E,P1-E,Insecta,Coleoptera,Cerambycidae,Cerambycinae,Neoclytus,Neoclytus acuminatus,Neoclytus acuminatus,,2,,
5/29/24,NH,P,E,P1-E,Insecta,Coleoptera,Cerambycidae,Lepturinae,Gaurotes,Gaurotes cyanipennis,Gaurotes cyanipennis,,1,,
5/29/24,NH,P,E,P1-E,Insecta,Coleoptera,Cerylonidae,Ceryloninae,Cerylon,Cerylon castaneum,Cerylon castaneum,,1,,
5/29/24,NH,P,E,P1-E,Insecta,Coleoptera,Cerylonidae,Ceryloninae,Cerylon,Cerylon unicolor,Cerylon unicolor,,2,,
5/29/24,NH,P,E,P1-E,Insecta,Coleoptera,Ciidae,Ciinae,Cis,Cis creberrimus,Cis creberrimus,,1,,
5/29/24,NH,P,E,P1-E,Insecta,Coleoptera,Ciidae,Ciinae,Cis,Cis fuscipes,Cis fuscipes,,3,,
5/29/24,NH,P,E,P1-E,Insecta,Coleoptera,Cleridae,Clerinae,Enoclerus,Enoclerus nigripes,Enoclerus nigripes,,8,,
5/29/24,NH,P,E,P1-E,Insecta,Coleoptera,Corylophidae,Corylophinae,Orthoperus,Orthoperus scutellaris,Orthoperus scutellaris,,1,,
5/29/24,NH,P,E,P1-E,Insecta,Coleoptera,Cucujidae,NoSubfamily_Cucujidae,Cucujus,Cucujus clavipes,Cucujus clavipes,,2,,
5/29/24,NH,P,E,P1-E,Insecta,Coleoptera,Curculionidae,Molytinae,Conotrachelus,Conotrachelus anaglypticus,Conotrachelus anaglypticus,,1,,
5/29/24,NH,P,E,P1-E,Insecta,Coleoptera,Curculionidae,Scolytinae,Ambrosiophilus,Ambrosiophilus atratus,Ambrosiophilus atratus,,1,,
5/29/24,NH,P,E,P1-E,Insecta,Coleoptera,Curculionidae,Scolytinae,Anisandrus,Anisandrus sayi,Anisandrus sayi,,123,,
5/29/24,NH,P,E,P1-E,Insecta,Coleoptera,Curculionidae,Scolytinae,Cyclorhipidion,Cyclorhipidion bodoanum,Cyclorhipidion bodoanum,,3,,
5/29/24,NH,P,E,P1-E,Insecta,Coleoptera,Curculionidae,Scolytinae,Cyclorhipidion,Cyclorhipidion pelliculosum,Cyclorhipidion pelliculosum,,6,,
5/29/24,NH,P,E,P1-E,Insecta,Coleoptera,Curculionidae,Scolytinae,Gnathotrichus,Gnathotrichus materiarius,Gnathotrichus materiarius,,1,,
5/29/24,NH,P,E,P1-E,Insecta,Coleoptera,Curculionidae,Scolytinae,Heteroborips,Heteroborips seriatus,Heteroborips seriatus,,15,,
5/29/24,NH,P,E,P1-E,Insecta,Coleoptera,Curculionidae,Scolytinae,Hylesinus,Hylesinus aculeatus,Hylesinus aculeatus,,2,,
5/29/24,NH,P,E,P1-E,Insecta,Coleoptera,Curculionidae,Scolytinae,Orthotomicus,Orthotomicus caelatus,Orthotomicus caelatus,,3,,
5/29/24,NH,P,E,P1-E,Insecta,Coleoptera,Curculionidae,Scolytinae,Pityophthorus,Pityophthorus lautus,Pityophthorus lautus,,2,,
5/29/24,NH,P,E,P1-E,Insecta,Coleoptera,Curculionidae,Scolytinae,Xyleborinus,Xyleborinus attenuatus,Xyleborinus attenuatus,,1,,
5/29/24,NH,P,E,P1-E,Insecta,Coleoptera,Curculionidae,Scolytinae,Xyleborinus,Xyleborinus saxesenii,Xyleborinus saxesenii,,116,,
5/29/24,NH,P,E,P1-E,Insecta,Coleoptera,Curculionidae,Scolytinae,Xylosandrus,Xylosandrus crassiusculus,Xylosandrus crassiusculus,,80,,
5/29/24,NH,P,E,P1-E,Insecta,Coleoptera,Curculionidae,Scolytinae,Xylosandrus,Xylosandrus germanus,Xylosandrus germanus,,147,,
5/29/24,NH,P,E,P1-E,Insecta,Coleoptera,Curculionidae,Scolytinae,Xyloterinus,Xyloterinus politus,Xyloterinus politus,,1,,
5/29/24,NH,P,E,P1-E,Insecta,Coleoptera,Elateridae,Agrypninae,Lacon,Lacon marmoratus,Lacon marmoratus,,1,,
5/29/24,NH,P,E,P1-E,Insecta,Coleoptera,Elateridae,Elaterinae,Ampedus,Ampedus areolatus,Ampedus areolatus,,1,,
5/29/24,NH,P,E,P1-E,Insecta,Coleoptera,Elateridae,Elaterinae,Melanotus,Melanotus castanipes,Melanotus castanipes,,1,,
5/29/24,NH,P,E,P1-E,Insecta,Coleoptera,Endomychidae,Leiestinae,Phymaphora,Phymaphora pulchella,Phymaphora pulchella,,1,,
5/29/24,NH,P,E,P1-E,Insecta,Coleoptera,Erotylidae,Erotylinae,Triplax,Triplax dissimulator,Triplax dissimulator,,1,,
5/29/24,NH,P,E,P1-E,Insecta,Coleoptera,Eucnemidae,Dromaeolinae,Isarthrus,Isarthrus calceatus,Isarthrus calceatus,,8,,
5/29/24,NH,P,E,P1-E,Insecta,Coleoptera,Histeridae,Histerinae,Platysoma,Platysoma gracile,Platysoma gracile,,1,,
5/29/24,NH,P,E,P1-E,Insecta,Coleoptera,Histeridae,Histerinae,Platysoma,Platysoma leconti,Platysoma leconti,,1,,
5/29/24,NH,P,E,P1-E,Insecta,Coleoptera,Lampyridae,Lampyrinae,Ellychnia,Ellychnia corrusca,Ellychnia corrusca,,1,,
5/29/24,NH,P,E,P1-E,Insecta,Coleoptera,Latridiidae,Corticariinae,Melanophthalma,,Melanophthalma sp.,,85,,
5/29/24,NH,P,E,P1-E,Insecta,Coleoptera,Latridiidae,Latridiinae,Enicmus,Enicmus tenuicornis,Enicmus tenuicornis,,1,,
5/29/24,NH,P,E,P1-E,Insecta,Coleoptera,Melandryidae,Melandryinae,Melandrya,Melandrya striata,Melandrya striata,,1,,
5/29/24,NH,P,E,P1-E,Insecta,Coleoptera,Monotomidae,Monotominae,Pycnotomina,Pycnotomina cavicolle,Pycnotomina cavicolle,,1,,
5/29/24,NH,P,E,P1-E,Insecta,Coleoptera,Nitidulidae,Cillaeinae,Colopterus,Colopterus truncatus,Colopterus truncatus,,9,,
5/29/24,NH,P,E,P1-E,Insecta,Coleoptera,Nitidulidae,Cryptarchinae,Glischrochilus,Glischrochilus sanguinolentus,Glischrochilus sanguinolentus,,4,,
5/29/24,NH,P,E,P1-E,Insecta,Coleoptera,Salpingidae,Salpinginae,Rhinosimus,Rhinosimus viridiaeneus,Rhinosimus viridiaeneus,,1,,
5/29/24,NH,P,E,P1-E,Insecta,Coleoptera,Staphylinidae,Aleocharinae,,,Aleocharinae gen. sp.,,1,,
5/29/24,NH,P,E,P1-E,Insecta,Coleoptera,Staphylinidae,Omaliinae,Phloeonomus,Phloeonomus laesicollis,Phloeonomus laesicollis,,1,,
5/29/24,NH,P,E,P1-E,Insecta,Coleoptera,Staphylinidae,Pselaphinae,Euplectus,,Euplectus sp.,,1,,
5/29/24,NH,P,E,P1-E,Insecta,Coleoptera,Staphylinidae,Tachyporinae,Sepedophilus,,Sepedophilus sp.,,2,,
5/29/24,NH,P,E,P1-E,Insecta,Coleoptera,Thanerocleridae,Zenodosinae,Zenodosus,Zenodosus sanguineus,Zenodosus sanguineus,,4,,
5/29/24,NH,P,E,P1-E,Insecta,Coleoptera,Throscidae,NoSubfamily_Throscidae,Trixagus,Trixagus chevrolati,Trixagus chevrolati,,1,,
5/29/24,NH,P,E,P1-E,Insecta,Coleoptera,Trogossitidae,Trogossitinae,Tenebroides,Tenebroides corticalis,Tenebroides corticalis,,1,,
5/29/24,NH,P,E,P1-E,Insecta,Coleoptera,Zopheridae,Colydiinae,Namunaria,Namunaria guttulata,Namunaria guttulata,,6,,
5/29/24,NH,P,E,P1-E,Insecta,Hemiptera,Pentatomidae,Asopinae,Podisus,Podisus maculiventris,Podisus maculiventris,,1,,
5/29/24,NH,P,E,P1-E,Insecta,Hemiptera,Psyllidae,,,,Green Psyllid nymph,,2,,
5/29/24,NH,P,E,P1-E,Insecta,Hymenoptera,Apidae,Apinae,Bombus,,Bombus sp.,,1,,
5/29/24,NH,P,E,P1-E,Insecta,Hymenoptera,Formicidae,,,,Ant,2,4,,
5/29/24,NH,P,E,P1-E,Insecta,Hymenoptera,,,,,Parasitic Wasp,2,2,,
5/29/24,NH,P,E,P1-E,Insecta,Lepidoptera,,,,,Caterpillar,3,3,,
5/29/24,NH,P,E,P1-E,Insecta,Trichoptera,,,,,Caddisfly,,1,,
5/29/24,NH,P,EA,P2-EA,Arachnida,Araneae,,,,,Spider,3,3,,
5/29/24,NH,P,EA,P2-EA,Insecta,Coleoptera,Aderidae,NoSubfamily_Aderidae,Syzeton,Syzeton subfasciatus,Syzeton subfasciatus,,2,,
5/29/24,NH,P,EA,P2-EA,Insecta,Coleoptera,Cantharidae,Cantharinae,Atalantycha,Atalantycha bilineata,Atalantycha bilineata,,1,,
5/29/24,NH,P,EA,P2-EA,Insecta,Coleoptera,Cantharidae,Cantharinae,Podabrus,,Podabrus sp.,,1,,
5/29/24,NH,P,EA,P2-EA,Insecta,Coleoptera,Cantharidae,Silinae,Silis,,Silis sp.,,1,,
5/29/24,NH,P,EA,P2-EA,Insecta,Coleoptera,Carabidae,Harpalinae,Cymindis,Cymindis platicollis,Cymindis platicollis,,1,,
5/29/24,NH,P,EA,P2-EA,Insecta,Coleoptera,Cerambycidae,Cerambycinae,Cyrtophorus,Cyrtophorus verrucosus,Cyrtophorus verrucosus,,1,,
5/29/24,NH,P,EA,P2-EA,Insecta,Coleoptera,Cerambycidae,Spondylidinae,Asemum,Asemum striatum,Asemum striatum,,48,,
5/29/24,NH,P,EA,P2-EA,Insecta,Coleoptera,Cerambycidae,Spondylidinae,Tetropium,Tetropium schwarzianum,Tetropium schwarzianum,,1,,
5/29/24,NH,P,EA,P2-EA,Insecta,Coleoptera,Cerylonidae,Ceryloninae,Cerylon,Cerylon castaneum,Cerylon castaneum,,1,,
5/29/24,NH,P,EA,P2-EA,Insecta,Coleoptera,Cerylonidae,Ceryloninae,Cerylon,Cerylon unicolor,Cerylon unicolor,,1,,
5/29/24,NH,P,EA,P2-EA,Insecta,Coleoptera,Chrysomelidae,Eumolpinae,Glyptoscelis,Glyptoscelis pubescens,Glyptoscelis pubescens,,1,,
5/29/24,NH,P,EA,P2-EA,Insecta,Coleoptera,Ciidae,Ciinae,Cis,Cis fuscipes,Cis fuscipes,,4,,
5/29/24,NH,P,EA,P2-EA,Insecta,Coleoptera,Ciidae,Ciinae,Cis,,Cis sp.,,1,,
5/29/24,NH,P,EA,P2-EA,Insecta,Coleoptera,Ciidae,Ciinae,Orthocis,Orthocis punctatus,Orthocis punctatus,,1,,
5/29/24,NH,P,EA,P2-EA,Insecta,Coleoptera,Cleridae,Clerinae,Enoclerus,Enoclerus nigripes,Enoclerus nigripes,,65,,
5/29/24,NH,P,EA,P2-EA,Insecta,Coleoptera,Cleridae,Clerinae,Thanasimus,Thanasimus dubius,Thanasimus dubius,,1,,
5/29/24,NH,P,EA,P2-EA,Insecta,Coleoptera,Corylophidae,Corylophinae,Clypastraea,Clypastraea lunata,Clypastraea lunata,,1,,
5/29/24,NH,P,EA,P2-EA,Insecta,Coleoptera,Curculionidae,Entiminae,Cyrtepistomus,Cyrtepistomus castaneus,Cyrtepistomus castaneus,,1,,
5/29/24,NH,P,EA,P2-EA,Insecta,Coleoptera,Curculionidae,Molytinae,Hylobius,Hylobius pales,Hylobius pales,,11,,
5/29/24,NH,P,EA,P2-EA,Insecta,Coleoptera,Curculionidae,Molytinae,Pissodes,Pissodes affinis,Pissodes affinis,,4,,
5/29/24,NH,P,EA,P2-EA,Insecta,Coleoptera,Curculionidae,Molytinae,Pissodes,Pissodes strobi,Pissodes strobi,,6,,
5/29/24,NH,P,EA,P2-EA,Insecta,Coleoptera,Curculionidae,Scolytinae,Ambrosiophilus,Ambrosiophilus atratus,Ambrosiophilus atratus,,3,,
5/29/24,NH,P,EA,P2-EA,Insecta,Coleoptera,Curculionidae,Scolytinae,Anisandrus,Anisandrus sayi,Anisandrus sayi,,12,,
5/29/24,NH,P,EA,P2-EA,Insecta,Coleoptera,Curculionidae,Scolytinae,Dendroctonus,Dendroctonus valens,Dendroctonus valens,,37,,
5/29/24,NH,P,EA,P2-EA,Insecta,Coleoptera,Curculionidae,Scolytinae,Dryocoetes,Dryocoetes affaber,Dryocoetes affaber,,4,,
5/29/24,NH,P,EA,P2-EA,Insecta,Coleoptera,Curculionidae,Scolytinae,Dryocoetes,Dryocoetes autographus,Dryocoetes autographus,,7,,
5/29/24,NH,P,EA,P2-EA,Insecta,Coleoptera,Curculionidae,Scolytinae,Heteroborips,Heteroborips seriatus,Heteroborips seriatus,,6,,
5/29/24,NH,P,EA,P2-EA,Insecta,Coleoptera,Curculionidae,Scolytinae,Hylurgops,Hylurgops pinifex,Hylurgops pinifex,,2,,
5/29/24,NH,P,EA,P2-EA,Insecta,Coleoptera,Curculionidae,Scolytinae,Ips,Ips grandicollis,Ips grandicollis,,9,,
5/29/24,NH,P,EA,P2-EA,Insecta,Coleoptera,Curculionidae,Scolytinae,Monarthrum,Monarthrum mali,Monarthrum mali,,3,,
5/29/24,NH,P,EA,P2-EA,Insecta,Coleoptera,Curculionidae,Scolytinae,Orthotomicus,Orthotomicus caelatus,Orthotomicus caelatus,,14,,
5/29/24,NH,P,EA,P2-EA,Insecta,Coleoptera,Curculionidae,Scolytinae,Pityogenes,Pityogenes hopkinsi,Pityogenes hopkinsi,,1,,
5/29/24,NH,P,EA,P2-EA,Insecta,Coleoptera,Curculionidae,Scolytinae,Pityophthorus,Pityophthorus opaculus,Pityophthorus opaculus,,1,,
5/29/24,NH,P,EA,P2-EA,Insecta,Coleoptera,Curculionidae,Scolytinae,Xyleborinus,Xyleborinus saxesenii,Xyleborinus saxesenii,,10,,
5/29/24,NH,P,EA,P2-EA,Insecta,Coleoptera,Curculionidae,Scolytinae,Xylosandrus,Xylosandrus crassiusculus,Xylosandrus crassiusculus,,209,,
5/29/24,NH,P,EA,P2-EA,Insecta,Coleoptera,Curculionidae,Scolytinae,Xylosandrus,Xylosandrus germanus,Xylosandrus germanus,,104,,
5/29/24,NH,P,EA,P2-EA,Insecta,Coleoptera,Curculionidae,Scolytinae,Xyloterinus,Xyloterinus politus,Xyloterinus politus,,1,,
5/29/24,NH,P,EA,P2-EA,Insecta,Coleoptera,Elateridae,Dendrometrinae,Limonius,Limonius basilaris,Limonius basilaris,,1,,
5/29/24,NH,P,EA,P2-EA,Insecta,Coleoptera,Elateridae,Elaterinae,Ampedus,Ampedus areolatus,Ampedus areolatus,,1,,
5/29/24,NH,P,EA,P2-EA,Insecta,Coleoptera,Elateridae,Elaterinae,Melanotus,Melanotus americanus,Melanotus americanus,,2,,
5/29/24,NH,P,EA,P2-EA,Insecta,Coleoptera,Endomychidae,Leiestinae,Phymaphora,Phymaphora pulchella,Phymaphora pulchella,,1,,
5/29/24,NH,P,EA,P2-EA,Insecta,Coleoptera,Erotylidae,Erotylinae,Triplax,Triplax frosti,Triplax frosti,,1,,
5/29/24,NH,P,EA,P2-EA,Insecta,Coleoptera,Erotylidae,Xenoscelinae,Cryptophilus,Cryptophilus obliteratus,Cryptophilus obliteratus,,2,,
5/29/24,NH,P,EA,P2-EA,Insecta,Coleoptera,Eucnemidae,Dromaeolinae,Isarthrus,Isarthrus calceatus,Isarthrus calceatus,,2,,
5/29/24,NH,P,EA,P2-EA,Insecta,Coleoptera,Histeridae,Dendrophilinae,Paromalus,Paromalus teres,Paromalus teres,,13,,
5/29/24,NH,P,EA,P2-EA,Insecta,Coleoptera,Latridiidae,Corticariinae,Melanophthalma,,Melanophthalma sp.,,49,,
5/29/24,NH,P,EA,P2-EA,Insecta,Coleoptera,Latridiidae,Latridiinae,Enicmus,Enicmus tenuicornis,Enicmus tenuicornis,,1,,
5/29/24,NH,P,EA,P2-EA,Insecta,Coleoptera,Melandryidae,Melandryinae,Melandrya,Melandrya striata,Melandrya striata,,1,,
5/29/24,NH,P,EA,P2-EA,Insecta,Coleoptera,Monotomidae,Rhizophaginae,Rhizophagus,Rhizophagus brunneus,Rhizophagus brunneus,,2,,
5/29/24,NH,P,EA,P2-EA,Insecta,Coleoptera,Nitidulidae,Cillaeinae,Colopterus,Colopterus truncatus,Colopterus truncatus,,2,,
5/29/24,NH,P,EA,P2-EA,Insecta,Coleoptera,Nitidulidae,Epuraeinae,Epuraea,,Epuraea sp.,,1,,
5/29/24,NH,P,EA,P2-EA,Insecta,Coleoptera,Nitidulidae,Nitidulinae,Lobiopa,Lobiopa undulata,Lobiopa undulata,,2,,
5/29/24,NH,P,EA,P2-EA,Insecta,Coleoptera,Ptiliidae,,,,Ptiliidae gen. sp.,,1,,
5/29/24,NH,P,EA,P2-EA,Insecta,Coleoptera,Pythidae,NoSubfamily_Pythidae,Pytho,Pytho americanus,Pytho americanus,,1,,
5/29/24,NH,P,EA,P2-EA,Insecta,Coleoptera,Silvanidae,Silvaninae,Silvanus,,Silvanus sp.,,2,,
5/29/24,NH,P,EA,P2-EA,Insecta,Coleoptera,Staphylinidae,Aleocharinae,Oligota,Oligota chrysopyga,Oligota chrysopyga,,1,y,"Pointed, state record"
5/29/24,NH,P,EA,P2-EA,Insecta,Coleoptera,Staphylinidae,Aleocharinae,,,Aleocharinae gen. sp.,2,3,,
5/29/24,NH,P,EA,P2-EA,Insecta,Coleoptera,Staphylinidae,Omaliinae,Phloeonomus,Phloeonomus laesicollis,Phloeonomus laesicollis,,19,,
5/29/24,NH,P,EA,P2-EA,Insecta,Coleoptera,Staphylinidae,Pselaphinae,Euplectus,,Euplectus sp.,,2,,
5/29/24,NH,P,EA,P2-EA,Insecta,Coleoptera,Staphylinidae,Scydmaeninae,,,Scydmaeninae gen. sp.,,2,,
5/29/24,NH,P,EA,P2-EA,Insecta,Coleoptera,Staphylinidae,Staphylininae,Belonuchus,Belonuchus rufipennis,Belonuchus rufipennis,,2,,
5/29/24,NH,P,EA,P2-EA,Insecta,Coleoptera,Staphylinidae,Staphylininae,Hesperus,Hesperus apicialis,Hesperus apicialis,,3,,
5/29/24,NH,P,EA,P2-EA,Insecta,Coleoptera,Staphylinidae,Staphylininae,Laetulonthus,Laetulonthus laetulus,Laetulonthus laetulus,,1,,
5/29/24,NH,P,EA,P2-EA,Insecta,Coleoptera,Staphylinidae,Staphylininae,,,Staphylinine gen. sp.,,1,,
5/29/24,NH,P,EA,P2-EA,Insecta,Coleoptera,Staphylinidae,Tachyporinae,Sepedophilus,,Sepedophilus sp.,,1,,
5/29/24,NH,P,EA,P2-EA,Insecta,Coleoptera,Tenebrionidae,Diaperinae,Corticeus,Corticeus parallelus,Corticeus parallelus,,3,,
5/29/24,NH,P,EA,P2-EA,Insecta,Coleoptera,Thanerocleridae,Zenodosinae,Zenodosus,Zenodosus sanguineus,Zenodosus sanguineus,,2,,
5/29/24,NH,P,EA,P2-EA,Insecta,Coleoptera,Throscidae,NoSubfamily_Throscidae,Trixagus,Trixagus chevrolati,Trixagus chevrolati,,1,,
5/29/24,NH,P,EA,P2-EA,Insecta,Coleoptera,Trogossitidae,Trogossitinae,Tenebroides,Tenebroides corticalis,Tenebroides corticalis,,1,,
5/29/24,NH,P,EA,P2-EA,Insecta,Coleoptera,Zopheridae,Colydiinae,Namunaria,Namunaria guttulata,Namunaria guttulata,,7,,
5/29/24,NH,P,EA,P2-EA,Insecta,Hemiptera,Miridae,,,,Miridae gen. sp.,,1,,
5/29/24,NH,P,EA,P2-EA,Insecta,Hemiptera,Pentatomidae,Pentatominae,Menecles,Menecles insertus,Menecles insertus,,1,,
5/29/24,NH,P,EA,P2-EA,Insecta,Hymenoptera,Formicidae,Formicinae,Camponotus,Camponotus pennsylvanicus,Camponotus pennsylvanicus,,4,,
5/29/24,NH,P,EA,P2-EA,Insecta,Hymenoptera,Pergidae,,,,Pergid sawfly,,1,,
5/29/24,NH,P,EA,P2-EA,Insecta,Hymenoptera,Xyelidae,,,,Xyelid sawfly,,6,,
5/29/24,NH,P,EA,P2-EA,Insecta,Hymenoptera,,,,,Parasitic Wasp,4,4,,
5/29/24,NH,P,I,P3-I,Insecta,Coleoptera,Cerambycidae,Spondylidinae,Asemum,Asemum striatum,Asemum striatum,,1,,
5/29/24,NH,P,I,P3-I,Insecta,Coleoptera,Cleridae,Clerinae,Enoclerus,Enoclerus nigripes,Enoclerus nigripes,,26,,
5/29/24,NH,P,I,P3-I,Insecta,Coleoptera,Curculionidae,Scolytinae,Ambrosiophilus,Ambrosiophilus atratus,Ambrosiophilus atratus,,2,,
5/29/24,NH,P,I,P3-I,Insecta,Coleoptera,Curculionidae,Scolytinae,Dryocoetes,Dryocoetes autographus,Dryocoetes autographus,,1,,
5/29/24,NH,P,I,P3-I,Insecta,Coleoptera,Curculionidae,Scolytinae,Gnathotrichus,Gnathotrichus materiarius,Gnathotrichus materiarius,,2,,
5/29/24,NH,P,I,P3-I,Insecta,Coleoptera,Curculionidae,Scolytinae,Orthotomicus,Orthotomicus caelatus,Orthotomicus caelatus,,17,,
5/29/24,NH,P,I,P3-I,Insecta,Coleoptera,Curculionidae,Scolytinae,Xylosandrus,Xylosandrus germanus,Xylosandrus germanus,,3,,
5/29/24,NH,P,I,P3-I,Insecta,Coleoptera,Curculionidae,Scolytinae,Xyloterinus,Xyloterinus politus,Xyloterinus politus,,4,,
5/29/24,NH,P,I,P3-I,Insecta,Coleoptera,Elateridae,Dendrometrinae,Laneganus,Laneganus sulcicollis,Laneganus sulcicollis,,2,,
5/29/24,NH,P,I,P3-I,Insecta,Coleoptera,Elateridae,Elaterinae,Ampedus,Ampedus rubricollis,Ampedus rubricollis,,1,,
5/29/24,NH,P,I,P3-I,Insecta,Coleoptera,Elateridae,Elaterinae,Ampedus,Ampedus semicinctus,Ampedus semicinctus,,1,,
5/29/24,NH,P,I,P3-I,Insecta,Coleoptera,Elateridae,Elaterinae,Melanotus,Melanotus hyslopi,Melanotus hyslopi,,1,,
5/29/24,NH,P,I,P3-I,Insecta,Coleoptera,Endomychidae,Leiestinae,Phymaphora,Phymaphora pulchella,Phymaphora pulchella,,2,,
5/29/24,NH,P,I,P3-I,Insecta,Coleoptera,Eucnemidae,Dromaeolinae,Isarthrus,Isarthrus calceatus,Isarthrus calceatus,,4,,
5/29/24,NH,P,I,P3-I,Insecta,Coleoptera,Hydrophilidae,Enochrinae,Cymbiodyta,,Cymbiodyta sp.,,1,,
5/29/24,NH,P,I,P3-I,Insecta,Coleoptera,Lampyridae,Lampyrinae,Ellychnia,Ellychnia corrusca,Ellychnia corrusca,,3,,
5/29/24,NH,P,I,P3-I,Insecta,Coleoptera,Latridiidae,Corticariinae,Melanophthalma,,Melanophthalma sp.,,106,,
5/29/24,NH,P,I,P3-I,Insecta,Coleoptera,Leiodidae,Leiodinae,Agathidium,,Agathidium sp.,,1,,
5/29/24,NH,P,I,P3-I,Insecta,Coleoptera,Monotomidae,Monotominae,Europs,Europs pallipennis,Europs pallipennis,,1,,
5/29/24,NH,P,I,P3-I,Insecta,Coleoptera,Nitidulidae,Cillaeinae,Colopterus,Colopterus truncatus,Colopterus truncatus,,2,,
5/29/24,NH,P,I,P3-I,Insecta,Coleoptera,Nitidulidae,Cryptarchinae,Glischrochilus,Glischrochilus sanguinolentus,Glischrochilus sanguinolentus,,2,,
5/29/24,NH,P,I,P3-I,Insecta,Coleoptera,Oedemeridae,Oedemerinae,Ischnomera,Ischnomera ruficollis,Ischnomera ruficollis,,1,,
5/29/24,NH,P,I,P3-I,Insecta,Coleoptera,Ptinidae,Anobiinae,Hadrobregmus,Hadrobregmus notatus,Hadrobregmus notatus,,1,,
5/29/24,NH,P,I,P3-I,Insecta,Coleoptera,Scarabaeidae,Scarabaeinae,Onthophagus,Onthophagus orpheus,Onthophagus orpheus,,1,,
5/29/24,NH,P,I,P3-I,Insecta,Coleoptera,Staphylinidae,Aleocharinae,,,Aleocharinae gen. sp.,,5,,
5/29/24,NH,P,I,P3-I,Insecta,Coleoptera,Staphylinidae,Scydmaeninae,,,Scydmaeninae gen. sp.,,1,,
5/29/24,NH,P,I,P3-I,Insecta,Coleoptera,Staphylinidae,Staphylininae,,,Staphylinine gen. sp.,,1,,
5/29/24,NH,P,I,P3-I,Insecta,Coleoptera,Staphylinidae,Tachyporinae,Sepedophilus,,Sepedophilus sp.,,3,,
5/29/24,NH,P,I,P3-I,Insecta,Coleoptera,Tenebrionidae,Diaperinae,Corticeus,Corticeus parallelus,Corticeus parallelus,,1,,
5/29/24,NH,P,I,P3-I,Insecta,Coleoptera,Thanerocleridae,Zenodosinae,Zenodosus,Zenodosus sanguineus,Zenodosus sanguineus,,3,,
5/29/24,NH,P,I,P3-I,Insecta,Coleoptera,Throscidae,NoSubfamily_Throscidae,Trixagus,Trixagus chevrolati,Trixagus chevrolati,,1,,
5/29/24,NH,P,I,P3-I,Insecta,Coleoptera,Trogossitidae,Trogossitinae,Tenebroides,Tenebroides corticalis,Tenebroides corticalis,,4,,
5/29/24,NH,P,I,P3-I,Insecta,Hymenoptera,Apidae,Apinae,Bombus,,Bombus sp.,,1,,
5/29/24,NH,P,I,P3-I,Insecta,Hymenoptera,Xyelidae,,,,Xyelid sawfly,,3,,
5/29/24,NH,P,I,P3-I,Insecta,Hymenoptera,,,,,Parasitic Wasp,,1,,
5/29/24,NH,P,I,P3-I,Insecta,Lepidoptera,,,,,Caterpillar,2,2,,
5/29/24,NH,P,I,P3-I,Insecta,Lepidoptera,,,,,Moth,3,5,,
6/12/24,NH,C,E,C1-E,Insecta,Blattodea,,,,,Cockroach,,1,,
6/12/24,NH,C,E,C1-E,Insecta,Coleoptera,Anamorphidae,NoSubfamily_Anamorphidae,Symbiotes,,Symbiotes sp.,,1,,
6/12/24,NH,C,E,C1-E,Insecta,Coleoptera,Cantharidae,Malthininae,Malthodes,,Malthodes sp.,,2,,
6/12/24,NH,C,E,C1-E,Insecta,Coleoptera,Carabidae,Trechinae,Mioptachys,Mioptachys flavicauda,Mioptachys flavicauda,,1,,
6/12/24,NH,C,E,C1-E,Insecta,Coleoptera,Cerambycidae,Cerambycinae,Neoclytus,Neoclytus acuminatus,Neoclytus acuminatus,,3,,
6/12/24,NH,C,E,C1-E,Insecta,Coleoptera,Cerambycidae,Lepturinae,Strangalepta,Strangalepta abbreviata,Strangalepta abbreviata,,1,,
6/12/24,NH,C,E,C1-E,Insecta,Coleoptera,Cleridae,Clerinae,Enoclerus,Enoclerus nigripes,Enoclerus nigripes,,1,,
6/12/24,NH,C,E,C1-E,Insecta,Coleoptera,Corylophidae,Corylophinae,Orthoperus,Orthoperus scutellaris,Orthoperus scutellaris,,2,,
6/12/24,NH,C,E,C1-E,Insecta,Coleoptera,Curculionidae,Scolytinae,Anisandrus,Anisandrus sayi,Anisandrus sayi,,8,,
6/12/24,NH,C,E,C1-E,Insecta,Coleoptera,Curculionidae,Scolytinae,Heteroborips,Heteroborips seriatus,Heteroborips seriatus,,9,,
6/12/24,NH,C,E,C1-E,Insecta,Coleoptera,Curculionidae,Scolytinae,Monarthrum,Monarthrum fasciatum,Monarthrum fasciatum,,1,,
6/12/24,NH,C,E,C1-E,Insecta,Coleoptera,Curculionidae,Scolytinae,Monarthrum,Monarthrum mali,Monarthrum mali,,1,,
6/12/24,NH,C,E,C1-E,Insecta,Coleoptera,Curculionidae,Scolytinae,Xylosandrus,Xylosandrus germanus,Xylosandrus germanus,,1,,
6/12/24,NH,C,E,C1-E,Insecta,Coleoptera,Elateridae,Agrypninae,Lacon,Lacon discoideus,Lacon discoideus,,1,,
6/12/24,NH,C,E,C1-E,Insecta,Coleoptera,Elateridae,Dendrometrinae,Limonius,Limonius basilaris,Limonius basilaris,,4,,
6/12/24,NH,C,E,C1-E,Insecta,Coleoptera,Elateridae,Elaterinae,Ampedus,Ampedus semicinctus,Ampedus semicinctus,,1,,
6/12/24,NH,C,E,C1-E,Insecta,Coleoptera,Eucnemidae,Dromaeolinae,Isarthrus,Isarthrus calceatus,Isarthrus calceatus,,1,,
6/12/24,NH,C,E,C1-E,Insecta,Coleoptera,Eucnemidae,Melasinae,Isorhipis,Isorhipis obliqua,Isorhipis obliqua,,1,,
6/12/24,NH,C,E,C1-E,Insecta,Coleoptera,Lampyridae,Lampyrinae,Ellychnia,Ellychnia corrusca,Ellychnia corrusca,,2,,
6/12/24,NH,C,E,C1-E,Insecta,Coleoptera,Latridiidae,Corticariinae,Melanophthalma,,Melanophthalma sp.,,19,,
6/12/24,NH,C,E,C1-E,Insecta,Coleoptera,Nitidulidae,Cryptarchinae,Glischrochilus,Glischrochilus fasciatus,Glischrochilus fasciatus,,1,,
6/12/24,NH,C,E,C1-E,Insecta,Coleoptera,Ptinidae,Anobiinae,Hadrobregmus,Hadrobregmus notatus,Hadrobregmus notatus,,1,,
6/12/24,NH,C,E,C1-E,Insecta,Coleoptera,Scarabaeidae,Melolonthinae,Dichelonyx,Dichelonyx canadensis,Dichelonyx canadensis,,1,,
6/12/24,NH,C,E,C1-E,Insecta,Coleoptera,Silvanidae,Brontinae,Dendrophagus,Dendrophagus cygnaei,Dendrophagus cygnaei,,1,,
6/12/24,NH,C,E,C1-E,Insecta,Coleoptera,Sphindidae,Sphindinae,Sphindus,Sphindus americanus,Sphindus americanus,,1,,
6/12/24,NH,C,E,C1-E,Insecta,Coleoptera,Staphylinidae,Mycetoporinae,Carphacis,Carphacis effrenatus,Carphacis effrenatus,,1,,
6/12/24,NH,C,E,C1-E,Insecta,Coleoptera,Staphylinidae,Silphinae,Nicrophorus,Nicrophorus orbicollis,Nicrophorus orbicollis,,1,,
6/12/24,NH,C,E,C1-E,Insecta,Coleoptera,Staphylinidae,Tachyporinae,Sepedophilus,,Sepedophilus sp.,,1,,
6/12/24,NH,C,E,C1-E,Insecta,Coleoptera,Thanerocleridae,Zenodosinae,Zenodosus,Zenodosus sanguineus,Zenodosus sanguineus,,1,,
6/12/24,NH,C,E,C1-E,Insecta,Coleoptera,Throscidae,NoSubfamily_Throscidae,Aulonothroscus,,Aulonothroscus sp.,,13,,
6/12/24,NH,C,E,C1-E,Insecta,Coleoptera,Trogossitidae,Trogossitinae,Tenebroides,Tenebroides corticalis,Tenebroides corticalis,,1,,
6/12/24,NH,C,E,C1-E,Insecta,Hemiptera,Cicadellidae,,,,Leafhopper,,1,,
6/12/24,NH,C,E,C1-E,Insecta,Hymenoptera,Apidae,,,,Bee,,1,,
6/12/24,NH,C,E,C1-E,Insecta,Hymenoptera,,,,,Parasitic Wasp,,1,,
6/12/24,NH,C,E,C1-E,Insecta,Lepidoptera,,,,,Caterpillar,,1,,
6/12/24,NH,C,EA,C2-EA,Insecta,Coleoptera,Carabidae,Harpalinae,Cymindis,Cymindis limbata,Cymindis limbata,,1,,
6/12/24,NH,C,EA,C2-EA,Insecta,Coleoptera,Carabidae,Harpalinae,Perigona,Perigona pallipennis,Perigona pallipennis,,1,y,"Rare, new state record"
6/12/24,NH,C,EA,C2-EA,Insecta,Coleoptera,Carabidae,Trechinae,Mioptachys,Mioptachys flavicauda,Mioptachys flavicauda,,3,,
6/12/24,NH,C,EA,C2-EA,Insecta,Coleoptera,Cerambycidae,Cerambycinae,Cyrtophorus,Cyrtophorus verrucosus,Cyrtophorus verrucosus,,1,,
6/12/24,NH,C,EA,C2-EA,Insecta,Coleoptera,Cerambycidae,Spondylidinae,Asemum,Asemum striatum,Asemum striatum,,3,,
6/12/24,NH,C,EA,C2-EA,Insecta,Coleoptera,Cerylonidae,Ceryloninae,Cerylon,Cerylon unicolor,Cerylon unicolor,,1,,
6/12/24,NH,C,EA,C2-EA,Insecta,Coleoptera,Corylophidae,Corylophinae,Clypastraea,Clypastraea lunata,Clypastraea lunata,,1,,
6/12/24,NH,C,EA,C2-EA,Insecta,Coleoptera,Corylophidae,Corylophinae,Orthoperus,Orthoperus scutellaris,Orthoperus scutellaris,,2,,
6/12/24,NH,C,EA,C2-EA,Insecta,Coleoptera,Curculionidae,Cossoninae,Himatium,Himatium errans,Himatium errans,,2,,
6/12/24,NH,C,EA,C2-EA,Insecta,Coleoptera,Curculionidae,Molytinae,Hylobius,Hylobius pales,Hylobius pales,,1,,
6/12/24,NH,C,EA,C2-EA,Insecta,Coleoptera,Curculionidae,Scolytinae,Anisandrus,Anisandrus sayi,Anisandrus sayi,,1,,
6/12/24,NH,C,EA,C2-EA,Insecta,Coleoptera,Curculionidae,Scolytinae,Dryocoetes,Dryocoetes autographus,Dryocoetes autographus,,24,,
6/12/24,NH,C,EA,C2-EA,Insecta,Coleoptera,Curculionidae,Scolytinae,Hylurgops,Hylurgops pinifex,Hylurgops pinifex,,1,,
6/12/24,NH,C,EA,C2-EA,Insecta,Coleoptera,Elateridae,Agrypninae,Lacon,Lacon discoideus,Lacon discoideus,,1,,
6/12/24,NH,C,EA,C2-EA,Insecta,Coleoptera,Elateridae,Elaterinae,Melanotus,Melanotus hyslopi,Melanotus hyslopi,,2,,
6/12/24,NH,C,EA,C2-EA,Insecta,Coleoptera,Endomychidae,Leiestinae,Phymaphora,Phymaphora pulchella,Phymaphora pulchella,,2,,
6/12/24,NH,C,EA,C2-EA,Insecta,Coleoptera,Histeridae,Dendrophilinae,Paromalus,Paromalus teres,Paromalus teres,,1,,
6/12/24,NH,C,EA,C2-EA,Insecta,Coleoptera,Hydrophilidae,Enochrinae,Enochrus,,Enochrus sp.,,1,,
6/12/24,NH,C,EA,C2-EA,Insecta,Coleoptera,Laemophloeidae,NoSubfamily_Laemophloeidae,Leptophloeus,Leptophloeus angustulus,Leptophloeus angustulus,,1,,
6/12/24,NH,C,EA,C2-EA,Insecta,Coleoptera,Latridiidae,Corticariinae,Melanophthalma,,Melanophthalma sp.,,19,,
6/12/24,NH,C,EA,C2-EA,Insecta,Coleoptera,Melandryidae,Melandryinae,Enchodes,Enchodes sericea,Enchodes sericea,,1,,
6/12/24,NH,C,EA,C2-EA,Insecta,Coleoptera,Melandryidae,Melandryinae,Serropalpus,Serropalpus substriatus,Serropalpus substriatus,,1,,
6/12/24,NH,C,EA,C2-EA,Insecta,Coleoptera,Staphylinidae,Omaliinae,Phloeonomus,Phloeonomus laesicollis,Phloeonomus laesicollis,,1,,
6/12/24,NH,C,EA,C2-EA,Insecta,Coleoptera,Staphylinidae,Osoriinae,Thoracophorus,Thoracophorus costalis,Thoracophorus costalis,,1,,
6/12/24,NH,C,EA,C2-EA,Insecta,Coleoptera,Staphylinidae,Staphylininae,Belonuchus,Belonuchus rufipennis,Belonuchus rufipennis,,1,,
6/12/24,NH,C,EA,C2-EA,Insecta,Coleoptera,Staphylinidae,Staphylininae,Hesperus,Hesperus apicialis,Hesperus apicialis,,1,,
6/12/24,NH,C,EA,C2-EA,Insecta,Coleoptera,Staphylinidae,Tachyporinae,Sepedophilus,,Sepedophilus sp.,,1,,
6/12/24,NH,C,EA,C2-EA,Insecta,Coleoptera,Thanerocleridae,Zenodosinae,Zenodosus,Zenodosus sanguineus,Zenodosus sanguineus,,3,,
6/12/24,NH,C,EA,C2-EA,Insecta,Coleoptera,Thymalidae,NoSubfamily_Thymalidae,Thymalus,Thymalus marginicollis,Thymalus marginicollis,,1,,
6/12/24,NH,C,EA,C2-EA,Insecta,Coleoptera,Trogossitidae,Trogossitinae,Tenebroides,Tenebroides corticalis,Tenebroides corticalis,,2,,
6/12/24,NH,C,EA,C2-EA,Insecta,Hymenoptera,Pompilidae,,,,Spider Wasp,,1,,
6/12/24,NH,C,EA,C2-EA,Insecta,Hymenoptera,,,,,Parasitic Wasp,,1,,
6/12/24,NH,C,EA,C2-EA,Insecta,Lepidoptera,,,,,Moth,,1,,
6/12/24,NH,C,I,C3-I,Arachnida,Araneae,,,,,Spider,2,2,,
6/12/24,NH,C,I,C3-I,Insecta,Coleoptera,Cantharidae,Cantharinae,Rhagonycha,,Rhagonycha sp.,,1,,
6/12/24,NH,C,I,C3-I,Insecta,Coleoptera,Cantharidae,Malthininae,Malthodes,,Malthodes sp.,,1,,
6/12/24,NH,C,I,C3-I,Insecta,Coleoptera,Carabidae,Trechinae,Mioptachys,Mioptachys flavicauda,Mioptachys flavicauda,,1,,
6/12/24,NH,C,I,C3-I,Insecta,Coleoptera,Chrysomelidae,Eumolpinae,Glyptoscelis,Glyptoscelis pubescens,Glyptoscelis pubescens,,1,,
6/12/24,NH,C,I,C3-I,Insecta,Coleoptera,Corylophidae,Corylophinae,Orthoperus,Orthoperus scutellaris,Orthoperus scutellaris,,10,,
6/12/24,NH,C,I,C3-I,Insecta,Coleoptera,Curculionidae,Scolytinae,Xyleborus,Xyleborus xylographus,Xyleborus xylographus,,1,,
6/12/24,NH,C,I,C3-I,Insecta,Coleoptera,Dytiscidae,Dytiscinae,Acilius,Acilius mediatus,Acilius mediatus,,1,,
6/12/24,NH,C,I,C3-I,Insecta,Coleoptera,Elateridae,Dendrometrinae,Limonius,Limonius basilaris,Limonius basilaris,,2,,
6/12/24,NH,C,I,C3-I,Insecta,Coleoptera,Elateridae,Elaterinae,Melanotus,Melanotus hyslopi,Melanotus hyslopi,,4,,
6/12/24,NH,C,I,C3-I,Insecta,Coleoptera,Endomychidae,Leiestinae,Rhanidea,Rhanidea unicolor,Rhanidea unicolor,,1,,
6/12/24,NH,C,I,C3-I,Insecta,Coleoptera,Eucnemidae,Melasinae,Isorhipis,Isorhipis obliqua,Isorhipis obliqua,,1,,
6/12/24,NH,C,I,C3-I,Insecta,Coleoptera,Hydrophilidae,Enochrinae,Cymbiodyta,,Cymbiodyta sp.,,1,,
6/12/24,NH,C,I,C3-I,Insecta,Coleoptera,Laemophloeidae,NoSubfamily_Laemophloeidae,Laemophloeus,Laemophloeus fasciatus,Laemophloeus fasciatus,,1,,
6/12/24,NH,C,I,C3-I,Insecta,Coleoptera,Lampyridae,Lampyrinae,Ellychnia,Ellychnia corrusca,Ellychnia corrusca,,2,,
6/12/24,NH,C,I,C3-I,Insecta,Coleoptera,Latridiidae,Corticariinae,Melanophthalma,,Melanophthalma sp.,,21,,
6/12/24,NH,C,I,C3-I,Insecta,Coleoptera,Latridiidae,Latridiinae,Enicmus,Enicmus tenuicornis,Enicmus tenuicornis,,1,,
6/12/24,NH,C,I,C3-I,Insecta,Coleoptera,Lophocateridae,NoSubfamily_Lophocateridae,Grynocharis,Grynocharis quadrilineata,Grynocharis quadrilineata,,1,,
6/12/24,NH,C,I,C3-I,Insecta,Coleoptera,Ptinidae,Anobiinae,Hadrobregmus,Hadrobregmus notatus,Hadrobregmus notatus,,1,,
6/12/24,NH,C,I,C3-I,Insecta,Coleoptera,Ptinidae,Ptilininae,Ptilinus,Ptilinus ruficornis,Ptilinus ruficornis,,1,,
6/12/24,NH,C,I,C3-I,Insecta,Coleoptera,Scarabaeidae,Melolonthinae,Serica,Serica georgiana,Serica georgiana,,1,,
6/12/24,NH,C,I,C3-I,Insecta,Coleoptera,Scirtidae,Scirtinae,Contacyphon,,Contacyphon sp.,,1,,
6/12/24,NH,C,I,C3-I,Insecta,Coleoptera,Staphylinidae,Aleocharinae,,,Aleocharinae gen. sp.,,1,,
6/12/24,NH,C,I,C3-I,Insecta,Coleoptera,Staphylinidae,Pselaphinae,,,Pselaphinae gen. sp.,,1,,
6/12/24,NH,C,I,C3-I,Insecta,Coleoptera,Staphylinidae,Staphylininae,Hesperus,Hesperus apicialis,Hesperus apicialis,,1,,
6/12/24,NH,C,I,C3-I,Insecta,Coleoptera,Thanerocleridae,Zenodosinae,Zenodosus,Zenodosus sanguineus,Zenodosus sanguineus,,2,,
6/12/24,NH,C,I,C3-I,Insecta,Coleoptera,Throscidae,NoSubfamily_Throscidae,Trixagus,Trixagus carinicollis,Trixagus carinicollis,,1,,
6/12/24,NH,C,I,C3-I,Insecta,Hymenoptera,,,,,Parasitic Wasp,,1,,
6/12/24,NH,C,I,C3-I,Insecta,Lepidoptera,,,,,Caterpillar,,1,,
6/12/24,NH,C,I,C3-I,Insecta,Lepidoptera,,,,,Caterpillar,,1,,
6/12/24,NH,C,I,C3-I,Insecta,Lepidoptera,,,,,Moth,,1,,
6/12/24,NH,D,E,D1-E,Arachnida,Araneae,,,,,Spider,,1,,
6/12/24,NH,D,E,D1-E,Insecta,Coleoptera,Aderidae,NoSubfamily_Aderidae,Syzeton,Syzeton subfasciatus,Syzeton subfasciatus,,1,,
6/12/24,NH,D,E,D1-E,Insecta,Coleoptera,Cerambycidae,Cerambycinae,Clytus,Clytus ruricola,Clytus ruricola,,1,,
6/12/24,NH,D,E,D1-E,Insecta,Coleoptera,Cleridae,Clerinae,Enoclerus,Enoclerus nigripes,Enoclerus nigripes,,6,,
6/12/24,NH,D,E,D1-E,Insecta,Coleoptera,Curculionidae,Scolytinae,Anisandrus,Anisandrus sayi,Anisandrus sayi,,7,,
6/12/24,NH,D,E,D1-E,Insecta,Coleoptera,Curculionidae,Scolytinae,Crypturgus,Crypturgus alutaceus,Crypturgus alutaceus,,1,,
6/12/24,NH,D,E,D1-E,Insecta,Coleoptera,Curculionidae,Scolytinae,Monarthrum,Monarthrum mali,Monarthrum mali,,1,,
6/12/24,NH,D,E,D1-E,Insecta,Coleoptera,Curculionidae,Scolytinae,Orthotomicus,Orthotomicus caelatus,Orthotomicus caelatus,,1,,
6/12/24,NH,D,E,D1-E,Insecta,Coleoptera,Curculionidae,Scolytinae,Xylosandrus,Xylosandrus germanus,Xylosandrus germanus,,10,,
6/12/24,NH,D,E,D1-E,Insecta,Coleoptera,Elateridae,Elaterinae,Ampedus,Ampedus semicinctus,Ampedus semicinctus,,1,,
6/12/24,NH,D,E,D1-E,Insecta,Coleoptera,Elateridae,Elaterinae,Melanotus,Melanotus hyslopi,Melanotus hyslopi,,2,,
6/12/24,NH,D,E,D1-E,Insecta,Coleoptera,Histeridae,Histerinae,Platysoma,Platysoma leconti,Platysoma leconti,,1,,
6/12/24,NH,D,E,D1-E,Insecta,Coleoptera,Lampyridae,Lampyrinae,Ellychnia,Ellychnia corrusca,Ellychnia corrusca,,1,,
6/12/24,NH,D,E,D1-E,Insecta,Coleoptera,Latridiidae,Corticariinae,Melanophthalma,,Melanophthalma sp.,,20,,
6/12/24,NH,D,E,D1-E,Insecta,Coleoptera,Nitidulidae,Cryptarchinae,Glischrochilus,Glischrochilus sanguinolentus,Glischrochilus sanguinolentus,,1,,
6/12/24,NH,D,E,D1-E,Insecta,Coleoptera,Ptinidae,Anobiinae,Hadrobregmus,Hadrobregmus notatus,Hadrobregmus notatus,,1,,
6/12/24,NH,D,E,D1-E,Insecta,Coleoptera,Scarabaeidae,Melolonthinae,Dichelonyx,Dichelonyx canadensis,Dichelonyx canadensis,,1,,
6/12/24,NH,D,E,D1-E,Insecta,Coleoptera,Scarabaeidae,Melolonthinae,Phyllophaga,Phyllophaga longispina,Phyllophaga longispina,,1,,
6/12/24,NH,D,E,D1-E,Insecta,Coleoptera,Staphylinidae,Scydmaeninae,,,Scydmaeninae gen. sp.,,1,,
6/12/24,NH,D,E,D1-E,Insecta,Coleoptera,Staphylinidae,Tachyporinae,Sepedophilus,,Sepedophilus sp.,,2,,
6/12/24,NH,D,E,D1-E,Insecta,Coleoptera,Trogossitidae,Trogossitinae,Tenebroides,Tenebroides corticalis,Tenebroides corticalis,,2,,
6/12/24,NH,D,E,D1-E,Insecta,Hymenoptera,,,,,Parasitic Wasp,,1,,
6/12/24,NH,D,E,D1-E,Insecta,Lepidoptera,,,,,Moth,,1,,
6/12/24,NH,D,EA,D2-EA,Arachnida,Araneae,,,,,Spider,2,3,,
6/12/24,NH,D,EA,D2-EA,Insecta,Coleoptera,Bostrichidae,Bostrichinae,Xylobiops,Xylobiops basilaris,Xylobiops basilaris,,1,,
6/12/24,NH,D,EA,D2-EA,Insecta,Coleoptera,Cerambycidae,Cerambycinae,Neoclytus,Neoclytus acuminatus,Neoclytus acuminatus,,2,,
6/12/24,NH,D,EA,D2-EA,Insecta,Coleoptera,Cerambycidae,Lepturinae,Rhagium,Rhagium inquisitor,Rhagium inquisitor,,1,,
6/12/24,NH,D,EA,D2-EA,Insecta,Coleoptera,Cerambycidae,Spondylidinae,Asemum,Asemum striatum,Asemum striatum,,10,,
6/12/24,NH,D,EA,D2-EA,Insecta,Coleoptera,Cerambycidae,Spondylidinae,Tetropium,Tetropium schwarzianum,Tetropium schwarzianum,,2,,
6/12/24,NH,D,EA,D2-EA,Insecta,Coleoptera,Cleridae,Clerinae,Enoclerus,Enoclerus nigripes,Enoclerus nigripes,,13,,
6/12/24,NH,D,EA,D2-EA,Insecta,Coleoptera,Cleridae,Clerinae,Thanasimus,Thanasimus dubius,Thanasimus dubius,,2,,
6/12/24,NH,D,EA,D2-EA,Insecta,Coleoptera,Curculionidae,Cossoninae,Himatium,Himatium errans,Himatium errans,,1,,
6/12/24,NH,D,EA,D2-EA,Insecta,Coleoptera,Curculionidae,Molytinae,Hylobius,Hylobius pales,Hylobius pales,,2,,
6/12/24,NH,D,EA,D2-EA,Insecta,Coleoptera,Curculionidae,Molytinae,Pissodes,Pissodes affinis,Pissodes affinis,,4,,
6/12/24,NH,D,EA,D2-EA,Insecta,Coleoptera,Curculionidae,Molytinae,Pissodes,Pissodes strobi,Pissodes strobi,,2,,
6/12/24,NH,D,EA,D2-EA,Insecta,Coleoptera,Curculionidae,Scolytinae,Anisandrus,Anisandrus sayi,Anisandrus sayi,,1,,
6/12/24,NH,D,EA,D2-EA,Insecta,Coleoptera,Curculionidae,Scolytinae,Dryocoetes,Dryocoetes autographus,Dryocoetes autographus,,3,,
6/12/24,NH,D,EA,D2-EA,Insecta,Coleoptera,Curculionidae,Scolytinae,Hylurgops,Hylurgops pinifex,Hylurgops pinifex,,17,,
6/12/24,NH,D,EA,D2-EA,Insecta,Coleoptera,Curculionidae,Scolytinae,Ips,Ips grandicollis,Ips grandicollis,,5,,
6/12/24,NH,D,EA,D2-EA,Insecta,Coleoptera,Curculionidae,Scolytinae,Monarthrum,Monarthrum mali,Monarthrum mali,,2,,
6/12/24,NH,D,EA,D2-EA,Insecta,Coleoptera,Curculionidae,Scolytinae,Orthotomicus,Orthotomicus caelatus,Orthotomicus caelatus,,10,,
6/12/24,NH,D,EA,D2-EA,Insecta,Coleoptera,Curculionidae,Scolytinae,Xylosandrus,Xylosandrus germanus,Xylosandrus germanus,,25,,
6/12/24,NH,D,EA,D2-EA,Insecta,Coleoptera,Elateridae,Elaterinae,Melanotus,Melanotus castanipes,Melanotus castanipes,,2,,
6/12/24,NH,D,EA,D2-EA,Insecta,Coleoptera,Elateridae,Elaterinae,Melanotus,Melanotus hyslopi,Melanotus hyslopi,,1,,
6/12/24,NH,D,EA,D2-EA,Insecta,Coleoptera,Endomychidae,Leiestinae,Phymaphora,Phymaphora pulchella,Phymaphora pulchella,,1,,
6/12/24,NH,D,EA,D2-EA,Insecta,Coleoptera,Eucnemidae,Dromaeolinae,Isarthrus,Isarthrus calceatus,Isarthrus calceatus,,1,,
6/12/24,NH,D,EA,D2-EA,Insecta,Coleoptera,Histeridae,Dendrophilinae,Paromalus,Paromalus teres,Paromalus teres,,1,,
6/12/24,NH,D,EA,D2-EA,Insecta,Coleoptera,Latridiidae,Corticariinae,Melanophthalma,,Melanophthalma sp.,,11,,
6/12/24,NH,D,EA,D2-EA,Insecta,Coleoptera,Leiodidae,Cholevinae,Nemadus,Nemadus triangulum,Nemadus triangulum,,1,,
6/12/24,NH,D,EA,D2-EA,Insecta,Coleoptera,Nitidulidae,Cryptarchinae,Glischrochilus,Glischrochilus sanguinolentus,Glischrochilus sanguinolentus,,1,,
6/12/24,NH,D,EA,D2-EA,Insecta,Coleoptera,Scarabaeidae,Melolonthinae,Dichelonyx,Dichelonyx canadensis,Dichelonyx canadensis,,1,,
6/12/24,NH,D,EA,D2-EA,Insecta,Coleoptera,Scarabaeidae,Melolonthinae,Serica,Serica georgiana,Serica georgiana,,1,,
6/12/24,NH,D,EA,D2-EA,Insecta,Coleoptera,Staphylinidae,Aleocharinae,,,Aleocharinae gen. sp.,,1,,
6/12/24,NH,D,EA,D2-EA,Insecta,Coleoptera,Staphylinidae,Omaliinae,Phloeonomus,Phloeonomus laesicollis,Phloeonomus laesicollis,,2,,
6/12/24,NH,D,EA,D2-EA,Insecta,Coleoptera,Staphylinidae,Staphylininae,Hesperus,Hesperus apicialis,Hesperus apicialis,,1,,
6/12/24,NH,D,EA,D2-EA,Insecta,Coleoptera,Staphylinidae,Staphylininae,Laetulonthus,Laetulonthus laetulus,Laetulonthus laetulus,,1,,
6/12/24,NH,D,EA,D2-EA,Insecta,Coleoptera,Zopheridae,Colydiinae,Namunaria,Namunaria guttulata,Namunaria guttulata,,1,,
6/12/24,NH,D,EA,D2-EA,Insecta,Hymenoptera,,,,,Parasitic Wasp,2,2,,
6/12/24,NH,D,EA,D2-EA,Insecta,Lepidoptera,,,,,Caterpillar,,1,,
6/12/24,NH,D,EA,D2-EA,Insecta,Lepidoptera,,,,,Moth,3,3,,
6/12/24,NH,D,EA,D2-EA,Insecta,Trichoptera,,,,,Caddisfly,,2,,
6/12/24,NH,D,I,D3-I,Arachnida,Araneae,,,,,Spider,,1,,
6/12/24,NH,D,I,D3-I,Insecta,Coleoptera,Aderidae,NoSubfamily_Aderidae,Syzeton,Syzeton subfasciatus,Syzeton subfasciatus,,1,,
6/12/24,NH,D,I,D3-I,Insecta,Coleoptera,Cerylonidae,Ceryloninae,Cerylon,Cerylon castaneum,Cerylon castaneum,,1,,
6/12/24,NH,D,I,D3-I,Insecta,Coleoptera,Ciidae,Ciinae,Orthocis,Orthocis punctatus,Orthocis punctatus,,1,,
6/12/24,NH,D,I,D3-I,Insecta,Coleoptera,Cleridae,Clerinae,Enoclerus,Enoclerus nigripes,Enoclerus nigripes,,1,,
6/12/24,NH,D,I,D3-I,Insecta,Coleoptera,Cleridae,Clerinae,Thanasimus,Thanasimus dubius,Thanasimus dubius,,1,,
6/12/24,NH,D,I,D3-I,Insecta,Coleoptera,Corylophidae,Corylophinae,Orthoperus,Orthoperus scutellaris,Orthoperus scutellaris,,1,,
6/12/24,NH,D,I,D3-I,Insecta,Coleoptera,Curculionidae,Scolytinae,Xylosandrus,Xylosandrus germanus,Xylosandrus germanus,,1,,
6/12/24,NH,D,I,D3-I,Insecta,Coleoptera,Hydrophilidae,Enochrinae,Cymbiodyta,,Cymbiodyta sp.,,2,,
6/12/24,NH,D,I,D3-I,Insecta,Coleoptera,Latridiidae,Corticariinae,Melanophthalma,,Melanophthalma sp.,,17,,
6/12/24,NH,D,I,D3-I,Insecta,Coleoptera,Latridiidae,Latridiinae,Enicmus,Enicmus tenuicornis,Enicmus tenuicornis,,1,,
6/12/24,NH,D,I,D3-I,Insecta,Coleoptera,Leiodidae,Leiodinae,Agathidium,,Agathidium sp.,,1,,
6/12/24,NH,D,I,D3-I,Insecta,Coleoptera,Melandryidae,Melandryinae,Melandrya,Melandrya striata,Melandrya striata,,1,,
6/12/24,NH,D,I,D3-I,Insecta,Coleoptera,Nitidulidae,Cryptarchinae,Glischrochilus,Glischrochilus sanguinolentus,Glischrochilus sanguinolentus,,1,,
6/12/24,NH,D,I,D3-I,Insecta,Coleoptera,Scirtidae,Scirtinae,Contacyphon,,Contacyphon sp.,,2,,
6/12/24,NH,D,I,D3-I,Insecta,Coleoptera,Staphylinidae,Omaliinae,Lesteva,Lesteva pallipes,Lesteva pallipes,,6,,
6/12/24,NH,D,I,D3-I,Insecta,Coleoptera,Staphylinidae,Silphinae,Nicrophorus,Nicrophorus orbicollis,Nicrophorus orbicollis,,1,,
6/12/24,NH,D,I,D3-I,Insecta,Coleoptera,Trogossitidae,Trogossitinae,Tenebroides,Tenebroides corticalis,Tenebroides corticalis,,1,,
6/12/24,NH,D,I,D3-I,Insecta,Hymenoptera,,,,,Parasitic Wasp,,1,,
6/12/24,NH,D,I,D3-I,Insecta,Lepidoptera,,,,,Caterpillar,,1,,
6/12/24,NH,D,I,D3-I,Insecta,Trichoptera,,,,,Caddisfly,,3,,
6/12/24,NH,M,E,M1-E,Arachnida,Araneae,,,,,Spider,,1,,
6/12/24,NH,M,E,M1-E,Insecta,Coleoptera,Carabidae,Harpalinae,Acupalpus,,Acupalpus sp.,,1,,
6/12/24,NH,M,E,M1-E,Insecta,Coleoptera,Cerambycidae,Cerambycinae,Xylotrechus,Xylotrechus colonus,Xylotrechus colonus,,1,,
6/12/24,NH,M,E,M1-E,Insecta,Coleoptera,Ciidae,Ciinae,Cis,Cis creberrimus,Cis creberrimus,,1,,
6/12/24,NH,M,E,M1-E,Insecta,Coleoptera,Cleridae,Clerinae,Enoclerus,Enoclerus nigripes,Enoclerus nigripes,,4,,
6/12/24,NH,M,E,M1-E,Insecta,Coleoptera,Curculionidae,Curculioninae,Pseudanthonomus,Pseudanthonomus rufulus,Pseudanthonomus rufulus,,1,,
6/12/24,NH,M,E,M1-E,Insecta,Coleoptera,Curculionidae,Scolytinae,Anisandrus,Anisandrus sayi,Anisandrus sayi,,4,,
6/12/24,NH,M,E,M1-E,Insecta,Coleoptera,Curculionidae,Scolytinae,Gnathotrichus,Gnathotrichus materiarius,Gnathotrichus materiarius,,1,,
6/12/24,NH,M,E,M1-E,Insecta,Coleoptera,Curculionidae,Scolytinae,Pityophthorus,Pityophthorus puberulus,Pityophthorus puberulus,,1,,
6/12/24,NH,M,E,M1-E,Insecta,Coleoptera,Curculionidae,Scolytinae,Xyleborinus,Xyleborinus saxesenii,Xyleborinus saxesenii,,1,,
6/12/24,NH,M,E,M1-E,Insecta,Coleoptera,Elateridae,Cardiophorinae,Cardiophorus,Cardiophorus convexus,Cardiophorus convexus,,1,,
6/12/24,NH,M,E,M1-E,Insecta,Coleoptera,Elateridae,Dendrometrinae,Gambrinus,Gambrinus confusus,Gambrinus confusus,,1,,
6/12/24,NH,M,E,M1-E,Insecta,Coleoptera,Elateridae,Elaterinae,Ampedus,Ampedus laesus,Ampedus laesus,,1,,
6/12/24,NH,M,E,M1-E,Insecta,Coleoptera,Elateridae,Elaterinae,Ampedus,Ampedus semicinctus,Ampedus semicinctus,,1,,
6/12/24,NH,M,E,M1-E,Insecta,Coleoptera,Elateridae,Elaterinae,Melanotus,Melanotus hyslopi,Melanotus hyslopi,,1,,
6/12/24,NH,M,E,M1-E,Insecta,Coleoptera,Eucnemidae,Melasinae,Isorhipis,Isorhipis obliqua,Isorhipis obliqua,,1,,
6/12/24,NH,M,E,M1-E,Insecta,Coleoptera,Histeridae,Abraeinae,Teretrius,Teretrius latebricola,Teretrius latebricola,,1,,
6/12/24,NH,M,E,M1-E,Insecta,Coleoptera,Latridiidae,Corticariinae,Melanophthalma,,Melanophthalma sp.,,29,,
6/12/24,NH,M,E,M1-E,Insecta,Coleoptera,Leiodidae,Leiodinae,Agathidium,,Agathidium sp.,,1,,
6/12/24,NH,M,E,M1-E,Insecta,Coleoptera,Melandryidae,Melandryinae,Melandrya,Melandrya striata,Melandrya striata,,2,,
6/12/24,NH,M,E,M1-E,Insecta,Coleoptera,Mycetophagidae,Mycetophaginae,Litargus,Litargus balteatus,Litargus balteatus,,1,,
6/12/24,NH,M,E,M1-E,Insecta,Coleoptera,Ptinidae,Ptilininae,Ptilinus,Ptilinus ruficornis,Ptilinus ruficornis,,7,,
6/12/24,NH,M,E,M1-E,Insecta,Coleoptera,Staphylinidae,Aleocharinae,,,Aleocharinae gen. sp.,,1,,
6/12/24,NH,M,E,M1-E,Insecta,Coleoptera,Staphylinidae,Staphylininae,Hesperus,Hesperus apicialis,Hesperus apicialis,,2,,
6/12/24,NH,M,E,M1-E,Insecta,Coleoptera,Staphylinidae,Staphylininae,Quedius,Quedius cruentus,Quedius cruentus,,2,,
6/12/24,NH,M,E,M1-E,Insecta,Coleoptera,Staphylinidae,Tachyporinae,Coproporus,,Coproporus sp.,,1,,
6/12/24,NH,M,E,M1-E,Insecta,Coleoptera,Staphylinidae,Tachyporinae,Sepedophilus,,Sepedophilus sp.,2,3,,
6/12/24,NH,M,E,M1-E,Insecta,Coleoptera,Stenotrachelidae,Cephaloinae,Cephaloon,Cephaloon lepturides,Cephaloon lepturides,,1,,
6/12/24,NH,M,E,M1-E,Insecta,Coleoptera,Tenebrionidae,Alleculinae,Mycetochara,Mycetochara fraterna,Mycetochara fraterna,,1,,
6/12/24,NH,M,E,M1-E,Insecta,Coleoptera,Trogossitidae,Trogossitinae,Tenebroides,Tenebroides corticalis,Tenebroides corticalis,,6,,
6/12/24,NH,M,E,M1-E,Insecta,Coleoptera,Zopheridae,Colydiinae,Synchita,Synchita fuliginosa,Synchita fuliginosa,,1,,
6/12/24,NH,M,E,M1-E,Insecta,Hymenoptera,Formicidae,Formicinae,Camponotus,Camponotus pennsylvanicus,Camponotus pennsylvanicus,,1,,
6/12/24,NH,M,E,M1-E,Insecta,Hymenoptera,,,,,Parasitic Wasp,7,7,,
6/12/24,NH,M,E,M1-E,Insecta,Lepidoptera,Nymphalidae,Nymphalinae,Nymphalis,Nymphalis antiopa,Nymphalis antiopa,,1,,wings discarded
6/12/24,NH,M,E,M1-E,Insecta,Lepidoptera,,,,,Caterpillar,,1,,
6/12/24,NH,M,E,M1-E,Insecta,Lepidoptera,,,,,Moth,3,3,,
6/12/24,NH,M,E,M1-E,Insecta,Neuroptera,Hemerobiidae,,,,Brown Lacewing,,1,,
6/12/24,NH,M,EA,M2-EA,Arachnida,Araneae,,,,,Spider,2,2,,
6/12/24,NH,M,EA,M2-EA,Insecta,Blattodea,,,,,Cockroach,,1,,
6/12/24,NH,M,EA,M2-EA,Insecta,Coleoptera,Carabidae,Trechinae,Mioptachys,Mioptachys flavicauda,Mioptachys flavicauda,,1,,
6/12/24,NH,M,EA,M2-EA,Insecta,Coleoptera,Cerambycidae,Cerambycinae,Neoclytus,Neoclytus acuminatus,Neoclytus acuminatus,,3,,
6/12/24,NH,M,EA,M2-EA,Insecta,Coleoptera,Cerambycidae,Lepturinae,Rhagium,Rhagium inquisitor,Rhagium inquisitor,,1,,
6/12/24,NH,M,EA,M2-EA,Insecta,Coleoptera,Cerambycidae,Spondylidinae,Asemum,Asemum striatum,Asemum striatum,,9,,
6/12/24,NH,M,EA,M2-EA,Insecta,Coleoptera,Cerambycidae,Spondylidinae,Tetropium,Tetropium schwarzianum,Tetropium schwarzianum,,1,,
6/12/24,NH,M,EA,M2-EA,Insecta,Coleoptera,Ciidae,Ciinae,Cis,Cis creberrimus,Cis creberrimus,,2,,
6/12/24,NH,M,EA,M2-EA,Insecta,Coleoptera,Cleridae,Clerinae,Enoclerus,Enoclerus nigripes,Enoclerus nigripes,,11,,
6/12/24,NH,M,EA,M2-EA,Insecta,Coleoptera,Curculionidae,Molytinae,Hylobius,Hylobius pales,Hylobius pales,,1,,
6/12/24,NH,M,EA,M2-EA,Insecta,Coleoptera,Curculionidae,Molytinae,Pachylobius,Pachylobius picivorus,Pachylobius picivorus,,1,,
6/12/24,NH,M,EA,M2-EA,Insecta,Coleoptera,Curculionidae,Molytinae,Pissodes,Pissodes affinis,Pissodes affinis,,1,,
6/12/24,NH,M,EA,M2-EA,Insecta,Coleoptera,Curculionidae,Molytinae,Pissodes,Pissodes strobi,Pissodes strobi,,1,,
6/12/24,NH,M,EA,M2-EA,Insecta,Coleoptera,Curculionidae,Scolytinae,Dendroctonus,Dendroctonus valens,Dendroctonus valens,,3,,
6/12/24,NH,M,EA,M2-EA,Insecta,Coleoptera,Curculionidae,Scolytinae,Hylastes,Hylastes porculus,Hylastes porculus,,1,,
6/12/24,NH,M,EA,M2-EA,Insecta,Coleoptera,Curculionidae,Scolytinae,Ips,Ips grandicollis,Ips grandicollis,,2,,
6/12/24,NH,M,EA,M2-EA,Insecta,Coleoptera,Curculionidae,Scolytinae,Pityophthorus,Pityophthorus puberulus,Pityophthorus puberulus,,2,,
6/12/24,NH,M,EA,M2-EA,Insecta,Coleoptera,Curculionidae,Scolytinae,Xylosandrus,Xylosandrus germanus,Xylosandrus germanus,,2,,
6/12/24,NH,M,EA,M2-EA,Insecta,Coleoptera,Dermestidae,Megatominae,Anthrenus,Anthrenus fuscus,Anthrenus fuscus,,1,,
6/12/24,NH,M,EA,M2-EA,Insecta,Coleoptera,Elateridae,Dendrometrinae,Limonius,Limonius basilaris,Limonius basilaris,,1,,
6/12/24,NH,M,EA,M2-EA,Insecta,Coleoptera,Elateridae,Elaterinae,Ampedus,Ampedus melanotoides,Ampedus melanotoides,,1,,
6/12/24,NH,M,EA,M2-EA,Insecta,Coleoptera,Elateridae,Elaterinae,Ampedus,Ampedus militaris,Ampedus militaris,,1,,
6/12/24,NH,M,EA,M2-EA,Insecta,Coleoptera,Elateridae,Elaterinae,Ampedus,Ampedus semicinctus,Ampedus semicinctus,,1,,
6/12/24,NH,M,EA,M2-EA,Insecta,Coleoptera,Elateridae,Elaterinae,Melanotus,Melanotus castanipes,Melanotus castanipes,,1,,
6/12/24,NH,M,EA,M2-EA,Insecta,Coleoptera,Eucnemidae,Dromaeolinae,Isarthrus,Isarthrus calceatus,Isarthrus calceatus,,1,,
6/12/24,NH,M,EA,M2-EA,Insecta,Coleoptera,Eucnemidae,Melasinae,Microrhagus,,Microrhagus sp.,,1,,
6/12/24,NH,M,EA,M2-EA,Insecta,Coleoptera,Histeridae,Dendrophilinae,Paromalus,Paromalus teres,Paromalus teres,,1,,
6/12/24,NH,M,EA,M2-EA,Insecta,Coleoptera,Latridiidae,Corticariinae,Melanophthalma,,Melanophthalma sp.,,36,,
6/12/24,NH,M,EA,M2-EA,Insecta,Coleoptera,Leiodidae,Leiodinae,Agathidium,,Agathidium sp.,,2,,
6/12/24,NH,M,EA,M2-EA,Insecta,Coleoptera,Lophocateridae,NoSubfamily_Lophocateridae,Grynocharis,Grynocharis quadrilineata,Grynocharis quadrilineata,,1,,
6/12/24,NH,M,EA,M2-EA,Insecta,Coleoptera,Passandridae,NoSubfamily_Passandridae,Catogenus,Catogenus rufus,Catogenus rufus,,1,,
6/12/24,NH,M,EA,M2-EA,Insecta,Coleoptera,Ptinidae,Ptilininae,Ptilinus,Ptilinus ruficornis,Ptilinus ruficornis,,2,,
6/12/24,NH,M,EA,M2-EA,Insecta,Coleoptera,Sphindidae,Sphindinae,Sphindus,Sphindus americanus,Sphindus americanus,,1,,
6/12/24,NH,M,EA,M2-EA,Insecta,Coleoptera,Staphylinidae,Staphylininae,Quedius,Quedius cruentus,Quedius cruentus,,2,,
6/12/24,NH,M,EA,M2-EA,Insecta,Coleoptera,Thanerocleridae,Zenodosinae,Zenodosus,Zenodosus sanguineus,Zenodosus sanguineus,,1,,
6/12/24,NH,M,EA,M2-EA,Insecta,Coleoptera,Trogossitidae,Trogossitinae,Tenebroides,Tenebroides corticalis,Tenebroides corticalis,,1,,
6/12/24,NH,M,EA,M2-EA,Insecta,Hymenoptera,Formicidae,Formicinae,Camponotus,Camponotus pennsylvanicus,Camponotus pennsylvanicus,,2,,
6/12/24,NH,M,EA,M2-EA,Insecta,Hymenoptera,,,,,Parasitic Wasp,2,2,,
6/12/24,NH,M,EA,M2-EA,Insecta,Lepidoptera,,,,,Moth,2,2,,
6/12/24,NH,M,I,M3-I,Arachnida,Araneae,,,,,Spider,2,2,,
6/12/24,NH,M,I,M3-I,Insecta,Blattodea,,,,,Cockroach,2,3,,
6/12/24,NH,M,I,M3-I,Insecta,Coleoptera,Aderidae,NoSubfamily_Aderidae,Syzeton,Syzeton fasciatus,Syzeton fasciatus,,2,,
6/12/24,NH,M,I,M3-I,Insecta,Coleoptera,Aderidae,NoSubfamily_Aderidae,Syzeton,Syzeton subfasciatus,Syzeton subfasciatus,,1,,
6/12/24,NH,M,I,M3-I,Insecta,Coleoptera,Brachyceridae,Erirhininae,Tanysphyrus,Tanysphyrus lemnae,Tanysphyrus lemnae,,1,,
6/12/24,NH,M,I,M3-I,Insecta,Coleoptera,Cerambycidae,Cerambycinae,Neoclytus,Neoclytus acuminatus,Neoclytus acuminatus,,2,,
6/12/24,NH,M,I,M3-I,Insecta,Coleoptera,Cerambycidae,Lepturinae,Trachysida,Trachysida mutabilis,Trachysida mutabilis,,2,,
6/12/24,NH,M,I,M3-I,Insecta,Coleoptera,Chrysomelidae,Eumolpinae,Xanthonia,Xanthonia decemnotata,Xanthonia decemnotata,,1,,
6/12/24,NH,M,I,M3-I,Insecta,Coleoptera,Ciidae,Ciinae,Orthocis,Orthocis punctatus,Orthocis punctatus,,1,,
6/12/24,NH,M,I,M3-I,Insecta,Coleoptera,Cleridae,Clerinae,Enoclerus,Enoclerus nigripes,Enoclerus nigripes,,6,,
6/12/24,NH,M,I,M3-I,Insecta,Coleoptera,Cleridae,Clerinae,Thanasimus,Thanasimus dubius,Thanasimus dubius,,2,,
6/12/24,NH,M,I,M3-I,Insecta,Coleoptera,Curculionidae,Scolytinae,Crypturgus,Crypturgus alutaceus,Crypturgus alutaceus,,1,,
6/12/24,NH,M,I,M3-I,Insecta,Coleoptera,Curculionidae,Scolytinae,Monarthrum,Monarthrum mali,Monarthrum mali,,1,,
6/12/24,NH,M,I,M3-I,Insecta,Coleoptera,Curculionidae,Scolytinae,Pityophthorus,Pityophthorus puberulus,Pityophthorus puberulus,,1,,
6/12/24,NH,M,I,M3-I,Insecta,Coleoptera,Elateridae,Agrypninae,Lacon,Lacon discoideus,Lacon discoideus,,1,,
6/12/24,NH,M,I,M3-I,Insecta,Coleoptera,Elateridae,Elaterinae,Ampedus,Ampedus melanotoides,Ampedus melanotoides,,3,,
6/12/24,NH,M,I,M3-I,Insecta,Coleoptera,Elateridae,Elaterinae,Ampedus,Ampedus rubricollis,Ampedus rubricollis,,1,,
6/12/24,NH,M,I,M3-I,Insecta,Coleoptera,Elateridae,Elaterinae,Melanotus,Melanotus hyslopi,Melanotus hyslopi,,1,,
6/12/24,NH,M,I,M3-I,Insecta,Coleoptera,Erotylidae,Erotylinae,Dacne,Dacne quadrimaculata,Dacne quadrimaculata,,1,,
6/12/24,NH,M,I,M3-I,Insecta,Coleoptera,Eucnemidae,Melasinae,Isorhipis,Isorhipis obliqua,Isorhipis obliqua,,1,,
6/12/24,NH,M,I,M3-I,Insecta,Coleoptera,Laemophloeidae,NoSubfamily_Laemophloeidae,Charaphloeus,Charaphloeus convexulus,Charaphloeus convexulus,,2,,
6/12/24,NH,M,I,M3-I,Insecta,Coleoptera,Laemophloeidae,NoSubfamily_Laemophloeidae,Laemophloeus,Laemophloeus fasciatus,Laemophloeus fasciatus,,1,,
6/12/24,NH,M,I,M3-I,Insecta,Coleoptera,Latridiidae,Corticariinae,Melanophthalma,,Melanophthalma sp.,,25,,
6/12/24,NH,M,I,M3-I,Insecta,Coleoptera,Latridiidae,Latridiinae,Enicmus,Enicmus tenuicornis,Enicmus tenuicornis,,2,,
6/12/24,NH,M,I,M3-I,Insecta,Coleoptera,Leiodidae,Leiodinae,Agathidium,,Agathidium sp.,,1,,
6/12/24,NH,M,I,M3-I,Insecta,Coleoptera,Melandryidae,Melandryinae,Melandrya,Melandrya striata,Melandrya striata,,1,,
6/12/24,NH,M,I,M3-I,Insecta,Coleoptera,Nitidulidae,Epuraeinae,Epuraea,,Epuraea sp.,,1,,
6/12/24,NH,M,I,M3-I,Insecta,Coleoptera,Staphylinidae,Aleocharinae,,,Aleocharinae gen. sp.,,1,,
6/12/24,NH,M,I,M3-I,Insecta,Coleoptera,Staphylinidae,Staphylininae,Hesperus,Hesperus apicialis,Hesperus apicialis,,1,,
6/12/24,NH,M,I,M3-I,Insecta,Coleoptera,Staphylinidae,Tachyporinae,Sepedophilus,,Sepedophilus sp.,,2,,
6/12/24,NH,M,I,M3-I,Insecta,Coleoptera,Tenebrionidae,Alleculinae,Capnochroa,Capnochroa fuliginosa,Capnochroa fuliginosa,,1,,
6/12/24,NH,M,I,M3-I,Insecta,Coleoptera,Tenebrionidae,Alleculinae,Mycetochara,Mycetochara fraterna,Mycetochara fraterna,,1,,
6/12/24,NH,M,I,M3-I,Insecta,Coleoptera,Thanerocleridae,Zenodosinae,Zenodosus,Zenodosus sanguineus,Zenodosus sanguineus,,2,,
6/12/24,NH,M,I,M3-I,Insecta,Hemiptera,Pentatomidae,Pentatominae,Menecles,Menecles insertus,Menecles insertus,,1,,
6/12/24,NH,M,I,M3-I,Insecta,Hymenoptera,Formicidae,Formicinae,Camponotus,Camponotus pennsylvanicus,Camponotus pennsylvanicus,,2,,
6/12/24,NH,M,I,M3-I,Insecta,Hymenoptera,,,,,Parasitic Wasp,,1,,
6/12/24,NH,M,I,M3-I,Insecta,Lepidoptera,,,,,Caterpillar,,1,,
6/12/24,NH,P,E,P1-E,Insecta,Coleoptera,Anamorphidae,NoSubfamily_Anamorphidae,Symbiotes,,Symbiotes sp.,,1,,
6/12/24,NH,P,E,P1-E,Insecta,Coleoptera,Cerambycidae,Cerambycinae,Clytus,Clytus ruricola,Clytus ruricola,,5,,
6/12/24,NH,P,E,P1-E,Insecta,Coleoptera,Cerambycidae,Cerambycinae,Cyrtophorus,Cyrtophorus verrucosus,Cyrtophorus verrucosus,,1,,
6/12/24,NH,P,E,P1-E,Insecta,Coleoptera,Cerambycidae,Cerambycinae,Neoclytus,Neoclytus acuminatus,Neoclytus acuminatus,,2,,
6/12/24,NH,P,E,P1-E,Insecta,Coleoptera,Cleridae,Clerinae,Enoclerus,Enoclerus nigripes,Enoclerus nigripes,,3,,
6/12/24,NH,P,E,P1-E,Insecta,Coleoptera,Curculionidae,Scolytinae,Anisandrus,Anisandrus sayi,Anisandrus sayi,,15,,
6/12/24,NH,P,E,P1-E,Insecta,Coleoptera,Curculionidae,Scolytinae,Monarthrum,Monarthrum mali,Monarthrum mali,,3,,
6/12/24,NH,P,E,P1-E,Insecta,Coleoptera,Curculionidae,Scolytinae,Pityophthorus,Pityophthorus cariniceps,Pityophthorus cariniceps,,1,,
6/12/24,NH,P,E,P1-E,Insecta,Coleoptera,Curculionidae,Scolytinae,Pityophthorus,Pityophthorus lautus,Pityophthorus lautus,,1,,
6/12/24,NH,P,E,P1-E,Insecta,Coleoptera,Curculionidae,Scolytinae,Xyleborinus,Xyleborinus saxesenii,Xyleborinus saxesenii,,9,,
6/12/24,NH,P,E,P1-E,Insecta,Coleoptera,Curculionidae,Scolytinae,Xylosandrus,Xylosandrus crassiusculus,Xylosandrus crassiusculus,,8,,
6/12/24,NH,P,E,P1-E,Insecta,Coleoptera,Curculionidae,Scolytinae,Xylosandrus,Xylosandrus germanus,Xylosandrus germanus,,4,,
6/12/24,NH,P,E,P1-E,Insecta,Coleoptera,Elateridae,Dendrometrinae,Laneganus,Laneganus sulcicollis,Laneganus sulcicollis,,1,,
6/12/24,NH,P,E,P1-E,Insecta,Coleoptera,Elateridae,Elaterinae,Ampedus,Ampedus areolatus,Ampedus areolatus,,1,,
6/12/24,NH,P,E,P1-E,Insecta,Coleoptera,Elateridae,Elaterinae,Melanotus,Melanotus hyslopi,Melanotus hyslopi,,2,,
6/12/24,NH,P,E,P1-E,Insecta,Coleoptera,Eucnemidae,Dromaeolinae,Isarthrus,Isarthrus calceatus,Isarthrus calceatus,,2,,
6/12/24,NH,P,E,P1-E,Insecta,Coleoptera,Latridiidae,Corticariinae,Melanophthalma,,Melanophthalma sp.,,27,,
6/12/24,NH,P,E,P1-E,Insecta,Coleoptera,Melandryidae,Melandryinae,Melandrya,Melandrya striata,Melandrya striata,,4,,
6/12/24,NH,P,E,P1-E,Insecta,Coleoptera,Monotomidae,Monotominae,Pycnotomina,Pycnotomina cavicolle,Pycnotomina cavicolle,,1,,
6/12/24,NH,P,E,P1-E,Insecta,Coleoptera,Monotomidae,Rhizophaginae,Rhizophagus,Rhizophagus remotus,Rhizophagus remotus,,1,,
6/12/24,NH,P,E,P1-E,Insecta,Coleoptera,Nitidulidae,Cryptarchinae,Glischrochilus,Glischrochilus sanguinolentus,Glischrochilus sanguinolentus,,3,,
6/12/24,NH,P,E,P1-E,Insecta,Coleoptera,Scarabaeidae,Melolonthinae,Nipponoserica,Nipponoserica peregrina,Nipponoserica peregrina,,4,,
6/12/24,NH,P,E,P1-E,Insecta,Coleoptera,Scarabaeidae,Scarabaeinae,Onthophagus,Onthophagus orpheus,Onthophagus orpheus,,2,,
6/12/24,NH,P,E,P1-E,Insecta,Coleoptera,Scraptiidae,Anaspidinae,Anaspis,Anaspis rufa,Anaspis rufa,,1,,
6/12/24,NH,P,E,P1-E,Insecta,Coleoptera,Staphylinidae,Tachyporinae,Coproporus,,Coproporus sp.,,1,,
6/12/24,NH,P,E,P1-E,Insecta,Hymenoptera,,,,,Parasitic Wasp,,1,,
6/12/24,NH,P,E,P1-E,Insecta,Lepidoptera,,,,,Moth,,1,,
6/12/24,NH,P,EA,P2-EA,Arachnida,Araneae,,,,,Spider,2,2,,
6/12/24,NH,P,EA,P2-EA,Insecta,Coleoptera,Carabidae,Harpalinae,Cymindis,Cymindis platicollis,Cymindis platicollis,,1,,
6/12/24,NH,P,EA,P2-EA,Insecta,Coleoptera,Carabidae,Trechinae,Mioptachys,Mioptachys flavicauda,Mioptachys flavicauda,,1,,
6/12/24,NH,P,EA,P2-EA,Insecta,Coleoptera,Cerambycidae,Cerambycinae,Neoclytus,Neoclytus acuminatus,Neoclytus acuminatus,,1,,
6/12/24,NH,P,EA,P2-EA,Insecta,Coleoptera,Cerambycidae,Spondylidinae,Asemum,Asemum striatum,Asemum striatum,,36,,
6/12/24,NH,P,EA,P2-EA,Insecta,Coleoptera,Cerambycidae,Spondylidinae,Tetropium,Tetropium schwarzianum,Tetropium schwarzianum,,5,,
6/12/24,NH,P,EA,P2-EA,Insecta,Coleoptera,Cerylonidae,Ceryloninae,Cerylon,Cerylon castaneum,Cerylon castaneum,,1,,
6/12/24,NH,P,EA,P2-EA,Insecta,Coleoptera,Ciidae,Ciinae,Cis,Cis fuscipes,Cis fuscipes,,1,,
6/12/24,NH,P,EA,P2-EA,Insecta,Coleoptera,Cleridae,Clerinae,Enoclerus,Enoclerus nigripes,Enoclerus nigripes,,29,,
6/12/24,NH,P,EA,P2-EA,Insecta,Coleoptera,Curculionidae,Entiminae,Cyrtepistomus,Cyrtepistomus castaneus,Cyrtepistomus castaneus,,1,,
6/12/24,NH,P,EA,P2-EA,Insecta,Coleoptera,Curculionidae,Molytinae,Hylobius,Hylobius pales,Hylobius pales,,1,,
6/12/24,NH,P,EA,P2-EA,Insecta,Coleoptera,Curculionidae,Molytinae,Pissodes,Pissodes affinis,Pissodes affinis,,2,,
6/12/24,NH,P,EA,P2-EA,Insecta,Coleoptera,Curculionidae,Scolytinae,Dendroctonus,Dendroctonus valens,Dendroctonus valens,,8,,
6/12/24,NH,P,EA,P2-EA,Insecta,Coleoptera,Curculionidae,Scolytinae,Dryocoetes,Dryocoetes affaber,Dryocoetes affaber,,2,,
6/12/24,NH,P,EA,P2-EA,Insecta,Coleoptera,Curculionidae,Scolytinae,Dryocoetes,Dryocoetes autographus,Dryocoetes autographus,,11,,
6/12/24,NH,P,EA,P2-EA,Insecta,Coleoptera,Curculionidae,Scolytinae,Hylastes,Hylastes porculus,Hylastes porculus,,1,,
6/12/24,NH,P,EA,P2-EA,Insecta,Coleoptera,Curculionidae,Scolytinae,Ips,Ips grandicollis,Ips grandicollis,,4,,
6/12/24,NH,P,EA,P2-EA,Insecta,Coleoptera,Curculionidae,Scolytinae,Monarthrum,Monarthrum mali,Monarthrum mali,,2,,
6/12/24,NH,P,EA,P2-EA,Insecta,Coleoptera,Curculionidae,Scolytinae,Pityogenes,Pityogenes hopkinsi,Pityogenes hopkinsi,,1,,
6/12/24,NH,P,EA,P2-EA,Insecta,Coleoptera,Curculionidae,Scolytinae,Pityophthorus,Pityophthorus puberulus,Pityophthorus puberulus,,4,,
6/12/24,NH,P,EA,P2-EA,Insecta,Coleoptera,Curculionidae,Scolytinae,Xylosandrus,Xylosandrus crassiusculus,Xylosandrus crassiusculus,,12,,
6/12/24,NH,P,EA,P2-EA,Insecta,Coleoptera,Curculionidae,Scolytinae,Xylosandrus,Xylosandrus germanus,Xylosandrus germanus,,6,,
6/12/24,NH,P,EA,P2-EA,Insecta,Coleoptera,Dytiscidae,Dytiscinae,Acilius,Acilius mediatus,Acilius mediatus,,1,,
6/12/24,NH,P,EA,P2-EA,Insecta,Coleoptera,Dytiscidae,,,,Dytiscidae gen. sp.,,1,,head and pronotum missing
6/12/24,NH,P,EA,P2-EA,Insecta,Coleoptera,Elateridae,Dendrometrinae,Gambrinus,Gambrinus confusus,Gambrinus confusus,,1,,
6/12/24,NH,P,EA,P2-EA,Insecta,Coleoptera,Elateridae,Dendrometrinae,Hadromorphus,Hadromorphus inflatus,Hadromorphus inflatus,,1,,
6/12/24,NH,P,EA,P2-EA,Insecta,Coleoptera,Elateridae,Elaterinae,Ampedus,Ampedus areolatus,Ampedus areolatus,,2,,
6/12/24,NH,P,EA,P2-EA,Insecta,Coleoptera,Elateridae,Elaterinae,Ampedus,Ampedus militaris,Ampedus militaris,,1,,
6/12/24,NH,P,EA,P2-EA,Insecta,Coleoptera,Elateridae,Elaterinae,Ampedus,Ampedus semicinctus,Ampedus semicinctus,,1,,
6/12/24,NH,P,EA,P2-EA,Insecta,Coleoptera,Elateridae,Elaterinae,Melanotus,Melanotus castanipes,Melanotus castanipes,,1,,
6/12/24,NH,P,EA,P2-EA,Insecta,Coleoptera,Elateridae,Elaterinae,Melanotus,Melanotus hyslopi,Melanotus hyslopi,,1,,
6/12/24,NH,P,EA,P2-EA,Insecta,Coleoptera,Elateridae,Elaterinae,Melanotus,Melanotus similis,Melanotus similis,,2,,
6/12/24,NH,P,EA,P2-EA,Insecta,Coleoptera,Eucnemidae,Dromaeolinae,Isarthrus,Isarthrus calceatus,Isarthrus calceatus,,1,,
6/12/24,NH,P,EA,P2-EA,Insecta,Coleoptera,Histeridae,Dendrophilinae,Paromalus,Paromalus teres,Paromalus teres,,4,,
6/12/24,NH,P,EA,P2-EA,Insecta,Coleoptera,Lampyridae,Lampyrinae,Ellychnia,Ellychnia corrusca,Ellychnia corrusca,,1,,
6/12/24,NH,P,EA,P2-EA,Insecta,Coleoptera,Latridiidae,Corticariinae,Melanophthalma,,Melanophthalma sp.,,15,,
6/12/24,NH,P,EA,P2-EA,Insecta,Coleoptera,Leiodidae,Leiodinae,Agathidium,,Agathidium sp.,,1,,
6/12/24,NH,P,EA,P2-EA,Insecta,Coleoptera,Melandryidae,Melandryinae,Melandrya,Melandrya striata,Melandrya striata,,1,,
6/12/24,NH,P,EA,P2-EA,Insecta,Coleoptera,Nitidulidae,Cryptarchinae,Glischrochilus,Glischrochilus sanguinolentus,Glischrochilus sanguinolentus,,1,,
6/12/24,NH,P,EA,P2-EA,Insecta,Coleoptera,Ptinidae,Anobiinae,Hadrobregmus,Hadrobregmus notatus,Hadrobregmus notatus,,1,,
6/12/24,NH,P,EA,P2-EA,Insecta,Coleoptera,Scraptiidae,Scraptiinae,Canifa,Canifa pallipes,Canifa pallipes,,1,,
6/12/24,NH,P,EA,P2-EA,Insecta,Coleoptera,Staphylinidae,Omaliinae,Phloeonomus,Phloeonomus laesicollis,Phloeonomus laesicollis,,1,,
6/12/24,NH,P,EA,P2-EA,Insecta,Coleoptera,Staphylinidae,Staphylininae,Hesperus,Hesperus apicialis,Hesperus apicialis,,3,,
6/12/24,NH,P,EA,P2-EA,Insecta,Coleoptera,Staphylinidae,Staphylininae,,,Staphylinine gen. sp.,,1,,
6/12/24,NH,P,EA,P2-EA,Insecta,Coleoptera,Staphylinidae,Tachyporinae,Coproporus,,Coproporus sp.,,1,,
6/12/24,NH,P,EA,P2-EA,Insecta,Coleoptera,Throscidae,NoSubfamily_Throscidae,Aulonothroscus,,Aulonothroscus sp.,,1,,
6/12/24,NH,P,EA,P2-EA,Insecta,Coleoptera,Throscidae,NoSubfamily_Throscidae,Trixagus,Trixagus chevrolati,Trixagus chevrolati,,1,,
6/12/24,NH,P,EA,P2-EA,Insecta,Coleoptera,Trogossitidae,Trogossitinae,Tenebroides,Tenebroides corticalis,Tenebroides corticalis,,1,,
6/12/24,NH,P,EA,P2-EA,Insecta,Hymenoptera,Formicidae,Formicinae,Camponotus,Camponotus pennsylvanicus,Camponotus pennsylvanicus,,6,,
6/12/24,NH,P,EA,P2-EA,Insecta,Hymenoptera,Ichneumonidae,,,,Ichneumonidae gen. sp.,,1,,
6/12/24,NH,P,EA,P2-EA,Insecta,Hymenoptera,Xyelidae,,,,Xyelid sawfly,,2,,
6/12/24,NH,P,EA,P2-EA,Insecta,Hymenoptera,,,,,Parasitic Wasp,2,2,,
6/12/24,NH,P,EA,P2-EA,Insecta,Lepidoptera,,,,,Moth,,1,,
6/12/24,NH,P,EA,P2-EA,Insecta,Megaloptera,Sialidae,,,,Alderfly,,1,,
6/12/24,NH,P,I,P3-I,,,,,,,,,,,"No sample, cup fell"
6/26/24,NH,C,E,C1-E,Insecta,Blattodea,,,,,Cockroach,,1,,
6/26/24,NH,C,E,C1-E,Insecta,Coleoptera,Cantharidae,Malthininae,Malthodes,,Malthodes sp.,,2,,
6/26/24,NH,C,E,C1-E,Insecta,Coleoptera,Carabidae,Harpalinae,Cymindis,Cymindis limbata,Cymindis limbata,,3,,
6/26/24,NH,C,E,C1-E,Insecta,Coleoptera,Cerambycidae,Cerambycinae,Neoclytus,Neoclytus acuminatus,Neoclytus acuminatus,,5,,
6/26/24,NH,C,E,C1-E,Insecta,Coleoptera,Cerambycidae,Cerambycinae,Xylotrechus,Xylotrechus colonus,Xylotrechus colonus,,2,,
6/26/24,NH,C,E,C1-E,Insecta,Coleoptera,Cerambycidae,Lamiinae,Graphisurus,Graphisurus fasciatus,Graphisurus fasciatus,,1,,
6/26/24,NH,C,E,C1-E,Insecta,Coleoptera,Corylophidae,Corylophinae,Orthoperus,Orthoperus scutellaris,Orthoperus scutellaris,,1,,
6/26/24,NH,C,E,C1-E,Insecta,Coleoptera,Curculionidae,Cossoninae,Stenoscelis,Stenoscelis brevis,Stenoscelis brevis,,6,,
6/26/24,NH,C,E,C1-E,Insecta,Coleoptera,Curculionidae,Scolytinae,Dryocoetes,Dryocoetes autographus,Dryocoetes autographus,,1,,
6/26/24,NH,C,E,C1-E,Insecta,Coleoptera,Curculionidae,Scolytinae,Heteroborips,Heteroborips seriatus,Heteroborips seriatus,,3,,
6/26/24,NH,C,E,C1-E,Insecta,Coleoptera,Curculionidae,Scolytinae,Xyleborinus,Xyleborinus saxesenii,Xyleborinus saxesenii,,1,,
6/26/24,NH,C,E,C1-E,Insecta,Coleoptera,Elateridae,Dendrometrinae,Laneganus,Laneganus sulcicollis,Laneganus sulcicollis,,1,,
6/26/24,NH,C,E,C1-E,Insecta,Coleoptera,Elateridae,Elaterinae,Ampedus,Ampedus melanotoides,Ampedus melanotoides,,2,,
6/26/24,NH,C,E,C1-E,Insecta,Coleoptera,Elateridae,Elaterinae,Melanotus,Melanotus castanipes,Melanotus castanipes,,2,,
6/26/24,NH,C,E,C1-E,Insecta,Coleoptera,Elateridae,Elaterinae,Melanotus,Melanotus hyslopi,Melanotus hyslopi,,5,,
6/26/24,NH,C,E,C1-E,Insecta,Coleoptera,Eucnemidae,Melasinae,Isorhipis,Isorhipis obliqua,Isorhipis obliqua,,1,,
6/26/24,NH,C,E,C1-E,Insecta,Coleoptera,Laemophloeidae,NoSubfamily_Laemophloeidae,Laemophloeus,Laemophloeus biguttatus,Laemophloeus biguttatus,,1,,
6/26/24,NH,C,E,C1-E,Insecta,Coleoptera,Lampyridae,Lampyrinae,Ellychnia,Ellychnia corrusca,Ellychnia corrusca,,1,,
6/26/24,NH,C,E,C1-E,Insecta,Coleoptera,Latridiidae,Corticariinae,Melanophthalma,,Melanophthalma sp.,,4,,
6/26/24,NH,C,E,C1-E,Insecta,Coleoptera,Latridiidae,Latridiinae,Enicmus,Enicmus tenuicornis,Enicmus tenuicornis,,1,,
6/26/24,NH,C,E,C1-E,Insecta,Coleoptera,Pyrochroidae,Pyrochroinae,Dendroides,Dendroides canadensis,Dendroides canadensis,,1,,
6/26/24,NH,C,E,C1-E,Insecta,Coleoptera,Scarabaeidae,Melolonthinae,Serica,Serica georgiana,Serica georgiana,,1,,
6/26/24,NH,C,E,C1-E,Insecta,Coleoptera,Scirtidae,Scirtinae,Contacyphon,,Contacyphon sp.,2,3,,
6/26/24,NH,C,E,C1-E,Insecta,Coleoptera,Staphylinidae,Aleocharinae,,,Aleocharinae gen. sp.,,1,,
6/26/24,NH,C,E,C1-E,Insecta,Coleoptera,Staphylinidae,Osoriinae,Thoracophorus,Thoracophorus costalis,Thoracophorus costalis,,1,,
6/26/24,NH,C,E,C1-E,Insecta,Coleoptera,Staphylinidae,Silphinae,Nicrophorus,Nicrophorus orbicollis,Nicrophorus orbicollis,,8,,
6/26/24,NH,C,E,C1-E,Insecta,Coleoptera,Staphylinidae,Staphylininae,Belonuchus,Belonuchus rufipennis,Belonuchus rufipennis,,2,,
6/26/24,NH,C,E,C1-E,Insecta,Coleoptera,Staphylinidae,Staphylininae,Hesperus,Hesperus apicialis,Hesperus apicialis,,2,,
6/26/24,NH,C,E,C1-E,Insecta,Coleoptera,Staphylinidae,Tachyporinae,Sepedophilus,,Sepedophilus sp.,,1,,
6/26/24,NH,C,E,C1-E,Insecta,Coleoptera,Tenebrionidae,Alleculinae,Hymenorus,,Hymenorus sp.,,2,,
6/26/24,NH,C,E,C1-E,Insecta,Coleoptera,Tenebrionidae,Alleculinae,Isomira,,Isomira sp.,,2,,
6/26/24,NH,C,E,C1-E,Insecta,Coleoptera,Tenebrionidae,Alleculinae,Mycetochara,Mycetochara fraterna,Mycetochara fraterna,,1,,
6/26/24,NH,C,E,C1-E,Insecta,Coleoptera,Tetratomidae,Penthinae,Penthe,Penthe pimelia,Penthe pimelia,,1,,
6/26/24,NH,C,E,C1-E,Insecta,Coleoptera,Throscidae,NoSubfamily_Throscidae,Aulonothroscus,,Aulonothroscus sp.,,2,,
6/26/24,NH,C,E,C1-E,Insecta,Coleoptera,Trogossitidae,Trogossitinae,Tenebroides,Tenebroides corticalis,Tenebroides corticalis,,2,,
6/26/24,NH,C,E,C1-E,Insecta,Hymenoptera,Pompilidae,,,,Spider Wasp,,1,,
6/26/24,NH,C,E,C1-E,Insecta,Hymenoptera,,,,,Parasitic Wasp,5,5,,
6/26/24,NH,C,E,C1-E,Insecta,Lepidoptera,,,,,Moth,4,4,,
6/26/24,NH,C,E,C1-E,Insecta,Trichoptera,,,,,Caddisfly,,1,,
6/26/24,NH,C,EA,C2-EA,Arachnida,Araneae,,,,,Spider,3,4,,
6/26/24,NH,C,EA,C2-EA,Insecta,Coleoptera,Cantharidae,Malthininae,Malthodes,,Malthodes sp.,,1,,
6/26/24,NH,C,EA,C2-EA,Insecta,Coleoptera,Carabidae,Harpalinae,Cymindis,Cymindis limbata,Cymindis limbata,,8,,
6/26/24,NH,C,EA,C2-EA,Insecta,Coleoptera,Carabidae,Trechinae,Mioptachys,Mioptachys flavicauda,Mioptachys flavicauda,,1,,
6/26/24,NH,C,EA,C2-EA,Insecta,Coleoptera,Cerambycidae,Cerambycinae,Clytus,Clytus ruricola,Clytus ruricola,,1,,
6/26/24,NH,C,EA,C2-EA,Insecta,Coleoptera,Cerambycidae,Cerambycinae,Neoclytus,Neoclytus acuminatus,Neoclytus acuminatus,,2,,
6/26/24,NH,C,EA,C2-EA,Insecta,Coleoptera,Cerambycidae,Cerambycinae,Xylotrechus,Xylotrechus integer,Xylotrechus integer,,1,,
6/26/24,NH,C,EA,C2-EA,Insecta,Coleoptera,Cerambycidae,Lamiinae,Microgoes,Microgoes oculatus,Microgoes oculatus,,1,,
6/26/24,NH,C,EA,C2-EA,Insecta,Coleoptera,Cerambycidae,Spondylidinae,Tetropium,Tetropium schwarzianum,Tetropium schwarzianum,,1,,
6/26/24,NH,C,EA,C2-EA,Insecta,Coleoptera,Cerylonidae,Ceryloninae,Philothermus,Philothermus glabriculus,Philothermus glabriculus,,1,,
6/26/24,NH,C,EA,C2-EA,Insecta,Coleoptera,Cleridae,Epiphloeinae,Madoniella,Madoniella dislocata,Madoniella dislocata,,1,,
6/26/24,NH,C,EA,C2-EA,Insecta,Coleoptera,Corylophidae,Corylophinae,Orthoperus,Orthoperus scutellaris,Orthoperus scutellaris,,3,,
6/26/24,NH,C,EA,C2-EA,Insecta,Coleoptera,Cucujidae,NoSubfamily_Cucujidae,Cucujus,Cucujus clavipes,Cucujus clavipes,,1,,
6/26/24,NH,C,EA,C2-EA,Insecta,Coleoptera,Curculionidae,Cossoninae,Himatium,Himatium errans,Himatium errans,,2,,
6/26/24,NH,C,EA,C2-EA,Insecta,Coleoptera,Curculionidae,Cossoninae,Stenoscelis,Stenoscelis brevis,Stenoscelis brevis,,6,,
6/26/24,NH,C,EA,C2-EA,Insecta,Coleoptera,Curculionidae,Entiminae,Cyrtepistomus,Cyrtepistomus castaneus,Cyrtepistomus castaneus,,1,,
6/26/24,NH,C,EA,C2-EA,Insecta,Coleoptera,Curculionidae,Molytinae,Hylobius,Hylobius pales,Hylobius pales,,5,,
6/26/24,NH,C,EA,C2-EA,Insecta,Coleoptera,Curculionidae,Molytinae,Pissodes,Pissodes affinis,Pissodes affinis,,2,,
6/26/24,NH,C,EA,C2-EA,Insecta,Coleoptera,Curculionidae,Scolytinae,Anisandrus,Anisandrus sayi,Anisandrus sayi,,2,,
6/26/24,NH,C,EA,C2-EA,Insecta,Coleoptera,Curculionidae,Scolytinae,Dryocoetes,Dryocoetes autographus,Dryocoetes autographus,,7,,
6/26/24,NH,C,EA,C2-EA,Insecta,Coleoptera,Curculionidae,Scolytinae,Heteroborips,Heteroborips seriatus,Heteroborips seriatus,,1,,
6/26/24,NH,C,EA,C2-EA,Insecta,Coleoptera,Curculionidae,Scolytinae,Ips,Ips grandicollis,Ips grandicollis,,1,,
6/26/24,NH,C,EA,C2-EA,Insecta,Coleoptera,Curculionidae,Scolytinae,Orthotomicus,Orthotomicus caelatus,Orthotomicus caelatus,,2,,
6/26/24,NH,C,EA,C2-EA,Insecta,Coleoptera,Curculionidae,Scolytinae,Xyleborinus,Xyleborinus saxesenii,Xyleborinus saxesenii,,1,,
6/26/24,NH,C,EA,C2-EA,Insecta,Coleoptera,Dryophthoridae,Dryophthorinae,Dryophthorus,Dryophthorus americanus,Dryophthorus americanus,,1,,
6/26/24,NH,C,EA,C2-EA,Insecta,Coleoptera,Elateridae,Agrypninae,Lacon,Lacon discoideus,Lacon discoideus,,1,,
6/26/24,NH,C,EA,C2-EA,Insecta,Coleoptera,Elateridae,Dendrometrinae,Athous,Athous brightwelli,Athous brightwelli,,1,,
6/26/24,NH,C,EA,C2-EA,Insecta,Coleoptera,Elateridae,Elaterinae,Melanotus,Melanotus castanipes,Melanotus castanipes,,2,,
6/26/24,NH,C,EA,C2-EA,Insecta,Coleoptera,Elateridae,Elaterinae,Melanotus,Melanotus hyslopi,Melanotus hyslopi,,1,,
6/26/24,NH,C,EA,C2-EA,Insecta,Coleoptera,Histeridae,Dendrophilinae,Paromalus,Paromalus teres,Paromalus teres,,1,,
6/26/24,NH,C,EA,C2-EA,Insecta,Coleoptera,Latridiidae,Corticariinae,Melanophthalma,,Melanophthalma sp.,,15,,
6/26/24,NH,C,EA,C2-EA,Insecta,Coleoptera,Leiodidae,Leiodinae,Agathidium,,Agathidium sp.,,2,,
6/26/24,NH,C,EA,C2-EA,Insecta,Coleoptera,Nitidulidae,Amphicrossinae,Amphicrossus,Amphicrossus ciliatus,Amphicrossus ciliatus,,1,,
6/26/24,NH,C,EA,C2-EA,Insecta,Coleoptera,Ptinidae,Anobiinae,Oligomerus,,Oligomerus sp.,,1,,
6/26/24,NH,C,EA,C2-EA,Insecta,Coleoptera,Scirtidae,Scirtinae,Contacyphon,,Contacyphon sp.,,1,,
6/26/24,NH,C,EA,C2-EA,Insecta,Coleoptera,Staphylinidae,Aleocharinae,,,Aleocharinae gen. sp.,,1,,
6/26/24,NH,C,EA,C2-EA,Insecta,Coleoptera,Staphylinidae,Pselaphinae,,,Pselaphinae gen. sp.,2,2,,
6/26/24,NH,C,EA,C2-EA,Insecta,Coleoptera,Staphylinidae,Scydmaeninae,,,Scydmaeninae gen. sp.,,1,,
6/26/24,NH,C,EA,C2-EA,Insecta,Coleoptera,Staphylinidae,Staphylininae,Hesperus,Hesperus apicialis,Hesperus apicialis,,2,,
6/26/24,NH,C,EA,C2-EA,Insecta,Coleoptera,Tenebrionidae,Alleculinae,Mycetochara,Mycetochara fraterna,Mycetochara fraterna,,1,,
6/26/24,NH,C,EA,C2-EA,Insecta,Coleoptera,Tenebrionidae,Diaperinae,Corticeus,Corticeus thoracicus,Corticeus thoracicus,,1,,
6/26/24,NH,C,EA,C2-EA,Insecta,Coleoptera,Thanerocleridae,Zenodosinae,Zenodosus,Zenodosus sanguineus,Zenodosus sanguineus,,3,,
6/26/24,NH,C,EA,C2-EA,Insecta,Hemiptera,Cixiidae,,,,Cixiid Planthopper,,1,,
6/26/24,NH,C,EA,C2-EA,Insecta,Hymenoptera,Vespidae,Polistinae,Polistes,Polistes fuscatus,Polistes fuscatus,,1,,
6/26/24,NH,C,EA,C2-EA,Insecta,Hymenoptera,,,,,Parasitic Wasp,2,2,,
6/26/24,NH,C,EA,C2-EA,Insecta,Lepidoptera,,,,,Moth,,1,,
6/26/24,NH,C,I,C3-I,Arachnida,Araneae,,,,,Spider,2,2,,
6/26/24,NH,C,I,C3-I,Insecta,Blattodea,,,,,Cockroach,,1,,
6/26/24,NH,C,I,C3-I,Insecta,Coleoptera,Bostrichidae,Bostrichinae,Xylobiops,Xylobiops basilaris,Xylobiops basilaris,,1,,
6/26/24,NH,C,I,C3-I,Insecta,Coleoptera,Carabidae,Harpalinae,Cymindis,Cymindis limbata,Cymindis limbata,,1,,
6/26/24,NH,C,I,C3-I,Insecta,Coleoptera,Cleridae,Clerinae,Thanasimus,Thanasimus dubius,Thanasimus dubius,,1,,
6/26/24,NH,C,I,C3-I,Insecta,Coleoptera,Cleridae,Epiphloeinae,Madoniella,Madoniella dislocata,Madoniella dislocata,,1,,
6/26/24,NH,C,I,C3-I,Insecta,Coleoptera,Cleridae,Peloniinae,Chariessa,Chariessa pilosa,Chariessa pilosa,,1,,
6/26/24,NH,C,I,C3-I,Insecta,Coleoptera,Curculionidae,Cossoninae,Stenoscelis,Stenoscelis brevis,Stenoscelis brevis,,1,,
6/26/24,NH,C,I,C3-I,Insecta,Coleoptera,Curculionidae,Scolytinae,Heteroborips,Heteroborips seriatus,Heteroborips seriatus,,1,,
6/26/24,NH,C,I,C3-I,Insecta,Coleoptera,Dryophthoridae,Dryophthorinae,Dryophthorus,Dryophthorus americanus,Dryophthorus americanus,,1,,
6/26/24,NH,C,I,C3-I,Insecta,Coleoptera,Elateridae,Dendrometrinae,Athous,Athous brightwelli,Athous brightwelli,,1,,
6/26/24,NH,C,I,C3-I,Insecta,Coleoptera,Elateridae,Elaterinae,Ampedus,Ampedus melanotoides,Ampedus melanotoides,,1,,
6/26/24,NH,C,I,C3-I,Insecta,Coleoptera,Elateridae,Elaterinae,Melanotus,Melanotus hyslopi,Melanotus hyslopi,,2,,
6/26/24,NH,C,I,C3-I,Insecta,Coleoptera,Latridiidae,Corticariinae,Melanophthalma,,Melanophthalma sp.,,10,,
6/26/24,NH,C,I,C3-I,Insecta,Coleoptera,Lophocateridae,NoSubfamily_Lophocateridae,Grynocharis,Grynocharis quadrilineata,Grynocharis quadrilineata,,1,,
6/26/24,NH,C,I,C3-I,Insecta,Coleoptera,Melandryidae,Melandryinae,Microtonus,Microtonus sericans,Microtonus sericans,,1,,
6/26/24,NH,C,I,C3-I,Insecta,Coleoptera,Melandryidae,Melandryinae,Serropalpus,Serropalpus coxalis,Serropalpus coxalis,,1,,
6/26/24,NH,C,I,C3-I,Insecta,Coleoptera,Mordellidae,Mordellinae,Yakuhananomia,Yakuhananomia bidentata,Yakuhananomia bidentata,,1,,
6/26/24,NH,C,I,C3-I,Insecta,Coleoptera,Pyrochroidae,Pyrochroinae,Dendroides,Dendroides canadensis,Dendroides canadensis,,1,,
6/26/24,NH,C,I,C3-I,Insecta,Coleoptera,Staphylinidae,Aleocharinae,,,Aleocharinae gen. sp.,,1,,
6/26/24,NH,C,I,C3-I,Insecta,Coleoptera,Staphylinidae,Scaphidiinae,Baeocera,,Baeocera sp.,,1,,
6/26/24,NH,C,I,C3-I,Insecta,Coleoptera,Tenebrionidae,Alleculinae,Mycetochara,Mycetochara fraterna,Mycetochara fraterna,,1,,
6/26/24,NH,C,I,C3-I,Insecta,Hemiptera,Miridae,,,,Miridae gen. sp.,,1,,
6/26/24,NH,C,I,C3-I,Insecta,Hymenoptera,,,,,Parasitic Wasp,2,2,,
6/26/24,NH,C,I,C3-I,Insecta,Lepidoptera,,,,,Moth,,1,,
6/26/24,NH,D,E,D1-E,Arachnida,Araneae,,,,,Spider,,1,,
6/26/24,NH,D,E,D1-E,Insecta,Coleoptera,Carabidae,Harpalinae,Stenolophus,Stenolophus ochropezus,Stenolophus ochropezus,,1,,
6/26/24,NH,D,E,D1-E,Insecta,Coleoptera,Carabidae,Trechinae,Mioptachys,Mioptachys flavicauda,Mioptachys flavicauda,,2,,
6/26/24,NH,D,E,D1-E,Insecta,Coleoptera,Cerambycidae,Cerambycinae,Neoclytus,Neoclytus acuminatus,Neoclytus acuminatus,,2,,
6/26/24,NH,D,E,D1-E,Insecta,Coleoptera,Cerylonidae,Ceryloninae,Cerylon,Cerylon castaneum,Cerylon castaneum,,1,,
6/26/24,NH,D,E,D1-E,Insecta,Coleoptera,Cleridae,Epiphloeinae,Madoniella,Madoniella dislocata,Madoniella dislocata,,2,,
6/26/24,NH,D,E,D1-E,Insecta,Coleoptera,Corylophidae,Corylophinae,Orthoperus,Orthoperus scutellaris,Orthoperus scutellaris,,1,,
6/26/24,NH,D,E,D1-E,Insecta,Coleoptera,Curculionidae,Cossoninae,Rhyncolus,Rhyncolus minor,Rhyncolus minor,,1,,
6/26/24,NH,D,E,D1-E,Insecta,Coleoptera,Curculionidae,Cossoninae,Stenoscelis,Stenoscelis brevis,Stenoscelis brevis,,6,,
6/26/24,NH,D,E,D1-E,Insecta,Coleoptera,Curculionidae,Scolytinae,Anisandrus,Anisandrus sayi,Anisandrus sayi,,2,,
6/26/24,NH,D,E,D1-E,Insecta,Coleoptera,Curculionidae,Scolytinae,Crypturgus,Crypturgus alutaceus,Crypturgus alutaceus,,1,,
6/26/24,NH,D,E,D1-E,Insecta,Coleoptera,Curculionidae,Scolytinae,Hypothenemus,Hypothenemus californicus,Hypothenemus californicus,,1,,
6/26/24,NH,D,E,D1-E,Insecta,Coleoptera,Curculionidae,Scolytinae,Hypothenemus,Hypothenemus dissimilis,Hypothenemus dissimilis,,1,,
6/26/24,NH,D,E,D1-E,Insecta,Coleoptera,Curculionidae,Scolytinae,Pityophthorus,Pityophthorus lautus,Pityophthorus lautus,,1,,
6/26/24,NH,D,E,D1-E,Insecta,Coleoptera,Curculionidae,Scolytinae,Pseudopityophthorus,Pseudopityophthorus minutissimus,Pseudopityophthorus minutissimus,,1,,
6/26/24,NH,D,E,D1-E,Insecta,Coleoptera,Curculionidae,Scolytinae,Xyleborinus,Xyleborinus saxesenii,Xyleborinus saxesenii,,1,,
6/26/24,NH,D,E,D1-E,Insecta,Coleoptera,Curculionidae,Scolytinae,Xylosandrus,Xylosandrus germanus,Xylosandrus germanus,,5,,
6/26/24,NH,D,E,D1-E,Insecta,Coleoptera,Elateridae,Dendrometrinae,Limonius,Limonius basilaris,Limonius basilaris,,1,,
6/26/24,NH,D,E,D1-E,Insecta,Coleoptera,Elateridae,Elaterinae,Melanotus,Melanotus hyslopi,Melanotus hyslopi,,6,,
6/26/24,NH,D,E,D1-E,Insecta,Coleoptera,Eucnemidae,Melasinae,Isorhipis,Isorhipis obliqua,Isorhipis obliqua,,3,,
6/26/24,NH,D,E,D1-E,Insecta,Coleoptera,Latridiidae,Corticariinae,Melanophthalma,,Melanophthalma sp.,,38,,
6/26/24,NH,D,E,D1-E,Insecta,Coleoptera,Latridiidae,Latridiinae,Enicmus,Enicmus tenuicornis,Enicmus tenuicornis,,1,,
6/26/24,NH,D,E,D1-E,Insecta,Coleoptera,Leiodidae,Leiodinae,Agathidium,,Agathidium sp.,,1,,
6/26/24,NH,D,E,D1-E,Insecta,Coleoptera,Lophocateridae,NoSubfamily_Lophocateridae,Grynocharis,Grynocharis quadrilineata,Grynocharis quadrilineata,,1,,
6/26/24,NH,D,E,D1-E,Insecta,Coleoptera,Melandryidae,Melandryinae,Dircaea,Dircaea liturata,Dircaea liturata,,2,,
6/26/24,NH,D,E,D1-E,Insecta,Coleoptera,Monotomidae,Monotominae,Pycnotomina,Pycnotomina cavicolle,Pycnotomina cavicolle,,1,,
6/26/24,NH,D,E,D1-E,Insecta,Coleoptera,Nitidulidae,Cryptarchinae,Glischrochilus,Glischrochilus sanguinolentus,Glischrochilus sanguinolentus,,2,,
6/26/24,NH,D,E,D1-E,Insecta,Coleoptera,Phalacridae,,,,Phalacridae gen. sp.,,1,,
6/26/24,NH,D,E,D1-E,Insecta,Coleoptera,Staphylinidae,Aleocharinae,,,Aleocharinae gen. sp.,,1,,
6/26/24,NH,D,E,D1-E,Insecta,Coleoptera,Staphylinidae,Mycetoporinae,,,Mycetoporinae gen. sp.,,1,,
6/26/24,NH,D,E,D1-E,Insecta,Coleoptera,Staphylinidae,Osoriinae,Thoracophorus,Thoracophorus costalis,Thoracophorus costalis,,1,,
6/26/24,NH,D,E,D1-E,Insecta,Coleoptera,Staphylinidae,Scydmaeninae,,,Scydmaeninae gen. sp.,,1,,
6/26/24,NH,D,E,D1-E,Insecta,Coleoptera,Staphylinidae,Tachyporinae,Sepedophilus,,Sepedophilus sp.,,5,,
6/26/24,NH,D,E,D1-E,Insecta,Coleoptera,Tenebrionidae,Alleculinae,Androchirus,Androchirus erythropus,Androchirus erythropus,,1,,
6/26/24,NH,D,E,D1-E,Insecta,Coleoptera,Tenebrionidae,Alleculinae,Mycetochara,Mycetochara fraterna,Mycetochara fraterna,,1,,
6/26/24,NH,D,E,D1-E,Insecta,Coleoptera,Trogossitidae,Trogossitinae,Tenebroides,Tenebroides corticalis,Tenebroides corticalis,,1,,
6/26/24,NH,D,E,D1-E,Insecta,Hemiptera,Cicadellidae,,,,Leafhopper,,1,,
6/26/24,NH,D,E,D1-E,Insecta,Hymenoptera,,,,,Parasitic Wasp,3,3,,
6/26/24,NH,D,E,D1-E,Insecta,Lepidoptera,,,,,Moth,,1,,
6/26/24,NH,D,EA,D2-EA,Arachnida,Araneae,,,,,Spider,,1,,
6/26/24,NH,D,EA,D2-EA,Insecta,Coleoptera,Bostrichidae,Bostrichinae,Xylobiops,Xylobiops basilaris,Xylobiops basilaris,,1,,
6/26/24,NH,D,EA,D2-EA,Insecta,Coleoptera,Cantharidae,Malthininae,Malthodes,,Malthodes sp.,,1,,
6/26/24,NH,D,EA,D2-EA,Insecta,Coleoptera,Carabidae,Harpalinae,Cymindis,Cymindis limbata,Cymindis limbata,,1,,
6/26/24,NH,D,EA,D2-EA,Insecta,Coleoptera,Carabidae,Harpalinae,Perigona,Perigona pallipennis,Perigona pallipennis,,1,y,"Rare, new state record"
6/26/24,NH,D,EA,D2-EA,Insecta,Coleoptera,Carabidae,Trechinae,Mioptachys,Mioptachys flavicauda,Mioptachys flavicauda,,2,,
6/26/24,NH,D,EA,D2-EA,Insecta,Coleoptera,Cerambycidae,Cerambycinae,Neoclytus,Neoclytus acuminatus,Neoclytus acuminatus,,3,,
6/26/24,NH,D,EA,D2-EA,Insecta,Coleoptera,Cerambycidae,Spondylidinae,Asemum,Asemum striatum,Asemum striatum,,2,,
6/26/24,NH,D,EA,D2-EA,Insecta,Coleoptera,Cerambycidae,Spondylidinae,Tetropium,Tetropium schwarzianum,Tetropium schwarzianum,,1,,
6/26/24,NH,D,EA,D2-EA,Insecta,Coleoptera,Cerylonidae,Ceryloninae,Cerylon,Cerylon castaneum,Cerylon castaneum,,1,,
6/26/24,NH,D,EA,D2-EA,Insecta,Coleoptera,Cerylonidae,Ceryloninae,Cerylon,Cerylon unicolor,Cerylon unicolor,,3,,
6/26/24,NH,D,EA,D2-EA,Insecta,Coleoptera,Cleridae,Clerinae,Thanasimus,Thanasimus dubius,Thanasimus dubius,,1,,
6/26/24,NH,D,EA,D2-EA,Insecta,Coleoptera,Cleridae,Epiphloeinae,Madoniella,Madoniella dislocata,Madoniella dislocata,,3,,
6/26/24,NH,D,EA,D2-EA,Insecta,Coleoptera,Corylophidae,Corylophinae,Orthoperus,Orthoperus scutellaris,Orthoperus scutellaris,,1,,
6/26/24,NH,D,EA,D2-EA,Insecta,Coleoptera,Curculionidae,Cossoninae,Stenoscelis,Stenoscelis brevis,Stenoscelis brevis,,6,,
6/26/24,NH,D,EA,D2-EA,Insecta,Coleoptera,Curculionidae,Molytinae,Hylobius,Hylobius pales,Hylobius pales,,14,,
6/26/24,NH,D,EA,D2-EA,Insecta,Coleoptera,Curculionidae,Molytinae,Pissodes,Pissodes affinis,Pissodes affinis,,4,,
6/26/24,NH,D,EA,D2-EA,Insecta,Coleoptera,Curculionidae,Scolytinae,Dryocoetes,Dryocoetes autographus,Dryocoetes autographus,,1,,
6/26/24,NH,D,EA,D2-EA,Insecta,Coleoptera,Curculionidae,Scolytinae,Hylastes,Hylastes porculus,Hylastes porculus,,1,,
6/26/24,NH,D,EA,D2-EA,Insecta,Coleoptera,Curculionidae,Scolytinae,Hylurgops,Hylurgops pinifex,Hylurgops pinifex,,5,,
6/26/24,NH,D,EA,D2-EA,Insecta,Coleoptera,Curculionidae,Scolytinae,Ips,Ips grandicollis,Ips grandicollis,,1,,
6/26/24,NH,D,EA,D2-EA,Insecta,Coleoptera,Curculionidae,Scolytinae,Orthotomicus,Orthotomicus caelatus,Orthotomicus caelatus,,11,,
6/26/24,NH,D,EA,D2-EA,Insecta,Coleoptera,Curculionidae,Scolytinae,Pityophthorus,Pityophthorus cariniceps,Pityophthorus cariniceps,,1,,
6/26/24,NH,D,EA,D2-EA,Insecta,Coleoptera,Curculionidae,Scolytinae,Xylosandrus,Xylosandrus germanus,Xylosandrus germanus,,9,,
6/26/24,NH,D,EA,D2-EA,Insecta,Coleoptera,Elateridae,Dendrometrinae,Athous,Athous brightwelli,Athous brightwelli,,3,,
6/26/24,NH,D,EA,D2-EA,Insecta,Coleoptera,Elateridae,Dendrometrinae,Limonius,Limonius basilaris,Limonius basilaris,,1,,
6/26/24,NH,D,EA,D2-EA,Insecta,Coleoptera,Elateridae,Elaterinae,Ampedus,Ampedus melanotoides,Ampedus melanotoides,,2,,
6/26/24,NH,D,EA,D2-EA,Insecta,Coleoptera,Elateridae,Elaterinae,Melanotus,Melanotus castanipes,Melanotus castanipes,,1,,
6/26/24,NH,D,EA,D2-EA,Insecta,Coleoptera,Elateridae,Elaterinae,Melanotus,Melanotus hyslopi,Melanotus hyslopi,,5,,
6/26/24,NH,D,EA,D2-EA,Insecta,Coleoptera,Endomychidae,Leiestinae,Rhanidea,Rhanidea unicolor,Rhanidea unicolor,,1,,
6/26/24,NH,D,EA,D2-EA,Insecta,Coleoptera,Histeridae,Dendrophilinae,Paromalus,Paromalus teres,Paromalus teres,,1,,
6/26/24,NH,D,EA,D2-EA,Insecta,Coleoptera,Latridiidae,Corticariinae,Melanophthalma,,Melanophthalma sp.,,20,,
6/26/24,NH,D,EA,D2-EA,Insecta,Coleoptera,Melandryidae,Melandryinae,Rushia,Rushia longula,Rushia longula,,3,,
6/26/24,NH,D,EA,D2-EA,Insecta,Coleoptera,Ptinidae,Anobiinae,Hadrobregmus,Hadrobregmus notatus,Hadrobregmus notatus,,1,,
6/26/24,NH,D,EA,D2-EA,Insecta,Coleoptera,Staphylinidae,Aleocharinae,,,Aleocharinae gen. sp.,,2,,
6/26/24,NH,D,EA,D2-EA,Insecta,Coleoptera,Staphylinidae,Paederinae,Sunius,Sunius confluentus,Sunius confluentus,,1,,
6/26/24,NH,D,EA,D2-EA,Insecta,Coleoptera,Staphylinidae,Tachyporinae,Sepedophilus,,Sepedophilus sp.,2,3,,
6/26/24,NH,D,EA,D2-EA,Insecta,Coleoptera,Tenebrionidae,Alleculinae,Isomira,,Isomira sp.,,2,,
6/26/24,NH,D,EA,D2-EA,Insecta,Coleoptera,Tenebrionidae,Alleculinae,Mycetochara,Mycetochara binotata,Mycetochara binotata,,1,,
6/26/24,NH,D,EA,D2-EA,Insecta,Coleoptera,Thanerocleridae,Zenodosinae,Zenodosus,Zenodosus sanguineus,Zenodosus sanguineus,,1,,
6/26/24,NH,D,EA,D2-EA,Insecta,Coleoptera,Throscidae,NoSubfamily_Throscidae,Aulonothroscus,,Aulonothroscus sp.,,2,,
6/26/24,NH,D,EA,D2-EA,Insecta,Coleoptera,Trogossitidae,Trogossitinae,Tenebroides,Tenebroides corticalis,Tenebroides corticalis,,1,,
6/26/24,NH,D,EA,D2-EA,Insecta,Hemiptera,,,,,Fulgoroid planthopper,,1,,
6/26/24,NH,D,EA,D2-EA,Insecta,Hymenoptera,,,,,Parasitic Wasp,2,2,,
6/26/24,NH,D,EA,D2-EA,Insecta,Lepidoptera,,,,,Moth,,1,,
6/26/24,NH,D,I,D3-I,Arachnida,Araneae,,,,,Spider,2,2,,
6/26/24,NH,D,I,D3-I,Insecta,Coleoptera,Cantharidae,Malthininae,Malthodes,,Malthodes sp.,,1,,
6/26/24,NH,D,I,D3-I,Insecta,Coleoptera,Cerambycidae,Cerambycinae,Neoclytus,Neoclytus acuminatus,Neoclytus acuminatus,,1,,
6/26/24,NH,D,I,D3-I,Insecta,Coleoptera,Cerylonidae,Ceryloninae,Cerylon,Cerylon castaneum,Cerylon castaneum,,1,,
6/26/24,NH,D,I,D3-I,Insecta,Coleoptera,Ciidae,Ciinae,Cis,Cis creberrimus,Cis creberrimus,,1,,
6/26/24,NH,D,I,D3-I,Insecta,Coleoptera,Corylophidae,Corylophinae,Orthoperus,Orthoperus scutellaris,Orthoperus scutellaris,,1,,
6/26/24,NH,D,I,D3-I,Insecta,Coleoptera,Curculionidae,Cossoninae,Stenoscelis,Stenoscelis brevis,Stenoscelis brevis,,3,,
6/26/24,NH,D,I,D3-I,Insecta,Coleoptera,Curculionidae,Scolytinae,Gnathotrichus,Gnathotrichus materiarius,Gnathotrichus materiarius,,2,,
6/26/24,NH,D,I,D3-I,Insecta,Coleoptera,Curculionidae,Scolytinae,Orthotomicus,Orthotomicus caelatus,Orthotomicus caelatus,,5,,
6/26/24,NH,D,I,D3-I,Insecta,Coleoptera,Dryophthoridae,Dryophthorinae,Dryophthorus,Dryophthorus americanus,Dryophthorus americanus,,1,,
6/26/24,NH,D,I,D3-I,Insecta,Coleoptera,Elateridae,Dendrometrinae,Athous,Athous rufifrons,Athous rufifrons,,1,,
6/26/24,NH,D,I,D3-I,Insecta,Coleoptera,Elateridae,Elaterinae,Melanotus,Melanotus hyslopi,Melanotus hyslopi,,1,,
6/26/24,NH,D,I,D3-I,Insecta,Coleoptera,Elateridae,Elaterinae,Melanotus,Melanotus similis,Melanotus similis,,1,,
6/26/24,NH,D,I,D3-I,Insecta,Coleoptera,Eucnemidae,Melasinae,Isorhipis,Isorhipis obliqua,Isorhipis obliqua,,7,,
6/26/24,NH,D,I,D3-I,Insecta,Coleoptera,Eucnemidae,Melasinae,Microrhagus,,Microrhagus sp.,,1,,
6/26/24,NH,D,I,D3-I,Insecta,Coleoptera,Hydrophilidae,Enochrinae,Cymbiodyta,,Cymbiodyta sp.,,2,,
6/26/24,NH,D,I,D3-I,Insecta,Coleoptera,Hydrophilidae,Hydrophilinae,Hydrobius,Hydrobius fuscipes,Hydrobius fuscipes,,1,,
6/26/24,NH,D,I,D3-I,Insecta,Coleoptera,Latridiidae,Corticariinae,Melanophthalma,,Melanophthalma sp.,,44,,
6/26/24,NH,D,I,D3-I,Insecta,Coleoptera,Nitidulidae,Cryptarchinae,Glischrochilus,Glischrochilus sanguinolentus,Glischrochilus sanguinolentus,,1,,
6/26/24,NH,D,I,D3-I,Insecta,Coleoptera,Phalacridae,,,,Phalacridae gen. sp.,,1,,
6/26/24,NH,D,I,D3-I,Insecta,Coleoptera,Scirtidae,Scirtinae,Contacyphon,,Contacyphon sp.,,2,,
6/26/24,NH,D,I,D3-I,Insecta,Coleoptera,Scirtidae,Scirtinae,Nyholmia,Nyholmia collaris,Nyholmia collaris,,1,,
6/26/24,NH,D,I,D3-I,Insecta,Coleoptera,Staphylinidae,Osoriinae,Thoracophorus,Thoracophorus costalis,Thoracophorus costalis,,1,,
6/26/24,NH,D,I,D3-I,Insecta,Coleoptera,Staphylinidae,Scydmaeninae,,,Scydmaeninae gen. sp.,,1,,
6/26/24,NH,D,I,D3-I,Insecta,Coleoptera,Staphylinidae,Staphylininae,Belonuchus,Belonuchus rufipennis,Belonuchus rufipennis,,1,,
6/26/24,NH,D,I,D3-I,Insecta,Coleoptera,Staphylinidae,Staphylininae,Hesperus,Hesperus apicialis,Hesperus apicialis,,2,,
6/26/24,NH,D,I,D3-I,Insecta,Coleoptera,Staphylinidae,Tachyporinae,Coproporus,,Coproporus sp.,,1,,
6/26/24,NH,D,I,D3-I,Insecta,Coleoptera,Staphylinidae,Tachyporinae,Sepedophilus,,Sepedophilus sp.,,2,,
6/26/24,NH,D,I,D3-I,Insecta,Coleoptera,Tenebrionidae,Alleculinae,Androchirus,Androchirus erythropus,Androchirus erythropus,,1,,
6/26/24,NH,D,I,D3-I,Insecta,Coleoptera,Tetratomidae,Eustrophinae,Eustrophopsis,Eustrophopsis bicolor,Eustrophopsis bicolor,,1,,
6/26/24,NH,D,I,D3-I,Insecta,Hemiptera,Pentatomidae,Pentatominae,Menecles,Menecles insertus,Menecles insertus,,1,,
6/26/24,NH,D,I,D3-I,Insecta,Hymenoptera,,,,,Parasitic Wasp,2,2,,
6/26/24,NH,D,I,D3-I,Insecta,Trichoptera,,,,,Caddisfly,,1,,
6/26/24,NH,M,E,M1-E,Arachnida,Araneae,,,,,Spider,3,3,,
6/26/24,NH,M,E,M1-E,Insecta,Blattodea,,,,,Cockroach,,1,,
6/26/24,NH,M,E,M1-E,Insecta,Coleoptera,Aderidae,NoSubfamily_Aderidae,Syzeton,Syzeton subfasciatus,Syzeton subfasciatus,,1,,
6/26/24,NH,M,E,M1-E,Insecta,Coleoptera,Bostrichidae,Bostrichinae,Xylobiops,Xylobiops basilaris,Xylobiops basilaris,,2,,
6/26/24,NH,M,E,M1-E,Insecta,Coleoptera,Cerambycidae,Cerambycinae,Neoclytus,Neoclytus acuminatus,Neoclytus acuminatus,,3,,
6/26/24,NH,M,E,M1-E,Insecta,Coleoptera,Cerambycidae,Cerambycinae,Xylotrechus,Xylotrechus colonus,Xylotrechus colonus,,1,,
6/26/24,NH,M,E,M1-E,Insecta,Coleoptera,Cerambycidae,Lepturinae,Judolia,Judolia cordifera,Judolia cordifera,,1,,
6/26/24,NH,M,E,M1-E,Insecta,Coleoptera,Ciidae,Ciinae,Cis,Cis creberrimus,Cis creberrimus,,1,,
6/26/24,NH,M,E,M1-E,Insecta,Coleoptera,Curculionidae,Cossoninae,Stenoscelis,Stenoscelis brevis,Stenoscelis brevis,,3,,
6/26/24,NH,M,E,M1-E,Insecta,Coleoptera,Curculionidae,Scolytinae,Anisandrus,Anisandrus sayi,Anisandrus sayi,,10,,
6/26/24,NH,M,E,M1-E,Insecta,Coleoptera,Curculionidae,Scolytinae,Corthylus,Corthylus columbianus,Corthylus columbianus,,1,,
6/26/24,NH,M,E,M1-E,Insecta,Coleoptera,Curculionidae,Scolytinae,Cyclorhipidion,Cyclorhipidion bodoanum,Cyclorhipidion bodoanum,,1,,
6/26/24,NH,M,E,M1-E,Insecta,Coleoptera,Curculionidae,Scolytinae,Pseudopityophthorus,Pseudopityophthorus minutissimus,Pseudopityophthorus minutissimus,,1,,
6/26/24,NH,M,E,M1-E,Insecta,Coleoptera,Curculionidae,Scolytinae,Xylosandrus,Xylosandrus germanus,Xylosandrus germanus,,2,,
6/26/24,NH,M,E,M1-E,Insecta,Coleoptera,Dermestidae,Megatominae,Anthrenus,Anthrenus fuscus,Anthrenus fuscus,,2,,
6/26/24,NH,M,E,M1-E,Insecta,Coleoptera,Dermestidae,Megatominae,Trogoderma,,Trogoderma sp.,,1,,
6/26/24,NH,M,E,M1-E,Insecta,Coleoptera,Elateridae,Dendrometrinae,Athous,Athous brightwelli,Athous brightwelli,,2,,
6/26/24,NH,M,E,M1-E,Insecta,Coleoptera,Elateridae,Dendrometrinae,Gambrinus,Gambrinus confusus,Gambrinus confusus,,2,,
6/26/24,NH,M,E,M1-E,Insecta,Coleoptera,Elateridae,Dendrometrinae,Limonius,Limonius basilaris,Limonius basilaris,,1,,
6/26/24,NH,M,E,M1-E,Insecta,Coleoptera,Elateridae,Elaterinae,Melanotus,Melanotus spadix,Melanotus spadix,,2,,
6/26/24,NH,M,E,M1-E,Insecta,Coleoptera,Eucnemidae,Melasinae,Isorhipis,Isorhipis obliqua,Isorhipis obliqua,,3,,
6/26/24,NH,M,E,M1-E,Insecta,Coleoptera,Eucnemidae,Melasinae,Microrhagus,,Microrhagus sp.,,2,,
6/26/24,NH,M,E,M1-E,Insecta,Coleoptera,Lampyridae,Lampyrinae,Lucidota,Lucidota atra,Lucidota atra,,2,,
6/26/24,NH,M,E,M1-E,Insecta,Coleoptera,Latridiidae,Corticariinae,Melanophthalma,,Melanophthalma sp.,,9,,
6/26/24,NH,M,E,M1-E,Insecta,Coleoptera,Melandryidae,Melandryinae,Anisoxya,Anisoxya glaucula,Anisoxya glaucula,,1,,
6/26/24,NH,M,E,M1-E,Insecta,Coleoptera,Mordellidae,Mordellinae,Mordellaria,Mordellaria serval,Mordellaria serval,,1,,
6/26/24,NH,M,E,M1-E,Insecta,Coleoptera,Mordellidae,Mordellinae,Mordellistena,Mordellistena trifasciata,Mordellistena trifasciata,,1,,
6/26/24,NH,M,E,M1-E,Insecta,Coleoptera,Passandridae,NoSubfamily_Passandridae,Catogenus,Catogenus rufus,Catogenus rufus,,1,,
6/26/24,NH,M,E,M1-E,Insecta,Coleoptera,Ptinidae,Ptilininae,Ptilinus,Ptilinus ruficornis,Ptilinus ruficornis,,2,,
6/26/24,NH,M,E,M1-E,Insecta,Coleoptera,Scarabaeidae,Melolonthinae,Maladera,Maladera formosae,Maladera formosae,,1,,
6/26/24,NH,M,E,M1-E,Insecta,Coleoptera,Scarabaeidae,Melolonthinae,Nipponoserica,Nipponoserica peregrina,Nipponoserica peregrina,,1,,
6/26/24,NH,M,E,M1-E,Insecta,Coleoptera,Staphylinidae,Aleocharinae,,,Aleocharinae gen. sp.,,1,,
6/26/24,NH,M,E,M1-E,Insecta,Coleoptera,Staphylinidae,Paederinae,,,Paederinae gen. sp.,,1,,
6/26/24,NH,M,E,M1-E,Insecta,Coleoptera,Staphylinidae,Staphylininae,Hesperus,Hesperus apicialis,Hesperus apicialis,,7,,
6/26/24,NH,M,E,M1-E,Insecta,Coleoptera,Staphylinidae,Tachyporinae,,,Tachyporinae gen. sp.,,1,,
6/26/24,NH,M,E,M1-E,Insecta,Coleoptera,Tenebrionidae,Alleculinae,Androchirus,Androchirus erythropus,Androchirus erythropus,,2,,
6/26/24,NH,M,E,M1-E,Insecta,Coleoptera,Tenebrionidae,Alleculinae,Isomira,,Isomira sp.,,1,,
6/26/24,NH,M,E,M1-E,Insecta,Coleoptera,Thanerocleridae,Zenodosinae,Zenodosus,Zenodosus sanguineus,Zenodosus sanguineus,,1,,
6/26/24,NH,M,E,M1-E,Insecta,Coleoptera,Trogossitidae,Trogossitinae,Tenebroides,Tenebroides corticalis,Tenebroides corticalis,,6,,
6/26/24,NH,M,E,M1-E,Insecta,Coleoptera,Zopheridae,Colydiinae,Synchita,Synchita fuliginosa,Synchita fuliginosa,,3,,
6/26/24,NH,M,E,M1-E,Insecta,Hymenoptera,Formicidae,Formicinae,Camponotus,Camponotus pennsylvanicus,Camponotus pennsylvanicus,,2,,
6/26/24,NH,M,E,M1-E,Insecta,Hymenoptera,Pompilidae,,,,Spider Wasp,,1,,
6/26/24,NH,M,E,M1-E,Insecta,Hymenoptera,,,,,Parasitic Wasp,,2,,
6/26/24,NH,M,E,M1-E,Insecta,Lepidoptera,,,,,Moth,6,6,,
6/26/24,NH,M,EA,M2-EA,Arachnida,Araneae,,,,,Spider,,1,,
6/26/24,NH,M,EA,M2-EA,Insecta,Coleoptera,Cantharidae,Malthininae,Malthodes,,Malthodes sp.,,1,,
6/26/24,NH,M,EA,M2-EA,Insecta,Coleoptera,Carabidae,Harpalinae,Cymindis,Cymindis limbata,Cymindis limbata,,1,,
6/26/24,NH,M,EA,M2-EA,Insecta,Coleoptera,Carabidae,Harpalinae,Stenolophus,Stenolophus ochropezus,Stenolophus ochropezus,,2,,
6/26/24,NH,M,EA,M2-EA,Insecta,Coleoptera,Carabidae,Trechinae,Mioptachys,Mioptachys flavicauda,Mioptachys flavicauda,,2,,
6/26/24,NH,M,EA,M2-EA,Insecta,Coleoptera,Cerambycidae,Cerambycinae,Neoclytus,Neoclytus acuminatus,Neoclytus acuminatus,,4,,
6/26/24,NH,M,EA,M2-EA,Insecta,Coleoptera,Cerambycidae,Cerambycinae,Xylotrechus,Xylotrechus sagittatus,Xylotrechus sagittatus,,1,,
6/26/24,NH,M,EA,M2-EA,Insecta,Coleoptera,Cerambycidae,Spondylidinae,Asemum,Asemum striatum,Asemum striatum,,1,,
6/26/24,NH,M,EA,M2-EA,Insecta,Coleoptera,Ciidae,Ciinae,Cis,Cis creberrimus,Cis creberrimus,,1,,
6/26/24,NH,M,EA,M2-EA,Insecta,Coleoptera,Cleridae,Clerinae,Enoclerus,Enoclerus nigrifrons,Enoclerus nigrifrons,,1,,
6/26/24,NH,M,EA,M2-EA,Insecta,Coleoptera,Cleridae,Clerinae,Enoclerus,Enoclerus nigripes,Enoclerus nigripes,,3,,
6/26/24,NH,M,EA,M2-EA,Insecta,Coleoptera,Cleridae,Clerinae,Thanasimus,Thanasimus dubius,Thanasimus dubius,,1,,
6/26/24,NH,M,EA,M2-EA,Insecta,Coleoptera,Cleridae,Epiphloeinae,Madoniella,Madoniella dislocata,Madoniella dislocata,,3,,
6/26/24,NH,M,EA,M2-EA,Insecta,Coleoptera,Curculionidae,Cossoninae,Himatium,Himatium errans,Himatium errans,,2,,
6/26/24,NH,M,EA,M2-EA,Insecta,Coleoptera,Curculionidae,Cossoninae,Stenoscelis,Stenoscelis brevis,Stenoscelis brevis,,5,,
6/26/24,NH,M,EA,M2-EA,Insecta,Coleoptera,Curculionidae,Molytinae,Hylobius,Hylobius pales,Hylobius pales,,2,,
6/26/24,NH,M,EA,M2-EA,Insecta,Coleoptera,Curculionidae,Molytinae,Pissodes,Pissodes affinis,Pissodes affinis,,1,,
6/26/24,NH,M,EA,M2-EA,Insecta,Coleoptera,Curculionidae,Scolytinae,Dryocoetes,Dryocoetes autographus,Dryocoetes autographus,,1,,
6/26/24,NH,M,EA,M2-EA,Insecta,Coleoptera,Curculionidae,Scolytinae,Hylastes,Hylastes porculus,Hylastes porculus,,1,,
6/26/24,NH,M,EA,M2-EA,Insecta,Coleoptera,Curculionidae,Scolytinae,Ips,Ips grandicollis,Ips grandicollis,,3,,
6/26/24,NH,M,EA,M2-EA,Insecta,Coleoptera,Curculionidae,Scolytinae,Monarthrum,Monarthrum fasciatum,Monarthrum fasciatum,,1,,
6/26/24,NH,M,EA,M2-EA,Insecta,Coleoptera,Curculionidae,Scolytinae,Monarthrum,Monarthrum mali,Monarthrum mali,,1,,
6/26/24,NH,M,EA,M2-EA,Insecta,Coleoptera,Curculionidae,Scolytinae,Orthotomicus,Orthotomicus caelatus,Orthotomicus caelatus,,1,,
6/26/24,NH,M,EA,M2-EA,Insecta,Coleoptera,Curculionidae,Scolytinae,Pityophthorus,Pityophthorus puberulus,Pityophthorus puberulus,,1,,
6/26/24,NH,M,EA,M2-EA,Insecta,Coleoptera,Curculionidae,Scolytinae,Xyleborinus,Xyleborinus attenuatus,Xyleborinus attenuatus,,1,,
6/26/24,NH,M,EA,M2-EA,Insecta,Coleoptera,Curculionidae,Scolytinae,Xylosandrus,Xylosandrus germanus,Xylosandrus germanus,,2,,
6/26/24,NH,M,EA,M2-EA,Insecta,Coleoptera,Dryophthoridae,Dryophthorinae,Dryophthorus,Dryophthorus americanus,Dryophthorus americanus,,1,,
6/26/24,NH,M,EA,M2-EA,Insecta,Coleoptera,Elateridae,Cardiophorinae,Cardiophorus,Cardiophorus convexus,Cardiophorus convexus,,1,,
6/26/24,NH,M,EA,M2-EA,Insecta,Coleoptera,Elateridae,Elaterinae,Ampedus,Ampedus melanotoides,Ampedus melanotoides,,2,,
6/26/24,NH,M,EA,M2-EA,Insecta,Coleoptera,Elateridae,Elaterinae,Melanotus,Melanotus hyslopi,Melanotus hyslopi,,2,,
6/26/24,NH,M,EA,M2-EA,Insecta,Coleoptera,Elateridae,Elaterinae,Melanotus,Melanotus similis,Melanotus similis,,2,,
6/26/24,NH,M,EA,M2-EA,Insecta,Coleoptera,Eucnemidae,Melasinae,Hylis,Hylis terminalis,Hylis terminalis,,1,,
6/26/24,NH,M,EA,M2-EA,Insecta,Coleoptera,Eucnemidae,Melasinae,Isorhipis,Isorhipis obliqua,Isorhipis obliqua,,1,,
6/26/24,NH,M,EA,M2-EA,Insecta,Coleoptera,Histeridae,Dendrophilinae,Paromalus,Paromalus teres,Paromalus teres,,2,,
6/26/24,NH,M,EA,M2-EA,Insecta,Coleoptera,Latridiidae,Corticariinae,Melanophthalma,,Melanophthalma sp.,,33,,
6/26/24,NH,M,EA,M2-EA,Insecta,Coleoptera,Latridiidae,Latridiinae,Enicmus,Enicmus tenuicornis,Enicmus tenuicornis,,1,,
6/26/24,NH,M,EA,M2-EA,Insecta,Coleoptera,Lucanidae,Syndesinae,Ceruchus,Ceruchus piceus,Ceruchus piceus,,1,,
6/26/24,NH,M,EA,M2-EA,Insecta,Coleoptera,Melandryidae,Melandryinae,Anisoxya,Anisoxya glaucula,Anisoxya glaucula,,1,,
6/26/24,NH,M,EA,M2-EA,Insecta,Coleoptera,Melandryidae,Melandryinae,Rushia,Rushia longula,Rushia longula,,14,,
6/26/24,NH,M,EA,M2-EA,Insecta,Coleoptera,Scarabaeidae,Melolonthinae,Dichelonyx,Dichelonyx canadensis,Dichelonyx canadensis,,1,,
6/26/24,NH,M,EA,M2-EA,Insecta,Coleoptera,Scarabaeidae,Melolonthinae,Nipponoserica,Nipponoserica peregrina,Nipponoserica peregrina,,1,,
6/26/24,NH,M,EA,M2-EA,Insecta,Coleoptera,Scraptiidae,Scraptiinae,Canifa,Canifa pallipes,Canifa pallipes,,1,,
6/26/24,NH,M,EA,M2-EA,Insecta,Coleoptera,Silvanidae,Silvaninae,Silvanus,,Silvanus sp.,,1,,
6/26/24,NH,M,EA,M2-EA,Insecta,Coleoptera,Staphylinidae,Aleocharinae,,,Aleocharinae gen. sp.,2,2,,
6/26/24,NH,M,EA,M2-EA,Insecta,Coleoptera,Staphylinidae,Omaliinae,Phloeonomus,Phloeonomus laesicollis,Phloeonomus laesicollis,,1,,
6/26/24,NH,M,EA,M2-EA,Insecta,Coleoptera,Staphylinidae,Staphylininae,,,Staphylinine gen. sp.,,1,,
6/26/24,NH,M,EA,M2-EA,Insecta,Coleoptera,Staphylinidae,Tachyporinae,Sepedophilus,,Sepedophilus sp.,,3,,
6/26/24,NH,M,EA,M2-EA,Insecta,Coleoptera,Tenebrionidae,Alleculinae,Capnochroa,Capnochroa fuliginosa,Capnochroa fuliginosa,,2,,
6/26/24,NH,M,EA,M2-EA,Insecta,Coleoptera,Tenebrionidae,Alleculinae,Isomira,,Isomira sp.,,1,,
6/26/24,NH,M,EA,M2-EA,Insecta,Coleoptera,Tenebrionidae,Alleculinae,Mycetochara,Mycetochara fraterna,Mycetochara fraterna,,1,,
6/26/24,NH,M,EA,M2-EA,Insecta,Coleoptera,Zopheridae,Colydiinae,Synchita,Synchita fuliginosa,Synchita fuliginosa,,1,,
6/26/24,NH,M,EA,M2-EA,Insecta,Hemiptera,Reduviidae,Harpactorinae,Zelus,Zelus luridus,Zelus luridus,,1,,
6/26/24,NH,M,EA,M2-EA,Insecta,Hemiptera,Tingidae,Tinginae,Corythucha,,Corythucha sp.,,1,,
6/26/24,NH,M,EA,M2-EA,Insecta,Hymenoptera,Formicidae,Formicinae,Camponotus,Camponotus pennsylvanicus,Camponotus pennsylvanicus,,1,,
6/26/24,NH,M,EA,M2-EA,Insecta,Hymenoptera,,,,,Parasitic Wasp,4,4,,
6/26/24,NH,M,EA,M2-EA,Insecta,Lepidoptera,,,,,Moth,,1,,
6/26/24,NH,M,EA,M2-EA,Insecta,Orthoptera,Gryllidae,,,,Tree Cricket,,1,,
6/26/24,NH,M,I,M3-I,Arachnida,Araneae,,,,,Spider,2,2,,
6/26/24,NH,M,I,M3-I,Insecta,Coleoptera,Cerambycidae,Cerambycinae,Neoclytus,Neoclytus acuminatus,Neoclytus acuminatus,,1,,
6/26/24,NH,M,I,M3-I,Insecta,Coleoptera,Cleridae,Clerinae,Enoclerus,Enoclerus nigrifrons,Enoclerus nigrifrons,,1,,
6/26/24,NH,M,I,M3-I,Insecta,Coleoptera,Cleridae,Clerinae,Enoclerus,Enoclerus nigripes,Enoclerus nigripes,,5,,
6/26/24,NH,M,I,M3-I,Insecta,Coleoptera,Cleridae,Clerinae,Thanasimus,Thanasimus dubius,Thanasimus dubius,,3,,
6/26/24,NH,M,I,M3-I,Insecta,Coleoptera,Curculionidae,Cossoninae,Stenoscelis,Stenoscelis brevis,Stenoscelis brevis,,3,,
6/26/24,NH,M,I,M3-I,Insecta,Coleoptera,Curculionidae,Scolytinae,Crypturgus,Crypturgus alutaceus,Crypturgus alutaceus,,1,,
6/26/24,NH,M,I,M3-I,Insecta,Coleoptera,Curculionidae,Scolytinae,Orthotomicus,Orthotomicus caelatus,Orthotomicus caelatus,,2,,
6/26/24,NH,M,I,M3-I,Insecta,Coleoptera,Curculionidae,Scolytinae,Pityophthorus,Pityophthorus puberulus,Pityophthorus puberulus,,1,,
6/26/24,NH,M,I,M3-I,Insecta,Coleoptera,Elateridae,Elaterinae,Melanotus,Melanotus hyslopi,Melanotus hyslopi,,1,,
6/26/24,NH,M,I,M3-I,Insecta,Coleoptera,Eucnemidae,Melasinae,Isorhipis,Isorhipis obliqua,Isorhipis obliqua,,6,,
6/26/24,NH,M,I,M3-I,Insecta,Coleoptera,Histeridae,Histerinae,Platysoma,Platysoma coarctatum,Platysoma coarctatum,,1,,
6/26/24,NH,M,I,M3-I,Insecta,Coleoptera,Latridiidae,Corticariinae,Melanophthalma,,Melanophthalma sp.,,8,,
6/26/24,NH,M,I,M3-I,Insecta,Coleoptera,Mordellidae,Mordellinae,Mordellistena,,Mordellistena sp.,,1,,
6/26/24,NH,M,I,M3-I,Insecta,Coleoptera,Nitidulidae,Cillaeinae,Colopterus,Colopterus truncatus,Colopterus truncatus,,1,,
6/26/24,NH,M,I,M3-I,Insecta,Coleoptera,Nitidulidae,Cryptarchinae,Cryptarcha,Cryptarcha strigatula,Cryptarcha strigatula,,1,,
6/26/24,NH,M,I,M3-I,Insecta,Coleoptera,Nitidulidae,Nitidulinae,Stelidota,Stelidota geminata,Stelidota geminata,,1,,
6/26/24,NH,M,I,M3-I,Insecta,Coleoptera,Scirtidae,Scirtinae,Prionocyphon,Prionocyphon discoideus,Prionocyphon discoideus,,1,,
6/26/24,NH,M,I,M3-I,Insecta,Coleoptera,Staphylinidae,Aleocharinae,,,Aleocharinae gen. sp.,,1,,
6/26/24,NH,M,I,M3-I,Insecta,Coleoptera,Staphylinidae,Pselaphinae,,,Pselaphinae gen. sp.,,1,,
6/26/24,NH,M,I,M3-I,Insecta,Coleoptera,Tenebrionidae,Alleculinae,Capnochroa,Capnochroa fuliginosa,Capnochroa fuliginosa,,2,,
6/26/24,NH,M,I,M3-I,Insecta,Coleoptera,Tenebrionidae,Alleculinae,Isomira,,Isomira sp.,,1,,
6/26/24,NH,M,I,M3-I,Insecta,Coleoptera,Tenebrionidae,Alleculinae,Mycetochara,Mycetochara bicolor,Mycetochara bicolor,,1,,
6/26/24,NH,M,I,M3-I,Insecta,Coleoptera,Tenebrionidae,Alleculinae,Mycetochara,Mycetochara fraterna,Mycetochara fraterna,,2,,
6/26/24,NH,M,I,M3-I,Insecta,Coleoptera,Trogossitidae,Trogossitinae,Tenebroides,Tenebroides corticalis,Tenebroides corticalis,,1,,
6/26/24,NH,M,I,M3-I,Insecta,Hemiptera,Cicadellidae,,,,Leafhopper,,1,,
6/26/24,NH,M,I,M3-I,Insecta,Hymenoptera,Formicidae,,,,Ant,,1,,
6/26/24,NH,M,I,M3-I,Insecta,Hymenoptera,,,,,Parasitic Wasp,5,5,,
6/26/24,NH,M,I,M3-I,Insecta,Lepidoptera,,,,,Moth,2,2,,
6/26/24,NH,P,E,P1-E,Arachnida,Araneae,,,,,Spider,2,2,,
6/26/24,NH,P,E,P1-E,Insecta,Coleoptera,Carabidae,Harpalinae,Cymindis,Cymindis limbata,Cymindis limbata,,1,,
6/26/24,NH,P,E,P1-E,Insecta,Coleoptera,Cerambycidae,Cerambycinae,Clytus,Clytus ruricola,Clytus ruricola,,3,,
6/26/24,NH,P,E,P1-E,Insecta,Coleoptera,Cerambycidae,Cerambycinae,Neoclytus,Neoclytus acuminatus,Neoclytus acuminatus,,2,,
6/26/24,NH,P,E,P1-E,Insecta,Coleoptera,Cerambycidae,Cerambycinae,Xylotrechus,Xylotrechus colonus,Xylotrechus colonus,,1,,
6/26/24,NH,P,E,P1-E,Insecta,Coleoptera,Cerambycidae,Lepturinae,Strangalia,Strangalia luteicornis,Strangalia luteicornis,,1,,
6/26/24,NH,P,E,P1-E,Insecta,Coleoptera,Cerambycidae,Lepturinae,Trachysida,Trachysida mutabilis,Trachysida mutabilis,,2,,
6/26/24,NH,P,E,P1-E,Insecta,Coleoptera,Cerylonidae,Ceryloninae,Cerylon,Cerylon castaneum,Cerylon castaneum,,3,,
6/26/24,NH,P,E,P1-E,Insecta,Coleoptera,Cerylonidae,Ceryloninae,Cerylon,Cerylon unicolor,Cerylon unicolor,,2,,
6/26/24,NH,P,E,P1-E,Insecta,Coleoptera,Cleridae,Epiphloeinae,Madoniella,Madoniella dislocata,Madoniella dislocata,,1,,
6/26/24,NH,P,E,P1-E,Insecta,Coleoptera,Corylophidae,Corylophinae,Orthoperus,Orthoperus scutellaris,Orthoperus scutellaris,,1,,
6/26/24,NH,P,E,P1-E,Insecta,Coleoptera,Curculionidae,Cossoninae,Himatium,Himatium errans,Himatium errans,,1,,
6/26/24,NH,P,E,P1-E,Insecta,Coleoptera,Curculionidae,Cossoninae,Stenoscelis,Stenoscelis brevis,Stenoscelis brevis,,11,,
6/26/24,NH,P,E,P1-E,Insecta,Coleoptera,Curculionidae,Cryptorhynchinae,Apteromechus,Apteromechus ferratus,Apteromechus ferratus,,2,,
6/26/24,NH,P,E,P1-E,Insecta,Coleoptera,Curculionidae,Scolytinae,Anisandrus,Anisandrus sayi,Anisandrus sayi,,28,,
6/26/24,NH,P,E,P1-E,Insecta,Coleoptera,Curculionidae,Scolytinae,Cyclorhipidion,Cyclorhipidion bodoanum,Cyclorhipidion bodoanum,,1,,
6/26/24,NH,P,E,P1-E,Insecta,Coleoptera,Curculionidae,Scolytinae,Heteroborips,Heteroborips seriatus,Heteroborips seriatus,,1,,
6/26/24,NH,P,E,P1-E,Insecta,Coleoptera,Curculionidae,Scolytinae,Monarthrum,Monarthrum mali,Monarthrum mali,,3,,
6/26/24,NH,P,E,P1-E,Insecta,Coleoptera,Curculionidae,Scolytinae,Phloeotribus,Phloeotribus liminaris,Phloeotribus liminaris,,2,,
6/26/24,NH,P,E,P1-E,Insecta,Coleoptera,Curculionidae,Scolytinae,Xyleborinus,Xyleborinus saxesenii,Xyleborinus saxesenii,,18,,
6/26/24,NH,P,E,P1-E,Insecta,Coleoptera,Curculionidae,Scolytinae,Xylosandrus,Xylosandrus crassiusculus,Xylosandrus crassiusculus,,8,,
6/26/24,NH,P,E,P1-E,Insecta,Coleoptera,Curculionidae,Scolytinae,Xylosandrus,Xylosandrus germanus,Xylosandrus germanus,,4,,
6/26/24,NH,P,E,P1-E,Insecta,Coleoptera,Dryophthoridae,Dryophthorinae,Dryophthorus,Dryophthorus americanus,Dryophthorus americanus,,4,,
6/26/24,NH,P,E,P1-E,Insecta,Coleoptera,Elateridae,Agrypninae,Lacon,Lacon discoideus,Lacon discoideus,,1,,
6/26/24,NH,P,E,P1-E,Insecta,Coleoptera,Elateridae,Dendrometrinae,Hadromorphus,Hadromorphus inflatus,Hadromorphus inflatus,,1,,
6/26/24,NH,P,E,P1-E,Insecta,Coleoptera,Elateridae,Dendrometrinae,Proludius,Proludius pyrros,Proludius pyrros,,1,,
6/26/24,NH,P,E,P1-E,Insecta,Coleoptera,Elateridae,Elaterinae,Ampedus,Ampedus melanotoides,Ampedus melanotoides,,1,,
6/26/24,NH,P,E,P1-E,Insecta,Coleoptera,Elateridae,Elaterinae,Ampedus,Ampedus semicinctus,Ampedus semicinctus,,2,,
6/26/24,NH,P,E,P1-E,Insecta,Coleoptera,Elateridae,Elaterinae,Melanotus,Melanotus hyslopi,Melanotus hyslopi,,1,,
6/26/24,NH,P,E,P1-E,Insecta,Coleoptera,Endomychidae,Leiestinae,Phymaphora,Phymaphora pulchella,Phymaphora pulchella,,1,,
6/26/24,NH,P,E,P1-E,Insecta,Coleoptera,Eucnemidae,Melasinae,Isorhipis,Isorhipis obliqua,Isorhipis obliqua,,2,,
6/26/24,NH,P,E,P1-E,Insecta,Coleoptera,Eucnemidae,Melasinae,Microrhagus,,Microrhagus sp.,,1,,
6/26/24,NH,P,E,P1-E,Insecta,Coleoptera,Latridiidae,Corticariinae,Melanophthalma,,Melanophthalma sp.,,75,,
6/26/24,NH,P,E,P1-E,Insecta,Coleoptera,Leiodidae,Leiodinae,Agathidium,,Agathidium sp.,,1,,
6/26/24,NH,P,E,P1-E,Insecta,Coleoptera,Leiodidae,Leiodinae,Anisotoma,Anisotoma obsoleta,Anisotoma obsoleta,,1,,
6/26/24,NH,P,E,P1-E,Insecta,Coleoptera,Melandryidae,Melandryinae,Dircaea,Dircaea liturata,Dircaea liturata,,1,,
6/26/24,NH,P,E,P1-E,Insecta,Coleoptera,Melandryidae,Melandryinae,Prothalpia,Prothalpia undata,Prothalpia undata,,1,,
6/26/24,NH,P,E,P1-E,Insecta,Coleoptera,Mordellidae,Mordellinae,Tomoxia,Tomoxia lineella,Tomoxia lineella,,1,,
6/26/24,NH,P,E,P1-E,Insecta,Coleoptera,Nitidulidae,Amphicrossinae,Amphicrossus,Amphicrossus ciliatus,Amphicrossus ciliatus,,1,,
6/26/24,NH,P,E,P1-E,Insecta,Coleoptera,Nitidulidae,Cillaeinae,Colopterus,Colopterus truncatus,Colopterus truncatus,,1,,
6/26/24,NH,P,E,P1-E,Insecta,Coleoptera,Nitidulidae,Cryptarchinae,Glischrochilus,Glischrochilus sanguinolentus,Glischrochilus sanguinolentus,,1,,
6/26/24,NH,P,E,P1-E,Insecta,Coleoptera,Nitidulidae,Nitidulinae,Stelidota,Stelidota geminata,Stelidota geminata,,1,,
6/26/24,NH,P,E,P1-E,Insecta,Coleoptera,Scarabaeidae,Melolonthinae,Maladera,Maladera formosae,Maladera formosae,,7,,
6/26/24,NH,P,E,P1-E,Insecta,Coleoptera,Scraptiidae,Scraptiinae,Canifa,Canifa pallipes,Canifa pallipes,,2,,
6/26/24,NH,P,E,P1-E,Insecta,Coleoptera,Staphylinidae,Aleocharinae,,,Aleocharinae gen. sp.,,1,,
6/26/24,NH,P,E,P1-E,Insecta,Coleoptera,Staphylinidae,Osoriinae,Thoracophorus,Thoracophorus costalis,Thoracophorus costalis,,3,,
6/26/24,NH,P,E,P1-E,Insecta,Coleoptera,Staphylinidae,Staphylininae,Hesperus,Hesperus apicialis,Hesperus apicialis,,4,,
6/26/24,NH,P,E,P1-E,Insecta,Coleoptera,Staphylinidae,Tachyporinae,Sepedophilus,,Sepedophilus sp.,,2,,
6/26/24,NH,P,E,P1-E,Insecta,Coleoptera,Synchroidae,NoSubfamily_Synchroinae,Synchroa,Synchroa punctata,Synchroa punctata,,1,,
6/26/24,NH,P,E,P1-E,Insecta,Coleoptera,Trogossitidae,Trogossitinae,Tenebroides,Tenebroides corticalis,Tenebroides corticalis,,2,,
6/26/24,NH,P,E,P1-E,Insecta,Hymenoptera,,,,,Parasitic Wasp,,1,,
6/26/24,NH,P,E,P1-E,Insecta,Lepidoptera,,,,,Caterpillar,,1,,
6/26/24,NH,P,EA,P2-EA,Arachnida,Araneae,,,,,Spider,2,2,,
6/26/24,NH,P,EA,P2-EA,Insecta,Coleoptera,Aderidae,NoSubfamily_Aderidae,Syzeton,Syzeton subfasciatus,Syzeton subfasciatus,,1,,
6/26/24,NH,P,EA,P2-EA,Insecta,Coleoptera,Cerambycidae,Cerambycinae,Neoclytus,Neoclytus acuminatus,Neoclytus acuminatus,,2,,
6/26/24,NH,P,EA,P2-EA,Insecta,Coleoptera,Cerambycidae,Cerambycinae,Xylotrechus,Xylotrechus colonus,Xylotrechus colonus,,2,,
6/26/24,NH,P,EA,P2-EA,Insecta,Coleoptera,Cerambycidae,Cerambycinae,Xylotrechus,Xylotrechus integer,Xylotrechus integer,,1,,
6/26/24,NH,P,EA,P2-EA,Insecta,Coleoptera,Cerambycidae,Lamiinae,Monochamus,Monochamus scutellatus,Monochamus scutellatus,,1,,
6/26/24,NH,P,EA,P2-EA,Insecta,Coleoptera,Cerambycidae,Lepturinae,Rhagium,Rhagium inquisitor,Rhagium inquisitor,,1,,
6/26/24,NH,P,EA,P2-EA,Insecta,Coleoptera,Cerambycidae,Spondylidinae,Asemum,Asemum striatum,Asemum striatum,,9,,
6/26/24,NH,P,EA,P2-EA,Insecta,Coleoptera,Cerambycidae,Spondylidinae,Tetropium,Tetropium schwarzianum,Tetropium schwarzianum,,5,,
6/26/24,NH,P,EA,P2-EA,Insecta,Coleoptera,Cerylonidae,Ceryloninae,Cerylon,Cerylon unicolor,Cerylon unicolor,,1,,
6/26/24,NH,P,EA,P2-EA,Insecta,Coleoptera,Ciidae,Ciinae,Cis,Cis creberrimus,Cis creberrimus,,1,,
6/26/24,NH,P,EA,P2-EA,Insecta,Coleoptera,Ciidae,Ciinae,Cis,Cis fuscipes,Cis fuscipes,,1,,
6/26/24,NH,P,EA,P2-EA,Insecta,Coleoptera,Cleridae,Clerinae,Enoclerus,Enoclerus nigripes,Enoclerus nigripes,,8,,
6/26/24,NH,P,EA,P2-EA,Insecta,Coleoptera,Cleridae,Clerinae,Thanasimus,Thanasimus dubius,Thanasimus dubius,,1,,
6/26/24,NH,P,EA,P2-EA,Insecta,Coleoptera,Cleridae,Epiphloeinae,Madoniella,Madoniella dislocata,Madoniella dislocata,,4,,
6/26/24,NH,P,EA,P2-EA,Insecta,Coleoptera,Curculionidae,Cossoninae,Himatium,Himatium errans,Himatium errans,,2,,
6/26/24,NH,P,EA,P2-EA,Insecta,Coleoptera,Curculionidae,Cossoninae,Stenoscelis,Stenoscelis brevis,Stenoscelis brevis,,7,,
6/26/24,NH,P,EA,P2-EA,Insecta,Coleoptera,Curculionidae,Entiminae,Cyrtepistomus,Cyrtepistomus castaneus,Cyrtepistomus castaneus,,2,,
6/26/24,NH,P,EA,P2-EA,Insecta,Coleoptera,Curculionidae,Molytinae,Hylobius,Hylobius congener,Hylobius congener,,1,,
6/26/24,NH,P,EA,P2-EA,Insecta,Coleoptera,Curculionidae,Molytinae,Hylobius,Hylobius pales,Hylobius pales,,1,,
6/26/24,NH,P,EA,P2-EA,Insecta,Coleoptera,Curculionidae,Molytinae,Pissodes,Pissodes affinis,Pissodes affinis,,2,,
6/26/24,NH,P,EA,P2-EA,Insecta,Coleoptera,Curculionidae,Scolytinae,Anisandrus,Anisandrus sayi,Anisandrus sayi,,1,,
6/26/24,NH,P,EA,P2-EA,Insecta,Coleoptera,Curculionidae,Scolytinae,Crypturgus,Crypturgus alutaceus,Crypturgus alutaceus,,1,,
6/26/24,NH,P,EA,P2-EA,Insecta,Coleoptera,Curculionidae,Scolytinae,Dryocoetes,Dryocoetes autographus,Dryocoetes autographus,,11,,
6/26/24,NH,P,EA,P2-EA,Insecta,Coleoptera,Curculionidae,Scolytinae,Gnathotrichus,Gnathotrichus materiarius,Gnathotrichus materiarius,,1,,
6/26/24,NH,P,EA,P2-EA,Insecta,Coleoptera,Curculionidae,Scolytinae,Hylastes,Hylastes porculus,Hylastes porculus,,2,,
6/26/24,NH,P,EA,P2-EA,Insecta,Coleoptera,Curculionidae,Scolytinae,Ips,Ips grandicollis,Ips grandicollis,,4,,
6/26/24,NH,P,EA,P2-EA,Insecta,Coleoptera,Curculionidae,Scolytinae,Monarthrum,Monarthrum mali,Monarthrum mali,,2,,
6/26/24,NH,P,EA,P2-EA,Insecta,Coleoptera,Curculionidae,Scolytinae,Orthotomicus,Orthotomicus caelatus,Orthotomicus caelatus,,2,,
6/26/24,NH,P,EA,P2-EA,Insecta,Coleoptera,Curculionidae,Scolytinae,Pityogenes,Pityogenes hopkinsi,Pityogenes hopkinsi,,1,,
6/26/24,NH,P,EA,P2-EA,Insecta,Coleoptera,Curculionidae,Scolytinae,Xyleborinus,Xyleborinus saxesenii,Xyleborinus saxesenii,,2,,
6/26/24,NH,P,EA,P2-EA,Insecta,Coleoptera,Curculionidae,Scolytinae,Xyleborus,Xyleborus intrusus,Xyleborus intrusus,,1,,
6/26/24,NH,P,EA,P2-EA,Insecta,Coleoptera,Curculionidae,Scolytinae,Xylosandrus,Xylosandrus crassiusculus,Xylosandrus crassiusculus,,17,,
6/26/24,NH,P,EA,P2-EA,Insecta,Coleoptera,Curculionidae,Scolytinae,Xylosandrus,Xylosandrus germanus,Xylosandrus germanus,,14,,
6/26/24,NH,P,EA,P2-EA,Insecta,Coleoptera,Dryophthoridae,Dryophthorinae,Dryophthorus,Dryophthorus americanus,Dryophthorus americanus,,5,,
6/26/24,NH,P,EA,P2-EA,Insecta,Coleoptera,Elateridae,Agrypninae,Danosoma,Danosoma brevicorne,Danosoma brevicorne,,1,,
6/26/24,NH,P,EA,P2-EA,Insecta,Coleoptera,Elateridae,Elaterinae,Melanotus,Melanotus castanipes,Melanotus castanipes,,2,,
6/26/24,NH,P,EA,P2-EA,Insecta,Coleoptera,Elateridae,Elaterinae,Melanotus,Melanotus hyslopi,Melanotus hyslopi,,2,,
6/26/24,NH,P,EA,P2-EA,Insecta,Coleoptera,Elateridae,Elaterinae,Melanotus,Melanotus similis,Melanotus similis,,3,,
6/26/24,NH,P,EA,P2-EA,Insecta,Coleoptera,Eucnemidae,Melasinae,Isorhipis,Isorhipis obliqua,Isorhipis obliqua,,1,,
6/26/24,NH,P,EA,P2-EA,Insecta,Coleoptera,Histeridae,Dendrophilinae,Paromalus,Paromalus teres,Paromalus teres,,42,,
6/26/24,NH,P,EA,P2-EA,Insecta,Coleoptera,Hydraenidae,Hydraeninae,Hydraena,,Hydraena sp.,,1,,
6/26/24,NH,P,EA,P2-EA,Insecta,Coleoptera,Lampyridae,Lampyrinae,Ellychnia,Ellychnia corrusca,Ellychnia corrusca,,1,,
6/26/24,NH,P,EA,P2-EA,Insecta,Coleoptera,Latridiidae,Corticariinae,Melanophthalma,,Melanophthalma sp.,,47,,
6/26/24,NH,P,EA,P2-EA,Insecta,Coleoptera,Leiodidae,Leiodinae,Agathidium,,Agathidium sp.,,2,,
6/26/24,NH,P,EA,P2-EA,Insecta,Coleoptera,Melandryidae,Melandryinae,Rushia,Rushia longula,Rushia longula,,22,,
6/26/24,NH,P,EA,P2-EA,Insecta,Coleoptera,Melyridae,Malachiinae,Attalus,,Attalus sp.,,1,,
6/26/24,NH,P,EA,P2-EA,Insecta,Coleoptera,Monotomidae,Monotominae,Pycnotomina,Pycnotomina cavicolle,Pycnotomina cavicolle,,1,,
6/26/24,NH,P,EA,P2-EA,Insecta,Coleoptera,Mordellidae,Mordellinae,Yakuhananomia,Yakuhananomia bidentata,Yakuhananomia bidentata,,1,,
6/26/24,NH,P,EA,P2-EA,Insecta,Coleoptera,Nitidulidae,Cryptarchinae,Glischrochilus,Glischrochilus sanguinolentus,Glischrochilus sanguinolentus,,1,,
6/26/24,NH,P,EA,P2-EA,Insecta,Coleoptera,Nitidulidae,Nitidulinae,Lobiopa,Lobiopa undulata,Lobiopa undulata,,4,,
6/26/24,NH,P,EA,P2-EA,Insecta,Coleoptera,Ptinidae,Anobiinae,Priobium,Priobium sericeum,Priobium sericeum,,1,,
6/26/24,NH,P,EA,P2-EA,Insecta,Coleoptera,Scirtidae,Scirtinae,Sacodes,Sacodes pulchella,Sacodes pulchella,,1,,
6/26/24,NH,P,EA,P2-EA,Insecta,Coleoptera,Scirtidae,Scirtinae,Sacodes,Sacodes thoracica,Sacodes thoracica,,1,,
6/26/24,NH,P,EA,P2-EA,Insecta,Coleoptera,Scraptiidae,Scraptiinae,Canifa,Canifa pallipes,Canifa pallipes,,2,,
6/26/24,NH,P,EA,P2-EA,Insecta,Coleoptera,Staphylinidae,Omaliinae,Phloeonomus,Phloeonomus laesicollis,Phloeonomus laesicollis,,17,,
6/26/24,NH,P,EA,P2-EA,Insecta,Coleoptera,Staphylinidae,Pselaphinae,,,Pselaphinae gen. sp.,,4,,
6/26/24,NH,P,EA,P2-EA,Insecta,Coleoptera,Staphylinidae,Scydmaeninae,,,Scydmaeninae gen. sp.,,1,,
6/26/24,NH,P,EA,P2-EA,Insecta,Coleoptera,Staphylinidae,Staphylininae,Hesperus,Hesperus apicialis,Hesperus apicialis,,4,,
6/26/24,NH,P,EA,P2-EA,Insecta,Coleoptera,Staphylinidae,Tachyporinae,Sepedophilus,,Sepedophilus sp.,2,2,,
6/26/24,NH,P,EA,P2-EA,Insecta,Coleoptera,Tenebrionidae,Alleculinae,Capnochroa,Capnochroa fuliginosa,Capnochroa fuliginosa,,2,,
6/26/24,NH,P,EA,P2-EA,Insecta,Coleoptera,Tenebrionidae,Alleculinae,Isomira,,Isomira sp.,,1,,
6/26/24,NH,P,EA,P2-EA,Insecta,Coleoptera,Tenebrionidae,Diaperinae,Corticeus,Corticeus parallelus,Corticeus parallelus,,1,,
6/26/24,NH,P,EA,P2-EA,Insecta,Coleoptera,Tenebrionidae,Diaperinae,Corticeus,Corticeus thoracicus,Corticeus thoracicus,,1,,
6/26/24,NH,P,EA,P2-EA,Insecta,Coleoptera,Tenebrionidae,Tenebrioninae,Neatus,Neatus tenebroides,Neatus tenebroides,,1,,
6/26/24,NH,P,EA,P2-EA,Insecta,Coleoptera,Thanerocleridae,Zenodosinae,Zenodosus,Zenodosus sanguineus,Zenodosus sanguineus,,1,,
6/26/24,NH,P,EA,P2-EA,Insecta,Coleoptera,Throscidae,NoSubfamily_Throscidae,Aulonothroscus,,Aulonothroscus sp.,,1,,
6/26/24,NH,P,EA,P2-EA,Insecta,Coleoptera,Throscidae,NoSubfamily_Throscidae,Trixagus,Trixagus chevrolati,Trixagus chevrolati,,1,,
6/26/24,NH,P,EA,P2-EA,Insecta,Coleoptera,Trogossitidae,Trogossitinae,Tenebroides,Tenebroides corticalis,Tenebroides corticalis,,1,,
6/26/24,NH,P,EA,P2-EA,Insecta,Coleoptera,Zopheridae,Colydiinae,Synchita,Synchita fuliginosa,Synchita fuliginosa,,1,,
6/26/24,NH,P,EA,P2-EA,Insecta,Hemiptera,Miridae,,,,Miridae gen. sp.,,2,,
6/26/24,NH,P,EA,P2-EA,Insecta,Hemiptera,Pentatomidae,Pentatominae,Menecles,Menecles insertus,Menecles insertus,,1,,
6/26/24,NH,P,EA,P2-EA,Insecta,Hymenoptera,Formicidae,Formicinae,Camponotus,Camponotus pennsylvanicus,Camponotus pennsylvanicus,,1,,
6/26/24,NH,P,EA,P2-EA,Insecta,Hymenoptera,Siricidae,Siricinae,Urocerus,Urocerus albicornis,Urocerus albicornis,,2,,
6/26/24,NH,P,EA,P2-EA,Insecta,Hymenoptera,,,,,Parasitic Wasp,,3,,
6/26/24,NH,P,EA,P2-EA,Insecta,Lepidoptera,,,,,Moth,,1,,
6/26/24,NH,P,EA,P2-EA,Insecta,Orthoptera,Gryllidae,,,,Tree Cricket,,1,,
6/26/24,NH,P,I,P3-I,Arachnida,Araneae,,,,,Spider,,1,,
6/26/24,NH,P,I,P3-I,Insecta,Coleoptera,Bostrichidae,Bostrichinae,Xylobiops,Xylobiops basilaris,Xylobiops basilaris,,1,,
6/26/24,NH,P,I,P3-I,Insecta,Coleoptera,Cerambycidae,Cerambycinae,Neoclytus,Neoclytus acuminatus,Neoclytus acuminatus,,3,,
6/26/24,NH,P,I,P3-I,Insecta,Coleoptera,Cerambycidae,Lamiinae,Astylopsis,Astylopsis sexguttata,Astylopsis sexguttata,,1,,
6/26/24,NH,P,I,P3-I,Insecta,Coleoptera,Cerambycidae,Lepturinae,Brachyleptura,Brachyleptura brevis,Brachyleptura brevis,,1,,
6/26/24,NH,P,I,P3-I,Insecta,Coleoptera,Ciidae,Ciinae,Cis,Cis creberrimus,Cis creberrimus,,1,,
6/26/24,NH,P,I,P3-I,Insecta,Coleoptera,Cleridae,Clerinae,Enoclerus,Enoclerus nigripes,Enoclerus nigripes,,11,,
6/26/24,NH,P,I,P3-I,Insecta,Coleoptera,Cleridae,Clerinae,Thanasimus,Thanasimus dubius,Thanasimus dubius,,2,,
6/26/24,NH,P,I,P3-I,Insecta,Coleoptera,Cleridae,Epiphloeinae,Madoniella,Madoniella dislocata,Madoniella dislocata,,1,,
6/26/24,NH,P,I,P3-I,Insecta,Coleoptera,Corylophidae,Corylophinae,Sericoderus,Sericoderus lateralis,Sericoderus lateralis,,1,,
6/26/24,NH,P,I,P3-I,Insecta,Coleoptera,Curculionidae,Cossoninae,Stenoscelis,Stenoscelis brevis,Stenoscelis brevis,,15,,
6/26/24,NH,P,I,P3-I,Insecta,Coleoptera,Curculionidae,Scolytinae,Orthotomicus,Orthotomicus caelatus,Orthotomicus caelatus,,5,,
6/26/24,NH,P,I,P3-I,Insecta,Coleoptera,Curculionidae,Scolytinae,Pityogenes,Pityogenes hopkinsi,Pityogenes hopkinsi,,1,,
6/26/24,NH,P,I,P3-I,Insecta,Coleoptera,Dryophthoridae,Dryophthorinae,Dryophthorus,Dryophthorus americanus,Dryophthorus americanus,,9,,
6/26/24,NH,P,I,P3-I,Insecta,Coleoptera,Elateridae,Dendrometrinae,Athous,Athous brightwelli,Athous brightwelli,,1,,
6/26/24,NH,P,I,P3-I,Insecta,Coleoptera,Elateridae,Elaterinae,Melanotus,Melanotus hyslopi,Melanotus hyslopi,,1,,
6/26/24,NH,P,I,P3-I,Insecta,Coleoptera,Eucnemidae,Melasinae,Isorhipis,Isorhipis obliqua,Isorhipis obliqua,,9,,
6/26/24,NH,P,I,P3-I,Insecta,Coleoptera,Histeridae,Histerinae,Platysoma,Platysoma coarctatum,Platysoma coarctatum,,1,,
6/26/24,NH,P,I,P3-I,Insecta,Coleoptera,Laemophloeidae,NoSubfamily_Laemophloeidae,Lathropus,Lathropus robustulus,Lathropus robustulus,,1,,
6/26/24,NH,P,I,P3-I,Insecta,Coleoptera,Lampyridae,Lampyrinae,Lucidota,Lucidota atra,Lucidota atra,,1,,
6/26/24,NH,P,I,P3-I,Insecta,Coleoptera,Latridiidae,Corticariinae,Melanophthalma,,Melanophthalma sp.,,113,,
6/26/24,NH,P,I,P3-I,Insecta,Coleoptera,Leiodidae,Leiodinae,Agathidium,,Agathidium sp.,,1,,
6/26/24,NH,P,I,P3-I,Insecta,Coleoptera,Lycidae,Erotinae,Erotides,Erotides sculptilis,Erotides sculptilis,,1,,
6/26/24,NH,P,I,P3-I,Insecta,Coleoptera,Monotomidae,Rhizophaginae,Rhizophagus,Rhizophagus remotus,Rhizophagus remotus,,1,,
6/26/24,NH,P,I,P3-I,Insecta,Coleoptera,Nitidulidae,Cryptarchinae,Glischrochilus,Glischrochilus sanguinolentus,Glischrochilus sanguinolentus,,1,,
6/26/24,NH,P,I,P3-I,Insecta,Coleoptera,Scarabaeidae,Melolonthinae,Maladera,Maladera formosae,Maladera formosae,,2,,
6/26/24,NH,P,I,P3-I,Insecta,Coleoptera,Scirtidae,Scirtinae,Contacyphon,,Contacyphon sp.,2,2,,
6/26/24,NH,P,I,P3-I,Insecta,Coleoptera,Scraptiidae,Scraptiinae,Canifa,Canifa pallipes,Canifa pallipes,,1,,
6/26/24,NH,P,I,P3-I,Insecta,Coleoptera,Staphylinidae,Scydmaeninae,,,Scydmaeninae gen. sp.,,1,,
6/26/24,NH,P,I,P3-I,Insecta,Coleoptera,Staphylinidae,Staphylininae,Belonuchus,Belonuchus rufipennis,Belonuchus rufipennis,,1,,
6/26/24,NH,P,I,P3-I,Insecta,Coleoptera,Staphylinidae,Staphylininae,Hesperus,Hesperus apicialis,Hesperus apicialis,,2,,
6/26/24,NH,P,I,P3-I,Insecta,Coleoptera,Staphylinidae,Tachyporinae,Sepedophilus,,Sepedophilus sp.,,2,,
6/26/24,NH,P,I,P3-I,Insecta,Coleoptera,Synchroidae,NoSubfamily_Synchroinae,Synchroa,Synchroa punctata,Synchroa punctata,,1,,
6/26/24,NH,P,I,P3-I,Insecta,Coleoptera,Tenebrionidae,Alleculinae,Mycetochara,Mycetochara binotata,Mycetochara binotata,,1,,
6/26/24,NH,P,I,P3-I,Insecta,Coleoptera,Tenebrionidae,Alleculinae,Mycetochara,Mycetochara fraterna,Mycetochara fraterna,,1,,
6/26/24,NH,P,I,P3-I,Insecta,Coleoptera,Thanerocleridae,Zenodosinae,Zenodosus,Zenodosus sanguineus,Zenodosus sanguineus,,1,,
6/26/24,NH,P,I,P3-I,Insecta,Coleoptera,Throscidae,NoSubfamily_Throscidae,Aulonothroscus,,Aulonothroscus sp.,,2,,
6/26/24,NH,P,I,P3-I,Insecta,Coleoptera,Trogossitidae,Trogossitinae,Tenebroides,Tenebroides corticalis,Tenebroides corticalis,,5,,
6/26/24,NH,P,I,P3-I,Insecta,Hemiptera,Miridae,,,,Miridae gen. sp.,,1,,
6/26/24,NH,P,I,P3-I,Insecta,Hemiptera,Pentatomidae,Pentatominae,Menecles,Menecles insertus,Menecles insertus,,2,,
6/26/24,NH,P,I,P3-I,Insecta,Hymenoptera,Apidae,Apinae,Bombus,,Bombus sp.,,4,,
6/26/24,NH,P,I,P3-I,Insecta,Hymenoptera,,,,,Parasitic Wasp,2,2,,
7/10/24,NH,C,E,C1-E,Arachnida,Araneae,,,,,Spider,,1,,
7/10/24,NH,C,E,C1-E,Insecta,Coleoptera,Carabidae,Harpalinae,Cymindis,Cymindis limbata,Cymindis limbata,,3,,
7/10/24,NH,C,E,C1-E,Insecta,Coleoptera,Cerambycidae,Cerambycinae,Neoclytus,Neoclytus acuminatus,Neoclytus acuminatus,,1,,
7/10/24,NH,C,E,C1-E,Insecta,Coleoptera,Cerambycidae,Lepturinae,Gaurotes,Gaurotes cyanipennis,Gaurotes cyanipennis,,1,,
7/10/24,NH,C,E,C1-E,Insecta,Coleoptera,Cerambycidae,Prioninae,Orthosoma,Orthosoma brunneum,Orthosoma brunneum,,1,,
7/10/24,NH,C,E,C1-E,Insecta,Coleoptera,Curculionidae,Cossoninae,Stenoscelis,Stenoscelis brevis,Stenoscelis brevis,,2,,
7/10/24,NH,C,E,C1-E,Insecta,Coleoptera,Curculionidae,Scolytinae,Anisandrus,Anisandrus sayi,Anisandrus sayi,,1,,
7/10/24,NH,C,E,C1-E,Insecta,Coleoptera,Elateridae,Dendrometrinae,Athous,Athous neacanthus,Athous neacanthus,,2,,
7/10/24,NH,C,E,C1-E,Insecta,Coleoptera,Elateridae,Elaterinae,Ampedus,Ampedus melanotoides,Ampedus melanotoides,,2,,
7/10/24,NH,C,E,C1-E,Insecta,Coleoptera,Elateridae,Elaterinae,Melanotus,Melanotus hyslopi,Melanotus hyslopi,,3,,
7/10/24,NH,C,E,C1-E,Insecta,Coleoptera,Eucnemidae,Dromaeolinae,Onichodon,,Onichodon sp.,,1,,
7/10/24,NH,C,E,C1-E,Insecta,Coleoptera,Eucnemidae,Melasinae,Hylis,Hylis terminalis,Hylis terminalis,,1,,
7/10/24,NH,C,E,C1-E,Insecta,Coleoptera,Eucnemidae,Melasinae,Isorhipis,Isorhipis obliqua,Isorhipis obliqua,,1,,
7/10/24,NH,C,E,C1-E,Insecta,Coleoptera,Hydrophilidae,Enochrinae,Enochrus,,Enochrus sp.,,1,,
7/10/24,NH,C,E,C1-E,Insecta,Coleoptera,Latridiidae,Corticariinae,Melanophthalma,,Melanophthalma sp.,,8,,
7/10/24,NH,C,E,C1-E,Insecta,Coleoptera,Mordellidae,Mordellinae,Mordellaria,Mordellaria serval,Mordellaria serval,,1,,
7/10/24,NH,C,E,C1-E,Insecta,Coleoptera,Nitidulidae,Amphicrossinae,Amphicrossus,Amphicrossus ciliatus,Amphicrossus ciliatus,,1,,
7/10/24,NH,C,E,C1-E,Insecta,Coleoptera,Scirtidae,Scirtinae,Contacyphon,,Contacyphon sp.,,3,,
7/10/24,NH,C,E,C1-E,Insecta,Coleoptera,Scraptiidae,Scraptiinae,Canifa,Canifa pallipes,Canifa pallipes,,1,,
7/10/24,NH,C,E,C1-E,Insecta,Coleoptera,Tenebrionidae,Alleculinae,Hymenorus,,Hymenorus sp.,,3,,
7/10/24,NH,C,E,C1-E,Insecta,Coleoptera,Tenebrionidae,Alleculinae,Isomira,,Isomira sp.,,1,,
7/10/24,NH,C,E,C1-E,Insecta,Coleoptera,Tenebrionidae,Alleculinae,Mycetochara,Mycetochara fraterna,Mycetochara fraterna,,1,,
7/10/24,NH,C,E,C1-E,Insecta,Coleoptera,Tenebrionidae,Stenochiinae,Haplandrus,Haplandrus fulvipes,Haplandrus fulvipes,,2,,
7/10/24,NH,C,E,C1-E,Insecta,Coleoptera,Tetratomidae,Penthinae,Penthe,Penthe obliquata,Penthe obliquata,,1,,
7/10/24,NH,C,E,C1-E,Insecta,Coleoptera,Thanerocleridae,Zenodosinae,Zenodosus,Zenodosus sanguineus,Zenodosus sanguineus,,1,,
7/10/24,NH,C,E,C1-E,Insecta,Hemiptera,Gerridae,,,,Gerridae gen. sp.,,1,,
7/10/24,NH,C,E,C1-E,Insecta,Hymenoptera,,,,,Parasitic Wasp,4,4,,
7/10/24,NH,C,E,C1-E,Insecta,Hymenoptera,,,,,Wasp,,1,,
7/10/24,NH,C,E,C1-E,Insecta,Lepidoptera,,,,,Moth,,1,,
7/10/24,NH,C,EA,C2-EA,Arachnida,Araneae,,,,,Spider,,1,,
7/10/24,NH,C,EA,C2-EA,Insecta,Coleoptera,Cantharidae,Cantharinae,Rhagonycha,,Rhagonycha sp.,,1,,
7/10/24,NH,C,EA,C2-EA,Insecta,Coleoptera,Carabidae,Harpalinae,Cymindis,Cymindis limbata,Cymindis limbata,,4,,
7/10/24,NH,C,EA,C2-EA,Insecta,Coleoptera,Cerambycidae,Cerambycinae,Neoclytus,Neoclytus acuminatus,Neoclytus acuminatus,,1,,
7/10/24,NH,C,EA,C2-EA,Insecta,Coleoptera,Cerambycidae,Cerambycinae,Xylotrechus,Xylotrechus integer,Xylotrechus integer,,1,,
7/10/24,NH,C,EA,C2-EA,Insecta,Coleoptera,Cerambycidae,Lamiinae,Monochamus,Monochamus notatus,Monochamus notatus,,1,,
7/10/24,NH,C,EA,C2-EA,Insecta,Coleoptera,Cerambycidae,Lepturinae,Etorofus,Etorofus deletus,Etorofus deletus,,1,y,rare
7/10/24,NH,C,EA,C2-EA,Insecta,Coleoptera,Corylophidae,Corylophinae,Orthoperus,Orthoperus scutellaris,Orthoperus scutellaris,,1,,
7/10/24,NH,C,EA,C2-EA,Insecta,Coleoptera,Curculionidae,Cossoninae,Stenoscelis,Stenoscelis brevis,Stenoscelis brevis,,1,,
7/10/24,NH,C,EA,C2-EA,Insecta,Coleoptera,Curculionidae,Molytinae,Hylobius,Hylobius pales,Hylobius pales,,5,,
7/10/24,NH,C,EA,C2-EA,Insecta,Coleoptera,Curculionidae,Molytinae,Pissodes,Pissodes affinis,Pissodes affinis,,1,,
7/10/24,NH,C,EA,C2-EA,Insecta,Coleoptera,Curculionidae,Scolytinae,Corthylus,Corthylus columbianus,Corthylus columbianus,,1,,
7/10/24,NH,C,EA,C2-EA,Insecta,Coleoptera,Curculionidae,Scolytinae,Dryocoetes,Dryocoetes autographus,Dryocoetes autographus,,4,,
7/10/24,NH,C,EA,C2-EA,Insecta,Coleoptera,Dermestidae,Megatominae,Anthrenus,,Anthrenus sp.,,1,,
7/10/24,NH,C,EA,C2-EA,Insecta,Coleoptera,Elateridae,Dendrometrinae,Athous,Athous neacanthus,Athous neacanthus,,1,,
7/10/24,NH,C,EA,C2-EA,Insecta,Coleoptera,Elateridae,Elaterinae,Ampedus,Ampedus melanotoides,Ampedus melanotoides,,1,,
7/10/24,NH,C,EA,C2-EA,Insecta,Coleoptera,Elateridae,Elaterinae,Melanotus,Melanotus hyslopi,Melanotus hyslopi,,2,,
7/10/24,NH,C,EA,C2-EA,Insecta,Coleoptera,Eucnemidae,Dromaeolinae,Dromaeolus,Dromaeolus cylindricollis,Dromaeolus cylindricollis,,1,,
7/10/24,NH,C,EA,C2-EA,Insecta,Coleoptera,Histeridae,Dendrophilinae,Paromalus,Paromalus teres,Paromalus teres,,2,,
7/10/24,NH,C,EA,C2-EA,Insecta,Coleoptera,Hydrophilidae,Enochrinae,Enochrus,,Enochrus sp.,,2,,
7/10/24,NH,C,EA,C2-EA,Insecta,Coleoptera,Laemophloeidae,NoSubfamily_Laemophloeidae,Leptophloeus,Leptophloeus angustulus,Leptophloeus angustulus,,1,,
7/10/24,NH,C,EA,C2-EA,Insecta,Coleoptera,Latridiidae,Corticariinae,Melanophthalma,,Melanophthalma sp.,,13,,
7/10/24,NH,C,EA,C2-EA,Insecta,Coleoptera,Latridiidae,Latridiinae,Enicmus,Enicmus tenuicornis,Enicmus tenuicornis,,1,,
7/10/24,NH,C,EA,C2-EA,Insecta,Coleoptera,Melandryidae,Melandryinae,Dircaea,Dircaea liturata,Dircaea liturata,,1,,
7/10/24,NH,C,EA,C2-EA,Insecta,Coleoptera,Ptiliidae,,,,Ptiliidae gen. sp.,,1,,
7/10/24,NH,C,EA,C2-EA,Insecta,Coleoptera,Ptinidae,Dorcatominae,Sculptotheca,Sculptotheca puberula,Sculptotheca puberula,,1,,
7/10/24,NH,C,EA,C2-EA,Insecta,Coleoptera,Scarabaeidae,Rutelinae,Anomala,Anomala orientalis,Anomala orientalis,,1,,
7/10/24,NH,C,EA,C2-EA,Insecta,Coleoptera,Scirtidae,Scirtinae,Contacyphon,,Contacyphon sp.,,1,,
7/10/24,NH,C,EA,C2-EA,Insecta,Coleoptera,Staphylinidae,Aleocharinae,,,Aleocharinae gen. sp.,,1,,
7/10/24,NH,C,EA,C2-EA,Insecta,Coleoptera,Staphylinidae,Omaliinae,Phloeonomus,Phloeonomus laesicollis,Phloeonomus laesicollis,,1,,
7/10/24,NH,C,EA,C2-EA,Insecta,Coleoptera,Staphylinidae,Staphylininae,Belonuchus,Belonuchus rufipennis,Belonuchus rufipennis,,2,,
7/10/24,NH,C,EA,C2-EA,Insecta,Coleoptera,Tenebrionidae,Alleculinae,Androchirus,Androchirus erythropus,Androchirus erythropus,,1,,
7/10/24,NH,C,EA,C2-EA,Insecta,Coleoptera,Tenebrionidae,Alleculinae,Capnochroa,Capnochroa fuliginosa,Capnochroa fuliginosa,,1,,
7/10/24,NH,C,EA,C2-EA,Insecta,Coleoptera,Tenebrionidae,Alleculinae,Mycetochara,Mycetochara fraterna,Mycetochara fraterna,,2,,
7/10/24,NH,C,EA,C2-EA,Insecta,Coleoptera,Tenebrionidae,Stenochiinae,Haplandrus,Haplandrus fulvipes,Haplandrus fulvipes,,1,,
7/10/24,NH,C,EA,C2-EA,Insecta,Coleoptera,Trogossitidae,Trogossitinae,Tenebroides,Tenebroides corticalis,Tenebroides corticalis,,2,,
7/10/24,NH,C,EA,C2-EA,Insecta,Hemiptera,Microphysidae,Microphysinae,Mallochiola,Mallochiola gagates,Mallochiola gagates,,1,,
7/10/24,NH,C,EA,C2-EA,Insecta,Hemiptera,Veliidae,Microveliinae,Microvelia,Microvelia albonotata,Microvelia albonotata,,1,,
7/10/24,NH,C,EA,C2-EA,Insecta,Hymenoptera,Pompilidae,,,,Spider Wasp,,2,,
7/10/24,NH,C,EA,C2-EA,Insecta,Hymenoptera,,,,,Parasitic Wasp,4,4,,
7/10/24,NH,C,EA,C2-EA,Insecta,Lepidoptera,,,,,Moth,,1,,
7/10/24,NH,C,I,C3-I,Insecta,Coleoptera,Cerambycidae,Lepturinae,Brachyleptura,Brachyleptura brevis,Brachyleptura brevis,,1,,
7/10/24,NH,C,I,C3-I,Insecta,Coleoptera,Corylophidae,Corylophinae,Orthoperus,Orthoperus scutellaris,Orthoperus scutellaris,,1,,
7/10/24,NH,C,I,C3-I,Insecta,Coleoptera,Curculionidae,Cossoninae,Stenoscelis,Stenoscelis brevis,Stenoscelis brevis,,1,,
7/10/24,NH,C,I,C3-I,Insecta,Coleoptera,Curculionidae,Scolytinae,Lymantor,Lymantor decipiens,Lymantor decipiens,,2,,
7/10/24,NH,C,I,C3-I,Insecta,Coleoptera,Elateridae,Dendrometrinae,Athous,Athous brightwelli,Athous brightwelli,,1,,
7/10/24,NH,C,I,C3-I,Insecta,Coleoptera,Elateridae,Dendrometrinae,Athous,Athous neacanthus,Athous neacanthus,,1,,
7/10/24,NH,C,I,C3-I,Insecta,Coleoptera,Elateridae,Elaterinae,Ampedus,Ampedus melanotoides,Ampedus melanotoides,,1,,
7/10/24,NH,C,I,C3-I,Insecta,Coleoptera,Elateridae,Elaterinae,Melanotus,Melanotus hyslopi,Melanotus hyslopi,,3,,
7/10/24,NH,C,I,C3-I,Insecta,Coleoptera,Eucnemidae,Dromaeolinae,Dromaeolus,Dromaeolus cylindricollis,Dromaeolus cylindricollis,,1,,
7/10/24,NH,C,I,C3-I,Insecta,Coleoptera,Eucnemidae,Dromaeolinae,Onichodon,,Onichodon sp.,,1,,
7/10/24,NH,C,I,C3-I,Insecta,Coleoptera,Eucnemidae,Melasinae,Entomophthalmus,Entomophthalmus rufiolus,Entomophthalmus rufiolus,,1,,
7/10/24,NH,C,I,C3-I,Insecta,Coleoptera,Eucnemidae,Melasinae,Isorhipis,Isorhipis obliqua,Isorhipis obliqua,,1,,
7/10/24,NH,C,I,C3-I,Insecta,Coleoptera,Eucnemidae,Melasinae,Microrhagus,,Microrhagus sp.,,1,,
7/10/24,NH,C,I,C3-I,Insecta,Coleoptera,Histeridae,Dendrophilinae,Paromalus,Paromalus teres,Paromalus teres,,1,,
7/10/24,NH,C,I,C3-I,Insecta,Coleoptera,Latridiidae,Corticariinae,Melanophthalma,,Melanophthalma sp.,,17,,
7/10/24,NH,C,I,C3-I,Insecta,Coleoptera,Melandryidae,Melandryinae,Dircaea,Dircaea liturata,Dircaea liturata,,2,,
7/10/24,NH,C,I,C3-I,Insecta,Coleoptera,Mordellidae,Mordellinae,Mordellistena,Mordellistena trifasciata,Mordellistena trifasciata,,1,,
7/10/24,NH,C,I,C3-I,Insecta,Coleoptera,Ptinidae,Anobiinae,Priobium,Priobium sericeum,Priobium sericeum,,1,,
7/10/24,NH,C,I,C3-I,Insecta,Coleoptera,Scarabaeidae,Rutelinae,Anomala,Anomala orientalis,Anomala orientalis,,1,,
7/10/24,NH,C,I,C3-I,Insecta,Coleoptera,Staphylinidae,Pselaphinae,,,Pselaphinae gen. sp.,,1,,
7/10/24,NH,C,I,C3-I,Insecta,Coleoptera,Tenebrionidae,Alleculinae,Hymenorus,,Hymenorus sp.,,1,,
7/10/24,NH,C,I,C3-I,Insecta,Coleoptera,Tenebrionidae,Alleculinae,Isomira,,Isomira sp.,,2,,
7/10/24,NH,C,I,C3-I,Insecta,Coleoptera,Tenebrionidae,Stenochiinae,Haplandrus,Haplandrus fulvipes,Haplandrus fulvipes,,1,,
7/10/24,NH,C,I,C3-I,Insecta,Coleoptera,Trogossitidae,Trogossitinae,Tenebroides,Tenebroides corticalis,Tenebroides corticalis,,1,,
7/10/24,NH,C,I,C3-I,Insecta,Hemiptera,Gerridae,,,,Gerridae gen. sp.,,1,,
7/10/24,NH,C,I,C3-I,Insecta,Hemiptera,Microphysidae,Microphysinae,Mallochiola,Mallochiola gagates,Mallochiola gagates,,1,y,new state record/northernmost record
7/10/24,NH,C,I,C3-I,Insecta,Hymenoptera,Pompilidae,,,,Spider Wasp,,2,,
7/10/24,NH,C,I,C3-I,Insecta,Hymenoptera,,,,,Parasitic Wasp,5,5,,
7/10/24,NH,C,I,C3-I,Insecta,Lepidoptera,,,,,Moth,3,3,,
7/10/24,NH,C,I,C3-I,Insecta,Trichoptera,,,,,Caddisfly,,1,,
7/10/24,NH,D,E,D1-E,Arachnida,Araneae,,,,,Spider,,1,,
7/10/24,NH,D,E,D1-E,Insecta,Coleoptera,Cleridae,Clerinae,Enoclerus,Enoclerus nigripes,Enoclerus nigripes,,1,,
7/10/24,NH,D,E,D1-E,Insecta,Coleoptera,Cleridae,Epiphloeinae,Madoniella,Madoniella dislocata,Madoniella dislocata,,1,,
7/10/24,NH,D,E,D1-E,Insecta,Coleoptera,Curculionidae,Cossoninae,Himatium,Himatium errans,Himatium errans,,1,,
7/10/24,NH,D,E,D1-E,Insecta,Coleoptera,Curculionidae,Cossoninae,Stenoscelis,Stenoscelis brevis,Stenoscelis brevis,,2,,
7/10/24,NH,D,E,D1-E,Insecta,Coleoptera,Curculionidae,Cryptorhynchinae,Apteromechus,Apteromechus ferratus,Apteromechus ferratus,,1,y,apparent state record
7/10/24,NH,D,E,D1-E,Insecta,Coleoptera,Curculionidae,Scolytinae,Corthylus,Corthylus columbianus,Corthylus columbianus,,1,,
7/10/24,NH,D,E,D1-E,Insecta,Coleoptera,Curculionidae,Scolytinae,Cyclorhipidion,Cyclorhipidion bodoanum,Cyclorhipidion bodoanum,,2,,
7/10/24,NH,D,E,D1-E,Insecta,Coleoptera,Curculionidae,Scolytinae,Gnathotrichus,Gnathotrichus materiarius,Gnathotrichus materiarius,,1,,
7/10/24,NH,D,E,D1-E,Insecta,Coleoptera,Curculionidae,Scolytinae,Orthotomicus,Orthotomicus caelatus,Orthotomicus caelatus,,1,,
7/10/24,NH,D,E,D1-E,Insecta,Coleoptera,Curculionidae,Scolytinae,Xyleborinus,Xyleborinus saxesenii,Xyleborinus saxesenii,,1,,
7/10/24,NH,D,E,D1-E,Insecta,Coleoptera,Curculionidae,Scolytinae,Xylosandrus,Xylosandrus germanus,Xylosandrus germanus,,3,,
7/10/24,NH,D,E,D1-E,Insecta,Coleoptera,Dryophthoridae,Dryophthorinae,Dryophthorus,Dryophthorus americanus,Dryophthorus americanus,,2,,
7/10/24,NH,D,E,D1-E,Insecta,Coleoptera,Elateridae,Dendrometrinae,Athous,Athous cucullatus,Athous cucullatus,,2,,
7/10/24,NH,D,E,D1-E,Insecta,Coleoptera,Elateridae,Dendrometrinae,Athous,Athous neacanthus,Athous neacanthus,,3,,
7/10/24,NH,D,E,D1-E,Insecta,Coleoptera,Elateridae,Dendrometrinae,Hemicrepidius,Hemicrepidius nemnonius,Hemicrepidius nemnonius,,1,,
7/10/24,NH,D,E,D1-E,Insecta,Coleoptera,Eucnemidae,Melasinae,Isorhipis,Isorhipis obliqua,Isorhipis obliqua,,2,,
7/10/24,NH,D,E,D1-E,Insecta,Coleoptera,Histeridae,Dendrophilinae,Paromalus,Paromalus teres,Paromalus teres,,1,,
7/10/24,NH,D,E,D1-E,Insecta,Coleoptera,Hydraenidae,Hydraeninae,Hydraena,,Hydraena sp.,,1,,
7/10/24,NH,D,E,D1-E,Insecta,Coleoptera,Hydrophilidae,,,,Hydrophilidae gen. sp.,,1,,missing head and pronotum
7/10/24,NH,D,E,D1-E,Insecta,Coleoptera,Lampyridae,Lampyrinae,Ellychnia,Ellychnia corrusca,Ellychnia corrusca,,1,,
7/10/24,NH,D,E,D1-E,Insecta,Coleoptera,Latridiidae,Corticariinae,Melanophthalma,,Melanophthalma sp.,,23,,
7/10/24,NH,D,E,D1-E,Insecta,Coleoptera,Leiodidae,Cholevinae,Sciodrepoides,Sciodrepoides terminans,Sciodrepoides terminans,,4,,
7/10/24,NH,D,E,D1-E,Insecta,Coleoptera,Leiodidae,Leiodinae,Agathidium,,Agathidium sp.,,2,,
7/10/24,NH,D,E,D1-E,Insecta,Coleoptera,Lucanidae,Syndesinae,Ceruchus,Ceruchus piceus,Ceruchus piceus,,1,,
7/10/24,NH,D,E,D1-E,Insecta,Coleoptera,Monotomidae,Monotominae,Pycnotomina,Pycnotomina cavicolle,Pycnotomina cavicolle,,1,,
7/10/24,NH,D,E,D1-E,Insecta,Coleoptera,Mordellidae,Mordellinae,Mordellaria,Mordellaria serval,Mordellaria serval,,1,,
7/10/24,NH,D,E,D1-E,Insecta,Coleoptera,Nitidulidae,Cryptarchinae,Glischrochilus,Glischrochilus sanguinolentus,Glischrochilus sanguinolentus,,3,,
7/10/24,NH,D,E,D1-E,Insecta,Coleoptera,Scarabaeidae,Rutelinae,Anomala,Anomala orientalis,Anomala orientalis,,1,,
7/10/24,NH,D,E,D1-E,Insecta,Coleoptera,Staphylinidae,Aleocharinae,,,Aleocharinae gen. sp.,,3,,
7/10/24,NH,D,E,D1-E,Insecta,Coleoptera,Staphylinidae,Silphinae,Necrophila,Necrophila americana,Necrophila americana,,3,,only one placed in vial
7/10/24,NH,D,E,D1-E,Insecta,Coleoptera,Staphylinidae,Silphinae,Nicrophorus,Nicrophorus hebes,Nicrophorus hebes,,1,y,rarely collected bog/marsh specialist
7/10/24,NH,D,E,D1-E,Insecta,Coleoptera,Staphylinidae,Silphinae,Nicrophorus,Nicrophorus orbicollis,Nicrophorus orbicollis,,10,,only one placed in vial
7/10/24,NH,D,E,D1-E,Insecta,Coleoptera,Staphylinidae,Silphinae,Nicrophorus,Nicrophorus tomentosus,Nicrophorus tomentosus,,14,,only one placed in vial
7/10/24,NH,D,E,D1-E,Insecta,Coleoptera,Staphylinidae,Silphinae,Oiceoptoma,Oiceoptoma noveboracense,Oiceoptoma noveboracense,,2,,only one placed in vial
7/10/24,NH,D,E,D1-E,Insecta,Coleoptera,Staphylinidae,Staphylininae,Philonthus,Philonthus caeruleipennis,Philonthus caeruleipennis,,4,,
7/10/24,NH,D,E,D1-E,Insecta,Coleoptera,Staphylinidae,Tachyporinae,Sepedophilus,,Sepedophilus sp.,,1,,
7/10/24,NH,D,E,D1-E,Insecta,Coleoptera,Tenebrionidae,Alleculinae,Isomira,,Isomira sp.,,1,,
7/10/24,NH,D,E,D1-E,Insecta,Coleoptera,Tenebrionidae,Alleculinae,Mycetochara,Mycetochara fraterna,Mycetochara fraterna,,1,,
7/10/24,NH,D,E,D1-E,Insecta,Coleoptera,Throscidae,NoSubfamily_Throscidae,Aulonothroscus,,Aulonothroscus sp.,,1,,
7/10/24,NH,D,E,D1-E,Insecta,Coleoptera,Trogossitidae,Trogossitinae,Tenebroides,Tenebroides corticalis,Tenebroides corticalis,,2,,
7/10/24,NH,D,E,D1-E,Insecta,Hymenoptera,,,,,Parasitic Wasp,2,2,,
7/10/24,NH,D,E,D1-E,Insecta,Lepidoptera,,,,,Caterpillar,,1,,
7/10/24,NH,D,E,D1-E,Insecta,Lepidoptera,,,,,Moth,,1,,
7/10/24,NH,D,EA,D2-EA,Arachnida,Araneae,,,,,Spider,,2,,
7/10/24,NH,D,EA,D2-EA,Insecta,Coleoptera,Carabidae,Harpalinae,Cymindis,Cymindis limbata,Cymindis limbata,,1,,
7/10/24,NH,D,EA,D2-EA,Insecta,Coleoptera,Carabidae,Trechinae,Mioptachys,Mioptachys flavicauda,Mioptachys flavicauda,,1,,
7/10/24,NH,D,EA,D2-EA,Insecta,Coleoptera,Cerambycidae,Cerambycinae,Xylotrechus,Xylotrechus integer,Xylotrechus integer,,1,,
7/10/24,NH,D,EA,D2-EA,Insecta,Coleoptera,Cerambycidae,Lepturinae,Judolia,Judolia cordifera,Judolia cordifera,,1,,
7/10/24,NH,D,EA,D2-EA,Insecta,Coleoptera,Cerambycidae,Spondylidinae,Tetropium,Tetropium schwarzianum,Tetropium schwarzianum,,1,,
7/10/24,NH,D,EA,D2-EA,Insecta,Coleoptera,Cerylonidae,Ceryloninae,Cerylon,Cerylon unicolor,Cerylon unicolor,,1,,
7/10/24,NH,D,EA,D2-EA,Insecta,Coleoptera,Cleridae,Clerinae,Enoclerus,Enoclerus nigripes,Enoclerus nigripes,,1,,
7/10/24,NH,D,EA,D2-EA,Insecta,Coleoptera,Cleridae,Epiphloeinae,Madoniella,Madoniella dislocata,Madoniella dislocata,,2,,
7/10/24,NH,D,EA,D2-EA,Insecta,Coleoptera,Curculionidae,Molytinae,Hylobius,Hylobius pales,Hylobius pales,,3,,
7/10/24,NH,D,EA,D2-EA,Insecta,Coleoptera,Curculionidae,Molytinae,Pissodes,Pissodes affinis,Pissodes affinis,,1,,
7/10/24,NH,D,EA,D2-EA,Insecta,Coleoptera,Curculionidae,Scolytinae,Corthylus,Corthylus columbianus,Corthylus columbianus,,1,,
7/10/24,NH,D,EA,D2-EA,Insecta,Coleoptera,Curculionidae,Scolytinae,Dendroctonus,Dendroctonus valens,Dendroctonus valens,,1,,
7/10/24,NH,D,EA,D2-EA,Insecta,Coleoptera,Curculionidae,Scolytinae,Hylurgops,Hylurgops pinifex,Hylurgops pinifex,,2,,
7/10/24,NH,D,EA,D2-EA,Insecta,Coleoptera,Curculionidae,Scolytinae,Ips,Ips grandicollis,Ips grandicollis,,2,,
7/10/24,NH,D,EA,D2-EA,Insecta,Coleoptera,Curculionidae,Scolytinae,Monarthrum,Monarthrum mali,Monarthrum mali,,1,,
7/10/24,NH,D,EA,D2-EA,Insecta,Coleoptera,Curculionidae,Scolytinae,Xyleborinus,Xyleborinus attenuatus,Xyleborinus attenuatus,,1,,
7/10/24,NH,D,EA,D2-EA,Insecta,Coleoptera,Curculionidae,Scolytinae,Xylosandrus,Xylosandrus germanus,Xylosandrus germanus,,11,,
7/10/24,NH,D,EA,D2-EA,Insecta,Coleoptera,Dryophthoridae,Dryophthorinae,Dryophthorus,Dryophthorus americanus,Dryophthorus americanus,,1,,
7/10/24,NH,D,EA,D2-EA,Insecta,Coleoptera,Elateridae,Dendrometrinae,Athous,Athous neacanthus,Athous neacanthus,,1,,
7/10/24,NH,D,EA,D2-EA,Insecta,Coleoptera,Elateridae,Dendrometrinae,Limonius,Limonius basilaris,Limonius basilaris,,1,,
7/10/24,NH,D,EA,D2-EA,Insecta,Coleoptera,Elateridae,Elaterinae,Ampedus,Ampedus melanotoides,Ampedus melanotoides,,1,,
7/10/24,NH,D,EA,D2-EA,Insecta,Coleoptera,Elateridae,Elaterinae,Melanotus,Melanotus hyslopi,Melanotus hyslopi,,4,,
7/10/24,NH,D,EA,D2-EA,Insecta,Coleoptera,Eucnemidae,Melasinae,Microrhagus,,Microrhagus sp.,,1,,
7/10/24,NH,D,EA,D2-EA,Insecta,Coleoptera,Histeridae,Dendrophilinae,Paromalus,Paromalus teres,Paromalus teres,,4,,
7/10/24,NH,D,EA,D2-EA,Insecta,Coleoptera,Histeridae,Histerinae,Platysoma,Platysoma coarctatum,Platysoma coarctatum,,1,,
7/10/24,NH,D,EA,D2-EA,Insecta,Coleoptera,Latridiidae,Corticariinae,Melanophthalma,,Melanophthalma sp.,,14,,
7/10/24,NH,D,EA,D2-EA,Insecta,Coleoptera,Melandryidae,Melandryinae,Rushia,Rushia longula,Rushia longula,,5,,
7/10/24,NH,D,EA,D2-EA,Insecta,Coleoptera,Nitidulidae,Nitidulinae,Lobiopa,Lobiopa undulata,Lobiopa undulata,,1,,
7/10/24,NH,D,EA,D2-EA,Insecta,Coleoptera,Scirtidae,Scirtinae,Contacyphon,,Contacyphon sp.,,1,,
7/10/24,NH,D,EA,D2-EA,Insecta,Coleoptera,Staphylinidae,Omaliinae,Phloeonomus,Phloeonomus laesicollis,Phloeonomus laesicollis,,1,,
7/10/24,NH,D,EA,D2-EA,Insecta,Coleoptera,Staphylinidae,Staphylininae,Belonuchus,Belonuchus rufipennis,Belonuchus rufipennis,,1,,
7/10/24,NH,D,EA,D2-EA,Insecta,Coleoptera,Staphylinidae,Staphylininae,Quedius,Quedius cruentus,Quedius cruentus,,1,,
7/10/24,NH,D,EA,D2-EA,Insecta,Coleoptera,Staphylinidae,Tachyporinae,Sepedophilus,,Sepedophilus sp.,,1,,
7/10/24,NH,D,EA,D2-EA,Insecta,Coleoptera,Tenebrionidae,Alleculinae,Androchirus,Androchirus erythropus,Androchirus erythropus,,1,,
7/10/24,NH,D,EA,D2-EA,Insecta,Coleoptera,Tenebrionidae,Alleculinae,Mycetochara,Mycetochara fraterna,Mycetochara fraterna,,1,,
7/10/24,NH,D,EA,D2-EA,Insecta,Coleoptera,Tenebrionidae,Diaperinae,Corticeus,Corticeus thoracicus,Corticeus thoracicus,,1,,
7/10/24,NH,D,EA,D2-EA,Insecta,Coleoptera,Trogossitidae,Trogossitinae,Tenebroides,Tenebroides corticalis,Tenebroides corticalis,,1,,
7/10/24,NH,D,EA,D2-EA,Insecta,Hymenoptera,,,,,Parasitic Wasp,5,7,,
7/10/24,NH,D,I,D3-I,Arachnida,Araneae,,,,,Spider,2,2,,
7/10/24,NH,D,I,D3-I,Insecta,Coleoptera,Anthribidae,Choraginae,Euxenus,Euxenus punctatus,Euxenus punctatus,,4,,
7/10/24,NH,D,I,D3-I,Insecta,Coleoptera,Cleridae,Clerinae,Enoclerus,Enoclerus nigripes,Enoclerus nigripes,,1,,
7/10/24,NH,D,I,D3-I,Insecta,Coleoptera,Corylophidae,Corylophinae,Orthoperus,Orthoperus scutellaris,Orthoperus scutellaris,,1,,
7/10/24,NH,D,I,D3-I,Insecta,Coleoptera,Curculionidae,Cossoninae,Stenoscelis,Stenoscelis brevis,Stenoscelis brevis,,5,,
7/10/24,NH,D,I,D3-I,Insecta,Coleoptera,Curculionidae,Entiminae,Cyrtepistomus,Cyrtepistomus castaneus,Cyrtepistomus castaneus,,1,,
7/10/24,NH,D,I,D3-I,Insecta,Coleoptera,Curculionidae,Scolytinae,Orthotomicus,Orthotomicus caelatus,Orthotomicus caelatus,,2,,
7/10/24,NH,D,I,D3-I,Insecta,Coleoptera,Curculionidae,Scolytinae,Pityogenes,Pityogenes hopkinsi,Pityogenes hopkinsi,,1,,
7/10/24,NH,D,I,D3-I,Insecta,Coleoptera,Curculionidae,Scolytinae,Xylosandrus,Xylosandrus germanus,Xylosandrus germanus,,1,,
7/10/24,NH,D,I,D3-I,Insecta,Coleoptera,Dryophthoridae,Dryophthorinae,Dryophthorus,Dryophthorus americanus,Dryophthorus americanus,,4,,
7/10/24,NH,D,I,D3-I,Insecta,Coleoptera,Elateridae,Agrypninae,Lacon,Lacon discoideus,Lacon discoideus,,1,,
7/10/24,NH,D,I,D3-I,Insecta,Coleoptera,Elateridae,Dendrometrinae,Athous,Athous brightwelli,Athous brightwelli,,1,,
7/10/24,NH,D,I,D3-I,Insecta,Coleoptera,Elateridae,Dendrometrinae,Athous,Athous neacanthus,Athous neacanthus,,2,,
7/10/24,NH,D,I,D3-I,Insecta,Coleoptera,Elateridae,Elaterinae,Ampedus,Ampedus melanotoides,Ampedus melanotoides,,1,,
7/10/24,NH,D,I,D3-I,Insecta,Coleoptera,Elateridae,Elaterinae,Melanotus,Melanotus hyslopi,Melanotus hyslopi,,4,,
7/10/24,NH,D,I,D3-I,Insecta,Coleoptera,Eucnemidae,Dromaeolinae,Nematodes,Nematodes penetrans,Nematodes penetrans,,1,,
7/10/24,NH,D,I,D3-I,Insecta,Coleoptera,Eucnemidae,Melasinae,Hylis,Hylis terminalis,Hylis terminalis,,2,,
7/10/24,NH,D,I,D3-I,Insecta,Coleoptera,Eucnemidae,Melasinae,Isorhipis,Isorhipis obliqua,Isorhipis obliqua,,6,,
7/10/24,NH,D,I,D3-I,Insecta,Coleoptera,Eucnemidae,Melasinae,Microrhagus,,Microrhagus sp.,2,3,,
7/10/24,NH,D,I,D3-I,Insecta,Coleoptera,Hydrophilidae,Enochrinae,Cymbiodyta,,Cymbiodyta sp.,,1,,
7/10/24,NH,D,I,D3-I,Insecta,Coleoptera,Latridiidae,Corticariinae,Melanophthalma,,Melanophthalma sp.,,46,,
7/10/24,NH,D,I,D3-I,Insecta,Coleoptera,Nitidulidae,Nitidulinae,Lobiopa,Lobiopa undulata,Lobiopa undulata,,1,,
7/10/24,NH,D,I,D3-I,Insecta,Coleoptera,Phalacridae,,,,Phalacridae gen. sp.,,2,,
7/10/24,NH,D,I,D3-I,Insecta,Coleoptera,Pyrochroidae,Pyrochroinae,Dendroides,Dendroides canadensis,Dendroides canadensis,,1,,
7/10/24,NH,D,I,D3-I,Insecta,Coleoptera,Scirtidae,Scirtinae,Contacyphon,,Contacyphon sp.,,1,,
7/10/24,NH,D,I,D3-I,Insecta,Coleoptera,Staphylinidae,Pselaphinae,,,Pselaphinae gen. sp.,,1,,
7/10/24,NH,D,I,D3-I,Insecta,Coleoptera,Staphylinidae,Scydmaeninae,,,Scydmaeninae gen. sp.,,3,,
7/10/24,NH,D,I,D3-I,Insecta,Coleoptera,Staphylinidae,Tachyporinae,Sepedophilus,,Sepedophilus sp.,2,6,,
7/10/24,NH,D,I,D3-I,Insecta,Coleoptera,Synchroidae,NoSubfamily_Synchroinae,Synchroa,Synchroa punctata,Synchroa punctata,,1,,
7/10/24,NH,D,I,D3-I,Insecta,Coleoptera,Tetratomidae,Penthinae,Penthe,Penthe pimelia,Penthe pimelia,,1,,
7/10/24,NH,D,I,D3-I,Insecta,Coleoptera,Throscidae,NoSubfamily_Throscidae,Aulonothroscus,,Aulonothroscus sp.,,2,,
7/10/24,NH,D,I,D3-I,Insecta,Coleoptera,Throscidae,NoSubfamily_Throscidae,Trixagus,Trixagus chevrolati,Trixagus chevrolati,,1,,
7/10/24,NH,D,I,D3-I,Insecta,Coleoptera,Trogossitidae,Trogossitinae,Tenebroides,Tenebroides corticalis,Tenebroides corticalis,,1,,
7/10/24,NH,D,I,D3-I,Insecta,Hemiptera,Miridae,,,,Miridae gen. sp.,,1,,
7/10/24,NH,D,I,D3-I,Insecta,Hymenoptera,,,,,Parasitic Wasp,5,5,,
7/10/24,NH,D,I,D3-I,Insecta,Lepidoptera,,,,,Moth,2,3,,
7/10/24,NH,M,E,M1-E,Arachnida,Araneae,,,,,Spider,2,2,,
7/10/24,NH,M,E,M1-E,Insecta,Coleoptera,Anamorphidae,NoSubfamily_Anamorphidae,Symbiotes,,Symbiotes sp.,,1,,
7/10/24,NH,M,E,M1-E,Insecta,Coleoptera,Chrysomelidae,Eumolpinae,Xanthonia,Xanthonia decemnotata,Xanthonia decemnotata,,1,,
7/10/24,NH,M,E,M1-E,Insecta,Coleoptera,Cleridae,Epiphloeinae,Madoniella,Madoniella dislocata,Madoniella dislocata,,4,,
7/10/24,NH,M,E,M1-E,Insecta,Coleoptera,Cleridae,Peloniinae,Chariessa,Chariessa pilosa,Chariessa pilosa,,2,,
7/10/24,NH,M,E,M1-E,Insecta,Coleoptera,Corylophidae,Corylophinae,Clypastraea,Clypastraea lunata,Clypastraea lunata,,1,,
7/10/24,NH,M,E,M1-E,Insecta,Coleoptera,Corylophidae,Corylophinae,Sericoderus,Sericoderus lateralis,Sericoderus lateralis,,4,,
7/10/24,NH,M,E,M1-E,Insecta,Coleoptera,Cupedidae,Cupedinae,Cupes,Cupes capitatus,Cupes capitatus,,1,,
7/10/24,NH,M,E,M1-E,Insecta,Coleoptera,Curculionidae,Cossoninae,Stenoscelis,Stenoscelis brevis,Stenoscelis brevis,,5,,
7/10/24,NH,M,E,M1-E,Insecta,Coleoptera,Curculionidae,Scolytinae,Anisandrus,Anisandrus sayi,Anisandrus sayi,,3,,
7/10/24,NH,M,E,M1-E,Insecta,Coleoptera,Curculionidae,Scolytinae,Cyclorhipidion,Cyclorhipidion bodoanum,Cyclorhipidion bodoanum,,1,,
7/10/24,NH,M,E,M1-E,Insecta,Coleoptera,Curculionidae,Scolytinae,Xylosandrus,Xylosandrus germanus,Xylosandrus germanus,,1,,
7/10/24,NH,M,E,M1-E,Insecta,Coleoptera,Elateridae,Dendrometrinae,Limonius,Limonius basilaris,Limonius basilaris,,2,,
7/10/24,NH,M,E,M1-E,Insecta,Coleoptera,Elateridae,Elaterinae,Ampedus,Ampedus fuscatus,Ampedus fuscatus,,1,y,https://bugguide.net/node/view/2437537
7/10/24,NH,M,E,M1-E,Insecta,Coleoptera,Elateridae,Elaterinae,Ampedus,Ampedus melanotoides,Ampedus melanotoides,,1,,
7/10/24,NH,M,E,M1-E,Insecta,Coleoptera,Elateridae,Elaterinae,Melanotus,Melanotus hyslopi,Melanotus hyslopi,,1,,
7/10/24,NH,M,E,M1-E,Insecta,Coleoptera,Elateridae,Elaterinae,Melanotus,Melanotus similis,Melanotus similis,,5,,
7/10/24,NH,M,E,M1-E,Insecta,Coleoptera,Eucnemidae,Dromaeolinae,Onichodon,,Onichodon sp.,,2,,
7/10/24,NH,M,E,M1-E,Insecta,Coleoptera,Eucnemidae,Melasinae,Hylis,Hylis terminalis,Hylis terminalis,,1,,
7/10/24,NH,M,E,M1-E,Insecta,Coleoptera,Eucnemidae,Melasinae,Isorhipis,Isorhipis obliqua,Isorhipis obliqua,,4,,
7/10/24,NH,M,E,M1-E,Insecta,Coleoptera,Eucnemidae,Melasinae,Microrhagus,,Microrhagus sp.,2,2,,
7/10/24,NH,M,E,M1-E,Insecta,Coleoptera,Histeridae,Histerinae,Platysoma,Platysoma leconti,Platysoma leconti,,1,,
7/10/24,NH,M,E,M1-E,Insecta,Coleoptera,Latridiidae,Corticariinae,Melanophthalma,,Melanophthalma sp.,,12,,
7/10/24,NH,M,E,M1-E,Insecta,Coleoptera,Lycidae,Erotinae,Eropterus,Eropterus trilineatus,Eropterus trilineatus,,1,,
7/10/24,NH,M,E,M1-E,Insecta,Coleoptera,Mordellidae,Mordellinae,Conalia,Conalia helva,Conalia helva,,1,,
7/10/24,NH,M,E,M1-E,Insecta,Coleoptera,Mordellidae,Mordellinae,Mordellaria,Mordellaria serval,Mordellaria serval,,1,,
7/10/24,NH,M,E,M1-E,Insecta,Coleoptera,Mordellidae,Mordellinae,Mordellistena,Mordellistena trifasciata,Mordellistena trifasciata,,4,,
7/10/24,NH,M,E,M1-E,Insecta,Coleoptera,Ptinidae,Dorcatominae,Sculptotheca,Sculptotheca puberula,Sculptotheca puberula,,1,,
7/10/24,NH,M,E,M1-E,Insecta,Coleoptera,Scarabaeidae,Rutelinae,Anomala,Anomala orientalis,Anomala orientalis,,1,,
7/10/24,NH,M,E,M1-E,Insecta,Coleoptera,Scraptiidae,Scraptiinae,Canifa,Canifa pallipes,Canifa pallipes,,2,,
7/10/24,NH,M,E,M1-E,Insecta,Coleoptera,Sphindidae,Sphindinae,Sphindus,Sphindus americanus,Sphindus americanus,,1,,
7/10/24,NH,M,E,M1-E,Insecta,Coleoptera,Staphylinidae,Aleocharinae,,,Aleocharinae gen. sp.,,1,,
7/10/24,NH,M,E,M1-E,Insecta,Coleoptera,Staphylinidae,Osoriinae,Thoracophorus,Thoracophorus costalis,Thoracophorus costalis,,1,,
7/10/24,NH,M,E,M1-E,Insecta,Coleoptera,Staphylinidae,Staphylininae,Hesperus,Hesperus apicialis,Hesperus apicialis,,4,,
7/10/24,NH,M,E,M1-E,Insecta,Coleoptera,Staphylinidae,Staphylininae,,,Staphylinine gen. sp.,,1,,
7/10/24,NH,M,E,M1-E,Insecta,Coleoptera,Staphylinidae,Tachyporinae,Sepedophilus,,Sepedophilus sp.,,1,,
7/10/24,NH,M,E,M1-E,Insecta,Coleoptera,Tenebrionidae,Alleculinae,Androchirus,Androchirus erythropus,Androchirus erythropus,,1,,
7/10/24,NH,M,E,M1-E,Insecta,Coleoptera,Tenebrionidae,Alleculinae,Capnochroa,Capnochroa fuliginosa,Capnochroa fuliginosa,,1,,
7/10/24,NH,M,E,M1-E,Insecta,Coleoptera,Tenebrionidae,Alleculinae,Hymenorus,,Hymenorus sp.,,4,,
7/10/24,NH,M,E,M1-E,Insecta,Coleoptera,Tenebrionidae,Alleculinae,Isomira,,Isomira sp.,,8,,
7/10/24,NH,M,E,M1-E,Insecta,Coleoptera,Tenebrionidae,Stenochiinae,Haplandrus,Haplandrus fulvipes,Haplandrus fulvipes,,2,,
7/10/24,NH,M,E,M1-E,Insecta,Coleoptera,Thanerocleridae,Zenodosinae,Zenodosus,Zenodosus sanguineus,Zenodosus sanguineus,,1,,
7/10/24,NH,M,E,M1-E,Insecta,Coleoptera,Trogossitidae,Trogossitinae,Tenebroides,Tenebroides corticalis,Tenebroides corticalis,,1,,
7/10/24,NH,M,E,M1-E,Insecta,Hemiptera,Microphysidae,Microphysinae,Mallochiola,Mallochiola gagates,Mallochiola gagates,,1,,
7/10/24,NH,M,E,M1-E,Insecta,Hemiptera,Pentatomidae,Pentatominae,Menecles,Menecles insertus,Menecles insertus,,1,,
7/10/24,NH,M,E,M1-E,Insecta,Hymenoptera,Formicidae,,,,Ant,,1,,
7/10/24,NH,M,E,M1-E,Insecta,Hymenoptera,Pompilidae,,,,Spider Wasp,,2,,
7/10/24,NH,M,E,M1-E,Insecta,Hymenoptera,,,,,Parasitic Wasp,8,9,,
7/10/24,NH,M,E,M1-E,Insecta,Lepidoptera,,,,,Caterpillar,,1,,
7/10/24,NH,M,E,M1-E,Insecta,Lepidoptera,,,,,Moth,2,2,,
7/10/24,NH,M,EA,M2-EA,Arachnida,Araneae,,,,,Spider,3,3,,
7/10/24,NH,M,EA,M2-EA,Arachnida,Pseudoscorpionida,,,,,Pseudoscorpion,,1,,
7/10/24,NH,M,EA,M2-EA,Insecta,Coleoptera,Aderidae,NoSubfamily_Aderidae,Syzeton,Syzeton fasciatus,Syzeton fasciatus,,1,,
7/10/24,NH,M,EA,M2-EA,Insecta,Coleoptera,Carabidae,Harpalinae,Cymindis,Cymindis limbata,Cymindis limbata,,3,,
7/10/24,NH,M,EA,M2-EA,Insecta,Coleoptera,Cerambycidae,Cerambycinae,Neoclytus,Neoclytus acuminatus,Neoclytus acuminatus,,3,,
7/10/24,NH,M,EA,M2-EA,Insecta,Coleoptera,Cerambycidae,Cerambycinae,Xylotrechus,Xylotrechus sagittatus,Xylotrechus sagittatus,,3,,
7/10/24,NH,M,EA,M2-EA,Insecta,Coleoptera,Cerambycidae,Lepturinae,Judolia,Judolia cordifera,Judolia cordifera,,1,,
7/10/24,NH,M,EA,M2-EA,Insecta,Coleoptera,Corylophidae,Corylophinae,Sericoderus,Sericoderus lateralis,Sericoderus lateralis,,2,,
7/10/24,NH,M,EA,M2-EA,Insecta,Coleoptera,Curculionidae,Cossoninae,Himatium,Himatium errans,Himatium errans,,2,,
7/10/24,NH,M,EA,M2-EA,Insecta,Coleoptera,Curculionidae,Cossoninae,Stenoscelis,Stenoscelis brevis,Stenoscelis brevis,,3,,
7/10/24,NH,M,EA,M2-EA,Insecta,Coleoptera,Curculionidae,Scolytinae,Anisandrus,Anisandrus sayi,Anisandrus sayi,,1,,
7/10/24,NH,M,EA,M2-EA,Insecta,Coleoptera,Curculionidae,Scolytinae,Corthylus,Corthylus columbianus,Corthylus columbianus,,1,,
7/10/24,NH,M,EA,M2-EA,Insecta,Coleoptera,Curculionidae,Scolytinae,Ips,Ips grandicollis,Ips grandicollis,,2,,
7/10/24,NH,M,EA,M2-EA,Insecta,Coleoptera,Curculionidae,Scolytinae,Monarthrum,Monarthrum mali,Monarthrum mali,,1,,
7/10/24,NH,M,EA,M2-EA,Insecta,Coleoptera,Curculionidae,Scolytinae,Pityophthorus,Pityophthorus consimilis,Pityophthorus consimilis,,1,,
7/10/24,NH,M,EA,M2-EA,Insecta,Coleoptera,Curculionidae,Scolytinae,Pseudopityophthorus,Pseudopityophthorus minutissimus,Pseudopityophthorus minutissimus,,1,,
7/10/24,NH,M,EA,M2-EA,Insecta,Coleoptera,Dermestidae,Megatominae,Trogoderma,,Trogoderma sp.,,1,,
7/10/24,NH,M,EA,M2-EA,Insecta,Coleoptera,Dryophthoridae,Dryophthorinae,Dryophthorus,Dryophthorus americanus,Dryophthorus americanus,,1,,
7/10/24,NH,M,EA,M2-EA,Insecta,Coleoptera,Elateridae,Elaterinae,Ampedus,Ampedus melanotoides,Ampedus melanotoides,,2,,
7/10/24,NH,M,EA,M2-EA,Insecta,Coleoptera,Elateridae,Elaterinae,Melanotus,Melanotus hyslopi,Melanotus hyslopi,,1,,
7/10/24,NH,M,EA,M2-EA,Insecta,Coleoptera,Elateridae,Elaterinae,Melanotus,Melanotus similis,Melanotus similis,,1,,
7/10/24,NH,M,EA,M2-EA,Insecta,Coleoptera,Eucnemidae,Melasinae,Hylis,Hylis terminalis,Hylis terminalis,,1,,
7/10/24,NH,M,EA,M2-EA,Insecta,Coleoptera,Histeridae,Dendrophilinae,Paromalus,Paromalus teres,Paromalus teres,,5,,
7/10/24,NH,M,EA,M2-EA,Insecta,Coleoptera,Latridiidae,Corticariinae,Melanophthalma,,Melanophthalma sp.,,13,,
7/10/24,NH,M,EA,M2-EA,Insecta,Coleoptera,Latridiidae,Latridiinae,Enicmus,Enicmus tenuicornis,Enicmus tenuicornis,,1,,
7/10/24,NH,M,EA,M2-EA,Insecta,Coleoptera,Melandryidae,Melandryinae,Rushia,Rushia longula,Rushia longula,,5,,
7/10/24,NH,M,EA,M2-EA,Insecta,Coleoptera,Mordellidae,Mordellinae,Conalia,Conalia helva,Conalia helva,,1,,
7/10/24,NH,M,EA,M2-EA,Insecta,Coleoptera,Mordellidae,Mordellinae,Mordellaria,Mordellaria serval,Mordellaria serval,,2,,
7/10/24,NH,M,EA,M2-EA,Insecta,Coleoptera,Mordellidae,Mordellinae,Mordellistena,,Mordellistena sp.,,1,,
7/10/24,NH,M,EA,M2-EA,Insecta,Coleoptera,Mordellidae,Mordellinae,Tomoxia,Tomoxia lineella,Tomoxia lineella,,2,,
7/10/24,NH,M,EA,M2-EA,Insecta,Coleoptera,Scraptiidae,Scraptiinae,Canifa,Canifa pallipes,Canifa pallipes,,2,,
7/10/24,NH,M,EA,M2-EA,Insecta,Coleoptera,Staphylinidae,Aleocharinae,,,Aleocharinae gen. sp.,,1,,
7/10/24,NH,M,EA,M2-EA,Insecta,Coleoptera,Staphylinidae,Staphylininae,Hesperus,Hesperus apicialis,Hesperus apicialis,,3,,
7/10/24,NH,M,EA,M2-EA,Insecta,Coleoptera,Staphylinidae,Tachyporinae,Sepedophilus,,Sepedophilus sp.,,1,,
7/10/24,NH,M,EA,M2-EA,Insecta,Coleoptera,Synchroidae,NoSubfamily_Synchroinae,Synchroa,Synchroa punctata,Synchroa punctata,,1,,
7/10/24,NH,M,EA,M2-EA,Insecta,Coleoptera,Tenebrionidae,Alleculinae,Isomira,,Isomira sp.,,3,,
7/10/24,NH,M,EA,M2-EA,Insecta,Coleoptera,Tenebrionidae,Alleculinae,Mycetochara,Mycetochara fraterna,Mycetochara fraterna,,2,,
7/10/24,NH,M,EA,M2-EA,Insecta,Coleoptera,Tenebrionidae,Stenochiinae,Haplandrus,Haplandrus fulvipes,Haplandrus fulvipes,,1,,
7/10/24,NH,M,EA,M2-EA,Insecta,Coleoptera,Trogossitidae,Trogossitinae,Tenebroides,Tenebroides corticalis,Tenebroides corticalis,,1,,
7/10/24,NH,M,EA,M2-EA,Insecta,Coleoptera,Zopheridae,Colydiinae,Namunaria,Namunaria guttulata,Namunaria guttulata,,1,,
7/10/24,NH,M,EA,M2-EA,Insecta,Hemiptera,Microphysidae,Microphysinae,Mallochiola,Mallochiola gagates,Mallochiola gagates,,1,y,new state record/northernmost record
7/10/24,NH,M,EA,M2-EA,Insecta,Hymenoptera,Formicidae,Formicinae,Camponotus,Camponotus pennsylvanicus,Camponotus pennsylvanicus,,1,,
7/10/24,NH,M,EA,M2-EA,Insecta,Hymenoptera,,,,,Parasitic Wasp,5,5,,
7/10/24,NH,M,I,M3-I,Arachnida,Araneae,,,,,Spider,2,2,,
7/10/24,NH,M,I,M3-I,Insecta,Blattodea,,,,,Cockroach,,1,,
7/10/24,NH,M,I,M3-I,Insecta,Coleoptera,Aderidae,NoSubfamily_Aderidae,Syzeton,Syzeton fasciatus,Syzeton fasciatus,,3,,
7/10/24,NH,M,I,M3-I,Insecta,Coleoptera,Cerambycidae,Cerambycinae,Neoclytus,Neoclytus acuminatus,Neoclytus acuminatus,,3,,
7/10/24,NH,M,I,M3-I,Insecta,Coleoptera,Cerylonidae,Ceryloninae,Cerylon,Cerylon unicolor,Cerylon unicolor,,1,,
7/10/24,NH,M,I,M3-I,Insecta,Coleoptera,Cleridae,Peloniinae,Chariessa,Chariessa pilosa,Chariessa pilosa,,1,,
7/10/24,NH,M,I,M3-I,Insecta,Coleoptera,Curculionidae,Cossoninae,Stenoscelis,Stenoscelis brevis,Stenoscelis brevis,,1,,
7/10/24,NH,M,I,M3-I,Insecta,Coleoptera,Curculionidae,Scolytinae,Corthylus,Corthylus columbianus,Corthylus columbianus,,1,,
7/10/24,NH,M,I,M3-I,Insecta,Coleoptera,Curculionidae,Scolytinae,Ips,Ips pini,Ips pini,,1,,
7/10/24,NH,M,I,M3-I,Insecta,Coleoptera,Dryophthoridae,Dryophthorinae,Dryophthorus,Dryophthorus americanus,Dryophthorus americanus,,1,,
7/10/24,NH,M,I,M3-I,Insecta,Coleoptera,Elateridae,Elaterinae,Melanotus,Melanotus hyslopi,Melanotus hyslopi,,3,,
7/10/24,NH,M,I,M3-I,Insecta,Coleoptera,Eucnemidae,Dromaeolinae,Onichodon,,Onichodon sp.,,1,,
7/10/24,NH,M,I,M3-I,Insecta,Coleoptera,Eucnemidae,Melasinae,Isorhipis,Isorhipis obliqua,Isorhipis obliqua,,3,,
7/10/24,NH,M,I,M3-I,Insecta,Coleoptera,Lampyridae,Lampyrinae,Lucidota,Lucidota atra,Lucidota atra,,1,,
7/10/24,NH,M,I,M3-I,Insecta,Coleoptera,Latridiidae,Corticariinae,Melanophthalma,,Melanophthalma sp.,,10,,
7/10/24,NH,M,I,M3-I,Insecta,Coleoptera,Melandryidae,Melandryinae,Symphora,Symphora rugosa,Symphora rugosa,,1,,
7/10/24,NH,M,I,M3-I,Insecta,Coleoptera,Ptinidae,Anobiinae,Oligomerus,,Oligomerus sp.,,1,,
7/10/24,NH,M,I,M3-I,Insecta,Coleoptera,Ptinidae,Anobiinae,Priobium,Priobium sericeum,Priobium sericeum,,2,,
7/10/24,NH,M,I,M3-I,Insecta,Coleoptera,Ptinidae,Dorcatominae,Sculptotheca,Sculptotheca puberula,Sculptotheca puberula,,1,,
7/10/24,NH,M,I,M3-I,Insecta,Coleoptera,Scarabaeidae,Melolonthinae,Dichelonyx,Dichelonyx canadensis,Dichelonyx canadensis,,1,,
7/10/24,NH,M,I,M3-I,Insecta,Coleoptera,Scarabaeidae,Melolonthinae,Serica,Serica sericea,Serica sericea,,1,,
7/10/24,NH,M,I,M3-I,Insecta,Coleoptera,Scarabaeidae,Rutelinae,Anomala,Anomala orientalis,Anomala orientalis,,1,,
7/10/24,NH,M,I,M3-I,Insecta,Coleoptera,Scraptiidae,Scraptiinae,Canifa,Canifa pallipes,Canifa pallipes,,2,,
7/10/24,NH,M,I,M3-I,Insecta,Coleoptera,Staphylinidae,Pselaphinae,,,Pselaphinae gen. sp.,,1,,
7/10/24,NH,M,I,M3-I,Insecta,Coleoptera,Staphylinidae,Scydmaeninae,,,Scydmaeninae gen. sp.,,1,,
7/10/24,NH,M,I,M3-I,Insecta,Coleoptera,Tenebrionidae,Alleculinae,Capnochroa,Capnochroa fuliginosa,Capnochroa fuliginosa,,3,,
7/10/24,NH,M,I,M3-I,Insecta,Coleoptera,Tenebrionidae,Alleculinae,Isomira,,Isomira sp.,,5,,
7/10/24,NH,M,I,M3-I,Insecta,Coleoptera,Tenebrionidae,Stenochiinae,Haplandrus,Haplandrus fulvipes,Haplandrus fulvipes,,2,,
7/10/24,NH,M,I,M3-I,Insecta,Coleoptera,Tenebrionidae,Tenebrioninae,Centronopus,Centronopus calcaratus,Centronopus calcaratus,,1,,
7/10/24,NH,M,I,M3-I,Insecta,Coleoptera,Thanerocleridae,Zenodosinae,Zenodosus,Zenodosus sanguineus,Zenodosus sanguineus,,1,,
7/10/24,NH,M,I,M3-I,Insecta,Coleoptera,Trogossitidae,Trogossitinae,Tenebroides,Tenebroides corticalis,Tenebroides corticalis,,3,,
7/10/24,NH,M,I,M3-I,Insecta,Coleoptera,Zopheridae,Colydiinae,Namunaria,Namunaria guttulata,Namunaria guttulata,,1,,
7/10/24,NH,M,I,M3-I,Insecta,Coleoptera,Zopheridae,Colydiinae,Synchita,Synchita fuliginosa,Synchita fuliginosa,,1,,
7/10/24,NH,M,I,M3-I,Insecta,Hemiptera,Microphysidae,Microphysinae,Mallochiola,Mallochiola gagates,Mallochiola gagates,,1,y,new state record/northernmost record https://bugguide.net/node/view/2437184
7/10/24,NH,M,I,M3-I,Insecta,Hemiptera,Pentatomidae,Pentatominae,Menecles,Menecles insertus,Menecles insertus,,1,,
7/10/24,NH,M,I,M3-I,Insecta,Hymenoptera,Formicidae,Formicinae,Camponotus,Camponotus pennsylvanicus,Camponotus pennsylvanicus,,5,,
7/10/24,NH,M,I,M3-I,Insecta,Hymenoptera,,,,,Parasitic Wasp,3,3,,
7/10/24,NH,M,I,M3-I,Insecta,Lepidoptera,,,,,Moth,,1,,
7/10/24,NH,P,E,P1-E,Arachnida,Araneae,,,,,Spider,2,2,,
7/10/24,NH,P,E,P1-E,Insecta,Blattodea,,,,,Cockroach,,1,,
7/10/24,NH,P,E,P1-E,Insecta,Coleoptera,Cerambycidae,Cerambycinae,Anelaphus,Anelaphus villosus,Anelaphus villosus,,1,,
7/10/24,NH,P,E,P1-E,Insecta,Coleoptera,Cerambycidae,Cerambycinae,Neoclytus,Neoclytus acuminatus,Neoclytus acuminatus,,3,,
7/10/24,NH,P,E,P1-E,Insecta,Coleoptera,Chrysomelidae,Eumolpinae,,,Eumolpinae gen. sp.,,4,,
7/10/24,NH,P,E,P1-E,Insecta,Coleoptera,Curculionidae,Cossoninae,Stenoscelis,Stenoscelis brevis,Stenoscelis brevis,,3,,
7/10/24,NH,P,E,P1-E,Insecta,Coleoptera,Curculionidae,Entiminae,Cyrtepistomus,Cyrtepistomus castaneus,Cyrtepistomus castaneus,,1,,
7/10/24,NH,P,E,P1-E,Insecta,Coleoptera,Curculionidae,Scolytinae,Anisandrus,Anisandrus sayi,Anisandrus sayi,,14,,
7/10/24,NH,P,E,P1-E,Insecta,Coleoptera,Curculionidae,Scolytinae,Xyleborinus,Xyleborinus saxesenii,Xyleborinus saxesenii,,9,,
7/10/24,NH,P,E,P1-E,Insecta,Coleoptera,Curculionidae,Scolytinae,Xylosandrus,Xylosandrus crassiusculus,Xylosandrus crassiusculus,,9,,
7/10/24,NH,P,E,P1-E,Insecta,Coleoptera,Curculionidae,Scolytinae,Xylosandrus,Xylosandrus germanus,Xylosandrus germanus,,2,,
7/10/24,NH,P,E,P1-E,Insecta,Coleoptera,Dryophthoridae,Dryophthorinae,Dryophthorus,Dryophthorus americanus,Dryophthorus americanus,,2,,
7/10/24,NH,P,E,P1-E,Insecta,Coleoptera,Elateridae,Dendrometrinae,Hemicrepidius,Hemicrepidius decoloratus,Hemicrepidius decoloratus,,1,y,https://bugguide.net/node/view/2436397
7/10/24,NH,P,E,P1-E,Insecta,Coleoptera,Elateridae,Elaterinae,Ampedus,Ampedus areolatus,Ampedus areolatus,,1,,
7/10/24,NH,P,E,P1-E,Insecta,Coleoptera,Endomychidae,Endomychinae,Endomychus,Endomychus biguttatus,Endomychus biguttatus,,1,,
7/10/24,NH,P,E,P1-E,Insecta,Coleoptera,Eucnemidae,Melasinae,Isorhipis,Isorhipis obliqua,Isorhipis obliqua,,5,,
7/10/24,NH,P,E,P1-E,Insecta,Coleoptera,Eucnemidae,Melasinae,Microrhagus,,Microrhagus sp.,,2,,
7/10/24,NH,P,E,P1-E,Insecta,Coleoptera,Latridiidae,Corticariinae,Melanophthalma,,Melanophthalma sp.,,50,,
7/10/24,NH,P,E,P1-E,Insecta,Coleoptera,Melandryidae,Melandryinae,Enchodes,Enchodes sericea,Enchodes sericea,,1,,
7/10/24,NH,P,E,P1-E,Insecta,Coleoptera,Mordellidae,Mordellinae,Mordellaria,Mordellaria serval,Mordellaria serval,,2,,
7/10/24,NH,P,E,P1-E,Insecta,Coleoptera,Mordellidae,Mordellinae,Tomoxia,Tomoxia lineella,Tomoxia lineella,,2,,
7/10/24,NH,P,E,P1-E,Insecta,Coleoptera,Nitidulidae,Epuraeinae,Epuraea,,Epuraea sp.,,1,,
7/10/24,NH,P,E,P1-E,Insecta,Coleoptera,Ptinidae,Dorcatominae,Sculptotheca,Sculptotheca puberula,Sculptotheca puberula,,1,,
7/10/24,NH,P,E,P1-E,Insecta,Coleoptera,Scarabaeidae,Melolonthinae,Nipponoserica,Nipponoserica peregrina,Nipponoserica peregrina,,1,,
7/10/24,NH,P,E,P1-E,Insecta,Coleoptera,Scirtidae,Scirtinae,Contacyphon,,Contacyphon sp.,,1,,
7/10/24,NH,P,E,P1-E,Insecta,Coleoptera,Staphylinidae,Staphylininae,Hesperus,Hesperus apicialis,Hesperus apicialis,,1,,
7/10/24,NH,P,E,P1-E,Insecta,Coleoptera,Synchroidae,NoSubfamily_Synchroinae,Synchroa,Synchroa punctata,Synchroa punctata,,1,,
7/10/24,NH,P,E,P1-E,Insecta,Coleoptera,Tenebrionidae,Stenochiinae,Haplandrus,Haplandrus fulvipes,Haplandrus fulvipes,,2,,
7/10/24,NH,P,E,P1-E,Insecta,Coleoptera,Throscidae,NoSubfamily_Throscidae,Aulonothroscus,,Aulonothroscus sp.,,1,,
7/10/24,NH,P,E,P1-E,Insecta,Coleoptera,Thymalidae,NoSubfamily_Thymalidae,Thymalus,Thymalus marginicollis,Thymalus marginicollis,,1,,
7/10/24,NH,P,E,P1-E,Insecta,Coleoptera,Zopheridae,Colydiinae,Synchita,Synchita fuliginosa,Synchita fuliginosa,,1,,
7/10/24,NH,P,E,P1-E,Insecta,Hemiptera,Miridae,Mirinae,Phytocoris,,Phytocoris sp.,,1,,
7/10/24,NH,P,E,P1-E,Insecta,Hemiptera,Pentatomidae,Pentatominae,Chinavia,Chinavia hilaris,Chinavia hilaris,,1,,
7/10/24,NH,P,E,P1-E,Insecta,Hemiptera,Pentatomidae,Pentatominae,Menecles,Menecles insertus,Menecles insertus,,1,,
7/10/24,NH,P,E,P1-E,Insecta,Hemiptera,Psyllidae,,,,Green Psyllid nymph,,1,,
7/10/24,NH,P,E,P1-E,Insecta,Hymenoptera,,,,,Parasitic Wasp,4,6,,
7/10/24,NH,P,EA,P2-EA,Arachnida,Araneae,,,,,Spider,,2,,
7/10/24,NH,P,EA,P2-EA,Insecta,Coleoptera,Aderidae,NoSubfamily_Aderidae,Syzeton,Syzeton subfasciatus,Syzeton subfasciatus,,1,,
7/10/24,NH,P,EA,P2-EA,Insecta,Coleoptera,Cerambycidae,Spondylidinae,Tetropium,Tetropium schwarzianum,Tetropium schwarzianum,,3,,
7/10/24,NH,P,EA,P2-EA,Insecta,Coleoptera,Cleridae,Clerinae,Enoclerus,Enoclerus nigripes,Enoclerus nigripes,,1,,
7/10/24,NH,P,EA,P2-EA,Insecta,Coleoptera,Cleridae,Epiphloeinae,Madoniella,Madoniella dislocata,Madoniella dislocata,,17,,
7/10/24,NH,P,EA,P2-EA,Insecta,Coleoptera,Cleridae,Peloniinae,Chariessa,Chariessa pilosa,Chariessa pilosa,,1,,
7/10/24,NH,P,EA,P2-EA,Insecta,Coleoptera,Cryptophagidae,Cryptophaginae,Henoticus,Henoticus pilifer,Henoticus pilifer,,1,,
7/10/24,NH,P,EA,P2-EA,Insecta,Coleoptera,Curculionidae,Cossoninae,Himatium,Himatium errans,Himatium errans,,1,,
7/10/24,NH,P,EA,P2-EA,Insecta,Coleoptera,Curculionidae,Cossoninae,Stenoscelis,Stenoscelis brevis,Stenoscelis brevis,,8,,
7/10/24,NH,P,EA,P2-EA,Insecta,Coleoptera,Curculionidae,Molytinae,Conotrachelus,Conotrachelus anaglypticus,Conotrachelus anaglypticus,,1,,
7/10/24,NH,P,EA,P2-EA,Insecta,Coleoptera,Curculionidae,Molytinae,Hylobius,Hylobius pales,Hylobius pales,,1,,
7/10/24,NH,P,EA,P2-EA,Insecta,Coleoptera,Curculionidae,Molytinae,Pissodes,Pissodes strobi,Pissodes strobi,,1,,
7/10/24,NH,P,EA,P2-EA,Insecta,Coleoptera,Curculionidae,Scolytinae,Corthylus,Corthylus columbianus,Corthylus columbianus,,2,,
7/10/24,NH,P,EA,P2-EA,Insecta,Coleoptera,Curculionidae,Scolytinae,Dryocoetes,Dryocoetes autographus,Dryocoetes autographus,,13,,
7/10/24,NH,P,EA,P2-EA,Insecta,Coleoptera,Curculionidae,Scolytinae,Gnathotrichus,Gnathotrichus materiarius,Gnathotrichus materiarius,,1,,
7/10/24,NH,P,EA,P2-EA,Insecta,Coleoptera,Curculionidae,Scolytinae,Hylastes,Hylastes porculus,Hylastes porculus,,1,,
7/10/24,NH,P,EA,P2-EA,Insecta,Coleoptera,Curculionidae,Scolytinae,Ips,Ips grandicollis,Ips grandicollis,,4,,
7/10/24,NH,P,EA,P2-EA,Insecta,Coleoptera,Curculionidae,Scolytinae,Pityophthorus,Pityophthorus puberulus,Pityophthorus puberulus,,1,,
7/10/24,NH,P,EA,P2-EA,Insecta,Coleoptera,Curculionidae,Scolytinae,Xylosandrus,Xylosandrus crassiusculus,Xylosandrus crassiusculus,,4,,
7/10/24,NH,P,EA,P2-EA,Insecta,Coleoptera,Curculionidae,Scolytinae,Xylosandrus,Xylosandrus germanus,Xylosandrus germanus,,1,,
7/10/24,NH,P,EA,P2-EA,Insecta,Coleoptera,Dryophthoridae,Dryophthorinae,Dryophthorus,Dryophthorus americanus,Dryophthorus americanus,,5,,
7/10/24,NH,P,EA,P2-EA,Insecta,Coleoptera,Elateridae,Dendrometrinae,Athous,Athous brightwelli,Athous brightwelli,,1,,
7/10/24,NH,P,EA,P2-EA,Insecta,Coleoptera,Elateridae,Dendrometrinae,Gambrinus,Gambrinus confusus,Gambrinus confusus,,1,,
7/10/24,NH,P,EA,P2-EA,Insecta,Coleoptera,Elateridae,Elaterinae,Ampedus,Ampedus areolatus,Ampedus areolatus,,1,,
7/10/24,NH,P,EA,P2-EA,Insecta,Coleoptera,Elateridae,Elaterinae,Ampedus,Ampedus melanotoides,Ampedus melanotoides,,1,,
7/10/24,NH,P,EA,P2-EA,Insecta,Coleoptera,Elateridae,Elaterinae,Melanotus,Melanotus castanipes,Melanotus castanipes,,1,,
7/10/24,NH,P,EA,P2-EA,Insecta,Coleoptera,Elateridae,Elaterinae,Melanotus,Melanotus hyslopi,Melanotus hyslopi,,3,,
7/10/24,NH,P,EA,P2-EA,Insecta,Coleoptera,Histeridae,Dendrophilinae,Paromalus,Paromalus teres,Paromalus teres,,11,,
7/10/24,NH,P,EA,P2-EA,Insecta,Coleoptera,Hydraenidae,Hydraeninae,Hydraena,,Hydraena sp.,,1,,
7/10/24,NH,P,EA,P2-EA,Insecta,Coleoptera,Lampyridae,Lampyrinae,Lucidota,Lucidota atra,Lucidota atra,,2,,
7/10/24,NH,P,EA,P2-EA,Insecta,Coleoptera,Latridiidae,Corticariinae,Melanophthalma,,Melanophthalma sp.,,36,,
7/10/24,NH,P,EA,P2-EA,Insecta,Coleoptera,Melandryidae,Melandryinae,Rushia,Rushia longula,Rushia longula,,18,,
7/10/24,NH,P,EA,P2-EA,Insecta,Coleoptera,Mordellidae,Mordellinae,Mordellaria,Mordellaria serval,Mordellaria serval,,1,,
7/10/24,NH,P,EA,P2-EA,Insecta,Coleoptera,Mordellidae,Mordellinae,Tomoxia,Tomoxia lineella,Tomoxia lineella,,1,,
7/10/24,NH,P,EA,P2-EA,Insecta,Coleoptera,Nitidulidae,Cryptarchinae,Glischrochilus,Glischrochilus sanguinolentus,Glischrochilus sanguinolentus,,1,,
7/10/24,NH,P,EA,P2-EA,Insecta,Coleoptera,Nitidulidae,Nitidulinae,Lobiopa,Lobiopa undulata,Lobiopa undulata,,1,,
7/10/24,NH,P,EA,P2-EA,Insecta,Coleoptera,Ptinidae,Anobiinae,Priobium,Priobium sericeum,Priobium sericeum,,1,,
7/10/24,NH,P,EA,P2-EA,Insecta,Coleoptera,Ptinidae,Dorcatominae,Sculptotheca,Sculptotheca puberula,Sculptotheca puberula,,1,,
7/10/24,NH,P,EA,P2-EA,Insecta,Coleoptera,Staphylinidae,Aleocharinae,,,Aleocharinae gen. sp.,,1,,
7/10/24,NH,P,EA,P2-EA,Insecta,Coleoptera,Staphylinidae,Omaliinae,Phloeonomus,Phloeonomus laesicollis,Phloeonomus laesicollis,,12,,
7/10/24,NH,P,EA,P2-EA,Insecta,Coleoptera,Staphylinidae,Staphylininae,Hesperus,Hesperus apicialis,Hesperus apicialis,,3,,
7/10/24,NH,P,EA,P2-EA,Insecta,Coleoptera,Staphylinidae,Staphylininae,Quedius,Quedius cruentus,Quedius cruentus,,1,,
7/10/24,NH,P,EA,P2-EA,Insecta,Coleoptera,Tenebrionidae,Alleculinae,Capnochroa,Capnochroa fuliginosa,Capnochroa fuliginosa,,1,,
7/10/24,NH,P,EA,P2-EA,Insecta,Coleoptera,Tenebrionidae,Alleculinae,Isomira,,Isomira sp.,,2,,
7/10/24,NH,P,EA,P2-EA,Insecta,Coleoptera,Thanerocleridae,Zenodosinae,Zenodosus,Zenodosus sanguineus,Zenodosus sanguineus,,2,,
7/10/24,NH,P,EA,P2-EA,Insecta,Coleoptera,Trogossitidae,Trogossitinae,Tenebroides,Tenebroides corticalis,Tenebroides corticalis,,1,,
7/10/24,NH,P,EA,P2-EA,Insecta,Coleoptera,Zopheridae,Colydiinae,Namunaria,Namunaria guttulata,Namunaria guttulata,,2,,
7/10/24,NH,P,EA,P2-EA,Insecta,Hemiptera,Miridae,,,,Miridae gen. sp.,,1,,
7/10/24,NH,P,EA,P2-EA,Insecta,Hemiptera,Pentatomidae,Pentatominae,Menecles,Menecles insertus,Menecles insertus,,1,,
7/10/24,NH,P,EA,P2-EA,Insecta,Hemiptera,,,,,Fulgoroid planthopper,,1,,
7/10/24,NH,P,EA,P2-EA,Insecta,Hymenoptera,Apidae,Apinae,Bombus,,Bombus sp.,,1,,
7/10/24,NH,P,EA,P2-EA,Insecta,Hymenoptera,Siricidae,Siricinae,Urocerus,Urocerus albicornis,Urocerus albicornis,,2,,
7/10/24,NH,P,EA,P2-EA,Insecta,Hymenoptera,,,,,Parasitic Wasp,7,11,,
7/10/24,NH,P,EA,P2-EA,Insecta,Lepidoptera,,,,,Moth,,1,,
7/10/24,NH,P,I,P3-I,Arachnida,Araneae,,,,,Spider,2,2,,
7/10/24,NH,P,I,P3-I,Arachnida,Opiliones,,,,,Harvestman,,1,,
7/10/24,NH,P,I,P3-I,Insecta,Coleoptera,Cerambycidae,Cerambycinae,Neoclytus,Neoclytus acuminatus,Neoclytus acuminatus,,2,,
7/10/24,NH,P,I,P3-I,Insecta,Coleoptera,Cleridae,Clerinae,Enoclerus,Enoclerus nigripes,Enoclerus nigripes,,3,,
7/10/24,NH,P,I,P3-I,Insecta,Coleoptera,Curculionidae,Cossoninae,Stenoscelis,Stenoscelis brevis,Stenoscelis brevis,,17,,
7/10/24,NH,P,I,P3-I,Insecta,Coleoptera,Curculionidae,Scolytinae,Ips,Ips pini,Ips pini,,1,,
7/10/24,NH,P,I,P3-I,Insecta,Coleoptera,Curculionidae,Scolytinae,Lymantor,Lymantor decipiens,Lymantor decipiens,,2,,
7/10/24,NH,P,I,P3-I,Insecta,Coleoptera,Dryophthoridae,Dryophthorinae,Dryophthorus,Dryophthorus americanus,Dryophthorus americanus,,7,,
7/10/24,NH,P,I,P3-I,Insecta,Coleoptera,Elateridae,Cardiophorinae,Cardiophorus,Cardiophorus convexus,Cardiophorus convexus,,1,,
7/10/24,NH,P,I,P3-I,Insecta,Coleoptera,Elateridae,Elaterinae,Melanotus,Melanotus hyslopi,Melanotus hyslopi,,1,,
7/10/24,NH,P,I,P3-I,Insecta,Coleoptera,Eucnemidae,Dromaeolinae,Dromaeolus,Dromaeolus cylindricollis,Dromaeolus cylindricollis,,1,,
7/10/24,NH,P,I,P3-I,Insecta,Coleoptera,Eucnemidae,Melasinae,Entomophthalmus,Entomophthalmus rufiolus,Entomophthalmus rufiolus,,1,,
7/10/24,NH,P,I,P3-I,Insecta,Coleoptera,Eucnemidae,Melasinae,Isorhipis,Isorhipis obliqua,Isorhipis obliqua,,10,,
7/10/24,NH,P,I,P3-I,Insecta,Coleoptera,Lampyridae,Lampyrinae,Photinus,,Photinus sp.,,1,,
7/10/24,NH,P,I,P3-I,Insecta,Coleoptera,Latridiidae,Corticariinae,Melanophthalma,,Melanophthalma sp.,,85,,
7/10/24,NH,P,I,P3-I,Insecta,Coleoptera,Mordellidae,Mordellinae,Yakuhananomia,Yakuhananomia bidentata,Yakuhananomia bidentata,,2,,
7/10/24,NH,P,I,P3-I,Insecta,Coleoptera,Nitidulidae,Cryptarchinae,Glischrochilus,Glischrochilus sanguinolentus,Glischrochilus sanguinolentus,,1,,
7/10/24,NH,P,I,P3-I,Insecta,Coleoptera,Nitidulidae,Epuraeinae,Epuraea,,Epuraea sp.,,1,,
7/10/24,NH,P,I,P3-I,Insecta,Coleoptera,Ptiliidae,,,,Ptiliidae gen. sp.,,1,,
7/10/24,NH,P,I,P3-I,Insecta,Coleoptera,Ptinidae,Dorcatominae,Sculptotheca,Sculptotheca puberula,Sculptotheca puberula,,2,,
7/10/24,NH,P,I,P3-I,Insecta,Coleoptera,Scarabaeidae,Melolonthinae,Nipponoserica,Nipponoserica peregrina,Nipponoserica peregrina,,1,,
7/10/24,NH,P,I,P3-I,Insecta,Coleoptera,Scarabaeidae,Rutelinae,Anomala,Anomala orientalis,Anomala orientalis,,2,,
7/10/24,NH,P,I,P3-I,Insecta,Coleoptera,Staphylinidae,Aleocharinae,,,Aleocharinae gen. sp.,,1,,
7/10/24,NH,P,I,P3-I,Insecta,Coleoptera,Staphylinidae,Staphylininae,Hesperus,Hesperus apicialis,Hesperus apicialis,,1,,
7/10/24,NH,P,I,P3-I,Insecta,Coleoptera,Staphylinidae,Staphylininae,Quedius,Quedius cruentus,Quedius cruentus,,1,,
7/10/24,NH,P,I,P3-I,Insecta,Coleoptera,Tenebrionidae,Alleculinae,Androchirus,Androchirus erythropus,Androchirus erythropus,,1,,
7/10/24,NH,P,I,P3-I,Insecta,Coleoptera,Thanerocleridae,Zenodosinae,Zenodosus,Zenodosus sanguineus,Zenodosus sanguineus,,2,,
7/10/24,NH,P,I,P3-I,Insecta,Coleoptera,Throscidae,NoSubfamily_Throscidae,Aulonothroscus,,Aulonothroscus sp.,,1,,
7/10/24,NH,P,I,P3-I,Insecta,Hymenoptera,Apidae,Apinae,Bombus,,Bombus sp.,,1,,
7/10/24,NH,P,I,P3-I,Insecta,Hymenoptera,Pompilidae,,,,Spider Wasp,,1,,
7/10/24,NH,P,I,P3-I,Insecta,Hymenoptera,,,,,Parasitic Wasp,3,9,,
,,,,,,,,,,,,,,,
,,,,,,,,,,,,,,,
,,,,,,,,,,,,,,,
,,,,,,,,,,,,,,,
,,,,,,,,,,,,,,,
,,,,,,,,,,,,,,,
,,,,,,,,,,,,,,,
,,,,,,,,,,,,,,,
,,,,,,,,,,,,,,,
,,,,,,,,,,,,,,,
,,,,,,,,,,,,,,,
,,,,,,,,,,,,,,,
,,,,,,,,,,,,,,,